operator_name,input_shapes,input_dtypes,presence,left_mapping_statuses,right_mapping_statuses,left_kernel_type_count,right_kernel_type_count,left_event_count,right_event_count,left_time_us,right_time_us,left_percent,right_percent,percent_point_delta
SiluAndMul,"[[1,256],[1,256]]","[""c10::BFloat16"",""c10::BFloat16""]",both,"[""operator_shape_matched""]","[""operator_shape_matched""]",1,1,40,40,48.479,43.745,0.000377,0.000531,0.000153
SiluAndMul,"[[10,256],[10,256]]","[""c10::BFloat16"",""c10::BFloat16""]",both,"[""operator_shape_matched""]","[""operator_shape_matched""]",1,1,40,40,53.534,53.283,0.000417,0.000646,0.00023
SiluAndMul,"[[12,256],[12,256]]","[""c10::BFloat16"",""c10::BFloat16""]",both,"[""operator_shape_matched""]","[""operator_shape_matched""]",1,1,40,40,53.986,53.537,0.00042,0.00065,0.000229
SiluAndMul,"[[14,256],[14,256]]","[""c10::BFloat16"",""c10::BFloat16""]",both,"[""operator_shape_matched""]","[""operator_shape_matched""]",1,1,40,40,53.727,53.187,0.000418,0.000645,0.000227
SiluAndMul,"[[16,256],[16,256]]","[""c10::BFloat16"",""c10::BFloat16""]",both,"[""operator_shape_matched""]","[""operator_shape_matched""]",1,1,40,40,53.635,53.505,0.000417,0.000649,0.000232
SiluAndMul,"[[18,256],[18,256]]","[""c10::BFloat16"",""c10::BFloat16""]",both,"[""operator_shape_matched""]","[""operator_shape_matched""]",1,1,40,40,53.665,53.755,0.000418,0.000652,0.000235
SiluAndMul,"[[2,256],[2,256]]","[""c10::BFloat16"",""c10::BFloat16""]",both,"[""operator_shape_matched""]","[""operator_shape_matched""]",1,1,40,40,47.487,47.965,0.00037,0.000582,0.000212
SiluAndMul,"[[20,256],[20,256]]","[""c10::BFloat16"",""c10::BFloat16""]",both,"[""operator_shape_matched""]","[""operator_shape_matched""]",1,1,40,40,53.506,53.797,0.000416,0.000653,0.000236
SiluAndMul,"[[22,256],[22,256]]","[""c10::BFloat16"",""c10::BFloat16""]",both,"[""operator_shape_matched""]","[""operator_shape_matched""]",1,1,40,40,53.732,53.409,0.000418,0.000648,0.00023
SiluAndMul,"[[24,256],[24,256]]","[""c10::BFloat16"",""c10::BFloat16""]",both,"[""operator_shape_matched""]","[""operator_shape_matched""]",1,1,40,40,53.79,53.376,0.000419,0.000648,0.000229
SiluAndMul,"[[26,256],[26,256]]","[""c10::BFloat16"",""c10::BFloat16""]",both,"[""operator_shape_matched""]","[""operator_shape_matched""]",1,1,40,40,53.951,53.988,0.00042,0.000655,0.000235
SiluAndMul,"[[28,256],[28,256]]","[""c10::BFloat16"",""c10::BFloat16""]",both,"[""operator_shape_matched""]","[""operator_shape_matched""]",1,1,40,40,53.312,53.989,0.000415,0.000655,0.00024
SiluAndMul,"[[30,256],[30,256]]","[""c10::BFloat16"",""c10::BFloat16""]",both,"[""operator_shape_matched""]","[""operator_shape_matched""]",1,1,40,40,53.569,53.86,0.000417,0.000653,0.000237
SiluAndMul,"[[32,256],[32,256]]","[""c10::BFloat16"",""c10::BFloat16""]",both,"[""operator_shape_matched""]","[""operator_shape_matched""]",1,1,40,40,53.95,53.568,0.00042,0.00065,0.00023
SiluAndMul,"[[34,256],[34,256]]","[""c10::BFloat16"",""c10::BFloat16""]",both,"[""operator_shape_matched""]","[""operator_shape_matched""]",1,1,40,40,53.472,53.377,0.000416,0.000648,0.000231
SiluAndMul,"[[36,256],[36,256]]","[""c10::BFloat16"",""c10::BFloat16""]",both,"[""operator_shape_matched""]","[""operator_shape_matched""]",1,1,40,40,52.991,53.409,0.000412,0.000648,0.000236
SiluAndMul,"[[38,256],[38,256]]","[""c10::BFloat16"",""c10::BFloat16""]",both,"[""operator_shape_matched""]","[""operator_shape_matched""]",1,1,40,40,54.144,53.6,0.000421,0.00065,0.000229
SiluAndMul,"[[4,256],[4,256]]","[""c10::BFloat16"",""c10::BFloat16""]",both,"[""operator_shape_matched""]","[""operator_shape_matched""]",1,1,40,40,51.869,51.716,0.000404,0.000627,0.000224
SiluAndMul,"[[40,256],[40,256]]","[""c10::BFloat16"",""c10::BFloat16""]",both,"[""operator_shape_matched""]","[""operator_shape_matched""]",1,1,40,40,53.955,53.475,0.00042,0.000649,0.000229
SiluAndMul,"[[4096,256],[4096,256]]","[""c10::BFloat16"",""c10::BFloat16""]",both,"[""operator_shape_matched""]","[""operator_shape_matched""]",1,1,40,40,110.206,109.798,0.000858,0.001332,0.000474
SiluAndMul,"[[42,256],[42,256]]","[""c10::BFloat16"",""c10::BFloat16""]",both,"[""operator_shape_matched""]","[""operator_shape_matched""]",1,1,40,40,54.081,53.38,0.000421,0.000648,0.000227
SiluAndMul,"[[44,256],[44,256]]","[""c10::BFloat16"",""c10::BFloat16""]",both,"[""operator_shape_matched""]","[""operator_shape_matched""]",1,1,40,40,53.889,54.338,0.000419,0.000659,0.00024
SiluAndMul,"[[46,256],[46,256]]","[""c10::BFloat16"",""c10::BFloat16""]",both,"[""operator_shape_matched""]","[""operator_shape_matched""]",1,1,40,40,53.924,54.687,0.00042,0.000664,0.000244
SiluAndMul,"[[48,256],[48,256]]","[""c10::BFloat16"",""c10::BFloat16""]",both,"[""operator_shape_matched""]","[""operator_shape_matched""]",1,1,40,40,53.217,53.441,0.000414,0.000648,0.000234
SiluAndMul,"[[50,256],[50,256]]","[""c10::BFloat16"",""c10::BFloat16""]",both,"[""operator_shape_matched""]","[""operator_shape_matched""]",1,1,40,40,53.986,54.276,0.00042,0.000659,0.000238
SiluAndMul,"[[5089,256],[5089,256]]","[""c10::BFloat16"",""c10::BFloat16""]",both,"[""operator_shape_matched""]","[""operator_shape_matched""]",1,1,40,40,126.247,126.113,0.000983,0.00153,0.000548
SiluAndMul,"[[52,256],[52,256]]","[""c10::BFloat16"",""c10::BFloat16""]",both,"[""operator_shape_matched""]","[""operator_shape_matched""]",1,1,40,40,53.696,53.761,0.000418,0.000652,0.000234
SiluAndMul,"[[54,256],[54,256]]","[""c10::BFloat16"",""c10::BFloat16""]",both,"[""operator_shape_matched""]","[""operator_shape_matched""]",1,1,40,40,53.57,54.214,0.000417,0.000658,0.000241
SiluAndMul,"[[56,256],[56,256]]","[""c10::BFloat16"",""c10::BFloat16""]",both,"[""operator_shape_matched""]","[""operator_shape_matched""]",1,1,40,40,53.507,53.792,0.000416,0.000653,0.000236
SiluAndMul,"[[58,256],[58,256]]","[""c10::BFloat16"",""c10::BFloat16""]",both,"[""operator_shape_matched""]","[""operator_shape_matched""]",1,1,40,40,53.887,54.209,0.000419,0.000658,0.000238
SiluAndMul,"[[6,256],[6,256]]","[""c10::BFloat16"",""c10::BFloat16""]",both,"[""operator_shape_matched""]","[""operator_shape_matched""]",1,1,40,40,52.835,53.183,0.000411,0.000645,0.000234
SiluAndMul,"[[60,256],[60,256]]","[""c10::BFloat16"",""c10::BFloat16""]",both,"[""operator_shape_matched""]","[""operator_shape_matched""]",1,1,40,40,54.115,53.952,0.000421,0.000655,0.000233
SiluAndMul,"[[62,256],[62,256]]","[""c10::BFloat16"",""c10::BFloat16""]",both,"[""operator_shape_matched""]","[""operator_shape_matched""]",1,1,40,40,54.336,54.243,0.000423,0.000658,0.000235
SiluAndMul,"[[63,256],[63,256]]","[""c10::BFloat16"",""c10::BFloat16""]",both,"[""operator_shape_matched""]","[""operator_shape_matched""]",1,1,80,80,108.804,108.32,0.000847,0.001314,0.000467
SiluAndMul,"[[64,256],[64,256]]","[""c10::BFloat16"",""c10::BFloat16""]",both,"[""operator_shape_matched""]","[""operator_shape_matched""]",1,1,19120,8880,25810.68,12007.228,0.200874,0.145684,-0.055189
SiluAndMul,"[[8,256],[8,256]]","[""c10::BFloat16"",""c10::BFloat16""]",both,"[""operator_shape_matched""]","[""operator_shape_matched""]",1,1,40,40,51.679,53.219,0.000402,0.000646,0.000244
SiluAndMul,"[[8192,256],[8192,256]]","[""c10::BFloat16"",""c10::BFloat16""]",both,"[""operator_shape_matched""]","[""operator_shape_matched""]",1,1,1240,1240,5313.748,5312.139,0.041355,0.064452,0.023098
_C_custom_ar::all_reduce,"[[],[1,2048],[1,2048],[],[]]","[""Scalar"",""c10::BFloat16"",""c10::BFloat16"",""Scalar"",""Scalar""]",both,"[""operator_shape_matched""]","[""operator_shape_matched""]",1,1,81,81,251068.111,316.867,1.953957,0.003845,-1.950112
_C_custom_ar::all_reduce,"[[],[10,2048],[10,2048],[],[]]","[""Scalar"",""c10::BFloat16"",""c10::BFloat16"",""Scalar"",""Scalar""]",both,"[""operator_shape_matched""]","[""operator_shape_matched""]",1,1,81,81,348.645,347.328,0.002713,0.004214,0.001501
_C_custom_ar::all_reduce,"[[],[12,2048],[12,2048],[],[]]","[""Scalar"",""c10::BFloat16"",""c10::BFloat16"",""Scalar"",""Scalar""]",both,"[""operator_shape_matched""]","[""operator_shape_matched""]",1,1,81,81,347.557,346.536,0.002705,0.004205,0.0015
_C_custom_ar::all_reduce,"[[],[14,2048],[14,2048],[],[]]","[""Scalar"",""c10::BFloat16"",""c10::BFloat16"",""Scalar"",""Scalar""]",both,"[""operator_shape_matched""]","[""operator_shape_matched""]",1,1,81,81,352.136,351.366,0.002741,0.004263,0.001523
_C_custom_ar::all_reduce,"[[],[16,2048],[16,2048],[],[]]","[""Scalar"",""c10::BFloat16"",""c10::BFloat16"",""Scalar"",""Scalar""]",both,"[""operator_shape_matched""]","[""operator_shape_matched""]",1,1,81,81,354.665,352.675,0.00276,0.004279,0.001519
_C_custom_ar::all_reduce,"[[],[18,2048],[18,2048],[],[]]","[""Scalar"",""c10::BFloat16"",""c10::BFloat16"",""Scalar"",""Scalar""]",both,"[""operator_shape_matched""]","[""operator_shape_matched""]",1,1,81,81,353.669,354.281,0.002752,0.004299,0.001546
_C_custom_ar::all_reduce,"[[],[2,2048],[2,2048],[],[]]","[""Scalar"",""c10::BFloat16"",""c10::BFloat16"",""Scalar"",""Scalar""]",both,"[""operator_shape_matched""]","[""operator_shape_matched""]",1,1,81,81,323.631,324.326,0.002519,0.003935,0.001416
_C_custom_ar::all_reduce,"[[],[20,2048],[20,2048],[],[]]","[""Scalar"",""c10::BFloat16"",""c10::BFloat16"",""Scalar"",""Scalar""]",both,"[""operator_shape_matched""]","[""operator_shape_matched""]",1,1,81,81,356.235,353.321,0.002772,0.004287,0.001514
_C_custom_ar::all_reduce,"[[],[22,2048],[22,2048],[],[]]","[""Scalar"",""c10::BFloat16"",""c10::BFloat16"",""Scalar"",""Scalar""]",both,"[""operator_shape_matched""]","[""operator_shape_matched""]",1,1,81,81,358.084,357.958,0.002787,0.004343,0.001556
_C_custom_ar::all_reduce,"[[],[24,2048],[24,2048],[],[]]","[""Scalar"",""c10::BFloat16"",""c10::BFloat16"",""Scalar"",""Scalar""]",both,"[""operator_shape_matched""]","[""operator_shape_matched""]",1,1,81,81,359.975,358.253,0.002802,0.004347,0.001545
_C_custom_ar::all_reduce,"[[],[26,2048],[26,2048],[],[]]","[""Scalar"",""c10::BFloat16"",""c10::BFloat16"",""Scalar"",""Scalar""]",both,"[""operator_shape_matched""]","[""operator_shape_matched""]",1,1,81,81,365.611,364.618,0.002845,0.004424,0.001579
_C_custom_ar::all_reduce,"[[],[28,2048],[28,2048],[],[]]","[""Scalar"",""c10::BFloat16"",""c10::BFloat16"",""Scalar"",""Scalar""]",both,"[""operator_shape_matched""]","[""operator_shape_matched""]",1,1,81,81,369.514,365.801,0.002876,0.004438,0.001563
_C_custom_ar::all_reduce,"[[],[30,2048],[30,2048],[],[]]","[""Scalar"",""c10::BFloat16"",""c10::BFloat16"",""Scalar"",""Scalar""]",both,"[""operator_shape_matched""]","[""operator_shape_matched""]",1,1,81,81,371.434,370.504,0.002891,0.004495,0.001605
_C_custom_ar::all_reduce,"[[],[32,2048],[32,2048],[],[]]","[""Scalar"",""c10::BFloat16"",""c10::BFloat16"",""Scalar"",""Scalar""]",both,"[""operator_shape_matched""]","[""operator_shape_matched""]",1,1,81,81,370.727,370.635,0.002885,0.004497,0.001612
_C_custom_ar::all_reduce,"[[],[34,2048],[34,2048],[],[]]","[""Scalar"",""c10::BFloat16"",""c10::BFloat16"",""Scalar"",""Scalar""]",both,"[""operator_shape_matched""]","[""operator_shape_matched""]",1,1,81,81,375.972,375.625,0.002926,0.004557,0.001631
_C_custom_ar::all_reduce,"[[],[36,2048],[36,2048],[],[]]","[""Scalar"",""c10::BFloat16"",""c10::BFloat16"",""Scalar"",""Scalar""]",both,"[""operator_shape_matched""]","[""operator_shape_matched""]",1,1,81,81,376.127,375.646,0.002927,0.004558,0.00163
_C_custom_ar::all_reduce,"[[],[38,2048],[38,2048],[],[]]","[""Scalar"",""c10::BFloat16"",""c10::BFloat16"",""Scalar"",""Scalar""]",both,"[""operator_shape_matched""]","[""operator_shape_matched""]",1,1,81,81,384.676,379.721,0.002994,0.004607,0.001613
_C_custom_ar::all_reduce,"[[],[4,2048],[4,2048],[],[]]","[""Scalar"",""c10::BFloat16"",""c10::BFloat16"",""Scalar"",""Scalar""]",both,"[""operator_shape_matched""]","[""operator_shape_matched""]",1,1,81,81,332.161,332.364,0.002585,0.004033,0.001448
_C_custom_ar::all_reduce,"[[],[40,2048],[40,2048],[],[]]","[""Scalar"",""c10::BFloat16"",""c10::BFloat16"",""Scalar"",""Scalar""]",both,"[""operator_shape_matched""]","[""operator_shape_matched""]",1,1,81,81,383.466,381.223,0.002984,0.004625,0.001641
_C_custom_ar::all_reduce,"[[],[42,2048],[42,2048],[],[]]","[""Scalar"",""c10::BFloat16"",""c10::BFloat16"",""Scalar"",""Scalar""]",both,"[""operator_shape_matched""]","[""operator_shape_matched""]",1,1,81,81,389.334,388.039,0.00303,0.004708,0.001678
_C_custom_ar::all_reduce,"[[],[44,2048],[44,2048],[],[]]","[""Scalar"",""c10::BFloat16"",""c10::BFloat16"",""Scalar"",""Scalar""]",both,"[""operator_shape_matched""]","[""operator_shape_matched""]",1,1,81,81,394.283,388.165,0.003069,0.00471,0.001641
_C_custom_ar::all_reduce,"[[],[46,2048],[46,2048],[],[]]","[""Scalar"",""c10::BFloat16"",""c10::BFloat16"",""Scalar"",""Scalar""]",both,"[""operator_shape_matched""]","[""operator_shape_matched""]",1,1,81,81,396.742,394.918,0.003088,0.004792,0.001704
_C_custom_ar::all_reduce,"[[],[48,2048],[48,2048],[],[]]","[""Scalar"",""c10::BFloat16"",""c10::BFloat16"",""Scalar"",""Scalar""]",both,"[""operator_shape_matched""]","[""operator_shape_matched""]",1,1,81,81,399.016,396.71,0.003105,0.004813,0.001708
_C_custom_ar::all_reduce,"[[],[50,2048],[50,2048],[],[]]","[""Scalar"",""c10::BFloat16"",""c10::BFloat16"",""Scalar"",""Scalar""]",both,"[""operator_shape_matched""]","[""operator_shape_matched""]",1,1,81,81,397.961,395.463,0.003097,0.004798,0.001701
_C_custom_ar::all_reduce,"[[],[52,2048],[52,2048],[],[]]","[""Scalar"",""c10::BFloat16"",""c10::BFloat16"",""Scalar"",""Scalar""]",both,"[""operator_shape_matched""]","[""operator_shape_matched""]",1,1,81,81,399.908,399.114,0.003112,0.004842,0.00173
_C_custom_ar::all_reduce,"[[],[54,2048],[54,2048],[],[]]","[""Scalar"",""c10::BFloat16"",""c10::BFloat16"",""Scalar"",""Scalar""]",both,"[""operator_shape_matched""]","[""operator_shape_matched""]",1,1,81,81,403.649,400.362,0.003141,0.004858,0.001716
_C_custom_ar::all_reduce,"[[],[56,2048],[56,2048],[],[]]","[""Scalar"",""c10::BFloat16"",""c10::BFloat16"",""Scalar"",""Scalar""]",both,"[""operator_shape_matched""]","[""operator_shape_matched""]",1,1,81,81,405.609,401.666,0.003157,0.004873,0.001717
_C_custom_ar::all_reduce,"[[],[58,2048],[58,2048],[],[]]","[""Scalar"",""c10::BFloat16"",""c10::BFloat16"",""Scalar"",""Scalar""]",both,"[""operator_shape_matched""]","[""operator_shape_matched""]",1,1,81,81,407.242,402.923,0.003169,0.004889,0.001719
_C_custom_ar::all_reduce,"[[],[6,2048],[6,2048],[],[]]","[""Scalar"",""c10::BFloat16"",""c10::BFloat16"",""Scalar"",""Scalar""]",both,"[""operator_shape_matched""]","[""operator_shape_matched""]",1,1,81,81,342.885,341.764,0.002669,0.004147,0.001478
_C_custom_ar::all_reduce,"[[],[60,2048],[60,2048],[],[]]","[""Scalar"",""c10::BFloat16"",""c10::BFloat16"",""Scalar"",""Scalar""]",both,"[""operator_shape_matched""]","[""operator_shape_matched""]",1,1,81,81,411.178,408.419,0.0032,0.004955,0.001755
_C_custom_ar::all_reduce,"[[],[62,2048],[62,2048],[],[]]","[""Scalar"",""c10::BFloat16"",""c10::BFloat16"",""Scalar"",""Scalar""]",both,"[""operator_shape_matched""]","[""operator_shape_matched""]",1,1,81,81,410.347,409.65,0.003194,0.00497,0.001777
_C_custom_ar::all_reduce,"[[],[63,2048],[63,2048],[],[]]","[""Scalar"",""c10::BFloat16"",""c10::BFloat16"",""Scalar"",""Scalar""]",both,"[""operator_shape_matched""]","[""operator_shape_matched""]",1,1,162,162,823.838,818.05,0.006412,0.009925,0.003514
_C_custom_ar::all_reduce,"[[],[64,2048],[64,2048],[],[]]","[""Scalar"",""c10::BFloat16"",""c10::BFloat16"",""Scalar"",""Scalar""]",both,"[""operator_shape_matched""]","[""operator_shape_matched""]",1,1,38718,17982,197687.664,91448.425,1.538519,1.109548,-0.428972
_C_custom_ar::all_reduce,"[[],[8,2048],[8,2048],[],[]]","[""Scalar"",""c10::BFloat16"",""c10::BFloat16"",""Scalar"",""Scalar""]",both,"[""operator_shape_matched""]","[""operator_shape_matched""]",1,1,81,81,347.111,346.279,0.002701,0.004201,0.0015
aten::_index_put_impl_,"[[3664,16,128,128],[],[16,128,128],[],[]]","[""float"","""",""float"",""Scalar"",""Scalar""]",both,"[""operator_shape_matched""]","[""operator_shape_matched""]",1,1,30,30,116.451,116.933,0.000906,0.001419,0.000512
aten::_index_put_impl_,"[[3664,16,128,128],[],[2,16,128,128],[],[]]","[""float"","""",""float"",""Scalar"",""Scalar""]",both,"[""operator_shape_matched""]","[""operator_shape_matched""]",1,1,90,90,411.4,410.951,0.003202,0.004986,0.001784
aten::_index_put_impl_,"[[3664,16,128,128],[],[3,16,128,128],[],[]]","[""float"","""",""float"",""Scalar"",""Scalar""]",both,"[""operator_shape_matched""]","[""operator_shape_matched""]",1,1,870,870,4679.53,4682.87,0.036419,0.056817,0.020399
aten::add,"[[1,1,1],[],[]]","[""float"",""double"",""Scalar""]",both,"[""operator_shape_matched""]","[""operator_shape_matched""]",1,1,10,10,10.145,10.24,7.9e-05,0.000124,4.5e-05
aten::add,"[[1,1,32],[1,1,32],[]]","[""c10::BFloat16"",""c10::BFloat16"",""Scalar""]",both,"[""operator_shape_matched""]","[""operator_shape_matched""]",1,1,10,10,10.209,10.206,7.9e-05,0.000124,4.4e-05
aten::add,"[[1,1],[],[]]","[""float"",""double"",""Scalar""]",both,"[""operator_shape_matched""]","[""operator_shape_matched""]",1,1,81,81,83.875,84.606,0.000653,0.001027,0.000374
aten::add,"[[1,2048],[1,2048],[]]","[""c10::BFloat16"",""c10::BFloat16"",""Scalar""]",both,"[""operator_shape_matched""]","[""operator_shape_matched""]",1,1,40,40,47.364,44.709,0.000369,0.000542,0.000174
aten::add,"[[1,2048],[1,2048],[]]","[""float"",""float"",""Scalar""]",both,"[""operator_shape_matched""]","[""operator_shape_matched""]",1,1,80,80,92.486,89.153,0.00072,0.001082,0.000362
aten::add,"[[1,8,1],[],[]]","[""float"",""double"",""Scalar""]",both,"[""operator_shape_matched""]","[""operator_shape_matched""]",1,1,10,10,10.082,10.178,7.8e-05,0.000123,4.5e-05
aten::add,"[[1,8,32],[1,8,32],[]]","[""c10::BFloat16"",""c10::BFloat16"",""Scalar""]",both,"[""operator_shape_matched""]","[""operator_shape_matched""]",1,1,10,10,10.4,10.433,8.1e-05,0.000127,4.6e-05
aten::add,"[[10,1,1],[],[]]","[""float"",""double"",""Scalar""]",both,"[""operator_shape_matched""]","[""operator_shape_matched""]",1,1,10,10,10.083,10.177,7.8e-05,0.000123,4.5e-05
aten::add,"[[10,1,32],[10,1,32],[]]","[""c10::BFloat16"",""c10::BFloat16"",""Scalar""]",both,"[""operator_shape_matched""]","[""operator_shape_matched""]",1,1,10,10,10.495,10.467,8.2e-05,0.000127,4.5e-05
aten::add,"[[10,1],[],[]]","[""float"",""double"",""Scalar""]",both,"[""operator_shape_matched""]","[""operator_shape_matched""]",1,1,81,81,84.389,83.997,0.000657,0.001019,0.000362
aten::add,"[[10,2048],[10,2048],[]]","[""c10::BFloat16"",""c10::BFloat16"",""Scalar""]",both,"[""operator_shape_matched""]","[""operator_shape_matched""]",1,1,40,40,48.224,48.702,0.000375,0.000591,0.000216
aten::add,"[[10,2048],[10,2048],[]]","[""float"",""float"",""Scalar""]",both,"[""operator_shape_matched""]","[""operator_shape_matched""]",1,1,80,80,96.547,96.155,0.000751,0.001167,0.000415
aten::add,"[[10,8,1],[],[]]","[""float"",""double"",""Scalar""]",both,"[""operator_shape_matched""]","[""operator_shape_matched""]",1,1,10,10,10.275,10.302,8e-05,0.000125,4.5e-05
aten::add,"[[10,8,32],[10,8,32],[]]","[""c10::BFloat16"",""c10::BFloat16"",""Scalar""]",both,"[""operator_shape_matched""]","[""operator_shape_matched""]",1,1,10,10,11.01,10.977,8.6e-05,0.000133,4.7e-05
aten::add,"[[1008,1],[],[]]","[""float"",""double"",""Scalar""]",both,"[""operator_shape_matched""]","[""operator_shape_matched""]",1,1,60,60,69.821,70.818,0.000543,0.000859,0.000316
aten::add,"[[1024,1],[],[]]","[""float"",""double"",""Scalar""]",both,"[""operator_shape_matched""]","[""operator_shape_matched""]",1,1,14340,6660,16911.016,7871.308,0.131611,0.095503,-0.036108
aten::add,"[[10],[10],[]]","[""int"",""int"",""Scalar""]",both,"[""operator_shape_matched""]","[""operator_shape_matched""]",1,1,1,1,1.248,1.28,1e-05,1.6e-05,6e-06
aten::add,"[[10],[10],[]]","[""long int"",""long int"",""Scalar""]",both,"[""operator_shape_matched""]","[""operator_shape_matched""]",1,1,1,1,1.248,1.28,1e-05,1.6e-05,6e-06
aten::add,"[[11],[11],[]]","[""int"",""int"",""Scalar""]",both,"[""operator_shape_matched""]","[""operator_shape_matched""]",1,1,1,1,1.28,1.28,1e-05,1.6e-05,6e-06
aten::add,"[[12,1,1],[],[]]","[""float"",""double"",""Scalar""]",both,"[""operator_shape_matched""]","[""operator_shape_matched""]",1,1,10,10,10.178,10.112,7.9e-05,0.000123,4.3e-05
aten::add,"[[12,1,32],[12,1,32],[]]","[""c10::BFloat16"",""c10::BFloat16"",""Scalar""]",both,"[""operator_shape_matched""]","[""operator_shape_matched""]",1,1,10,10,10.559,10.526,8.2e-05,0.000128,4.6e-05
aten::add,"[[12,1],[],[]]","[""float"",""double"",""Scalar""]",both,"[""operator_shape_matched""]","[""operator_shape_matched""]",1,1,81,81,84.711,85.336,0.000659,0.001035,0.000376
aten::add,"[[12,2048],[12,2048],[]]","[""c10::BFloat16"",""c10::BFloat16"",""Scalar""]",both,"[""operator_shape_matched""]","[""operator_shape_matched""]",1,1,40,40,48.545,48.676,0.000378,0.000591,0.000213
aten::add,"[[12,2048],[12,2048],[]]","[""float"",""float"",""Scalar""]",both,"[""operator_shape_matched""]","[""operator_shape_matched""]",1,1,80,80,96.901,98.178,0.000754,0.001191,0.000437
aten::add,"[[12,8,1],[],[]]","[""float"",""double"",""Scalar""]",both,"[""operator_shape_matched""]","[""operator_shape_matched""]",1,1,10,10,10.337,10.307,8e-05,0.000125,4.5e-05
aten::add,"[[12,8,32],[12,8,32],[]]","[""c10::BFloat16"",""c10::BFloat16"",""Scalar""]",both,"[""operator_shape_matched""]","[""operator_shape_matched""]",1,1,10,10,11.136,11.2,8.7e-05,0.000136,4.9e-05
aten::add,"[[128,1],[],[]]","[""float"",""double"",""Scalar""]",both,"[""operator_shape_matched""]","[""operator_shape_matched""]",1,1,30,30,30.689,30.847,0.000239,0.000374,0.000135
aten::add,"[[12],[12],[]]","[""int"",""int"",""Scalar""]",both,"[""operator_shape_matched""]","[""operator_shape_matched""]",1,1,1,1,1.248,1.249,1e-05,1.5e-05,5e-06
aten::add,"[[12],[12],[]]","[""long int"",""long int"",""Scalar""]",both,"[""operator_shape_matched""]","[""operator_shape_matched""]",1,1,1,1,1.248,1.28,1e-05,1.6e-05,6e-06
aten::add,"[[131072,1],[],[]]","[""float"",""double"",""Scalar""]",both,"[""operator_shape_matched""]","[""operator_shape_matched""]",1,1,930,930,1560.318,1555.271,0.012143,0.01887,0.006727
aten::add,"[[13],[13],[]]","[""int"",""int"",""Scalar""]",both,"[""operator_shape_matched""]","[""operator_shape_matched""]",1,1,1,1,1.248,1.408,1e-05,1.7e-05,7e-06
aten::add,"[[14,1,1],[],[]]","[""float"",""double"",""Scalar""]",both,"[""operator_shape_matched""]","[""operator_shape_matched""]",1,1,10,10,10.174,10.081,7.9e-05,0.000122,4.3e-05
aten::add,"[[14,1,32],[14,1,32],[]]","[""c10::BFloat16"",""c10::BFloat16"",""Scalar""]",both,"[""operator_shape_matched""]","[""operator_shape_matched""]",1,1,10,10,10.467,10.5,8.1e-05,0.000127,4.6e-05
aten::add,"[[14,1],[],[]]","[""float"",""double"",""Scalar""]",both,"[""operator_shape_matched""]","[""operator_shape_matched""]",1,1,81,81,84.8,84.572,0.00066,0.001026,0.000366
aten::add,"[[14,2048],[14,2048],[]]","[""c10::BFloat16"",""c10::BFloat16"",""Scalar""]",both,"[""operator_shape_matched""]","[""operator_shape_matched""]",1,1,40,40,48.224,48.897,0.000375,0.000593,0.000218
aten::add,"[[14,2048],[14,2048],[]]","[""float"",""float"",""Scalar""]",both,"[""operator_shape_matched""]","[""operator_shape_matched""]",1,1,80,80,97.6,97.637,0.00076,0.001185,0.000425
aten::add,"[[14,8,1],[],[]]","[""float"",""double"",""Scalar""]",both,"[""operator_shape_matched""]","[""operator_shape_matched""]",1,1,10,10,10.465,10.306,8.1e-05,0.000125,4.4e-05
aten::add,"[[14,8,32],[14,8,32],[]]","[""c10::BFloat16"",""c10::BFloat16"",""Scalar""]",both,"[""operator_shape_matched""]","[""operator_shape_matched""]",1,1,10,10,11.167,11.2,8.7e-05,0.000136,4.9e-05
aten::add,"[[14],[14],[]]","[""int"",""int"",""Scalar""]",both,"[""operator_shape_matched""]","[""operator_shape_matched""]",1,1,1,1,1.408,1.28,1.1e-05,1.6e-05,5e-06
aten::add,"[[14],[14],[]]","[""long int"",""long int"",""Scalar""]",both,"[""operator_shape_matched""]","[""operator_shape_matched""]",1,1,1,1,1.311,1.248,1e-05,1.5e-05,5e-06
aten::add,"[[15],[15],[]]","[""int"",""int"",""Scalar""]",both,"[""operator_shape_matched""]","[""operator_shape_matched""]",1,1,1,1,1.248,1.28,1e-05,1.6e-05,6e-06
aten::add,"[[16,1,1],[],[]]","[""float"",""double"",""Scalar""]",both,"[""operator_shape_matched""]","[""operator_shape_matched""]",1,1,10,10,10.205,10.145,7.9e-05,0.000123,4.4e-05
aten::add,"[[16,1,32],[16,1,32],[]]","[""c10::BFloat16"",""c10::BFloat16"",""Scalar""]",both,"[""operator_shape_matched""]","[""operator_shape_matched""]",1,1,10,10,10.56,10.56,8.2e-05,0.000128,4.6e-05
aten::add,"[[16,1],[],[]]","[""float"",""double"",""Scalar""]",both,"[""operator_shape_matched""]","[""operator_shape_matched""]",1,1,111,111,113.668,114.308,0.000885,0.001387,0.000502
aten::add,"[[16,2048],[16,2048],[]]","[""c10::BFloat16"",""c10::BFloat16"",""Scalar""]",both,"[""operator_shape_matched""]","[""operator_shape_matched""]",1,1,40,40,49.858,49.821,0.000388,0.000604,0.000216
aten::add,"[[16,2048],[16,2048],[]]","[""float"",""float"",""Scalar""]",both,"[""operator_shape_matched""]","[""operator_shape_matched""]",1,1,80,80,100.099,99.714,0.000779,0.00121,0.000431
aten::add,"[[16,8,1],[],[]]","[""float"",""double"",""Scalar""]",both,"[""operator_shape_matched""]","[""operator_shape_matched""]",1,1,10,10,10.275,10.304,8e-05,0.000125,4.5e-05
aten::add,"[[16,8,32],[16,8,32],[]]","[""c10::BFloat16"",""c10::BFloat16"",""Scalar""]",both,"[""operator_shape_matched""]","[""operator_shape_matched""]",1,1,10,10,11.84,11.903,9.2e-05,0.000144,5.2e-05
aten::add,"[[160,1],[],[]]","[""float"",""double"",""Scalar""]",both,"[""operator_shape_matched""]","[""operator_shape_matched""]",1,1,30,30,34.595,33.856,0.000269,0.000411,0.000142
aten::add,"[[16],[16],[]]","[""int"",""int"",""Scalar""]",both,"[""operator_shape_matched""]","[""operator_shape_matched""]",1,1,1,1,1.12,1.12,9e-06,1.4e-05,5e-06
aten::add,"[[16],[16],[]]","[""long int"",""long int"",""Scalar""]",both,"[""operator_shape_matched""]","[""operator_shape_matched""]",1,1,1,1,1.088,1.12,8e-06,1.4e-05,5e-06
aten::add,"[[17],[17],[]]","[""int"",""int"",""Scalar""]",both,"[""operator_shape_matched""]","[""operator_shape_matched""]",1,1,1,1,1.248,1.28,1e-05,1.6e-05,6e-06
aten::add,"[[18,1,1],[],[]]","[""float"",""double"",""Scalar""]",both,"[""operator_shape_matched""]","[""operator_shape_matched""]",1,1,10,10,11.585,11.681,9e-05,0.000142,5.2e-05
aten::add,"[[18,1,32],[18,1,32],[]]","[""c10::BFloat16"",""c10::BFloat16"",""Scalar""]",both,"[""operator_shape_matched""]","[""operator_shape_matched""]",1,1,10,10,10.464,10.558,8.1e-05,0.000128,4.7e-05
aten::add,"[[18,1],[],[]]","[""float"",""double"",""Scalar""]",both,"[""operator_shape_matched""]","[""operator_shape_matched""]",1,1,81,81,86.73,84.61,0.000675,0.001027,0.000352
aten::add,"[[18,2048],[18,2048],[]]","[""c10::BFloat16"",""c10::BFloat16"",""Scalar""]",both,"[""operator_shape_matched""]","[""operator_shape_matched""]",1,1,40,40,50.621,50.596,0.000394,0.000614,0.00022
aten::add,"[[18,2048],[18,2048],[]]","[""float"",""float"",""Scalar""]",both,"[""operator_shape_matched""]","[""operator_shape_matched""]",1,1,80,80,100.518,100.419,0.000782,0.001218,0.000436
aten::add,"[[18,8,1],[],[]]","[""float"",""double"",""Scalar""]",both,"[""operator_shape_matched""]","[""operator_shape_matched""]",1,1,10,10,10.336,10.27,8e-05,0.000125,4.4e-05
aten::add,"[[18,8,32],[18,8,32],[]]","[""c10::BFloat16"",""c10::BFloat16"",""Scalar""]",both,"[""operator_shape_matched""]","[""operator_shape_matched""]",1,1,10,10,10.85,10.849,8.4e-05,0.000132,4.7e-05
aten::add,"[[18],[18],[]]","[""int"",""int"",""Scalar""]",both,"[""operator_shape_matched""]","[""operator_shape_matched""]",1,1,1,1,1.249,1.28,1e-05,1.6e-05,6e-06
aten::add,"[[18],[18],[]]","[""long int"",""long int"",""Scalar""]",both,"[""operator_shape_matched""]","[""operator_shape_matched""]",1,1,1,1,1.248,1.248,1e-05,1.5e-05,5e-06
aten::add,"[[192,1],[],[]]","[""float"",""double"",""Scalar""]",both,"[""operator_shape_matched""]","[""operator_shape_matched""]",1,1,30,30,33.984,34.53,0.000264,0.000419,0.000154
aten::add,"[[19],[19],[]]","[""int"",""int"",""Scalar""]",both,"[""operator_shape_matched""]","[""operator_shape_matched""]",1,1,1,1,1.28,1.28,1e-05,1.6e-05,6e-06
aten::add,"[[1],[1],[]]","[""int"",""int"",""Scalar""]",both,"[""operator_shape_matched""]","[""operator_shape_matched""]",1,1,2,2,2.528,2.496,2e-05,3e-05,1.1e-05
aten::add,"[[1],[1],[]]","[""long int"",""long int"",""Scalar""]",both,"[""operator_shape_matched""]","[""operator_shape_matched""]",1,1,1,1,1.28,1.28,1e-05,1.6e-05,6e-06
aten::add,"[[2,1,1],[],[]]","[""float"",""double"",""Scalar""]",both,"[""operator_shape_matched""]","[""operator_shape_matched""]",1,1,10,10,10.082,10.144,7.8e-05,0.000123,4.5e-05
aten::add,"[[2,1,32],[2,1,32],[]]","[""c10::BFloat16"",""c10::BFloat16"",""Scalar""]",both,"[""operator_shape_matched""]","[""operator_shape_matched""]",1,1,10,10,10.429,10.431,8.1e-05,0.000127,4.5e-05
aten::add,"[[2,1],[],[]]","[""float"",""double"",""Scalar""]",both,"[""operator_shape_matched""]","[""operator_shape_matched""]",1,1,81,81,87.81,88.353,0.000683,0.001072,0.000389
aten::add,"[[2,2048],[2,2048],[]]","[""c10::BFloat16"",""c10::BFloat16"",""Scalar""]",both,"[""operator_shape_matched""]","[""operator_shape_matched""]",1,1,40,40,48.353,48.134,0.000376,0.000584,0.000208
aten::add,"[[2,2048],[2,2048],[]]","[""float"",""float"",""Scalar""]",both,"[""operator_shape_matched""]","[""operator_shape_matched""]",1,1,80,80,95.622,96.452,0.000744,0.00117,0.000426
aten::add,"[[2,8,1],[],[]]","[""float"",""double"",""Scalar""]",both,"[""operator_shape_matched""]","[""operator_shape_matched""]",1,1,10,10,10.112,10.209,7.9e-05,0.000124,4.5e-05
aten::add,"[[2,8,32],[2,8,32],[]]","[""c10::BFloat16"",""c10::BFloat16"",""Scalar""]",both,"[""operator_shape_matched""]","[""operator_shape_matched""]",1,1,10,10,10.463,10.56,8.1e-05,0.000128,4.7e-05
aten::add,"[[20,1,1],[],[]]","[""float"",""double"",""Scalar""]",both,"[""operator_shape_matched""]","[""operator_shape_matched""]",1,1,10,10,10.209,10.207,7.9e-05,0.000124,4.4e-05
aten::add,"[[20,1,32],[20,1,32],[]]","[""c10::BFloat16"",""c10::BFloat16"",""Scalar""]",both,"[""operator_shape_matched""]","[""operator_shape_matched""]",1,1,10,10,10.497,10.53,8.2e-05,0.000128,4.6e-05
aten::add,"[[20,1],[],[]]","[""float"",""double"",""Scalar""]",both,"[""operator_shape_matched""]","[""operator_shape_matched""]",1,1,81,81,92.77,91.785,0.000722,0.001114,0.000392
aten::add,"[[20,2048],[20,2048],[]]","[""c10::BFloat16"",""c10::BFloat16"",""Scalar""]",both,"[""operator_shape_matched""]","[""operator_shape_matched""]",1,1,40,40,50.975,50.336,0.000397,0.000611,0.000214
aten::add,"[[20,2048],[20,2048],[]]","[""float"",""float"",""Scalar""]",both,"[""operator_shape_matched""]","[""operator_shape_matched""]",1,1,80,80,101.059,101.187,0.000786,0.001228,0.000441
aten::add,"[[20,8,1],[],[]]","[""float"",""double"",""Scalar""]",both,"[""operator_shape_matched""]","[""operator_shape_matched""]",1,1,10,10,10.37,10.4,8.1e-05,0.000126,4.5e-05
aten::add,"[[20,8,32],[20,8,32],[]]","[""c10::BFloat16"",""c10::BFloat16"",""Scalar""]",both,"[""operator_shape_matched""]","[""operator_shape_matched""]",1,1,10,10,11.489,11.488,8.9e-05,0.000139,5e-05
aten::add,"[[2048],[],[]]","[""float"",""double"",""Scalar""]",both,"[""operator_shape_matched""]","[""operator_shape_matched""]",1,1,44145,23409,52967.329,28088.152,0.412222,0.340795,-0.071428
aten::add,"[[20],[20],[]]","[""int"",""int"",""Scalar""]",both,"[""operator_shape_matched""]","[""operator_shape_matched""]",1,1,1,1,1.344,1.312,1e-05,1.6e-05,5e-06
aten::add,"[[20],[20],[]]","[""long int"",""long int"",""Scalar""]",both,"[""operator_shape_matched""]","[""operator_shape_matched""]",1,1,1,1,1.248,1.248,1e-05,1.5e-05,5e-06
aten::add,"[[21],[21],[]]","[""int"",""int"",""Scalar""]",both,"[""operator_shape_matched""]","[""operator_shape_matched""]",1,1,1,1,1.472,1.312,1.1e-05,1.6e-05,4e-06
aten::add,"[[22,1,1],[],[]]","[""float"",""double"",""Scalar""]",both,"[""operator_shape_matched""]","[""operator_shape_matched""]",1,1,10,10,11.616,11.839,9e-05,0.000144,5.3e-05
aten::add,"[[22,1,32],[22,1,32],[]]","[""c10::BFloat16"",""c10::BFloat16"",""Scalar""]",both,"[""operator_shape_matched""]","[""operator_shape_matched""]",1,1,10,10,10.53,10.528,8.2e-05,0.000128,4.6e-05
aten::add,"[[22,1],[],[]]","[""float"",""double"",""Scalar""]",both,"[""operator_shape_matched""]","[""operator_shape_matched""]",1,1,81,81,86.823,87.841,0.000676,0.001066,0.00039
aten::add,"[[22,2048],[22,2048],[]]","[""c10::BFloat16"",""c10::BFloat16"",""Scalar""]",both,"[""operator_shape_matched""]","[""operator_shape_matched""]",1,1,40,40,50.692,51.04,0.000395,0.000619,0.000225
aten::add,"[[22,2048],[22,2048],[]]","[""float"",""float"",""Scalar""]",both,"[""operator_shape_matched""]","[""operator_shape_matched""]",1,1,80,80,102.117,101.571,0.000795,0.001232,0.000438
aten::add,"[[22,8,1],[],[]]","[""float"",""double"",""Scalar""]",both,"[""operator_shape_matched""]","[""operator_shape_matched""]",1,1,10,10,10.369,10.24,8.1e-05,0.000124,4.4e-05
aten::add,"[[22,8,32],[22,8,32],[]]","[""c10::BFloat16"",""c10::BFloat16"",""Scalar""]",both,"[""operator_shape_matched""]","[""operator_shape_matched""]",1,1,10,10,11.84,11.837,9.2e-05,0.000144,5.1e-05
aten::add,"[[224,1],[],[]]","[""float"",""double"",""Scalar""]",both,"[""operator_shape_matched""]","[""operator_shape_matched""]",1,1,30,30,33.987,34.623,0.000265,0.00042,0.000156
aten::add,"[[22],[22],[]]","[""int"",""int"",""Scalar""]",both,"[""operator_shape_matched""]","[""operator_shape_matched""]",1,1,1,1,1.247,1.247,1e-05,1.5e-05,5e-06
aten::add,"[[22],[22],[]]","[""long int"",""long int"",""Scalar""]",both,"[""operator_shape_matched""]","[""operator_shape_matched""]",1,1,1,1,1.376,1.472,1.1e-05,1.8e-05,7e-06
aten::add,"[[23],[23],[]]","[""int"",""int"",""Scalar""]",both,"[""operator_shape_matched""]","[""operator_shape_matched""]",1,1,1,1,1.376,1.28,1.1e-05,1.6e-05,5e-06
aten::add,"[[24,1,1],[],[]]","[""float"",""double"",""Scalar""]",both,"[""operator_shape_matched""]","[""operator_shape_matched""]",1,1,10,10,10.111,10.207,7.9e-05,0.000124,4.5e-05
aten::add,"[[24,1,32],[24,1,32],[]]","[""c10::BFloat16"",""c10::BFloat16"",""Scalar""]",both,"[""operator_shape_matched""]","[""operator_shape_matched""]",1,1,10,10,10.59,10.56,8.2e-05,0.000128,4.6e-05
aten::add,"[[24,1],[],[]]","[""float"",""double"",""Scalar""]",both,"[""operator_shape_matched""]","[""operator_shape_matched""]",1,1,81,81,83.738,83.811,0.000652,0.001017,0.000365
aten::add,"[[24,2048],[24,2048],[]]","[""c10::BFloat16"",""c10::BFloat16"",""Scalar""]",both,"[""operator_shape_matched""]","[""operator_shape_matched""]",1,1,40,40,51.808,51.904,0.000403,0.00063,0.000227
aten::add,"[[24,2048],[24,2048],[]]","[""float"",""float"",""Scalar""]",both,"[""operator_shape_matched""]","[""operator_shape_matched""]",1,1,80,80,101.442,102.114,0.000789,0.001239,0.000449
aten::add,"[[24,8,1],[],[]]","[""float"",""double"",""Scalar""]",both,"[""operator_shape_matched""]","[""operator_shape_matched""]",1,1,10,10,10.401,10.37,8.1e-05,0.000126,4.5e-05
aten::add,"[[24,8,32],[24,8,32],[]]","[""c10::BFloat16"",""c10::BFloat16"",""Scalar""]",both,"[""operator_shape_matched""]","[""operator_shape_matched""]",1,1,10,10,11.68,11.617,9.1e-05,0.000141,5e-05
aten::add,"[[24],[24],[]]","[""int"",""int"",""Scalar""]",both,"[""operator_shape_matched""]","[""operator_shape_matched""]",1,1,1,1,1.248,1.376,1e-05,1.7e-05,7e-06
aten::add,"[[24],[24],[]]","[""long int"",""long int"",""Scalar""]",both,"[""operator_shape_matched""]","[""operator_shape_matched""]",1,1,1,1,1.12,1.088,9e-06,1.3e-05,4e-06
aten::add,"[[256,1],[],[]]","[""float"",""double"",""Scalar""]",both,"[""operator_shape_matched""]","[""operator_shape_matched""]",1,1,30,30,34.37,34.37,0.000267,0.000417,0.00015
aten::add,"[[256],[],[]]","[""float"",""double"",""Scalar""]",both,"[""operator_shape_matched""]","[""operator_shape_matched""]",1,1,10900,5780,11358.427,6030.037,0.088398,0.073163,-0.015235
aten::add,"[[25],[25],[]]","[""int"",""int"",""Scalar""]",both,"[""operator_shape_matched""]","[""operator_shape_matched""]",1,1,1,1,1.248,1.44,1e-05,1.7e-05,8e-06
aten::add,"[[26,1,1],[],[]]","[""float"",""double"",""Scalar""]",both,"[""operator_shape_matched""]","[""operator_shape_matched""]",1,1,10,10,11.682,11.457,9.1e-05,0.000139,4.8e-05
aten::add,"[[26,1,32],[26,1,32],[]]","[""c10::BFloat16"",""c10::BFloat16"",""Scalar""]",both,"[""operator_shape_matched""]","[""operator_shape_matched""]",1,1,10,10,10.592,10.592,8.2e-05,0.000129,4.6e-05
aten::add,"[[26,1],[],[]]","[""float"",""double"",""Scalar""]",both,"[""operator_shape_matched""]","[""operator_shape_matched""]",1,1,81,81,87.295,87.11,0.000679,0.001057,0.000378
aten::add,"[[26,2048],[26,2048],[]]","[""c10::BFloat16"",""c10::BFloat16"",""Scalar""]",both,"[""operator_shape_matched""]","[""operator_shape_matched""]",1,1,40,40,51.553,51.776,0.000401,0.000628,0.000227
aten::add,"[[26,2048],[26,2048],[]]","[""float"",""float"",""Scalar""]",both,"[""operator_shape_matched""]","[""operator_shape_matched""]",1,1,80,80,101.413,101.568,0.000789,0.001232,0.000443
aten::add,"[[26,8,1],[],[]]","[""float"",""double"",""Scalar""]",both,"[""operator_shape_matched""]","[""operator_shape_matched""]",1,1,10,10,10.273,10.37,8e-05,0.000126,4.6e-05
aten::add,"[[26,8,32],[26,8,32],[]]","[""c10::BFloat16"",""c10::BFloat16"",""Scalar""]",both,"[""operator_shape_matched""]","[""operator_shape_matched""]",1,1,10,10,11.551,11.486,9e-05,0.000139,4.9e-05
aten::add,"[[26],[26],[]]","[""int"",""int"",""Scalar""]",both,"[""operator_shape_matched""]","[""operator_shape_matched""]",1,1,1,1,1.28,1.28,1e-05,1.6e-05,6e-06
aten::add,"[[26],[26],[]]","[""long int"",""long int"",""Scalar""]",both,"[""operator_shape_matched""]","[""operator_shape_matched""]",1,1,1,1,1.28,1.248,1e-05,1.5e-05,5e-06
aten::add,"[[27],[27],[]]","[""int"",""int"",""Scalar""]",both,"[""operator_shape_matched""]","[""operator_shape_matched""]",1,1,1,1,1.409,1.28,1.1e-05,1.6e-05,5e-06
aten::add,"[[28,1,1],[],[]]","[""float"",""double"",""Scalar""]",both,"[""operator_shape_matched""]","[""operator_shape_matched""]",1,1,10,10,10.207,10.238,7.9e-05,0.000124,4.5e-05
aten::add,"[[28,1,32],[28,1,32],[]]","[""c10::BFloat16"",""c10::BFloat16"",""Scalar""]",both,"[""operator_shape_matched""]","[""operator_shape_matched""]",1,1,10,10,10.498,10.434,8.2e-05,0.000127,4.5e-05
aten::add,"[[28,1],[],[]]","[""float"",""double"",""Scalar""]",both,"[""operator_shape_matched""]","[""operator_shape_matched""]",1,1,81,81,91.363,93.029,0.000711,0.001129,0.000418
aten::add,"[[28,2048],[28,2048],[]]","[""c10::BFloat16"",""c10::BFloat16"",""Scalar""]",both,"[""operator_shape_matched""]","[""operator_shape_matched""]",1,1,40,40,51.012,51.427,0.000397,0.000624,0.000227
aten::add,"[[28,2048],[28,2048],[]]","[""float"",""float"",""Scalar""]",both,"[""operator_shape_matched""]","[""operator_shape_matched""]",1,1,80,80,101.985,102.146,0.000794,0.001239,0.000446
aten::add,"[[28,8,1],[],[]]","[""float"",""double"",""Scalar""]",both,"[""operator_shape_matched""]","[""operator_shape_matched""]",1,1,10,10,10.431,10.304,8.1e-05,0.000125,4.4e-05
aten::add,"[[28,8,32],[28,8,32],[]]","[""c10::BFloat16"",""c10::BFloat16"",""Scalar""]",both,"[""operator_shape_matched""]","[""operator_shape_matched""]",1,1,10,10,11.55,11.488,9e-05,0.000139,4.9e-05
aten::add,"[[288,1],[],[]]","[""float"",""double"",""Scalar""]",both,"[""operator_shape_matched""]","[""operator_shape_matched""]",1,1,30,30,34.976,34.561,0.000272,0.000419,0.000147
aten::add,"[[28],[28],[]]","[""int"",""int"",""Scalar""]",both,"[""operator_shape_matched""]","[""operator_shape_matched""]",1,1,1,1,1.28,1.471,1e-05,1.8e-05,8e-06
aten::add,"[[28],[28],[]]","[""long int"",""long int"",""Scalar""]",both,"[""operator_shape_matched""]","[""operator_shape_matched""]",1,1,1,1,1.249,1.376,1e-05,1.7e-05,7e-06
aten::add,"[[29],[29],[]]","[""int"",""int"",""Scalar""]",both,"[""operator_shape_matched""]","[""operator_shape_matched""]",1,1,1,1,1.28,1.28,1e-05,1.6e-05,6e-06
aten::add,"[[2],[2],[]]","[""int"",""int"",""Scalar""]",both,"[""operator_shape_matched""]","[""operator_shape_matched""]",1,1,1,1,1.28,1.248,1e-05,1.5e-05,5e-06
aten::add,"[[2],[2],[]]","[""long int"",""long int"",""Scalar""]",both,"[""operator_shape_matched""]","[""operator_shape_matched""]",1,1,1,1,1.28,1.248,1e-05,1.5e-05,5e-06
aten::add,"[[30,1,1],[],[]]","[""float"",""double"",""Scalar""]",both,"[""operator_shape_matched""]","[""operator_shape_matched""]",1,1,10,10,11.746,11.52,9.1e-05,0.00014,4.8e-05
aten::add,"[[30,1,32],[30,1,32],[]]","[""c10::BFloat16"",""c10::BFloat16"",""Scalar""]",both,"[""operator_shape_matched""]","[""operator_shape_matched""]",1,1,10,10,11.2,11.232,8.7e-05,0.000136,4.9e-05
aten::add,"[[30,1],[],[]]","[""float"",""double"",""Scalar""]",both,"[""operator_shape_matched""]","[""operator_shape_matched""]",1,1,81,81,87.395,88.066,0.00068,0.001069,0.000388
aten::add,"[[30,2048],[30,2048],[]]","[""c10::BFloat16"",""c10::BFloat16"",""Scalar""]",both,"[""operator_shape_matched""]","[""operator_shape_matched""]",1,1,40,40,52.318,52.165,0.000407,0.000633,0.000226
aten::add,"[[30,2048],[30,2048],[]]","[""float"",""float"",""Scalar""]",both,"[""operator_shape_matched""]","[""operator_shape_matched""]",1,1,80,80,102.596,102.658,0.000798,0.001246,0.000447
aten::add,"[[30,8,1],[],[]]","[""float"",""double"",""Scalar""]",both,"[""operator_shape_matched""]","[""operator_shape_matched""]",1,1,10,10,10.306,10.305,8e-05,0.000125,4.5e-05
aten::add,"[[30,8,32],[30,8,32],[]]","[""c10::BFloat16"",""c10::BFloat16"",""Scalar""]",both,"[""operator_shape_matched""]","[""operator_shape_matched""]",1,1,10,10,11.553,11.52,9e-05,0.00014,5e-05
aten::add,"[[30],[30],[]]","[""int"",""int"",""Scalar""]",both,"[""operator_shape_matched""]","[""operator_shape_matched""]",1,1,1,1,1.472,1.28,1.1e-05,1.6e-05,4e-06
aten::add,"[[30],[30],[]]","[""long int"",""long int"",""Scalar""]",both,"[""operator_shape_matched""]","[""operator_shape_matched""]",1,1,1,1,1.344,1.248,1e-05,1.5e-05,5e-06
aten::add,"[[31],[31],[]]","[""int"",""int"",""Scalar""]",both,"[""operator_shape_matched""]","[""operator_shape_matched""]",1,1,1,1,1.376,1.376,1.1e-05,1.7e-05,6e-06
aten::add,"[[32,1,1],[],[]]","[""float"",""double"",""Scalar""]",both,"[""operator_shape_matched""]","[""operator_shape_matched""]",1,1,10,10,10.207,10.175,7.9e-05,0.000123,4.4e-05
aten::add,"[[32,1,32],[32,1,32],[]]","[""c10::BFloat16"",""c10::BFloat16"",""Scalar""]",both,"[""operator_shape_matched""]","[""operator_shape_matched""]",1,1,10,10,10.498,10.465,8.2e-05,0.000127,4.5e-05
aten::add,"[[32,1],[],[]]","[""float"",""double"",""Scalar""]",both,"[""operator_shape_matched""]","[""operator_shape_matched""]",1,1,111,111,113.347,113.052,0.000882,0.001372,0.00049
aten::add,"[[32,2048],[32,2048],[]]","[""c10::BFloat16"",""c10::BFloat16"",""Scalar""]",both,"[""operator_shape_matched""]","[""operator_shape_matched""]",1,1,40,40,52.513,52.769,0.000409,0.00064,0.000232
aten::add,"[[32,2048],[32,2048],[]]","[""float"",""float"",""Scalar""]",both,"[""operator_shape_matched""]","[""operator_shape_matched""]",1,1,80,80,103.298,103.203,0.000804,0.001252,0.000448
aten::add,"[[32,8,1],[],[]]","[""float"",""double"",""Scalar""]",both,"[""operator_shape_matched""]","[""operator_shape_matched""]",1,1,10,10,10.434,10.463,8.1e-05,0.000127,4.6e-05
aten::add,"[[32,8,32],[32,8,32],[]]","[""c10::BFloat16"",""c10::BFloat16"",""Scalar""]",both,"[""operator_shape_matched""]","[""operator_shape_matched""]",1,1,10,10,11.424,11.454,8.9e-05,0.000139,5e-05
aten::add,"[[320,1],[],[]]","[""float"",""double"",""Scalar""]",both,"[""operator_shape_matched""]","[""operator_shape_matched""]",1,1,30,30,32.545,31.745,0.000253,0.000385,0.000132
aten::add,"[[32],[32],[]]","[""int"",""int"",""Scalar""]",both,"[""operator_shape_matched""]","[""operator_shape_matched""]",1,1,1,1,1.12,1.12,9e-06,1.4e-05,5e-06
aten::add,"[[32],[32],[]]","[""long int"",""long int"",""Scalar""]",both,"[""operator_shape_matched""]","[""operator_shape_matched""]",1,1,1,1,1.216,1.088,9e-06,1.3e-05,4e-06
aten::add,"[[33],[33],[]]","[""int"",""int"",""Scalar""]",both,"[""operator_shape_matched""]","[""operator_shape_matched""]",1,1,1,1,1.28,1.376,1e-05,1.7e-05,7e-06
aten::add,"[[34,1,1],[],[]]","[""float"",""double"",""Scalar""]",both,"[""operator_shape_matched""]","[""operator_shape_matched""]",1,1,10,10,11.681,11.52,9.1e-05,0.00014,4.9e-05
aten::add,"[[34,1,32],[34,1,32],[]]","[""c10::BFloat16"",""c10::BFloat16"",""Scalar""]",both,"[""operator_shape_matched""]","[""operator_shape_matched""]",1,1,10,10,10.753,10.687,8.4e-05,0.00013,4.6e-05
aten::add,"[[34,1],[],[]]","[""float"",""double"",""Scalar""]",both,"[""operator_shape_matched""]","[""operator_shape_matched""]",1,1,81,81,91.1,90.719,0.000709,0.001101,0.000392
aten::add,"[[34,2048],[34,2048],[]]","[""c10::BFloat16"",""c10::BFloat16"",""Scalar""]",both,"[""operator_shape_matched""]","[""operator_shape_matched""]",1,1,40,40,53.061,53.41,0.000413,0.000648,0.000235
aten::add,"[[34,2048],[34,2048],[]]","[""float"",""float"",""Scalar""]",both,"[""operator_shape_matched""]","[""operator_shape_matched""]",1,1,80,80,104.034,103.873,0.00081,0.00126,0.000451
aten::add,"[[34,8,1],[],[]]","[""float"",""double"",""Scalar""]",both,"[""operator_shape_matched""]","[""operator_shape_matched""]",1,1,10,10,11.329,11.264,8.8e-05,0.000137,4.8e-05
aten::add,"[[34,8,32],[34,8,32],[]]","[""c10::BFloat16"",""c10::BFloat16"",""Scalar""]",both,"[""operator_shape_matched""]","[""operator_shape_matched""]",1,1,10,10,11.361,11.296,8.8e-05,0.000137,4.9e-05
aten::add,"[[34],[34],[]]","[""int"",""int"",""Scalar""]",both,"[""operator_shape_matched""]","[""operator_shape_matched""]",1,1,1,1,1.376,1.247,1.1e-05,1.5e-05,4e-06
aten::add,"[[34],[34],[]]","[""long int"",""long int"",""Scalar""]",both,"[""operator_shape_matched""]","[""operator_shape_matched""]",1,1,1,1,1.44,1.408,1.1e-05,1.7e-05,6e-06
aten::add,"[[352,1],[],[]]","[""float"",""double"",""Scalar""]",both,"[""operator_shape_matched""]","[""operator_shape_matched""]",1,1,30,30,35.199,34.498,0.000274,0.000419,0.000145
aten::add,"[[35],[35],[]]","[""int"",""int"",""Scalar""]",both,"[""operator_shape_matched""]","[""operator_shape_matched""]",1,1,1,1,1.28,1.28,1e-05,1.6e-05,6e-06
aten::add,"[[36,1,1],[],[]]","[""float"",""double"",""Scalar""]",both,"[""operator_shape_matched""]","[""operator_shape_matched""]",1,1,10,10,10.144,10.176,7.9e-05,0.000123,4.5e-05
aten::add,"[[36,1,32],[36,1,32],[]]","[""c10::BFloat16"",""c10::BFloat16"",""Scalar""]",both,"[""operator_shape_matched""]","[""operator_shape_matched""]",1,1,10,10,11.393,11.426,8.9e-05,0.000139,5e-05
aten::add,"[[36,1],[],[]]","[""float"",""double"",""Scalar""]",both,"[""operator_shape_matched""]","[""operator_shape_matched""]",1,1,81,81,91.873,91.903,0.000715,0.001115,0.0004
aten::add,"[[36,2048],[36,2048],[]]","[""c10::BFloat16"",""c10::BFloat16"",""Scalar""]",both,"[""operator_shape_matched""]","[""operator_shape_matched""]",1,1,40,40,52.289,52.772,0.000407,0.00064,0.000233
aten::add,"[[36,2048],[36,2048],[]]","[""float"",""float"",""Scalar""]",both,"[""operator_shape_matched""]","[""operator_shape_matched""]",1,1,80,80,105.89,106.308,0.000824,0.00129,0.000466
aten::add,"[[36,8,1],[],[]]","[""float"",""double"",""Scalar""]",both,"[""operator_shape_matched""]","[""operator_shape_matched""]",1,1,10,10,10.464,10.335,8.1e-05,0.000125,4.4e-05
aten::add,"[[36,8,32],[36,8,32],[]]","[""c10::BFloat16"",""c10::BFloat16"",""Scalar""]",both,"[""operator_shape_matched""]","[""operator_shape_matched""]",1,1,10,10,11.84,11.741,9.2e-05,0.000142,5e-05
aten::add,"[[36],[36],[]]","[""int"",""int"",""Scalar""]",both,"[""operator_shape_matched""]","[""operator_shape_matched""]",1,1,1,1,1.248,1.312,1e-05,1.6e-05,6e-06
aten::add,"[[36],[36],[]]","[""long int"",""long int"",""Scalar""]",both,"[""operator_shape_matched""]","[""operator_shape_matched""]",1,1,1,1,1.28,1.376,1e-05,1.7e-05,7e-06
aten::add,"[[37],[37],[]]","[""int"",""int"",""Scalar""]",both,"[""operator_shape_matched""]","[""operator_shape_matched""]",1,1,1,1,1.249,1.248,1e-05,1.5e-05,5e-06
aten::add,"[[38,1,1],[],[]]","[""float"",""double"",""Scalar""]",both,"[""operator_shape_matched""]","[""operator_shape_matched""]",1,1,10,10,10.211,10.144,7.9e-05,0.000123,4.4e-05
aten::add,"[[38,1,32],[38,1,32],[]]","[""c10::BFloat16"",""c10::BFloat16"",""Scalar""]",both,"[""operator_shape_matched""]","[""operator_shape_matched""]",1,1,10,10,11.265,11.231,8.8e-05,0.000136,4.9e-05
aten::add,"[[38,1],[],[]]","[""float"",""double"",""Scalar""]",both,"[""operator_shape_matched""]","[""operator_shape_matched""]",1,1,81,81,91.298,91.199,0.000711,0.001107,0.000396
aten::add,"[[38,2048],[38,2048],[]]","[""c10::BFloat16"",""c10::BFloat16"",""Scalar""]",both,"[""operator_shape_matched""]","[""operator_shape_matched""]",1,1,40,40,53.219,53.601,0.000414,0.00065,0.000236
aten::add,"[[38,2048],[38,2048],[]]","[""float"",""float"",""Scalar""]",both,"[""operator_shape_matched""]","[""operator_shape_matched""]",1,1,80,80,106.432,106.016,0.000828,0.001286,0.000458
aten::add,"[[38,8,1],[],[]]","[""float"",""double"",""Scalar""]",both,"[""operator_shape_matched""]","[""operator_shape_matched""]",1,1,10,10,11.266,11.232,8.8e-05,0.000136,4.9e-05
aten::add,"[[38,8,32],[38,8,32],[]]","[""c10::BFloat16"",""c10::BFloat16"",""Scalar""]",both,"[""operator_shape_matched""]","[""operator_shape_matched""]",1,1,10,10,11.714,11.68,9.1e-05,0.000142,5.1e-05
aten::add,"[[384,1],[],[]]","[""float"",""double"",""Scalar""]",both,"[""operator_shape_matched""]","[""operator_shape_matched""]",1,1,30,30,34.08,33.541,0.000265,0.000407,0.000142
aten::add,"[[38],[38],[]]","[""int"",""int"",""Scalar""]",both,"[""operator_shape_matched""]","[""operator_shape_matched""]",1,1,1,1,1.248,1.249,1e-05,1.5e-05,5e-06
aten::add,"[[38],[38],[]]","[""long int"",""long int"",""Scalar""]",both,"[""operator_shape_matched""]","[""operator_shape_matched""]",1,1,1,1,1.344,1.248,1e-05,1.5e-05,5e-06
aten::add,"[[39],[39],[]]","[""int"",""int"",""Scalar""]",both,"[""operator_shape_matched""]","[""operator_shape_matched""]",1,1,1,1,1.376,1.28,1.1e-05,1.6e-05,5e-06
aten::add,"[[3],[3],[]]","[""int"",""int"",""Scalar""]",both,"[""operator_shape_matched""]","[""operator_shape_matched""]",1,1,1,1,1.248,1.344,1e-05,1.6e-05,7e-06
aten::add,"[[4,1,1],[],[]]","[""float"",""double"",""Scalar""]",both,"[""operator_shape_matched""]","[""operator_shape_matched""]",1,1,10,10,10.208,10.212,7.9e-05,0.000124,4.4e-05
aten::add,"[[4,1,32],[4,1,32],[]]","[""c10::BFloat16"",""c10::BFloat16"",""Scalar""]",both,"[""operator_shape_matched""]","[""operator_shape_matched""]",1,1,10,10,10.4,10.339,8.1e-05,0.000125,4.5e-05
aten::add,"[[4,1],[],[]]","[""float"",""double"",""Scalar""]",both,"[""operator_shape_matched""]","[""operator_shape_matched""]",1,1,81,81,84.839,84.185,0.00066,0.001021,0.000361
aten::add,"[[4,2048],[4,2048],[]]","[""c10::BFloat16"",""c10::BFloat16"",""Scalar""]",both,"[""operator_shape_matched""]","[""operator_shape_matched""]",1,1,40,40,45.218,45.217,0.000352,0.000549,0.000197
aten::add,"[[4,2048],[4,2048],[]]","[""float"",""float"",""Scalar""]",both,"[""operator_shape_matched""]","[""operator_shape_matched""]",1,1,80,80,94.756,95.299,0.000737,0.001156,0.000419
aten::add,"[[4,8,1],[],[]]","[""float"",""double"",""Scalar""]",both,"[""operator_shape_matched""]","[""operator_shape_matched""]",1,1,10,10,10.306,10.146,8e-05,0.000123,4.3e-05
aten::add,"[[4,8,32],[4,8,32],[]]","[""c10::BFloat16"",""c10::BFloat16"",""Scalar""]",both,"[""operator_shape_matched""]","[""operator_shape_matched""]",1,1,10,10,10.464,10.529,8.1e-05,0.000128,4.6e-05
aten::add,"[[40,1,1],[],[]]","[""float"",""double"",""Scalar""]",both,"[""operator_shape_matched""]","[""operator_shape_matched""]",1,1,10,10,10.173,10.11,7.9e-05,0.000123,4.3e-05
aten::add,"[[40,1,32],[40,1,32],[]]","[""c10::BFloat16"",""c10::BFloat16"",""Scalar""]",both,"[""operator_shape_matched""]","[""operator_shape_matched""]",1,1,10,10,11.136,11.168,8.7e-05,0.000136,4.9e-05
aten::add,"[[40,1],[],[]]","[""float"",""double"",""Scalar""]",both,"[""operator_shape_matched""]","[""operator_shape_matched""]",1,1,81,81,83.137,84.386,0.000647,0.001024,0.000377
aten::add,"[[40,2048],[40,2048],[]]","[""c10::BFloat16"",""c10::BFloat16"",""Scalar""]",both,"[""operator_shape_matched""]","[""operator_shape_matched""]",1,1,40,40,52.959,53.314,0.000412,0.000647,0.000235
aten::add,"[[40,2048],[40,2048],[]]","[""float"",""float"",""Scalar""]",both,"[""operator_shape_matched""]","[""operator_shape_matched""]",1,1,80,80,105.729,105.477,0.000823,0.00128,0.000457
aten::add,"[[40,8,1],[],[]]","[""float"",""double"",""Scalar""]",both,"[""operator_shape_matched""]","[""operator_shape_matched""]",1,1,10,10,10.464,10.433,8.1e-05,0.000127,4.5e-05
aten::add,"[[40,8,32],[40,8,32],[]]","[""c10::BFloat16"",""c10::BFloat16"",""Scalar""]",both,"[""operator_shape_matched""]","[""operator_shape_matched""]",1,1,10,10,11.837,11.871,9.2e-05,0.000144,5.2e-05
aten::add,"[[4096,1,1],[],[]]","[""float"",""double"",""Scalar""]",both,"[""operator_shape_matched""]","[""operator_shape_matched""]",1,1,10,10,11.681,11.841,9.1e-05,0.000144,5.3e-05
aten::add,"[[4096,1,32],[4096,1,32],[]]","[""c10::BFloat16"",""c10::BFloat16"",""Scalar""]",both,"[""operator_shape_matched""]","[""operator_shape_matched""]",1,1,10,10,12.8,12.801,0.0001,0.000155,5.6e-05
aten::add,"[[4096,1],[],[]]","[""float"",""double"",""Scalar""]",both,"[""operator_shape_matched""]","[""operator_shape_matched""]",1,1,81,81,96.702,96.741,0.000753,0.001174,0.000421
aten::add,"[[4096,2048],[4096,2048],[]]","[""c10::BFloat16"",""c10::BFloat16"",""Scalar""]",both,"[""operator_shape_matched""]","[""operator_shape_matched""]",1,1,40,40,631.51,628.112,0.004915,0.007621,0.002706
aten::add,"[[4096,2048],[4096,2048],[]]","[""float"",""float"",""Scalar""]",both,"[""operator_shape_matched""]","[""operator_shape_matched""]",1,1,80,80,2844.159,2829.051,0.022135,0.034325,0.01219
aten::add,"[[4096,8,1],[],[]]","[""float"",""double"",""Scalar""]",both,"[""operator_shape_matched""]","[""operator_shape_matched""]",1,1,10,10,12.865,12.99,0.0001,0.000158,5.7e-05
aten::add,"[[4096,8,32],[4096,8,32],[]]","[""c10::BFloat16"",""c10::BFloat16"",""Scalar""]",both,"[""operator_shape_matched""]","[""operator_shape_matched""]",1,1,10,10,24.225,24.481,0.000189,0.000297,0.000108
aten::add,"[[4096],[4096],[]]","[""long int"",""long int"",""Scalar""]",both,"[""operator_shape_matched""]","[""operator_shape_matched""]",1,1,1,1,1.28,1.248,1e-05,1.5e-05,5e-06
aten::add,"[[40],[40],[]]","[""int"",""int"",""Scalar""]",both,"[""operator_shape_matched""]","[""operator_shape_matched""]",1,1,1,1,1.248,1.248,1e-05,1.5e-05,5e-06
aten::add,"[[40],[40],[]]","[""long int"",""long int"",""Scalar""]",both,"[""operator_shape_matched""]","[""operator_shape_matched""]",1,1,1,1,1.152,1.12,9e-06,1.4e-05,5e-06
aten::add,"[[416,1],[],[]]","[""float"",""double"",""Scalar""]",both,"[""operator_shape_matched""]","[""operator_shape_matched""]",1,1,30,30,34.05,33.315,0.000265,0.000404,0.000139
aten::add,"[[41],[41],[]]","[""int"",""int"",""Scalar""]",both,"[""operator_shape_matched""]","[""operator_shape_matched""]",1,1,1,1,1.28,1.248,1e-05,1.5e-05,5e-06
aten::add,"[[42,1,1],[],[]]","[""float"",""double"",""Scalar""]",both,"[""operator_shape_matched""]","[""operator_shape_matched""]",1,1,10,10,10.047,10.081,7.8e-05,0.000122,4.4e-05
aten::add,"[[42,1,32],[42,1,32],[]]","[""c10::BFloat16"",""c10::BFloat16"",""Scalar""]",both,"[""operator_shape_matched""]","[""operator_shape_matched""]",1,1,10,10,11.329,11.359,8.8e-05,0.000138,5e-05
aten::add,"[[42,1],[],[]]","[""float"",""double"",""Scalar""]",both,"[""operator_shape_matched""]","[""operator_shape_matched""]",1,1,81,81,90.881,90.975,0.000707,0.001104,0.000397
aten::add,"[[42,2048],[42,2048],[]]","[""c10::BFloat16"",""c10::BFloat16"",""Scalar""]",both,"[""operator_shape_matched""]","[""operator_shape_matched""]",1,1,40,40,52.29,52.034,0.000407,0.000631,0.000224
aten::add,"[[42,2048],[42,2048],[]]","[""float"",""float"",""Scalar""]",both,"[""operator_shape_matched""]","[""operator_shape_matched""]",1,1,80,80,105.25,105.987,0.000819,0.001286,0.000467
aten::add,"[[42,8,1],[],[]]","[""float"",""double"",""Scalar""]",both,"[""operator_shape_matched""]","[""operator_shape_matched""]",1,1,10,10,11.296,11.296,8.8e-05,0.000137,4.9e-05
aten::add,"[[42,8,32],[42,8,32],[]]","[""c10::BFloat16"",""c10::BFloat16"",""Scalar""]",both,"[""operator_shape_matched""]","[""operator_shape_matched""]",1,1,10,10,10.911,10.816,8.5e-05,0.000131,4.6e-05
aten::add,"[[42],[42],[]]","[""int"",""int"",""Scalar""]",both,"[""operator_shape_matched""]","[""operator_shape_matched""]",1,1,1,1,1.248,1.248,1e-05,1.5e-05,5e-06
aten::add,"[[42],[42],[]]","[""long int"",""long int"",""Scalar""]",both,"[""operator_shape_matched""]","[""operator_shape_matched""]",1,1,1,1,1.247,1.345,1e-05,1.6e-05,7e-06
aten::add,"[[43],[43],[]]","[""int"",""int"",""Scalar""]",both,"[""operator_shape_matched""]","[""operator_shape_matched""]",1,1,1,1,1.376,1.28,1.1e-05,1.6e-05,5e-06
aten::add,"[[44,1,1],[],[]]","[""float"",""double"",""Scalar""]",both,"[""operator_shape_matched""]","[""operator_shape_matched""]",1,1,10,10,10.143,10.081,7.9e-05,0.000122,4.3e-05
aten::add,"[[44,1,32],[44,1,32],[]]","[""c10::BFloat16"",""c10::BFloat16"",""Scalar""]",both,"[""operator_shape_matched""]","[""operator_shape_matched""]",1,1,10,10,11.391,11.36,8.9e-05,0.000138,4.9e-05
aten::add,"[[44,1],[],[]]","[""float"",""double"",""Scalar""]",both,"[""operator_shape_matched""]","[""operator_shape_matched""]",1,1,81,81,91.908,92.643,0.000715,0.001124,0.000409
aten::add,"[[44,2048],[44,2048],[]]","[""c10::BFloat16"",""c10::BFloat16"",""Scalar""]",both,"[""operator_shape_matched""]","[""operator_shape_matched""]",1,1,40,40,52.831,52.962,0.000411,0.000643,0.000231
aten::add,"[[44,2048],[44,2048],[]]","[""float"",""float"",""Scalar""]",both,"[""operator_shape_matched""]","[""operator_shape_matched""]",1,1,80,80,105.379,105.186,0.00082,0.001276,0.000456
aten::add,"[[44,8,1],[],[]]","[""float"",""double"",""Scalar""]",both,"[""operator_shape_matched""]","[""operator_shape_matched""]",1,1,10,10,10.367,10.496,8.1e-05,0.000127,4.7e-05
aten::add,"[[44,8,32],[44,8,32],[]]","[""c10::BFloat16"",""c10::BFloat16"",""Scalar""]",both,"[""operator_shape_matched""]","[""operator_shape_matched""]",1,1,10,10,11.553,11.521,9e-05,0.00014,5e-05
aten::add,"[[448,1],[],[]]","[""float"",""double"",""Scalar""]",both,"[""operator_shape_matched""]","[""operator_shape_matched""]",1,1,30,30,31.933,32.035,0.000249,0.000389,0.00014
aten::add,"[[44],[44],[]]","[""int"",""int"",""Scalar""]",both,"[""operator_shape_matched""]","[""operator_shape_matched""]",1,1,1,1,1.248,1.28,1e-05,1.6e-05,6e-06
aten::add,"[[44],[44],[]]","[""long int"",""long int"",""Scalar""]",both,"[""operator_shape_matched""]","[""operator_shape_matched""]",1,1,1,1,1.248,1.28,1e-05,1.6e-05,6e-06
aten::add,"[[45],[45],[]]","[""int"",""int"",""Scalar""]",both,"[""operator_shape_matched""]","[""operator_shape_matched""]",1,1,1,1,1.249,1.247,1e-05,1.5e-05,5e-06
aten::add,"[[46,1,1],[],[]]","[""float"",""double"",""Scalar""]",both,"[""operator_shape_matched""]","[""operator_shape_matched""]",1,1,10,10,10.112,10.241,7.9e-05,0.000124,4.6e-05
aten::add,"[[46,1,32],[46,1,32],[]]","[""c10::BFloat16"",""c10::BFloat16"",""Scalar""]",both,"[""operator_shape_matched""]","[""operator_shape_matched""]",1,1,10,10,10.85,10.785,8.4e-05,0.000131,4.6e-05
aten::add,"[[46,1],[],[]]","[""float"",""double"",""Scalar""]",both,"[""operator_shape_matched""]","[""operator_shape_matched""]",1,1,81,81,91.517,90.778,0.000712,0.001101,0.000389
aten::add,"[[46,2048],[46,2048],[]]","[""c10::BFloat16"",""c10::BFloat16"",""Scalar""]",both,"[""operator_shape_matched""]","[""operator_shape_matched""]",1,1,40,40,53.6,54.145,0.000417,0.000657,0.00024
aten::add,"[[46,2048],[46,2048],[]]","[""float"",""float"",""Scalar""]",both,"[""operator_shape_matched""]","[""operator_shape_matched""]",1,1,80,80,105.017,105.759,0.000817,0.001283,0.000466
aten::add,"[[46,8,1],[],[]]","[""float"",""double"",""Scalar""]",both,"[""operator_shape_matched""]","[""operator_shape_matched""]",1,1,10,10,11.296,11.361,8.8e-05,0.000138,5e-05
aten::add,"[[46,8,32],[46,8,32],[]]","[""c10::BFloat16"",""c10::BFloat16"",""Scalar""]",both,"[""operator_shape_matched""]","[""operator_shape_matched""]",1,1,10,10,11.906,11.936,9.3e-05,0.000145,5.2e-05
aten::add,"[[46],[46],[]]","[""int"",""int"",""Scalar""]",both,"[""operator_shape_matched""]","[""operator_shape_matched""]",1,1,1,1,1.248,1.248,1e-05,1.5e-05,5e-06
aten::add,"[[46],[46],[]]","[""long int"",""long int"",""Scalar""]",both,"[""operator_shape_matched""]","[""operator_shape_matched""]",1,1,1,1,1.28,1.28,1e-05,1.6e-05,6e-06
aten::add,"[[47],[47],[]]","[""int"",""int"",""Scalar""]",both,"[""operator_shape_matched""]","[""operator_shape_matched""]",1,1,1,1,1.248,1.28,1e-05,1.6e-05,6e-06
aten::add,"[[48,1,1],[],[]]","[""float"",""double"",""Scalar""]",both,"[""operator_shape_matched""]","[""operator_shape_matched""]",1,1,10,10,10.21,10.144,7.9e-05,0.000123,4.4e-05
aten::add,"[[48,1,32],[48,1,32],[]]","[""c10::BFloat16"",""c10::BFloat16"",""Scalar""]",both,"[""operator_shape_matched""]","[""operator_shape_matched""]",1,1,10,10,11.168,11.199,8.7e-05,0.000136,4.9e-05
aten::add,"[[48,1],[],[]]","[""float"",""double"",""Scalar""]",both,"[""operator_shape_matched""]","[""operator_shape_matched""]",1,1,81,81,82.852,82.531,0.000645,0.001001,0.000357
aten::add,"[[48,2048],[48,2048],[]]","[""c10::BFloat16"",""c10::BFloat16"",""Scalar""]",both,"[""operator_shape_matched""]","[""operator_shape_matched""]",1,1,40,40,53.409,53.249,0.000416,0.000646,0.00023
aten::add,"[[48,2048],[48,2048],[]]","[""float"",""float"",""Scalar""]",both,"[""operator_shape_matched""]","[""operator_shape_matched""]",1,1,80,80,105.442,105.283,0.000821,0.001277,0.000457
aten::add,"[[48,8,1],[],[]]","[""float"",""double"",""Scalar""]",both,"[""operator_shape_matched""]","[""operator_shape_matched""]",1,1,10,10,10.37,10.431,8.1e-05,0.000127,4.6e-05
aten::add,"[[48,8,32],[48,8,32],[]]","[""c10::BFloat16"",""c10::BFloat16"",""Scalar""]",both,"[""operator_shape_matched""]","[""operator_shape_matched""]",1,1,10,10,11.649,11.65,9.1e-05,0.000141,5.1e-05
aten::add,"[[480,1],[],[]]","[""float"",""double"",""Scalar""]",both,"[""operator_shape_matched""]","[""operator_shape_matched""]",1,1,30,30,34.176,34.304,0.000266,0.000416,0.00015
aten::add,"[[48],[48],[]]","[""int"",""int"",""Scalar""]",both,"[""operator_shape_matched""]","[""operator_shape_matched""]",1,1,1,1,1.12,1.216,9e-06,1.5e-05,6e-06
aten::add,"[[48],[48],[]]","[""long int"",""long int"",""Scalar""]",both,"[""operator_shape_matched""]","[""operator_shape_matched""]",1,1,1,1,1.12,1.12,9e-06,1.4e-05,5e-06
aten::add,"[[49],[49],[]]","[""int"",""int"",""Scalar""]",both,"[""operator_shape_matched""]","[""operator_shape_matched""]",1,1,1,1,1.536,1.28,1.2e-05,1.6e-05,4e-06
aten::add,"[[4],[4],[]]","[""int"",""int"",""Scalar""]",both,"[""operator_shape_matched""]","[""operator_shape_matched""]",1,1,1,1,1.248,1.248,1e-05,1.5e-05,5e-06
aten::add,"[[4],[4],[]]","[""long int"",""long int"",""Scalar""]",both,"[""operator_shape_matched""]","[""operator_shape_matched""]",1,1,1,1,1.248,1.28,1e-05,1.6e-05,6e-06
aten::add,"[[50,1,1],[],[]]","[""float"",""double"",""Scalar""]",both,"[""operator_shape_matched""]","[""operator_shape_matched""]",1,1,10,10,12.099,11.744,9.4e-05,0.000142,4.8e-05
aten::add,"[[50,1,32],[50,1,32],[]]","[""c10::BFloat16"",""c10::BFloat16"",""Scalar""]",both,"[""operator_shape_matched""]","[""operator_shape_matched""]",1,1,10,10,11.33,11.424,8.8e-05,0.000139,5e-05
aten::add,"[[50,1],[],[]]","[""float"",""double"",""Scalar""]",both,"[""operator_shape_matched""]","[""operator_shape_matched""]",1,1,81,81,91.905,91.424,0.000715,0.001109,0.000394
aten::add,"[[50,2048],[50,2048],[]]","[""c10::BFloat16"",""c10::BFloat16"",""Scalar""]",both,"[""operator_shape_matched""]","[""operator_shape_matched""]",1,1,40,40,53.247,52.994,0.000414,0.000643,0.000229
aten::add,"[[50,2048],[50,2048],[]]","[""float"",""float"",""Scalar""]",both,"[""operator_shape_matched""]","[""operator_shape_matched""]",1,1,80,80,105.25,105.085,0.000819,0.001275,0.000456
aten::add,"[[50,8,1],[],[]]","[""float"",""double"",""Scalar""]",both,"[""operator_shape_matched""]","[""operator_shape_matched""]",1,1,10,10,10.401,10.463,8.1e-05,0.000127,4.6e-05
aten::add,"[[50,8,32],[50,8,32],[]]","[""c10::BFloat16"",""c10::BFloat16"",""Scalar""]",both,"[""operator_shape_matched""]","[""operator_shape_matched""]",1,1,10,10,11.807,11.776,9.2e-05,0.000143,5.1e-05
aten::add,"[[5089,1,1],[],[]]","[""float"",""double"",""Scalar""]",both,"[""operator_shape_matched""]","[""operator_shape_matched""]",1,1,10,10,12.576,12.417,9.8e-05,0.000151,5.3e-05
aten::add,"[[5089,1,32],[5089,1,32],[]]","[""c10::BFloat16"",""c10::BFloat16"",""Scalar""]",both,"[""operator_shape_matched""]","[""operator_shape_matched""]",1,1,10,10,12.768,12.93,9.9e-05,0.000157,5.8e-05
aten::add,"[[5089,1],[],[]]","[""float"",""double"",""Scalar""]",both,"[""operator_shape_matched""]","[""operator_shape_matched""]",1,1,81,81,108.099,106.372,0.000841,0.001291,0.000449
aten::add,"[[5089,2048],[5089,2048],[]]","[""c10::BFloat16"",""c10::BFloat16"",""Scalar""]",both,"[""operator_shape_matched""]","[""operator_shape_matched""]",1,1,40,40,834.036,832.883,0.006491,0.010105,0.003614
aten::add,"[[5089,2048],[5089,2048],[]]","[""float"",""float"",""Scalar""]",both,"[""operator_shape_matched""]","[""operator_shape_matched""]",1,1,80,80,3459.912,3472.383,0.026927,0.042131,0.015204
aten::add,"[[5089,8,1],[],[]]","[""float"",""double"",""Scalar""]",both,"[""operator_shape_matched""]","[""operator_shape_matched""]",1,1,10,10,14.752,14.465,0.000115,0.000176,6.1e-05
aten::add,"[[5089,8,32],[5089,8,32],[]]","[""c10::BFloat16"",""c10::BFloat16"",""Scalar""]",both,"[""operator_shape_matched""]","[""operator_shape_matched""]",1,1,10,10,27.457,27.167,0.000214,0.00033,0.000116
aten::add,"[[5089],[5089],[]]","[""long int"",""long int"",""Scalar""]",both,"[""operator_shape_matched""]","[""operator_shape_matched""]",1,1,1,1,1.376,1.505,1.1e-05,1.8e-05,8e-06
aten::add,"[[50],[50],[]]","[""int"",""int"",""Scalar""]",both,"[""operator_shape_matched""]","[""operator_shape_matched""]",1,1,1,1,1.28,1.248,1e-05,1.5e-05,5e-06
aten::add,"[[50],[50],[]]","[""long int"",""long int"",""Scalar""]",both,"[""operator_shape_matched""]","[""operator_shape_matched""]",1,1,1,1,1.376,1.28,1.1e-05,1.6e-05,5e-06
aten::add,"[[512,1],[],[]]","[""float"",""double"",""Scalar""]",both,"[""operator_shape_matched""]","[""operator_shape_matched""]",1,1,30,30,34.559,34.08,0.000269,0.000413,0.000145
aten::add,"[[51],[51],[]]","[""int"",""int"",""Scalar""]",both,"[""operator_shape_matched""]","[""operator_shape_matched""]",1,1,1,1,1.44,1.248,1.1e-05,1.5e-05,4e-06
aten::add,"[[52,1,1],[],[]]","[""float"",""double"",""Scalar""]",both,"[""operator_shape_matched""]","[""operator_shape_matched""]",1,1,10,10,10.212,10.179,7.9e-05,0.000124,4.4e-05
aten::add,"[[52,1,32],[52,1,32],[]]","[""c10::BFloat16"",""c10::BFloat16"",""Scalar""]",both,"[""operator_shape_matched""]","[""operator_shape_matched""]",1,1,10,10,10.464,10.56,8.1e-05,0.000128,4.7e-05
aten::add,"[[52,1],[],[]]","[""float"",""double"",""Scalar""]",both,"[""operator_shape_matched""]","[""operator_shape_matched""]",1,1,81,81,93.512,92.005,0.000728,0.001116,0.000389
aten::add,"[[52,2048],[52,2048],[]]","[""c10::BFloat16"",""c10::BFloat16"",""Scalar""]",both,"[""operator_shape_matched""]","[""operator_shape_matched""]",1,1,40,40,53.818,54.017,0.000419,0.000655,0.000237
aten::add,"[[52,2048],[52,2048],[]]","[""float"",""float"",""Scalar""]",both,"[""operator_shape_matched""]","[""operator_shape_matched""]",1,1,80,80,105.057,105.856,0.000818,0.001284,0.000467
aten::add,"[[52,8,1],[],[]]","[""float"",""double"",""Scalar""]",both,"[""operator_shape_matched""]","[""operator_shape_matched""]",1,1,10,10,10.498,10.496,8.2e-05,0.000127,4.6e-05
aten::add,"[[52,8,32],[52,8,32],[]]","[""c10::BFloat16"",""c10::BFloat16"",""Scalar""]",both,"[""operator_shape_matched""]","[""operator_shape_matched""]",1,1,10,10,11.843,11.841,9.2e-05,0.000144,5.1e-05
aten::add,"[[52],[52],[]]","[""int"",""int"",""Scalar""]",both,"[""operator_shape_matched""]","[""operator_shape_matched""]",1,1,1,1,1.44,1.247,1.1e-05,1.5e-05,4e-06
aten::add,"[[52],[52],[]]","[""long int"",""long int"",""Scalar""]",both,"[""operator_shape_matched""]","[""operator_shape_matched""]",1,1,1,1,1.376,1.28,1.1e-05,1.6e-05,5e-06
aten::add,"[[53],[53],[]]","[""int"",""int"",""Scalar""]",both,"[""operator_shape_matched""]","[""operator_shape_matched""]",1,1,1,1,1.248,1.248,1e-05,1.5e-05,5e-06
aten::add,"[[54,1,1],[],[]]","[""float"",""double"",""Scalar""]",both,"[""operator_shape_matched""]","[""operator_shape_matched""]",1,1,10,10,11.519,11.808,9e-05,0.000143,5.4e-05
aten::add,"[[54,1,32],[54,1,32],[]]","[""c10::BFloat16"",""c10::BFloat16"",""Scalar""]",both,"[""operator_shape_matched""]","[""operator_shape_matched""]",1,1,10,10,11.232,11.2,8.7e-05,0.000136,4.8e-05
aten::add,"[[54,1],[],[]]","[""float"",""double"",""Scalar""]",both,"[""operator_shape_matched""]","[""operator_shape_matched""]",1,1,81,81,91.714,91.393,0.000714,0.001109,0.000395
aten::add,"[[54,2048],[54,2048],[]]","[""c10::BFloat16"",""c10::BFloat16"",""Scalar""]",both,"[""operator_shape_matched""]","[""operator_shape_matched""]",1,1,40,40,53.955,53.853,0.00042,0.000653,0.000233
aten::add,"[[54,2048],[54,2048],[]]","[""float"",""float"",""Scalar""]",both,"[""operator_shape_matched""]","[""operator_shape_matched""]",1,1,80,80,106.306,105.86,0.000827,0.001284,0.000457
aten::add,"[[54,8,1],[],[]]","[""float"",""double"",""Scalar""]",both,"[""operator_shape_matched""]","[""operator_shape_matched""]",1,1,10,10,10.434,10.497,8.1e-05,0.000127,4.6e-05
aten::add,"[[54,8,32],[54,8,32],[]]","[""c10::BFloat16"",""c10::BFloat16"",""Scalar""]",both,"[""operator_shape_matched""]","[""operator_shape_matched""]",1,1,10,10,11.902,11.937,9.3e-05,0.000145,5.2e-05
aten::add,"[[544,1],[],[]]","[""float"",""double"",""Scalar""]",both,"[""operator_shape_matched""]","[""operator_shape_matched""]",1,1,30,30,33.985,34.591,0.000264,0.00042,0.000155
aten::add,"[[54],[54],[]]","[""int"",""int"",""Scalar""]",both,"[""operator_shape_matched""]","[""operator_shape_matched""]",1,1,1,1,1.248,1.248,1e-05,1.5e-05,5e-06
aten::add,"[[54],[54],[]]","[""long int"",""long int"",""Scalar""]",both,"[""operator_shape_matched""]","[""operator_shape_matched""]",1,1,1,1,1.247,1.312,1e-05,1.6e-05,6e-06
aten::add,"[[55],[55],[]]","[""int"",""int"",""Scalar""]",both,"[""operator_shape_matched""]","[""operator_shape_matched""]",1,1,1,1,1.472,1.344,1.1e-05,1.6e-05,5e-06
aten::add,"[[56,1,1],[],[]]","[""float"",""double"",""Scalar""]",both,"[""operator_shape_matched""]","[""operator_shape_matched""]",1,1,10,10,10.178,10.082,7.9e-05,0.000122,4.3e-05
aten::add,"[[56,1,32],[56,1,32],[]]","[""c10::BFloat16"",""c10::BFloat16"",""Scalar""]",both,"[""operator_shape_matched""]","[""operator_shape_matched""]",1,1,10,10,11.263,11.232,8.8e-05,0.000136,4.9e-05
aten::add,"[[56,1],[],[]]","[""float"",""double"",""Scalar""]",both,"[""operator_shape_matched""]","[""operator_shape_matched""]",1,1,81,81,83.906,84.956,0.000653,0.001031,0.000378
aten::add,"[[56,2048],[56,2048],[]]","[""c10::BFloat16"",""c10::BFloat16"",""Scalar""]",both,"[""operator_shape_matched""]","[""operator_shape_matched""]",1,1,40,40,53.919,53.535,0.00042,0.00065,0.00023
aten::add,"[[56,2048],[56,2048],[]]","[""float"",""float"",""Scalar""]",both,"[""operator_shape_matched""]","[""operator_shape_matched""]",1,1,80,80,105.917,105.604,0.000824,0.001281,0.000457
aten::add,"[[56,8,1],[],[]]","[""float"",""double"",""Scalar""]",both,"[""operator_shape_matched""]","[""operator_shape_matched""]",1,1,10,10,10.53,10.497,8.2e-05,0.000127,4.5e-05
aten::add,"[[56,8,32],[56,8,32],[]]","[""c10::BFloat16"",""c10::BFloat16"",""Scalar""]",both,"[""operator_shape_matched""]","[""operator_shape_matched""]",1,1,10,10,11.36,11.328,8.8e-05,0.000137,4.9e-05
aten::add,"[[56],[56],[]]","[""int"",""int"",""Scalar""]",both,"[""operator_shape_matched""]","[""operator_shape_matched""]",1,1,1,1,1.248,1.248,1e-05,1.5e-05,5e-06
aten::add,"[[56],[56],[]]","[""long int"",""long int"",""Scalar""]",both,"[""operator_shape_matched""]","[""operator_shape_matched""]",1,1,1,1,1.247,1.184,1e-05,1.4e-05,5e-06
aten::add,"[[576,1],[],[]]","[""float"",""double"",""Scalar""]",both,"[""operator_shape_matched""]","[""operator_shape_matched""]",1,1,30,30,34.239,33.729,0.000266,0.000409,0.000143
aten::add,"[[57],[57],[]]","[""int"",""int"",""Scalar""]",both,"[""operator_shape_matched""]","[""operator_shape_matched""]",1,1,1,1,1.248,1.248,1e-05,1.5e-05,5e-06
aten::add,"[[58,1,1],[],[]]","[""float"",""double"",""Scalar""]",both,"[""operator_shape_matched""]","[""operator_shape_matched""]",1,1,10,10,11.97,11.554,9.3e-05,0.00014,4.7e-05
aten::add,"[[58,1,32],[58,1,32],[]]","[""c10::BFloat16"",""c10::BFloat16"",""Scalar""]",both,"[""operator_shape_matched""]","[""operator_shape_matched""]",1,1,10,10,11.296,11.232,8.8e-05,0.000136,4.8e-05
aten::add,"[[58,1],[],[]]","[""float"",""double"",""Scalar""]",both,"[""operator_shape_matched""]","[""operator_shape_matched""]",1,1,81,81,91.556,91.465,0.000713,0.00111,0.000397
aten::add,"[[58,2048],[58,2048],[]]","[""c10::BFloat16"",""c10::BFloat16"",""Scalar""]",both,"[""operator_shape_matched""]","[""operator_shape_matched""]",1,1,40,40,52.097,52.001,0.000405,0.000631,0.000225
aten::add,"[[58,2048],[58,2048],[]]","[""float"",""float"",""Scalar""]",both,"[""operator_shape_matched""]","[""operator_shape_matched""]",1,1,80,80,106.282,106.082,0.000827,0.001287,0.00046
aten::add,"[[58,8,1],[],[]]","[""float"",""double"",""Scalar""]",both,"[""operator_shape_matched""]","[""operator_shape_matched""]",1,1,10,10,10.463,10.367,8.1e-05,0.000126,4.4e-05
aten::add,"[[58,8,32],[58,8,32],[]]","[""c10::BFloat16"",""c10::BFloat16"",""Scalar""]",both,"[""operator_shape_matched""]","[""operator_shape_matched""]",1,1,10,10,11.071,11.039,8.6e-05,0.000134,4.8e-05
aten::add,"[[58],[58],[]]","[""int"",""int"",""Scalar""]",both,"[""operator_shape_matched""]","[""operator_shape_matched""]",1,1,1,1,1.472,1.248,1.1e-05,1.5e-05,4e-06
aten::add,"[[58],[58],[]]","[""long int"",""long int"",""Scalar""]",both,"[""operator_shape_matched""]","[""operator_shape_matched""]",1,1,1,1,1.28,1.248,1e-05,1.5e-05,5e-06
aten::add,"[[59],[59],[]]","[""int"",""int"",""Scalar""]",both,"[""operator_shape_matched""]","[""operator_shape_matched""]",1,1,1,1,1.248,1.313,1e-05,1.6e-05,6e-06
aten::add,"[[5],[5],[]]","[""int"",""int"",""Scalar""]",both,"[""operator_shape_matched""]","[""operator_shape_matched""]",1,1,1,1,1.28,1.408,1e-05,1.7e-05,7e-06
aten::add,"[[6,1,1],[],[]]","[""float"",""double"",""Scalar""]",both,"[""operator_shape_matched""]","[""operator_shape_matched""]",1,1,10,10,10.049,10.014,7.8e-05,0.000122,4.3e-05
aten::add,"[[6,1,32],[6,1,32],[]]","[""c10::BFloat16"",""c10::BFloat16"",""Scalar""]",both,"[""operator_shape_matched""]","[""operator_shape_matched""]",1,1,10,10,10.402,10.495,8.1e-05,0.000127,4.6e-05
aten::add,"[[6,1],[],[]]","[""float"",""double"",""Scalar""]",both,"[""operator_shape_matched""]","[""operator_shape_matched""]",1,1,81,81,82.881,82.405,0.000645,0.001,0.000355
aten::add,"[[6,2048],[6,2048],[]]","[""c10::BFloat16"",""c10::BFloat16"",""Scalar""]",both,"[""operator_shape_matched""]","[""operator_shape_matched""]",1,1,40,40,47.559,48.449,0.00037,0.000588,0.000218
aten::add,"[[6,2048],[6,2048],[]]","[""float"",""float"",""Scalar""]",both,"[""operator_shape_matched""]","[""operator_shape_matched""]",1,1,80,80,96.545,96.605,0.000751,0.001172,0.000421
aten::add,"[[6,8,1],[],[]]","[""float"",""double"",""Scalar""]",both,"[""operator_shape_matched""]","[""operator_shape_matched""]",1,1,10,10,10.112,10.208,7.9e-05,0.000124,4.5e-05
aten::add,"[[6,8,32],[6,8,32],[]]","[""c10::BFloat16"",""c10::BFloat16"",""Scalar""]",both,"[""operator_shape_matched""]","[""operator_shape_matched""]",1,1,10,10,11.745,11.585,9.1e-05,0.000141,4.9e-05
aten::add,"[[60,1,1],[],[]]","[""float"",""double"",""Scalar""]",both,"[""operator_shape_matched""]","[""operator_shape_matched""]",1,1,10,10,10.175,10.208,7.9e-05,0.000124,4.5e-05
aten::add,"[[60,1,32],[60,1,32],[]]","[""c10::BFloat16"",""c10::BFloat16"",""Scalar""]",both,"[""operator_shape_matched""]","[""operator_shape_matched""]",1,1,10,10,11.264,11.265,8.8e-05,0.000137,4.9e-05
aten::add,"[[60,1],[],[]]","[""float"",""double"",""Scalar""]",both,"[""operator_shape_matched""]","[""operator_shape_matched""]",1,1,81,81,93.092,92.035,0.000724,0.001117,0.000392
aten::add,"[[60,2048],[60,2048],[]]","[""c10::BFloat16"",""c10::BFloat16"",""Scalar""]",both,"[""operator_shape_matched""]","[""operator_shape_matched""]",1,1,40,40,53.441,53.509,0.000416,0.000649,0.000233
aten::add,"[[60,2048],[60,2048],[]]","[""float"",""float"",""Scalar""]",both,"[""operator_shape_matched""]","[""operator_shape_matched""]",1,1,80,80,107.137,106.368,0.000834,0.001291,0.000457
aten::add,"[[60,8,1],[],[]]","[""float"",""double"",""Scalar""]",both,"[""operator_shape_matched""]","[""operator_shape_matched""]",1,1,10,10,10.4,10.369,8.1e-05,0.000126,4.5e-05
aten::add,"[[60,8,32],[60,8,32],[]]","[""c10::BFloat16"",""c10::BFloat16"",""Scalar""]",both,"[""operator_shape_matched""]","[""operator_shape_matched""]",1,1,10,10,11.809,11.873,9.2e-05,0.000144,5.2e-05
aten::add,"[[608,1],[],[]]","[""float"",""double"",""Scalar""]",both,"[""operator_shape_matched""]","[""operator_shape_matched""]",1,1,30,30,34.723,35.198,0.00027,0.000427,0.000157
aten::add,"[[60],[60],[]]","[""int"",""int"",""Scalar""]",both,"[""operator_shape_matched""]","[""operator_shape_matched""]",1,1,1,1,1.28,1.28,1e-05,1.6e-05,6e-06
aten::add,"[[60],[60],[]]","[""long int"",""long int"",""Scalar""]",both,"[""operator_shape_matched""]","[""operator_shape_matched""]",1,1,1,1,1.28,1.28,1e-05,1.6e-05,6e-06
aten::add,"[[61],[61],[]]","[""int"",""int"",""Scalar""]",both,"[""operator_shape_matched""]","[""operator_shape_matched""]",1,1,1,1,1.28,1.376,1e-05,1.7e-05,7e-06
aten::add,"[[62,1,1],[],[]]","[""float"",""double"",""Scalar""]",both,"[""operator_shape_matched""]","[""operator_shape_matched""]",1,1,10,10,11.808,11.613,9.2e-05,0.000141,4.9e-05
aten::add,"[[62,1,32],[62,1,32],[]]","[""c10::BFloat16"",""c10::BFloat16"",""Scalar""]",both,"[""operator_shape_matched""]","[""operator_shape_matched""]",1,1,10,10,11.296,11.2,8.8e-05,0.000136,4.8e-05
aten::add,"[[62,1],[],[]]","[""float"",""double"",""Scalar""]",both,"[""operator_shape_matched""]","[""operator_shape_matched""]",1,1,81,81,91.044,91.23,0.000709,0.001107,0.000398
aten::add,"[[62,2048],[62,2048],[]]","[""c10::BFloat16"",""c10::BFloat16"",""Scalar""]",both,"[""operator_shape_matched""]","[""operator_shape_matched""]",1,1,40,40,54.368,53.598,0.000423,0.00065,0.000227
aten::add,"[[62,2048],[62,2048],[]]","[""float"",""float"",""Scalar""]",both,"[""operator_shape_matched""]","[""operator_shape_matched""]",1,1,80,80,107.61,107.618,0.000837,0.001306,0.000468
aten::add,"[[62,8,1],[],[]]","[""float"",""double"",""Scalar""]",both,"[""operator_shape_matched""]","[""operator_shape_matched""]",1,1,10,10,10.398,10.431,8.1e-05,0.000127,4.6e-05
aten::add,"[[62,8,32],[62,8,32],[]]","[""c10::BFloat16"",""c10::BFloat16"",""Scalar""]",both,"[""operator_shape_matched""]","[""operator_shape_matched""]",1,1,10,10,11.745,11.744,9.1e-05,0.000142,5.1e-05
aten::add,"[[62],[62],[]]","[""int"",""int"",""Scalar""]",both,"[""operator_shape_matched""]","[""operator_shape_matched""]",1,1,1,1,1.248,1.28,1e-05,1.6e-05,6e-06
aten::add,"[[62],[62],[]]","[""long int"",""long int"",""Scalar""]",both,"[""operator_shape_matched""]","[""operator_shape_matched""]",1,1,1,1,1.249,1.28,1e-05,1.6e-05,6e-06
aten::add,"[[63,1,1],[],[]]","[""float"",""double"",""Scalar""]",both,"[""operator_shape_matched""]","[""operator_shape_matched""]",1,1,20,20,21.502,21.602,0.000167,0.000262,9.5e-05
aten::add,"[[63,1,32],[63,1,32],[]]","[""c10::BFloat16"",""c10::BFloat16"",""Scalar""]",both,"[""operator_shape_matched""]","[""operator_shape_matched""]",1,1,20,20,22.817,22.687,0.000178,0.000275,9.8e-05
aten::add,"[[63,1],[],[]]","[""float"",""double"",""Scalar""]",both,"[""operator_shape_matched""]","[""operator_shape_matched""]",1,1,162,162,184.073,183.759,0.001433,0.00223,0.000797
aten::add,"[[63,2048],[63,2048],[]]","[""c10::BFloat16"",""c10::BFloat16"",""Scalar""]",both,"[""operator_shape_matched""]","[""operator_shape_matched""]",1,1,80,80,106.883,105.727,0.000832,0.001283,0.000451
aten::add,"[[63,2048],[63,2048],[]]","[""float"",""float"",""Scalar""]",both,"[""operator_shape_matched""]","[""operator_shape_matched""]",1,1,160,160,213.739,213.98,0.001663,0.002596,0.000933
aten::add,"[[63,8,1],[],[]]","[""float"",""double"",""Scalar""]",both,"[""operator_shape_matched""]","[""operator_shape_matched""]",1,1,20,20,21.888,21.952,0.00017,0.000266,9.6e-05
aten::add,"[[63,8,32],[63,8,32],[]]","[""c10::BFloat16"",""c10::BFloat16"",""Scalar""]",both,"[""operator_shape_matched""]","[""operator_shape_matched""]",1,1,20,20,24.163,24.127,0.000188,0.000293,0.000105
aten::add,"[[63],[63],[]]","[""int"",""int"",""Scalar""]",both,"[""operator_shape_matched""]","[""operator_shape_matched""]",1,1,3,3,3.873,3.807,3e-05,4.6e-05,1.6e-05
aten::add,"[[63],[63],[]]","[""long int"",""long int"",""Scalar""]",both,"[""operator_shape_matched""]","[""operator_shape_matched""]",1,1,2,2,2.56,2.496,2e-05,3e-05,1e-05
aten::add,"[[64,1,1],[],[]]","[""float"",""double"",""Scalar""]",both,"[""operator_shape_matched""]","[""operator_shape_matched""]",1,1,4780,2220,4825.723,2245.791,0.037557,0.027248,-0.010308
aten::add,"[[64,1,32],[64,1,32],[]]","[""c10::BFloat16"",""c10::BFloat16"",""Scalar""]",both,"[""operator_shape_matched""]","[""operator_shape_matched""]",1,1,4780,2220,5454.697,2534.673,0.042452,0.030753,-0.011698
aten::add,"[[64,1],[],[]]","[""float"",""double"",""Scalar""]",both,"[""operator_shape_matched""]","[""operator_shape_matched""]",1,1,38748,18012,39426.983,18352.039,0.306844,0.222666,-0.084177
aten::add,"[[64,2048],[64,2048],[]]","[""c10::BFloat16"",""c10::BFloat16"",""Scalar""]",both,"[""operator_shape_matched""]","[""operator_shape_matched""]",1,1,19120,8880,25263.163,11750.308,0.196613,0.142567,-0.054046
aten::add,"[[64,2048],[64,2048],[]]","[""float"",""float"",""Scalar""]",both,"[""operator_shape_matched""]","[""operator_shape_matched""]",1,1,38240,17760,51150.507,23752.527,0.398083,0.28819,-0.109892
aten::add,"[[64,8,1],[],[]]","[""float"",""double"",""Scalar""]",both,"[""operator_shape_matched""]","[""operator_shape_matched""]",1,1,4780,2220,5003.504,2326.084,0.03894,0.028222,-0.010718
aten::add,"[[64,8,32],[64,8,32],[]]","[""c10::BFloat16"",""c10::BFloat16"",""Scalar""]",both,"[""operator_shape_matched""]","[""operator_shape_matched""]",1,1,4780,2220,5679.58,2640.074,0.044202,0.032032,-0.01217
aten::add,"[[640,1],[],[]]","[""float"",""double"",""Scalar""]",both,"[""operator_shape_matched""]","[""operator_shape_matched""]",1,1,30,30,34.434,34.721,0.000268,0.000421,0.000153
aten::add,"[[64],[64],[]]","[""int"",""int"",""Scalar""]",both,"[""operator_shape_matched""]","[""operator_shape_matched""]",1,1,479,223,543.047,251.751,0.004226,0.003055,-0.001172
aten::add,"[[64],[64],[]]","[""long int"",""long int"",""Scalar""]",both,"[""operator_shape_matched""]","[""operator_shape_matched""]",1,1,478,222,546.224,254.242,0.004251,0.003085,-0.001166
aten::add,"[[65536,1],[],[]]","[""float"",""double"",""Scalar""]",both,"[""operator_shape_matched""]","[""operator_shape_matched""]",1,1,30,30,42.818,42.434,0.000333,0.000515,0.000182
aten::add,"[[672,1],[],[]]","[""float"",""double"",""Scalar""]",both,"[""operator_shape_matched""]","[""operator_shape_matched""]",1,1,30,30,34.657,34.364,0.00027,0.000417,0.000147
aten::add,"[[6],[6],[]]","[""int"",""int"",""Scalar""]",both,"[""operator_shape_matched""]","[""operator_shape_matched""]",1,1,1,1,1.28,1.28,1e-05,1.6e-05,6e-06
aten::add,"[[6],[6],[]]","[""long int"",""long int"",""Scalar""]",both,"[""operator_shape_matched""]","[""operator_shape_matched""]",1,1,1,1,1.248,1.376,1e-05,1.7e-05,7e-06
aten::add,"[[704,1],[],[]]","[""float"",""double"",""Scalar""]",both,"[""operator_shape_matched""]","[""operator_shape_matched""]",1,1,30,30,34.687,35.071,0.00027,0.000426,0.000156
aten::add,"[[736,1],[],[]]","[""float"",""double"",""Scalar""]",both,"[""operator_shape_matched""]","[""operator_shape_matched""]",1,1,30,30,33.603,33.025,0.000262,0.000401,0.000139
aten::add,"[[768,1],[],[]]","[""float"",""double"",""Scalar""]",both,"[""operator_shape_matched""]","[""operator_shape_matched""]",1,1,30,30,33.089,33.378,0.000258,0.000405,0.000147
aten::add,"[[7],[7],[]]","[""int"",""int"",""Scalar""]",both,"[""operator_shape_matched""]","[""operator_shape_matched""]",1,1,1,1,1.248,1.28,1e-05,1.6e-05,6e-06
aten::add,"[[8,1,1],[],[]]","[""float"",""double"",""Scalar""]",both,"[""operator_shape_matched""]","[""operator_shape_matched""]",1,1,10,10,10.178,10.079,7.9e-05,0.000122,4.3e-05
aten::add,"[[8,1,32],[8,1,32],[]]","[""c10::BFloat16"",""c10::BFloat16"",""Scalar""]",both,"[""operator_shape_matched""]","[""operator_shape_matched""]",1,1,10,10,10.497,10.56,8.2e-05,0.000128,4.6e-05
aten::add,"[[8,1],[],[]]","[""float"",""double"",""Scalar""]",both,"[""operator_shape_matched""]","[""operator_shape_matched""]",1,1,81,81,82.717,83.364,0.000644,0.001011,0.000368
aten::add,"[[8,2048],[8,2048],[]]","[""c10::BFloat16"",""c10::BFloat16"",""Scalar""]",both,"[""operator_shape_matched""]","[""operator_shape_matched""]",1,1,40,40,48.735,48.414,0.000379,0.000587,0.000208
aten::add,"[[8,2048],[8,2048],[]]","[""float"",""float"",""Scalar""]",both,"[""operator_shape_matched""]","[""operator_shape_matched""]",1,1,80,80,96.711,96.069,0.000753,0.001166,0.000413
aten::add,"[[8,8,1],[],[]]","[""float"",""double"",""Scalar""]",both,"[""operator_shape_matched""]","[""operator_shape_matched""]",1,1,10,10,10.175,10.176,7.9e-05,0.000123,4.4e-05
aten::add,"[[8,8,32],[8,8,32],[]]","[""c10::BFloat16"",""c10::BFloat16"",""Scalar""]",both,"[""operator_shape_matched""]","[""operator_shape_matched""]",1,1,10,10,11.742,11.713,9.1e-05,0.000142,5.1e-05
aten::add,"[[800,1],[],[]]","[""float"",""double"",""Scalar""]",both,"[""operator_shape_matched""]","[""operator_shape_matched""]",1,1,30,30,35.14,34.755,0.000273,0.000422,0.000148
aten::add,"[[81424,1],[],[]]","[""float"",""double"",""Scalar""]",both,"[""operator_shape_matched""]","[""operator_shape_matched""]",1,1,30,30,46.915,47.458,0.000365,0.000576,0.000211
aten::add,"[[8192,1,1],[],[]]","[""float"",""double"",""Scalar""]",both,"[""operator_shape_matched""]","[""operator_shape_matched""]",1,1,310,310,371.657,371.561,0.002892,0.004508,0.001616
aten::add,"[[8192,1,32],[8192,1,32],[]]","[""c10::BFloat16"",""c10::BFloat16"",""Scalar""]",both,"[""operator_shape_matched""]","[""operator_shape_matched""]",1,1,310,310,445.995,444.471,0.003471,0.005393,0.001922
aten::add,"[[8192,1],[],[]]","[""float"",""double"",""Scalar""]",both,"[""operator_shape_matched""]","[""operator_shape_matched""]",1,1,2511,2511,3443.826,3434.157,0.026802,0.041667,0.014865
aten::add,"[[8192,2048],[8192,2048],[]]","[""c10::BFloat16"",""c10::BFloat16"",""Scalar""]",both,"[""operator_shape_matched""]","[""operator_shape_matched""]",1,1,1240,1240,44055.154,44056.673,0.342863,0.534542,0.191679
aten::add,"[[8192,2048],[8192,2048],[]]","[""float"",""float"",""Scalar""]",both,"[""operator_shape_matched""]","[""operator_shape_matched""]",1,1,2480,2480,168765.167,168770.579,1.313428,2.047701,0.734273
aten::add,"[[8192,8,1],[],[]]","[""float"",""double"",""Scalar""]",both,"[""operator_shape_matched""]","[""operator_shape_matched""]",1,1,310,310,490.347,488.459,0.003816,0.005926,0.00211
aten::add,"[[8192,8,32],[8192,8,32],[]]","[""c10::BFloat16"",""c10::BFloat16"",""Scalar""]",both,"[""operator_shape_matched""]","[""operator_shape_matched""]",1,1,310,310,1147.188,1146.099,0.008928,0.013906,0.004978
aten::add,"[[8192],[8192],[]]","[""long int"",""long int"",""Scalar""]",both,"[""operator_shape_matched""]","[""operator_shape_matched""]",1,1,31,31,46.047,46.338,0.000358,0.000562,0.000204
aten::add,"[[832,1],[],[]]","[""float"",""double"",""Scalar""]",both,"[""operator_shape_matched""]","[""operator_shape_matched""]",1,1,30,30,34.559,34.752,0.000269,0.000422,0.000153
aten::add,"[[864,1],[],[]]","[""float"",""double"",""Scalar""]",both,"[""operator_shape_matched""]","[""operator_shape_matched""]",1,1,30,30,35.389,35.554,0.000275,0.000431,0.000156
aten::add,"[[896,1],[],[]]","[""float"",""double"",""Scalar""]",both,"[""operator_shape_matched""]","[""operator_shape_matched""]",1,1,30,30,34.431,34.624,0.000268,0.00042,0.000152
aten::add,"[[8],[8],[]]","[""int"",""int"",""Scalar""]",both,"[""operator_shape_matched""]","[""operator_shape_matched""]",1,1,1,1,1.28,1.248,1e-05,1.5e-05,5e-06
aten::add,"[[8],[8],[]]","[""long int"",""long int"",""Scalar""]",both,"[""operator_shape_matched""]","[""operator_shape_matched""]",1,1,1,1,1.12,1.153,9e-06,1.4e-05,5e-06
aten::add,"[[928,1],[],[]]","[""float"",""double"",""Scalar""]",both,"[""operator_shape_matched""]","[""operator_shape_matched""]",1,1,30,30,35.835,35.197,0.000279,0.000427,0.000148
aten::add,"[[96,1],[],[]]","[""float"",""double"",""Scalar""]",both,"[""operator_shape_matched""]","[""operator_shape_matched""]",1,1,30,30,31.232,30.658,0.000243,0.000372,0.000129
aten::add,"[[960,1],[],[]]","[""float"",""double"",""Scalar""]",both,"[""operator_shape_matched""]","[""operator_shape_matched""]",1,1,30,30,35.232,35.328,0.000274,0.000429,0.000154
aten::add,"[[992,1],[],[]]","[""float"",""double"",""Scalar""]",both,"[""operator_shape_matched""]","[""operator_shape_matched""]",1,1,30,30,35.456,35.618,0.000276,0.000432,0.000156
aten::add,"[[9],[9],[]]","[""int"",""int"",""Scalar""]",both,"[""operator_shape_matched""]","[""operator_shape_matched""]",1,1,1,1,1.28,1.248,1e-05,1.5e-05,5e-06
aten::argmax,"[[1,248320],[],[]]","[""float"",""Scalar"",""Scalar""]",both,"[""operator_shape_matched""]","[""operator_shape_matched""]",1,1,2,2,82.305,82.466,0.000641,0.001001,0.00036
aten::argmax,"[[10,248320],[],[]]","[""float"",""Scalar"",""Scalar""]",both,"[""operator_shape_matched""]","[""operator_shape_matched""]",1,1,1,1,42.177,42.146,0.000328,0.000511,0.000183
aten::argmax,"[[11,248320],[],[]]","[""float"",""Scalar"",""Scalar""]",both,"[""operator_shape_matched""]","[""operator_shape_matched""]",1,1,1,1,42.113,42.368,0.000328,0.000514,0.000186
aten::argmax,"[[12,248320],[],[]]","[""float"",""Scalar"",""Scalar""]",both,"[""operator_shape_matched""]","[""operator_shape_matched""]",1,1,1,1,42.048,42.145,0.000327,0.000511,0.000184
aten::argmax,"[[13,248320],[],[]]","[""float"",""Scalar"",""Scalar""]",both,"[""operator_shape_matched""]","[""operator_shape_matched""]",1,1,1,1,42.273,42.4,0.000329,0.000514,0.000185
aten::argmax,"[[14,248320],[],[]]","[""float"",""Scalar"",""Scalar""]",both,"[""operator_shape_matched""]","[""operator_shape_matched""]",1,1,1,1,42.145,42.049,0.000328,0.00051,0.000182
aten::argmax,"[[15,248320],[],[]]","[""float"",""Scalar"",""Scalar""]",both,"[""operator_shape_matched""]","[""operator_shape_matched""]",1,1,1,1,42.401,42.625,0.00033,0.000517,0.000187
aten::argmax,"[[16,248320],[],[]]","[""float"",""Scalar"",""Scalar""]",both,"[""operator_shape_matched""]","[""operator_shape_matched""]",1,1,1,1,42.753,42.721,0.000333,0.000518,0.000186
aten::argmax,"[[17,248320],[],[]]","[""float"",""Scalar"",""Scalar""]",both,"[""operator_shape_matched""]","[""operator_shape_matched""]",1,1,1,1,42.209,42.625,0.000328,0.000517,0.000189
aten::argmax,"[[18,248320],[],[]]","[""float"",""Scalar"",""Scalar""]",both,"[""operator_shape_matched""]","[""operator_shape_matched""]",1,1,1,1,42.464,42.401,0.00033,0.000514,0.000184
aten::argmax,"[[19,248320],[],[]]","[""float"",""Scalar"",""Scalar""]",both,"[""operator_shape_matched""]","[""operator_shape_matched""]",1,1,1,1,42.913,42.881,0.000334,0.00052,0.000186
aten::argmax,"[[2,248320],[],[]]","[""float"",""Scalar"",""Scalar""]",both,"[""operator_shape_matched""]","[""operator_shape_matched""]",1,1,1,1,41.985,42.017,0.000327,0.00051,0.000183
aten::argmax,"[[20,248320],[],[]]","[""float"",""Scalar"",""Scalar""]",both,"[""operator_shape_matched""]","[""operator_shape_matched""]",1,1,1,1,43.137,44.224,0.000336,0.000537,0.000201
aten::argmax,"[[21,248320],[],[]]","[""float"",""Scalar"",""Scalar""]",both,"[""operator_shape_matched""]","[""operator_shape_matched""]",1,1,1,1,45.249,46.336,0.000352,0.000562,0.00021
aten::argmax,"[[22,248320],[],[]]","[""float"",""Scalar"",""Scalar""]",both,"[""operator_shape_matched""]","[""operator_shape_matched""]",1,1,1,1,49.057,48.96,0.000382,0.000594,0.000212
aten::argmax,"[[23,248320],[],[]]","[""float"",""Scalar"",""Scalar""]",both,"[""operator_shape_matched""]","[""operator_shape_matched""]",1,1,1,1,50.818,50.049,0.000395,0.000607,0.000212
aten::argmax,"[[24,248320],[],[]]","[""float"",""Scalar"",""Scalar""]",both,"[""operator_shape_matched""]","[""operator_shape_matched""]",1,1,1,1,53.058,53.217,0.000413,0.000646,0.000233
aten::argmax,"[[25,248320],[],[]]","[""float"",""Scalar"",""Scalar""]",both,"[""operator_shape_matched""]","[""operator_shape_matched""]",1,1,1,1,57.057,56.577,0.000444,0.000686,0.000242
aten::argmax,"[[26,248320],[],[]]","[""float"",""Scalar"",""Scalar""]",both,"[""operator_shape_matched""]","[""operator_shape_matched""]",1,1,1,1,56.001,55.97,0.000436,0.000679,0.000243
aten::argmax,"[[27,248320],[],[]]","[""float"",""Scalar"",""Scalar""]",both,"[""operator_shape_matched""]","[""operator_shape_matched""]",1,1,1,1,57.153,57.409,0.000445,0.000697,0.000252
aten::argmax,"[[28,248320],[],[]]","[""float"",""Scalar"",""Scalar""]",both,"[""operator_shape_matched""]","[""operator_shape_matched""]",1,1,1,1,58.145,59.009,0.000453,0.000716,0.000263
aten::argmax,"[[29,248320],[],[]]","[""float"",""Scalar"",""Scalar""]",both,"[""operator_shape_matched""]","[""operator_shape_matched""]",1,1,1,1,58.721,58.721,0.000457,0.000712,0.000255
aten::argmax,"[[3,248320],[],[]]","[""float"",""Scalar"",""Scalar""]",both,"[""operator_shape_matched""]","[""operator_shape_matched""]",1,1,1,1,42.113,42.113,0.000328,0.000511,0.000183
aten::argmax,"[[30,248320],[],[]]","[""float"",""Scalar"",""Scalar""]",both,"[""operator_shape_matched""]","[""operator_shape_matched""]",1,1,1,1,58.594,58.561,0.000456,0.000711,0.000255
aten::argmax,"[[31,248320],[],[]]","[""float"",""Scalar"",""Scalar""]",both,"[""operator_shape_matched""]","[""operator_shape_matched""]",1,1,1,1,60.097,59.714,0.000468,0.000725,0.000257
aten::argmax,"[[32,248320],[],[]]","[""float"",""Scalar"",""Scalar""]",both,"[""operator_shape_matched""]","[""operator_shape_matched""]",1,1,1,1,59.489,59.841,0.000463,0.000726,0.000263
aten::argmax,"[[33,248320],[],[]]","[""float"",""Scalar"",""Scalar""]",both,"[""operator_shape_matched""]","[""operator_shape_matched""]",1,1,1,1,60.769,60.994,0.000473,0.00074,0.000267
aten::argmax,"[[34,248320],[],[]]","[""float"",""Scalar"",""Scalar""]",both,"[""operator_shape_matched""]","[""operator_shape_matched""]",1,1,1,1,59.905,61.026,0.000466,0.00074,0.000274
aten::argmax,"[[35,248320],[],[]]","[""float"",""Scalar"",""Scalar""]",both,"[""operator_shape_matched""]","[""operator_shape_matched""]",1,1,1,1,60.993,60.93,0.000475,0.000739,0.000265
aten::argmax,"[[36,248320],[],[]]","[""float"",""Scalar"",""Scalar""]",both,"[""operator_shape_matched""]","[""operator_shape_matched""]",1,1,1,1,60.897,61.345,0.000474,0.000744,0.00027
aten::argmax,"[[37,248320],[],[]]","[""float"",""Scalar"",""Scalar""]",both,"[""operator_shape_matched""]","[""operator_shape_matched""]",1,1,1,1,61.377,61.986,0.000478,0.000752,0.000274
aten::argmax,"[[38,248320],[],[]]","[""float"",""Scalar"",""Scalar""]",both,"[""operator_shape_matched""]","[""operator_shape_matched""]",1,1,1,1,62.177,61.857,0.000484,0.000751,0.000267
aten::argmax,"[[39,248320],[],[]]","[""float"",""Scalar"",""Scalar""]",both,"[""operator_shape_matched""]","[""operator_shape_matched""]",1,1,1,1,62.049,63.042,0.000483,0.000765,0.000282
aten::argmax,"[[4,248320],[],[]]","[""float"",""Scalar"",""Scalar""]",both,"[""operator_shape_matched""]","[""operator_shape_matched""]",1,1,1,1,41.76,41.857,0.000325,0.000508,0.000183
aten::argmax,"[[40,248320],[],[]]","[""float"",""Scalar"",""Scalar""]",both,"[""operator_shape_matched""]","[""operator_shape_matched""]",1,1,1,1,62.689,62.881,0.000488,0.000763,0.000275
aten::argmax,"[[41,248320],[],[]]","[""float"",""Scalar"",""Scalar""]",both,"[""operator_shape_matched""]","[""operator_shape_matched""]",1,1,1,1,62.977,63.713,0.00049,0.000773,0.000283
aten::argmax,"[[42,248320],[],[]]","[""float"",""Scalar"",""Scalar""]",both,"[""operator_shape_matched""]","[""operator_shape_matched""]",1,1,1,1,63.745,63.105,0.000496,0.000766,0.00027
aten::argmax,"[[43,248320],[],[]]","[""float"",""Scalar"",""Scalar""]",both,"[""operator_shape_matched""]","[""operator_shape_matched""]",1,1,1,1,64.001,63.586,0.000498,0.000771,0.000273
aten::argmax,"[[44,248320],[],[]]","[""float"",""Scalar"",""Scalar""]",both,"[""operator_shape_matched""]","[""operator_shape_matched""]",1,1,1,1,63.649,63.553,0.000495,0.000771,0.000276
aten::argmax,"[[45,248320],[],[]]","[""float"",""Scalar"",""Scalar""]",both,"[""operator_shape_matched""]","[""operator_shape_matched""]",1,1,1,1,64.866,65.218,0.000505,0.000791,0.000286
aten::argmax,"[[46,248320],[],[]]","[""float"",""Scalar"",""Scalar""]",both,"[""operator_shape_matched""]","[""operator_shape_matched""]",1,1,1,1,64.13,64.129,0.000499,0.000778,0.000279
aten::argmax,"[[47,248320],[],[]]","[""float"",""Scalar"",""Scalar""]",both,"[""operator_shape_matched""]","[""operator_shape_matched""]",1,1,1,1,64.673,64.834,0.000503,0.000787,0.000283
aten::argmax,"[[48,248320],[],[]]","[""float"",""Scalar"",""Scalar""]",both,"[""operator_shape_matched""]","[""operator_shape_matched""]",1,1,1,1,64.737,64.897,0.000504,0.000787,0.000284
aten::argmax,"[[49,248320],[],[]]","[""float"",""Scalar"",""Scalar""]",both,"[""operator_shape_matched""]","[""operator_shape_matched""]",1,1,1,1,65.025,66.338,0.000506,0.000805,0.000299
aten::argmax,"[[5,248320],[],[]]","[""float"",""Scalar"",""Scalar""]",both,"[""operator_shape_matched""]","[""operator_shape_matched""]",1,1,1,1,42.689,42.72,0.000332,0.000518,0.000186
aten::argmax,"[[50,248320],[],[]]","[""float"",""Scalar"",""Scalar""]",both,"[""operator_shape_matched""]","[""operator_shape_matched""]",1,1,1,1,65.089,65.153,0.000507,0.000791,0.000284
aten::argmax,"[[51,248320],[],[]]","[""float"",""Scalar"",""Scalar""]",both,"[""operator_shape_matched""]","[""operator_shape_matched""]",1,1,1,1,65.953,66.69,0.000513,0.000809,0.000296
aten::argmax,"[[52,248320],[],[]]","[""float"",""Scalar"",""Scalar""]",both,"[""operator_shape_matched""]","[""operator_shape_matched""]",1,1,1,1,65.921,66.626,0.000513,0.000808,0.000295
aten::argmax,"[[53,248320],[],[]]","[""float"",""Scalar"",""Scalar""]",both,"[""operator_shape_matched""]","[""operator_shape_matched""]",1,1,1,1,66.498,66.402,0.000518,0.000806,0.000288
aten::argmax,"[[54,248320],[],[]]","[""float"",""Scalar"",""Scalar""]",both,"[""operator_shape_matched""]","[""operator_shape_matched""]",1,1,1,1,66.849,67.009,0.00052,0.000813,0.000293
aten::argmax,"[[55,248320],[],[]]","[""float"",""Scalar"",""Scalar""]",both,"[""operator_shape_matched""]","[""operator_shape_matched""]",1,1,1,1,67.265,67.297,0.000523,0.000817,0.000293
aten::argmax,"[[56,248320],[],[]]","[""float"",""Scalar"",""Scalar""]",both,"[""operator_shape_matched""]","[""operator_shape_matched""]",1,1,1,1,66.913,66.337,0.000521,0.000805,0.000284
aten::argmax,"[[57,248320],[],[]]","[""float"",""Scalar"",""Scalar""]",both,"[""operator_shape_matched""]","[""operator_shape_matched""]",1,1,1,1,67.777,67.234,0.000527,0.000816,0.000288
aten::argmax,"[[58,248320],[],[]]","[""float"",""Scalar"",""Scalar""]",both,"[""operator_shape_matched""]","[""operator_shape_matched""]",1,1,1,1,67.298,67.585,0.000524,0.00082,0.000296
aten::argmax,"[[59,248320],[],[]]","[""float"",""Scalar"",""Scalar""]",both,"[""operator_shape_matched""]","[""operator_shape_matched""]",1,1,1,1,67.969,67.522,0.000529,0.000819,0.00029
aten::argmax,"[[6,248320],[],[]]","[""float"",""Scalar"",""Scalar""]",both,"[""operator_shape_matched""]","[""operator_shape_matched""]",1,1,1,1,41.857,41.761,0.000326,0.000507,0.000181
aten::argmax,"[[60,248320],[],[]]","[""float"",""Scalar"",""Scalar""]",both,"[""operator_shape_matched""]","[""operator_shape_matched""]",1,1,1,1,68.097,67.969,0.00053,0.000825,0.000295
aten::argmax,"[[61,248320],[],[]]","[""float"",""Scalar"",""Scalar""]",both,"[""operator_shape_matched""]","[""operator_shape_matched""]",1,1,1,1,68.865,67.906,0.000536,0.000824,0.000288
aten::argmax,"[[62,248320],[],[]]","[""float"",""Scalar"",""Scalar""]",both,"[""operator_shape_matched""]","[""operator_shape_matched""]",1,1,1,1,68.065,68.161,0.00053,0.000827,0.000297
aten::argmax,"[[63,248320],[],[]]","[""float"",""Scalar"",""Scalar""]",both,"[""operator_shape_matched""]","[""operator_shape_matched""]",1,1,3,3,205.54,206.788,0.0016,0.002509,0.000909
aten::argmax,"[[64,248320],[],[]]","[""float"",""Scalar"",""Scalar""]",both,"[""operator_shape_matched""]","[""operator_shape_matched""]",1,1,479,223,32885.985,15341.7,0.255938,0.186142,-0.069796
aten::argmax,"[[7,248320],[],[]]","[""float"",""Scalar"",""Scalar""]",both,"[""operator_shape_matched""]","[""operator_shape_matched""]",1,1,1,1,42.433,42.337,0.00033,0.000514,0.000183
aten::argmax,"[[8,248320],[],[]]","[""float"",""Scalar"",""Scalar""]",both,"[""operator_shape_matched""]","[""operator_shape_matched""]",1,1,1,1,41.792,42.049,0.000325,0.00051,0.000185
aten::argmax,"[[9,248320],[],[]]","[""float"",""Scalar"",""Scalar""]",both,"[""operator_shape_matched""]","[""operator_shape_matched""]",1,1,1,1,42.401,42.272,0.00033,0.000513,0.000183
aten::bitwise_not,[[1]],"[""bool""]",both,"[""operator_shape_matched""]","[""operator_shape_matched""]",1,1,30,30,36.066,35.938,0.000281,0.000436,0.000155
aten::bitwise_not,[[2]],"[""bool""]",both,"[""operator_shape_matched""]","[""operator_shape_matched""]",1,1,90,90,111.489,112.096,0.000868,0.00136,0.000492
aten::bitwise_not,[[3]],"[""bool""]",both,"[""operator_shape_matched""]","[""operator_shape_matched""]",1,1,870,870,1091.284,1084.244,0.008493,0.013155,0.004662
aten::cat,"[[[1,1,16,128],[1,8191,16,128]],[]]","[""TensorList"",""Scalar""]",both,"[""operator_shape_matched""]","[""operator_shape_matched""]",1,1,30,30,905.747,906.804,0.007049,0.011002,0.003953
aten::cat,"[[[1,1,32],[1,1,32]],[]]","[""TensorList"",""Scalar""]",both,"[""operator_shape_matched""]","[""operator_shape_matched""]",1,1,10,10,10.881,10.912,8.5e-05,0.000132,4.8e-05
aten::cat,"[[[1,1,64],[1,1,192]],[]]","[""TensorList"",""Scalar""]",both,"[""operator_shape_matched""]","[""operator_shape_matched""]",1,1,10,10,11.105,11.135,8.6e-05,0.000135,4.9e-05
aten::cat,"[[[1,10,16,128],[1,8182,16,128]],[]]","[""TensorList"",""Scalar""]",both,"[""operator_shape_matched""]","[""operator_shape_matched""]",1,1,30,30,916.433,913.421,0.007132,0.011083,0.00395
aten::cat,"[[[1,12,16,128],[1,8180,16,128]],[]]","[""TensorList"",""Scalar""]",both,"[""operator_shape_matched""]","[""operator_shape_matched""]",1,1,30,30,915.57,916.148,0.007125,0.011116,0.00399
aten::cat,"[[[1,14,16,128],[1,8178,16,128]],[]]","[""TensorList"",""Scalar""]",both,"[""operator_shape_matched""]","[""operator_shape_matched""]",1,1,30,30,918.29,914.93,0.007147,0.011101,0.003954
aten::cat,"[[[1,16,16,128],[1,8176,16,128]],[]]","[""TensorList"",""Scalar""]",both,"[""operator_shape_matched""]","[""operator_shape_matched""]",1,1,30,30,917.712,916.083,0.007142,0.011115,0.003973
aten::cat,"[[[1,18,16,128],[1,8174,16,128]],[]]","[""TensorList"",""Scalar""]",both,"[""operator_shape_matched""]","[""operator_shape_matched""]",1,1,30,30,916.116,916.114,0.00713,0.011115,0.003986
aten::cat,"[[[1,20,16,128],[1,8172,16,128]],[]]","[""TensorList"",""Scalar""]",both,"[""operator_shape_matched""]","[""operator_shape_matched""]",1,1,30,30,916.372,912.688,0.007132,0.011074,0.003942
aten::cat,"[[[1,22,16,128],[1,8170,16,128]],[]]","[""TensorList"",""Scalar""]",both,"[""operator_shape_matched""]","[""operator_shape_matched""]",1,1,30,30,912.913,912.948,0.007105,0.011077,0.003972
aten::cat,"[[[1,24,16,128],[1,8168,16,128]],[]]","[""TensorList"",""Scalar""]",both,"[""operator_shape_matched""]","[""operator_shape_matched""]",1,1,30,30,915.185,912.149,0.007122,0.011067,0.003945
aten::cat,"[[[1,26,16,128],[1,8166,16,128]],[]]","[""TensorList"",""Scalar""]",both,"[""operator_shape_matched""]","[""operator_shape_matched""]",1,1,30,30,914.516,918.064,0.007117,0.011139,0.004022
aten::cat,"[[[1,28,16,128],[1,8164,16,128]],[]]","[""TensorList"",""Scalar""]",both,"[""operator_shape_matched""]","[""operator_shape_matched""]",1,1,30,30,913.078,915.476,0.007106,0.011108,0.004001
aten::cat,"[[[1,3,16,128],[1,8189,16,128]],[]]","[""TensorList"",""Scalar""]",both,"[""operator_shape_matched""]","[""operator_shape_matched""]",1,1,30,30,911.827,913.749,0.007096,0.011087,0.00399
aten::cat,"[[[1,30,16,128],[1,8162,16,128]],[]]","[""TensorList"",""Scalar""]",both,"[""operator_shape_matched""]","[""operator_shape_matched""]",1,1,30,30,911.828,912.851,0.007096,0.011076,0.003979
aten::cat,"[[[1,32,16,128],[1,8160,16,128]],[]]","[""TensorList"",""Scalar""]",both,"[""operator_shape_matched""]","[""operator_shape_matched""]",1,1,30,30,911.441,909.97,0.007093,0.011041,0.003947
aten::cat,"[[[1,34,16,128],[1,8158,16,128]],[]]","[""TensorList"",""Scalar""]",both,"[""operator_shape_matched""]","[""operator_shape_matched""]",1,1,30,30,911.729,915.314,0.007096,0.011106,0.00401
aten::cat,"[[[1,36,16,128],[1,8156,16,128]],[]]","[""TensorList"",""Scalar""]",both,"[""operator_shape_matched""]","[""operator_shape_matched""]",1,1,30,30,912.502,910.038,0.007102,0.011042,0.00394
aten::cat,"[[[1,38,16,128],[1,8154,16,128]],[]]","[""TensorList"",""Scalar""]",both,"[""operator_shape_matched""]","[""operator_shape_matched""]",1,1,30,30,912.693,911.568,0.007103,0.01106,0.003957
aten::cat,"[[[1,4,16,128],[1,8188,16,128]],[]]","[""TensorList"",""Scalar""]",both,"[""operator_shape_matched""]","[""operator_shape_matched""]",1,1,30,30,918.1,915.059,0.007145,0.011102,0.003957
aten::cat,"[[[1,40,16,128],[1,8152,16,128]],[]]","[""TensorList"",""Scalar""]",both,"[""operator_shape_matched""]","[""operator_shape_matched""]",1,1,30,30,913.676,911.124,0.007111,0.011055,0.003944
aten::cat,"[[[1,42,16,128],[1,8150,16,128]],[]]","[""TensorList"",""Scalar""]",both,"[""operator_shape_matched""]","[""operator_shape_matched""]",1,1,30,30,909.237,911.761,0.007076,0.011062,0.003986
aten::cat,"[[[1,44,16,128],[1,8148,16,128]],[]]","[""TensorList"",""Scalar""]",both,"[""operator_shape_matched""]","[""operator_shape_matched""]",1,1,30,30,908.502,908.043,0.00707,0.011017,0.003947
aten::cat,"[[[1,46,16,128],[1,8146,16,128]],[]]","[""TensorList"",""Scalar""]",both,"[""operator_shape_matched""]","[""operator_shape_matched""]",1,1,30,30,909.234,912.782,0.007076,0.011075,0.003999
aten::cat,"[[[1,48,16,128],[1,8144,16,128]],[]]","[""TensorList"",""Scalar""]",both,"[""operator_shape_matched""]","[""operator_shape_matched""]",1,1,30,30,912.981,907.601,0.007105,0.011012,0.003907
aten::cat,"[[[1,50,16,128],[1,8142,16,128]],[]]","[""TensorList"",""Scalar""]",both,"[""operator_shape_matched""]","[""operator_shape_matched""]",1,1,30,30,908.016,905.81,0.007067,0.01099,0.003924
aten::cat,"[[[1,52,16,128],[1,8140,16,128]],[]]","[""TensorList"",""Scalar""]",both,"[""operator_shape_matched""]","[""operator_shape_matched""]",1,1,30,30,910.259,909.392,0.007084,0.011034,0.00395
aten::cat,"[[[1,54,16,128],[1,8138,16,128]],[]]","[""TensorList"",""Scalar""]",both,"[""operator_shape_matched""]","[""operator_shape_matched""]",1,1,30,30,909.521,906.645,0.007078,0.011,0.003922
aten::cat,"[[[1,56,16,128],[1,8136,16,128]],[]]","[""TensorList"",""Scalar""]",both,"[""operator_shape_matched""]","[""operator_shape_matched""]",1,1,30,30,910.709,910.801,0.007088,0.011051,0.003963
aten::cat,"[[[1,58,16,128],[1,8134,16,128]],[]]","[""TensorList"",""Scalar""]",both,"[""operator_shape_matched""]","[""operator_shape_matched""]",1,1,30,30,907.568,908.019,0.007063,0.011017,0.003954
aten::cat,"[[[1,6,16,128],[1,8186,16,128]],[]]","[""TensorList"",""Scalar""]",both,"[""operator_shape_matched""]","[""operator_shape_matched""]",1,1,30,30,916.494,917.364,0.007133,0.01113,0.003998
aten::cat,"[[[1,60,16,128],[1,8132,16,128]],[]]","[""TensorList"",""Scalar""]",both,"[""operator_shape_matched""]","[""operator_shape_matched""]",1,1,30,30,908.497,908.526,0.00707,0.011023,0.003953
aten::cat,"[[[1,62,16,128],[1,5027,16,128]],[]]","[""TensorList"",""Scalar""]",both,"[""operator_shape_matched""]","[""operator_shape_matched""]",1,1,30,30,545.324,542.989,0.004244,0.006588,0.002344
aten::cat,"[[[1,8,16,128],[1,8184,16,128]],[]]","[""TensorList"",""Scalar""]",both,"[""operator_shape_matched""]","[""operator_shape_matched""]",1,1,30,30,917.169,913.041,0.007138,0.011078,0.00394
aten::cat,"[[[1,8,32],[1,8,32]],[]]","[""TensorList"",""Scalar""]",both,"[""operator_shape_matched""]","[""operator_shape_matched""]",1,1,10,10,11.521,11.553,9e-05,0.00014,5.1e-05
aten::cat,"[[[1,8,64],[1,8,192]],[]]","[""TensorList"",""Scalar""]",both,"[""operator_shape_matched""]","[""operator_shape_matched""]",1,1,10,10,12.417,12.384,9.7e-05,0.00015,5.4e-05
aten::cat,"[[[10,1,32],[10,1,32]],[]]","[""TensorList"",""Scalar""]",both,"[""operator_shape_matched""]","[""operator_shape_matched""]",1,1,10,10,11.232,11.296,8.7e-05,0.000137,5e-05
aten::cat,"[[[10,1,64],[10,1,192]],[]]","[""TensorList"",""Scalar""]",both,"[""operator_shape_matched""]","[""operator_shape_matched""]",1,1,10,10,11.456,11.425,8.9e-05,0.000139,4.9e-05
aten::cat,"[[[10,8,32],[10,8,32]],[]]","[""TensorList"",""Scalar""]",both,"[""operator_shape_matched""]","[""operator_shape_matched""]",1,1,10,10,12.959,13.056,0.000101,0.000158,5.8e-05
aten::cat,"[[[10,8,64],[10,8,192]],[]]","[""TensorList"",""Scalar""]",both,"[""operator_shape_matched""]","[""operator_shape_matched""]",1,1,10,10,12.864,12.864,0.0001,0.000156,5.6e-05
aten::cat,"[[[10240],[10240],[20480]],[]]","[""TensorList"",""Scalar""]",both,"[""operator_shape_matched""]","[""operator_shape_matched""]",1,1,30,30,40.833,41.724,0.000318,0.000506,0.000188
aten::cat,"[[[1024],[1024],[2048]],[]]","[""TensorList"",""Scalar""]",both,"[""operator_shape_matched""]","[""operator_shape_matched""]",1,1,30,30,44.194,44.256,0.000344,0.000537,0.000193
aten::cat,"[[[12,1,32],[12,1,32]],[]]","[""TensorList"",""Scalar""]",both,"[""operator_shape_matched""]","[""operator_shape_matched""]",1,1,10,10,11.232,11.232,8.7e-05,0.000136,4.9e-05
aten::cat,"[[[12,1,64],[12,1,192]],[]]","[""TensorList"",""Scalar""]",both,"[""operator_shape_matched""]","[""operator_shape_matched""]",1,1,10,10,12.003,12.129,9.3e-05,0.000147,5.4e-05
aten::cat,"[[[12,8,32],[12,8,32]],[]]","[""TensorList"",""Scalar""]",both,"[""operator_shape_matched""]","[""operator_shape_matched""]",1,1,10,10,12.897,12.993,0.0001,0.000158,5.7e-05
aten::cat,"[[[12,8,64],[12,8,192]],[]]","[""TensorList"",""Scalar""]",both,"[""operator_shape_matched""]","[""operator_shape_matched""]",1,1,10,10,13.027,12.99,0.000101,0.000158,5.6e-05
aten::cat,"[[[12288],[12288],[24576]],[]]","[""TensorList"",""Scalar""]",both,"[""operator_shape_matched""]","[""operator_shape_matched""]",1,1,30,30,41.571,41.665,0.000324,0.000506,0.000182
aten::cat,"[[[14,1,32],[14,1,32]],[]]","[""TensorList"",""Scalar""]",both,"[""operator_shape_matched""]","[""operator_shape_matched""]",1,1,10,10,11.296,11.202,8.8e-05,0.000136,4.8e-05
aten::cat,"[[[14,1,64],[14,1,192]],[]]","[""TensorList"",""Scalar""]",both,"[""operator_shape_matched""]","[""operator_shape_matched""]",1,1,10,10,12.099,12.159,9.4e-05,0.000148,5.3e-05
aten::cat,"[[[14,8,32],[14,8,32]],[]]","[""TensorList"",""Scalar""]",both,"[""operator_shape_matched""]","[""operator_shape_matched""]",1,1,10,10,12.961,13.055,0.000101,0.000158,5.8e-05
aten::cat,"[[[14,8,64],[14,8,192]],[]]","[""TensorList"",""Scalar""]",both,"[""operator_shape_matched""]","[""operator_shape_matched""]",1,1,10,10,12.96,13.055,0.000101,0.000158,5.8e-05
aten::cat,"[[[14336],[14336],[28672]],[]]","[""TensorList"",""Scalar""]",both,"[""operator_shape_matched""]","[""operator_shape_matched""]",1,1,30,30,42.592,42.498,0.000331,0.000516,0.000184
aten::cat,"[[[16,1,32],[16,1,32]],[]]","[""TensorList"",""Scalar""]",both,"[""operator_shape_matched""]","[""operator_shape_matched""]",1,1,10,10,11.008,11.008,8.6e-05,0.000134,4.8e-05
aten::cat,"[[[16,1,64],[16,1,192]],[]]","[""TensorList"",""Scalar""]",both,"[""operator_shape_matched""]","[""operator_shape_matched""]",1,1,10,10,12.48,12.482,9.7e-05,0.000151,5.4e-05
aten::cat,"[[[16,8,32],[16,8,32]],[]]","[""TensorList"",""Scalar""]",both,"[""operator_shape_matched""]","[""operator_shape_matched""]",1,1,10,10,12.158,12.287,9.5e-05,0.000149,5.4e-05
aten::cat,"[[[16,8,64],[16,8,192]],[]]","[""TensorList"",""Scalar""]",both,"[""operator_shape_matched""]","[""operator_shape_matched""]",1,1,10,10,13.118,13.183,0.000102,0.00016,5.8e-05
aten::cat,"[[[16384],[16384],[32768]],[]]","[""TensorList"",""Scalar""]",both,"[""operator_shape_matched""]","[""operator_shape_matched""]",1,1,30,30,43.489,43.2,0.000338,0.000524,0.000186
aten::cat,"[[[18,1,32],[18,1,32]],[]]","[""TensorList"",""Scalar""]",both,"[""operator_shape_matched""]","[""operator_shape_matched""]",1,1,10,10,11.2,11.264,8.7e-05,0.000137,5e-05
aten::cat,"[[[18,1,64],[18,1,192]],[]]","[""TensorList"",""Scalar""]",both,"[""operator_shape_matched""]","[""operator_shape_matched""]",1,1,10,10,11.584,11.487,9e-05,0.000139,4.9e-05
aten::cat,"[[[18,8,32],[18,8,32]],[]]","[""TensorList"",""Scalar""]",both,"[""operator_shape_matched""]","[""operator_shape_matched""]",1,1,10,10,12.417,12.447,9.7e-05,0.000151,5.4e-05
aten::cat,"[[[18,8,64],[18,8,192]],[]]","[""TensorList"",""Scalar""]",both,"[""operator_shape_matched""]","[""operator_shape_matched""]",1,1,10,10,13.248,13.182,0.000103,0.00016,5.7e-05
aten::cat,"[[[18432],[18432],[36864]],[]]","[""TensorList"",""Scalar""]",both,"[""operator_shape_matched""]","[""operator_shape_matched""]",1,1,30,30,43.936,44.161,0.000342,0.000536,0.000194
aten::cat,"[[[2,1,32],[2,1,32]],[]]","[""TensorList"",""Scalar""]",both,"[""operator_shape_matched""]","[""operator_shape_matched""]",1,1,10,10,11.136,11.169,8.7e-05,0.000136,4.9e-05
aten::cat,"[[[2,1,64],[2,1,192]],[]]","[""TensorList"",""Scalar""]",both,"[""operator_shape_matched""]","[""operator_shape_matched""]",1,1,10,10,11.105,11.137,8.6e-05,0.000135,4.9e-05
aten::cat,"[[[2,8,32],[2,8,32]],[]]","[""TensorList"",""Scalar""]",both,"[""operator_shape_matched""]","[""operator_shape_matched""]",1,1,10,10,11.552,11.521,9e-05,0.00014,5e-05
aten::cat,"[[[2,8,64],[2,8,192]],[]]","[""TensorList"",""Scalar""]",both,"[""operator_shape_matched""]","[""operator_shape_matched""]",1,1,10,10,12.0,11.969,9.3e-05,0.000145,5.2e-05
aten::cat,"[[[20,1,32],[20,1,32]],[]]","[""TensorList"",""Scalar""]",both,"[""operator_shape_matched""]","[""operator_shape_matched""]",1,1,10,10,11.265,11.362,8.8e-05,0.000138,5e-05
aten::cat,"[[[20,1,64],[20,1,192]],[]]","[""TensorList"",""Scalar""]",both,"[""operator_shape_matched""]","[""operator_shape_matched""]",1,1,10,10,12.257,12.385,9.5e-05,0.00015,5.5e-05
aten::cat,"[[[20,8,32],[20,8,32]],[]]","[""TensorList"",""Scalar""]",both,"[""operator_shape_matched""]","[""operator_shape_matched""]",1,1,10,10,13.184,12.96,0.000103,0.000157,5.5e-05
aten::cat,"[[[20,8,64],[20,8,192]],[]]","[""TensorList"",""Scalar""]",both,"[""operator_shape_matched""]","[""operator_shape_matched""]",1,1,10,10,13.12,13.119,0.000102,0.000159,5.7e-05
aten::cat,"[[[20480],[20480],[40960]],[]]","[""TensorList"",""Scalar""]",both,"[""operator_shape_matched""]","[""operator_shape_matched""]",1,1,30,30,44.29,44.574,0.000345,0.000541,0.000196
aten::cat,"[[[22,1,32],[22,1,32]],[]]","[""TensorList"",""Scalar""]",both,"[""operator_shape_matched""]","[""operator_shape_matched""]",1,1,10,10,11.296,11.297,8.8e-05,0.000137,4.9e-05
aten::cat,"[[[22,1,64],[22,1,192]],[]]","[""TensorList"",""Scalar""]",both,"[""operator_shape_matched""]","[""operator_shape_matched""]",1,1,10,10,11.839,11.837,9.2e-05,0.000144,5.1e-05
aten::cat,"[[[22,8,32],[22,8,32]],[]]","[""TensorList"",""Scalar""]",both,"[""operator_shape_matched""]","[""operator_shape_matched""]",1,1,10,10,12.642,12.415,9.8e-05,0.000151,5.2e-05
aten::cat,"[[[22,8,64],[22,8,192]],[]]","[""TensorList"",""Scalar""]",both,"[""operator_shape_matched""]","[""operator_shape_matched""]",1,1,10,10,13.568,13.663,0.000106,0.000166,6e-05
aten::cat,"[[[22528],[22528],[45056]],[]]","[""TensorList"",""Scalar""]",both,"[""operator_shape_matched""]","[""operator_shape_matched""]",1,1,30,30,45.025,45.249,0.00035,0.000549,0.000199
aten::cat,"[[[24,1,32],[24,1,32]],[]]","[""TensorList"",""Scalar""]",both,"[""operator_shape_matched""]","[""operator_shape_matched""]",1,1,10,10,11.265,11.328,8.8e-05,0.000137,5e-05
aten::cat,"[[[24,1,64],[24,1,192]],[]]","[""TensorList"",""Scalar""]",both,"[""operator_shape_matched""]","[""operator_shape_matched""]",1,1,10,10,12.031,12.065,9.4e-05,0.000146,5.3e-05
aten::cat,"[[[24,8,32],[24,8,32]],[]]","[""TensorList"",""Scalar""]",both,"[""operator_shape_matched""]","[""operator_shape_matched""]",1,1,10,10,13.185,12.864,0.000103,0.000156,5.3e-05
aten::cat,"[[[24,8,64],[24,8,192]],[]]","[""TensorList"",""Scalar""]",both,"[""operator_shape_matched""]","[""operator_shape_matched""]",1,1,10,10,13.663,13.727,0.000106,0.000167,6e-05
aten::cat,"[[[24576],[24576],[49152]],[]]","[""TensorList"",""Scalar""]",both,"[""operator_shape_matched""]","[""operator_shape_matched""]",1,1,30,30,45.729,45.663,0.000356,0.000554,0.000198
aten::cat,"[[[26,1,32],[26,1,32]],[]]","[""TensorList"",""Scalar""]",both,"[""operator_shape_matched""]","[""operator_shape_matched""]",1,1,10,10,11.233,11.297,8.7e-05,0.000137,5e-05
aten::cat,"[[[26,1,64],[26,1,192]],[]]","[""TensorList"",""Scalar""]",both,"[""operator_shape_matched""]","[""operator_shape_matched""]",1,1,10,10,12.449,12.449,9.7e-05,0.000151,5.4e-05
aten::cat,"[[[26,8,32],[26,8,32]],[]]","[""TensorList"",""Scalar""]",both,"[""operator_shape_matched""]","[""operator_shape_matched""]",1,1,10,10,12.704,12.479,9.9e-05,0.000151,5.3e-05
aten::cat,"[[[26,8,64],[26,8,192]],[]]","[""TensorList"",""Scalar""]",both,"[""operator_shape_matched""]","[""operator_shape_matched""]",1,1,10,10,13.73,13.697,0.000107,0.000166,5.9e-05
aten::cat,"[[[26624],[26624],[53248]],[]]","[""TensorList"",""Scalar""]",both,"[""operator_shape_matched""]","[""operator_shape_matched""]",1,1,30,30,45.731,45.761,0.000356,0.000555,0.000199
aten::cat,"[[[28,1,32],[28,1,32]],[]]","[""TensorList"",""Scalar""]",both,"[""operator_shape_matched""]","[""operator_shape_matched""]",1,1,10,10,11.36,11.33,8.8e-05,0.000137,4.9e-05
aten::cat,"[[[28,1,64],[28,1,192]],[]]","[""TensorList"",""Scalar""]",both,"[""operator_shape_matched""]","[""operator_shape_matched""]",1,1,10,10,11.969,11.936,9.3e-05,0.000145,5.2e-05
aten::cat,"[[[28,8,32],[28,8,32]],[]]","[""TensorList"",""Scalar""]",both,"[""operator_shape_matched""]","[""operator_shape_matched""]",1,1,10,10,13.022,12.993,0.000101,0.000158,5.6e-05
aten::cat,"[[[28,8,64],[28,8,192]],[]]","[""TensorList"",""Scalar""]",both,"[""operator_shape_matched""]","[""operator_shape_matched""]",1,1,10,10,13.665,13.697,0.000106,0.000166,6e-05
aten::cat,"[[[28672],[28672],[57344]],[]]","[""TensorList"",""Scalar""]",both,"[""operator_shape_matched""]","[""operator_shape_matched""]",1,1,30,30,46.335,45.954,0.000361,0.000558,0.000197
aten::cat,"[[[30,1,32],[30,1,32]],[]]","[""TensorList"",""Scalar""]",both,"[""operator_shape_matched""]","[""operator_shape_matched""]",1,1,10,10,11.361,11.296,8.8e-05,0.000137,4.9e-05
aten::cat,"[[[30,1,64],[30,1,192]],[]]","[""TensorList"",""Scalar""]",both,"[""operator_shape_matched""]","[""operator_shape_matched""]",1,1,10,10,12.383,12.385,9.6e-05,0.00015,5.4e-05
aten::cat,"[[[30,8,32],[30,8,32]],[]]","[""TensorList"",""Scalar""]",both,"[""operator_shape_matched""]","[""operator_shape_matched""]",1,1,10,10,13.089,12.992,0.000102,0.000158,5.6e-05
aten::cat,"[[[30,8,64],[30,8,192]],[]]","[""TensorList"",""Scalar""]",both,"[""operator_shape_matched""]","[""operator_shape_matched""]",1,1,10,10,13.824,13.825,0.000108,0.000168,6e-05
aten::cat,"[[[30720],[30720],[61440]],[]]","[""TensorList"",""Scalar""]",both,"[""operator_shape_matched""]","[""operator_shape_matched""]",1,1,30,30,45.855,45.314,0.000357,0.00055,0.000193
aten::cat,"[[[3072],[3072],[6144]],[]]","[""TensorList"",""Scalar""]",both,"[""operator_shape_matched""]","[""operator_shape_matched""]",1,1,30,30,38.461,38.661,0.000299,0.000469,0.00017
aten::cat,"[[[32,1,32],[32,1,32]],[]]","[""TensorList"",""Scalar""]",both,"[""operator_shape_matched""]","[""operator_shape_matched""]",1,1,10,10,11.264,11.265,8.8e-05,0.000137,4.9e-05
aten::cat,"[[[32,1,64],[32,1,192]],[]]","[""TensorList"",""Scalar""]",both,"[""operator_shape_matched""]","[""operator_shape_matched""]",1,1,10,10,12.417,12.479,9.7e-05,0.000151,5.5e-05
aten::cat,"[[[32,8,32],[32,8,32]],[]]","[""TensorList"",""Scalar""]",both,"[""operator_shape_matched""]","[""operator_shape_matched""]",1,1,10,10,12.769,12.832,9.9e-05,0.000156,5.6e-05
aten::cat,"[[[32,8,64],[32,8,192]],[]]","[""TensorList"",""Scalar""]",both,"[""operator_shape_matched""]","[""operator_shape_matched""]",1,1,10,10,13.728,13.857,0.000107,0.000168,6.1e-05
aten::cat,"[[[32768],[32768],[65536]],[]]","[""TensorList"",""Scalar""]",both,"[""operator_shape_matched""]","[""operator_shape_matched""]",1,1,30,30,45.857,45.567,0.000357,0.000553,0.000196
aten::cat,"[[[34,1,32],[34,1,32]],[]]","[""TensorList"",""Scalar""]",both,"[""operator_shape_matched""]","[""operator_shape_matched""]",1,1,10,10,12.254,12.287,9.5e-05,0.000149,5.4e-05
aten::cat,"[[[34,1,64],[34,1,192]],[]]","[""TensorList"",""Scalar""]",both,"[""operator_shape_matched""]","[""operator_shape_matched""]",1,1,10,10,12.384,12.288,9.6e-05,0.000149,5.3e-05
aten::cat,"[[[34,8,32],[34,8,32]],[]]","[""TensorList"",""Scalar""]",both,"[""operator_shape_matched""]","[""operator_shape_matched""]",1,1,10,10,12.801,13.44,0.0001,0.000163,6.3e-05
aten::cat,"[[[34,8,64],[34,8,192]],[]]","[""TensorList"",""Scalar""]",both,"[""operator_shape_matched""]","[""operator_shape_matched""]",1,1,10,10,14.176,14.239,0.00011,0.000173,6.2e-05
aten::cat,"[[[34816],[34816],[69632]],[]]","[""TensorList"",""Scalar""]",both,"[""operator_shape_matched""]","[""operator_shape_matched""]",1,1,30,30,44.993,44.897,0.00035,0.000545,0.000195
aten::cat,"[[[36,1,32],[36,1,32]],[]]","[""TensorList"",""Scalar""]",both,"[""operator_shape_matched""]","[""operator_shape_matched""]",1,1,10,10,11.648,11.649,9.1e-05,0.000141,5.1e-05
aten::cat,"[[[36,1,64],[36,1,192]],[]]","[""TensorList"",""Scalar""]",both,"[""operator_shape_matched""]","[""operator_shape_matched""]",1,1,10,10,12.064,12.096,9.4e-05,0.000147,5.3e-05
aten::cat,"[[[36,8,32],[36,8,32]],[]]","[""TensorList"",""Scalar""]",both,"[""operator_shape_matched""]","[""operator_shape_matched""]",1,1,10,10,12.607,12.642,9.8e-05,0.000153,5.5e-05
aten::cat,"[[[36,8,64],[36,8,192]],[]]","[""TensorList"",""Scalar""]",both,"[""operator_shape_matched""]","[""operator_shape_matched""]",1,1,10,10,14.271,14.208,0.000111,0.000172,6.1e-05
aten::cat,"[[[36864],[36864],[73728]],[]]","[""TensorList"",""Scalar""]",both,"[""operator_shape_matched""]","[""operator_shape_matched""]",1,1,30,30,45.924,46.339,0.000357,0.000562,0.000205
aten::cat,"[[[38,1,32],[38,1,32]],[]]","[""TensorList"",""Scalar""]",both,"[""operator_shape_matched""]","[""operator_shape_matched""]",1,1,10,10,11.902,12.001,9.3e-05,0.000146,5.3e-05
aten::cat,"[[[38,1,64],[38,1,192]],[]]","[""TensorList"",""Scalar""]",both,"[""operator_shape_matched""]","[""operator_shape_matched""]",1,1,10,10,12.322,12.319,9.6e-05,0.000149,5.4e-05
aten::cat,"[[[38,8,32],[38,8,32]],[]]","[""TensorList"",""Scalar""]",both,"[""operator_shape_matched""]","[""operator_shape_matched""]",1,1,10,10,13.088,13.055,0.000102,0.000158,5.7e-05
aten::cat,"[[[38,8,64],[38,8,192]],[]]","[""TensorList"",""Scalar""]",both,"[""operator_shape_matched""]","[""operator_shape_matched""]",1,1,10,10,14.303,14.239,0.000111,0.000173,6.1e-05
aten::cat,"[[[38912],[38912],[77824]],[]]","[""TensorList"",""Scalar""]",both,"[""operator_shape_matched""]","[""operator_shape_matched""]",1,1,30,30,45.983,46.27,0.000358,0.000561,0.000204
aten::cat,"[[[4,1,32],[4,1,32]],[]]","[""TensorList"",""Scalar""]",both,"[""operator_shape_matched""]","[""operator_shape_matched""]",1,1,10,10,10.976,11.103,8.5e-05,0.000135,4.9e-05
aten::cat,"[[[4,1,64],[4,1,192]],[]]","[""TensorList"",""Scalar""]",both,"[""operator_shape_matched""]","[""operator_shape_matched""]",1,1,10,10,11.168,11.169,8.7e-05,0.000136,4.9e-05
aten::cat,"[[[4,8,32],[4,8,32]],[]]","[""TensorList"",""Scalar""]",both,"[""operator_shape_matched""]","[""operator_shape_matched""]",1,1,10,10,11.999,12.193,9.3e-05,0.000148,5.5e-05
aten::cat,"[[[4,8,64],[4,8,192]],[]]","[""TensorList"",""Scalar""]",both,"[""operator_shape_matched""]","[""operator_shape_matched""]",1,1,10,10,12.607,12.512,9.8e-05,0.000152,5.4e-05
aten::cat,"[[[40,1,32],[40,1,32]],[]]","[""TensorList"",""Scalar""]",both,"[""operator_shape_matched""]","[""operator_shape_matched""]",1,1,10,10,12.447,12.384,9.7e-05,0.00015,5.3e-05
aten::cat,"[[[40,1,64],[40,1,192]],[]]","[""TensorList"",""Scalar""]",both,"[""operator_shape_matched""]","[""operator_shape_matched""]",1,1,10,10,12.257,12.287,9.5e-05,0.000149,5.4e-05
aten::cat,"[[[40,8,32],[40,8,32]],[]]","[""TensorList"",""Scalar""]",both,"[""operator_shape_matched""]","[""operator_shape_matched""]",1,1,10,10,13.184,13.024,0.000103,0.000158,5.5e-05
aten::cat,"[[[40,8,64],[40,8,192]],[]]","[""TensorList"",""Scalar""]",both,"[""operator_shape_matched""]","[""operator_shape_matched""]",1,1,10,10,14.338,14.368,0.000112,0.000174,6.3e-05
aten::cat,"[[[4096,1,32],[4096,1,32]],[]]","[""TensorList"",""Scalar""]",both,"[""operator_shape_matched""]","[""operator_shape_matched""]",1,1,10,10,14.654,14.816,0.000114,0.00018,6.6e-05
aten::cat,"[[[4096,1,64],[4096,1,192]],[]]","[""TensorList"",""Scalar""]",both,"[""operator_shape_matched""]","[""operator_shape_matched""]",1,1,10,10,21.217,20.928,0.000165,0.000254,8.9e-05
aten::cat,"[[[4096,8,32],[4096,8,32]],[]]","[""TensorList"",""Scalar""]",both,"[""operator_shape_matched""]","[""operator_shape_matched""]",1,1,10,10,29.951,30.176,0.000233,0.000366,0.000133
aten::cat,"[[[4096,8,64],[4096,8,192]],[]]","[""TensorList"",""Scalar""]",both,"[""operator_shape_matched""]","[""operator_shape_matched""]",1,1,10,10,99.971,99.234,0.000778,0.001204,0.000426
aten::cat,"[[[40960],[40960],[81920]],[]]","[""TensorList"",""Scalar""]",both,"[""operator_shape_matched""]","[""operator_shape_matched""]",1,1,30,30,46.241,46.24,0.00036,0.000561,0.000201
aten::cat,"[[[4096],[4096],[8192]],[]]","[""TensorList"",""Scalar""]",both,"[""operator_shape_matched""]","[""operator_shape_matched""]",1,1,30,30,39.296,39.234,0.000306,0.000476,0.00017
aten::cat,"[[[42,1,32],[42,1,32]],[]]","[""TensorList"",""Scalar""]",both,"[""operator_shape_matched""]","[""operator_shape_matched""]",1,1,10,10,12.162,12.127,9.5e-05,0.000147,5.2e-05
aten::cat,"[[[42,1,64],[42,1,192]],[]]","[""TensorList"",""Scalar""]",both,"[""operator_shape_matched""]","[""operator_shape_matched""]",1,1,10,10,12.256,12.225,9.5e-05,0.000148,5.3e-05
aten::cat,"[[[42,8,32],[42,8,32]],[]]","[""TensorList"",""Scalar""]",both,"[""operator_shape_matched""]","[""operator_shape_matched""]",1,1,10,10,12.448,12.545,9.7e-05,0.000152,5.5e-05
aten::cat,"[[[42,8,64],[42,8,192]],[]]","[""TensorList"",""Scalar""]",both,"[""operator_shape_matched""]","[""operator_shape_matched""]",1,1,10,10,14.369,14.336,0.000112,0.000174,6.2e-05
aten::cat,"[[[43008],[43008],[86016]],[]]","[""TensorList"",""Scalar""]",both,"[""operator_shape_matched""]","[""operator_shape_matched""]",1,1,30,30,46.021,46.211,0.000358,0.000561,0.000203
aten::cat,"[[[44,1,32],[44,1,32]],[]]","[""TensorList"",""Scalar""]",both,"[""operator_shape_matched""]","[""operator_shape_matched""]",1,1,10,10,11.906,11.935,9.3e-05,0.000145,5.2e-05
aten::cat,"[[[44,1,64],[44,1,192]],[]]","[""TensorList"",""Scalar""]",both,"[""operator_shape_matched""]","[""operator_shape_matched""]",1,1,10,10,12.256,12.354,9.5e-05,0.00015,5.5e-05
aten::cat,"[[[44,8,32],[44,8,32]],[]]","[""TensorList"",""Scalar""]",both,"[""operator_shape_matched""]","[""operator_shape_matched""]",1,1,10,10,12.672,12.866,9.9e-05,0.000156,5.7e-05
aten::cat,"[[[44,8,64],[44,8,192]],[]]","[""TensorList"",""Scalar""]",both,"[""operator_shape_matched""]","[""operator_shape_matched""]",1,1,10,10,14.401,14.431,0.000112,0.000175,6.3e-05
aten::cat,"[[[45056],[45056],[90112]],[]]","[""TensorList"",""Scalar""]",both,"[""operator_shape_matched""]","[""operator_shape_matched""]",1,1,30,30,46.373,46.11,0.000361,0.000559,0.000199
aten::cat,"[[[46,1,32],[46,1,32]],[]]","[""TensorList"",""Scalar""]",both,"[""operator_shape_matched""]","[""operator_shape_matched""]",1,1,10,10,12.288,12.191,9.6e-05,0.000148,5.2e-05
aten::cat,"[[[46,1,64],[46,1,192]],[]]","[""TensorList"",""Scalar""]",both,"[""operator_shape_matched""]","[""operator_shape_matched""]",1,1,10,10,12.288,12.321,9.6e-05,0.000149,5.4e-05
aten::cat,"[[[46,8,32],[46,8,32]],[]]","[""TensorList"",""Scalar""]",both,"[""operator_shape_matched""]","[""operator_shape_matched""]",1,1,10,10,12.8,12.956,0.0001,0.000157,5.8e-05
aten::cat,"[[[46,8,64],[46,8,192]],[]]","[""TensorList"",""Scalar""]",both,"[""operator_shape_matched""]","[""operator_shape_matched""]",1,1,10,10,14.336,14.303,0.000112,0.000174,6.2e-05
aten::cat,"[[[47104],[47104],[94208]],[]]","[""TensorList"",""Scalar""]",both,"[""operator_shape_matched""]","[""operator_shape_matched""]",1,1,30,30,46.051,47.167,0.000358,0.000572,0.000214
aten::cat,"[[[48,1,32],[48,1,32]],[]]","[""TensorList"",""Scalar""]",both,"[""operator_shape_matched""]","[""operator_shape_matched""]",1,1,10,10,12.256,12.384,9.5e-05,0.00015,5.5e-05
aten::cat,"[[[48,1,64],[48,1,192]],[]]","[""TensorList"",""Scalar""]",both,"[""operator_shape_matched""]","[""operator_shape_matched""]",1,1,10,10,12.353,12.319,9.6e-05,0.000149,5.3e-05
aten::cat,"[[[48,8,32],[48,8,32]],[]]","[""TensorList"",""Scalar""]",both,"[""operator_shape_matched""]","[""operator_shape_matched""]",1,1,10,10,12.609,12.639,9.8e-05,0.000153,5.5e-05
aten::cat,"[[[48,8,64],[48,8,192]],[]]","[""TensorList"",""Scalar""]",both,"[""operator_shape_matched""]","[""operator_shape_matched""]",1,1,10,10,14.4,14.304,0.000112,0.000174,6.1e-05
aten::cat,"[[[49152],[49152],[98304]],[]]","[""TensorList"",""Scalar""]",both,"[""operator_shape_matched""]","[""operator_shape_matched""]",1,1,30,30,46.369,46.656,0.000361,0.000566,0.000205
aten::cat,"[[[50,1,32],[50,1,32]],[]]","[""TensorList"",""Scalar""]",both,"[""operator_shape_matched""]","[""operator_shape_matched""]",1,1,10,10,12.256,12.191,9.5e-05,0.000148,5.3e-05
aten::cat,"[[[50,1,64],[50,1,192]],[]]","[""TensorList"",""Scalar""]",both,"[""operator_shape_matched""]","[""operator_shape_matched""]",1,1,10,10,12.257,12.285,9.5e-05,0.000149,5.4e-05
aten::cat,"[[[50,8,32],[50,8,32]],[]]","[""TensorList"",""Scalar""]",both,"[""operator_shape_matched""]","[""operator_shape_matched""]",1,1,10,10,12.705,13.057,9.9e-05,0.000158,6e-05
aten::cat,"[[[50,8,64],[50,8,192]],[]]","[""TensorList"",""Scalar""]",both,"[""operator_shape_matched""]","[""operator_shape_matched""]",1,1,10,10,14.336,14.304,0.000112,0.000174,6.2e-05
aten::cat,"[[[5089,1,32],[5089,1,32]],[]]","[""TensorList"",""Scalar""]",both,"[""operator_shape_matched""]","[""operator_shape_matched""]",1,1,10,10,14.879,14.818,0.000116,0.00018,6.4e-05
aten::cat,"[[[5089,1,64],[5089,1,192]],[]]","[""TensorList"",""Scalar""]",both,"[""operator_shape_matched""]","[""operator_shape_matched""]",1,1,10,10,23.264,23.295,0.000181,0.000283,0.000102
aten::cat,"[[[5089,8,32],[5089,8,32]],[]]","[""TensorList"",""Scalar""]",both,"[""operator_shape_matched""]","[""operator_shape_matched""]",1,1,10,10,35.552,35.521,0.000277,0.000431,0.000154
aten::cat,"[[[5089,8,64],[5089,8,192]],[]]","[""TensorList"",""Scalar""]",both,"[""operator_shape_matched""]","[""operator_shape_matched""]",1,1,10,10,137.893,137.123,0.001073,0.001664,0.000591
aten::cat,"[[[51200],[51200],[102400]],[]]","[""TensorList"",""Scalar""]",both,"[""operator_shape_matched""]","[""operator_shape_matched""]",1,1,30,30,46.656,47.07,0.000363,0.000571,0.000208
aten::cat,"[[[52,1,32],[52,1,32]],[]]","[""TensorList"",""Scalar""]",both,"[""operator_shape_matched""]","[""operator_shape_matched""]",1,1,10,10,12.193,12.129,9.5e-05,0.000147,5.2e-05
aten::cat,"[[[52,1,64],[52,1,192]],[]]","[""TensorList"",""Scalar""]",both,"[""operator_shape_matched""]","[""operator_shape_matched""]",1,1,10,10,12.512,12.479,9.7e-05,0.000151,5.4e-05
aten::cat,"[[[52,8,32],[52,8,32]],[]]","[""TensorList"",""Scalar""]",both,"[""operator_shape_matched""]","[""operator_shape_matched""]",1,1,10,10,13.089,12.865,0.000102,0.000156,5.4e-05
aten::cat,"[[[52,8,64],[52,8,192]],[]]","[""TensorList"",""Scalar""]",both,"[""operator_shape_matched""]","[""operator_shape_matched""]",1,1,10,10,14.432,14.4,0.000112,0.000175,6.2e-05
aten::cat,"[[[53248],[53248],[106496]],[]]","[""TensorList"",""Scalar""]",both,"[""operator_shape_matched""]","[""operator_shape_matched""]",1,1,30,30,47.041,46.878,0.000366,0.000569,0.000203
aten::cat,"[[[54,1,32],[54,1,32]],[]]","[""TensorList"",""Scalar""]",both,"[""operator_shape_matched""]","[""operator_shape_matched""]",1,1,10,10,12.478,12.512,9.7e-05,0.000152,5.5e-05
aten::cat,"[[[54,1,64],[54,1,192]],[]]","[""TensorList"",""Scalar""]",both,"[""operator_shape_matched""]","[""operator_shape_matched""]",1,1,10,10,12.287,12.353,9.6e-05,0.00015,5.4e-05
aten::cat,"[[[54,8,32],[54,8,32]],[]]","[""TensorList"",""Scalar""]",both,"[""operator_shape_matched""]","[""operator_shape_matched""]",1,1,10,10,12.992,12.992,0.000101,0.000158,5.7e-05
aten::cat,"[[[54,8,64],[54,8,192]],[]]","[""TensorList"",""Scalar""]",both,"[""operator_shape_matched""]","[""operator_shape_matched""]",1,1,10,10,14.304,14.208,0.000111,0.000172,6.1e-05
aten::cat,"[[[55296],[55296],[110592]],[]]","[""TensorList"",""Scalar""]",both,"[""operator_shape_matched""]","[""operator_shape_matched""]",1,1,30,30,47.552,46.945,0.00037,0.00057,0.0002
aten::cat,"[[[56,1,32],[56,1,32]],[]]","[""TensorList"",""Scalar""]",both,"[""operator_shape_matched""]","[""operator_shape_matched""]",1,1,10,10,12.547,12.608,9.8e-05,0.000153,5.5e-05
aten::cat,"[[[56,1,64],[56,1,192]],[]]","[""TensorList"",""Scalar""]",both,"[""operator_shape_matched""]","[""operator_shape_matched""]",1,1,10,10,12.289,12.354,9.6e-05,0.00015,5.4e-05
aten::cat,"[[[56,8,32],[56,8,32]],[]]","[""TensorList"",""Scalar""]",both,"[""operator_shape_matched""]","[""operator_shape_matched""]",1,1,10,10,13.184,12.832,0.000103,0.000156,5.3e-05
aten::cat,"[[[56,8,64],[56,8,192]],[]]","[""TensorList"",""Scalar""]",both,"[""operator_shape_matched""]","[""operator_shape_matched""]",1,1,10,10,14.368,14.305,0.000112,0.000174,6.2e-05
aten::cat,"[[[57344],[57344],[114688]],[]]","[""TensorList"",""Scalar""]",both,"[""operator_shape_matched""]","[""operator_shape_matched""]",1,1,30,30,47.651,47.457,0.000371,0.000576,0.000205
aten::cat,"[[[58,1,32],[58,1,32]],[]]","[""TensorList"",""Scalar""]",both,"[""operator_shape_matched""]","[""operator_shape_matched""]",1,1,10,10,11.487,11.52,8.9e-05,0.00014,5e-05
aten::cat,"[[[58,1,64],[58,1,192]],[]]","[""TensorList"",""Scalar""]",both,"[""operator_shape_matched""]","[""operator_shape_matched""]",1,1,10,10,12.512,12.479,9.7e-05,0.000151,5.4e-05
aten::cat,"[[[58,8,32],[58,8,32]],[]]","[""TensorList"",""Scalar""]",both,"[""operator_shape_matched""]","[""operator_shape_matched""]",1,1,10,10,12.992,13.058,0.000101,0.000158,5.7e-05
aten::cat,"[[[58,8,64],[58,8,192]],[]]","[""TensorList"",""Scalar""]",both,"[""operator_shape_matched""]","[""operator_shape_matched""]",1,1,10,10,14.304,14.208,0.000111,0.000172,6.1e-05
aten::cat,"[[[59392],[59392],[118784]],[]]","[""TensorList"",""Scalar""]",both,"[""operator_shape_matched""]","[""operator_shape_matched""]",1,1,30,30,48.131,48.126,0.000375,0.000584,0.000209
aten::cat,"[[[6,1,32],[6,1,32]],[]]","[""TensorList"",""Scalar""]",both,"[""operator_shape_matched""]","[""operator_shape_matched""]",1,1,10,10,11.232,11.264,8.7e-05,0.000137,4.9e-05
aten::cat,"[[[6,1,64],[6,1,192]],[]]","[""TensorList"",""Scalar""]",both,"[""operator_shape_matched""]","[""operator_shape_matched""]",1,1,10,10,12.415,12.354,9.7e-05,0.00015,5.3e-05
aten::cat,"[[[6,8,32],[6,8,32]],[]]","[""TensorList"",""Scalar""]",both,"[""operator_shape_matched""]","[""operator_shape_matched""]",1,1,10,10,12.384,12.802,9.6e-05,0.000155,5.9e-05
aten::cat,"[[[6,8,64],[6,8,192]],[]]","[""TensorList"",""Scalar""]",both,"[""operator_shape_matched""]","[""operator_shape_matched""]",1,1,10,10,12.511,12.577,9.7e-05,0.000153,5.5e-05
aten::cat,"[[[60,1,32],[60,1,32]],[]]","[""TensorList"",""Scalar""]",both,"[""operator_shape_matched""]","[""operator_shape_matched""]",1,1,10,10,11.712,11.744,9.1e-05,0.000142,5.1e-05
aten::cat,"[[[60,1,64],[60,1,192]],[]]","[""TensorList"",""Scalar""]",both,"[""operator_shape_matched""]","[""operator_shape_matched""]",1,1,10,10,12.576,12.575,9.8e-05,0.000153,5.5e-05
aten::cat,"[[[60,8,32],[60,8,32]],[]]","[""TensorList"",""Scalar""]",both,"[""operator_shape_matched""]","[""operator_shape_matched""]",1,1,10,10,12.992,13.057,0.000101,0.000158,5.7e-05
aten::cat,"[[[60,8,64],[60,8,192]],[]]","[""TensorList"",""Scalar""]",both,"[""operator_shape_matched""]","[""operator_shape_matched""]",1,1,10,10,14.304,14.305,0.000111,0.000174,6.2e-05
aten::cat,"[[[61440],[61440],[122880]],[]]","[""TensorList"",""Scalar""]",both,"[""operator_shape_matched""]","[""operator_shape_matched""]",1,1,30,30,47.52,47.555,0.00037,0.000577,0.000207
aten::cat,"[[[6144],[6144],[12288]],[]]","[""TensorList"",""Scalar""]",both,"[""operator_shape_matched""]","[""operator_shape_matched""]",1,1,30,30,40.418,39.551,0.000315,0.00048,0.000165
aten::cat,"[[[62,1,32],[62,1,32]],[]]","[""TensorList"",""Scalar""]",both,"[""operator_shape_matched""]","[""operator_shape_matched""]",1,1,10,10,11.968,12.034,9.3e-05,0.000146,5.3e-05
aten::cat,"[[[62,1,64],[62,1,192]],[]]","[""TensorList"",""Scalar""]",both,"[""operator_shape_matched""]","[""operator_shape_matched""]",1,1,10,10,12.35,12.319,9.6e-05,0.000149,5.3e-05
aten::cat,"[[[62,8,32],[62,8,32]],[]]","[""TensorList"",""Scalar""]",both,"[""operator_shape_matched""]","[""operator_shape_matched""]",1,1,10,10,13.312,13.25,0.000104,0.000161,5.7e-05
aten::cat,"[[[62,8,64],[62,8,192]],[]]","[""TensorList"",""Scalar""]",both,"[""operator_shape_matched""]","[""operator_shape_matched""]",1,1,10,10,14.464,14.497,0.000113,0.000176,6.3e-05
aten::cat,"[[[63,1,32],[63,1,32]],[]]","[""TensorList"",""Scalar""]",both,"[""operator_shape_matched""]","[""operator_shape_matched""]",1,1,20,20,22.942,22.816,0.000179,0.000277,9.8e-05
aten::cat,"[[[63,1,64],[63,1,192]],[]]","[""TensorList"",""Scalar""]",both,"[""operator_shape_matched""]","[""operator_shape_matched""]",1,1,20,20,24.545,24.482,0.000191,0.000297,0.000106
aten::cat,"[[[63,8,32],[63,8,32]],[]]","[""TensorList"",""Scalar""]",both,"[""operator_shape_matched""]","[""operator_shape_matched""]",1,1,20,20,26.594,26.721,0.000207,0.000324,0.000117
aten::cat,"[[[63,8,64],[63,8,192]],[]]","[""TensorList"",""Scalar""]",both,"[""operator_shape_matched""]","[""operator_shape_matched""]",1,1,20,20,29.12,29.153,0.000227,0.000354,0.000127
aten::cat,"[[[63488],[63488],[126976]],[]]","[""TensorList"",""Scalar""]",both,"[""operator_shape_matched""]","[""operator_shape_matched""]",1,1,30,30,47.901,47.873,0.000373,0.000581,0.000208
aten::cat,"[[[64,1,32],[64,1,32]],[]]","[""TensorList"",""Scalar""]",both,"[""operator_shape_matched""]","[""operator_shape_matched""]",1,1,4780,2220,5621.643,2614.917,0.043751,0.031727,-0.012024
aten::cat,"[[[64,1,64],[64,1,192]],[]]","[""TensorList"",""Scalar""]",both,"[""operator_shape_matched""]","[""operator_shape_matched""]",1,1,4780,2220,5900.207,2743.404,0.045919,0.033286,-0.012633
aten::cat,"[[[64,8,32],[64,8,32]],[]]","[""TensorList"",""Scalar""]",both,"[""operator_shape_matched""]","[""operator_shape_matched""]",1,1,4780,2220,6279.365,2919.923,0.04887,0.035428,-0.013442
aten::cat,"[[[64,8,64],[64,8,192]],[]]","[""TensorList"",""Scalar""]",both,"[""operator_shape_matched""]","[""operator_shape_matched""]",1,1,4780,2220,6817.591,3172.186,0.053058,0.038488,-0.01457
aten::cat,"[[[8,1,32],[8,1,32]],[]]","[""TensorList"",""Scalar""]",both,"[""operator_shape_matched""]","[""operator_shape_matched""]",1,1,10,10,11.168,11.232,8.7e-05,0.000136,4.9e-05
aten::cat,"[[[8,1,64],[8,1,192]],[]]","[""TensorList"",""Scalar""]",both,"[""operator_shape_matched""]","[""operator_shape_matched""]",1,1,10,10,11.967,12.095,9.3e-05,0.000147,5.4e-05
aten::cat,"[[[8,8,32],[8,8,32]],[]]","[""TensorList"",""Scalar""]",both,"[""operator_shape_matched""]","[""operator_shape_matched""]",1,1,10,10,12.287,12.192,9.6e-05,0.000148,5.2e-05
aten::cat,"[[[8,8,64],[8,8,192]],[]]","[""TensorList"",""Scalar""]",both,"[""operator_shape_matched""]","[""operator_shape_matched""]",1,1,10,10,12.768,12.832,9.9e-05,0.000156,5.6e-05
aten::cat,"[[[8192,1,32],[8192,1,32]],[]]","[""TensorList"",""Scalar""]",both,"[""operator_shape_matched""]","[""operator_shape_matched""]",1,1,310,310,499.97,497.228,0.003891,0.006033,0.002142
aten::cat,"[[[8192,1,64],[8192,1,192]],[]]","[""TensorList"",""Scalar""]",both,"[""operator_shape_matched""]","[""operator_shape_matched""]",1,1,310,310,951.155,951.404,0.007402,0.011543,0.004141
aten::cat,"[[[8192,8,32],[8192,8,32]],[]]","[""TensorList"",""Scalar""]",both,"[""operator_shape_matched""]","[""operator_shape_matched""]",1,1,310,310,1498.035,1496.674,0.011659,0.018159,0.006501
aten::cat,"[[[8192,8,64],[8192,8,192]],[]]","[""TensorList"",""Scalar""]",both,"[""operator_shape_matched""]","[""operator_shape_matched""]",1,1,310,310,7869.355,7857.825,0.061244,0.095339,0.034095
aten::cat,"[[[8192],[8192],[16384]],[]]","[""TensorList"",""Scalar""]",both,"[""operator_shape_matched""]","[""operator_shape_matched""]",1,1,30,30,40.642,40.735,0.000316,0.000494,0.000178
aten::copy_,"[[1,1,256],[1,1,256],[]]","[""c10::BFloat16"",""float"",""Scalar""]",both,"[""operator_shape_matched""]","[""operator_shape_matched""]",1,1,10,10,11.937,11.871,9.3e-05,0.000144,5.1e-05
aten::copy_,"[[1,1,256],[1,1,256],[]]","[""float"",""c10::BFloat16"",""Scalar""]",both,"[""operator_shape_matched""]","[""operator_shape_matched""]",1,1,10,10,16.544,16.13,0.000129,0.000196,6.7e-05
aten::copy_,"[[1,10],[1,10],[]]","[""c10::BFloat16"",""c10::BFloat16"",""Scalar""]",both,"[""operator_shape_matched""]","[""operator_shape_matched""]",1,1,20,20,23.616,23.582,0.000184,0.000286,0.000102
aten::copy_,"[[1,11],[1,11],[]]","[""c10::BFloat16"",""c10::BFloat16"",""Scalar""]",both,"[""operator_shape_matched""]","[""operator_shape_matched""]",1,1,20,20,24.959,25.056,0.000194,0.000304,0.00011
aten::copy_,"[[1,2048],[1,2048],[]]","[""c10::BFloat16"",""float"",""Scalar""]",both,"[""operator_shape_matched""]","[""operator_shape_matched""]",1,1,161,161,179.947,179.393,0.0014,0.002177,0.000776
aten::copy_,"[[1,2048],[1,2048],[]]","[""float"",""c10::BFloat16"",""Scalar""]",both,"[""operator_shape_matched""]","[""operator_shape_matched""]",1,1,161,161,408.778,410.469,0.003181,0.00498,0.001799
aten::copy_,"[[1,248320],[1,248320],[]]","[""float"",""c10::BFloat16"",""Scalar""]",both,"[""operator_shape_matched""]","[""operator_shape_matched""]",1,1,2,2,5.951,6.08,4.6e-05,7.4e-05,2.7e-05
aten::copy_,"[[1,8,192],[1,8,192],[]]","[""c10::BFloat16"",""c10::BFloat16"",""Scalar""]",both,"[""operator_shape_matched""]","[""operator_shape_matched""]",1,1,10,10,21.089,19.554,0.000164,0.000237,7.3e-05
aten::copy_,"[[1,8,256],[1,8,256],[]]","[""c10::BFloat16"",""c10::BFloat16"",""Scalar""]",both,"[""operator_shape_matched""]","[""operator_shape_matched""]",1,1,20,20,43.041,45.634,0.000335,0.000554,0.000219
aten::copy_,"[[1,8,256],[1,8,256],[]]","[""c10::BFloat16"",""float"",""Scalar""]",both,"[""operator_shape_matched""]","[""operator_shape_matched""]",1,1,10,10,11.201,11.104,8.7e-05,0.000135,4.8e-05
aten::copy_,"[[1,8,256],[1,8,256],[]]","[""float"",""c10::BFloat16"",""Scalar""]",both,"[""operator_shape_matched""]","[""operator_shape_matched""]",1,1,10,10,23.809,23.808,0.000185,0.000289,0.000104
aten::copy_,"[[10,1,192],[10,1,192],[]]","[""c10::BFloat16"",""c10::BFloat16"",""Scalar""]",both,"[""operator_shape_matched""]","[""operator_shape_matched""]",1,1,10,10,22.209,22.272,0.000173,0.00027,9.7e-05
aten::copy_,"[[10,1,256],[10,1,256],[]]","[""c10::BFloat16"",""float"",""Scalar""]",both,"[""operator_shape_matched""]","[""operator_shape_matched""]",1,1,10,10,13.568,13.728,0.000106,0.000167,6.1e-05
aten::copy_,"[[10,1,256],[10,1,256],[]]","[""float"",""c10::BFloat16"",""Scalar""]",both,"[""operator_shape_matched""]","[""operator_shape_matched""]",1,1,10,10,31.263,31.233,0.000243,0.000379,0.000136
aten::copy_,"[[10,1024],[10,1024],[]]","[""c10::BFloat16"",""c10::BFloat16"",""Scalar""]",both,"[""operator_shape_matched""]","[""operator_shape_matched""]",1,1,60,60,185.504,185.023,0.001444,0.002245,0.000801
aten::copy_,"[[10,10],[10,10],[]]","[""c10::BFloat16"",""c10::BFloat16"",""Scalar""]",both,"[""operator_shape_matched""]","[""operator_shape_matched""]",1,1,20,20,23.455,23.486,0.000183,0.000285,0.000102
aten::copy_,"[[10,11],[10,11],[]]","[""c10::BFloat16"",""c10::BFloat16"",""Scalar""]",both,"[""operator_shape_matched""]","[""operator_shape_matched""]",1,1,20,20,23.489,23.488,0.000183,0.000285,0.000102
aten::copy_,"[[10,16,128],[10,16,128],[]]","[""c10::BFloat16"",""c10::BFloat16"",""Scalar""]",both,"[""operator_shape_matched""]","[""operator_shape_matched""]",1,1,30,30,74.56,75.523,0.00058,0.000916,0.000336
aten::copy_,"[[10,16],[10,16],[]]","[""c10::BFloat16"",""c10::BFloat16"",""Scalar""]",both,"[""operator_shape_matched""]","[""operator_shape_matched""]",1,1,60,60,88.734,89.309,0.000691,0.001084,0.000393
aten::copy_,"[[10,2,124160],[10,2,124160],[]]","[""c10::BFloat16"",""c10::BFloat16"",""Scalar""]",both,"[""operator_shape_matched""]","[""operator_shape_matched""]",1,1,1,1,7.2,7.264,5.6e-05,8.8e-05,3.2e-05
aten::copy_,"[[10,2048],[10,2048],[]]","[""c10::BFloat16"",""c10::BFloat16"",""Scalar""]",both,"[""operator_shape_matched""]","[""operator_shape_matched""]",1,1,30,30,93.188,94.37,0.000725,0.001145,0.00042
aten::copy_,"[[10,2048],[10,2048],[]]","[""c10::BFloat16"",""float"",""Scalar""]",both,"[""operator_shape_matched""]","[""operator_shape_matched""]",1,1,161,161,195.013,195.101,0.001518,0.002367,0.000849
aten::copy_,"[[10,2048],[10,2048],[]]","[""float"",""c10::BFloat16"",""Scalar""]",both,"[""operator_shape_matched""]","[""operator_shape_matched""]",1,1,161,161,494.158,494.284,0.003846,0.005997,0.002151
aten::copy_,"[[10,248320],[10,248320],[]]","[""float"",""c10::BFloat16"",""Scalar""]",both,"[""operator_shape_matched""]","[""operator_shape_matched""]",1,1,1,1,7.392,7.425,5.8e-05,9e-05,3.3e-05
aten::copy_,"[[10,32],[10,32],[]]","[""c10::BFloat16"",""c10::BFloat16"",""Scalar""]",both,"[""operator_shape_matched""]","[""operator_shape_matched""]",1,1,20,20,32.641,32.703,0.000254,0.000397,0.000143
aten::copy_,"[[10,8,192],[10,8,192],[]]","[""c10::BFloat16"",""c10::BFloat16"",""Scalar""]",both,"[""operator_shape_matched""]","[""operator_shape_matched""]",1,1,10,10,23.295,23.296,0.000181,0.000283,0.000101
aten::copy_,"[[10,8,256],[10,8,256],[]]","[""c10::BFloat16"",""c10::BFloat16"",""Scalar""]",both,"[""operator_shape_matched""]","[""operator_shape_matched""]",1,1,20,20,49.087,49.473,0.000382,0.0006,0.000218
aten::copy_,"[[10,8,256],[10,8,256],[]]","[""c10::BFloat16"",""float"",""Scalar""]",both,"[""operator_shape_matched""]","[""operator_shape_matched""]",1,1,10,10,12.512,12.447,9.7e-05,0.000151,5.4e-05
aten::copy_,"[[10,8,256],[10,8,256],[]]","[""float"",""c10::BFloat16"",""Scalar""]",both,"[""operator_shape_matched""]","[""operator_shape_matched""]",1,1,10,10,27.808,27.841,0.000216,0.000338,0.000121
aten::copy_,"[[1008,128],[1008,128],[]]","[""c10::BFloat16"",""float"",""Scalar""]",both,"[""operator_shape_matched""]","[""operator_shape_matched""]",1,1,60,60,82.846,82.916,0.000645,0.001006,0.000361
aten::copy_,"[[1008,128],[1008,128],[]]","[""float"",""c10::BFloat16"",""Scalar""]",both,"[""operator_shape_matched""]","[""operator_shape_matched""]",1,1,120,120,396.78,400.418,0.003088,0.004858,0.00177
aten::copy_,"[[1024,128],[1024,128],[]]","[""c10::BFloat16"",""float"",""Scalar""]",both,"[""operator_shape_matched""]","[""operator_shape_matched""]",1,1,14340,6660,19937.658,9278.631,0.155166,0.112578,-0.042588
aten::copy_,"[[1024,128],[1024,128],[]]","[""float"",""c10::BFloat16"",""Scalar""]",both,"[""operator_shape_matched""]","[""operator_shape_matched""]",1,1,28680,13320,94910.799,44141.298,0.738651,0.535568,-0.203082
aten::copy_,"[[1025],[1025],[]]","[""int"",""long int"",""Scalar""]",both,"[""operator_shape_matched""]","[""operator_shape_matched""]",1,1,3,3,5.248,5.28,4.1e-05,6.4e-05,2.3e-05
aten::copy_,"[[1027],[1027],[]]","[""int"",""long int"",""Scalar""]",both,"[""operator_shape_matched""]","[""operator_shape_matched""]",1,1,3,3,5.505,5.44,4.3e-05,6.6e-05,2.3e-05
aten::copy_,"[[1029],[1029],[]]","[""int"",""long int"",""Scalar""]",both,"[""operator_shape_matched""]","[""operator_shape_matched""]",1,1,3,3,5.28,5.28,4.1e-05,6.4e-05,2.3e-05
aten::copy_,"[[1030],[1030],[]]","[""int"",""long int"",""Scalar""]",both,"[""operator_shape_matched""]","[""operator_shape_matched""]",1,1,3,3,5.473,5.472,4.3e-05,6.6e-05,2.4e-05
aten::copy_,"[[1032],[1032],[]]","[""int"",""long int"",""Scalar""]",both,"[""operator_shape_matched""]","[""operator_shape_matched""]",1,1,3,3,5.344,5.344,4.2e-05,6.5e-05,2.3e-05
aten::copy_,"[[1034],[1034],[]]","[""int"",""long int"",""Scalar""]",both,"[""operator_shape_matched""]","[""operator_shape_matched""]",1,1,3,3,5.376,5.408,4.2e-05,6.6e-05,2.4e-05
aten::copy_,"[[1035],[1035],[]]","[""int"",""long int"",""Scalar""]",both,"[""operator_shape_matched""]","[""operator_shape_matched""]",1,1,3,3,5.377,5.472,4.2e-05,6.6e-05,2.5e-05
aten::copy_,"[[1037],[1037],[]]","[""int"",""long int"",""Scalar""]",both,"[""operator_shape_matched""]","[""operator_shape_matched""]",1,1,3,3,5.28,5.249,4.1e-05,6.4e-05,2.3e-05
aten::copy_,"[[1039],[1039],[]]","[""int"",""long int"",""Scalar""]",both,"[""operator_shape_matched""]","[""operator_shape_matched""]",1,1,3,3,5.473,5.407,4.3e-05,6.6e-05,2.3e-05
aten::copy_,"[[1041],[1041],[]]","[""int"",""long int"",""Scalar""]",both,"[""operator_shape_matched""]","[""operator_shape_matched""]",1,1,3,3,5.44,5.473,4.2e-05,6.6e-05,2.4e-05
aten::copy_,"[[1043],[1043],[]]","[""int"",""long int"",""Scalar""]",both,"[""operator_shape_matched""]","[""operator_shape_matched""]",1,1,3,3,5.312,5.345,4.1e-05,6.5e-05,2.4e-05
aten::copy_,"[[1044],[1044],[]]","[""int"",""long int"",""Scalar""]",both,"[""operator_shape_matched""]","[""operator_shape_matched""]",1,1,3,3,5.439,5.473,4.2e-05,6.6e-05,2.4e-05
aten::copy_,"[[1046],[1046],[]]","[""int"",""long int"",""Scalar""]",both,"[""operator_shape_matched""]","[""operator_shape_matched""]",1,1,3,3,5.344,5.344,4.2e-05,6.5e-05,2.3e-05
aten::copy_,"[[1048],[1048],[]]","[""int"",""long int"",""Scalar""]",both,"[""operator_shape_matched""]","[""operator_shape_matched""]",1,1,3,3,5.376,5.344,4.2e-05,6.5e-05,2.3e-05
aten::copy_,"[[1049],[1049],[]]","[""int"",""long int"",""Scalar""]",both,"[""operator_shape_matched""]","[""operator_shape_matched""]",1,1,3,3,5.472,5.44,4.3e-05,6.6e-05,2.3e-05
aten::copy_,"[[1051],[1051],[]]","[""int"",""long int"",""Scalar""]",both,"[""operator_shape_matched""]","[""operator_shape_matched""]",1,1,3,3,5.312,5.28,4.1e-05,6.4e-05,2.3e-05
aten::copy_,"[[1053],[1053],[]]","[""int"",""long int"",""Scalar""]",both,"[""operator_shape_matched""]","[""operator_shape_matched""]",1,1,3,3,5.375,5.504,4.2e-05,6.7e-05,2.5e-05
aten::copy_,"[[1055],[1055],[]]","[""int"",""long int"",""Scalar""]",both,"[""operator_shape_matched""]","[""operator_shape_matched""]",1,1,3,3,5.377,5.376,4.2e-05,6.5e-05,2.3e-05
aten::copy_,"[[1057],[1057],[]]","[""int"",""long int"",""Scalar""]",both,"[""operator_shape_matched""]","[""operator_shape_matched""]",1,1,3,3,5.312,5.409,4.1e-05,6.6e-05,2.4e-05
aten::copy_,"[[1058],[1058],[]]","[""int"",""long int"",""Scalar""]",both,"[""operator_shape_matched""]","[""operator_shape_matched""]",1,1,3,3,5.377,5.44,4.2e-05,6.6e-05,2.4e-05
aten::copy_,"[[1060],[1060],[]]","[""int"",""long int"",""Scalar""]",both,"[""operator_shape_matched""]","[""operator_shape_matched""]",1,1,3,3,5.312,5.346,4.1e-05,6.5e-05,2.4e-05
aten::copy_,"[[1062],[1062],[]]","[""int"",""long int"",""Scalar""]",both,"[""operator_shape_matched""]","[""operator_shape_matched""]",1,1,3,3,5.344,5.343,4.2e-05,6.5e-05,2.3e-05
aten::copy_,"[[1063],[1063],[]]","[""int"",""long int"",""Scalar""]",both,"[""operator_shape_matched""]","[""operator_shape_matched""]",1,1,3,3,5.44,5.472,4.2e-05,6.6e-05,2.4e-05
aten::copy_,"[[1065],[1065],[]]","[""int"",""long int"",""Scalar""]",both,"[""operator_shape_matched""]","[""operator_shape_matched""]",1,1,3,3,5.313,5.344,4.1e-05,6.5e-05,2.3e-05
aten::copy_,"[[1067],[1067],[]]","[""int"",""long int"",""Scalar""]",both,"[""operator_shape_matched""]","[""operator_shape_matched""]",1,1,3,3,5.408,5.408,4.2e-05,6.6e-05,2.4e-05
aten::copy_,"[[1069],[1069],[]]","[""int"",""long int"",""Scalar""]",both,"[""operator_shape_matched""]","[""operator_shape_matched""]",1,1,3,3,5.408,5.377,4.2e-05,6.5e-05,2.3e-05
aten::copy_,"[[1071],[1071],[]]","[""int"",""long int"",""Scalar""]",both,"[""operator_shape_matched""]","[""operator_shape_matched""]",1,1,3,3,5.312,5.312,4.1e-05,6.4e-05,2.3e-05
aten::copy_,"[[1072],[1072],[]]","[""int"",""long int"",""Scalar""]",both,"[""operator_shape_matched""]","[""operator_shape_matched""]",1,1,3,3,5.472,5.504,4.3e-05,6.7e-05,2.4e-05
aten::copy_,"[[1074],[1074],[]]","[""int"",""long int"",""Scalar""]",both,"[""operator_shape_matched""]","[""operator_shape_matched""]",1,1,3,3,5.344,5.344,4.2e-05,6.5e-05,2.3e-05
aten::copy_,"[[1076],[1076],[]]","[""int"",""long int"",""Scalar""]",both,"[""operator_shape_matched""]","[""operator_shape_matched""]",1,1,3,3,5.408,5.343,4.2e-05,6.5e-05,2.3e-05
aten::copy_,"[[1077],[1077],[]]","[""int"",""long int"",""Scalar""]",both,"[""operator_shape_matched""]","[""operator_shape_matched""]",1,1,3,3,5.439,5.439,4.2e-05,6.6e-05,2.4e-05
aten::copy_,"[[10],[10],[]]","[""int"",""long int"",""Scalar""]",both,"[""operator_shape_matched""]","[""operator_shape_matched""]",1,1,1,1,1.408,1.408,1.1e-05,1.7e-05,6e-06
aten::copy_,"[[10],[10],[]]","[""long int"",""int"",""Scalar""]",both,"[""operator_shape_matched""]","[""operator_shape_matched""]",1,1,2,2,3.136,3.008,2.4e-05,3.6e-05,1.2e-05
aten::copy_,"[[11,2,124160],[11,2,124160],[]]","[""c10::BFloat16"",""c10::BFloat16"",""Scalar""]",both,"[""operator_shape_matched""]","[""operator_shape_matched""]",1,1,1,1,7.583,7.648,5.9e-05,9.3e-05,3.4e-05
aten::copy_,"[[11,248320],[11,248320],[]]","[""float"",""c10::BFloat16"",""Scalar""]",both,"[""operator_shape_matched""]","[""operator_shape_matched""]",1,1,1,1,7.808,7.808,6.1e-05,9.5e-05,3.4e-05
aten::copy_,"[[11],[11],[]]","[""int"",""long int"",""Scalar""]",both,"[""operator_shape_matched""]","[""operator_shape_matched""]",1,1,1,1,1.376,1.409,1.1e-05,1.7e-05,6e-06
aten::copy_,"[[11],[11],[]]","[""long int"",""int"",""Scalar""]",both,"[""operator_shape_matched""]","[""operator_shape_matched""]",1,1,1,1,1.6,1.568,1.2e-05,1.9e-05,7e-06
aten::copy_,"[[12,1,192],[12,1,192],[]]","[""c10::BFloat16"",""c10::BFloat16"",""Scalar""]",both,"[""operator_shape_matched""]","[""operator_shape_matched""]",1,1,10,10,19.264,19.169,0.00015,0.000233,8.3e-05
aten::copy_,"[[12,1,256],[12,1,256],[]]","[""c10::BFloat16"",""float"",""Scalar""]",both,"[""operator_shape_matched""]","[""operator_shape_matched""]",1,1,10,10,11.422,11.39,8.9e-05,0.000138,4.9e-05
aten::copy_,"[[12,1,256],[12,1,256],[]]","[""float"",""c10::BFloat16"",""Scalar""]",both,"[""operator_shape_matched""]","[""operator_shape_matched""]",1,1,10,10,31.33,31.872,0.000244,0.000387,0.000143
aten::copy_,"[[12,1024],[12,1024],[]]","[""c10::BFloat16"",""c10::BFloat16"",""Scalar""]",both,"[""operator_shape_matched""]","[""operator_shape_matched""]",1,1,60,60,187.555,185.215,0.00146,0.002247,0.000788
aten::copy_,"[[12,10],[12,10],[]]","[""c10::BFloat16"",""c10::BFloat16"",""Scalar""]",both,"[""operator_shape_matched""]","[""operator_shape_matched""]",1,1,20,20,23.487,23.49,0.000183,0.000285,0.000102
aten::copy_,"[[12,11],[12,11],[]]","[""c10::BFloat16"",""c10::BFloat16"",""Scalar""]",both,"[""operator_shape_matched""]","[""operator_shape_matched""]",1,1,20,20,25.216,25.57,0.000196,0.00031,0.000114
aten::copy_,"[[12,16,128],[12,16,128],[]]","[""c10::BFloat16"",""c10::BFloat16"",""Scalar""]",both,"[""operator_shape_matched""]","[""operator_shape_matched""]",1,1,30,30,76.994,75.303,0.000599,0.000914,0.000314
aten::copy_,"[[12,16],[12,16],[]]","[""c10::BFloat16"",""c10::BFloat16"",""Scalar""]",both,"[""operator_shape_matched""]","[""operator_shape_matched""]",1,1,60,60,88.669,89.058,0.00069,0.001081,0.00039
aten::copy_,"[[12,2,124160],[12,2,124160],[]]","[""c10::BFloat16"",""c10::BFloat16"",""Scalar""]",both,"[""operator_shape_matched""]","[""operator_shape_matched""]",1,1,1,1,7.679,7.68,6e-05,9.3e-05,3.3e-05
aten::copy_,"[[12,2048],[12,2048],[]]","[""c10::BFloat16"",""c10::BFloat16"",""Scalar""]",both,"[""operator_shape_matched""]","[""operator_shape_matched""]",1,1,30,30,94.276,93.952,0.000734,0.00114,0.000406
aten::copy_,"[[12,2048],[12,2048],[]]","[""c10::BFloat16"",""float"",""Scalar""]",both,"[""operator_shape_matched""]","[""operator_shape_matched""]",1,1,161,161,196.52,197.053,0.001529,0.002391,0.000861
aten::copy_,"[[12,2048],[12,2048],[]]","[""float"",""c10::BFloat16"",""Scalar""]",both,"[""operator_shape_matched""]","[""operator_shape_matched""]",1,1,161,161,493.45,493.515,0.00384,0.005988,0.002148
aten::copy_,"[[12,248320],[12,248320],[]]","[""float"",""c10::BFloat16"",""Scalar""]",both,"[""operator_shape_matched""]","[""operator_shape_matched""]",1,1,1,1,8.128,8.064,6.3e-05,9.8e-05,3.5e-05
aten::copy_,"[[12,32],[12,32],[]]","[""c10::BFloat16"",""c10::BFloat16"",""Scalar""]",both,"[""operator_shape_matched""]","[""operator_shape_matched""]",1,1,20,20,33.469,33.473,0.00026,0.000406,0.000146
aten::copy_,"[[12,8,192],[12,8,192],[]]","[""c10::BFloat16"",""c10::BFloat16"",""Scalar""]",both,"[""operator_shape_matched""]","[""operator_shape_matched""]",1,1,10,10,23.552,23.553,0.000183,0.000286,0.000102
aten::copy_,"[[12,8,256],[12,8,256],[]]","[""c10::BFloat16"",""c10::BFloat16"",""Scalar""]",both,"[""operator_shape_matched""]","[""operator_shape_matched""]",1,1,20,20,48.77,48.898,0.00038,0.000593,0.000214
aten::copy_,"[[12,8,256],[12,8,256],[]]","[""c10::BFloat16"",""float"",""Scalar""]",both,"[""operator_shape_matched""]","[""operator_shape_matched""]",1,1,10,10,12.608,12.513,9.8e-05,0.000152,5.4e-05
aten::copy_,"[[12,8,256],[12,8,256],[]]","[""float"",""c10::BFloat16"",""Scalar""]",both,"[""operator_shape_matched""]","[""operator_shape_matched""]",1,1,10,10,26.529,26.497,0.000206,0.000321,0.000115
aten::copy_,"[[128,128],[128,128],[]]","[""c10::BFloat16"",""float"",""Scalar""]",both,"[""operator_shape_matched""]","[""operator_shape_matched""]",1,1,30,30,37.505,37.727,0.000292,0.000458,0.000166
aten::copy_,"[[128,128],[128,128],[]]","[""float"",""c10::BFloat16"",""Scalar""]",both,"[""operator_shape_matched""]","[""operator_shape_matched""]",1,1,60,60,168.671,168.928,0.001313,0.00205,0.000737
aten::copy_,"[[128],[128],[]]","[""float"",""c10::BFloat16"",""Scalar""]",both,"[""operator_shape_matched""]","[""operator_shape_matched""]",1,1,16350,8670,25880.763,13756.923,0.201419,0.166913,-0.034506
aten::copy_,"[[12],[12],[]]","[""int"",""long int"",""Scalar""]",both,"[""operator_shape_matched""]","[""operator_shape_matched""]",1,1,1,1,1.472,1.312,1.1e-05,1.6e-05,4e-06
aten::copy_,"[[12],[12],[]]","[""long int"",""int"",""Scalar""]",both,"[""operator_shape_matched""]","[""operator_shape_matched""]",1,1,2,2,3.04,2.976,2.4e-05,3.6e-05,1.2e-05
aten::copy_,"[[13,2,124160],[13,2,124160],[]]","[""c10::BFloat16"",""c10::BFloat16"",""Scalar""]",both,"[""operator_shape_matched""]","[""operator_shape_matched""]",1,1,1,1,8.768,8.672,6.8e-05,0.000105,3.7e-05
aten::copy_,"[[13,248320],[13,248320],[]]","[""float"",""c10::BFloat16"",""Scalar""]",both,"[""operator_shape_matched""]","[""operator_shape_matched""]",1,1,1,1,8.832,8.801,6.9e-05,0.000107,3.8e-05
aten::copy_,"[[131072,128],[131072,128],[]]","[""c10::BFloat16"",""float"",""Scalar""]",both,"[""operator_shape_matched""]","[""operator_shape_matched""]",1,1,930,930,32140.779,32168.483,0.250138,0.390302,0.140164
aten::copy_,"[[131072,128],[131072,128],[]]","[""float"",""c10::BFloat16"",""Scalar""]",both,"[""operator_shape_matched""]","[""operator_shape_matched""]",1,1,1860,1860,100048.917,100034.421,0.778638,1.213722,0.435084
aten::copy_,"[[13],[13],[]]","[""int"",""long int"",""Scalar""]",both,"[""operator_shape_matched""]","[""operator_shape_matched""]",1,1,1,1,1.472,1.505,1.1e-05,1.8e-05,7e-06
aten::copy_,"[[13],[13],[]]","[""long int"",""int"",""Scalar""]",both,"[""operator_shape_matched""]","[""operator_shape_matched""]",1,1,1,1,1.6,1.632,1.2e-05,2e-05,7e-06
aten::copy_,"[[14,1,192],[14,1,192],[]]","[""c10::BFloat16"",""c10::BFloat16"",""Scalar""]",both,"[""operator_shape_matched""]","[""operator_shape_matched""]",1,1,10,10,22.112,22.143,0.000172,0.000269,9.7e-05
aten::copy_,"[[14,1,256],[14,1,256],[]]","[""c10::BFloat16"",""float"",""Scalar""]",both,"[""operator_shape_matched""]","[""operator_shape_matched""]",1,1,10,10,12.865,12.992,0.0001,0.000158,5.8e-05
aten::copy_,"[[14,1,256],[14,1,256],[]]","[""float"",""c10::BFloat16"",""Scalar""]",both,"[""operator_shape_matched""]","[""operator_shape_matched""]",1,1,10,10,31.169,31.105,0.000243,0.000377,0.000135
aten::copy_,"[[14,1024],[14,1024],[]]","[""c10::BFloat16"",""c10::BFloat16"",""Scalar""]",both,"[""operator_shape_matched""]","[""operator_shape_matched""]",1,1,60,60,186.265,187.01,0.00145,0.002269,0.000819
aten::copy_,"[[14,10],[14,10],[]]","[""c10::BFloat16"",""c10::BFloat16"",""Scalar""]",both,"[""operator_shape_matched""]","[""operator_shape_matched""]",1,1,20,20,27.682,27.743,0.000215,0.000337,0.000121
aten::copy_,"[[14,11],[14,11],[]]","[""c10::BFloat16"",""c10::BFloat16"",""Scalar""]",both,"[""operator_shape_matched""]","[""operator_shape_matched""]",1,1,20,20,27.84,27.875,0.000217,0.000338,0.000122
aten::copy_,"[[14,16,128],[14,16,128],[]]","[""c10::BFloat16"",""c10::BFloat16"",""Scalar""]",both,"[""operator_shape_matched""]","[""operator_shape_matched""]",1,1,30,30,76.897,80.066,0.000598,0.000971,0.000373
aten::copy_,"[[14,16],[14,16],[]]","[""c10::BFloat16"",""c10::BFloat16"",""Scalar""]",both,"[""operator_shape_matched""]","[""operator_shape_matched""]",1,1,60,60,89.663,89.925,0.000698,0.001091,0.000393
aten::copy_,"[[14,2,124160],[14,2,124160],[]]","[""c10::BFloat16"",""c10::BFloat16"",""Scalar""]",both,"[""operator_shape_matched""]","[""operator_shape_matched""]",1,1,1,1,9.088,9.248,7.1e-05,0.000112,4.1e-05
aten::copy_,"[[14,2048],[14,2048],[]]","[""c10::BFloat16"",""c10::BFloat16"",""Scalar""]",both,"[""operator_shape_matched""]","[""operator_shape_matched""]",1,1,30,30,94.82,94.114,0.000738,0.001142,0.000404
aten::copy_,"[[14,2048],[14,2048],[]]","[""c10::BFloat16"",""float"",""Scalar""]",both,"[""operator_shape_matched""]","[""operator_shape_matched""]",1,1,161,161,196.714,196.55,0.001531,0.002385,0.000854
aten::copy_,"[[14,2048],[14,2048],[]]","[""float"",""c10::BFloat16"",""Scalar""]",both,"[""operator_shape_matched""]","[""operator_shape_matched""]",1,1,161,161,498.758,498.416,0.003882,0.006047,0.002166
aten::copy_,"[[14,248320],[14,248320],[]]","[""float"",""c10::BFloat16"",""Scalar""]",both,"[""operator_shape_matched""]","[""operator_shape_matched""]",1,1,1,1,9.248,9.313,7.2e-05,0.000113,4.1e-05
aten::copy_,"[[14,32],[14,32],[]]","[""c10::BFloat16"",""c10::BFloat16"",""Scalar""]",both,"[""operator_shape_matched""]","[""operator_shape_matched""]",1,1,20,20,37.729,37.888,0.000294,0.00046,0.000166
aten::copy_,"[[14,8,192],[14,8,192],[]]","[""c10::BFloat16"",""c10::BFloat16"",""Scalar""]",both,"[""operator_shape_matched""]","[""operator_shape_matched""]",1,1,10,10,23.395,23.33,0.000182,0.000283,0.000101
aten::copy_,"[[14,8,256],[14,8,256],[]]","[""c10::BFloat16"",""c10::BFloat16"",""Scalar""]",both,"[""operator_shape_matched""]","[""operator_shape_matched""]",1,1,20,20,49.699,48.703,0.000387,0.000591,0.000204
aten::copy_,"[[14,8,256],[14,8,256],[]]","[""c10::BFloat16"",""float"",""Scalar""]",both,"[""operator_shape_matched""]","[""operator_shape_matched""]",1,1,10,10,12.414,12.452,9.7e-05,0.000151,5.4e-05
aten::copy_,"[[14,8,256],[14,8,256],[]]","[""float"",""c10::BFloat16"",""Scalar""]",both,"[""operator_shape_matched""]","[""operator_shape_matched""]",1,1,10,10,28.128,28.129,0.000219,0.000341,0.000122
aten::copy_,"[[14],[14],[]]","[""int"",""long int"",""Scalar""]",both,"[""operator_shape_matched""]","[""operator_shape_matched""]",1,1,1,1,1.377,1.408,1.1e-05,1.7e-05,6e-06
aten::copy_,"[[14],[14],[]]","[""long int"",""int"",""Scalar""]",both,"[""operator_shape_matched""]","[""operator_shape_matched""]",1,1,2,2,3.04,3.168,2.4e-05,3.8e-05,1.5e-05
aten::copy_,"[[15,2,124160],[15,2,124160],[]]","[""c10::BFloat16"",""c10::BFloat16"",""Scalar""]",both,"[""operator_shape_matched""]","[""operator_shape_matched""]",1,1,1,1,9.536,9.632,7.4e-05,0.000117,4.3e-05
aten::copy_,"[[15,248320],[15,248320],[]]","[""float"",""c10::BFloat16"",""Scalar""]",both,"[""operator_shape_matched""]","[""operator_shape_matched""]",1,1,1,1,9.664,9.728,7.5e-05,0.000118,4.3e-05
aten::copy_,"[[15],[15],[]]","[""int"",""long int"",""Scalar""]",both,"[""operator_shape_matched""]","[""operator_shape_matched""]",1,1,1,1,1.408,1.44,1.1e-05,1.7e-05,7e-06
aten::copy_,"[[15],[15],[]]","[""long int"",""int"",""Scalar""]",both,"[""operator_shape_matched""]","[""operator_shape_matched""]",1,1,1,1,1.6,1.6,1.2e-05,1.9e-05,7e-06
aten::copy_,"[[16,1,192],[16,1,192],[]]","[""c10::BFloat16"",""c10::BFloat16"",""Scalar""]",both,"[""operator_shape_matched""]","[""operator_shape_matched""]",1,1,10,10,22.401,22.401,0.000174,0.000272,9.7e-05
aten::copy_,"[[16,1,256],[16,1,256],[]]","[""c10::BFloat16"",""float"",""Scalar""]",both,"[""operator_shape_matched""]","[""operator_shape_matched""]",1,1,10,10,12.031,12.03,9.4e-05,0.000146,5.2e-05
aten::copy_,"[[16,1,256],[16,1,256],[]]","[""float"",""c10::BFloat16"",""Scalar""]",both,"[""operator_shape_matched""]","[""operator_shape_matched""]",1,1,10,10,31.266,31.648,0.000243,0.000384,0.000141
aten::copy_,"[[16,1024],[16,1024],[]]","[""c10::BFloat16"",""c10::BFloat16"",""Scalar""]",both,"[""operator_shape_matched""]","[""operator_shape_matched""]",1,1,60,60,188.772,188.71,0.001469,0.00229,0.00082
aten::copy_,"[[16,10],[16,10],[]]","[""c10::BFloat16"",""c10::BFloat16"",""Scalar""]",both,"[""operator_shape_matched""]","[""operator_shape_matched""]",1,1,20,20,27.774,27.81,0.000216,0.000337,0.000121
aten::copy_,"[[16,11],[16,11],[]]","[""c10::BFloat16"",""c10::BFloat16"",""Scalar""]",both,"[""operator_shape_matched""]","[""operator_shape_matched""]",1,1,20,20,27.904,28.065,0.000217,0.000341,0.000123
aten::copy_,"[[16,128],[16,128],[]]","[""c10::BFloat16"",""float"",""Scalar""]",both,"[""operator_shape_matched""]","[""operator_shape_matched""]",1,1,30,30,33.184,33.152,0.000258,0.000402,0.000144
aten::copy_,"[[16,128],[16,128],[]]","[""float"",""c10::BFloat16"",""Scalar""]",both,"[""operator_shape_matched""]","[""operator_shape_matched""]",1,1,60,60,162.432,162.689,0.001264,0.001974,0.00071
aten::copy_,"[[16,16,128],[16,16,128],[]]","[""c10::BFloat16"",""c10::BFloat16"",""Scalar""]",both,"[""operator_shape_matched""]","[""operator_shape_matched""]",1,1,30,30,74.724,76.387,0.000582,0.000927,0.000345
aten::copy_,"[[16,16],[16,16],[]]","[""c10::BFloat16"",""c10::BFloat16"",""Scalar""]",both,"[""operator_shape_matched""]","[""operator_shape_matched""]",1,1,60,60,89.054,89.346,0.000693,0.001084,0.000391
aten::copy_,"[[16,2,124160],[16,2,124160],[]]","[""c10::BFloat16"",""c10::BFloat16"",""Scalar""]",both,"[""operator_shape_matched""]","[""operator_shape_matched""]",1,1,1,1,10.144,10.272,7.9e-05,0.000125,4.6e-05
aten::copy_,"[[16,2048],[16,2048],[]]","[""c10::BFloat16"",""c10::BFloat16"",""Scalar""]",both,"[""operator_shape_matched""]","[""operator_shape_matched""]",1,1,30,30,94.977,95.49,0.000739,0.001159,0.000419
aten::copy_,"[[16,2048],[16,2048],[]]","[""c10::BFloat16"",""float"",""Scalar""]",both,"[""operator_shape_matched""]","[""operator_shape_matched""]",1,1,161,161,197.017,197.187,0.001533,0.002392,0.000859
aten::copy_,"[[16,2048],[16,2048],[]]","[""float"",""c10::BFloat16"",""Scalar""]",both,"[""operator_shape_matched""]","[""operator_shape_matched""]",1,1,161,161,499.018,499.11,0.003884,0.006056,0.002172
aten::copy_,"[[16,248320],[16,248320],[]]","[""float"",""c10::BFloat16"",""Scalar""]",both,"[""operator_shape_matched""]","[""operator_shape_matched""]",1,1,1,1,10.145,10.144,7.9e-05,0.000123,4.4e-05
aten::copy_,"[[16,32],[16,32],[]]","[""c10::BFloat16"",""c10::BFloat16"",""Scalar""]",both,"[""operator_shape_matched""]","[""operator_shape_matched""]",1,1,20,20,43.715,43.744,0.00034,0.000531,0.000191
aten::copy_,"[[16,8,192],[16,8,192],[]]","[""c10::BFloat16"",""c10::BFloat16"",""Scalar""]",both,"[""operator_shape_matched""]","[""operator_shape_matched""]",1,1,10,10,23.359,23.423,0.000182,0.000284,0.000102
aten::copy_,"[[16,8,256],[16,8,256],[]]","[""c10::BFloat16"",""c10::BFloat16"",""Scalar""]",both,"[""operator_shape_matched""]","[""operator_shape_matched""]",1,1,20,20,51.202,51.075,0.000398,0.00062,0.000221
aten::copy_,"[[16,8,256],[16,8,256],[]]","[""c10::BFloat16"",""float"",""Scalar""]",both,"[""operator_shape_matched""]","[""operator_shape_matched""]",1,1,10,10,12.514,12.512,9.7e-05,0.000152,5.4e-05
aten::copy_,"[[16,8,256],[16,8,256],[]]","[""float"",""c10::BFloat16"",""Scalar""]",both,"[""operator_shape_matched""]","[""operator_shape_matched""]",1,1,10,10,26.177,26.176,0.000204,0.000318,0.000114
aten::copy_,"[[160,128],[160,128],[]]","[""c10::BFloat16"",""float"",""Scalar""]",both,"[""operator_shape_matched""]","[""operator_shape_matched""]",1,1,30,30,37.436,37.185,0.000291,0.000451,0.00016
aten::copy_,"[[160,128],[160,128],[]]","[""float"",""c10::BFloat16"",""Scalar""]",both,"[""operator_shape_matched""]","[""operator_shape_matched""]",1,1,60,60,169.825,170.184,0.001322,0.002065,0.000743
aten::copy_,"[[16],[16],[]]","[""int"",""long int"",""Scalar""]",both,"[""operator_shape_matched""]","[""operator_shape_matched""]",1,1,1,1,1.312,1.312,1e-05,1.6e-05,6e-06
aten::copy_,"[[16],[16],[]]","[""long int"",""int"",""Scalar""]",both,"[""operator_shape_matched""]","[""operator_shape_matched""]",1,1,2,2,3.264,3.072,2.5e-05,3.7e-05,1.2e-05
aten::copy_,"[[17,2,124160],[17,2,124160],[]]","[""c10::BFloat16"",""c10::BFloat16"",""Scalar""]",both,"[""operator_shape_matched""]","[""operator_shape_matched""]",1,1,1,1,10.817,10.657,8.4e-05,0.000129,4.5e-05
aten::copy_,"[[17,248320],[17,248320],[]]","[""float"",""c10::BFloat16"",""Scalar""]",both,"[""operator_shape_matched""]","[""operator_shape_matched""]",1,1,1,1,10.752,10.817,8.4e-05,0.000131,4.8e-05
aten::copy_,"[[17],[17],[]]","[""int"",""long int"",""Scalar""]",both,"[""operator_shape_matched""]","[""operator_shape_matched""]",1,1,1,1,1.376,1.44,1.1e-05,1.7e-05,7e-06
aten::copy_,"[[17],[17],[]]","[""long int"",""int"",""Scalar""]",both,"[""operator_shape_matched""]","[""operator_shape_matched""]",1,1,1,1,1.696,1.76,1.3e-05,2.1e-05,8e-06
aten::copy_,"[[18,1,192],[18,1,192],[]]","[""c10::BFloat16"",""c10::BFloat16"",""Scalar""]",both,"[""operator_shape_matched""]","[""operator_shape_matched""]",1,1,10,10,19.106,19.041,0.000149,0.000231,8.2e-05
aten::copy_,"[[18,1,256],[18,1,256],[]]","[""c10::BFloat16"",""float"",""Scalar""]",both,"[""operator_shape_matched""]","[""operator_shape_matched""]",1,1,10,10,12.64,12.576,9.8e-05,0.000153,5.4e-05
aten::copy_,"[[18,1,256],[18,1,256],[]]","[""float"",""c10::BFloat16"",""Scalar""]",both,"[""operator_shape_matched""]","[""operator_shape_matched""]",1,1,10,10,31.361,31.169,0.000244,0.000378,0.000134
aten::copy_,"[[18,1024],[18,1024],[]]","[""c10::BFloat16"",""c10::BFloat16"",""Scalar""]",both,"[""operator_shape_matched""]","[""operator_shape_matched""]",1,1,60,60,187.814,188.9,0.001462,0.002292,0.00083
aten::copy_,"[[18,10],[18,10],[]]","[""c10::BFloat16"",""c10::BFloat16"",""Scalar""]",both,"[""operator_shape_matched""]","[""operator_shape_matched""]",1,1,20,20,28.16,28.194,0.000219,0.000342,0.000123
aten::copy_,"[[18,11],[18,11],[]]","[""c10::BFloat16"",""c10::BFloat16"",""Scalar""]",both,"[""operator_shape_matched""]","[""operator_shape_matched""]",1,1,20,20,27.492,27.582,0.000214,0.000335,0.000121
aten::copy_,"[[18,16,128],[18,16,128],[]]","[""c10::BFloat16"",""c10::BFloat16"",""Scalar""]",both,"[""operator_shape_matched""]","[""operator_shape_matched""]",1,1,30,30,80.483,79.937,0.000626,0.00097,0.000344
aten::copy_,"[[18,16],[18,16],[]]","[""c10::BFloat16"",""c10::BFloat16"",""Scalar""]",both,"[""operator_shape_matched""]","[""operator_shape_matched""]",1,1,60,60,101.725,101.061,0.000792,0.001226,0.000434
aten::copy_,"[[18,2,124160],[18,2,124160],[]]","[""c10::BFloat16"",""c10::BFloat16"",""Scalar""]",both,"[""operator_shape_matched""]","[""operator_shape_matched""]",1,1,1,1,11.776,11.937,9.2e-05,0.000145,5.3e-05
aten::copy_,"[[18,2048],[18,2048],[]]","[""c10::BFloat16"",""c10::BFloat16"",""Scalar""]",both,"[""operator_shape_matched""]","[""operator_shape_matched""]",1,1,30,30,95.236,96.097,0.000741,0.001166,0.000425
aten::copy_,"[[18,2048],[18,2048],[]]","[""c10::BFloat16"",""float"",""Scalar""]",both,"[""operator_shape_matched""]","[""operator_shape_matched""]",1,1,161,161,196.54,196.068,0.00153,0.002379,0.000849
aten::copy_,"[[18,2048],[18,2048],[]]","[""float"",""c10::BFloat16"",""Scalar""]",both,"[""operator_shape_matched""]","[""operator_shape_matched""]",1,1,161,161,505.159,505.827,0.003931,0.006137,0.002206
aten::copy_,"[[18,248320],[18,248320],[]]","[""float"",""c10::BFloat16"",""Scalar""]",both,"[""operator_shape_matched""]","[""operator_shape_matched""]",1,1,1,1,11.105,11.233,8.6e-05,0.000136,5e-05
aten::copy_,"[[18,32],[18,32],[]]","[""c10::BFloat16"",""c10::BFloat16"",""Scalar""]",both,"[""operator_shape_matched""]","[""operator_shape_matched""]",1,1,20,20,37.921,38.049,0.000295,0.000462,0.000167
aten::copy_,"[[18,8,192],[18,8,192],[]]","[""c10::BFloat16"",""c10::BFloat16"",""Scalar""]",both,"[""operator_shape_matched""]","[""operator_shape_matched""]",1,1,10,10,24.0,24.033,0.000187,0.000292,0.000105
aten::copy_,"[[18,8,256],[18,8,256],[]]","[""c10::BFloat16"",""c10::BFloat16"",""Scalar""]",both,"[""operator_shape_matched""]","[""operator_shape_matched""]",1,1,20,20,51.167,51.198,0.000398,0.000621,0.000223
aten::copy_,"[[18,8,256],[18,8,256],[]]","[""c10::BFloat16"",""float"",""Scalar""]",both,"[""operator_shape_matched""]","[""operator_shape_matched""]",1,1,10,10,12.542,12.577,9.8e-05,0.000153,5.5e-05
aten::copy_,"[[18,8,256],[18,8,256],[]]","[""float"",""c10::BFloat16"",""Scalar""]",both,"[""operator_shape_matched""]","[""operator_shape_matched""]",1,1,10,10,26.497,26.465,0.000206,0.000321,0.000115
aten::copy_,"[[18],[18],[]]","[""int"",""long int"",""Scalar""]",both,"[""operator_shape_matched""]","[""operator_shape_matched""]",1,1,1,1,1.6,1.408,1.2e-05,1.7e-05,5e-06
aten::copy_,"[[18],[18],[]]","[""long int"",""int"",""Scalar""]",both,"[""operator_shape_matched""]","[""operator_shape_matched""]",1,1,2,2,3.072,3.168,2.4e-05,3.8e-05,1.5e-05
aten::copy_,"[[19,2,124160],[19,2,124160],[]]","[""c10::BFloat16"",""c10::BFloat16"",""Scalar""]",both,"[""operator_shape_matched""]","[""operator_shape_matched""]",1,1,1,1,12.224,12.32,9.5e-05,0.000149,5.4e-05
aten::copy_,"[[19,248320],[19,248320],[]]","[""float"",""c10::BFloat16"",""Scalar""]",both,"[""operator_shape_matched""]","[""operator_shape_matched""]",1,1,1,1,11.745,11.743,9.1e-05,0.000142,5.1e-05
aten::copy_,"[[192,128],[192,128],[]]","[""c10::BFloat16"",""float"",""Scalar""]",both,"[""operator_shape_matched""]","[""operator_shape_matched""]",1,1,30,30,37.857,38.177,0.000295,0.000463,0.000169
aten::copy_,"[[192,128],[192,128],[]]","[""float"",""c10::BFloat16"",""Scalar""]",both,"[""operator_shape_matched""]","[""operator_shape_matched""]",1,1,60,60,163.717,163.427,0.001274,0.001983,0.000709
aten::copy_,"[[19],[19],[]]","[""int"",""long int"",""Scalar""]",both,"[""operator_shape_matched""]","[""operator_shape_matched""]",1,1,1,1,1.504,1.376,1.2e-05,1.7e-05,5e-06
aten::copy_,"[[19],[19],[]]","[""long int"",""int"",""Scalar""]",both,"[""operator_shape_matched""]","[""operator_shape_matched""]",1,1,1,1,1.632,1.664,1.3e-05,2e-05,7e-06
aten::copy_,"[[1],[1],[]]","[""int"",""long int"",""Scalar""]",both,"[""operator_shape_matched""]","[""operator_shape_matched""]",1,1,2,2,3.008,2.944,2.3e-05,3.6e-05,1.2e-05
aten::copy_,"[[1],[1],[]]","[""long int"",""int"",""Scalar""]",both,"[""operator_shape_matched""]","[""operator_shape_matched""]",1,1,63,63,100.192,97.383,0.00078,0.001182,0.000402
aten::copy_,"[[2,1,192],[2,1,192],[]]","[""c10::BFloat16"",""c10::BFloat16"",""Scalar""]",both,"[""operator_shape_matched""]","[""operator_shape_matched""]",1,1,10,10,16.419,16.225,0.000128,0.000197,6.9e-05
aten::copy_,"[[2,1,256],[2,1,256],[]]","[""c10::BFloat16"",""float"",""Scalar""]",both,"[""operator_shape_matched""]","[""operator_shape_matched""]",1,1,10,10,12.611,12.513,9.8e-05,0.000152,5.4e-05
aten::copy_,"[[2,1,256],[2,1,256],[]]","[""float"",""c10::BFloat16"",""Scalar""]",both,"[""operator_shape_matched""]","[""operator_shape_matched""]",1,1,10,10,28.417,28.606,0.000221,0.000347,0.000126
aten::copy_,"[[2,10],[2,10],[]]","[""c10::BFloat16"",""c10::BFloat16"",""Scalar""]",both,"[""operator_shape_matched""]","[""operator_shape_matched""]",1,1,20,20,23.905,24.066,0.000186,0.000292,0.000106
aten::copy_,"[[2,11],[2,11],[]]","[""c10::BFloat16"",""c10::BFloat16"",""Scalar""]",both,"[""operator_shape_matched""]","[""operator_shape_matched""]",1,1,20,20,23.872,23.904,0.000186,0.00029,0.000104
aten::copy_,"[[2,16,128],[2,16,128],[]]","[""c10::BFloat16"",""c10::BFloat16"",""Scalar""]",both,"[""operator_shape_matched""]","[""operator_shape_matched""]",1,1,30,30,66.147,66.146,0.000515,0.000803,0.000288
aten::copy_,"[[2,16],[2,16],[]]","[""c10::BFloat16"",""c10::BFloat16"",""Scalar""]",both,"[""operator_shape_matched""]","[""operator_shape_matched""]",1,1,60,60,75.906,76.481,0.000591,0.000928,0.000337
aten::copy_,"[[2,2,124160],[2,2,124160],[]]","[""c10::BFloat16"",""c10::BFloat16"",""Scalar""]",both,"[""operator_shape_matched""]","[""operator_shape_matched""]",1,1,1,1,3.072,3.137,2.4e-05,3.8e-05,1.4e-05
aten::copy_,"[[2,2048],[2,2048],[]]","[""c10::BFloat16"",""float"",""Scalar""]",both,"[""operator_shape_matched""]","[""operator_shape_matched""]",1,1,161,161,194.499,194.66,0.001514,0.002362,0.000848
aten::copy_,"[[2,2048],[2,2048],[]]","[""float"",""c10::BFloat16"",""Scalar""]",both,"[""operator_shape_matched""]","[""operator_shape_matched""]",1,1,161,161,433.963,432.897,0.003377,0.005252,0.001875
aten::copy_,"[[2,248320],[2,248320],[]]","[""float"",""c10::BFloat16"",""Scalar""]",both,"[""operator_shape_matched""]","[""operator_shape_matched""]",1,1,1,1,3.36,3.2,2.6e-05,3.9e-05,1.3e-05
aten::copy_,"[[2,32],[2,32],[]]","[""c10::BFloat16"",""c10::BFloat16"",""Scalar""]",both,"[""operator_shape_matched""]","[""operator_shape_matched""]",1,1,20,20,24.8,24.929,0.000193,0.000302,0.000109
aten::copy_,"[[2,8,192],[2,8,192],[]]","[""c10::BFloat16"",""c10::BFloat16"",""Scalar""]",both,"[""operator_shape_matched""]","[""operator_shape_matched""]",1,1,10,10,21.215,21.216,0.000165,0.000257,9.2e-05
aten::copy_,"[[2,8,256],[2,8,256],[]]","[""c10::BFloat16"",""c10::BFloat16"",""Scalar""]",both,"[""operator_shape_matched""]","[""operator_shape_matched""]",1,1,20,20,47.104,47.14,0.000367,0.000572,0.000205
aten::copy_,"[[2,8,256],[2,8,256],[]]","[""c10::BFloat16"",""float"",""Scalar""]",both,"[""operator_shape_matched""]","[""operator_shape_matched""]",1,1,10,10,12.097,12.225,9.4e-05,0.000148,5.4e-05
aten::copy_,"[[2,8,256],[2,8,256],[]]","[""float"",""c10::BFloat16"",""Scalar""]",both,"[""operator_shape_matched""]","[""operator_shape_matched""]",1,1,10,10,27.041,27.04,0.00021,0.000328,0.000118
aten::copy_,"[[20,1,192],[20,1,192],[]]","[""c10::BFloat16"",""c10::BFloat16"",""Scalar""]",both,"[""operator_shape_matched""]","[""operator_shape_matched""]",1,1,10,10,19.265,19.137,0.00015,0.000232,8.2e-05
aten::copy_,"[[20,1,256],[20,1,256],[]]","[""c10::BFloat16"",""float"",""Scalar""]",both,"[""operator_shape_matched""]","[""operator_shape_matched""]",1,1,10,10,11.999,12.033,9.3e-05,0.000146,5.3e-05
aten::copy_,"[[20,1,256],[20,1,256],[]]","[""float"",""c10::BFloat16"",""Scalar""]",both,"[""operator_shape_matched""]","[""operator_shape_matched""]",1,1,10,10,31.391,31.616,0.000244,0.000384,0.000139
aten::copy_,"[[20,1024],[20,1024],[]]","[""c10::BFloat16"",""c10::BFloat16"",""Scalar""]",both,"[""operator_shape_matched""]","[""operator_shape_matched""]",1,1,60,60,187.849,188.998,0.001462,0.002293,0.000831
aten::copy_,"[[20,10],[20,10],[]]","[""c10::BFloat16"",""c10::BFloat16"",""Scalar""]",both,"[""operator_shape_matched""]","[""operator_shape_matched""]",1,1,20,20,28.096,28.096,0.000219,0.000341,0.000122
aten::copy_,"[[20,11],[20,11],[]]","[""c10::BFloat16"",""c10::BFloat16"",""Scalar""]",both,"[""operator_shape_matched""]","[""operator_shape_matched""]",1,1,20,20,29.761,29.756,0.000232,0.000361,0.000129
aten::copy_,"[[20,16,128],[20,16,128],[]]","[""c10::BFloat16"",""c10::BFloat16"",""Scalar""]",both,"[""operator_shape_matched""]","[""operator_shape_matched""]",1,1,30,30,81.76,82.56,0.000636,0.001002,0.000365
aten::copy_,"[[20,16],[20,16],[]]","[""c10::BFloat16"",""c10::BFloat16"",""Scalar""]",both,"[""operator_shape_matched""]","[""operator_shape_matched""]",1,1,60,60,101.149,100.512,0.000787,0.00122,0.000432
aten::copy_,"[[20,2,124160],[20,2,124160],[]]","[""c10::BFloat16"",""c10::BFloat16"",""Scalar""]",both,"[""operator_shape_matched""]","[""operator_shape_matched""]",1,1,1,1,12.608,12.673,9.8e-05,0.000154,5.6e-05
aten::copy_,"[[20,2048],[20,2048],[]]","[""c10::BFloat16"",""c10::BFloat16"",""Scalar""]",both,"[""operator_shape_matched""]","[""operator_shape_matched""]",1,1,30,30,95.396,96.035,0.000742,0.001165,0.000423
aten::copy_,"[[20,2048],[20,2048],[]]","[""c10::BFloat16"",""float"",""Scalar""]",both,"[""operator_shape_matched""]","[""operator_shape_matched""]",1,1,161,161,197.091,197.024,0.001534,0.002391,0.000857
aten::copy_,"[[20,2048],[20,2048],[]]","[""float"",""c10::BFloat16"",""Scalar""]",both,"[""operator_shape_matched""]","[""operator_shape_matched""]",1,1,161,161,507.776,508.161,0.003952,0.006166,0.002214
aten::copy_,"[[20,248320],[20,248320],[]]","[""float"",""c10::BFloat16"",""Scalar""]",both,"[""operator_shape_matched""]","[""operator_shape_matched""]",1,1,1,1,12.225,12.289,9.5e-05,0.000149,5.4e-05
aten::copy_,"[[20,32],[20,32],[]]","[""c10::BFloat16"",""c10::BFloat16"",""Scalar""]",both,"[""operator_shape_matched""]","[""operator_shape_matched""]",1,1,20,20,38.08,37.73,0.000296,0.000458,0.000161
aten::copy_,"[[20,8,192],[20,8,192],[]]","[""c10::BFloat16"",""c10::BFloat16"",""Scalar""]",both,"[""operator_shape_matched""]","[""operator_shape_matched""]",1,1,10,10,23.616,23.587,0.000184,0.000286,0.000102
aten::copy_,"[[20,8,256],[20,8,256],[]]","[""c10::BFloat16"",""c10::BFloat16"",""Scalar""]",both,"[""operator_shape_matched""]","[""operator_shape_matched""]",1,1,20,20,50.594,50.621,0.000394,0.000614,0.00022
aten::copy_,"[[20,8,256],[20,8,256],[]]","[""c10::BFloat16"",""float"",""Scalar""]",both,"[""operator_shape_matched""]","[""operator_shape_matched""]",1,1,10,10,12.481,12.544,9.7e-05,0.000152,5.5e-05
aten::copy_,"[[20,8,256],[20,8,256],[]]","[""float"",""c10::BFloat16"",""Scalar""]",both,"[""operator_shape_matched""]","[""operator_shape_matched""]",1,1,10,10,26.242,26.367,0.000204,0.00032,0.000116
aten::copy_,"[[2048],[2048],[]]","[""float"",""c10::BFloat16"",""Scalar""]",both,"[""operator_shape_matched""]","[""operator_shape_matched""]",1,1,44145,23409,160745.593,85440.142,1.251015,1.036649,-0.214366
aten::copy_,"[[20],[20],[]]","[""int"",""long int"",""Scalar""]",both,"[""operator_shape_matched""]","[""operator_shape_matched""]",1,1,1,1,1.344,1.409,1e-05,1.7e-05,7e-06
aten::copy_,"[[20],[20],[]]","[""long int"",""int"",""Scalar""]",both,"[""operator_shape_matched""]","[""operator_shape_matched""]",1,1,2,2,3.008,3.009,2.3e-05,3.7e-05,1.3e-05
aten::copy_,"[[21,2,124160],[21,2,124160],[]]","[""c10::BFloat16"",""c10::BFloat16"",""Scalar""]",both,"[""operator_shape_matched""]","[""operator_shape_matched""]",1,1,1,1,13.152,13.056,0.000102,0.000158,5.6e-05
aten::copy_,"[[21,248320],[21,248320],[]]","[""float"",""c10::BFloat16"",""Scalar""]",both,"[""operator_shape_matched""]","[""operator_shape_matched""]",1,1,1,1,13.152,13.089,0.000102,0.000159,5.6e-05
aten::copy_,"[[21],[21],[]]","[""int"",""long int"",""Scalar""]",both,"[""operator_shape_matched""]","[""operator_shape_matched""]",1,1,1,1,1.472,1.472,1.1e-05,1.8e-05,6e-06
aten::copy_,"[[21],[21],[]]","[""long int"",""int"",""Scalar""]",both,"[""operator_shape_matched""]","[""operator_shape_matched""]",1,1,1,1,1.6,1.664,1.2e-05,2e-05,8e-06
aten::copy_,"[[22,1,192],[22,1,192],[]]","[""c10::BFloat16"",""c10::BFloat16"",""Scalar""]",both,"[""operator_shape_matched""]","[""operator_shape_matched""]",1,1,10,10,20.704,20.767,0.000161,0.000252,9.1e-05
aten::copy_,"[[22,1,256],[22,1,256],[]]","[""c10::BFloat16"",""float"",""Scalar""]",both,"[""operator_shape_matched""]","[""operator_shape_matched""]",1,1,10,10,13.569,13.536,0.000106,0.000164,5.9e-05
aten::copy_,"[[22,1,256],[22,1,256],[]]","[""float"",""c10::BFloat16"",""Scalar""]",both,"[""operator_shape_matched""]","[""operator_shape_matched""]",1,1,10,10,31.169,31.425,0.000243,0.000381,0.000139
aten::copy_,"[[22,1024],[22,1024],[]]","[""c10::BFloat16"",""c10::BFloat16"",""Scalar""]",both,"[""operator_shape_matched""]","[""operator_shape_matched""]",1,1,60,60,189.761,189.889,0.001477,0.002304,0.000827
aten::copy_,"[[22,10],[22,10],[]]","[""c10::BFloat16"",""c10::BFloat16"",""Scalar""]",both,"[""operator_shape_matched""]","[""operator_shape_matched""]",1,1,20,20,27.711,27.742,0.000216,0.000337,0.000121
aten::copy_,"[[22,11],[22,11],[]]","[""c10::BFloat16"",""c10::BFloat16"",""Scalar""]",both,"[""operator_shape_matched""]","[""operator_shape_matched""]",1,1,20,20,28.864,28.896,0.000225,0.000351,0.000126
aten::copy_,"[[22,16,128],[22,16,128],[]]","[""c10::BFloat16"",""c10::BFloat16"",""Scalar""]",both,"[""operator_shape_matched""]","[""operator_shape_matched""]",1,1,30,30,86.246,85.538,0.000671,0.001038,0.000367
aten::copy_,"[[22,16],[22,16],[]]","[""c10::BFloat16"",""c10::BFloat16"",""Scalar""]",both,"[""operator_shape_matched""]","[""operator_shape_matched""]",1,1,60,60,102.434,102.109,0.000797,0.001239,0.000442
aten::copy_,"[[22,2,124160],[22,2,124160],[]]","[""c10::BFloat16"",""c10::BFloat16"",""Scalar""]",both,"[""operator_shape_matched""]","[""operator_shape_matched""]",1,1,1,1,13.472,13.728,0.000105,0.000167,6.2e-05
aten::copy_,"[[22,2048],[22,2048],[]]","[""c10::BFloat16"",""c10::BFloat16"",""Scalar""]",both,"[""operator_shape_matched""]","[""operator_shape_matched""]",1,1,30,30,97.955,96.035,0.000762,0.001165,0.000403
aten::copy_,"[[22,2048],[22,2048],[]]","[""c10::BFloat16"",""float"",""Scalar""]",both,"[""operator_shape_matched""]","[""operator_shape_matched""]",1,1,161,161,198.09,198.558,0.001542,0.002409,0.000867
aten::copy_,"[[22,2048],[22,2048],[]]","[""float"",""c10::BFloat16"",""Scalar""]",both,"[""operator_shape_matched""]","[""operator_shape_matched""]",1,1,161,161,508.077,507.292,0.003954,0.006155,0.002201
aten::copy_,"[[22,248320],[22,248320],[]]","[""float"",""c10::BFloat16"",""Scalar""]",both,"[""operator_shape_matched""]","[""operator_shape_matched""]",1,1,1,1,14.144,14.368,0.00011,0.000174,6.4e-05
aten::copy_,"[[22,32],[22,32],[]]","[""c10::BFloat16"",""c10::BFloat16"",""Scalar""]",both,"[""operator_shape_matched""]","[""operator_shape_matched""]",1,1,20,20,44.542,44.352,0.000347,0.000538,0.000191
aten::copy_,"[[22,8,192],[22,8,192],[]]","[""c10::BFloat16"",""c10::BFloat16"",""Scalar""]",both,"[""operator_shape_matched""]","[""operator_shape_matched""]",1,1,10,10,23.778,23.81,0.000185,0.000289,0.000104
aten::copy_,"[[22,8,256],[22,8,256],[]]","[""c10::BFloat16"",""c10::BFloat16"",""Scalar""]",both,"[""operator_shape_matched""]","[""operator_shape_matched""]",1,1,20,20,51.233,51.204,0.000399,0.000621,0.000223
aten::copy_,"[[22,8,256],[22,8,256],[]]","[""c10::BFloat16"",""float"",""Scalar""]",both,"[""operator_shape_matched""]","[""operator_shape_matched""]",1,1,10,10,12.543,12.544,9.8e-05,0.000152,5.5e-05
aten::copy_,"[[22,8,256],[22,8,256],[]]","[""float"",""c10::BFloat16"",""Scalar""]",both,"[""operator_shape_matched""]","[""operator_shape_matched""]",1,1,10,10,26.625,26.689,0.000207,0.000324,0.000117
aten::copy_,"[[224,128],[224,128],[]]","[""c10::BFloat16"",""float"",""Scalar""]",both,"[""operator_shape_matched""]","[""operator_shape_matched""]",1,1,30,30,37.73,37.631,0.000294,0.000457,0.000163
aten::copy_,"[[224,128],[224,128],[]]","[""float"",""c10::BFloat16"",""Scalar""]",both,"[""operator_shape_matched""]","[""operator_shape_matched""]",1,1,60,60,171.232,171.203,0.001333,0.002077,0.000745
aten::copy_,"[[22],[22],[]]","[""int"",""long int"",""Scalar""]",both,"[""operator_shape_matched""]","[""operator_shape_matched""]",1,1,1,1,1.536,1.44,1.2e-05,1.7e-05,6e-06
aten::copy_,"[[22],[22],[]]","[""long int"",""int"",""Scalar""]",both,"[""operator_shape_matched""]","[""operator_shape_matched""]",1,1,2,2,3.072,3.2,2.4e-05,3.9e-05,1.5e-05
aten::copy_,"[[23,2,124160],[23,2,124160],[]]","[""c10::BFloat16"",""c10::BFloat16"",""Scalar""]",both,"[""operator_shape_matched""]","[""operator_shape_matched""]",1,1,1,1,14.336,14.401,0.000112,0.000175,6.3e-05
aten::copy_,"[[23,248320],[23,248320],[]]","[""float"",""c10::BFloat16"",""Scalar""]",both,"[""operator_shape_matched""]","[""operator_shape_matched""]",1,1,1,1,14.528,14.624,0.000113,0.000177,6.4e-05
aten::copy_,"[[23],[23],[]]","[""int"",""long int"",""Scalar""]",both,"[""operator_shape_matched""]","[""operator_shape_matched""]",1,1,1,1,1.6,1.44,1.2e-05,1.7e-05,5e-06
aten::copy_,"[[23],[23],[]]","[""long int"",""int"",""Scalar""]",both,"[""operator_shape_matched""]","[""operator_shape_matched""]",1,1,1,1,1.6,1.6,1.2e-05,1.9e-05,7e-06
aten::copy_,"[[24,1,192],[24,1,192],[]]","[""c10::BFloat16"",""c10::BFloat16"",""Scalar""]",both,"[""operator_shape_matched""]","[""operator_shape_matched""]",1,1,10,10,22.176,22.239,0.000173,0.00027,9.7e-05
aten::copy_,"[[24,1,256],[24,1,256],[]]","[""c10::BFloat16"",""float"",""Scalar""]",both,"[""operator_shape_matched""]","[""operator_shape_matched""]",1,1,10,10,11.872,11.905,9.2e-05,0.000144,5.2e-05
aten::copy_,"[[24,1,256],[24,1,256],[]]","[""float"",""c10::BFloat16"",""Scalar""]",both,"[""operator_shape_matched""]","[""operator_shape_matched""]",1,1,10,10,31.521,31.52,0.000245,0.000382,0.000137
aten::copy_,"[[24,1024],[24,1024],[]]","[""c10::BFloat16"",""c10::BFloat16"",""Scalar""]",both,"[""operator_shape_matched""]","[""operator_shape_matched""]",1,1,60,60,191.362,189.798,0.001489,0.002303,0.000814
aten::copy_,"[[24,10],[24,10],[]]","[""c10::BFloat16"",""c10::BFloat16"",""Scalar""]",both,"[""operator_shape_matched""]","[""operator_shape_matched""]",1,1,20,20,27.902,27.871,0.000217,0.000338,0.000121
aten::copy_,"[[24,11],[24,11],[]]","[""c10::BFloat16"",""c10::BFloat16"",""Scalar""]",both,"[""operator_shape_matched""]","[""operator_shape_matched""]",1,1,20,20,32.385,32.543,0.000252,0.000395,0.000143
aten::copy_,"[[24,16,128],[24,16,128],[]]","[""c10::BFloat16"",""c10::BFloat16"",""Scalar""]",both,"[""operator_shape_matched""]","[""operator_shape_matched""]",1,1,30,30,87.616,86.973,0.000682,0.001055,0.000373
aten::copy_,"[[24,16],[24,16],[]]","[""c10::BFloat16"",""c10::BFloat16"",""Scalar""]",both,"[""operator_shape_matched""]","[""operator_shape_matched""]",1,1,60,60,101.892,101.539,0.000793,0.001232,0.000439
aten::copy_,"[[24,2,124160],[24,2,124160],[]]","[""c10::BFloat16"",""c10::BFloat16"",""Scalar""]",both,"[""operator_shape_matched""]","[""operator_shape_matched""]",1,1,1,1,14.848,15.136,0.000116,0.000184,6.8e-05
aten::copy_,"[[24,2048],[24,2048],[]]","[""c10::BFloat16"",""c10::BFloat16"",""Scalar""]",both,"[""operator_shape_matched""]","[""operator_shape_matched""]",1,1,30,30,97.952,97.887,0.000762,0.001188,0.000425
aten::copy_,"[[24,2048],[24,2048],[]]","[""c10::BFloat16"",""float"",""Scalar""]",both,"[""operator_shape_matched""]","[""operator_shape_matched""]",1,1,161,161,199.545,199.804,0.001553,0.002424,0.000871
aten::copy_,"[[24,2048],[24,2048],[]]","[""float"",""c10::BFloat16"",""Scalar""]",both,"[""operator_shape_matched""]","[""operator_shape_matched""]",1,1,161,161,507.53,508.713,0.00395,0.006172,0.002222
aten::copy_,"[[24,248320],[24,248320],[]]","[""float"",""c10::BFloat16"",""Scalar""]",both,"[""operator_shape_matched""]","[""operator_shape_matched""]",1,1,1,1,14.912,15.296,0.000116,0.000186,7e-05
aten::copy_,"[[24,32],[24,32],[]]","[""c10::BFloat16"",""c10::BFloat16"",""Scalar""]",both,"[""operator_shape_matched""]","[""operator_shape_matched""]",1,1,20,20,37.791,37.762,0.000294,0.000458,0.000164
aten::copy_,"[[24,8,192],[24,8,192],[]]","[""c10::BFloat16"",""c10::BFloat16"",""Scalar""]",both,"[""operator_shape_matched""]","[""operator_shape_matched""]",1,1,10,10,23.713,23.682,0.000185,0.000287,0.000103
aten::copy_,"[[24,8,256],[24,8,256],[]]","[""c10::BFloat16"",""c10::BFloat16"",""Scalar""]",both,"[""operator_shape_matched""]","[""operator_shape_matched""]",1,1,20,20,50.979,51.07,0.000397,0.00062,0.000223
aten::copy_,"[[24,8,256],[24,8,256],[]]","[""c10::BFloat16"",""float"",""Scalar""]",both,"[""operator_shape_matched""]","[""operator_shape_matched""]",1,1,10,10,12.704,12.705,9.9e-05,0.000154,5.5e-05
aten::copy_,"[[24,8,256],[24,8,256],[]]","[""float"",""c10::BFloat16"",""Scalar""]",both,"[""operator_shape_matched""]","[""operator_shape_matched""]",1,1,10,10,28.032,28.191,0.000218,0.000342,0.000124
aten::copy_,"[[24],[24],[]]","[""int"",""long int"",""Scalar""]",both,"[""operator_shape_matched""]","[""operator_shape_matched""]",1,1,1,1,1.408,1.377,1.1e-05,1.7e-05,6e-06
aten::copy_,"[[24],[24],[]]","[""long int"",""int"",""Scalar""]",both,"[""operator_shape_matched""]","[""operator_shape_matched""]",1,1,2,2,3.105,3.136,2.4e-05,3.8e-05,1.4e-05
aten::copy_,"[[25,2,124160],[25,2,124160],[]]","[""c10::BFloat16"",""c10::BFloat16"",""Scalar""]",both,"[""operator_shape_matched""]","[""operator_shape_matched""]",1,1,1,1,15.616,15.616,0.000122,0.000189,6.8e-05
aten::copy_,"[[25,248320],[25,248320],[]]","[""float"",""c10::BFloat16"",""Scalar""]",both,"[""operator_shape_matched""]","[""operator_shape_matched""]",1,1,1,1,16.256,16.129,0.000127,0.000196,6.9e-05
aten::copy_,"[[256,128],[256,128],[]]","[""c10::BFloat16"",""float"",""Scalar""]",both,"[""operator_shape_matched""]","[""operator_shape_matched""]",1,1,30,30,37.829,37.794,0.000294,0.000459,0.000164
aten::copy_,"[[256,128],[256,128],[]]","[""float"",""c10::BFloat16"",""Scalar""]",both,"[""operator_shape_matched""]","[""operator_shape_matched""]",1,1,60,60,175.206,175.232,0.001364,0.002126,0.000763
aten::copy_,"[[256],[256],[]]","[""float"",""c10::BFloat16"",""Scalar""]",both,"[""operator_shape_matched""]","[""operator_shape_matched""]",1,1,10900,5780,23001.985,12251.865,0.179015,0.148652,-0.030362
aten::copy_,"[[25],[25],[]]","[""int"",""long int"",""Scalar""]",both,"[""operator_shape_matched""]","[""operator_shape_matched""]",1,1,1,1,1.408,1.408,1.1e-05,1.7e-05,6e-06
aten::copy_,"[[25],[25],[]]","[""long int"",""int"",""Scalar""]",both,"[""operator_shape_matched""]","[""operator_shape_matched""]",1,1,1,1,1.6,1.632,1.2e-05,2e-05,7e-06
aten::copy_,"[[26,1,192],[26,1,192],[]]","[""c10::BFloat16"",""c10::BFloat16"",""Scalar""]",both,"[""operator_shape_matched""]","[""operator_shape_matched""]",1,1,10,10,22.816,22.593,0.000178,0.000274,9.7e-05
aten::copy_,"[[26,1,256],[26,1,256],[]]","[""c10::BFloat16"",""float"",""Scalar""]",both,"[""operator_shape_matched""]","[""operator_shape_matched""]",1,1,10,10,12.77,12.641,9.9e-05,0.000153,5.4e-05
aten::copy_,"[[26,1,256],[26,1,256],[]]","[""float"",""c10::BFloat16"",""Scalar""]",both,"[""operator_shape_matched""]","[""operator_shape_matched""]",1,1,10,10,31.618,32.035,0.000246,0.000389,0.000143
aten::copy_,"[[26,1024],[26,1024],[]]","[""c10::BFloat16"",""c10::BFloat16"",""Scalar""]",both,"[""operator_shape_matched""]","[""operator_shape_matched""]",1,1,60,60,191.168,190.791,0.001488,0.002315,0.000827
aten::copy_,"[[26,10],[26,10],[]]","[""c10::BFloat16"",""c10::BFloat16"",""Scalar""]",both,"[""operator_shape_matched""]","[""operator_shape_matched""]",1,1,20,20,29.697,29.568,0.000231,0.000359,0.000128
aten::copy_,"[[26,11],[26,11],[]]","[""c10::BFloat16"",""c10::BFloat16"",""Scalar""]",both,"[""operator_shape_matched""]","[""operator_shape_matched""]",1,1,20,20,33.822,33.728,0.000263,0.000409,0.000146
aten::copy_,"[[26,16,128],[26,16,128],[]]","[""c10::BFloat16"",""c10::BFloat16"",""Scalar""]",both,"[""operator_shape_matched""]","[""operator_shape_matched""]",1,1,30,30,91.585,91.811,0.000713,0.001114,0.000401
aten::copy_,"[[26,16],[26,16],[]]","[""c10::BFloat16"",""c10::BFloat16"",""Scalar""]",both,"[""operator_shape_matched""]","[""operator_shape_matched""]",1,1,60,60,115.016,115.171,0.000895,0.001397,0.000502
aten::copy_,"[[26,2,124160],[26,2,124160],[]]","[""c10::BFloat16"",""c10::BFloat16"",""Scalar""]",both,"[""operator_shape_matched""]","[""operator_shape_matched""]",1,1,1,1,15.936,15.936,0.000124,0.000193,6.9e-05
aten::copy_,"[[26,2048],[26,2048],[]]","[""c10::BFloat16"",""c10::BFloat16"",""Scalar""]",both,"[""operator_shape_matched""]","[""operator_shape_matched""]",1,1,30,30,99.781,98.661,0.000777,0.001197,0.000421
aten::copy_,"[[26,2048],[26,2048],[]]","[""c10::BFloat16"",""float"",""Scalar""]",both,"[""operator_shape_matched""]","[""operator_shape_matched""]",1,1,161,161,199.85,200.946,0.001555,0.002438,0.000883
aten::copy_,"[[26,2048],[26,2048],[]]","[""float"",""c10::BFloat16"",""Scalar""]",both,"[""operator_shape_matched""]","[""operator_shape_matched""]",1,1,161,161,510.374,510.827,0.003972,0.006198,0.002226
aten::copy_,"[[26,248320],[26,248320],[]]","[""float"",""c10::BFloat16"",""Scalar""]",both,"[""operator_shape_matched""]","[""operator_shape_matched""]",1,1,1,1,16.544,16.288,0.000129,0.000198,6.9e-05
aten::copy_,"[[26,32],[26,32],[]]","[""c10::BFloat16"",""c10::BFloat16"",""Scalar""]",both,"[""operator_shape_matched""]","[""operator_shape_matched""]",1,1,20,20,36.928,36.961,0.000287,0.000448,0.000161
aten::copy_,"[[26,8,192],[26,8,192],[]]","[""c10::BFloat16"",""c10::BFloat16"",""Scalar""]",both,"[""operator_shape_matched""]","[""operator_shape_matched""]",1,1,10,10,24.318,24.287,0.000189,0.000295,0.000105
aten::copy_,"[[26,8,256],[26,8,256],[]]","[""c10::BFloat16"",""c10::BFloat16"",""Scalar""]",both,"[""operator_shape_matched""]","[""operator_shape_matched""]",1,1,20,20,50.787,50.785,0.000395,0.000616,0.000221
aten::copy_,"[[26,8,256],[26,8,256],[]]","[""c10::BFloat16"",""float"",""Scalar""]",both,"[""operator_shape_matched""]","[""operator_shape_matched""]",1,1,10,10,12.704,12.672,9.9e-05,0.000154,5.5e-05
aten::copy_,"[[26,8,256],[26,8,256],[]]","[""float"",""c10::BFloat16"",""Scalar""]",both,"[""operator_shape_matched""]","[""operator_shape_matched""]",1,1,10,10,28.0,27.905,0.000218,0.000339,0.000121
aten::copy_,"[[26],[26],[]]","[""int"",""long int"",""Scalar""]",both,"[""operator_shape_matched""]","[""operator_shape_matched""]",1,1,1,1,1.664,1.44,1.3e-05,1.7e-05,5e-06
aten::copy_,"[[26],[26],[]]","[""long int"",""int"",""Scalar""]",both,"[""operator_shape_matched""]","[""operator_shape_matched""]",1,1,2,2,3.104,3.072,2.4e-05,3.7e-05,1.3e-05
aten::copy_,"[[27,2,124160],[27,2,124160],[]]","[""c10::BFloat16"",""c10::BFloat16"",""Scalar""]",both,"[""operator_shape_matched""]","[""operator_shape_matched""]",1,1,1,1,16.641,16.576,0.00013,0.000201,7.2e-05
aten::copy_,"[[27,248320],[27,248320],[]]","[""float"",""c10::BFloat16"",""Scalar""]",both,"[""operator_shape_matched""]","[""operator_shape_matched""]",1,1,1,1,17.664,17.696,0.000137,0.000215,7.7e-05
aten::copy_,"[[27],[27],[]]","[""int"",""long int"",""Scalar""]",both,"[""operator_shape_matched""]","[""operator_shape_matched""]",1,1,1,1,1.377,1.408,1.1e-05,1.7e-05,6e-06
aten::copy_,"[[27],[27],[]]","[""long int"",""int"",""Scalar""]",both,"[""operator_shape_matched""]","[""operator_shape_matched""]",1,1,1,1,1.632,1.664,1.3e-05,2e-05,7e-06
aten::copy_,"[[28,1,192],[28,1,192],[]]","[""c10::BFloat16"",""c10::BFloat16"",""Scalar""]",both,"[""operator_shape_matched""]","[""operator_shape_matched""]",1,1,10,10,19.328,19.296,0.00015,0.000234,8.4e-05
aten::copy_,"[[28,1,256],[28,1,256],[]]","[""c10::BFloat16"",""float"",""Scalar""]",both,"[""operator_shape_matched""]","[""operator_shape_matched""]",1,1,10,10,12.164,12.125,9.5e-05,0.000147,5.2e-05
aten::copy_,"[[28,1,256],[28,1,256],[]]","[""float"",""c10::BFloat16"",""Scalar""]",both,"[""operator_shape_matched""]","[""operator_shape_matched""]",1,1,10,10,31.967,32.128,0.000249,0.00039,0.000141
aten::copy_,"[[28,1024],[28,1024],[]]","[""c10::BFloat16"",""c10::BFloat16"",""Scalar""]",both,"[""operator_shape_matched""]","[""operator_shape_matched""]",1,1,60,60,191.456,191.935,0.00149,0.002329,0.000839
aten::copy_,"[[28,10],[28,10],[]]","[""c10::BFloat16"",""c10::BFloat16"",""Scalar""]",both,"[""operator_shape_matched""]","[""operator_shape_matched""]",1,1,20,20,34.02,34.081,0.000265,0.000414,0.000149
aten::copy_,"[[28,11],[28,11],[]]","[""c10::BFloat16"",""c10::BFloat16"",""Scalar""]",both,"[""operator_shape_matched""]","[""operator_shape_matched""]",1,1,20,20,33.662,33.917,0.000262,0.000412,0.00015
aten::copy_,"[[28,16,128],[28,16,128],[]]","[""c10::BFloat16"",""c10::BFloat16"",""Scalar""]",both,"[""operator_shape_matched""]","[""operator_shape_matched""]",1,1,30,30,96.161,96.578,0.000748,0.001172,0.000423
aten::copy_,"[[28,16],[28,16],[]]","[""c10::BFloat16"",""c10::BFloat16"",""Scalar""]",both,"[""operator_shape_matched""]","[""operator_shape_matched""]",1,1,60,60,114.626,114.626,0.000892,0.001391,0.000499
aten::copy_,"[[28,2,124160],[28,2,124160],[]]","[""c10::BFloat16"",""c10::BFloat16"",""Scalar""]",both,"[""operator_shape_matched""]","[""operator_shape_matched""]",1,1,1,1,17.12,17.537,0.000133,0.000213,8e-05
aten::copy_,"[[28,2048],[28,2048],[]]","[""c10::BFloat16"",""c10::BFloat16"",""Scalar""]",both,"[""operator_shape_matched""]","[""operator_shape_matched""]",1,1,30,30,99.33,99.234,0.000773,0.001204,0.000431
aten::copy_,"[[28,2048],[28,2048],[]]","[""c10::BFloat16"",""float"",""Scalar""]",both,"[""operator_shape_matched""]","[""operator_shape_matched""]",1,1,161,161,201.117,201.036,0.001565,0.002439,0.000874
aten::copy_,"[[28,2048],[28,2048],[]]","[""float"",""c10::BFloat16"",""Scalar""]",both,"[""operator_shape_matched""]","[""operator_shape_matched""]",1,1,161,161,511.306,512.673,0.003979,0.00622,0.002241
aten::copy_,"[[28,248320],[28,248320],[]]","[""float"",""c10::BFloat16"",""Scalar""]",both,"[""operator_shape_matched""]","[""operator_shape_matched""]",1,1,1,1,17.824,18.176,0.000139,0.000221,8.2e-05
aten::copy_,"[[28,32],[28,32],[]]","[""c10::BFloat16"",""c10::BFloat16"",""Scalar""]",both,"[""operator_shape_matched""]","[""operator_shape_matched""]",1,1,20,20,37.984,37.952,0.000296,0.00046,0.000165
aten::copy_,"[[28,8,192],[28,8,192],[]]","[""c10::BFloat16"",""c10::BFloat16"",""Scalar""]",both,"[""operator_shape_matched""]","[""operator_shape_matched""]",1,1,10,10,24.289,24.256,0.000189,0.000294,0.000105
aten::copy_,"[[28,8,256],[28,8,256],[]]","[""c10::BFloat16"",""c10::BFloat16"",""Scalar""]",both,"[""operator_shape_matched""]","[""operator_shape_matched""]",1,1,20,20,51.072,51.076,0.000397,0.00062,0.000222
aten::copy_,"[[28,8,256],[28,8,256],[]]","[""c10::BFloat16"",""float"",""Scalar""]",both,"[""operator_shape_matched""]","[""operator_shape_matched""]",1,1,10,10,12.703,12.639,9.9e-05,0.000153,5.4e-05
aten::copy_,"[[28,8,256],[28,8,256],[]]","[""float"",""c10::BFloat16"",""Scalar""]",both,"[""operator_shape_matched""]","[""operator_shape_matched""]",1,1,10,10,27.648,27.715,0.000215,0.000336,0.000121
aten::copy_,"[[288,128],[288,128],[]]","[""c10::BFloat16"",""float"",""Scalar""]",both,"[""operator_shape_matched""]","[""operator_shape_matched""]",1,1,30,30,38.176,37.888,0.000297,0.00046,0.000163
aten::copy_,"[[288,128],[288,128],[]]","[""float"",""c10::BFloat16"",""Scalar""]",both,"[""operator_shape_matched""]","[""operator_shape_matched""]",1,1,60,60,167.209,167.683,0.001301,0.002035,0.000733
aten::copy_,"[[28],[28],[]]","[""int"",""long int"",""Scalar""]",both,"[""operator_shape_matched""]","[""operator_shape_matched""]",1,1,1,1,1.44,1.345,1.1e-05,1.6e-05,5e-06
aten::copy_,"[[28],[28],[]]","[""long int"",""int"",""Scalar""]",both,"[""operator_shape_matched""]","[""operator_shape_matched""]",1,1,2,2,3.072,3.039,2.4e-05,3.7e-05,1.3e-05
aten::copy_,"[[29,2,124160],[29,2,124160],[]]","[""c10::BFloat16"",""c10::BFloat16"",""Scalar""]",both,"[""operator_shape_matched""]","[""operator_shape_matched""]",1,1,1,1,17.888,17.889,0.000139,0.000217,7.8e-05
aten::copy_,"[[29,248320],[29,248320],[]]","[""float"",""c10::BFloat16"",""Scalar""]",both,"[""operator_shape_matched""]","[""operator_shape_matched""]",1,1,1,1,19.232,19.072,0.00015,0.000231,8.2e-05
aten::copy_,"[[29],[29],[]]","[""int"",""long int"",""Scalar""]",both,"[""operator_shape_matched""]","[""operator_shape_matched""]",1,1,1,1,1.44,1.472,1.1e-05,1.8e-05,7e-06
aten::copy_,"[[29],[29],[]]","[""long int"",""int"",""Scalar""]",both,"[""operator_shape_matched""]","[""operator_shape_matched""]",1,1,1,1,1.632,1.664,1.3e-05,2e-05,7e-06
aten::copy_,"[[2],[2],[]]","[""int"",""long int"",""Scalar""]",both,"[""operator_shape_matched""]","[""operator_shape_matched""]",1,1,1,1,1.376,1.408,1.1e-05,1.7e-05,6e-06
aten::copy_,"[[2],[2],[]]","[""long int"",""int"",""Scalar""]",both,"[""operator_shape_matched""]","[""operator_shape_matched""]",1,1,212,212,312.848,313.383,0.002435,0.003802,0.001368
aten::copy_,"[[3,1024],[3,1024],[]]","[""c10::BFloat16"",""c10::BFloat16"",""Scalar""]",both,"[""operator_shape_matched""]","[""operator_shape_matched""]",1,1,60,60,181.536,181.894,0.001413,0.002207,0.000794
aten::copy_,"[[3,10],[3,10],[]]","[""long int"",""long int"",""Scalar""]",both,"[""operator_shape_matched""]","[""operator_shape_matched""]",1,1,1,1,1.536,1.44,1.2e-05,1.7e-05,6e-06
aten::copy_,"[[3,12],[3,12],[]]","[""long int"",""long int"",""Scalar""]",both,"[""operator_shape_matched""]","[""operator_shape_matched""]",1,1,1,1,1.184,1.216,9e-06,1.5e-05,6e-06
aten::copy_,"[[3,14],[3,14],[]]","[""long int"",""long int"",""Scalar""]",both,"[""operator_shape_matched""]","[""operator_shape_matched""]",1,1,1,1,1.345,1.344,1e-05,1.6e-05,6e-06
aten::copy_,"[[3,16],[3,16],[]]","[""long int"",""long int"",""Scalar""]",both,"[""operator_shape_matched""]","[""operator_shape_matched""]",1,1,1,1,1.184,1.184,9e-06,1.4e-05,5e-06
aten::copy_,"[[3,18],[3,18],[]]","[""long int"",""long int"",""Scalar""]",both,"[""operator_shape_matched""]","[""operator_shape_matched""]",1,1,1,1,1.344,1.344,1e-05,1.6e-05,6e-06
aten::copy_,"[[3,1],[3,1],[]]","[""long int"",""long int"",""Scalar""]",both,"[""operator_shape_matched""]","[""operator_shape_matched""]",1,1,1,1,1.184,1.184,9e-06,1.4e-05,5e-06
aten::copy_,"[[3,2,124160],[3,2,124160],[]]","[""c10::BFloat16"",""c10::BFloat16"",""Scalar""]",both,"[""operator_shape_matched""]","[""operator_shape_matched""]",1,1,1,1,3.488,3.52,2.7e-05,4.3e-05,1.6e-05
aten::copy_,"[[3,2048],[3,2048],[]]","[""c10::BFloat16"",""c10::BFloat16"",""Scalar""]",both,"[""operator_shape_matched""]","[""operator_shape_matched""]",1,1,30,30,90.398,89.956,0.000704,0.001091,0.000388
aten::copy_,"[[3,20],[3,20],[]]","[""long int"",""long int"",""Scalar""]",both,"[""operator_shape_matched""]","[""operator_shape_matched""]",1,1,1,1,1.185,1.312,9e-06,1.6e-05,7e-06
aten::copy_,"[[3,22],[3,22],[]]","[""long int"",""long int"",""Scalar""]",both,"[""operator_shape_matched""]","[""operator_shape_matched""]",1,1,1,1,1.344,1.344,1e-05,1.6e-05,6e-06
aten::copy_,"[[3,248320],[3,248320],[]]","[""float"",""c10::BFloat16"",""Scalar""]",both,"[""operator_shape_matched""]","[""operator_shape_matched""]",1,1,1,1,3.743,3.744,2.9e-05,4.5e-05,1.6e-05
aten::copy_,"[[3,24],[3,24],[]]","[""long int"",""long int"",""Scalar""]",both,"[""operator_shape_matched""]","[""operator_shape_matched""]",1,1,1,1,1.184,1.184,9e-06,1.4e-05,5e-06
aten::copy_,"[[3,26],[3,26],[]]","[""long int"",""long int"",""Scalar""]",both,"[""operator_shape_matched""]","[""operator_shape_matched""]",1,1,1,1,1.344,1.343,1e-05,1.6e-05,6e-06
aten::copy_,"[[3,28],[3,28],[]]","[""long int"",""long int"",""Scalar""]",both,"[""operator_shape_matched""]","[""operator_shape_matched""]",1,1,1,1,1.185,1.184,9e-06,1.4e-05,5e-06
aten::copy_,"[[3,2],[3,2],[]]","[""long int"",""long int"",""Scalar""]",both,"[""operator_shape_matched""]","[""operator_shape_matched""]",1,1,1,1,1.344,1.344,1e-05,1.6e-05,6e-06
aten::copy_,"[[3,30],[3,30],[]]","[""long int"",""long int"",""Scalar""]",both,"[""operator_shape_matched""]","[""operator_shape_matched""]",1,1,1,1,1.312,1.409,1e-05,1.7e-05,7e-06
aten::copy_,"[[3,32],[3,32],[]]","[""long int"",""long int"",""Scalar""]",both,"[""operator_shape_matched""]","[""operator_shape_matched""]",1,1,1,1,1.184,1.344,9e-06,1.6e-05,7e-06
aten::copy_,"[[3,34],[3,34],[]]","[""long int"",""long int"",""Scalar""]",both,"[""operator_shape_matched""]","[""operator_shape_matched""]",1,1,1,1,1.343,1.344,1e-05,1.6e-05,6e-06
aten::copy_,"[[3,36],[3,36],[]]","[""long int"",""long int"",""Scalar""]",both,"[""operator_shape_matched""]","[""operator_shape_matched""]",1,1,1,1,1.184,1.184,9e-06,1.4e-05,5e-06
aten::copy_,"[[3,38],[3,38],[]]","[""long int"",""long int"",""Scalar""]",both,"[""operator_shape_matched""]","[""operator_shape_matched""]",1,1,1,1,1.312,1.408,1e-05,1.7e-05,7e-06
aten::copy_,"[[3,4096],[3,4096],[]]","[""long int"",""long int"",""Scalar""]",both,"[""operator_shape_matched""]","[""operator_shape_matched""]",1,1,1,1,2.113,2.112,1.6e-05,2.6e-05,9e-06
aten::copy_,"[[3,40],[3,40],[]]","[""long int"",""long int"",""Scalar""]",both,"[""operator_shape_matched""]","[""operator_shape_matched""]",1,1,1,1,1.184,1.216,9e-06,1.5e-05,6e-06
aten::copy_,"[[3,42],[3,42],[]]","[""long int"",""long int"",""Scalar""]",both,"[""operator_shape_matched""]","[""operator_shape_matched""]",1,1,1,1,1.312,1.343,1e-05,1.6e-05,6e-06
aten::copy_,"[[3,44],[3,44],[]]","[""long int"",""long int"",""Scalar""]",both,"[""operator_shape_matched""]","[""operator_shape_matched""]",1,1,1,1,1.408,1.44,1.1e-05,1.7e-05,7e-06
aten::copy_,"[[3,46],[3,46],[]]","[""long int"",""long int"",""Scalar""]",both,"[""operator_shape_matched""]","[""operator_shape_matched""]",1,1,1,1,1.632,1.728,1.3e-05,2.1e-05,8e-06
aten::copy_,"[[3,48],[3,48],[]]","[""long int"",""long int"",""Scalar""]",both,"[""operator_shape_matched""]","[""operator_shape_matched""]",1,1,1,1,1.44,1.44,1.1e-05,1.7e-05,6e-06
aten::copy_,"[[3,4],[3,4],[]]","[""long int"",""long int"",""Scalar""]",both,"[""operator_shape_matched""]","[""operator_shape_matched""]",1,1,1,1,1.185,1.343,9e-06,1.6e-05,7e-06
aten::copy_,"[[3,5089],[3,5089],[]]","[""long int"",""long int"",""Scalar""]",both,"[""operator_shape_matched""]","[""operator_shape_matched""]",1,1,1,1,2.048,2.016,1.6e-05,2.4e-05,9e-06
aten::copy_,"[[3,50],[3,50],[]]","[""long int"",""long int"",""Scalar""]",both,"[""operator_shape_matched""]","[""operator_shape_matched""]",1,1,1,1,1.696,1.568,1.3e-05,1.9e-05,6e-06
aten::copy_,"[[3,52],[3,52],[]]","[""long int"",""long int"",""Scalar""]",both,"[""operator_shape_matched""]","[""operator_shape_matched""]",1,1,1,1,1.44,1.44,1.1e-05,1.7e-05,6e-06
aten::copy_,"[[3,54],[3,54],[]]","[""long int"",""long int"",""Scalar""]",both,"[""operator_shape_matched""]","[""operator_shape_matched""]",1,1,1,1,1.567,1.568,1.2e-05,1.9e-05,7e-06
aten::copy_,"[[3,56],[3,56],[]]","[""long int"",""long int"",""Scalar""]",both,"[""operator_shape_matched""]","[""operator_shape_matched""]",1,1,1,1,1.44,1.44,1.1e-05,1.7e-05,6e-06
aten::copy_,"[[3,58],[3,58],[]]","[""long int"",""long int"",""Scalar""]",both,"[""operator_shape_matched""]","[""operator_shape_matched""]",1,1,1,1,1.568,1.6,1.2e-05,1.9e-05,7e-06
aten::copy_,"[[3,60],[3,60],[]]","[""long int"",""long int"",""Scalar""]",both,"[""operator_shape_matched""]","[""operator_shape_matched""]",1,1,1,1,1.44,1.44,1.1e-05,1.7e-05,6e-06
aten::copy_,"[[3,62],[3,62],[]]","[""long int"",""long int"",""Scalar""]",both,"[""operator_shape_matched""]","[""operator_shape_matched""]",1,1,1,1,1.568,1.632,1.2e-05,2e-05,8e-06
aten::copy_,"[[3,63],[3,63],[]]","[""long int"",""long int"",""Scalar""]",both,"[""operator_shape_matched""]","[""operator_shape_matched""]",1,1,2,2,3.168,3.168,2.5e-05,3.8e-05,1.4e-05
aten::copy_,"[[3,64],[3,64],[]]","[""long int"",""long int"",""Scalar""]",both,"[""operator_shape_matched""]","[""operator_shape_matched""]",1,1,478,222,689.36,322.213,0.005365,0.003909,-0.001456
aten::copy_,"[[3,6],[3,6],[]]","[""long int"",""long int"",""Scalar""]",both,"[""operator_shape_matched""]","[""operator_shape_matched""]",1,1,1,1,1.376,1.344,1.1e-05,1.6e-05,6e-06
aten::copy_,"[[3,8192],[3,8192],[]]","[""long int"",""long int"",""Scalar""]",both,"[""operator_shape_matched""]","[""operator_shape_matched""]",1,1,31,31,68.93,68.611,0.000536,0.000832,0.000296
aten::copy_,"[[3,8],[3,8],[]]","[""long int"",""long int"",""Scalar""]",both,"[""operator_shape_matched""]","[""operator_shape_matched""]",1,1,1,1,1.217,1.28,9e-06,1.6e-05,6e-06
aten::copy_,"[[30,1,192],[30,1,192],[]]","[""c10::BFloat16"",""c10::BFloat16"",""Scalar""]",both,"[""operator_shape_matched""]","[""operator_shape_matched""]",1,1,10,10,22.495,22.525,0.000175,0.000273,9.8e-05
aten::copy_,"[[30,1,256],[30,1,256],[]]","[""c10::BFloat16"",""float"",""Scalar""]",both,"[""operator_shape_matched""]","[""operator_shape_matched""]",1,1,10,10,12.896,12.771,0.0001,0.000155,5.5e-05
aten::copy_,"[[30,1,256],[30,1,256],[]]","[""float"",""c10::BFloat16"",""Scalar""]",both,"[""operator_shape_matched""]","[""operator_shape_matched""]",1,1,10,10,33.728,32.962,0.000262,0.0004,0.000137
aten::copy_,"[[30,1024],[30,1024],[]]","[""c10::BFloat16"",""c10::BFloat16"",""Scalar""]",both,"[""operator_shape_matched""]","[""operator_shape_matched""]",1,1,60,60,190.982,190.983,0.001486,0.002317,0.000831
aten::copy_,"[[30,10],[30,10],[]]","[""c10::BFloat16"",""c10::BFloat16"",""Scalar""]",both,"[""operator_shape_matched""]","[""operator_shape_matched""]",1,1,20,20,33.824,33.632,0.000263,0.000408,0.000145
aten::copy_,"[[30,11],[30,11],[]]","[""c10::BFloat16"",""c10::BFloat16"",""Scalar""]",both,"[""operator_shape_matched""]","[""operator_shape_matched""]",1,1,20,20,32.8,32.671,0.000255,0.000396,0.000141
aten::copy_,"[[30,16,128],[30,16,128],[]]","[""c10::BFloat16"",""c10::BFloat16"",""Scalar""]",both,"[""operator_shape_matched""]","[""operator_shape_matched""]",1,1,30,30,99.679,99.777,0.000776,0.001211,0.000435
aten::copy_,"[[30,16],[30,16],[]]","[""c10::BFloat16"",""c10::BFloat16"",""Scalar""]",both,"[""operator_shape_matched""]","[""operator_shape_matched""]",1,1,60,60,115.169,115.491,0.000896,0.001401,0.000505
aten::copy_,"[[30,2,124160],[30,2,124160],[]]","[""c10::BFloat16"",""c10::BFloat16"",""Scalar""]",both,"[""operator_shape_matched""]","[""operator_shape_matched""]",1,1,1,1,18.561,18.24,0.000144,0.000221,7.7e-05
aten::copy_,"[[30,2048],[30,2048],[]]","[""c10::BFloat16"",""c10::BFloat16"",""Scalar""]",both,"[""operator_shape_matched""]","[""operator_shape_matched""]",1,1,30,30,99.778,99.205,0.000777,0.001204,0.000427
aten::copy_,"[[30,2048],[30,2048],[]]","[""c10::BFloat16"",""float"",""Scalar""]",both,"[""operator_shape_matched""]","[""operator_shape_matched""]",1,1,161,161,201.246,201.307,0.001566,0.002442,0.000876
aten::copy_,"[[30,2048],[30,2048],[]]","[""float"",""c10::BFloat16"",""Scalar""]",both,"[""operator_shape_matched""]","[""operator_shape_matched""]",1,1,161,161,513.958,515.53,0.004,0.006255,0.002255
aten::copy_,"[[30,248320],[30,248320],[]]","[""float"",""c10::BFloat16"",""Scalar""]",both,"[""operator_shape_matched""]","[""operator_shape_matched""]",1,1,1,1,20.192,19.968,0.000157,0.000242,8.5e-05
aten::copy_,"[[30,32],[30,32],[]]","[""c10::BFloat16"",""c10::BFloat16"",""Scalar""]",both,"[""operator_shape_matched""]","[""operator_shape_matched""]",1,1,20,20,40.161,40.225,0.000313,0.000488,0.000175
aten::copy_,"[[30,8,192],[30,8,192],[]]","[""c10::BFloat16"",""c10::BFloat16"",""Scalar""]",both,"[""operator_shape_matched""]","[""operator_shape_matched""]",1,1,10,10,24.129,24.064,0.000188,0.000292,0.000104
aten::copy_,"[[30,8,256],[30,8,256],[]]","[""c10::BFloat16"",""c10::BFloat16"",""Scalar""]",both,"[""operator_shape_matched""]","[""operator_shape_matched""]",1,1,20,20,51.234,51.549,0.000399,0.000625,0.000227
aten::copy_,"[[30,8,256],[30,8,256],[]]","[""c10::BFloat16"",""float"",""Scalar""]",both,"[""operator_shape_matched""]","[""operator_shape_matched""]",1,1,10,10,12.736,12.832,9.9e-05,0.000156,5.7e-05
aten::copy_,"[[30,8,256],[30,8,256],[]]","[""float"",""c10::BFloat16"",""Scalar""]",both,"[""operator_shape_matched""]","[""operator_shape_matched""]",1,1,10,10,28.031,28.128,0.000218,0.000341,0.000123
aten::copy_,"[[30],[30],[]]","[""int"",""long int"",""Scalar""]",both,"[""operator_shape_matched""]","[""operator_shape_matched""]",1,1,1,1,1.44,1.344,1.1e-05,1.6e-05,5e-06
aten::copy_,"[[30],[30],[]]","[""long int"",""int"",""Scalar""]",both,"[""operator_shape_matched""]","[""operator_shape_matched""]",1,1,2,2,3.103,3.04,2.4e-05,3.7e-05,1.3e-05
aten::copy_,"[[31,2,124160],[31,2,124160],[]]","[""c10::BFloat16"",""c10::BFloat16"",""Scalar""]",both,"[""operator_shape_matched""]","[""operator_shape_matched""]",1,1,1,1,18.944,19.041,0.000147,0.000231,8.4e-05
aten::copy_,"[[31,248320],[31,248320],[]]","[""float"",""c10::BFloat16"",""Scalar""]",both,"[""operator_shape_matched""]","[""operator_shape_matched""]",1,1,1,1,21.473,21.184,0.000167,0.000257,9e-05
aten::copy_,"[[31],[31],[]]","[""int"",""long int"",""Scalar""]",both,"[""operator_shape_matched""]","[""operator_shape_matched""]",1,1,1,1,1.504,1.44,1.2e-05,1.7e-05,6e-06
aten::copy_,"[[31],[31],[]]","[""long int"",""int"",""Scalar""]",both,"[""operator_shape_matched""]","[""operator_shape_matched""]",1,1,1,1,1.632,1.632,1.3e-05,2e-05,7e-06
aten::copy_,"[[32,1,192],[32,1,192],[]]","[""c10::BFloat16"",""c10::BFloat16"",""Scalar""]",both,"[""operator_shape_matched""]","[""operator_shape_matched""]",1,1,10,10,21.888,22.176,0.00017,0.000269,9.9e-05
aten::copy_,"[[32,1,256],[32,1,256],[]]","[""c10::BFloat16"",""float"",""Scalar""]",both,"[""operator_shape_matched""]","[""operator_shape_matched""]",1,1,10,10,12.098,12.066,9.4e-05,0.000146,5.2e-05
aten::copy_,"[[32,1,256],[32,1,256],[]]","[""float"",""c10::BFloat16"",""Scalar""]",both,"[""operator_shape_matched""]","[""operator_shape_matched""]",1,1,10,10,32.288,32.064,0.000251,0.000389,0.000138
aten::copy_,"[[32,1024],[32,1024],[]]","[""c10::BFloat16"",""c10::BFloat16"",""Scalar""]",both,"[""operator_shape_matched""]","[""operator_shape_matched""]",1,1,60,60,190.66,190.627,0.001484,0.002313,0.000829
aten::copy_,"[[32,10],[32,10],[]]","[""c10::BFloat16"",""c10::BFloat16"",""Scalar""]",both,"[""operator_shape_matched""]","[""operator_shape_matched""]",1,1,20,20,33.856,33.919,0.000263,0.000412,0.000148
aten::copy_,"[[32,11],[32,11],[]]","[""c10::BFloat16"",""c10::BFloat16"",""Scalar""]",both,"[""operator_shape_matched""]","[""operator_shape_matched""]",1,1,20,20,32.161,32.032,0.00025,0.000389,0.000138
aten::copy_,"[[32,128],[32,128],[]]","[""c10::BFloat16"",""float"",""Scalar""]",both,"[""operator_shape_matched""]","[""operator_shape_matched""]",1,1,30,30,36.963,36.893,0.000288,0.000448,0.00016
aten::copy_,"[[32,128],[32,128],[]]","[""float"",""c10::BFloat16"",""Scalar""]",both,"[""operator_shape_matched""]","[""operator_shape_matched""]",1,1,60,60,149.445,149.508,0.001163,0.001814,0.000651
aten::copy_,"[[32,16,128],[32,16,128],[]]","[""c10::BFloat16"",""c10::BFloat16"",""Scalar""]",both,"[""operator_shape_matched""]","[""operator_shape_matched""]",1,1,30,30,99.649,99.878,0.000776,0.001212,0.000436
aten::copy_,"[[32,16],[32,16],[]]","[""c10::BFloat16"",""c10::BFloat16"",""Scalar""]",both,"[""operator_shape_matched""]","[""operator_shape_matched""]",1,1,60,60,114.375,114.759,0.00089,0.001392,0.000502
aten::copy_,"[[32,2,124160],[32,2,124160],[]]","[""c10::BFloat16"",""c10::BFloat16"",""Scalar""]",both,"[""operator_shape_matched""]","[""operator_shape_matched""]",1,1,1,1,19.521,19.936,0.000152,0.000242,9e-05
aten::copy_,"[[32,2048],[32,2048],[]]","[""c10::BFloat16"",""c10::BFloat16"",""Scalar""]",both,"[""operator_shape_matched""]","[""operator_shape_matched""]",1,1,30,30,99.618,98.913,0.000775,0.0012,0.000425
aten::copy_,"[[32,2048],[32,2048],[]]","[""c10::BFloat16"",""float"",""Scalar""]",both,"[""operator_shape_matched""]","[""operator_shape_matched""]",1,1,161,161,200.833,200.714,0.001563,0.002435,0.000872
aten::copy_,"[[32,2048],[32,2048],[]]","[""float"",""c10::BFloat16"",""Scalar""]",both,"[""operator_shape_matched""]","[""operator_shape_matched""]",1,1,161,161,512.295,512.655,0.003987,0.00622,0.002233
aten::copy_,"[[32,248320],[32,248320],[]]","[""float"",""c10::BFloat16"",""Scalar""]",both,"[""operator_shape_matched""]","[""operator_shape_matched""]",1,1,1,1,22.368,22.336,0.000174,0.000271,9.7e-05
aten::copy_,"[[32,32],[32,32],[]]","[""c10::BFloat16"",""c10::BFloat16"",""Scalar""]",both,"[""operator_shape_matched""]","[""operator_shape_matched""]",1,1,20,20,39.779,39.809,0.00031,0.000483,0.000173
aten::copy_,"[[32,8,192],[32,8,192],[]]","[""c10::BFloat16"",""c10::BFloat16"",""Scalar""]",both,"[""operator_shape_matched""]","[""operator_shape_matched""]",1,1,10,10,24.129,24.192,0.000188,0.000294,0.000106
aten::copy_,"[[32,8,256],[32,8,256],[]]","[""c10::BFloat16"",""c10::BFloat16"",""Scalar""]",both,"[""operator_shape_matched""]","[""operator_shape_matched""]",1,1,20,20,51.585,51.073,0.000401,0.00062,0.000218
aten::copy_,"[[32,8,256],[32,8,256],[]]","[""c10::BFloat16"",""float"",""Scalar""]",both,"[""operator_shape_matched""]","[""operator_shape_matched""]",1,1,10,10,12.927,12.992,0.000101,0.000158,5.7e-05
aten::copy_,"[[32,8,256],[32,8,256],[]]","[""float"",""c10::BFloat16"",""Scalar""]",both,"[""operator_shape_matched""]","[""operator_shape_matched""]",1,1,10,10,28.545,28.576,0.000222,0.000347,0.000125
aten::copy_,"[[320,128],[320,128],[]]","[""c10::BFloat16"",""float"",""Scalar""]",both,"[""operator_shape_matched""]","[""operator_shape_matched""]",1,1,30,30,38.113,37.95,0.000297,0.00046,0.000164
aten::copy_,"[[320,128],[320,128],[]]","[""float"",""c10::BFloat16"",""Scalar""]",both,"[""operator_shape_matched""]","[""operator_shape_matched""]",1,1,60,60,171.364,171.333,0.001334,0.002079,0.000745
aten::copy_,"[[32],[32],[]]","[""int"",""long int"",""Scalar""]",both,"[""operator_shape_matched""]","[""operator_shape_matched""]",1,1,1,1,1.344,1.312,1e-05,1.6e-05,5e-06
aten::copy_,"[[32],[32],[]]","[""long int"",""int"",""Scalar""]",both,"[""operator_shape_matched""]","[""operator_shape_matched""]",1,1,2,2,3.072,3.04,2.4e-05,3.7e-05,1.3e-05
aten::copy_,"[[33,2,124160],[33,2,124160],[]]","[""c10::BFloat16"",""c10::BFloat16"",""Scalar""]",both,"[""operator_shape_matched""]","[""operator_shape_matched""]",1,1,1,1,20.289,20.513,0.000158,0.000249,9.1e-05
aten::copy_,"[[33,248320],[33,248320],[]]","[""float"",""c10::BFloat16"",""Scalar""]",both,"[""operator_shape_matched""]","[""operator_shape_matched""]",1,1,1,1,23.424,23.041,0.000182,0.00028,9.7e-05
aten::copy_,"[[33],[33],[]]","[""int"",""long int"",""Scalar""]",both,"[""operator_shape_matched""]","[""operator_shape_matched""]",1,1,1,1,1.504,1.44,1.2e-05,1.7e-05,6e-06
aten::copy_,"[[33],[33],[]]","[""long int"",""int"",""Scalar""]",both,"[""operator_shape_matched""]","[""operator_shape_matched""]",1,1,1,1,1.696,1.568,1.3e-05,1.9e-05,6e-06
aten::copy_,"[[34,1,192],[34,1,192],[]]","[""c10::BFloat16"",""c10::BFloat16"",""Scalar""]",both,"[""operator_shape_matched""]","[""operator_shape_matched""]",1,1,10,10,21.633,21.631,0.000168,0.000262,9.4e-05
aten::copy_,"[[34,1,256],[34,1,256],[]]","[""c10::BFloat16"",""float"",""Scalar""]",both,"[""operator_shape_matched""]","[""operator_shape_matched""]",1,1,10,10,12.51,12.545,9.7e-05,0.000152,5.5e-05
aten::copy_,"[[34,1,256],[34,1,256],[]]","[""float"",""c10::BFloat16"",""Scalar""]",both,"[""operator_shape_matched""]","[""operator_shape_matched""]",1,1,10,10,32.705,32.897,0.000255,0.000399,0.000145
aten::copy_,"[[34,1024],[34,1024],[]]","[""c10::BFloat16"",""c10::BFloat16"",""Scalar""]",both,"[""operator_shape_matched""]","[""operator_shape_matched""]",1,1,60,60,191.488,192.007,0.00149,0.00233,0.000839
aten::copy_,"[[34,10],[34,10],[]]","[""c10::BFloat16"",""c10::BFloat16"",""Scalar""]",both,"[""operator_shape_matched""]","[""operator_shape_matched""]",1,1,20,20,34.176,34.082,0.000266,0.000414,0.000148
aten::copy_,"[[34,11],[34,11],[]]","[""c10::BFloat16"",""c10::BFloat16"",""Scalar""]",both,"[""operator_shape_matched""]","[""operator_shape_matched""]",1,1,20,20,32.066,32.128,0.00025,0.00039,0.00014
aten::copy_,"[[34,16,128],[34,16,128],[]]","[""c10::BFloat16"",""c10::BFloat16"",""Scalar""]",both,"[""operator_shape_matched""]","[""operator_shape_matched""]",1,1,30,30,102.4,102.562,0.000797,0.001244,0.000447
aten::copy_,"[[34,16],[34,16],[]]","[""c10::BFloat16"",""c10::BFloat16"",""Scalar""]",both,"[""operator_shape_matched""]","[""operator_shape_matched""]",1,1,60,60,115.206,115.103,0.000897,0.001397,0.0005
aten::copy_,"[[34,2,124160],[34,2,124160],[]]","[""c10::BFloat16"",""c10::BFloat16"",""Scalar""]",both,"[""operator_shape_matched""]","[""operator_shape_matched""]",1,1,1,1,21.12,21.376,0.000164,0.000259,9.5e-05
aten::copy_,"[[34,2048],[34,2048],[]]","[""c10::BFloat16"",""c10::BFloat16"",""Scalar""]",both,"[""operator_shape_matched""]","[""operator_shape_matched""]",1,1,30,30,101.378,101.921,0.000789,0.001237,0.000448
aten::copy_,"[[34,2048],[34,2048],[]]","[""c10::BFloat16"",""float"",""Scalar""]",both,"[""operator_shape_matched""]","[""operator_shape_matched""]",1,1,161,161,200.29,200.666,0.001559,0.002435,0.000876
aten::copy_,"[[34,2048],[34,2048],[]]","[""float"",""c10::BFloat16"",""Scalar""]",both,"[""operator_shape_matched""]","[""operator_shape_matched""]",1,1,161,161,520.693,521.667,0.004052,0.006329,0.002277
aten::copy_,"[[34,248320],[34,248320],[]]","[""float"",""c10::BFloat16"",""Scalar""]",both,"[""operator_shape_matched""]","[""operator_shape_matched""]",1,1,1,1,24.8,24.801,0.000193,0.000301,0.000108
aten::copy_,"[[34,32],[34,32],[]]","[""c10::BFloat16"",""c10::BFloat16"",""Scalar""]",both,"[""operator_shape_matched""]","[""operator_shape_matched""]",1,1,20,20,42.24,42.242,0.000329,0.000513,0.000184
aten::copy_,"[[34,8,192],[34,8,192],[]]","[""c10::BFloat16"",""c10::BFloat16"",""Scalar""]",both,"[""operator_shape_matched""]","[""operator_shape_matched""]",1,1,10,10,24.608,24.417,0.000192,0.000296,0.000105
aten::copy_,"[[34,8,256],[34,8,256],[]]","[""c10::BFloat16"",""c10::BFloat16"",""Scalar""]",both,"[""operator_shape_matched""]","[""operator_shape_matched""]",1,1,20,20,52.865,52.994,0.000411,0.000643,0.000232
aten::copy_,"[[34,8,256],[34,8,256],[]]","[""c10::BFloat16"",""float"",""Scalar""]",both,"[""operator_shape_matched""]","[""operator_shape_matched""]",1,1,10,10,12.896,12.864,0.0001,0.000156,5.6e-05
aten::copy_,"[[34,8,256],[34,8,256],[]]","[""float"",""c10::BFloat16"",""Scalar""]",both,"[""operator_shape_matched""]","[""operator_shape_matched""]",1,1,10,10,27.169,27.299,0.000211,0.000331,0.00012
aten::copy_,"[[34],[34],[]]","[""int"",""long int"",""Scalar""]",both,"[""operator_shape_matched""]","[""operator_shape_matched""]",1,1,1,1,1.376,1.408,1.1e-05,1.7e-05,6e-06
aten::copy_,"[[34],[34],[]]","[""long int"",""int"",""Scalar""]",both,"[""operator_shape_matched""]","[""operator_shape_matched""]",1,1,2,2,3.008,3.008,2.3e-05,3.6e-05,1.3e-05
aten::copy_,"[[35,2,124160],[35,2,124160],[]]","[""c10::BFloat16"",""c10::BFloat16"",""Scalar""]",both,"[""operator_shape_matched""]","[""operator_shape_matched""]",1,1,1,1,21.792,21.729,0.00017,0.000264,9.4e-05
aten::copy_,"[[35,248320],[35,248320],[]]","[""float"",""c10::BFloat16"",""Scalar""]",both,"[""operator_shape_matched""]","[""operator_shape_matched""]",1,1,1,1,26.305,25.728,0.000205,0.000312,0.000107
aten::copy_,"[[352,128],[352,128],[]]","[""c10::BFloat16"",""float"",""Scalar""]",both,"[""operator_shape_matched""]","[""operator_shape_matched""]",1,1,30,30,38.658,38.625,0.000301,0.000469,0.000168
aten::copy_,"[[352,128],[352,128],[]]","[""float"",""c10::BFloat16"",""Scalar""]",both,"[""operator_shape_matched""]","[""operator_shape_matched""]",1,1,60,60,171.459,170.66,0.001334,0.002071,0.000736
aten::copy_,"[[35],[35],[]]","[""int"",""long int"",""Scalar""]",both,"[""operator_shape_matched""]","[""operator_shape_matched""]",1,1,1,1,1.408,1.377,1.1e-05,1.7e-05,6e-06
aten::copy_,"[[35],[35],[]]","[""long int"",""int"",""Scalar""]",both,"[""operator_shape_matched""]","[""operator_shape_matched""]",1,1,1,1,1.792,1.856,1.4e-05,2.3e-05,9e-06
aten::copy_,"[[36,1,192],[36,1,192],[]]","[""c10::BFloat16"",""c10::BFloat16"",""Scalar""]",both,"[""operator_shape_matched""]","[""operator_shape_matched""]",1,1,10,10,22.529,22.464,0.000175,0.000273,9.7e-05
aten::copy_,"[[36,1,256],[36,1,256],[]]","[""c10::BFloat16"",""float"",""Scalar""]",both,"[""operator_shape_matched""]","[""operator_shape_matched""]",1,1,10,10,11.999,12.032,9.3e-05,0.000146,5.3e-05
aten::copy_,"[[36,1,256],[36,1,256],[]]","[""float"",""c10::BFloat16"",""Scalar""]",both,"[""operator_shape_matched""]","[""operator_shape_matched""]",1,1,10,10,33.155,32.865,0.000258,0.000399,0.000141
aten::copy_,"[[36,1024],[36,1024],[]]","[""c10::BFloat16"",""c10::BFloat16"",""Scalar""]",both,"[""operator_shape_matched""]","[""operator_shape_matched""]",1,1,60,60,194.114,194.144,0.001511,0.002356,0.000845
aten::copy_,"[[36,10],[36,10],[]]","[""c10::BFloat16"",""c10::BFloat16"",""Scalar""]",both,"[""operator_shape_matched""]","[""operator_shape_matched""]",1,1,20,20,35.84,35.747,0.000279,0.000434,0.000155
aten::copy_,"[[36,11],[36,11],[]]","[""c10::BFloat16"",""c10::BFloat16"",""Scalar""]",both,"[""operator_shape_matched""]","[""operator_shape_matched""]",1,1,20,20,36.416,36.355,0.000283,0.000441,0.000158
aten::copy_,"[[36,16,128],[36,16,128],[]]","[""c10::BFloat16"",""c10::BFloat16"",""Scalar""]",both,"[""operator_shape_matched""]","[""operator_shape_matched""]",1,1,30,30,103.941,102.946,0.000809,0.001249,0.00044
aten::copy_,"[[36,16],[36,16],[]]","[""c10::BFloat16"",""c10::BFloat16"",""Scalar""]",both,"[""operator_shape_matched""]","[""operator_shape_matched""]",1,1,60,60,116.708,116.194,0.000908,0.00141,0.000501
aten::copy_,"[[36,2,124160],[36,2,124160],[]]","[""c10::BFloat16"",""c10::BFloat16"",""Scalar""]",both,"[""operator_shape_matched""]","[""operator_shape_matched""]",1,1,1,1,22.369,22.497,0.000174,0.000273,9.9e-05
aten::copy_,"[[36,2048],[36,2048],[]]","[""c10::BFloat16"",""c10::BFloat16"",""Scalar""]",both,"[""operator_shape_matched""]","[""operator_shape_matched""]",1,1,30,30,100.575,101.025,0.000783,0.001226,0.000443
aten::copy_,"[[36,2048],[36,2048],[]]","[""c10::BFloat16"",""float"",""Scalar""]",both,"[""operator_shape_matched""]","[""operator_shape_matched""]",1,1,161,161,202.601,202.633,0.001577,0.002459,0.000882
aten::copy_,"[[36,2048],[36,2048],[]]","[""float"",""c10::BFloat16"",""Scalar""]",both,"[""operator_shape_matched""]","[""operator_shape_matched""]",1,1,161,161,520.526,521.068,0.004051,0.006322,0.002271
aten::copy_,"[[36,248320],[36,248320],[]]","[""float"",""c10::BFloat16"",""Scalar""]",both,"[""operator_shape_matched""]","[""operator_shape_matched""]",1,1,1,1,26.912,26.848,0.000209,0.000326,0.000116
aten::copy_,"[[36,32],[36,32],[]]","[""c10::BFloat16"",""c10::BFloat16"",""Scalar""]",both,"[""operator_shape_matched""]","[""operator_shape_matched""]",1,1,20,20,39.231,39.33,0.000305,0.000477,0.000172
aten::copy_,"[[36,8,192],[36,8,192],[]]","[""c10::BFloat16"",""c10::BFloat16"",""Scalar""]",both,"[""operator_shape_matched""]","[""operator_shape_matched""]",1,1,10,10,24.8,24.767,0.000193,0.0003,0.000107
aten::copy_,"[[36,8,256],[36,8,256],[]]","[""c10::BFloat16"",""c10::BFloat16"",""Scalar""]",both,"[""operator_shape_matched""]","[""operator_shape_matched""]",1,1,20,20,54.175,54.081,0.000422,0.000656,0.000235
aten::copy_,"[[36,8,256],[36,8,256],[]]","[""c10::BFloat16"",""float"",""Scalar""]",both,"[""operator_shape_matched""]","[""operator_shape_matched""]",1,1,10,10,12.992,12.993,0.000101,0.000158,5.7e-05
aten::copy_,"[[36,8,256],[36,8,256],[]]","[""float"",""c10::BFloat16"",""Scalar""]",both,"[""operator_shape_matched""]","[""operator_shape_matched""]",1,1,10,10,28.128,28.161,0.000219,0.000342,0.000123
aten::copy_,"[[36],[36],[]]","[""int"",""long int"",""Scalar""]",both,"[""operator_shape_matched""]","[""operator_shape_matched""]",1,1,1,1,1.345,1.44,1e-05,1.7e-05,7e-06
aten::copy_,"[[36],[36],[]]","[""long int"",""int"",""Scalar""]",both,"[""operator_shape_matched""]","[""operator_shape_matched""]",1,1,2,2,3.105,3.039,2.4e-05,3.7e-05,1.3e-05
aten::copy_,"[[37,2,124160],[37,2,124160],[]]","[""c10::BFloat16"",""c10::BFloat16"",""Scalar""]",both,"[""operator_shape_matched""]","[""operator_shape_matched""]",1,1,1,1,23.264,22.944,0.000181,0.000278,9.7e-05
aten::copy_,"[[37,248320],[37,248320],[]]","[""float"",""c10::BFloat16"",""Scalar""]",both,"[""operator_shape_matched""]","[""operator_shape_matched""]",1,1,1,1,28.705,28.097,0.000223,0.000341,0.000118
aten::copy_,"[[37],[37],[]]","[""int"",""long int"",""Scalar""]",both,"[""operator_shape_matched""]","[""operator_shape_matched""]",1,1,1,1,1.472,1.472,1.1e-05,1.8e-05,6e-06
aten::copy_,"[[37],[37],[]]","[""long int"",""int"",""Scalar""]",both,"[""operator_shape_matched""]","[""operator_shape_matched""]",1,1,1,1,1.6,1.632,1.2e-05,2e-05,7e-06
aten::copy_,"[[38,1,192],[38,1,192],[]]","[""c10::BFloat16"",""c10::BFloat16"",""Scalar""]",both,"[""operator_shape_matched""]","[""operator_shape_matched""]",1,1,10,10,22.495,22.433,0.000175,0.000272,9.7e-05
aten::copy_,"[[38,1,256],[38,1,256],[]]","[""c10::BFloat16"",""float"",""Scalar""]",both,"[""operator_shape_matched""]","[""operator_shape_matched""]",1,1,10,10,12.8,12.769,0.0001,0.000155,5.5e-05
aten::copy_,"[[38,1,256],[38,1,256],[]]","[""float"",""c10::BFloat16"",""Scalar""]",both,"[""operator_shape_matched""]","[""operator_shape_matched""]",1,1,10,10,32.449,32.448,0.000253,0.000394,0.000141
aten::copy_,"[[38,1024],[38,1024],[]]","[""c10::BFloat16"",""c10::BFloat16"",""Scalar""]",both,"[""operator_shape_matched""]","[""operator_shape_matched""]",1,1,60,60,193.508,192.87,0.001506,0.00234,0.000834
aten::copy_,"[[38,10],[38,10],[]]","[""c10::BFloat16"",""c10::BFloat16"",""Scalar""]",both,"[""operator_shape_matched""]","[""operator_shape_matched""]",1,1,20,20,35.393,35.425,0.000275,0.00043,0.000154
aten::copy_,"[[38,11],[38,11],[]]","[""c10::BFloat16"",""c10::BFloat16"",""Scalar""]",both,"[""operator_shape_matched""]","[""operator_shape_matched""]",1,1,20,20,38.081,37.891,0.000296,0.00046,0.000163
aten::copy_,"[[38,16,128],[38,16,128],[]]","[""c10::BFloat16"",""c10::BFloat16"",""Scalar""]",both,"[""operator_shape_matched""]","[""operator_shape_matched""]",1,1,30,30,104.131,104.292,0.00081,0.001265,0.000455
aten::copy_,"[[38,16],[38,16],[]]","[""c10::BFloat16"",""c10::BFloat16"",""Scalar""]",both,"[""operator_shape_matched""]","[""operator_shape_matched""]",1,1,60,60,115.495,115.073,0.000899,0.001396,0.000497
aten::copy_,"[[38,2,124160],[38,2,124160],[]]","[""c10::BFloat16"",""c10::BFloat16"",""Scalar""]",both,"[""operator_shape_matched""]","[""operator_shape_matched""]",1,1,1,1,23.616,24.001,0.000184,0.000291,0.000107
aten::copy_,"[[38,2048],[38,2048],[]]","[""c10::BFloat16"",""c10::BFloat16"",""Scalar""]",both,"[""operator_shape_matched""]","[""operator_shape_matched""]",1,1,30,30,100.765,101.569,0.000784,0.001232,0.000448
aten::copy_,"[[38,2048],[38,2048],[]]","[""c10::BFloat16"",""float"",""Scalar""]",both,"[""operator_shape_matched""]","[""operator_shape_matched""]",1,1,161,161,203.689,203.852,0.001585,0.002473,0.000888
aten::copy_,"[[38,2048],[38,2048],[]]","[""float"",""c10::BFloat16"",""Scalar""]",both,"[""operator_shape_matched""]","[""operator_shape_matched""]",1,1,161,161,520.043,521.54,0.004047,0.006328,0.002281
aten::copy_,"[[38,248320],[38,248320],[]]","[""float"",""c10::BFloat16"",""Scalar""]",both,"[""operator_shape_matched""]","[""operator_shape_matched""]",1,1,1,1,29.184,29.185,0.000227,0.000354,0.000127
aten::copy_,"[[38,32],[38,32],[]]","[""c10::BFloat16"",""c10::BFloat16"",""Scalar""]",both,"[""operator_shape_matched""]","[""operator_shape_matched""]",1,1,20,20,38.753,38.944,0.000302,0.000473,0.000171
aten::copy_,"[[38,8,192],[38,8,192],[]]","[""c10::BFloat16"",""c10::BFloat16"",""Scalar""]",both,"[""operator_shape_matched""]","[""operator_shape_matched""]",1,1,10,10,24.448,24.482,0.00019,0.000297,0.000107
aten::copy_,"[[38,8,256],[38,8,256],[]]","[""c10::BFloat16"",""c10::BFloat16"",""Scalar""]",both,"[""operator_shape_matched""]","[""operator_shape_matched""]",1,1,20,20,53.122,53.344,0.000413,0.000647,0.000234
aten::copy_,"[[38,8,256],[38,8,256],[]]","[""c10::BFloat16"",""float"",""Scalar""]",both,"[""operator_shape_matched""]","[""operator_shape_matched""]",1,1,10,10,12.93,13.054,0.000101,0.000158,5.8e-05
aten::copy_,"[[38,8,256],[38,8,256],[]]","[""float"",""c10::BFloat16"",""Scalar""]",both,"[""operator_shape_matched""]","[""operator_shape_matched""]",1,1,10,10,28.288,28.287,0.00022,0.000343,0.000123
aten::copy_,"[[384,128],[384,128],[]]","[""c10::BFloat16"",""float"",""Scalar""]",both,"[""operator_shape_matched""]","[""operator_shape_matched""]",1,1,30,30,38.749,38.433,0.000302,0.000466,0.000165
aten::copy_,"[[384,128],[384,128],[]]","[""float"",""c10::BFloat16"",""Scalar""]",both,"[""operator_shape_matched""]","[""operator_shape_matched""]",1,1,60,60,176.807,176.446,0.001376,0.002141,0.000765
aten::copy_,"[[38],[38],[]]","[""int"",""long int"",""Scalar""]",both,"[""operator_shape_matched""]","[""operator_shape_matched""]",1,1,1,1,1.376,1.376,1.1e-05,1.7e-05,6e-06
aten::copy_,"[[38],[38],[]]","[""long int"",""int"",""Scalar""]",both,"[""operator_shape_matched""]","[""operator_shape_matched""]",1,1,2,2,3.008,3.072,2.3e-05,3.7e-05,1.4e-05
aten::copy_,"[[39,2,124160],[39,2,124160],[]]","[""c10::BFloat16"",""c10::BFloat16"",""Scalar""]",both,"[""operator_shape_matched""]","[""operator_shape_matched""]",1,1,1,1,24.545,24.321,0.000191,0.000295,0.000104
aten::copy_,"[[39,248320],[39,248320],[]]","[""float"",""c10::BFloat16"",""Scalar""]",both,"[""operator_shape_matched""]","[""operator_shape_matched""]",1,1,1,1,30.528,30.624,0.000238,0.000372,0.000134
aten::copy_,"[[39],[39],[]]","[""int"",""long int"",""Scalar""]",both,"[""operator_shape_matched""]","[""operator_shape_matched""]",1,1,1,1,1.409,1.408,1.1e-05,1.7e-05,6e-06
aten::copy_,"[[39],[39],[]]","[""long int"",""int"",""Scalar""]",both,"[""operator_shape_matched""]","[""operator_shape_matched""]",1,1,1,1,1.76,1.568,1.4e-05,1.9e-05,5e-06
aten::copy_,"[[3],[3],[]]","[""int"",""long int"",""Scalar""]",both,"[""operator_shape_matched""]","[""operator_shape_matched""]",1,1,1,1,1.472,1.408,1.1e-05,1.7e-05,6e-06
aten::copy_,"[[3],[3],[]]","[""long int"",""int"",""Scalar""]",both,"[""operator_shape_matched""]","[""operator_shape_matched""]",1,1,1831,1831,2730.328,2732.134,0.021249,0.033149,0.0119
aten::copy_,"[[4,1,192],[4,1,192],[]]","[""c10::BFloat16"",""c10::BFloat16"",""Scalar""]",both,"[""operator_shape_matched""]","[""operator_shape_matched""]",1,1,10,10,18.208,18.239,0.000142,0.000221,8e-05
aten::copy_,"[[4,1,256],[4,1,256],[]]","[""c10::BFloat16"",""float"",""Scalar""]",both,"[""operator_shape_matched""]","[""operator_shape_matched""]",1,1,10,10,10.847,10.911,8.4e-05,0.000132,4.8e-05
aten::copy_,"[[4,1,256],[4,1,256],[]]","[""float"",""c10::BFloat16"",""Scalar""]",both,"[""operator_shape_matched""]","[""operator_shape_matched""]",1,1,10,10,31.392,31.585,0.000244,0.000383,0.000139
aten::copy_,"[[4,1024],[4,1024],[]]","[""c10::BFloat16"",""c10::BFloat16"",""Scalar""]",both,"[""operator_shape_matched""]","[""operator_shape_matched""]",1,1,60,60,181.22,182.341,0.00141,0.002212,0.000802
aten::copy_,"[[4,10],[4,10],[]]","[""c10::BFloat16"",""c10::BFloat16"",""Scalar""]",both,"[""operator_shape_matched""]","[""operator_shape_matched""]",1,1,20,20,23.521,23.646,0.000183,0.000287,0.000104
aten::copy_,"[[4,11],[4,11],[]]","[""c10::BFloat16"",""c10::BFloat16"",""Scalar""]",both,"[""operator_shape_matched""]","[""operator_shape_matched""]",1,1,20,20,23.558,23.59,0.000183,0.000286,0.000103
aten::copy_,"[[4,16,128],[4,16,128],[]]","[""c10::BFloat16"",""c10::BFloat16"",""Scalar""]",both,"[""operator_shape_matched""]","[""operator_shape_matched""]",1,1,30,30,70.211,70.143,0.000546,0.000851,0.000305
aten::copy_,"[[4,16],[4,16],[]]","[""c10::BFloat16"",""c10::BFloat16"",""Scalar""]",both,"[""operator_shape_matched""]","[""operator_shape_matched""]",1,1,60,60,75.291,75.106,0.000586,0.000911,0.000325
aten::copy_,"[[4,2,124160],[4,2,124160],[]]","[""c10::BFloat16"",""c10::BFloat16"",""Scalar""]",both,"[""operator_shape_matched""]","[""operator_shape_matched""]",1,1,1,1,4.192,4.16,3.3e-05,5e-05,1.8e-05
aten::copy_,"[[4,2048],[4,2048],[]]","[""c10::BFloat16"",""c10::BFloat16"",""Scalar""]",both,"[""operator_shape_matched""]","[""operator_shape_matched""]",1,1,30,30,89.918,90.432,0.0007,0.001097,0.000397
aten::copy_,"[[4,2048],[4,2048],[]]","[""c10::BFloat16"",""float"",""Scalar""]",both,"[""operator_shape_matched""]","[""operator_shape_matched""]",1,1,161,161,194.178,194.621,0.001511,0.002361,0.00085
aten::copy_,"[[4,2048],[4,2048],[]]","[""float"",""c10::BFloat16"",""Scalar""]",both,"[""operator_shape_matched""]","[""operator_shape_matched""]",1,1,161,161,483.495,484.914,0.003763,0.005883,0.002121
aten::copy_,"[[4,248320],[4,248320],[]]","[""float"",""c10::BFloat16"",""Scalar""]",both,"[""operator_shape_matched""]","[""operator_shape_matched""]",1,1,1,1,3.872,3.904,3e-05,4.7e-05,1.7e-05
aten::copy_,"[[4,32],[4,32],[]]","[""c10::BFloat16"",""c10::BFloat16"",""Scalar""]",both,"[""operator_shape_matched""]","[""operator_shape_matched""]",1,1,20,20,24.962,24.831,0.000194,0.000301,0.000107
aten::copy_,"[[4,8,192],[4,8,192],[]]","[""c10::BFloat16"",""c10::BFloat16"",""Scalar""]",both,"[""operator_shape_matched""]","[""operator_shape_matched""]",1,1,10,10,22.882,22.943,0.000178,0.000278,0.0001
aten::copy_,"[[4,8,256],[4,8,256],[]]","[""c10::BFloat16"",""c10::BFloat16"",""Scalar""]",both,"[""operator_shape_matched""]","[""operator_shape_matched""]",1,1,20,20,48.802,48.191,0.00038,0.000585,0.000205
aten::copy_,"[[4,8,256],[4,8,256],[]]","[""c10::BFloat16"",""float"",""Scalar""]",both,"[""operator_shape_matched""]","[""operator_shape_matched""]",1,1,10,10,12.29,12.29,9.6e-05,0.000149,5.3e-05
aten::copy_,"[[4,8,256],[4,8,256],[]]","[""float"",""c10::BFloat16"",""Scalar""]",both,"[""operator_shape_matched""]","[""operator_shape_matched""]",1,1,10,10,25.312,25.472,0.000197,0.000309,0.000112
aten::copy_,"[[40,1,192],[40,1,192],[]]","[""c10::BFloat16"",""c10::BFloat16"",""Scalar""]",both,"[""operator_shape_matched""]","[""operator_shape_matched""]",1,1,10,10,22.335,22.495,0.000174,0.000273,9.9e-05
aten::copy_,"[[40,1,256],[40,1,256],[]]","[""c10::BFloat16"",""float"",""Scalar""]",both,"[""operator_shape_matched""]","[""operator_shape_matched""]",1,1,10,10,11.998,11.968,9.3e-05,0.000145,5.2e-05
aten::copy_,"[[40,1,256],[40,1,256],[]]","[""float"",""c10::BFloat16"",""Scalar""]",both,"[""operator_shape_matched""]","[""operator_shape_matched""]",1,1,10,10,31.808,31.713,0.000248,0.000385,0.000137
aten::copy_,"[[40,1024],[40,1024],[]]","[""c10::BFloat16"",""c10::BFloat16"",""Scalar""]",both,"[""operator_shape_matched""]","[""operator_shape_matched""]",1,1,60,60,193.542,192.322,0.001506,0.002333,0.000827
aten::copy_,"[[40,10],[40,10],[]]","[""c10::BFloat16"",""c10::BFloat16"",""Scalar""]",both,"[""operator_shape_matched""]","[""operator_shape_matched""]",1,1,20,20,39.777,39.712,0.00031,0.000482,0.000172
aten::copy_,"[[40,11],[40,11],[]]","[""c10::BFloat16"",""c10::BFloat16"",""Scalar""]",both,"[""operator_shape_matched""]","[""operator_shape_matched""]",1,1,20,20,38.176,38.111,0.000297,0.000462,0.000165
aten::copy_,"[[40,16,128],[40,16,128],[]]","[""c10::BFloat16"",""c10::BFloat16"",""Scalar""]",both,"[""operator_shape_matched""]","[""operator_shape_matched""]",1,1,30,30,104.071,104.385,0.00081,0.001267,0.000457
aten::copy_,"[[40,16],[40,16],[]]","[""c10::BFloat16"",""c10::BFloat16"",""Scalar""]",both,"[""operator_shape_matched""]","[""operator_shape_matched""]",1,1,60,60,115.136,115.238,0.000896,0.001398,0.000502
aten::copy_,"[[40,2,124160],[40,2,124160],[]]","[""c10::BFloat16"",""c10::BFloat16"",""Scalar""]",both,"[""operator_shape_matched""]","[""operator_shape_matched""]",1,1,1,1,25.024,25.184,0.000195,0.000306,0.000111
aten::copy_,"[[40,2048],[40,2048],[]]","[""c10::BFloat16"",""c10::BFloat16"",""Scalar""]",both,"[""operator_shape_matched""]","[""operator_shape_matched""]",1,1,30,30,101.12,101.927,0.000787,0.001237,0.00045
aten::copy_,"[[40,2048],[40,2048],[]]","[""c10::BFloat16"",""float"",""Scalar""]",both,"[""operator_shape_matched""]","[""operator_shape_matched""]",1,1,161,161,203.617,204.001,0.001585,0.002475,0.00089
aten::copy_,"[[40,2048],[40,2048],[]]","[""float"",""c10::BFloat16"",""Scalar""]",both,"[""operator_shape_matched""]","[""operator_shape_matched""]",1,1,161,161,521.158,520.116,0.004056,0.006311,0.002255
aten::copy_,"[[40,248320],[40,248320],[]]","[""float"",""c10::BFloat16"",""Scalar""]",both,"[""operator_shape_matched""]","[""operator_shape_matched""]",1,1,1,1,31.169,31.457,0.000243,0.000382,0.000139
aten::copy_,"[[40,32],[40,32],[]]","[""c10::BFloat16"",""c10::BFloat16"",""Scalar""]",both,"[""operator_shape_matched""]","[""operator_shape_matched""]",1,1,20,20,37.602,37.791,0.000293,0.000459,0.000166
aten::copy_,"[[40,8,192],[40,8,192],[]]","[""c10::BFloat16"",""c10::BFloat16"",""Scalar""]",both,"[""operator_shape_matched""]","[""operator_shape_matched""]",1,1,10,10,24.514,24.638,0.000191,0.000299,0.000108
aten::copy_,"[[40,8,256],[40,8,256],[]]","[""c10::BFloat16"",""c10::BFloat16"",""Scalar""]",both,"[""operator_shape_matched""]","[""operator_shape_matched""]",1,1,20,20,53.248,52.863,0.000414,0.000641,0.000227
aten::copy_,"[[40,8,256],[40,8,256],[]]","[""c10::BFloat16"",""float"",""Scalar""]",both,"[""operator_shape_matched""]","[""operator_shape_matched""]",1,1,10,10,13.055,13.024,0.000102,0.000158,5.6e-05
aten::copy_,"[[40,8,256],[40,8,256],[]]","[""float"",""c10::BFloat16"",""Scalar""]",both,"[""operator_shape_matched""]","[""operator_shape_matched""]",1,1,10,10,27.425,27.36,0.000213,0.000332,0.000119
aten::copy_,"[[4096,1,192],[4096,1,192],[]]","[""c10::BFloat16"",""c10::BFloat16"",""Scalar""]",both,"[""operator_shape_matched""]","[""operator_shape_matched""]",1,1,10,10,42.977,42.848,0.000334,0.00052,0.000185
aten::copy_,"[[4096,1,256],[4096,1,256],[]]","[""c10::BFloat16"",""float"",""Scalar""]",both,"[""operator_shape_matched""]","[""operator_shape_matched""]",1,1,10,10,19.552,19.715,0.000152,0.000239,8.7e-05
aten::copy_,"[[4096,1,256],[4096,1,256],[]]","[""float"",""c10::BFloat16"",""Scalar""]",both,"[""operator_shape_matched""]","[""operator_shape_matched""]",1,1,10,10,56.32,55.236,0.000438,0.00067,0.000232
aten::copy_,"[[4096,10],[4096,10],[]]","[""c10::BFloat16"",""c10::BFloat16"",""Scalar""]",both,"[""operator_shape_matched""]","[""operator_shape_matched""]",1,1,20,20,45.439,45.472,0.000354,0.000552,0.000198
aten::copy_,"[[4096,11],[4096,11],[]]","[""c10::BFloat16"",""c10::BFloat16"",""Scalar""]",both,"[""operator_shape_matched""]","[""operator_shape_matched""]",1,1,20,20,45.985,46.272,0.000358,0.000561,0.000204
aten::copy_,"[[4096,16,128],[4096,16,128],[]]","[""c10::BFloat16"",""c10::BFloat16"",""Scalar""]",both,"[""operator_shape_matched""]","[""operator_shape_matched""]",1,1,30,30,707.149,709.263,0.005503,0.008606,0.003102
aten::copy_,"[[4096,16],[4096,16],[]]","[""c10::BFloat16"",""c10::BFloat16"",""Scalar""]",both,"[""operator_shape_matched""]","[""operator_shape_matched""]",1,1,60,60,149.414,145.221,0.001163,0.001762,0.000599
aten::copy_,"[[4096,2048],[4096,2048],[]]","[""c10::BFloat16"",""float"",""Scalar""]",both,"[""operator_shape_matched""]","[""operator_shape_matched""]",1,1,161,161,2461.837,2444.243,0.019159,0.029656,0.010497
aten::copy_,"[[4096,2048],[4096,2048],[]]","[""float"",""c10::BFloat16"",""Scalar""]",both,"[""operator_shape_matched""]","[""operator_shape_matched""]",1,1,161,161,4147.607,4149.715,0.032279,0.050349,0.01807
aten::copy_,"[[4096,32],[4096,32],[]]","[""c10::BFloat16"",""c10::BFloat16"",""Scalar""]",both,"[""operator_shape_matched""]","[""operator_shape_matched""]",1,1,20,20,52.097,51.585,0.000405,0.000626,0.00022
aten::copy_,"[[4096,8,192],[4096,8,192],[]]","[""c10::BFloat16"",""c10::BFloat16"",""Scalar""]",both,"[""operator_shape_matched""]","[""operator_shape_matched""]",1,1,10,10,183.905,183.84,0.001431,0.002231,0.000799
aten::copy_,"[[4096,8,256],[4096,8,256],[]]","[""c10::BFloat16"",""c10::BFloat16"",""Scalar""]",both,"[""operator_shape_matched""]","[""operator_shape_matched""]",1,1,20,20,481.421,473.45,0.003747,0.005744,0.001998
aten::copy_,"[[4096,8,256],[4096,8,256],[]]","[""c10::BFloat16"",""float"",""Scalar""]",both,"[""operator_shape_matched""]","[""operator_shape_matched""]",1,1,10,10,150.819,149.86,0.001174,0.001818,0.000644
aten::copy_,"[[4096,8,256],[4096,8,256],[]]","[""float"",""c10::BFloat16"",""Scalar""]",both,"[""operator_shape_matched""]","[""operator_shape_matched""]",1,1,10,10,274.563,274.276,0.002137,0.003328,0.001191
aten::copy_,"[[4096],[4096],[]]","[""long int"",""int"",""Scalar""]",both,"[""operator_shape_matched""]","[""operator_shape_matched""]",1,1,1,1,2.656,2.656,2.1e-05,3.2e-05,1.2e-05
aten::copy_,"[[40],[40],[]]","[""int"",""long int"",""Scalar""]",both,"[""operator_shape_matched""]","[""operator_shape_matched""]",1,1,1,1,1.312,1.344,1e-05,1.6e-05,6e-06
aten::copy_,"[[40],[40],[]]","[""long int"",""int"",""Scalar""]",both,"[""operator_shape_matched""]","[""operator_shape_matched""]",1,1,2,2,2.976,3.04,2.3e-05,3.7e-05,1.4e-05
aten::copy_,"[[41,2,124160],[41,2,124160],[]]","[""c10::BFloat16"",""c10::BFloat16"",""Scalar""]",both,"[""operator_shape_matched""]","[""operator_shape_matched""]",1,1,1,1,25.921,25.92,0.000202,0.000314,0.000113
aten::copy_,"[[41,248320],[41,248320],[]]","[""float"",""c10::BFloat16"",""Scalar""]",both,"[""operator_shape_matched""]","[""operator_shape_matched""]",1,1,1,1,32.769,32.673,0.000255,0.000396,0.000141
aten::copy_,"[[416,128],[416,128],[]]","[""c10::BFloat16"",""float"",""Scalar""]",both,"[""operator_shape_matched""]","[""operator_shape_matched""]",1,1,30,30,38.881,39.456,0.000303,0.000479,0.000176
aten::copy_,"[[416,128],[416,128],[]]","[""float"",""c10::BFloat16"",""Scalar""]",both,"[""operator_shape_matched""]","[""operator_shape_matched""]",1,1,60,60,174.629,174.694,0.001359,0.00212,0.000761
aten::copy_,"[[41],[41],[]]","[""int"",""long int"",""Scalar""]",both,"[""operator_shape_matched""]","[""operator_shape_matched""]",1,1,1,1,1.408,1.408,1.1e-05,1.7e-05,6e-06
aten::copy_,"[[41],[41],[]]","[""long int"",""int"",""Scalar""]",both,"[""operator_shape_matched""]","[""operator_shape_matched""]",1,1,1,1,1.6,1.6,1.2e-05,1.9e-05,7e-06
aten::copy_,"[[42,1,192],[42,1,192],[]]","[""c10::BFloat16"",""c10::BFloat16"",""Scalar""]",both,"[""operator_shape_matched""]","[""operator_shape_matched""]",1,1,10,10,21.088,20.737,0.000164,0.000252,8.7e-05
aten::copy_,"[[42,1,256],[42,1,256],[]]","[""c10::BFloat16"",""float"",""Scalar""]",both,"[""operator_shape_matched""]","[""operator_shape_matched""]",1,1,10,10,12.513,12.45,9.7e-05,0.000151,5.4e-05
aten::copy_,"[[42,1,256],[42,1,256],[]]","[""float"",""c10::BFloat16"",""Scalar""]",both,"[""operator_shape_matched""]","[""operator_shape_matched""]",1,1,10,10,32.544,32.703,0.000253,0.000397,0.000144
aten::copy_,"[[42,1024],[42,1024],[]]","[""c10::BFloat16"",""c10::BFloat16"",""Scalar""]",both,"[""operator_shape_matched""]","[""operator_shape_matched""]",1,1,60,60,194.115,192.166,0.001511,0.002332,0.000821
aten::copy_,"[[42,10],[42,10],[]]","[""c10::BFloat16"",""c10::BFloat16"",""Scalar""]",both,"[""operator_shape_matched""]","[""operator_shape_matched""]",1,1,20,20,37.726,37.697,0.000294,0.000457,0.000164
aten::copy_,"[[42,11],[42,11],[]]","[""c10::BFloat16"",""c10::BFloat16"",""Scalar""]",both,"[""operator_shape_matched""]","[""operator_shape_matched""]",1,1,20,20,39.232,39.139,0.000305,0.000475,0.00017
aten::copy_,"[[42,16,128],[42,16,128],[]]","[""c10::BFloat16"",""c10::BFloat16"",""Scalar""]",both,"[""operator_shape_matched""]","[""operator_shape_matched""]",1,1,30,30,106.436,106.434,0.000828,0.001291,0.000463
aten::copy_,"[[42,16],[42,16],[]]","[""c10::BFloat16"",""c10::BFloat16"",""Scalar""]",both,"[""operator_shape_matched""]","[""operator_shape_matched""]",1,1,60,60,114.754,114.759,0.000893,0.001392,0.000499
aten::copy_,"[[42,2,124160],[42,2,124160],[]]","[""c10::BFloat16"",""c10::BFloat16"",""Scalar""]",both,"[""operator_shape_matched""]","[""operator_shape_matched""]",1,1,1,1,26.337,26.528,0.000205,0.000322,0.000117
aten::copy_,"[[42,2048],[42,2048],[]]","[""c10::BFloat16"",""c10::BFloat16"",""Scalar""]",both,"[""operator_shape_matched""]","[""operator_shape_matched""]",1,1,30,30,102.241,101.314,0.000796,0.001229,0.000434
aten::copy_,"[[42,2048],[42,2048],[]]","[""c10::BFloat16"",""float"",""Scalar""]",both,"[""operator_shape_matched""]","[""operator_shape_matched""]",1,1,161,161,204.676,204.827,0.001593,0.002485,0.000892
aten::copy_,"[[42,2048],[42,2048],[]]","[""float"",""c10::BFloat16"",""Scalar""]",both,"[""operator_shape_matched""]","[""operator_shape_matched""]",1,1,161,161,519.753,521.198,0.004045,0.006324,0.002279
aten::copy_,"[[42,248320],[42,248320],[]]","[""float"",""c10::BFloat16"",""Scalar""]",both,"[""operator_shape_matched""]","[""operator_shape_matched""]",1,1,1,1,33.569,33.633,0.000261,0.000408,0.000147
aten::copy_,"[[42,32],[42,32],[]]","[""c10::BFloat16"",""c10::BFloat16"",""Scalar""]",both,"[""operator_shape_matched""]","[""operator_shape_matched""]",1,1,20,20,37.541,37.599,0.000292,0.000456,0.000164
aten::copy_,"[[42,8,192],[42,8,192],[]]","[""c10::BFloat16"",""c10::BFloat16"",""Scalar""]",both,"[""operator_shape_matched""]","[""operator_shape_matched""]",1,1,10,10,24.321,24.225,0.000189,0.000294,0.000105
aten::copy_,"[[42,8,256],[42,8,256],[]]","[""c10::BFloat16"",""c10::BFloat16"",""Scalar""]",both,"[""operator_shape_matched""]","[""operator_shape_matched""]",1,1,20,20,53.376,53.568,0.000415,0.00065,0.000235
aten::copy_,"[[42,8,256],[42,8,256],[]]","[""c10::BFloat16"",""float"",""Scalar""]",both,"[""operator_shape_matched""]","[""operator_shape_matched""]",1,1,10,10,13.217,13.185,0.000103,0.00016,5.7e-05
aten::copy_,"[[42,8,256],[42,8,256],[]]","[""float"",""c10::BFloat16"",""Scalar""]",both,"[""operator_shape_matched""]","[""operator_shape_matched""]",1,1,10,10,28.32,28.321,0.00022,0.000344,0.000123
aten::copy_,"[[42],[42],[]]","[""int"",""long int"",""Scalar""]",both,"[""operator_shape_matched""]","[""operator_shape_matched""]",1,1,1,1,1.376,1.408,1.1e-05,1.7e-05,6e-06
aten::copy_,"[[42],[42],[]]","[""long int"",""int"",""Scalar""]",both,"[""operator_shape_matched""]","[""operator_shape_matched""]",1,1,2,2,3.009,3.04,2.3e-05,3.7e-05,1.3e-05
aten::copy_,"[[43,2,124160],[43,2,124160],[]]","[""c10::BFloat16"",""c10::BFloat16"",""Scalar""]",both,"[""operator_shape_matched""]","[""operator_shape_matched""]",1,1,1,1,27.744,27.36,0.000216,0.000332,0.000116
aten::copy_,"[[43,248320],[43,248320],[]]","[""float"",""c10::BFloat16"",""Scalar""]",both,"[""operator_shape_matched""]","[""operator_shape_matched""]",1,1,1,1,34.625,34.849,0.000269,0.000423,0.000153
aten::copy_,"[[43],[43],[]]","[""int"",""long int"",""Scalar""]",both,"[""operator_shape_matched""]","[""operator_shape_matched""]",1,1,1,1,1.408,1.504,1.1e-05,1.8e-05,7e-06
aten::copy_,"[[43],[43],[]]","[""long int"",""int"",""Scalar""]",both,"[""operator_shape_matched""]","[""operator_shape_matched""]",1,1,1,1,1.632,1.633,1.3e-05,2e-05,7e-06
aten::copy_,"[[44,1,192],[44,1,192],[]]","[""c10::BFloat16"",""c10::BFloat16"",""Scalar""]",both,"[""operator_shape_matched""]","[""operator_shape_matched""]",1,1,10,10,22.272,22.752,0.000173,0.000276,0.000103
aten::copy_,"[[44,1,256],[44,1,256],[]]","[""c10::BFloat16"",""float"",""Scalar""]",both,"[""operator_shape_matched""]","[""operator_shape_matched""]",1,1,10,10,11.967,12.033,9.3e-05,0.000146,5.3e-05
aten::copy_,"[[44,1,256],[44,1,256],[]]","[""float"",""c10::BFloat16"",""Scalar""]",both,"[""operator_shape_matched""]","[""operator_shape_matched""]",1,1,10,10,32.609,32.705,0.000254,0.000397,0.000143
aten::copy_,"[[44,1024],[44,1024],[]]","[""c10::BFloat16"",""c10::BFloat16"",""Scalar""]",both,"[""operator_shape_matched""]","[""operator_shape_matched""]",1,1,60,60,193.03,194.179,0.001502,0.002356,0.000854
aten::copy_,"[[44,10],[44,10],[]]","[""c10::BFloat16"",""c10::BFloat16"",""Scalar""]",both,"[""operator_shape_matched""]","[""operator_shape_matched""]",1,1,20,20,39.294,39.421,0.000306,0.000478,0.000172
aten::copy_,"[[44,11],[44,11],[]]","[""c10::BFloat16"",""c10::BFloat16"",""Scalar""]",both,"[""operator_shape_matched""]","[""operator_shape_matched""]",1,1,20,20,39.678,39.36,0.000309,0.000478,0.000169
aten::copy_,"[[44,16,128],[44,16,128],[]]","[""c10::BFloat16"",""c10::BFloat16"",""Scalar""]",both,"[""operator_shape_matched""]","[""operator_shape_matched""]",1,1,30,30,106.401,107.331,0.000828,0.001302,0.000474
aten::copy_,"[[44,16],[44,16],[]]","[""c10::BFloat16"",""c10::BFloat16"",""Scalar""]",both,"[""operator_shape_matched""]","[""operator_shape_matched""]",1,1,60,60,114.561,115.067,0.000892,0.001396,0.000505
aten::copy_,"[[44,2,124160],[44,2,124160],[]]","[""c10::BFloat16"",""c10::BFloat16"",""Scalar""]",both,"[""operator_shape_matched""]","[""operator_shape_matched""]",1,1,1,1,28.288,28.576,0.00022,0.000347,0.000127
aten::copy_,"[[44,2048],[44,2048],[]]","[""c10::BFloat16"",""c10::BFloat16"",""Scalar""]",both,"[""operator_shape_matched""]","[""operator_shape_matched""]",1,1,30,30,101.568,100.704,0.00079,0.001222,0.000431
aten::copy_,"[[44,2048],[44,2048],[]]","[""c10::BFloat16"",""float"",""Scalar""]",both,"[""operator_shape_matched""]","[""operator_shape_matched""]",1,1,161,161,205.119,205.728,0.001596,0.002496,0.0009
aten::copy_,"[[44,2048],[44,2048],[]]","[""float"",""c10::BFloat16"",""Scalar""]",both,"[""operator_shape_matched""]","[""operator_shape_matched""]",1,1,161,161,520.111,520.371,0.004048,0.006314,0.002266
aten::copy_,"[[44,248320],[44,248320],[]]","[""float"",""c10::BFloat16"",""Scalar""]",both,"[""operator_shape_matched""]","[""operator_shape_matched""]",1,1,1,1,35.329,35.489,0.000275,0.000431,0.000156
aten::copy_,"[[44,32],[44,32],[]]","[""c10::BFloat16"",""c10::BFloat16"",""Scalar""]",both,"[""operator_shape_matched""]","[""operator_shape_matched""]",1,1,20,20,39.585,39.649,0.000308,0.000481,0.000173
aten::copy_,"[[44,8,192],[44,8,192],[]]","[""c10::BFloat16"",""c10::BFloat16"",""Scalar""]",both,"[""operator_shape_matched""]","[""operator_shape_matched""]",1,1,10,10,24.734,24.672,0.000192,0.000299,0.000107
aten::copy_,"[[44,8,256],[44,8,256],[]]","[""c10::BFloat16"",""c10::BFloat16"",""Scalar""]",both,"[""operator_shape_matched""]","[""operator_shape_matched""]",1,1,20,20,53.663,53.761,0.000418,0.000652,0.000235
aten::copy_,"[[44,8,256],[44,8,256],[]]","[""c10::BFloat16"",""float"",""Scalar""]",both,"[""operator_shape_matched""]","[""operator_shape_matched""]",1,1,10,10,13.184,13.217,0.000103,0.00016,5.8e-05
aten::copy_,"[[44,8,256],[44,8,256],[]]","[""float"",""c10::BFloat16"",""Scalar""]",both,"[""operator_shape_matched""]","[""operator_shape_matched""]",1,1,10,10,28.13,28.129,0.000219,0.000341,0.000122
aten::copy_,"[[448,128],[448,128],[]]","[""c10::BFloat16"",""float"",""Scalar""]",both,"[""operator_shape_matched""]","[""operator_shape_matched""]",1,1,30,30,39.107,39.456,0.000304,0.000479,0.000174
aten::copy_,"[[448,128],[448,128],[]]","[""float"",""c10::BFloat16"",""Scalar""]",both,"[""operator_shape_matched""]","[""operator_shape_matched""]",1,1,60,60,175.586,176.837,0.001367,0.002146,0.000779
aten::copy_,"[[44],[44],[]]","[""int"",""long int"",""Scalar""]",both,"[""operator_shape_matched""]","[""operator_shape_matched""]",1,1,1,1,1.312,1.344,1e-05,1.6e-05,6e-06
aten::copy_,"[[44],[44],[]]","[""long int"",""int"",""Scalar""]",both,"[""operator_shape_matched""]","[""operator_shape_matched""]",1,1,2,2,2.944,3.104,2.3e-05,3.8e-05,1.5e-05
aten::copy_,"[[45,2,124160],[45,2,124160],[]]","[""c10::BFloat16"",""c10::BFloat16"",""Scalar""]",both,"[""operator_shape_matched""]","[""operator_shape_matched""]",1,1,1,1,28.864,28.896,0.000225,0.000351,0.000126
aten::copy_,"[[45,248320],[45,248320],[]]","[""float"",""c10::BFloat16"",""Scalar""]",both,"[""operator_shape_matched""]","[""operator_shape_matched""]",1,1,1,1,36.129,36.353,0.000281,0.000441,0.00016
aten::copy_,"[[45],[45],[]]","[""int"",""long int"",""Scalar""]",both,"[""operator_shape_matched""]","[""operator_shape_matched""]",1,1,1,1,1.44,1.408,1.1e-05,1.7e-05,6e-06
aten::copy_,"[[45],[45],[]]","[""long int"",""int"",""Scalar""]",both,"[""operator_shape_matched""]","[""operator_shape_matched""]",1,1,1,1,1.6,1.665,1.2e-05,2e-05,8e-06
aten::copy_,"[[46,1,192],[46,1,192],[]]","[""c10::BFloat16"",""c10::BFloat16"",""Scalar""]",both,"[""operator_shape_matched""]","[""operator_shape_matched""]",1,1,10,10,22.018,22.175,0.000171,0.000269,9.8e-05
aten::copy_,"[[46,1,256],[46,1,256],[]]","[""c10::BFloat16"",""float"",""Scalar""]",both,"[""operator_shape_matched""]","[""operator_shape_matched""]",1,1,10,10,12.512,12.574,9.7e-05,0.000153,5.5e-05
aten::copy_,"[[46,1,256],[46,1,256],[]]","[""float"",""c10::BFloat16"",""Scalar""]",both,"[""operator_shape_matched""]","[""operator_shape_matched""]",1,1,10,10,32.992,32.35,0.000257,0.000393,0.000136
aten::copy_,"[[46,1024],[46,1024],[]]","[""c10::BFloat16"",""c10::BFloat16"",""Scalar""]",both,"[""operator_shape_matched""]","[""operator_shape_matched""]",1,1,60,60,196.863,194.373,0.001532,0.002358,0.000826
aten::copy_,"[[46,10],[46,10],[]]","[""c10::BFloat16"",""c10::BFloat16"",""Scalar""]",both,"[""operator_shape_matched""]","[""operator_shape_matched""]",1,1,20,20,36.929,36.831,0.000287,0.000447,0.000159
aten::copy_,"[[46,11],[46,11],[]]","[""c10::BFloat16"",""c10::BFloat16"",""Scalar""]",both,"[""operator_shape_matched""]","[""operator_shape_matched""]",1,1,20,20,40.419,40.353,0.000315,0.00049,0.000175
aten::copy_,"[[46,16,128],[46,16,128],[]]","[""c10::BFloat16"",""c10::BFloat16"",""Scalar""]",both,"[""operator_shape_matched""]","[""operator_shape_matched""]",1,1,30,30,106.689,106.527,0.00083,0.001292,0.000462
aten::copy_,"[[46,16],[46,16],[]]","[""c10::BFloat16"",""c10::BFloat16"",""Scalar""]",both,"[""operator_shape_matched""]","[""operator_shape_matched""]",1,1,60,60,115.78,116.101,0.000901,0.001409,0.000508
aten::copy_,"[[46,2,124160],[46,2,124160],[]]","[""c10::BFloat16"",""c10::BFloat16"",""Scalar""]",both,"[""operator_shape_matched""]","[""operator_shape_matched""]",1,1,1,1,28.929,29.281,0.000225,0.000355,0.00013
aten::copy_,"[[46,2048],[46,2048],[]]","[""c10::BFloat16"",""c10::BFloat16"",""Scalar""]",both,"[""operator_shape_matched""]","[""operator_shape_matched""]",1,1,30,30,101.826,102.02,0.000792,0.001238,0.000445
aten::copy_,"[[46,2048],[46,2048],[]]","[""c10::BFloat16"",""float"",""Scalar""]",both,"[""operator_shape_matched""]","[""operator_shape_matched""]",1,1,161,161,207.551,207.687,0.001615,0.00252,0.000905
aten::copy_,"[[46,2048],[46,2048],[]]","[""float"",""c10::BFloat16"",""Scalar""]",both,"[""operator_shape_matched""]","[""operator_shape_matched""]",1,1,161,161,522.286,520.848,0.004065,0.006319,0.002255
aten::copy_,"[[46,248320],[46,248320],[]]","[""float"",""c10::BFloat16"",""Scalar""]",both,"[""operator_shape_matched""]","[""operator_shape_matched""]",1,1,1,1,36.896,36.738,0.000287,0.000446,0.000159
aten::copy_,"[[46,32],[46,32],[]]","[""c10::BFloat16"",""c10::BFloat16"",""Scalar""]",both,"[""operator_shape_matched""]","[""operator_shape_matched""]",1,1,20,20,39.426,39.329,0.000307,0.000477,0.00017
aten::copy_,"[[46,8,192],[46,8,192],[]]","[""c10::BFloat16"",""c10::BFloat16"",""Scalar""]",both,"[""operator_shape_matched""]","[""operator_shape_matched""]",1,1,10,10,24.737,24.64,0.000193,0.000299,0.000106
aten::copy_,"[[46,8,256],[46,8,256],[]]","[""c10::BFloat16"",""c10::BFloat16"",""Scalar""]",both,"[""operator_shape_matched""]","[""operator_shape_matched""]",1,1,20,20,54.848,54.209,0.000427,0.000658,0.000231
aten::copy_,"[[46,8,256],[46,8,256],[]]","[""c10::BFloat16"",""float"",""Scalar""]",both,"[""operator_shape_matched""]","[""operator_shape_matched""]",1,1,10,10,13.249,13.312,0.000103,0.000162,5.8e-05
aten::copy_,"[[46,8,256],[46,8,256],[]]","[""float"",""c10::BFloat16"",""Scalar""]",both,"[""operator_shape_matched""]","[""operator_shape_matched""]",1,1,10,10,28.482,28.545,0.000222,0.000346,0.000125
aten::copy_,"[[46],[46],[]]","[""int"",""long int"",""Scalar""]",both,"[""operator_shape_matched""]","[""operator_shape_matched""]",1,1,1,1,1.408,1.376,1.1e-05,1.7e-05,6e-06
aten::copy_,"[[46],[46],[]]","[""long int"",""int"",""Scalar""]",both,"[""operator_shape_matched""]","[""operator_shape_matched""]",1,1,2,2,3.008,3.04,2.3e-05,3.7e-05,1.3e-05
aten::copy_,"[[47,2,124160],[47,2,124160],[]]","[""c10::BFloat16"",""c10::BFloat16"",""Scalar""]",both,"[""operator_shape_matched""]","[""operator_shape_matched""]",1,1,1,1,29.985,30.08,0.000233,0.000365,0.000132
aten::copy_,"[[47,248320],[47,248320],[]]","[""float"",""c10::BFloat16"",""Scalar""]",both,"[""operator_shape_matched""]","[""operator_shape_matched""]",1,1,1,1,37.793,37.889,0.000294,0.00046,0.000166
aten::copy_,"[[47],[47],[]]","[""int"",""long int"",""Scalar""]",both,"[""operator_shape_matched""]","[""operator_shape_matched""]",1,1,1,1,1.44,1.408,1.1e-05,1.7e-05,6e-06
aten::copy_,"[[47],[47],[]]","[""long int"",""int"",""Scalar""]",both,"[""operator_shape_matched""]","[""operator_shape_matched""]",1,1,1,1,1.728,1.568,1.3e-05,1.9e-05,6e-06
aten::copy_,"[[48,1,192],[48,1,192],[]]","[""c10::BFloat16"",""c10::BFloat16"",""Scalar""]",both,"[""operator_shape_matched""]","[""operator_shape_matched""]",1,1,10,10,20.928,20.672,0.000163,0.000251,8.8e-05
aten::copy_,"[[48,1,256],[48,1,256],[]]","[""c10::BFloat16"",""float"",""Scalar""]",both,"[""operator_shape_matched""]","[""operator_shape_matched""]",1,1,10,10,11.681,11.807,9.1e-05,0.000143,5.2e-05
aten::copy_,"[[48,1,256],[48,1,256],[]]","[""float"",""c10::BFloat16"",""Scalar""]",both,"[""operator_shape_matched""]","[""operator_shape_matched""]",1,1,10,10,32.767,32.767,0.000255,0.000398,0.000143
aten::copy_,"[[48,1024],[48,1024],[]]","[""c10::BFloat16"",""c10::BFloat16"",""Scalar""]",both,"[""operator_shape_matched""]","[""operator_shape_matched""]",1,1,60,60,195.361,195.169,0.00152,0.002368,0.000848
aten::copy_,"[[48,10],[48,10],[]]","[""c10::BFloat16"",""c10::BFloat16"",""Scalar""]",both,"[""operator_shape_matched""]","[""operator_shape_matched""]",1,1,20,20,37.054,36.834,0.000288,0.000447,0.000159
aten::copy_,"[[48,11],[48,11],[]]","[""c10::BFloat16"",""c10::BFloat16"",""Scalar""]",both,"[""operator_shape_matched""]","[""operator_shape_matched""]",1,1,20,20,40.192,40.289,0.000313,0.000489,0.000176
aten::copy_,"[[48,16,128],[48,16,128],[]]","[""c10::BFloat16"",""c10::BFloat16"",""Scalar""]",both,"[""operator_shape_matched""]","[""operator_shape_matched""]",1,1,30,30,106.624,107.104,0.00083,0.001299,0.00047
aten::copy_,"[[48,16],[48,16],[]]","[""c10::BFloat16"",""c10::BFloat16"",""Scalar""]",both,"[""operator_shape_matched""]","[""operator_shape_matched""]",1,1,60,60,116.226,116.101,0.000905,0.001409,0.000504
aten::copy_,"[[48,2,124160],[48,2,124160],[]]","[""c10::BFloat16"",""c10::BFloat16"",""Scalar""]",both,"[""operator_shape_matched""]","[""operator_shape_matched""]",1,1,1,1,30.849,30.976,0.00024,0.000376,0.000136
aten::copy_,"[[48,2048],[48,2048],[]]","[""c10::BFloat16"",""c10::BFloat16"",""Scalar""]",both,"[""operator_shape_matched""]","[""operator_shape_matched""]",1,1,30,30,102.914,101.92,0.000801,0.001237,0.000436
aten::copy_,"[[48,2048],[48,2048],[]]","[""c10::BFloat16"",""float"",""Scalar""]",both,"[""operator_shape_matched""]","[""operator_shape_matched""]",1,1,161,161,208.686,208.941,0.001624,0.002535,0.000911
aten::copy_,"[[48,2048],[48,2048],[]]","[""float"",""c10::BFloat16"",""Scalar""]",both,"[""operator_shape_matched""]","[""operator_shape_matched""]",1,1,161,161,518.187,518.508,0.004033,0.006291,0.002258
aten::copy_,"[[48,248320],[48,248320],[]]","[""float"",""c10::BFloat16"",""Scalar""]",both,"[""operator_shape_matched""]","[""operator_shape_matched""]",1,1,1,1,38.209,38.561,0.000297,0.000468,0.00017
aten::copy_,"[[48,32],[48,32],[]]","[""c10::BFloat16"",""c10::BFloat16"",""Scalar""]",both,"[""operator_shape_matched""]","[""operator_shape_matched""]",1,1,20,20,37.955,38.05,0.000295,0.000462,0.000166
aten::copy_,"[[48,8,192],[48,8,192],[]]","[""c10::BFloat16"",""c10::BFloat16"",""Scalar""]",both,"[""operator_shape_matched""]","[""operator_shape_matched""]",1,1,10,10,25.059,25.119,0.000195,0.000305,0.00011
aten::copy_,"[[48,8,256],[48,8,256],[]]","[""c10::BFloat16"",""c10::BFloat16"",""Scalar""]",both,"[""operator_shape_matched""]","[""operator_shape_matched""]",1,1,20,20,52.8,52.9,0.000411,0.000642,0.000231
aten::copy_,"[[48,8,256],[48,8,256],[]]","[""c10::BFloat16"",""float"",""Scalar""]",both,"[""operator_shape_matched""]","[""operator_shape_matched""]",1,1,10,10,13.28,13.374,0.000103,0.000162,5.9e-05
aten::copy_,"[[48,8,256],[48,8,256],[]]","[""float"",""c10::BFloat16"",""Scalar""]",both,"[""operator_shape_matched""]","[""operator_shape_matched""]",1,1,10,10,28.256,28.288,0.00022,0.000343,0.000123
aten::copy_,"[[480,128],[480,128],[]]","[""c10::BFloat16"",""float"",""Scalar""]",both,"[""operator_shape_matched""]","[""operator_shape_matched""]",1,1,30,30,39.264,39.519,0.000306,0.000479,0.000174
aten::copy_,"[[480,128],[480,128],[]]","[""float"",""c10::BFloat16"",""Scalar""]",both,"[""operator_shape_matched""]","[""operator_shape_matched""]",1,1,60,60,179.715,180.033,0.001399,0.002184,0.000786
aten::copy_,"[[48],[48],[]]","[""int"",""long int"",""Scalar""]",both,"[""operator_shape_matched""]","[""operator_shape_matched""]",1,1,1,1,1.28,1.312,1e-05,1.6e-05,6e-06
aten::copy_,"[[48],[48],[]]","[""long int"",""int"",""Scalar""]",both,"[""operator_shape_matched""]","[""operator_shape_matched""]",1,1,2,2,3.168,3.136,2.5e-05,3.8e-05,1.3e-05
aten::copy_,"[[49,2,124160],[49,2,124160],[]]","[""c10::BFloat16"",""c10::BFloat16"",""Scalar""]",both,"[""operator_shape_matched""]","[""operator_shape_matched""]",1,1,1,1,31.521,31.489,0.000245,0.000382,0.000137
aten::copy_,"[[49,248320],[49,248320],[]]","[""float"",""c10::BFloat16"",""Scalar""]",both,"[""operator_shape_matched""]","[""operator_shape_matched""]",1,1,1,1,39.777,39.137,0.00031,0.000475,0.000165
aten::copy_,"[[49],[49],[]]","[""int"",""long int"",""Scalar""]",both,"[""operator_shape_matched""]","[""operator_shape_matched""]",1,1,1,1,1.536,1.376,1.2e-05,1.7e-05,5e-06
aten::copy_,"[[49],[49],[]]","[""long int"",""int"",""Scalar""]",both,"[""operator_shape_matched""]","[""operator_shape_matched""]",1,1,1,1,1.888,1.6,1.5e-05,1.9e-05,5e-06
aten::copy_,"[[4],[4],[]]","[""int"",""long int"",""Scalar""]",both,"[""operator_shape_matched""]","[""operator_shape_matched""]",1,1,1,1,1.312,1.312,1e-05,1.6e-05,6e-06
aten::copy_,"[[4],[4],[]]","[""long int"",""int"",""Scalar""]",both,"[""operator_shape_matched""]","[""operator_shape_matched""]",1,1,872,872,1359.369,1357.008,0.010579,0.016465,0.005885
aten::copy_,"[[5,2,124160],[5,2,124160],[]]","[""c10::BFloat16"",""c10::BFloat16"",""Scalar""]",both,"[""operator_shape_matched""]","[""operator_shape_matched""]",1,1,1,1,4.768,4.865,3.7e-05,5.9e-05,2.2e-05
aten::copy_,"[[5,248320],[5,248320],[]]","[""float"",""c10::BFloat16"",""Scalar""]",both,"[""operator_shape_matched""]","[""operator_shape_matched""]",1,1,1,1,5.44,5.472,4.2e-05,6.6e-05,2.4e-05
aten::copy_,"[[50,1,192],[50,1,192],[]]","[""c10::BFloat16"",""c10::BFloat16"",""Scalar""]",both,"[""operator_shape_matched""]","[""operator_shape_matched""]",1,1,10,10,21.889,22.078,0.00017,0.000268,9.8e-05
aten::copy_,"[[50,1,256],[50,1,256],[]]","[""c10::BFloat16"",""float"",""Scalar""]",both,"[""operator_shape_matched""]","[""operator_shape_matched""]",1,1,10,10,12.606,12.704,9.8e-05,0.000154,5.6e-05
aten::copy_,"[[50,1,256],[50,1,256],[]]","[""float"",""c10::BFloat16"",""Scalar""]",both,"[""operator_shape_matched""]","[""operator_shape_matched""]",1,1,10,10,32.705,33.154,0.000255,0.000402,0.000148
aten::copy_,"[[50,1024],[50,1024],[]]","[""c10::BFloat16"",""c10::BFloat16"",""Scalar""]",both,"[""operator_shape_matched""]","[""operator_shape_matched""]",1,1,60,60,194.915,194.635,0.001517,0.002362,0.000845
aten::copy_,"[[50,10],[50,10],[]]","[""c10::BFloat16"",""c10::BFloat16"",""Scalar""]",both,"[""operator_shape_matched""]","[""operator_shape_matched""]",1,1,20,20,37.667,37.697,0.000293,0.000457,0.000164
aten::copy_,"[[50,11],[50,11],[]]","[""c10::BFloat16"",""c10::BFloat16"",""Scalar""]",both,"[""operator_shape_matched""]","[""operator_shape_matched""]",1,1,20,20,39.424,39.264,0.000307,0.000476,0.00017
aten::copy_,"[[50,16,128],[50,16,128],[]]","[""c10::BFloat16"",""c10::BFloat16"",""Scalar""]",both,"[""operator_shape_matched""]","[""operator_shape_matched""]",1,1,30,30,107.49,108.993,0.000837,0.001322,0.000486
aten::copy_,"[[50,16],[50,16],[]]","[""c10::BFloat16"",""c10::BFloat16"",""Scalar""]",both,"[""operator_shape_matched""]","[""operator_shape_matched""]",1,1,60,60,115.591,114.688,0.0009,0.001392,0.000492
aten::copy_,"[[50,2,124160],[50,2,124160],[]]","[""c10::BFloat16"",""c10::BFloat16"",""Scalar""]",both,"[""operator_shape_matched""]","[""operator_shape_matched""]",1,1,1,1,32.033,32.193,0.000249,0.000391,0.000141
aten::copy_,"[[50,2048],[50,2048],[]]","[""c10::BFloat16"",""c10::BFloat16"",""Scalar""]",both,"[""operator_shape_matched""]","[""operator_shape_matched""]",1,1,30,30,102.407,102.017,0.000797,0.001238,0.000441
aten::copy_,"[[50,2048],[50,2048],[]]","[""c10::BFloat16"",""float"",""Scalar""]",both,"[""operator_shape_matched""]","[""operator_shape_matched""]",1,1,161,161,209.83,210.149,0.001633,0.00255,0.000917
aten::copy_,"[[50,2048],[50,2048],[]]","[""float"",""c10::BFloat16"",""Scalar""]",both,"[""operator_shape_matched""]","[""operator_shape_matched""]",1,1,161,161,519.597,518.76,0.004044,0.006294,0.00225
aten::copy_,"[[50,248320],[50,248320],[]]","[""float"",""c10::BFloat16"",""Scalar""]",both,"[""operator_shape_matched""]","[""operator_shape_matched""]",1,1,1,1,40.001,39.873,0.000311,0.000484,0.000172
aten::copy_,"[[50,32],[50,32],[]]","[""c10::BFloat16"",""c10::BFloat16"",""Scalar""]",both,"[""operator_shape_matched""]","[""operator_shape_matched""]",1,1,20,20,43.521,43.777,0.000339,0.000531,0.000192
aten::copy_,"[[50,8,192],[50,8,192],[]]","[""c10::BFloat16"",""c10::BFloat16"",""Scalar""]",both,"[""operator_shape_matched""]","[""operator_shape_matched""]",1,1,10,10,25.186,25.282,0.000196,0.000307,0.000111
aten::copy_,"[[50,8,256],[50,8,256],[]]","[""c10::BFloat16"",""c10::BFloat16"",""Scalar""]",both,"[""operator_shape_matched""]","[""operator_shape_matched""]",1,1,20,20,53.25,53.184,0.000414,0.000645,0.000231
aten::copy_,"[[50,8,256],[50,8,256],[]]","[""c10::BFloat16"",""float"",""Scalar""]",both,"[""operator_shape_matched""]","[""operator_shape_matched""]",1,1,10,10,13.504,13.442,0.000105,0.000163,5.8e-05
aten::copy_,"[[50,8,256],[50,8,256],[]]","[""float"",""c10::BFloat16"",""Scalar""]",both,"[""operator_shape_matched""]","[""operator_shape_matched""]",1,1,10,10,28.065,28.063,0.000218,0.00034,0.000122
aten::copy_,"[[5089,1,192],[5089,1,192],[]]","[""c10::BFloat16"",""c10::BFloat16"",""Scalar""]",both,"[""operator_shape_matched""]","[""operator_shape_matched""]",1,1,10,10,46.176,46.593,0.000359,0.000565,0.000206
aten::copy_,"[[5089,1,256],[5089,1,256],[]]","[""c10::BFloat16"",""float"",""Scalar""]",both,"[""operator_shape_matched""]","[""operator_shape_matched""]",1,1,10,10,21.377,21.25,0.000166,0.000258,9.1e-05
aten::copy_,"[[5089,1,256],[5089,1,256],[]]","[""float"",""c10::BFloat16"",""Scalar""]",both,"[""operator_shape_matched""]","[""operator_shape_matched""]",1,1,10,10,80.258,80.034,0.000625,0.000971,0.000346
aten::copy_,"[[5089,10],[5089,10],[]]","[""c10::BFloat16"",""c10::BFloat16"",""Scalar""]",both,"[""operator_shape_matched""]","[""operator_shape_matched""]",1,1,20,20,46.306,46.369,0.00036,0.000563,0.000202
aten::copy_,"[[5089,11],[5089,11],[]]","[""c10::BFloat16"",""c10::BFloat16"",""Scalar""]",both,"[""operator_shape_matched""]","[""operator_shape_matched""]",1,1,20,20,47.01,47.232,0.000366,0.000573,0.000207
aten::copy_,"[[5089,16,128],[5089,16,128],[]]","[""c10::BFloat16"",""c10::BFloat16"",""Scalar""]",both,"[""operator_shape_matched""]","[""operator_shape_matched""]",1,1,30,30,879.222,880.146,0.006843,0.010679,0.003836
aten::copy_,"[[5089,16],[5089,16],[]]","[""c10::BFloat16"",""c10::BFloat16"",""Scalar""]",both,"[""operator_shape_matched""]","[""operator_shape_matched""]",1,1,60,60,153.033,152.996,0.001191,0.001856,0.000665
aten::copy_,"[[5089,2048],[5089,2048],[]]","[""c10::BFloat16"",""float"",""Scalar""]",both,"[""operator_shape_matched""]","[""operator_shape_matched""]",1,1,161,161,3341.344,3332.322,0.026004,0.040431,0.014427
aten::copy_,"[[5089,2048],[5089,2048],[]]","[""float"",""c10::BFloat16"",""Scalar""]",both,"[""operator_shape_matched""]","[""operator_shape_matched""]",1,1,161,161,5410.415,5407.984,0.042107,0.065615,0.023508
aten::copy_,"[[5089,32],[5089,32],[]]","[""c10::BFloat16"",""c10::BFloat16"",""Scalar""]",both,"[""operator_shape_matched""]","[""operator_shape_matched""]",1,1,20,20,52.798,52.703,0.000411,0.000639,0.000229
aten::copy_,"[[5089,8,192],[5089,8,192],[]]","[""c10::BFloat16"",""c10::BFloat16"",""Scalar""]",both,"[""operator_shape_matched""]","[""operator_shape_matched""]",1,1,10,10,225.223,225.477,0.001753,0.002736,0.000983
aten::copy_,"[[5089,8,256],[5089,8,256],[]]","[""c10::BFloat16"",""c10::BFloat16"",""Scalar""]",both,"[""operator_shape_matched""]","[""operator_shape_matched""]",1,1,20,20,588.168,587.595,0.004577,0.007129,0.002552
aten::copy_,"[[5089,8,256],[5089,8,256],[]]","[""c10::BFloat16"",""float"",""Scalar""]",both,"[""operator_shape_matched""]","[""operator_shape_matched""]",1,1,10,10,204.325,201.795,0.00159,0.002448,0.000858
aten::copy_,"[[5089,8,256],[5089,8,256],[]]","[""float"",""c10::BFloat16"",""Scalar""]",both,"[""operator_shape_matched""]","[""operator_shape_matched""]",1,1,10,10,338.245,339.398,0.002632,0.004118,0.001486
aten::copy_,"[[5089],[5089],[]]","[""long int"",""int"",""Scalar""]",both,"[""operator_shape_matched""]","[""operator_shape_matched""]",1,1,1,1,2.72,2.688,2.1e-05,3.3e-05,1.1e-05
aten::copy_,"[[50],[50],[]]","[""int"",""long int"",""Scalar""]",both,"[""operator_shape_matched""]","[""operator_shape_matched""]",1,1,1,1,1.471,1.377,1.1e-05,1.7e-05,5e-06
aten::copy_,"[[50],[50],[]]","[""long int"",""int"",""Scalar""]",both,"[""operator_shape_matched""]","[""operator_shape_matched""]",1,1,2,2,3.104,3.073,2.4e-05,3.7e-05,1.3e-05
aten::copy_,"[[51,2,124160],[51,2,124160],[]]","[""c10::BFloat16"",""c10::BFloat16"",""Scalar""]",both,"[""operator_shape_matched""]","[""operator_shape_matched""]",1,1,1,1,32.928,32.961,0.000256,0.0004,0.000144
aten::copy_,"[[51,248320],[51,248320],[]]","[""float"",""c10::BFloat16"",""Scalar""]",both,"[""operator_shape_matched""]","[""operator_shape_matched""]",1,1,1,1,41.057,41.057,0.00032,0.000498,0.000179
aten::copy_,"[[512,128],[512,128],[]]","[""c10::BFloat16"",""float"",""Scalar""]",both,"[""operator_shape_matched""]","[""operator_shape_matched""]",1,1,30,30,40.034,39.486,0.000312,0.000479,0.000168
aten::copy_,"[[512,128],[512,128],[]]","[""float"",""c10::BFloat16"",""Scalar""]",both,"[""operator_shape_matched""]","[""operator_shape_matched""]",1,1,60,60,181.764,183.843,0.001415,0.002231,0.000816
aten::copy_,"[[512],[512],[]]","[""int"",""long int"",""Scalar""]",both,"[""operator_shape_matched""]","[""operator_shape_matched""]",1,1,3,3,5.249,5.248,4.1e-05,6.4e-05,2.3e-05
aten::copy_,"[[51],[51],[]]","[""int"",""long int"",""Scalar""]",both,"[""operator_shape_matched""]","[""operator_shape_matched""]",1,1,1,1,1.408,1.408,1.1e-05,1.7e-05,6e-06
aten::copy_,"[[51],[51],[]]","[""long int"",""int"",""Scalar""]",both,"[""operator_shape_matched""]","[""operator_shape_matched""]",1,1,1,1,1.793,1.728,1.4e-05,2.1e-05,7e-06
aten::copy_,"[[52,1,192],[52,1,192],[]]","[""c10::BFloat16"",""c10::BFloat16"",""Scalar""]",both,"[""operator_shape_matched""]","[""operator_shape_matched""]",1,1,10,10,22.368,22.27,0.000174,0.00027,9.6e-05
aten::copy_,"[[52,1,256],[52,1,256],[]]","[""c10::BFloat16"",""float"",""Scalar""]",both,"[""operator_shape_matched""]","[""operator_shape_matched""]",1,1,10,10,11.97,11.967,9.3e-05,0.000145,5.2e-05
aten::copy_,"[[52,1,256],[52,1,256],[]]","[""float"",""c10::BFloat16"",""Scalar""]",both,"[""operator_shape_matched""]","[""operator_shape_matched""]",1,1,10,10,34.018,33.472,0.000265,0.000406,0.000141
aten::copy_,"[[52,1024],[52,1024],[]]","[""c10::BFloat16"",""c10::BFloat16"",""Scalar""]",both,"[""operator_shape_matched""]","[""operator_shape_matched""]",1,1,60,60,195.237,197.386,0.001519,0.002395,0.000875
aten::copy_,"[[52,10],[52,10],[]]","[""c10::BFloat16"",""c10::BFloat16"",""Scalar""]",both,"[""operator_shape_matched""]","[""operator_shape_matched""]",1,1,20,20,37.054,36.804,0.000288,0.000447,0.000158
aten::copy_,"[[52,11],[52,11],[]]","[""c10::BFloat16"",""c10::BFloat16"",""Scalar""]",both,"[""operator_shape_matched""]","[""operator_shape_matched""]",1,1,20,20,39.713,39.907,0.000309,0.000484,0.000175
aten::copy_,"[[52,16,128],[52,16,128],[]]","[""c10::BFloat16"",""c10::BFloat16"",""Scalar""]",both,"[""operator_shape_matched""]","[""operator_shape_matched""]",1,1,30,30,108.642,109.439,0.000846,0.001328,0.000482
aten::copy_,"[[52,16],[52,16],[]]","[""c10::BFloat16"",""c10::BFloat16"",""Scalar""]",both,"[""operator_shape_matched""]","[""operator_shape_matched""]",1,1,60,60,114.143,114.433,0.000888,0.001388,0.0005
aten::copy_,"[[52,2,124160],[52,2,124160],[]]","[""c10::BFloat16"",""c10::BFloat16"",""Scalar""]",both,"[""operator_shape_matched""]","[""operator_shape_matched""]",1,1,1,1,33.697,34.113,0.000262,0.000414,0.000152
aten::copy_,"[[52,2048],[52,2048],[]]","[""c10::BFloat16"",""c10::BFloat16"",""Scalar""]",both,"[""operator_shape_matched""]","[""operator_shape_matched""]",1,1,30,30,102.242,102.913,0.000796,0.001249,0.000453
aten::copy_,"[[52,2048],[52,2048],[]]","[""c10::BFloat16"",""float"",""Scalar""]",both,"[""operator_shape_matched""]","[""operator_shape_matched""]",1,1,161,161,210.656,210.567,0.001639,0.002555,0.000915
aten::copy_,"[[52,2048],[52,2048],[]]","[""float"",""c10::BFloat16"",""Scalar""]",both,"[""operator_shape_matched""]","[""operator_shape_matched""]",1,1,161,161,518.252,517.993,0.004033,0.006285,0.002251
aten::copy_,"[[52,248320],[52,248320],[]]","[""float"",""c10::BFloat16"",""Scalar""]",both,"[""operator_shape_matched""]","[""operator_shape_matched""]",1,1,1,1,42.241,41.473,0.000329,0.000503,0.000174
aten::copy_,"[[52,32],[52,32],[]]","[""c10::BFloat16"",""c10::BFloat16"",""Scalar""]",both,"[""operator_shape_matched""]","[""operator_shape_matched""]",1,1,20,20,38.467,38.461,0.000299,0.000467,0.000167
aten::copy_,"[[52,8,192],[52,8,192],[]]","[""c10::BFloat16"",""c10::BFloat16"",""Scalar""]",both,"[""operator_shape_matched""]","[""operator_shape_matched""]",1,1,10,10,24.929,25.058,0.000194,0.000304,0.00011
aten::copy_,"[[52,8,256],[52,8,256],[]]","[""c10::BFloat16"",""c10::BFloat16"",""Scalar""]",both,"[""operator_shape_matched""]","[""operator_shape_matched""]",1,1,20,20,52.77,53.12,0.000411,0.000645,0.000234
aten::copy_,"[[52,8,256],[52,8,256],[]]","[""c10::BFloat16"",""float"",""Scalar""]",both,"[""operator_shape_matched""]","[""operator_shape_matched""]",1,1,10,10,13.632,13.666,0.000106,0.000166,6e-05
aten::copy_,"[[52,8,256],[52,8,256],[]]","[""float"",""c10::BFloat16"",""Scalar""]",both,"[""operator_shape_matched""]","[""operator_shape_matched""]",1,1,10,10,27.649,27.775,0.000215,0.000337,0.000122
aten::copy_,"[[52],[52],[]]","[""int"",""long int"",""Scalar""]",both,"[""operator_shape_matched""]","[""operator_shape_matched""]",1,1,1,1,1.536,1.376,1.2e-05,1.7e-05,5e-06
aten::copy_,"[[52],[52],[]]","[""long int"",""int"",""Scalar""]",both,"[""operator_shape_matched""]","[""operator_shape_matched""]",1,1,2,2,3.2,3.136,2.5e-05,3.8e-05,1.3e-05
aten::copy_,"[[53,2,124160],[53,2,124160],[]]","[""c10::BFloat16"",""c10::BFloat16"",""Scalar""]",both,"[""operator_shape_matched""]","[""operator_shape_matched""]",1,1,1,1,34.848,34.401,0.000271,0.000417,0.000146
aten::copy_,"[[53,248320],[53,248320],[]]","[""float"",""c10::BFloat16"",""Scalar""]",both,"[""operator_shape_matched""]","[""operator_shape_matched""]",1,1,1,1,42.337,42.529,0.000329,0.000516,0.000187
aten::copy_,"[[53],[53],[]]","[""int"",""long int"",""Scalar""]",both,"[""operator_shape_matched""]","[""operator_shape_matched""]",1,1,1,1,1.44,1.407,1.1e-05,1.7e-05,6e-06
aten::copy_,"[[53],[53],[]]","[""long int"",""int"",""Scalar""]",both,"[""operator_shape_matched""]","[""operator_shape_matched""]",1,1,1,1,1.664,1.728,1.3e-05,2.1e-05,8e-06
aten::copy_,"[[54,1,192],[54,1,192],[]]","[""c10::BFloat16"",""c10::BFloat16"",""Scalar""]",both,"[""operator_shape_matched""]","[""operator_shape_matched""]",1,1,10,10,22.37,22.305,0.000174,0.000271,9.7e-05
aten::copy_,"[[54,1,256],[54,1,256],[]]","[""c10::BFloat16"",""float"",""Scalar""]",both,"[""operator_shape_matched""]","[""operator_shape_matched""]",1,1,10,10,12.64,12.608,9.8e-05,0.000153,5.5e-05
aten::copy_,"[[54,1,256],[54,1,256],[]]","[""float"",""c10::BFloat16"",""Scalar""]",both,"[""operator_shape_matched""]","[""operator_shape_matched""]",1,1,10,10,33.633,33.603,0.000262,0.000408,0.000146
aten::copy_,"[[54,1024],[54,1024],[]]","[""c10::BFloat16"",""c10::BFloat16"",""Scalar""]",both,"[""operator_shape_matched""]","[""operator_shape_matched""]",1,1,60,60,196.964,196.964,0.001533,0.00239,0.000857
aten::copy_,"[[54,10],[54,10],[]]","[""c10::BFloat16"",""c10::BFloat16"",""Scalar""]",both,"[""operator_shape_matched""]","[""operator_shape_matched""]",1,1,20,20,36.703,36.514,0.000286,0.000443,0.000157
aten::copy_,"[[54,11],[54,11],[]]","[""c10::BFloat16"",""c10::BFloat16"",""Scalar""]",both,"[""operator_shape_matched""]","[""operator_shape_matched""]",1,1,20,20,39.943,39.873,0.000311,0.000484,0.000173
aten::copy_,"[[54,16,128],[54,16,128],[]]","[""c10::BFloat16"",""c10::BFloat16"",""Scalar""]",both,"[""operator_shape_matched""]","[""operator_shape_matched""]",1,1,30,30,108.228,108.897,0.000842,0.001321,0.000479
aten::copy_,"[[54,16],[54,16],[]]","[""c10::BFloat16"",""c10::BFloat16"",""Scalar""]",both,"[""operator_shape_matched""]","[""operator_shape_matched""]",1,1,60,60,115.231,114.879,0.000897,0.001394,0.000497
aten::copy_,"[[54,2,124160],[54,2,124160],[]]","[""c10::BFloat16"",""c10::BFloat16"",""Scalar""]",both,"[""operator_shape_matched""]","[""operator_shape_matched""]",1,1,1,1,35.104,34.945,0.000273,0.000424,0.000151
aten::copy_,"[[54,2048],[54,2048],[]]","[""c10::BFloat16"",""c10::BFloat16"",""Scalar""]",both,"[""operator_shape_matched""]","[""operator_shape_matched""]",1,1,30,30,102.595,103.269,0.000798,0.001253,0.000455
aten::copy_,"[[54,2048],[54,2048],[]]","[""c10::BFloat16"",""float"",""Scalar""]",both,"[""operator_shape_matched""]","[""operator_shape_matched""]",1,1,161,161,211.91,212.072,0.001649,0.002573,0.000924
aten::copy_,"[[54,2048],[54,2048],[]]","[""float"",""c10::BFloat16"",""Scalar""]",both,"[""operator_shape_matched""]","[""operator_shape_matched""]",1,1,161,161,520.527,521.255,0.004051,0.006324,0.002273
aten::copy_,"[[54,248320],[54,248320],[]]","[""float"",""c10::BFloat16"",""Scalar""]",both,"[""operator_shape_matched""]","[""operator_shape_matched""]",1,1,1,1,42.849,42.913,0.000333,0.000521,0.000187
aten::copy_,"[[54,32],[54,32],[]]","[""c10::BFloat16"",""c10::BFloat16"",""Scalar""]",both,"[""operator_shape_matched""]","[""operator_shape_matched""]",1,1,20,20,39.777,39.647,0.00031,0.000481,0.000171
aten::copy_,"[[54,8,192],[54,8,192],[]]","[""c10::BFloat16"",""c10::BFloat16"",""Scalar""]",both,"[""operator_shape_matched""]","[""operator_shape_matched""]",1,1,10,10,24.864,24.834,0.000194,0.000301,0.000108
aten::copy_,"[[54,8,256],[54,8,256],[]]","[""c10::BFloat16"",""c10::BFloat16"",""Scalar""]",both,"[""operator_shape_matched""]","[""operator_shape_matched""]",1,1,20,20,53.122,52.963,0.000413,0.000643,0.000229
aten::copy_,"[[54,8,256],[54,8,256],[]]","[""c10::BFloat16"",""float"",""Scalar""]",both,"[""operator_shape_matched""]","[""operator_shape_matched""]",1,1,10,10,13.761,13.76,0.000107,0.000167,6e-05
aten::copy_,"[[54,8,256],[54,8,256],[]]","[""float"",""c10::BFloat16"",""Scalar""]",both,"[""operator_shape_matched""]","[""operator_shape_matched""]",1,1,10,10,27.71,27.808,0.000216,0.000337,0.000122
aten::copy_,"[[544,128],[544,128],[]]","[""c10::BFloat16"",""float"",""Scalar""]",both,"[""operator_shape_matched""]","[""operator_shape_matched""]",1,1,30,30,40.003,40.898,0.000311,0.000496,0.000185
aten::copy_,"[[544,128],[544,128],[]]","[""float"",""c10::BFloat16"",""Scalar""]",both,"[""operator_shape_matched""]","[""operator_shape_matched""]",1,1,60,60,189.731,189.735,0.001477,0.002302,0.000825
aten::copy_,"[[54],[54],[]]","[""int"",""long int"",""Scalar""]",both,"[""operator_shape_matched""]","[""operator_shape_matched""]",1,1,1,1,1.408,1.408,1.1e-05,1.7e-05,6e-06
aten::copy_,"[[54],[54],[]]","[""long int"",""int"",""Scalar""]",both,"[""operator_shape_matched""]","[""operator_shape_matched""]",1,1,2,2,3.04,3.168,2.4e-05,3.8e-05,1.5e-05
aten::copy_,"[[55,2,124160],[55,2,124160],[]]","[""c10::BFloat16"",""c10::BFloat16"",""Scalar""]",both,"[""operator_shape_matched""]","[""operator_shape_matched""]",1,1,1,1,35.777,35.52,0.000278,0.000431,0.000153
aten::copy_,"[[55,248320],[55,248320],[]]","[""float"",""c10::BFloat16"",""Scalar""]",both,"[""operator_shape_matched""]","[""operator_shape_matched""]",1,1,1,1,44.289,44.161,0.000345,0.000536,0.000191
aten::copy_,"[[55],[55],[]]","[""int"",""long int"",""Scalar""]",both,"[""operator_shape_matched""]","[""operator_shape_matched""]",1,1,1,1,1.44,1.568,1.1e-05,1.9e-05,8e-06
aten::copy_,"[[55],[55],[]]","[""long int"",""int"",""Scalar""]",both,"[""operator_shape_matched""]","[""operator_shape_matched""]",1,1,1,1,1.664,1.697,1.3e-05,2.1e-05,8e-06
aten::copy_,"[[56,1,192],[56,1,192],[]]","[""c10::BFloat16"",""c10::BFloat16"",""Scalar""]",both,"[""operator_shape_matched""]","[""operator_shape_matched""]",1,1,10,10,22.466,22.465,0.000175,0.000273,9.8e-05
aten::copy_,"[[56,1,256],[56,1,256],[]]","[""c10::BFloat16"",""float"",""Scalar""]",both,"[""operator_shape_matched""]","[""operator_shape_matched""]",1,1,10,10,12.032,11.998,9.4e-05,0.000146,5.2e-05
aten::copy_,"[[56,1,256],[56,1,256],[]]","[""float"",""c10::BFloat16"",""Scalar""]",both,"[""operator_shape_matched""]","[""operator_shape_matched""]",1,1,10,10,36.002,36.159,0.00028,0.000439,0.000159
aten::copy_,"[[56,1024],[56,1024],[]]","[""c10::BFloat16"",""c10::BFloat16"",""Scalar""]",both,"[""operator_shape_matched""]","[""operator_shape_matched""]",1,1,60,60,197.894,198.047,0.00154,0.002403,0.000863
aten::copy_,"[[56,10],[56,10],[]]","[""c10::BFloat16"",""c10::BFloat16"",""Scalar""]",both,"[""operator_shape_matched""]","[""operator_shape_matched""]",1,1,20,20,38.08,38.208,0.000296,0.000464,0.000167
aten::copy_,"[[56,11],[56,11],[]]","[""c10::BFloat16"",""c10::BFloat16"",""Scalar""]",both,"[""operator_shape_matched""]","[""operator_shape_matched""]",1,1,20,20,39.776,39.711,0.00031,0.000482,0.000172
aten::copy_,"[[56,16,128],[56,16,128],[]]","[""c10::BFloat16"",""c10::BFloat16"",""Scalar""]",both,"[""operator_shape_matched""]","[""operator_shape_matched""]",1,1,30,30,109.245,108.677,0.00085,0.001319,0.000468
aten::copy_,"[[56,16],[56,16],[]]","[""c10::BFloat16"",""c10::BFloat16"",""Scalar""]",both,"[""operator_shape_matched""]","[""operator_shape_matched""]",1,1,60,60,114.114,114.145,0.000888,0.001385,0.000497
aten::copy_,"[[56,2,124160],[56,2,124160],[]]","[""c10::BFloat16"",""c10::BFloat16"",""Scalar""]",both,"[""operator_shape_matched""]","[""operator_shape_matched""]",1,1,1,1,36.161,36.193,0.000281,0.000439,0.000158
aten::copy_,"[[56,2048],[56,2048],[]]","[""c10::BFloat16"",""c10::BFloat16"",""Scalar""]",both,"[""operator_shape_matched""]","[""operator_shape_matched""]",1,1,30,30,101.985,102.434,0.000794,0.001243,0.000449
aten::copy_,"[[56,2048],[56,2048],[]]","[""c10::BFloat16"",""float"",""Scalar""]",both,"[""operator_shape_matched""]","[""operator_shape_matched""]",1,1,161,161,212.548,212.796,0.001654,0.002582,0.000928
aten::copy_,"[[56,2048],[56,2048],[]]","[""float"",""c10::BFloat16"",""Scalar""]",both,"[""operator_shape_matched""]","[""operator_shape_matched""]",1,1,161,161,520.11,519.44,0.004048,0.006302,0.002255
aten::copy_,"[[56,248320],[56,248320],[]]","[""float"",""c10::BFloat16"",""Scalar""]",both,"[""operator_shape_matched""]","[""operator_shape_matched""]",1,1,1,1,44.321,44.321,0.000345,0.000538,0.000193
aten::copy_,"[[56,32],[56,32],[]]","[""c10::BFloat16"",""c10::BFloat16"",""Scalar""]",both,"[""operator_shape_matched""]","[""operator_shape_matched""]",1,1,20,20,39.747,39.745,0.000309,0.000482,0.000173
aten::copy_,"[[56,8,192],[56,8,192],[]]","[""c10::BFloat16"",""c10::BFloat16"",""Scalar""]",both,"[""operator_shape_matched""]","[""operator_shape_matched""]",1,1,10,10,25.024,24.865,0.000195,0.000302,0.000107
aten::copy_,"[[56,8,256],[56,8,256],[]]","[""c10::BFloat16"",""c10::BFloat16"",""Scalar""]",both,"[""operator_shape_matched""]","[""operator_shape_matched""]",1,1,20,20,52.741,52.831,0.00041,0.000641,0.000231
aten::copy_,"[[56,8,256],[56,8,256],[]]","[""c10::BFloat16"",""float"",""Scalar""]",both,"[""operator_shape_matched""]","[""operator_shape_matched""]",1,1,10,10,13.694,13.762,0.000107,0.000167,6e-05
aten::copy_,"[[56,8,256],[56,8,256],[]]","[""float"",""c10::BFloat16"",""Scalar""]",both,"[""operator_shape_matched""]","[""operator_shape_matched""]",1,1,10,10,28.576,28.576,0.000222,0.000347,0.000124
aten::copy_,"[[56],[56],[]]","[""int"",""long int"",""Scalar""]",both,"[""operator_shape_matched""]","[""operator_shape_matched""]",1,1,1,1,1.376,1.343,1.1e-05,1.6e-05,6e-06
aten::copy_,"[[56],[56],[]]","[""long int"",""int"",""Scalar""]",both,"[""operator_shape_matched""]","[""operator_shape_matched""]",1,1,2,2,3.233,3.04,2.5e-05,3.7e-05,1.2e-05
aten::copy_,"[[57,2,124160],[57,2,124160],[]]","[""c10::BFloat16"",""c10::BFloat16"",""Scalar""]",both,"[""operator_shape_matched""]","[""operator_shape_matched""]",1,1,1,1,37.217,37.377,0.00029,0.000453,0.000164
aten::copy_,"[[57,248320],[57,248320],[]]","[""float"",""c10::BFloat16"",""Scalar""]",both,"[""operator_shape_matched""]","[""operator_shape_matched""]",1,1,1,1,45.473,45.857,0.000354,0.000556,0.000202
aten::copy_,"[[576,128],[576,128],[]]","[""c10::BFloat16"",""float"",""Scalar""]",both,"[""operator_shape_matched""]","[""operator_shape_matched""]",1,1,30,30,39.936,40.101,0.000311,0.000487,0.000176
aten::copy_,"[[576,128],[576,128],[]]","[""float"",""c10::BFloat16"",""Scalar""]",both,"[""operator_shape_matched""]","[""operator_shape_matched""]",1,1,60,60,193.859,195.042,0.001509,0.002366,0.000858
aten::copy_,"[[57],[57],[]]","[""int"",""long int"",""Scalar""]",both,"[""operator_shape_matched""]","[""operator_shape_matched""]",1,1,1,1,1.376,1.408,1.1e-05,1.7e-05,6e-06
aten::copy_,"[[57],[57],[]]","[""long int"",""int"",""Scalar""]",both,"[""operator_shape_matched""]","[""operator_shape_matched""]",1,1,1,1,1.6,1.728,1.2e-05,2.1e-05,9e-06
aten::copy_,"[[58,1,192],[58,1,192],[]]","[""c10::BFloat16"",""c10::BFloat16"",""Scalar""]",both,"[""operator_shape_matched""]","[""operator_shape_matched""]",1,1,10,10,22.4,22.528,0.000174,0.000273,9.9e-05
aten::copy_,"[[58,1,256],[58,1,256],[]]","[""c10::BFloat16"",""float"",""Scalar""]",both,"[""operator_shape_matched""]","[""operator_shape_matched""]",1,1,10,10,12.673,12.673,9.9e-05,0.000154,5.5e-05
aten::copy_,"[[58,1,256],[58,1,256],[]]","[""float"",""c10::BFloat16"",""Scalar""]",both,"[""operator_shape_matched""]","[""operator_shape_matched""]",1,1,10,10,34.656,35.457,0.00027,0.00043,0.00016
aten::copy_,"[[58,1024],[58,1024],[]]","[""c10::BFloat16"",""c10::BFloat16"",""Scalar""]",both,"[""operator_shape_matched""]","[""operator_shape_matched""]",1,1,60,60,199.554,199.94,0.001553,0.002426,0.000873
aten::copy_,"[[58,10],[58,10],[]]","[""c10::BFloat16"",""c10::BFloat16"",""Scalar""]",both,"[""operator_shape_matched""]","[""operator_shape_matched""]",1,1,20,20,36.77,37.053,0.000286,0.00045,0.000163
aten::copy_,"[[58,11],[58,11],[]]","[""c10::BFloat16"",""c10::BFloat16"",""Scalar""]",both,"[""operator_shape_matched""]","[""operator_shape_matched""]",1,1,20,20,39.842,39.905,0.00031,0.000484,0.000174
aten::copy_,"[[58,16,128],[58,16,128],[]]","[""c10::BFloat16"",""c10::BFloat16"",""Scalar""]",both,"[""operator_shape_matched""]","[""operator_shape_matched""]",1,1,30,30,108.996,108.224,0.000848,0.001313,0.000465
aten::copy_,"[[58,16],[58,16],[]]","[""c10::BFloat16"",""c10::BFloat16"",""Scalar""]",both,"[""operator_shape_matched""]","[""operator_shape_matched""]",1,1,60,60,120.995,120.288,0.000942,0.001459,0.000518
aten::copy_,"[[58,2,124160],[58,2,124160],[]]","[""c10::BFloat16"",""c10::BFloat16"",""Scalar""]",both,"[""operator_shape_matched""]","[""operator_shape_matched""]",1,1,1,1,37.697,37.505,0.000293,0.000455,0.000162
aten::copy_,"[[58,2048],[58,2048],[]]","[""c10::BFloat16"",""c10::BFloat16"",""Scalar""]",both,"[""operator_shape_matched""]","[""operator_shape_matched""]",1,1,30,30,102.463,102.916,0.000797,0.001249,0.000451
aten::copy_,"[[58,2048],[58,2048],[]]","[""c10::BFloat16"",""float"",""Scalar""]",both,"[""operator_shape_matched""]","[""operator_shape_matched""]",1,1,161,161,215.327,215.3,0.001676,0.002612,0.000936
aten::copy_,"[[58,2048],[58,2048],[]]","[""float"",""c10::BFloat16"",""Scalar""]",both,"[""operator_shape_matched""]","[""operator_shape_matched""]",1,1,161,161,522.247,521.387,0.004064,0.006326,0.002262
aten::copy_,"[[58,248320],[58,248320],[]]","[""float"",""c10::BFloat16"",""Scalar""]",both,"[""operator_shape_matched""]","[""operator_shape_matched""]",1,1,1,1,46.017,46.369,0.000358,0.000563,0.000204
aten::copy_,"[[58,32],[58,32],[]]","[""c10::BFloat16"",""c10::BFloat16"",""Scalar""]",both,"[""operator_shape_matched""]","[""operator_shape_matched""]",1,1,20,20,39.81,39.808,0.00031,0.000483,0.000173
aten::copy_,"[[58,8,192],[58,8,192],[]]","[""c10::BFloat16"",""c10::BFloat16"",""Scalar""]",both,"[""operator_shape_matched""]","[""operator_shape_matched""]",1,1,10,10,24.577,24.736,0.000191,0.0003,0.000109
aten::copy_,"[[58,8,256],[58,8,256],[]]","[""c10::BFloat16"",""c10::BFloat16"",""Scalar""]",both,"[""operator_shape_matched""]","[""operator_shape_matched""]",1,1,20,20,54.305,54.689,0.000423,0.000664,0.000241
aten::copy_,"[[58,8,256],[58,8,256],[]]","[""c10::BFloat16"",""float"",""Scalar""]",both,"[""operator_shape_matched""]","[""operator_shape_matched""]",1,1,10,10,14.017,13.858,0.000109,0.000168,5.9e-05
aten::copy_,"[[58,8,256],[58,8,256],[]]","[""float"",""c10::BFloat16"",""Scalar""]",both,"[""operator_shape_matched""]","[""operator_shape_matched""]",1,1,10,10,28.225,28.29,0.00022,0.000343,0.000124
aten::copy_,"[[58],[58],[]]","[""int"",""long int"",""Scalar""]",both,"[""operator_shape_matched""]","[""operator_shape_matched""]",1,1,1,1,1.6,1.44,1.2e-05,1.7e-05,5e-06
aten::copy_,"[[58],[58],[]]","[""long int"",""int"",""Scalar""]",both,"[""operator_shape_matched""]","[""operator_shape_matched""]",1,1,2,2,3.167,3.137,2.5e-05,3.8e-05,1.3e-05
aten::copy_,"[[59,2,124160],[59,2,124160],[]]","[""c10::BFloat16"",""c10::BFloat16"",""Scalar""]",both,"[""operator_shape_matched""]","[""operator_shape_matched""]",1,1,1,1,38.849,38.241,0.000302,0.000464,0.000162
aten::copy_,"[[59,248320],[59,248320],[]]","[""float"",""c10::BFloat16"",""Scalar""]",both,"[""operator_shape_matched""]","[""operator_shape_matched""]",1,1,1,1,46.913,47.616,0.000365,0.000578,0.000213
aten::copy_,"[[59],[59],[]]","[""int"",""long int"",""Scalar""]",both,"[""operator_shape_matched""]","[""operator_shape_matched""]",1,1,1,1,1.504,1.376,1.2e-05,1.7e-05,5e-06
aten::copy_,"[[59],[59],[]]","[""long int"",""int"",""Scalar""]",both,"[""operator_shape_matched""]","[""operator_shape_matched""]",1,1,1,1,1.664,1.633,1.3e-05,2e-05,7e-06
aten::copy_,"[[5],[5],[]]","[""int"",""long int"",""Scalar""]",both,"[""operator_shape_matched""]","[""operator_shape_matched""]",1,1,1,1,1.408,1.44,1.1e-05,1.7e-05,7e-06
aten::copy_,"[[5],[5],[]]","[""long int"",""int"",""Scalar""]",both,"[""operator_shape_matched""]","[""operator_shape_matched""]",1,1,1,1,1.792,1.664,1.4e-05,2e-05,6e-06
aten::copy_,"[[6,1,192],[6,1,192],[]]","[""c10::BFloat16"",""c10::BFloat16"",""Scalar""]",both,"[""operator_shape_matched""]","[""operator_shape_matched""]",1,1,10,10,18.56,18.688,0.000144,0.000227,8.2e-05
aten::copy_,"[[6,1,256],[6,1,256],[]]","[""c10::BFloat16"",""float"",""Scalar""]",both,"[""operator_shape_matched""]","[""operator_shape_matched""]",1,1,10,10,12.448,12.48,9.7e-05,0.000151,5.5e-05
aten::copy_,"[[6,1,256],[6,1,256],[]]","[""float"",""c10::BFloat16"",""Scalar""]",both,"[""operator_shape_matched""]","[""operator_shape_matched""]",1,1,10,10,31.776,32.033,0.000247,0.000389,0.000141
aten::copy_,"[[6,1024],[6,1024],[]]","[""c10::BFloat16"",""c10::BFloat16"",""Scalar""]",both,"[""operator_shape_matched""]","[""operator_shape_matched""]",1,1,60,60,182.053,184.036,0.001417,0.002233,0.000816
aten::copy_,"[[6,10],[6,10],[]]","[""c10::BFloat16"",""c10::BFloat16"",""Scalar""]",both,"[""operator_shape_matched""]","[""operator_shape_matched""]",1,1,20,20,25.345,25.091,0.000197,0.000304,0.000107
aten::copy_,"[[6,11],[6,11],[]]","[""c10::BFloat16"",""c10::BFloat16"",""Scalar""]",both,"[""operator_shape_matched""]","[""operator_shape_matched""]",1,1,20,20,23.363,23.422,0.000182,0.000284,0.000102
aten::copy_,"[[6,16,128],[6,16,128],[]]","[""c10::BFloat16"",""c10::BFloat16"",""Scalar""]",both,"[""operator_shape_matched""]","[""operator_shape_matched""]",1,1,30,30,72.319,72.517,0.000563,0.00088,0.000317
aten::copy_,"[[6,16],[6,16],[]]","[""c10::BFloat16"",""c10::BFloat16"",""Scalar""]",both,"[""operator_shape_matched""]","[""operator_shape_matched""]",1,1,60,60,76.061,75.301,0.000592,0.000914,0.000322
aten::copy_,"[[6,2,124160],[6,2,124160],[]]","[""c10::BFloat16"",""c10::BFloat16"",""Scalar""]",both,"[""operator_shape_matched""]","[""operator_shape_matched""]",1,1,1,1,4.768,4.992,3.7e-05,6.1e-05,2.3e-05
aten::copy_,"[[6,2048],[6,2048],[]]","[""c10::BFloat16"",""c10::BFloat16"",""Scalar""]",both,"[""operator_shape_matched""]","[""operator_shape_matched""]",1,1,30,30,92.195,92.198,0.000718,0.001119,0.000401
aten::copy_,"[[6,2048],[6,2048],[]]","[""c10::BFloat16"",""float"",""Scalar""]",both,"[""operator_shape_matched""]","[""operator_shape_matched""]",1,1,161,161,194.983,194.924,0.001517,0.002365,0.000848
aten::copy_,"[[6,2048],[6,2048],[]]","[""float"",""c10::BFloat16"",""Scalar""]",both,"[""operator_shape_matched""]","[""operator_shape_matched""]",1,1,161,161,479.984,478.764,0.003736,0.005809,0.002073
aten::copy_,"[[6,248320],[6,248320],[]]","[""float"",""c10::BFloat16"",""Scalar""]",both,"[""operator_shape_matched""]","[""operator_shape_matched""]",1,1,1,1,5.536,5.568,4.3e-05,6.8e-05,2.4e-05
aten::copy_,"[[6,32],[6,32],[]]","[""c10::BFloat16"",""c10::BFloat16"",""Scalar""]",both,"[""operator_shape_matched""]","[""operator_shape_matched""]",1,1,20,20,29.537,29.409,0.00023,0.000357,0.000127
aten::copy_,"[[6,8,192],[6,8,192],[]]","[""c10::BFloat16"",""c10::BFloat16"",""Scalar""]",both,"[""operator_shape_matched""]","[""operator_shape_matched""]",1,1,10,10,23.233,23.266,0.000181,0.000282,0.000101
aten::copy_,"[[6,8,256],[6,8,256],[]]","[""c10::BFloat16"",""c10::BFloat16"",""Scalar""]",both,"[""operator_shape_matched""]","[""operator_shape_matched""]",1,1,20,20,48.637,48.547,0.000379,0.000589,0.000211
aten::copy_,"[[6,8,256],[6,8,256],[]]","[""c10::BFloat16"",""float"",""Scalar""]",both,"[""operator_shape_matched""]","[""operator_shape_matched""]",1,1,10,10,12.031,11.779,9.4e-05,0.000143,4.9e-05
aten::copy_,"[[6,8,256],[6,8,256],[]]","[""float"",""c10::BFloat16"",""Scalar""]",both,"[""operator_shape_matched""]","[""operator_shape_matched""]",1,1,10,10,25.089,24.993,0.000195,0.000303,0.000108
aten::copy_,"[[60,1,192],[60,1,192],[]]","[""c10::BFloat16"",""c10::BFloat16"",""Scalar""]",both,"[""operator_shape_matched""]","[""operator_shape_matched""]",1,1,10,10,22.371,22.465,0.000174,0.000273,9.8e-05
aten::copy_,"[[60,1,256],[60,1,256],[]]","[""c10::BFloat16"",""float"",""Scalar""]",both,"[""operator_shape_matched""]","[""operator_shape_matched""]",1,1,10,10,11.968,12.06,9.3e-05,0.000146,5.3e-05
aten::copy_,"[[60,1,256],[60,1,256],[]]","[""float"",""c10::BFloat16"",""Scalar""]",both,"[""operator_shape_matched""]","[""operator_shape_matched""]",1,1,10,10,34.175,33.956,0.000266,0.000412,0.000146
aten::copy_,"[[60,1024],[60,1024],[]]","[""c10::BFloat16"",""c10::BFloat16"",""Scalar""]",both,"[""operator_shape_matched""]","[""operator_shape_matched""]",1,1,60,60,198.787,198.431,0.001547,0.002408,0.00086
aten::copy_,"[[60,10],[60,10],[]]","[""c10::BFloat16"",""c10::BFloat16"",""Scalar""]",both,"[""operator_shape_matched""]","[""operator_shape_matched""]",1,1,20,20,37.091,36.706,0.000289,0.000445,0.000157
aten::copy_,"[[60,11],[60,11],[]]","[""c10::BFloat16"",""c10::BFloat16"",""Scalar""]",both,"[""operator_shape_matched""]","[""operator_shape_matched""]",1,1,20,20,40.001,40.162,0.000311,0.000487,0.000176
aten::copy_,"[[60,16,128],[60,16,128],[]]","[""c10::BFloat16"",""c10::BFloat16"",""Scalar""]",both,"[""operator_shape_matched""]","[""operator_shape_matched""]",1,1,30,30,108.706,108.995,0.000846,0.001322,0.000476
aten::copy_,"[[60,16],[60,16],[]]","[""c10::BFloat16"",""c10::BFloat16"",""Scalar""]",both,"[""operator_shape_matched""]","[""operator_shape_matched""]",1,1,60,60,119.517,119.842,0.00093,0.001454,0.000524
aten::copy_,"[[60,2,124160],[60,2,124160],[]]","[""c10::BFloat16"",""c10::BFloat16"",""Scalar""]",both,"[""operator_shape_matched""]","[""operator_shape_matched""]",1,1,1,1,39.041,39.456,0.000304,0.000479,0.000175
aten::copy_,"[[60,2048],[60,2048],[]]","[""c10::BFloat16"",""c10::BFloat16"",""Scalar""]",both,"[""operator_shape_matched""]","[""operator_shape_matched""]",1,1,30,30,103.141,103.458,0.000803,0.001255,0.000453
aten::copy_,"[[60,2048],[60,2048],[]]","[""c10::BFloat16"",""float"",""Scalar""]",both,"[""operator_shape_matched""]","[""operator_shape_matched""]",1,1,161,161,215.004,215.512,0.001673,0.002615,0.000942
aten::copy_,"[[60,2048],[60,2048],[]]","[""float"",""c10::BFloat16"",""Scalar""]",both,"[""operator_shape_matched""]","[""operator_shape_matched""]",1,1,161,161,518.727,519.723,0.004037,0.006306,0.002269
aten::copy_,"[[60,248320],[60,248320],[]]","[""float"",""c10::BFloat16"",""Scalar""]",both,"[""operator_shape_matched""]","[""operator_shape_matched""]",1,1,1,1,47.745,48.001,0.000372,0.000582,0.000211
aten::copy_,"[[60,32],[60,32],[]]","[""c10::BFloat16"",""c10::BFloat16"",""Scalar""]",both,"[""operator_shape_matched""]","[""operator_shape_matched""]",1,1,20,20,40.576,40.481,0.000316,0.000491,0.000175
aten::copy_,"[[60,8,192],[60,8,192],[]]","[""c10::BFloat16"",""c10::BFloat16"",""Scalar""]",both,"[""operator_shape_matched""]","[""operator_shape_matched""]",1,1,10,10,25.314,25.504,0.000197,0.000309,0.000112
aten::copy_,"[[60,8,256],[60,8,256],[]]","[""c10::BFloat16"",""c10::BFloat16"",""Scalar""]",both,"[""operator_shape_matched""]","[""operator_shape_matched""]",1,1,20,20,52.385,52.992,0.000408,0.000643,0.000235
aten::copy_,"[[60,8,256],[60,8,256],[]]","[""c10::BFloat16"",""float"",""Scalar""]",both,"[""operator_shape_matched""]","[""operator_shape_matched""]",1,1,10,10,13.791,13.857,0.000107,0.000168,6.1e-05
aten::copy_,"[[60,8,256],[60,8,256],[]]","[""float"",""c10::BFloat16"",""Scalar""]",both,"[""operator_shape_matched""]","[""operator_shape_matched""]",1,1,10,10,28.833,28.926,0.000224,0.000351,0.000127
aten::copy_,"[[608,128],[608,128],[]]","[""c10::BFloat16"",""float"",""Scalar""]",both,"[""operator_shape_matched""]","[""operator_shape_matched""]",1,1,30,30,40.068,40.099,0.000312,0.000487,0.000175
aten::copy_,"[[608,128],[608,128],[]]","[""float"",""c10::BFloat16"",""Scalar""]",both,"[""operator_shape_matched""]","[""operator_shape_matched""]",1,1,60,60,191.207,189.862,0.001488,0.002304,0.000816
aten::copy_,"[[60],[60],[]]","[""int"",""long int"",""Scalar""]",both,"[""operator_shape_matched""]","[""operator_shape_matched""]",1,1,1,1,1.344,1.344,1e-05,1.6e-05,6e-06
aten::copy_,"[[60],[60],[]]","[""long int"",""int"",""Scalar""]",both,"[""operator_shape_matched""]","[""operator_shape_matched""]",1,1,2,2,3.071,3.136,2.4e-05,3.8e-05,1.4e-05
aten::copy_,"[[61,2,124160],[61,2,124160],[]]","[""c10::BFloat16"",""c10::BFloat16"",""Scalar""]",both,"[""operator_shape_matched""]","[""operator_shape_matched""]",1,1,1,1,39.809,40.545,0.00031,0.000492,0.000182
aten::copy_,"[[61,248320],[61,248320],[]]","[""float"",""c10::BFloat16"",""Scalar""]",both,"[""operator_shape_matched""]","[""operator_shape_matched""]",1,1,1,1,48.641,49.185,0.000379,0.000597,0.000218
aten::copy_,"[[61],[61],[]]","[""int"",""long int"",""Scalar""]",both,"[""operator_shape_matched""]","[""operator_shape_matched""]",1,1,1,1,1.44,1.44,1.1e-05,1.7e-05,6e-06
aten::copy_,"[[61],[61],[]]","[""long int"",""int"",""Scalar""]",both,"[""operator_shape_matched""]","[""operator_shape_matched""]",1,1,1,1,1.696,1.728,1.3e-05,2.1e-05,8e-06
aten::copy_,"[[62,1,192],[62,1,192],[]]","[""c10::BFloat16"",""c10::BFloat16"",""Scalar""]",both,"[""operator_shape_matched""]","[""operator_shape_matched""]",1,1,10,10,21.344,21.408,0.000166,0.00026,9.4e-05
aten::copy_,"[[62,1,256],[62,1,256],[]]","[""c10::BFloat16"",""float"",""Scalar""]",both,"[""operator_shape_matched""]","[""operator_shape_matched""]",1,1,10,10,12.674,12.544,9.9e-05,0.000152,5.4e-05
aten::copy_,"[[62,1,256],[62,1,256],[]]","[""float"",""c10::BFloat16"",""Scalar""]",both,"[""operator_shape_matched""]","[""operator_shape_matched""]",1,1,10,10,33.952,33.762,0.000264,0.00041,0.000145
aten::copy_,"[[62,1024],[62,1024],[]]","[""c10::BFloat16"",""c10::BFloat16"",""Scalar""]",both,"[""operator_shape_matched""]","[""operator_shape_matched""]",1,1,60,60,201.662,200.899,0.001569,0.002438,0.000868
aten::copy_,"[[62,10],[62,10],[]]","[""c10::BFloat16"",""c10::BFloat16"",""Scalar""]",both,"[""operator_shape_matched""]","[""operator_shape_matched""]",1,1,20,20,36.579,36.608,0.000285,0.000444,0.000159
aten::copy_,"[[62,11],[62,11],[]]","[""c10::BFloat16"",""c10::BFloat16"",""Scalar""]",both,"[""operator_shape_matched""]","[""operator_shape_matched""]",1,1,20,20,39.846,39.747,0.00031,0.000482,0.000172
aten::copy_,"[[62,16,128],[62,16,128],[]]","[""c10::BFloat16"",""c10::BFloat16"",""Scalar""]",both,"[""operator_shape_matched""]","[""operator_shape_matched""]",1,1,30,30,109.185,109.187,0.00085,0.001325,0.000475
aten::copy_,"[[62,16],[62,16],[]]","[""c10::BFloat16"",""c10::BFloat16"",""Scalar""]",both,"[""operator_shape_matched""]","[""operator_shape_matched""]",1,1,60,60,118.849,118.532,0.000925,0.001438,0.000513
aten::copy_,"[[62,2,124160],[62,2,124160],[]]","[""c10::BFloat16"",""c10::BFloat16"",""Scalar""]",both,"[""operator_shape_matched""]","[""operator_shape_matched""]",1,1,1,1,40.353,40.353,0.000314,0.00049,0.000176
aten::copy_,"[[62,2048],[62,2048],[]]","[""c10::BFloat16"",""c10::BFloat16"",""Scalar""]",both,"[""operator_shape_matched""]","[""operator_shape_matched""]",1,1,30,30,104.608,104.992,0.000814,0.001274,0.00046
aten::copy_,"[[62,2048],[62,2048],[]]","[""c10::BFloat16"",""float"",""Scalar""]",both,"[""operator_shape_matched""]","[""operator_shape_matched""]",1,1,161,161,215.964,215.88,0.001681,0.002619,0.000939
aten::copy_,"[[62,2048],[62,2048],[]]","[""float"",""c10::BFloat16"",""Scalar""]",both,"[""operator_shape_matched""]","[""operator_shape_matched""]",1,1,161,161,520.843,520.975,0.004054,0.006321,0.002268
aten::copy_,"[[62,248320],[62,248320],[]]","[""float"",""c10::BFloat16"",""Scalar""]",both,"[""operator_shape_matched""]","[""operator_shape_matched""]",1,1,1,1,48.897,49.761,0.000381,0.000604,0.000223
aten::copy_,"[[62,32],[62,32],[]]","[""c10::BFloat16"",""c10::BFloat16"",""Scalar""]",both,"[""operator_shape_matched""]","[""operator_shape_matched""]",1,1,20,20,43.715,43.362,0.00034,0.000526,0.000186
aten::copy_,"[[62,8,192],[62,8,192],[]]","[""c10::BFloat16"",""c10::BFloat16"",""Scalar""]",both,"[""operator_shape_matched""]","[""operator_shape_matched""]",1,1,10,10,25.472,25.409,0.000198,0.000308,0.00011
aten::copy_,"[[62,8,256],[62,8,256],[]]","[""c10::BFloat16"",""c10::BFloat16"",""Scalar""]",both,"[""operator_shape_matched""]","[""operator_shape_matched""]",1,1,20,20,53.217,52.608,0.000414,0.000638,0.000224
aten::copy_,"[[62,8,256],[62,8,256],[]]","[""c10::BFloat16"",""float"",""Scalar""]",both,"[""operator_shape_matched""]","[""operator_shape_matched""]",1,1,10,10,13.855,13.888,0.000108,0.000169,6.1e-05
aten::copy_,"[[62,8,256],[62,8,256],[]]","[""float"",""c10::BFloat16"",""Scalar""]",both,"[""operator_shape_matched""]","[""operator_shape_matched""]",1,1,10,10,28.769,28.835,0.000224,0.00035,0.000126
aten::copy_,"[[62],[62],[]]","[""int"",""long int"",""Scalar""]",both,"[""operator_shape_matched""]","[""operator_shape_matched""]",1,1,1,1,1.44,1.408,1.1e-05,1.7e-05,6e-06
aten::copy_,"[[62],[62],[]]","[""long int"",""int"",""Scalar""]",both,"[""operator_shape_matched""]","[""operator_shape_matched""]",1,1,2,2,3.072,3.263,2.4e-05,4e-05,1.6e-05
aten::copy_,"[[63,1,192],[63,1,192],[]]","[""c10::BFloat16"",""c10::BFloat16"",""Scalar""]",both,"[""operator_shape_matched""]","[""operator_shape_matched""]",1,1,20,20,43.937,44.097,0.000342,0.000535,0.000193
aten::copy_,"[[63,1,256],[63,1,256],[]]","[""c10::BFloat16"",""float"",""Scalar""]",both,"[""operator_shape_matched""]","[""operator_shape_matched""]",1,1,20,20,26.528,26.53,0.000206,0.000322,0.000115
aten::copy_,"[[63,1,256],[63,1,256],[]]","[""float"",""c10::BFloat16"",""Scalar""]",both,"[""operator_shape_matched""]","[""operator_shape_matched""]",1,1,20,20,67.554,68.163,0.000526,0.000827,0.000301
aten::copy_,"[[63,10],[63,10],[]]","[""c10::BFloat16"",""c10::BFloat16"",""Scalar""]",both,"[""operator_shape_matched""]","[""operator_shape_matched""]",1,1,40,40,76.161,76.385,0.000593,0.000927,0.000334
aten::copy_,"[[63,11],[63,11],[]]","[""c10::BFloat16"",""c10::BFloat16"",""Scalar""]",both,"[""operator_shape_matched""]","[""operator_shape_matched""]",1,1,40,40,79.201,79.138,0.000616,0.00096,0.000344
aten::copy_,"[[63,16,128],[63,16,128],[]]","[""c10::BFloat16"",""c10::BFloat16"",""Scalar""]",both,"[""operator_shape_matched""]","[""operator_shape_matched""]",1,1,60,60,218.079,219.842,0.001697,0.002667,0.00097
aten::copy_,"[[63,16],[63,16],[]]","[""c10::BFloat16"",""c10::BFloat16"",""Scalar""]",both,"[""operator_shape_matched""]","[""operator_shape_matched""]",1,1,120,120,239.561,239.717,0.001864,0.002908,0.001044
aten::copy_,"[[63,2,124160],[63,2,124160],[]]","[""c10::BFloat16"",""c10::BFloat16"",""Scalar""]",both,"[""operator_shape_matched""]","[""operator_shape_matched""]",1,1,3,3,123.234,123.107,0.000959,0.001494,0.000535
aten::copy_,"[[63,2048],[63,2048],[]]","[""c10::BFloat16"",""float"",""Scalar""]",both,"[""operator_shape_matched""]","[""operator_shape_matched""]",1,1,322,322,433.008,433.637,0.00337,0.005261,0.001891
aten::copy_,"[[63,2048],[63,2048],[]]","[""float"",""c10::BFloat16"",""Scalar""]",both,"[""operator_shape_matched""]","[""operator_shape_matched""]",1,1,322,322,1032.534,1036.242,0.008036,0.012573,0.004537
aten::copy_,"[[63,248320],[63,248320],[]]","[""float"",""c10::BFloat16"",""Scalar""]",both,"[""operator_shape_matched""]","[""operator_shape_matched""]",1,1,3,3,149.956,150.243,0.001167,0.001823,0.000656
aten::copy_,"[[63,32],[63,32],[]]","[""c10::BFloat16"",""c10::BFloat16"",""Scalar""]",both,"[""operator_shape_matched""]","[""operator_shape_matched""]",1,1,40,40,80.099,79.807,0.000623,0.000968,0.000345
aten::copy_,"[[63,8,192],[63,8,192],[]]","[""c10::BFloat16"",""c10::BFloat16"",""Scalar""]",both,"[""operator_shape_matched""]","[""operator_shape_matched""]",1,1,20,20,50.048,50.045,0.00039,0.000607,0.000218
aten::copy_,"[[63,8,256],[63,8,256],[]]","[""c10::BFloat16"",""c10::BFloat16"",""Scalar""]",both,"[""operator_shape_matched""]","[""operator_shape_matched""]",1,1,40,40,109.533,109.441,0.000852,0.001328,0.000475
aten::copy_,"[[63,8,256],[63,8,256],[]]","[""c10::BFloat16"",""float"",""Scalar""]",both,"[""operator_shape_matched""]","[""operator_shape_matched""]",1,1,20,20,27.902,27.905,0.000217,0.000339,0.000121
aten::copy_,"[[63,8,256],[63,8,256],[]]","[""float"",""c10::BFloat16"",""Scalar""]",both,"[""operator_shape_matched""]","[""operator_shape_matched""]",1,1,20,20,54.948,55.073,0.000428,0.000668,0.000241
aten::copy_,"[[63],[63],[]]","[""int"",""long int"",""Scalar""]",both,"[""operator_shape_matched""]","[""operator_shape_matched""]",1,1,3,3,4.256,4.289,3.3e-05,5.2e-05,1.9e-05
aten::copy_,"[[63],[63],[]]","[""long int"",""int"",""Scalar""]",both,"[""operator_shape_matched""]","[""operator_shape_matched""]",1,1,5,5,8.03,8.032,6.2e-05,9.7e-05,3.5e-05
aten::copy_,"[[64,1,192],[64,1,192],[]]","[""c10::BFloat16"",""c10::BFloat16"",""Scalar""]",both,"[""operator_shape_matched""]","[""operator_shape_matched""]",1,1,4780,2220,10320.507,4796.46,0.08032,0.058196,-0.022124
aten::copy_,"[[64,1,256],[64,1,256],[]]","[""c10::BFloat16"",""float"",""Scalar""]",both,"[""operator_shape_matched""]","[""operator_shape_matched""]",1,1,4780,2220,5798.725,2696.636,0.045129,0.032718,-0.012411
aten::copy_,"[[64,1,256],[64,1,256],[]]","[""float"",""c10::BFloat16"",""Scalar""]",both,"[""operator_shape_matched""]","[""operator_shape_matched""]",1,1,4780,2220,16213.889,7542.326,0.126186,0.091511,-0.034674
aten::copy_,"[[64,10],[64,10],[]]","[""c10::BFloat16"",""c10::BFloat16"",""Scalar""]",both,"[""operator_shape_matched""]","[""operator_shape_matched""]",1,1,9560,4440,18225.48,8472.248,0.141841,0.102794,-0.039047
aten::copy_,"[[64,11],[64,11],[]]","[""c10::BFloat16"",""c10::BFloat16"",""Scalar""]",both,"[""operator_shape_matched""]","[""operator_shape_matched""]",1,1,9560,4440,19022.371,8844.468,0.148043,0.10731,-0.040733
aten::copy_,"[[64,128],[64,128],[]]","[""c10::BFloat16"",""float"",""Scalar""]",both,"[""operator_shape_matched""]","[""operator_shape_matched""]",1,1,30,30,37.314,37.477,0.00029,0.000455,0.000164
aten::copy_,"[[64,128],[64,128],[]]","[""float"",""c10::BFloat16"",""Scalar""]",both,"[""operator_shape_matched""]","[""operator_shape_matched""]",1,1,60,60,162.017,162.208,0.001261,0.001968,0.000707
aten::copy_,"[[64,16,128],[64,16,128],[]]","[""c10::BFloat16"",""c10::BFloat16"",""Scalar""]",both,"[""operator_shape_matched""]","[""operator_shape_matched""]",1,1,14340,6660,52231.999,24282.063,0.4065,0.294615,-0.111884
aten::copy_,"[[64,16],[64,16],[]]","[""c10::BFloat16"",""c10::BFloat16"",""Scalar""]",both,"[""operator_shape_matched""]","[""operator_shape_matched""]",1,1,28680,13320,56926.901,26484.399,0.443038,0.321336,-0.121702
aten::copy_,"[[64,2,124160],[64,2,124160],[]]","[""c10::BFloat16"",""c10::BFloat16"",""Scalar""]",both,"[""operator_shape_matched""]","[""operator_shape_matched""]",1,1,479,223,20123.992,9365.988,0.156617,0.113638,-0.042979
aten::copy_,"[[64,2048],[64,2048],[]]","[""c10::BFloat16"",""float"",""Scalar""]",both,"[""operator_shape_matched""]","[""operator_shape_matched""]",1,1,76958,35742,103509.933,48143.674,0.805574,0.584129,-0.221445
aten::copy_,"[[64,2048],[64,2048],[]]","[""float"",""c10::BFloat16"",""Scalar""]",both,"[""operator_shape_matched""]","[""operator_shape_matched""]",1,1,76958,35742,246665.708,114867.994,1.919695,1.393698,-0.525996
aten::copy_,"[[64,248320],[64,248320],[]]","[""float"",""c10::BFloat16"",""Scalar""]",both,"[""operator_shape_matched""]","[""operator_shape_matched""]",1,1,479,223,24241.304,11310.18,0.18866,0.137227,-0.051433
aten::copy_,"[[64,32],[64,32],[]]","[""c10::BFloat16"",""c10::BFloat16"",""Scalar""]",both,"[""operator_shape_matched""]","[""operator_shape_matched""]",1,1,9560,4440,19926.521,9273.699,0.15508,0.112518,-0.042561
aten::copy_,"[[64,8,192],[64,8,192],[]]","[""c10::BFloat16"",""c10::BFloat16"",""Scalar""]",both,"[""operator_shape_matched""]","[""operator_shape_matched""]",1,1,4780,2220,11874.412,5525.637,0.092414,0.067043,-0.025371
aten::copy_,"[[64,8,256],[64,8,256],[]]","[""c10::BFloat16"",""c10::BFloat16"",""Scalar""]",both,"[""operator_shape_matched""]","[""operator_shape_matched""]",1,1,9560,4440,25333.33,11783.926,0.197159,0.142975,-0.054184
aten::copy_,"[[64,8,256],[64,8,256],[]]","[""c10::BFloat16"",""float"",""Scalar""]",both,"[""operator_shape_matched""]","[""operator_shape_matched""]",1,1,4780,2220,6697.492,3112.194,0.052124,0.03776,-0.014363
aten::copy_,"[[64,8,256],[64,8,256],[]]","[""float"",""c10::BFloat16"",""Scalar""]",both,"[""operator_shape_matched""]","[""operator_shape_matched""]",1,1,4780,2220,13251.501,6170.371,0.103131,0.074865,-0.028265
aten::copy_,"[[640,128],[640,128],[]]","[""c10::BFloat16"",""float"",""Scalar""]",both,"[""operator_shape_matched""]","[""operator_shape_matched""]",1,1,30,30,40.094,39.94,0.000312,0.000485,0.000173
aten::copy_,"[[640,128],[640,128],[]]","[""float"",""c10::BFloat16"",""Scalar""]",both,"[""operator_shape_matched""]","[""operator_shape_matched""]",1,1,60,60,194.214,192.997,0.001511,0.002342,0.00083
aten::copy_,"[[64],[64],[]]","[""int"",""long int"",""Scalar""]",both,"[""operator_shape_matched""]","[""operator_shape_matched""]",1,1,479,223,641.101,299.139,0.004989,0.003629,-0.00136
aten::copy_,"[[64],[64],[]]","[""long int"",""int"",""Scalar""]",both,"[""operator_shape_matched""]","[""operator_shape_matched""]",1,1,957,445,1455.014,677.221,0.011324,0.008217,-0.003107
aten::copy_,"[[65536,128],[65536,128],[]]","[""c10::BFloat16"",""float"",""Scalar""]",both,"[""operator_shape_matched""]","[""operator_shape_matched""]",1,1,30,30,456.876,449.129,0.003556,0.005449,0.001894
aten::copy_,"[[65536,128],[65536,128],[]]","[""float"",""c10::BFloat16"",""Scalar""]",both,"[""operator_shape_matched""]","[""operator_shape_matched""]",1,1,60,60,1670.53,1672.775,0.013001,0.020296,0.007295
aten::copy_,"[[672,128],[672,128],[]]","[""c10::BFloat16"",""float"",""Scalar""]",both,"[""operator_shape_matched""]","[""operator_shape_matched""]",1,1,30,30,40.292,40.642,0.000314,0.000493,0.00018
aten::copy_,"[[672,128],[672,128],[]]","[""float"",""c10::BFloat16"",""Scalar""]",both,"[""operator_shape_matched""]","[""operator_shape_matched""]",1,1,60,60,190.02,190.242,0.001479,0.002308,0.000829
aten::copy_,"[[691],[691],[]]","[""int"",""long int"",""Scalar""]",both,"[""operator_shape_matched""]","[""operator_shape_matched""]",1,1,3,3,5.217,5.28,4.1e-05,6.4e-05,2.3e-05
aten::copy_,"[[6],[6],[]]","[""int"",""long int"",""Scalar""]",both,"[""operator_shape_matched""]","[""operator_shape_matched""]",1,1,1,1,1.44,1.408,1.1e-05,1.7e-05,6e-06
aten::copy_,"[[6],[6],[]]","[""long int"",""int"",""Scalar""]",both,"[""operator_shape_matched""]","[""operator_shape_matched""]",1,1,2,2,3.072,2.976,2.4e-05,3.6e-05,1.2e-05
aten::copy_,"[[7,2,124160],[7,2,124160],[]]","[""c10::BFloat16"",""c10::BFloat16"",""Scalar""]",both,"[""operator_shape_matched""]","[""operator_shape_matched""]",1,1,1,1,5.696,5.632,4.4e-05,6.8e-05,2.4e-05
aten::copy_,"[[7,248320],[7,248320],[]]","[""float"",""c10::BFloat16"",""Scalar""]",both,"[""operator_shape_matched""]","[""operator_shape_matched""]",1,1,1,1,5.792,5.888,4.5e-05,7.1e-05,2.6e-05
aten::copy_,"[[704,128],[704,128],[]]","[""c10::BFloat16"",""float"",""Scalar""]",both,"[""operator_shape_matched""]","[""operator_shape_matched""]",1,1,30,30,40.604,40.668,0.000316,0.000493,0.000177
aten::copy_,"[[704,128],[704,128],[]]","[""float"",""c10::BFloat16"",""Scalar""]",both,"[""operator_shape_matched""]","[""operator_shape_matched""]",1,1,60,60,190.91,194.241,0.001486,0.002357,0.000871
aten::copy_,"[[736,128],[736,128],[]]","[""c10::BFloat16"",""float"",""Scalar""]",both,"[""operator_shape_matched""]","[""operator_shape_matched""]",1,1,30,30,40.675,40.796,0.000317,0.000495,0.000178
aten::copy_,"[[736,128],[736,128],[]]","[""float"",""c10::BFloat16"",""Scalar""]",both,"[""operator_shape_matched""]","[""operator_shape_matched""]",1,1,60,60,195.237,194.758,0.001519,0.002363,0.000844
aten::copy_,"[[768,128],[768,128],[]]","[""c10::BFloat16"",""float"",""Scalar""]",both,"[""operator_shape_matched""]","[""operator_shape_matched""]",1,1,30,30,40.547,40.832,0.000316,0.000495,0.00018
aten::copy_,"[[768,128],[768,128],[]]","[""float"",""c10::BFloat16"",""Scalar""]",both,"[""operator_shape_matched""]","[""operator_shape_matched""]",1,1,60,60,189.729,193.281,0.001477,0.002345,0.000869
aten::copy_,"[[7],[7],[]]","[""int"",""long int"",""Scalar""]",both,"[""operator_shape_matched""]","[""operator_shape_matched""]",1,1,1,1,1.408,1.44,1.1e-05,1.7e-05,7e-06
aten::copy_,"[[7],[7],[]]","[""long int"",""int"",""Scalar""]",both,"[""operator_shape_matched""]","[""operator_shape_matched""]",1,1,1,1,1.6,1.568,1.2e-05,1.9e-05,7e-06
aten::copy_,"[[8,1,192],[8,1,192],[]]","[""c10::BFloat16"",""c10::BFloat16"",""Scalar""]",both,"[""operator_shape_matched""]","[""operator_shape_matched""]",1,1,10,10,22.24,22.241,0.000173,0.00027,9.7e-05
aten::copy_,"[[8,1,256],[8,1,256],[]]","[""c10::BFloat16"",""float"",""Scalar""]",both,"[""operator_shape_matched""]","[""operator_shape_matched""]",1,1,10,10,11.457,11.49,8.9e-05,0.000139,5e-05
aten::copy_,"[[8,1,256],[8,1,256],[]]","[""float"",""c10::BFloat16"",""Scalar""]",both,"[""operator_shape_matched""]","[""operator_shape_matched""]",1,1,10,10,31.777,31.714,0.000247,0.000385,0.000137
aten::copy_,"[[8,1024],[8,1024],[]]","[""c10::BFloat16"",""c10::BFloat16"",""Scalar""]",both,"[""operator_shape_matched""]","[""operator_shape_matched""]",1,1,60,60,182.79,184.258,0.001423,0.002236,0.000813
aten::copy_,"[[8,10],[8,10],[]]","[""c10::BFloat16"",""c10::BFloat16"",""Scalar""]",both,"[""operator_shape_matched""]","[""operator_shape_matched""]",1,1,20,20,24.992,25.216,0.000195,0.000306,0.000111
aten::copy_,"[[8,11],[8,11],[]]","[""c10::BFloat16"",""c10::BFloat16"",""Scalar""]",both,"[""operator_shape_matched""]","[""operator_shape_matched""]",1,1,20,20,23.427,23.49,0.000182,0.000285,0.000103
aten::copy_,"[[8,16,128],[8,16,128],[]]","[""c10::BFloat16"",""c10::BFloat16"",""Scalar""]",both,"[""operator_shape_matched""]","[""operator_shape_matched""]",1,1,30,30,80.516,80.702,0.000627,0.000979,0.000353
aten::copy_,"[[8,16],[8,16],[]]","[""c10::BFloat16"",""c10::BFloat16"",""Scalar""]",both,"[""operator_shape_matched""]","[""operator_shape_matched""]",1,1,60,60,76.995,76.671,0.000599,0.00093,0.000331
aten::copy_,"[[8,2,124160],[8,2,124160],[]]","[""c10::BFloat16"",""c10::BFloat16"",""Scalar""]",both,"[""operator_shape_matched""]","[""operator_shape_matched""]",1,1,1,1,5.792,5.824,4.5e-05,7.1e-05,2.6e-05
aten::copy_,"[[8,2048],[8,2048],[]]","[""c10::BFloat16"",""c10::BFloat16"",""Scalar""]",both,"[""operator_shape_matched""]","[""operator_shape_matched""]",1,1,30,30,93.827,92.639,0.00073,0.001124,0.000394
aten::copy_,"[[8,2048],[8,2048],[]]","[""c10::BFloat16"",""float"",""Scalar""]",both,"[""operator_shape_matched""]","[""operator_shape_matched""]",1,1,161,161,194.819,194.593,0.001516,0.002361,0.000845
aten::copy_,"[[8,2048],[8,2048],[]]","[""float"",""c10::BFloat16"",""Scalar""]",both,"[""operator_shape_matched""]","[""operator_shape_matched""]",1,1,161,161,494.412,495.751,0.003848,0.006015,0.002167
aten::copy_,"[[8,248320],[8,248320],[]]","[""float"",""c10::BFloat16"",""Scalar""]",both,"[""operator_shape_matched""]","[""operator_shape_matched""]",1,1,1,1,6.368,6.368,5e-05,7.7e-05,2.8e-05
aten::copy_,"[[8,32],[8,32],[]]","[""c10::BFloat16"",""c10::BFloat16"",""Scalar""]",both,"[""operator_shape_matched""]","[""operator_shape_matched""]",1,1,20,20,28.002,28.128,0.000218,0.000341,0.000123
aten::copy_,"[[8,8,192],[8,8,192],[]]","[""c10::BFloat16"",""c10::BFloat16"",""Scalar""]",both,"[""operator_shape_matched""]","[""operator_shape_matched""]",1,1,10,10,22.433,22.528,0.000175,0.000273,9.9e-05
aten::copy_,"[[8,8,256],[8,8,256],[]]","[""c10::BFloat16"",""c10::BFloat16"",""Scalar""]",both,"[""operator_shape_matched""]","[""operator_shape_matched""]",1,1,20,20,50.175,50.339,0.00039,0.000611,0.00022
aten::copy_,"[[8,8,256],[8,8,256],[]]","[""c10::BFloat16"",""float"",""Scalar""]",both,"[""operator_shape_matched""]","[""operator_shape_matched""]",1,1,10,10,12.448,12.414,9.7e-05,0.000151,5.4e-05
aten::copy_,"[[8,8,256],[8,8,256],[]]","[""float"",""c10::BFloat16"",""Scalar""]",both,"[""operator_shape_matched""]","[""operator_shape_matched""]",1,1,10,10,26.08,26.019,0.000203,0.000316,0.000113
aten::copy_,"[[800,128],[800,128],[]]","[""c10::BFloat16"",""float"",""Scalar""]",both,"[""operator_shape_matched""]","[""operator_shape_matched""]",1,1,30,30,40.928,40.895,0.000319,0.000496,0.000178
aten::copy_,"[[800,128],[800,128],[]]","[""float"",""c10::BFloat16"",""Scalar""]",both,"[""operator_shape_matched""]","[""operator_shape_matched""]",1,1,60,60,195.493,197.668,0.001521,0.002398,0.000877
aten::copy_,"[[81424,128],[81424,128],[]]","[""c10::BFloat16"",""float"",""Scalar""]",both,"[""operator_shape_matched""]","[""operator_shape_matched""]",1,1,30,30,623.919,627.917,0.004856,0.007619,0.002763
aten::copy_,"[[81424,128],[81424,128],[]]","[""float"",""c10::BFloat16"",""Scalar""]",both,"[""operator_shape_matched""]","[""operator_shape_matched""]",1,1,60,60,2053.485,2055.018,0.015981,0.024934,0.008952
aten::copy_,"[[8192,1,192],[8192,1,192],[]]","[""c10::BFloat16"",""c10::BFloat16"",""Scalar""]",both,"[""operator_shape_matched""]","[""operator_shape_matched""]",1,1,310,310,2077.664,2072.916,0.01617,0.025151,0.008981
aten::copy_,"[[8192,1,256],[8192,1,256],[]]","[""c10::BFloat16"",""float"",""Scalar""]",both,"[""operator_shape_matched""]","[""operator_shape_matched""]",1,1,310,310,817.778,817.264,0.006364,0.009916,0.003551
aten::copy_,"[[8192,1,256],[8192,1,256],[]]","[""float"",""c10::BFloat16"",""Scalar""]",both,"[""operator_shape_matched""]","[""operator_shape_matched""]",1,1,310,310,3014.799,3009.723,0.023463,0.036517,0.013054
aten::copy_,"[[8192,10],[8192,10],[]]","[""c10::BFloat16"",""c10::BFloat16"",""Scalar""]",both,"[""operator_shape_matched""]","[""operator_shape_matched""]",1,1,620,620,1487.48,1488.065,0.011576,0.018055,0.006478
aten::copy_,"[[8192,11],[8192,11],[]]","[""c10::BFloat16"",""c10::BFloat16"",""Scalar""]",both,"[""operator_shape_matched""]","[""operator_shape_matched""]",1,1,620,620,1484.973,1485.599,0.011557,0.018025,0.006468
aten::copy_,"[[8192,16,128],[8192,16,128],[]]","[""c10::BFloat16"",""c10::BFloat16"",""Scalar""]",both,"[""operator_shape_matched""]","[""operator_shape_matched""]",1,1,930,930,41717.18,41690.258,0.324667,0.50583,0.181163
aten::copy_,"[[8192,16],[8192,16],[]]","[""c10::BFloat16"",""c10::BFloat16"",""Scalar""]",both,"[""operator_shape_matched""]","[""operator_shape_matched""]",1,1,1860,1860,4797.347,4799.103,0.037336,0.058228,0.020892
aten::copy_,"[[8192,2048],[8192,2048],[]]","[""c10::BFloat16"",""float"",""Scalar""]",both,"[""operator_shape_matched""]","[""operator_shape_matched""]",1,1,4991,4991,174488.404,174446.428,1.357969,2.116566,0.758597
aten::copy_,"[[8192,2048],[8192,2048],[]]","[""float"",""c10::BFloat16"",""Scalar""]",both,"[""operator_shape_matched""]","[""operator_shape_matched""]",1,1,4991,4991,270138.779,269958.853,2.102376,3.275423,1.173047
aten::copy_,"[[8192,32],[8192,32],[]]","[""c10::BFloat16"",""c10::BFloat16"",""Scalar""]",both,"[""operator_shape_matched""]","[""operator_shape_matched""]",1,1,620,620,1659.226,1660.442,0.012913,0.020146,0.007233
aten::copy_,"[[8192,8,192],[8192,8,192],[]]","[""c10::BFloat16"",""c10::BFloat16"",""Scalar""]",both,"[""operator_shape_matched""]","[""operator_shape_matched""]",1,1,310,310,10547.292,10536.881,0.082085,0.127844,0.045759
aten::copy_,"[[8192,8,256],[8192,8,256],[]]","[""c10::BFloat16"",""c10::BFloat16"",""Scalar""]",both,"[""operator_shape_matched""]","[""operator_shape_matched""]",1,1,620,620,28653.323,28643.366,0.222997,0.347531,0.124535
aten::copy_,"[[8192,8,256],[8192,8,256],[]]","[""c10::BFloat16"",""float"",""Scalar""]",both,"[""operator_shape_matched""]","[""operator_shape_matched""]",1,1,310,310,10998.128,11011.908,0.085594,0.133608,0.048014
aten::copy_,"[[8192,8,256],[8192,8,256],[]]","[""float"",""c10::BFloat16"",""Scalar""]",both,"[""operator_shape_matched""]","[""operator_shape_matched""]",1,1,310,310,16542.548,16536.788,0.128744,0.200642,0.071898
aten::copy_,"[[8192],[8192],[]]","[""long int"",""int"",""Scalar""]",both,"[""operator_shape_matched""]","[""operator_shape_matched""]",1,1,31,31,84.932,85.025,0.000661,0.001032,0.000371
aten::copy_,"[[832,128],[832,128],[]]","[""c10::BFloat16"",""float"",""Scalar""]",both,"[""operator_shape_matched""]","[""operator_shape_matched""]",1,1,30,30,41.442,41.311,0.000323,0.000501,0.000179
aten::copy_,"[[832,128],[832,128],[]]","[""float"",""c10::BFloat16"",""Scalar""]",both,"[""operator_shape_matched""]","[""operator_shape_matched""]",1,1,60,60,196.898,196.735,0.001532,0.002387,0.000855
aten::copy_,"[[864,128],[864,128],[]]","[""c10::BFloat16"",""float"",""Scalar""]",both,"[""operator_shape_matched""]","[""operator_shape_matched""]",1,1,30,30,41.282,41.375,0.000321,0.000502,0.000181
aten::copy_,"[[864,128],[864,128],[]]","[""float"",""c10::BFloat16"",""Scalar""]",both,"[""operator_shape_matched""]","[""operator_shape_matched""]",1,1,60,60,198.915,199.487,0.001548,0.00242,0.000872
aten::copy_,"[[896,128],[896,128],[]]","[""c10::BFloat16"",""float"",""Scalar""]",both,"[""operator_shape_matched""]","[""operator_shape_matched""]",1,1,30,30,41.058,41.219,0.00032,0.0005,0.000181
aten::copy_,"[[896,128],[896,128],[]]","[""float"",""c10::BFloat16"",""Scalar""]",both,"[""operator_shape_matched""]","[""operator_shape_matched""]",1,1,60,60,198.213,199.145,0.001543,0.002416,0.000874
aten::copy_,"[[8],[8],[]]","[""int"",""long int"",""Scalar""]",both,"[""operator_shape_matched""]","[""operator_shape_matched""]",1,1,1,1,1.312,1.344,1e-05,1.6e-05,6e-06
aten::copy_,"[[8],[8],[]]","[""long int"",""int"",""Scalar""]",both,"[""operator_shape_matched""]","[""operator_shape_matched""]",1,1,2,2,3.04,3.2,2.4e-05,3.9e-05,1.5e-05
aten::copy_,"[[9,2,124160],[9,2,124160],[]]","[""c10::BFloat16"",""c10::BFloat16"",""Scalar""]",both,"[""operator_shape_matched""]","[""operator_shape_matched""]",1,1,1,1,6.624,6.688,5.2e-05,8.1e-05,3e-05
aten::copy_,"[[9,248320],[9,248320],[]]","[""float"",""c10::BFloat16"",""Scalar""]",both,"[""operator_shape_matched""]","[""operator_shape_matched""]",1,1,1,1,7.264,7.296,5.7e-05,8.9e-05,3.2e-05
aten::copy_,"[[928,128],[928,128],[]]","[""c10::BFloat16"",""float"",""Scalar""]",both,"[""operator_shape_matched""]","[""operator_shape_matched""]",1,1,30,30,41.023,41.378,0.000319,0.000502,0.000183
aten::copy_,"[[928,128],[928,128],[]]","[""float"",""c10::BFloat16"",""Scalar""]",both,"[""operator_shape_matched""]","[""operator_shape_matched""]",1,1,60,60,200.484,196.641,0.00156,0.002386,0.000826
aten::copy_,"[[96,128],[96,128],[]]","[""c10::BFloat16"",""float"",""Scalar""]",both,"[""operator_shape_matched""]","[""operator_shape_matched""]",1,1,30,30,37.442,37.443,0.000291,0.000454,0.000163
aten::copy_,"[[96,128],[96,128],[]]","[""float"",""c10::BFloat16"",""Scalar""]",both,"[""operator_shape_matched""]","[""operator_shape_matched""]",1,1,60,60,160.772,160.772,0.001251,0.001951,0.000699
aten::copy_,"[[960,128],[960,128],[]]","[""c10::BFloat16"",""float"",""Scalar""]",both,"[""operator_shape_matched""]","[""operator_shape_matched""]",1,1,30,30,41.221,41.315,0.000321,0.000501,0.00018
aten::copy_,"[[960,128],[960,128],[]]","[""float"",""c10::BFloat16"",""Scalar""]",both,"[""operator_shape_matched""]","[""operator_shape_matched""]",1,1,60,60,198.888,198.276,0.001548,0.002406,0.000858
aten::copy_,"[[992,128],[992,128],[]]","[""c10::BFloat16"",""float"",""Scalar""]",both,"[""operator_shape_matched""]","[""operator_shape_matched""]",1,1,30,30,41.441,41.506,0.000323,0.000504,0.000181
aten::copy_,"[[992,128],[992,128],[]]","[""float"",""c10::BFloat16"",""Scalar""]",both,"[""operator_shape_matched""]","[""operator_shape_matched""]",1,1,60,60,196.993,197.638,0.001533,0.002398,0.000865
aten::copy_,"[[9],[9],[]]","[""int"",""long int"",""Scalar""]",both,"[""operator_shape_matched""]","[""operator_shape_matched""]",1,1,1,1,1.375,1.345,1.1e-05,1.6e-05,6e-06
aten::copy_,"[[9],[9],[]]","[""long int"",""int"",""Scalar""]",both,"[""operator_shape_matched""]","[""operator_shape_matched""]",1,1,1,1,2.016,1.632,1.6e-05,2e-05,4e-06
aten::embedding,"[[124160,2048],[10],[],[],[]]","[""c10::BFloat16"",""long int"",""Scalar"",""Scalar"",""Scalar""]",both,"[""operator_shape_matched""]","[""operator_shape_matched""]",1,1,1,1,1.695,1.633,1.3e-05,2e-05,7e-06
aten::embedding,"[[124160,2048],[12],[],[],[]]","[""c10::BFloat16"",""long int"",""Scalar"",""Scalar"",""Scalar""]",both,"[""operator_shape_matched""]","[""operator_shape_matched""]",1,1,1,1,2.048,1.728,1.6e-05,2.1e-05,5e-06
aten::embedding,"[[124160,2048],[14],[],[],[]]","[""c10::BFloat16"",""long int"",""Scalar"",""Scalar"",""Scalar""]",both,"[""operator_shape_matched""]","[""operator_shape_matched""]",1,1,1,1,1.696,1.632,1.3e-05,2e-05,7e-06
aten::embedding,"[[124160,2048],[16],[],[],[]]","[""c10::BFloat16"",""long int"",""Scalar"",""Scalar"",""Scalar""]",both,"[""operator_shape_matched""]","[""operator_shape_matched""]",1,1,1,1,1.76,1.632,1.4e-05,2e-05,6e-06
aten::embedding,"[[124160,2048],[18],[],[],[]]","[""c10::BFloat16"",""long int"",""Scalar"",""Scalar"",""Scalar""]",both,"[""operator_shape_matched""]","[""operator_shape_matched""]",1,1,1,1,1.728,1.696,1.3e-05,2.1e-05,7e-06
aten::embedding,"[[124160,2048],[1],[],[],[]]","[""c10::BFloat16"",""long int"",""Scalar"",""Scalar"",""Scalar""]",both,"[""operator_shape_matched""]","[""operator_shape_matched""]",1,1,1,1,1.408,1.6,1.1e-05,1.9e-05,8e-06
aten::embedding,"[[124160,2048],[20],[],[],[]]","[""c10::BFloat16"",""long int"",""Scalar"",""Scalar"",""Scalar""]",both,"[""operator_shape_matched""]","[""operator_shape_matched""]",1,1,1,1,1.76,1.792,1.4e-05,2.2e-05,8e-06
aten::embedding,"[[124160,2048],[22],[],[],[]]","[""c10::BFloat16"",""long int"",""Scalar"",""Scalar"",""Scalar""]",both,"[""operator_shape_matched""]","[""operator_shape_matched""]",1,1,1,1,1.696,1.728,1.3e-05,2.1e-05,8e-06
aten::embedding,"[[124160,2048],[24],[],[],[]]","[""c10::BFloat16"",""long int"",""Scalar"",""Scalar"",""Scalar""]",both,"[""operator_shape_matched""]","[""operator_shape_matched""]",1,1,1,1,1.888,1.76,1.5e-05,2.1e-05,7e-06
aten::embedding,"[[124160,2048],[26],[],[],[]]","[""c10::BFloat16"",""long int"",""Scalar"",""Scalar"",""Scalar""]",both,"[""operator_shape_matched""]","[""operator_shape_matched""]",1,1,1,1,1.855,1.728,1.4e-05,2.1e-05,7e-06
aten::embedding,"[[124160,2048],[28],[],[],[]]","[""c10::BFloat16"",""long int"",""Scalar"",""Scalar"",""Scalar""]",both,"[""operator_shape_matched""]","[""operator_shape_matched""]",1,1,1,1,1.952,1.888,1.5e-05,2.3e-05,8e-06
aten::embedding,"[[124160,2048],[2],[],[],[]]","[""c10::BFloat16"",""long int"",""Scalar"",""Scalar"",""Scalar""]",both,"[""operator_shape_matched""]","[""operator_shape_matched""]",1,1,1,1,1.376,1.44,1.1e-05,1.7e-05,7e-06
aten::embedding,"[[124160,2048],[30],[],[],[]]","[""c10::BFloat16"",""long int"",""Scalar"",""Scalar"",""Scalar""]",both,"[""operator_shape_matched""]","[""operator_shape_matched""]",1,1,1,1,1.696,1.729,1.3e-05,2.1e-05,8e-06
aten::embedding,"[[124160,2048],[32],[],[],[]]","[""c10::BFloat16"",""long int"",""Scalar"",""Scalar"",""Scalar""]",both,"[""operator_shape_matched""]","[""operator_shape_matched""]",1,1,1,1,1.793,1.696,1.4e-05,2.1e-05,7e-06
aten::embedding,"[[124160,2048],[34],[],[],[]]","[""c10::BFloat16"",""long int"",""Scalar"",""Scalar"",""Scalar""]",both,"[""operator_shape_matched""]","[""operator_shape_matched""]",1,1,1,1,1.696,1.824,1.3e-05,2.2e-05,9e-06
aten::embedding,"[[124160,2048],[36],[],[],[]]","[""c10::BFloat16"",""long int"",""Scalar"",""Scalar"",""Scalar""]",both,"[""operator_shape_matched""]","[""operator_shape_matched""]",1,1,1,1,1.696,1.951,1.3e-05,2.4e-05,1e-05
aten::embedding,"[[124160,2048],[38],[],[],[]]","[""c10::BFloat16"",""long int"",""Scalar"",""Scalar"",""Scalar""]",both,"[""operator_shape_matched""]","[""operator_shape_matched""]",1,1,1,1,1.824,2.24,1.4e-05,2.7e-05,1.3e-05
aten::embedding,"[[124160,2048],[4096],[],[],[]]","[""c10::BFloat16"",""long int"",""Scalar"",""Scalar"",""Scalar""]",both,"[""operator_shape_matched""]","[""operator_shape_matched""]",1,1,1,1,5.985,5.761,4.7e-05,7e-05,2.3e-05
aten::embedding,"[[124160,2048],[40],[],[],[]]","[""c10::BFloat16"",""long int"",""Scalar"",""Scalar"",""Scalar""]",both,"[""operator_shape_matched""]","[""operator_shape_matched""]",1,1,1,1,1.856,1.728,1.4e-05,2.1e-05,7e-06
aten::embedding,"[[124160,2048],[42],[],[],[]]","[""c10::BFloat16"",""long int"",""Scalar"",""Scalar"",""Scalar""]",both,"[""operator_shape_matched""]","[""operator_shape_matched""]",1,1,1,1,1.792,1.793,1.4e-05,2.2e-05,8e-06
aten::embedding,"[[124160,2048],[44],[],[],[]]","[""c10::BFloat16"",""long int"",""Scalar"",""Scalar"",""Scalar""]",both,"[""operator_shape_matched""]","[""operator_shape_matched""]",1,1,1,1,1.824,1.824,1.4e-05,2.2e-05,8e-06
aten::embedding,"[[124160,2048],[46],[],[],[]]","[""c10::BFloat16"",""long int"",""Scalar"",""Scalar"",""Scalar""]",both,"[""operator_shape_matched""]","[""operator_shape_matched""]",1,1,1,1,1.92,1.729,1.5e-05,2.1e-05,6e-06
aten::embedding,"[[124160,2048],[48],[],[],[]]","[""c10::BFloat16"",""long int"",""Scalar"",""Scalar"",""Scalar""]",both,"[""operator_shape_matched""]","[""operator_shape_matched""]",1,1,1,1,1.824,1.856,1.4e-05,2.3e-05,8e-06
aten::embedding,"[[124160,2048],[4],[],[],[]]","[""c10::BFloat16"",""long int"",""Scalar"",""Scalar"",""Scalar""]",both,"[""operator_shape_matched""]","[""operator_shape_matched""]",1,1,1,1,1.728,1.664,1.3e-05,2e-05,7e-06
aten::embedding,"[[124160,2048],[5089],[],[],[]]","[""c10::BFloat16"",""long int"",""Scalar"",""Scalar"",""Scalar""]",both,"[""operator_shape_matched""]","[""operator_shape_matched""]",1,1,1,1,7.136,7.008,5.6e-05,8.5e-05,2.9e-05
aten::embedding,"[[124160,2048],[50],[],[],[]]","[""c10::BFloat16"",""long int"",""Scalar"",""Scalar"",""Scalar""]",both,"[""operator_shape_matched""]","[""operator_shape_matched""]",1,1,1,1,1.728,1.697,1.3e-05,2.1e-05,7e-06
aten::embedding,"[[124160,2048],[52],[],[],[]]","[""c10::BFloat16"",""long int"",""Scalar"",""Scalar"",""Scalar""]",both,"[""operator_shape_matched""]","[""operator_shape_matched""]",1,1,1,1,1.792,1.855,1.4e-05,2.3e-05,9e-06
aten::embedding,"[[124160,2048],[54],[],[],[]]","[""c10::BFloat16"",""long int"",""Scalar"",""Scalar"",""Scalar""]",both,"[""operator_shape_matched""]","[""operator_shape_matched""]",1,1,1,1,1.824,1.76,1.4e-05,2.1e-05,7e-06
aten::embedding,"[[124160,2048],[56],[],[],[]]","[""c10::BFloat16"",""long int"",""Scalar"",""Scalar"",""Scalar""]",both,"[""operator_shape_matched""]","[""operator_shape_matched""]",1,1,1,1,1.984,1.792,1.5e-05,2.2e-05,6e-06
aten::embedding,"[[124160,2048],[58],[],[],[]]","[""c10::BFloat16"",""long int"",""Scalar"",""Scalar"",""Scalar""]",both,"[""operator_shape_matched""]","[""operator_shape_matched""]",1,1,1,1,1.728,1.856,1.3e-05,2.3e-05,9e-06
aten::embedding,"[[124160,2048],[60],[],[],[]]","[""c10::BFloat16"",""long int"",""Scalar"",""Scalar"",""Scalar""]",both,"[""operator_shape_matched""]","[""operator_shape_matched""]",1,1,1,1,1.727,1.824,1.3e-05,2.2e-05,9e-06
aten::embedding,"[[124160,2048],[62],[],[],[]]","[""c10::BFloat16"",""long int"",""Scalar"",""Scalar"",""Scalar""]",both,"[""operator_shape_matched""]","[""operator_shape_matched""]",1,1,1,1,1.855,1.728,1.4e-05,2.1e-05,7e-06
aten::embedding,"[[124160,2048],[63],[],[],[]]","[""c10::BFloat16"",""long int"",""Scalar"",""Scalar"",""Scalar""]",both,"[""operator_shape_matched""]","[""operator_shape_matched""]",1,1,2,2,3.552,3.552,2.8e-05,4.3e-05,1.5e-05
aten::embedding,"[[124160,2048],[64],[],[],[]]","[""c10::BFloat16"",""long int"",""Scalar"",""Scalar"",""Scalar""]",both,"[""operator_shape_matched""]","[""operator_shape_matched""]",1,1,478,222,848.182,389.444,0.006601,0.004725,-0.001876
aten::embedding,"[[124160,2048],[6],[],[],[]]","[""c10::BFloat16"",""long int"",""Scalar"",""Scalar"",""Scalar""]",both,"[""operator_shape_matched""]","[""operator_shape_matched""]",1,1,1,1,1.632,1.728,1.3e-05,2.1e-05,8e-06
aten::embedding,"[[124160,2048],[8192],[],[],[]]","[""c10::BFloat16"",""long int"",""Scalar"",""Scalar"",""Scalar""]",both,"[""operator_shape_matched""]","[""operator_shape_matched""]",1,1,31,31,329.829,327.942,0.002567,0.003979,0.001412
aten::embedding,"[[124160,2048],[8],[],[],[]]","[""c10::BFloat16"",""long int"",""Scalar"",""Scalar"",""Scalar""]",both,"[""operator_shape_matched""]","[""operator_shape_matched""]",1,1,1,1,1.663,1.76,1.3e-05,2.1e-05,8e-06
aten::exp,"[[4096,16]]","[""float""]",both,"[""operator_shape_matched""]","[""operator_shape_matched""]",1,1,30,30,40.222,40.417,0.000313,0.00049,0.000177
aten::exp,"[[5027,16]]","[""float""]",both,"[""operator_shape_matched""]","[""operator_shape_matched""]",1,1,30,30,53.791,54.082,0.000419,0.000656,0.000238
aten::exp,"[[8132,16]]","[""float""]",both,"[""operator_shape_matched""]","[""operator_shape_matched""]",1,1,30,30,52.129,52.033,0.000406,0.000631,0.000226
aten::exp,"[[8134,16]]","[""float""]",both,"[""operator_shape_matched""]","[""operator_shape_matched""]",1,1,30,30,52.676,52.801,0.00041,0.000641,0.000231
aten::exp,"[[8136,16]]","[""float""]",both,"[""operator_shape_matched""]","[""operator_shape_matched""]",1,1,30,30,52.671,51.781,0.00041,0.000628,0.000218
aten::exp,"[[8138,16]]","[""float""]",both,"[""operator_shape_matched""]","[""operator_shape_matched""]",1,1,30,30,51.456,52.546,0.0004,0.000638,0.000237
aten::exp,"[[8140,16]]","[""float""]",both,"[""operator_shape_matched""]","[""operator_shape_matched""]",1,1,30,30,51.551,51.971,0.000401,0.000631,0.000229
aten::exp,"[[8142,16]]","[""float""]",both,"[""operator_shape_matched""]","[""operator_shape_matched""]",1,1,30,30,51.842,51.526,0.000403,0.000625,0.000222
aten::exp,"[[8144,16]]","[""float""]",both,"[""operator_shape_matched""]","[""operator_shape_matched""]",1,1,30,30,52.29,52.227,0.000407,0.000634,0.000227
aten::exp,"[[8146,16]]","[""float""]",both,"[""operator_shape_matched""]","[""operator_shape_matched""]",1,1,30,30,51.811,51.645,0.000403,0.000627,0.000223
aten::exp,"[[8148,16]]","[""float""]",both,"[""operator_shape_matched""]","[""operator_shape_matched""]",1,1,30,30,51.59,51.298,0.000402,0.000622,0.000221
aten::exp,"[[8150,16]]","[""float""]",both,"[""operator_shape_matched""]","[""operator_shape_matched""]",1,1,30,30,51.714,51.714,0.000402,0.000627,0.000225
aten::exp,"[[8152,16]]","[""float""]",both,"[""operator_shape_matched""]","[""operator_shape_matched""]",1,1,30,30,51.394,51.649,0.0004,0.000627,0.000227
aten::exp,"[[8154,16]]","[""float""]",both,"[""operator_shape_matched""]","[""operator_shape_matched""]",1,1,30,30,51.045,51.583,0.000397,0.000626,0.000229
aten::exp,"[[8156,16]]","[""float""]",both,"[""operator_shape_matched""]","[""operator_shape_matched""]",1,1,30,30,51.647,51.684,0.000402,0.000627,0.000225
aten::exp,"[[8158,16]]","[""float""]",both,"[""operator_shape_matched""]","[""operator_shape_matched""]",1,1,30,30,51.392,51.586,0.0004,0.000626,0.000226
aten::exp,"[[8160,16]]","[""float""]",both,"[""operator_shape_matched""]","[""operator_shape_matched""]",1,1,30,30,51.234,50.751,0.000399,0.000616,0.000217
aten::exp,"[[8162,16]]","[""float""]",both,"[""operator_shape_matched""]","[""operator_shape_matched""]",1,1,30,30,51.233,50.881,0.000399,0.000617,0.000219
aten::exp,"[[8164,16]]","[""float""]",both,"[""operator_shape_matched""]","[""operator_shape_matched""]",1,1,30,30,50.367,49.793,0.000392,0.000604,0.000212
aten::exp,"[[8166,16]]","[""float""]",both,"[""operator_shape_matched""]","[""operator_shape_matched""]",1,1,30,30,49.823,50.402,0.000388,0.000612,0.000224
aten::exp,"[[8168,16]]","[""float""]",both,"[""operator_shape_matched""]","[""operator_shape_matched""]",1,1,30,30,49.567,50.017,0.000386,0.000607,0.000221
aten::exp,"[[8170,16]]","[""float""]",both,"[""operator_shape_matched""]","[""operator_shape_matched""]",1,1,30,30,49.566,50.178,0.000386,0.000609,0.000223
aten::exp,"[[8172,16]]","[""float""]",both,"[""operator_shape_matched""]","[""operator_shape_matched""]",1,1,30,30,48.452,48.706,0.000377,0.000591,0.000214
aten::exp,"[[8174,16]]","[""float""]",both,"[""operator_shape_matched""]","[""operator_shape_matched""]",1,1,30,30,47.491,47.11,0.00037,0.000572,0.000202
aten::exp,"[[8176,16]]","[""float""]",both,"[""operator_shape_matched""]","[""operator_shape_matched""]",1,1,30,30,46.911,46.886,0.000365,0.000569,0.000204
aten::exp,"[[8178,16]]","[""float""]",both,"[""operator_shape_matched""]","[""operator_shape_matched""]",1,1,30,30,45.184,46.245,0.000352,0.000561,0.000209
aten::exp,"[[8180,16]]","[""float""]",both,"[""operator_shape_matched""]","[""operator_shape_matched""]",1,1,30,30,44.705,44.258,0.000348,0.000537,0.000189
aten::exp,"[[8182,16]]","[""float""]",both,"[""operator_shape_matched""]","[""operator_shape_matched""]",1,1,30,30,44.095,43.492,0.000343,0.000528,0.000185
aten::exp,"[[8184,16]]","[""float""]",both,"[""operator_shape_matched""]","[""operator_shape_matched""]",1,1,30,30,43.678,42.527,0.00034,0.000516,0.000176
aten::exp,"[[8186,16]]","[""float""]",both,"[""operator_shape_matched""]","[""operator_shape_matched""]",1,1,30,30,42.372,42.435,0.00033,0.000515,0.000185
aten::exp,"[[8188,16]]","[""float""]",both,"[""operator_shape_matched""]","[""operator_shape_matched""]",1,1,30,30,41.667,41.985,0.000324,0.000509,0.000185
aten::exp,"[[8189,16]]","[""float""]",both,"[""operator_shape_matched""]","[""operator_shape_matched""]",1,1,30,30,42.717,42.531,0.000332,0.000516,0.000184
aten::exp,"[[8191,16]]","[""float""]",both,"[""operator_shape_matched""]","[""operator_shape_matched""]",1,1,30,30,42.37,42.077,0.00033,0.000511,0.000181
aten::fill_,"[[10],[]]","[""int"",""Scalar""]",both,"[""operator_shape_matched""]","[""operator_shape_matched""]",1,1,1,1,0.928,0.96,7e-06,1.2e-05,4e-06
aten::fill_,"[[11],[]]","[""int"",""Scalar""]",both,"[""operator_shape_matched""]","[""operator_shape_matched""]",1,1,1,1,1.023,0.928,8e-06,1.1e-05,3e-06
aten::fill_,"[[12],[]]","[""int"",""Scalar""]",both,"[""operator_shape_matched""]","[""operator_shape_matched""]",1,1,1,1,1.056,0.96,8e-06,1.2e-05,3e-06
aten::fill_,"[[13],[]]","[""int"",""Scalar""]",both,"[""operator_shape_matched""]","[""operator_shape_matched""]",1,1,1,1,0.96,0.96,7e-06,1.2e-05,4e-06
aten::fill_,"[[14],[]]","[""int"",""Scalar""]",both,"[""operator_shape_matched""]","[""operator_shape_matched""]",1,1,1,1,0.96,0.927,7e-06,1.1e-05,4e-06
aten::fill_,"[[15],[]]","[""int"",""Scalar""]",both,"[""operator_shape_matched""]","[""operator_shape_matched""]",1,1,1,1,1.056,1.088,8e-06,1.3e-05,5e-06
aten::fill_,"[[16],[]]","[""int"",""Scalar""]",both,"[""operator_shape_matched""]","[""operator_shape_matched""]",1,1,1,1,0.928,0.928,7e-06,1.1e-05,4e-06
aten::fill_,"[[17],[]]","[""int"",""Scalar""]",both,"[""operator_shape_matched""]","[""operator_shape_matched""]",1,1,1,1,1.152,0.96,9e-06,1.2e-05,3e-06
aten::fill_,"[[18],[]]","[""int"",""Scalar""]",both,"[""operator_shape_matched""]","[""operator_shape_matched""]",1,1,1,1,0.928,0.927,7e-06,1.1e-05,4e-06
aten::fill_,"[[19],[]]","[""int"",""Scalar""]",both,"[""operator_shape_matched""]","[""operator_shape_matched""]",1,1,1,1,0.96,0.96,7e-06,1.2e-05,4e-06
aten::fill_,"[[1],[]]","[""int"",""Scalar""]",both,"[""operator_shape_matched""]","[""operator_shape_matched""]",1,1,203,203,195.749,192.036,0.001523,0.00233,0.000807
aten::fill_,"[[20],[]]","[""int"",""Scalar""]",both,"[""operator_shape_matched""]","[""operator_shape_matched""]",1,1,1,1,0.96,0.928,7e-06,1.1e-05,4e-06
aten::fill_,"[[21],[]]","[""int"",""Scalar""]",both,"[""operator_shape_matched""]","[""operator_shape_matched""]",1,1,1,1,0.929,0.96,7e-06,1.2e-05,4e-06
aten::fill_,"[[22],[]]","[""int"",""Scalar""]",both,"[""operator_shape_matched""]","[""operator_shape_matched""]",1,1,1,1,1.088,0.96,8e-06,1.2e-05,3e-06
aten::fill_,"[[23],[]]","[""int"",""Scalar""]",both,"[""operator_shape_matched""]","[""operator_shape_matched""]",1,1,1,1,0.96,0.96,7e-06,1.2e-05,4e-06
aten::fill_,"[[24],[]]","[""int"",""Scalar""]",both,"[""operator_shape_matched""]","[""operator_shape_matched""]",1,1,1,1,0.928,0.96,7e-06,1.2e-05,4e-06
aten::fill_,"[[25],[]]","[""int"",""Scalar""]",both,"[""operator_shape_matched""]","[""operator_shape_matched""]",1,1,1,1,1.152,0.96,9e-06,1.2e-05,3e-06
aten::fill_,"[[26],[]]","[""int"",""Scalar""]",both,"[""operator_shape_matched""]","[""operator_shape_matched""]",1,1,1,1,0.96,0.928,7e-06,1.1e-05,4e-06
aten::fill_,"[[27],[]]","[""int"",""Scalar""]",both,"[""operator_shape_matched""]","[""operator_shape_matched""]",1,1,1,1,0.96,0.96,7e-06,1.2e-05,4e-06
aten::fill_,"[[28],[]]","[""int"",""Scalar""]",both,"[""operator_shape_matched""]","[""operator_shape_matched""]",1,1,1,1,0.927,0.96,7e-06,1.2e-05,4e-06
aten::fill_,"[[29],[]]","[""int"",""Scalar""]",both,"[""operator_shape_matched""]","[""operator_shape_matched""]",1,1,1,1,0.96,0.928,7e-06,1.1e-05,4e-06
aten::fill_,"[[2],[]]","[""int"",""Scalar""]",both,"[""operator_shape_matched""]","[""operator_shape_matched""]",1,1,1,1,0.928,0.928,7e-06,1.1e-05,4e-06
aten::fill_,"[[30],[]]","[""int"",""Scalar""]",both,"[""operator_shape_matched""]","[""operator_shape_matched""]",1,1,1,1,1.088,0.928,8e-06,1.1e-05,3e-06
aten::fill_,"[[31],[]]","[""int"",""Scalar""]",both,"[""operator_shape_matched""]","[""operator_shape_matched""]",1,1,1,1,1.12,0.96,9e-06,1.2e-05,3e-06
aten::fill_,"[[32],[]]","[""int"",""Scalar""]",both,"[""operator_shape_matched""]","[""operator_shape_matched""]",1,1,1,1,0.928,1.023,7e-06,1.2e-05,5e-06
aten::fill_,"[[33],[]]","[""int"",""Scalar""]",both,"[""operator_shape_matched""]","[""operator_shape_matched""]",1,1,1,1,0.96,0.96,7e-06,1.2e-05,4e-06
aten::fill_,"[[34],[]]","[""int"",""Scalar""]",both,"[""operator_shape_matched""]","[""operator_shape_matched""]",1,1,1,1,0.96,0.96,7e-06,1.2e-05,4e-06
aten::fill_,"[[35],[]]","[""int"",""Scalar""]",both,"[""operator_shape_matched""]","[""operator_shape_matched""]",1,1,1,1,0.928,0.928,7e-06,1.1e-05,4e-06
aten::fill_,"[[36],[]]","[""int"",""Scalar""]",both,"[""operator_shape_matched""]","[""operator_shape_matched""]",1,1,1,1,0.928,0.928,7e-06,1.1e-05,4e-06
aten::fill_,"[[37],[]]","[""int"",""Scalar""]",both,"[""operator_shape_matched""]","[""operator_shape_matched""]",1,1,1,1,0.928,0.96,7e-06,1.2e-05,4e-06
aten::fill_,"[[38],[]]","[""int"",""Scalar""]",both,"[""operator_shape_matched""]","[""operator_shape_matched""]",1,1,1,1,1.024,0.928,8e-06,1.1e-05,3e-06
aten::fill_,"[[39],[]]","[""int"",""Scalar""]",both,"[""operator_shape_matched""]","[""operator_shape_matched""]",1,1,1,1,0.928,0.96,7e-06,1.2e-05,4e-06
aten::fill_,"[[3],[]]","[""int"",""Scalar""]",both,"[""operator_shape_matched""]","[""operator_shape_matched""]",1,1,1,1,1.12,0.961,9e-06,1.2e-05,3e-06
aten::fill_,"[[40],[]]","[""int"",""Scalar""]",both,"[""operator_shape_matched""]","[""operator_shape_matched""]",1,1,1,1,1.152,0.96,9e-06,1.2e-05,3e-06
aten::fill_,"[[41],[]]","[""int"",""Scalar""]",both,"[""operator_shape_matched""]","[""operator_shape_matched""]",1,1,1,1,1.024,0.96,8e-06,1.2e-05,4e-06
aten::fill_,"[[42],[]]","[""int"",""Scalar""]",both,"[""operator_shape_matched""]","[""operator_shape_matched""]",1,1,1,1,0.928,1.12,7e-06,1.4e-05,6e-06
aten::fill_,"[[43],[]]","[""int"",""Scalar""]",both,"[""operator_shape_matched""]","[""operator_shape_matched""]",1,1,1,1,0.96,0.928,7e-06,1.1e-05,4e-06
aten::fill_,"[[44],[]]","[""int"",""Scalar""]",both,"[""operator_shape_matched""]","[""operator_shape_matched""]",1,1,1,1,0.928,0.96,7e-06,1.2e-05,4e-06
aten::fill_,"[[45],[]]","[""int"",""Scalar""]",both,"[""operator_shape_matched""]","[""operator_shape_matched""]",1,1,1,1,0.928,0.928,7e-06,1.1e-05,4e-06
aten::fill_,"[[46],[]]","[""int"",""Scalar""]",both,"[""operator_shape_matched""]","[""operator_shape_matched""]",1,1,1,1,0.928,0.928,7e-06,1.1e-05,4e-06
aten::fill_,"[[47],[]]","[""int"",""Scalar""]",both,"[""operator_shape_matched""]","[""operator_shape_matched""]",1,1,1,1,0.992,0.928,8e-06,1.1e-05,4e-06
aten::fill_,"[[48],[]]","[""int"",""Scalar""]",both,"[""operator_shape_matched""]","[""operator_shape_matched""]",1,1,1,1,0.928,0.928,7e-06,1.1e-05,4e-06
aten::fill_,"[[49],[]]","[""int"",""Scalar""]",both,"[""operator_shape_matched""]","[""operator_shape_matched""]",1,1,1,1,0.928,0.96,7e-06,1.2e-05,4e-06
aten::fill_,"[[4],[]]","[""int"",""Scalar""]",both,"[""operator_shape_matched""]","[""operator_shape_matched""]",1,1,1,1,0.927,0.928,7e-06,1.1e-05,4e-06
aten::fill_,"[[50],[]]","[""int"",""Scalar""]",both,"[""operator_shape_matched""]","[""operator_shape_matched""]",1,1,1,1,1.088,0.96,8e-06,1.2e-05,3e-06
aten::fill_,"[[51],[]]","[""int"",""Scalar""]",both,"[""operator_shape_matched""]","[""operator_shape_matched""]",1,1,1,1,0.96,0.96,7e-06,1.2e-05,4e-06
aten::fill_,"[[52],[]]","[""int"",""Scalar""]",both,"[""operator_shape_matched""]","[""operator_shape_matched""]",1,1,1,1,0.96,0.96,7e-06,1.2e-05,4e-06
aten::fill_,"[[53],[]]","[""int"",""Scalar""]",both,"[""operator_shape_matched""]","[""operator_shape_matched""]",1,1,1,1,0.96,0.96,7e-06,1.2e-05,4e-06
aten::fill_,"[[54],[]]","[""int"",""Scalar""]",both,"[""operator_shape_matched""]","[""operator_shape_matched""]",1,1,1,1,1.087,0.96,8e-06,1.2e-05,3e-06
aten::fill_,"[[55],[]]","[""int"",""Scalar""]",both,"[""operator_shape_matched""]","[""operator_shape_matched""]",1,1,1,1,0.928,0.928,7e-06,1.1e-05,4e-06
aten::fill_,"[[56],[]]","[""int"",""Scalar""]",both,"[""operator_shape_matched""]","[""operator_shape_matched""]",1,1,1,1,0.96,0.96,7e-06,1.2e-05,4e-06
aten::fill_,"[[57],[]]","[""int"",""Scalar""]",both,"[""operator_shape_matched""]","[""operator_shape_matched""]",1,1,1,1,0.928,0.927,7e-06,1.1e-05,4e-06
aten::fill_,"[[58],[]]","[""int"",""Scalar""]",both,"[""operator_shape_matched""]","[""operator_shape_matched""]",1,1,1,1,0.929,0.928,7e-06,1.1e-05,4e-06
aten::fill_,"[[59],[]]","[""int"",""Scalar""]",both,"[""operator_shape_matched""]","[""operator_shape_matched""]",1,1,1,1,0.928,0.96,7e-06,1.2e-05,4e-06
aten::fill_,"[[5],[]]","[""int"",""Scalar""]",both,"[""operator_shape_matched""]","[""operator_shape_matched""]",1,1,1,1,0.96,1.056,7e-06,1.3e-05,5e-06
aten::fill_,"[[60],[]]","[""int"",""Scalar""]",both,"[""operator_shape_matched""]","[""operator_shape_matched""]",1,1,1,1,0.96,0.96,7e-06,1.2e-05,4e-06
aten::fill_,"[[61],[]]","[""int"",""Scalar""]",both,"[""operator_shape_matched""]","[""operator_shape_matched""]",1,1,1,1,0.928,0.96,7e-06,1.2e-05,4e-06
aten::fill_,"[[62],[]]","[""int"",""Scalar""]",both,"[""operator_shape_matched""]","[""operator_shape_matched""]",1,1,1,1,0.928,1.024,7e-06,1.2e-05,5e-06
aten::fill_,"[[63],[]]","[""int"",""Scalar""]",both,"[""operator_shape_matched""]","[""operator_shape_matched""]",1,1,2,2,1.888,1.856,1.5e-05,2.3e-05,8e-06
aten::fill_,"[[64],[]]","[""int"",""Scalar""]",both,"[""operator_shape_matched""]","[""operator_shape_matched""]",1,1,545,289,495.563,261.471,0.003857,0.003172,-0.000684
aten::fill_,"[[6],[]]","[""int"",""Scalar""]",both,"[""operator_shape_matched""]","[""operator_shape_matched""]",1,1,1,1,0.928,0.96,7e-06,1.2e-05,4e-06
aten::fill_,"[[7],[]]","[""int"",""Scalar""]",both,"[""operator_shape_matched""]","[""operator_shape_matched""]",1,1,1,1,0.928,0.96,7e-06,1.2e-05,4e-06
aten::fill_,"[[8],[]]","[""int"",""Scalar""]",both,"[""operator_shape_matched""]","[""operator_shape_matched""]",1,1,1,1,0.928,0.928,7e-06,1.1e-05,4e-06
aten::fill_,"[[9],[]]","[""int"",""Scalar""]",both,"[""operator_shape_matched""]","[""operator_shape_matched""]",1,1,1,1,0.96,0.96,7e-06,1.2e-05,4e-06
aten::full,"[[],[],[],[],[],[]]","[""ScalarList"",""Scalar"",""Scalar"","""","""",""Scalar""]",both,"[""operator_shape_matched""]","[""operator_shape_matched""]",1,1,198,198,191.328,191.686,0.001489,0.002326,0.000837
aten::gt,"[[11],[]]","[""int"",""Scalar""]",both,"[""operator_shape_matched""]","[""operator_shape_matched""]",1,1,3,3,3.618,3.616,2.8e-05,4.4e-05,1.6e-05
aten::gt,"[[13],[]]","[""int"",""Scalar""]",both,"[""operator_shape_matched""]","[""operator_shape_matched""]",1,1,3,3,3.904,3.745,3e-05,4.5e-05,1.5e-05
aten::gt,"[[15],[]]","[""int"",""Scalar""]",both,"[""operator_shape_matched""]","[""operator_shape_matched""]",1,1,3,3,3.776,3.68,2.9e-05,4.5e-05,1.5e-05
aten::gt,"[[17],[]]","[""int"",""Scalar""]",both,"[""operator_shape_matched""]","[""operator_shape_matched""]",1,1,3,3,3.681,3.68,2.9e-05,4.5e-05,1.6e-05
aten::gt,"[[19],[]]","[""int"",""Scalar""]",both,"[""operator_shape_matched""]","[""operator_shape_matched""]",1,1,3,3,3.712,3.68,2.9e-05,4.5e-05,1.6e-05
aten::gt,"[[1],[]]","[""int"",""Scalar""]",both,"[""operator_shape_matched""]","[""operator_shape_matched""]",1,1,3,3,3.519,3.488,2.7e-05,4.2e-05,1.5e-05
aten::gt,"[[21],[]]","[""int"",""Scalar""]",both,"[""operator_shape_matched""]","[""operator_shape_matched""]",1,1,3,3,3.616,3.776,2.8e-05,4.6e-05,1.8e-05
aten::gt,"[[23],[]]","[""int"",""Scalar""]",both,"[""operator_shape_matched""]","[""operator_shape_matched""]",1,1,3,3,3.648,3.711,2.8e-05,4.5e-05,1.7e-05
aten::gt,"[[25],[]]","[""int"",""Scalar""]",both,"[""operator_shape_matched""]","[""operator_shape_matched""]",1,1,3,3,3.68,3.648,2.9e-05,4.4e-05,1.6e-05
aten::gt,"[[27],[]]","[""int"",""Scalar""]",both,"[""operator_shape_matched""]","[""operator_shape_matched""]",1,1,3,3,3.617,3.745,2.8e-05,4.5e-05,1.7e-05
aten::gt,"[[29],[]]","[""int"",""Scalar""]",both,"[""operator_shape_matched""]","[""operator_shape_matched""]",1,1,3,3,3.648,3.583,2.8e-05,4.3e-05,1.5e-05
aten::gt,"[[31],[]]","[""int"",""Scalar""]",both,"[""operator_shape_matched""]","[""operator_shape_matched""]",1,1,3,3,3.617,3.679,2.8e-05,4.5e-05,1.6e-05
aten::gt,"[[33],[]]","[""int"",""Scalar""]",both,"[""operator_shape_matched""]","[""operator_shape_matched""]",1,1,3,3,3.808,3.553,3e-05,4.3e-05,1.3e-05
aten::gt,"[[35],[]]","[""int"",""Scalar""]",both,"[""operator_shape_matched""]","[""operator_shape_matched""]",1,1,3,3,3.616,3.68,2.8e-05,4.5e-05,1.7e-05
aten::gt,"[[37],[]]","[""int"",""Scalar""]",both,"[""operator_shape_matched""]","[""operator_shape_matched""]",1,1,3,3,3.679,3.584,2.9e-05,4.3e-05,1.5e-05
aten::gt,"[[39],[]]","[""int"",""Scalar""]",both,"[""operator_shape_matched""]","[""operator_shape_matched""]",1,1,3,3,3.616,3.616,2.8e-05,4.4e-05,1.6e-05
aten::gt,"[[3],[]]","[""int"",""Scalar""]",both,"[""operator_shape_matched""]","[""operator_shape_matched""]",1,1,3,3,3.649,3.65,2.8e-05,4.4e-05,1.6e-05
aten::gt,"[[41],[]]","[""int"",""Scalar""]",both,"[""operator_shape_matched""]","[""operator_shape_matched""]",1,1,3,3,3.584,3.584,2.8e-05,4.3e-05,1.6e-05
aten::gt,"[[43],[]]","[""int"",""Scalar""]",both,"[""operator_shape_matched""]","[""operator_shape_matched""]",1,1,3,3,3.616,3.584,2.8e-05,4.3e-05,1.5e-05
aten::gt,"[[45],[]]","[""int"",""Scalar""]",both,"[""operator_shape_matched""]","[""operator_shape_matched""]",1,1,3,3,3.776,3.776,2.9e-05,4.6e-05,1.6e-05
aten::gt,"[[47],[]]","[""int"",""Scalar""]",both,"[""operator_shape_matched""]","[""operator_shape_matched""]",1,1,3,3,3.584,3.713,2.8e-05,4.5e-05,1.7e-05
aten::gt,"[[49],[]]","[""int"",""Scalar""]",both,"[""operator_shape_matched""]","[""operator_shape_matched""]",1,1,3,3,3.617,3.712,2.8e-05,4.5e-05,1.7e-05
aten::gt,"[[51],[]]","[""int"",""Scalar""]",both,"[""operator_shape_matched""]","[""operator_shape_matched""]",1,1,3,3,3.646,3.648,2.8e-05,4.4e-05,1.6e-05
aten::gt,"[[53],[]]","[""int"",""Scalar""]",both,"[""operator_shape_matched""]","[""operator_shape_matched""]",1,1,3,3,3.648,3.647,2.8e-05,4.4e-05,1.6e-05
aten::gt,"[[55],[]]","[""int"",""Scalar""]",both,"[""operator_shape_matched""]","[""operator_shape_matched""]",1,1,3,3,3.648,3.71,2.8e-05,4.5e-05,1.7e-05
aten::gt,"[[57],[]]","[""int"",""Scalar""]",both,"[""operator_shape_matched""]","[""operator_shape_matched""]",1,1,3,3,3.68,3.809,2.9e-05,4.6e-05,1.8e-05
aten::gt,"[[59],[]]","[""int"",""Scalar""]",both,"[""operator_shape_matched""]","[""operator_shape_matched""]",1,1,3,3,3.616,3.873,2.8e-05,4.7e-05,1.9e-05
aten::gt,"[[5],[]]","[""int"",""Scalar""]",both,"[""operator_shape_matched""]","[""operator_shape_matched""]",1,1,3,3,3.809,3.616,3e-05,4.4e-05,1.4e-05
aten::gt,"[[61],[]]","[""int"",""Scalar""]",both,"[""operator_shape_matched""]","[""operator_shape_matched""]",1,1,3,3,3.616,3.776,2.8e-05,4.6e-05,1.8e-05
aten::gt,"[[63],[]]","[""int"",""Scalar""]",both,"[""operator_shape_matched""]","[""operator_shape_matched""]",1,1,3,3,3.649,3.744,2.8e-05,4.5e-05,1.7e-05
aten::gt,"[[64],[]]","[""int"",""Scalar""]",both,"[""operator_shape_matched""]","[""operator_shape_matched""]",1,1,3,3,3.04,3.072,2.4e-05,3.7e-05,1.4e-05
aten::gt,"[[7],[]]","[""int"",""Scalar""]",both,"[""operator_shape_matched""]","[""operator_shape_matched""]",1,1,3,3,3.553,3.617,2.8e-05,4.4e-05,1.6e-05
aten::gt,"[[9],[]]","[""int"",""Scalar""]",both,"[""operator_shape_matched""]","[""operator_shape_matched""]",1,1,3,3,3.84,3.616,3e-05,4.4e-05,1.4e-05
aten::index,"[[1,2048],[]]","[""c10::BFloat16"",""""]",both,"[""operator_shape_matched""]","[""operator_shape_matched""]",1,1,1,1,3.617,3.68,2.8e-05,4.5e-05,1.7e-05
aten::index,"[[10,2048],[]]","[""c10::BFloat16"",""""]",both,"[""operator_shape_matched""]","[""operator_shape_matched""]",1,1,1,1,1.536,1.536,1.2e-05,1.9e-05,7e-06
aten::index,"[[1048576,64],[]]","[""c10::BFloat16"",""""]",both,"[""operator_shape_matched""]","[""operator_shape_matched""]",1,1,5450,2890,25814.721,14495.209,0.200905,0.175871,-0.025034
aten::index,"[[12,2048],[]]","[""c10::BFloat16"",""""]",both,"[""operator_shape_matched""]","[""operator_shape_matched""]",1,1,1,1,1.6,1.568,1.2e-05,1.9e-05,7e-06
aten::index,"[[14,2048],[]]","[""c10::BFloat16"",""""]",both,"[""operator_shape_matched""]","[""operator_shape_matched""]",1,1,1,1,1.536,1.537,1.2e-05,1.9e-05,7e-06
aten::index,"[[16,2048],[]]","[""c10::BFloat16"",""""]",both,"[""operator_shape_matched""]","[""operator_shape_matched""]",1,1,1,1,1.568,1.536,1.2e-05,1.9e-05,6e-06
aten::index,"[[18,2048],[]]","[""c10::BFloat16"",""""]",both,"[""operator_shape_matched""]","[""operator_shape_matched""]",1,1,1,1,1.568,1.568,1.2e-05,1.9e-05,7e-06
aten::index,"[[2,2048],[]]","[""c10::BFloat16"",""""]",both,"[""operator_shape_matched""]","[""operator_shape_matched""]",1,1,1,1,1.471,1.568,1.1e-05,1.9e-05,8e-06
aten::index,"[[20,2048],[]]","[""c10::BFloat16"",""""]",both,"[""operator_shape_matched""]","[""operator_shape_matched""]",1,1,1,1,1.632,1.568,1.3e-05,1.9e-05,6e-06
aten::index,"[[22,2048],[]]","[""c10::BFloat16"",""""]",both,"[""operator_shape_matched""]","[""operator_shape_matched""]",1,1,1,1,1.536,1.536,1.2e-05,1.9e-05,7e-06
aten::index,"[[24,2048],[]]","[""c10::BFloat16"",""""]",both,"[""operator_shape_matched""]","[""operator_shape_matched""]",1,1,1,1,1.568,1.568,1.2e-05,1.9e-05,7e-06
aten::index,"[[26,2048],[]]","[""c10::BFloat16"",""""]",both,"[""operator_shape_matched""]","[""operator_shape_matched""]",1,1,1,1,1.536,1.536,1.2e-05,1.9e-05,7e-06
aten::index,"[[28,2048],[]]","[""c10::BFloat16"",""""]",both,"[""operator_shape_matched""]","[""operator_shape_matched""]",1,1,1,1,1.664,1.568,1.3e-05,1.9e-05,6e-06
aten::index,"[[30,2048],[]]","[""c10::BFloat16"",""""]",both,"[""operator_shape_matched""]","[""operator_shape_matched""]",1,1,1,1,1.568,1.568,1.2e-05,1.9e-05,7e-06
aten::index,"[[32,2048],[]]","[""c10::BFloat16"",""""]",both,"[""operator_shape_matched""]","[""operator_shape_matched""]",1,1,1,1,1.76,1.568,1.4e-05,1.9e-05,5e-06
aten::index,"[[34,2048],[]]","[""c10::BFloat16"",""""]",both,"[""operator_shape_matched""]","[""operator_shape_matched""]",1,1,1,1,1.6,1.632,1.2e-05,2e-05,7e-06
aten::index,"[[34],[]]","[""int"",""""]",both,"[""operator_shape_matched""]","[""operator_shape_matched""]",1,1,1,1,1.664,1.665,1.3e-05,2e-05,7e-06
aten::index,"[[36,2048],[]]","[""c10::BFloat16"",""""]",both,"[""operator_shape_matched""]","[""operator_shape_matched""]",1,1,1,1,1.632,1.632,1.3e-05,2e-05,7e-06
aten::index,"[[3664,16,128,128],[]]","[""float"",""""]",both,"[""operator_shape_matched""]","[""operator_shape_matched""]",2,2,990,990,4447.742,4451.417,0.034615,0.054009,0.019394
aten::index,"[[36],[]]","[""int"",""""]",both,"[""operator_shape_matched""]","[""operator_shape_matched""]",1,1,1,1,1.632,1.664,1.3e-05,2e-05,7e-06
aten::index,"[[38,2048],[]]","[""c10::BFloat16"",""""]",both,"[""operator_shape_matched""]","[""operator_shape_matched""]",1,1,1,1,1.536,1.728,1.2e-05,2.1e-05,9e-06
aten::index,"[[38],[]]","[""int"",""""]",both,"[""operator_shape_matched""]","[""operator_shape_matched""]",1,1,1,1,1.632,1.6,1.3e-05,1.9e-05,7e-06
aten::index,"[[4,2048],[]]","[""c10::BFloat16"",""""]",both,"[""operator_shape_matched""]","[""operator_shape_matched""]",1,1,1,1,1.632,1.472,1.3e-05,1.8e-05,5e-06
aten::index,"[[40,2048],[]]","[""c10::BFloat16"",""""]",both,"[""operator_shape_matched""]","[""operator_shape_matched""]",1,1,1,1,1.569,1.536,1.2e-05,1.9e-05,6e-06
aten::index,"[[4096,2048],[]]","[""c10::BFloat16"",""""]",both,"[""operator_shape_matched""]","[""operator_shape_matched""]",1,1,1,1,3.232,3.712,2.5e-05,4.5e-05,2e-05
aten::index,"[[40],[]]","[""int"",""""]",both,"[""operator_shape_matched""]","[""operator_shape_matched""]",1,1,1,1,1.664,1.633,1.3e-05,2e-05,7e-06
aten::index,"[[42,2048],[]]","[""c10::BFloat16"",""""]",both,"[""operator_shape_matched""]","[""operator_shape_matched""]",1,1,1,1,1.601,1.536,1.2e-05,1.9e-05,6e-06
aten::index,"[[42],[]]","[""int"",""""]",both,"[""operator_shape_matched""]","[""operator_shape_matched""]",1,1,1,1,1.632,1.6,1.3e-05,1.9e-05,7e-06
aten::index,"[[44,2048],[]]","[""c10::BFloat16"",""""]",both,"[""operator_shape_matched""]","[""operator_shape_matched""]",1,1,1,1,1.632,1.76,1.3e-05,2.1e-05,9e-06
aten::index,"[[44],[]]","[""int"",""""]",both,"[""operator_shape_matched""]","[""operator_shape_matched""]",1,1,1,1,1.664,1.631,1.3e-05,2e-05,7e-06
aten::index,"[[46,2048],[]]","[""c10::BFloat16"",""""]",both,"[""operator_shape_matched""]","[""operator_shape_matched""]",1,1,1,1,1.6,1.568,1.2e-05,1.9e-05,7e-06
aten::index,"[[46],[]]","[""int"",""""]",both,"[""operator_shape_matched""]","[""operator_shape_matched""]",1,1,1,1,1.632,1.632,1.3e-05,2e-05,7e-06
aten::index,"[[48,2048],[]]","[""c10::BFloat16"",""""]",both,"[""operator_shape_matched""]","[""operator_shape_matched""]",1,1,1,1,1.6,1.632,1.2e-05,2e-05,7e-06
aten::index,"[[48],[]]","[""int"",""""]",both,"[""operator_shape_matched""]","[""operator_shape_matched""]",1,1,1,1,1.632,1.664,1.3e-05,2e-05,7e-06
aten::index,"[[50,2048],[]]","[""c10::BFloat16"",""""]",both,"[""operator_shape_matched""]","[""operator_shape_matched""]",1,1,1,1,1.568,1.697,1.2e-05,2.1e-05,8e-06
aten::index,"[[5089,2048],[]]","[""c10::BFloat16"",""""]",both,"[""operator_shape_matched""]","[""operator_shape_matched""]",1,1,1,1,1.984,1.984,1.5e-05,2.4e-05,9e-06
aten::index,"[[50],[]]","[""int"",""""]",both,"[""operator_shape_matched""]","[""operator_shape_matched""]",1,1,1,1,1.569,1.568,1.2e-05,1.9e-05,7e-06
aten::index,"[[52,2048],[]]","[""c10::BFloat16"",""""]",both,"[""operator_shape_matched""]","[""operator_shape_matched""]",1,1,1,1,1.6,1.6,1.2e-05,1.9e-05,7e-06
aten::index,"[[52],[]]","[""int"",""""]",both,"[""operator_shape_matched""]","[""operator_shape_matched""]",1,1,1,1,1.664,1.696,1.3e-05,2.1e-05,8e-06
aten::index,"[[54,2048],[]]","[""c10::BFloat16"",""""]",both,"[""operator_shape_matched""]","[""operator_shape_matched""]",1,1,1,1,1.6,1.568,1.2e-05,1.9e-05,7e-06
aten::index,"[[54],[]]","[""int"",""""]",both,"[""operator_shape_matched""]","[""operator_shape_matched""]",1,1,1,1,1.632,1.632,1.3e-05,2e-05,7e-06
aten::index,"[[56,2048],[]]","[""c10::BFloat16"",""""]",both,"[""operator_shape_matched""]","[""operator_shape_matched""]",1,1,1,1,1.568,1.568,1.2e-05,1.9e-05,7e-06
aten::index,"[[56],[]]","[""int"",""""]",both,"[""operator_shape_matched""]","[""operator_shape_matched""]",1,1,1,1,1.664,1.664,1.3e-05,2e-05,7e-06
aten::index,"[[58,2048],[]]","[""c10::BFloat16"",""""]",both,"[""operator_shape_matched""]","[""operator_shape_matched""]",1,1,1,1,1.536,1.632,1.2e-05,2e-05,8e-06
aten::index,"[[58],[]]","[""int"",""""]",both,"[""operator_shape_matched""]","[""operator_shape_matched""]",1,1,1,1,1.664,1.632,1.3e-05,2e-05,7e-06
aten::index,"[[6,2048],[]]","[""c10::BFloat16"",""""]",both,"[""operator_shape_matched""]","[""operator_shape_matched""]",1,1,1,1,1.537,1.536,1.2e-05,1.9e-05,7e-06
aten::index,"[[60,2048],[]]","[""c10::BFloat16"",""""]",both,"[""operator_shape_matched""]","[""operator_shape_matched""]",1,1,1,1,1.632,1.632,1.3e-05,2e-05,7e-06
aten::index,"[[60],[]]","[""int"",""""]",both,"[""operator_shape_matched""]","[""operator_shape_matched""]",1,1,1,1,1.665,1.696,1.3e-05,2.1e-05,8e-06
aten::index,"[[62,2048],[]]","[""c10::BFloat16"",""""]",both,"[""operator_shape_matched""]","[""operator_shape_matched""]",1,1,1,1,1.633,1.568,1.3e-05,1.9e-05,6e-06
aten::index,"[[62],[]]","[""int"",""""]",both,"[""operator_shape_matched""]","[""operator_shape_matched""]",1,1,1,1,1.664,1.664,1.3e-05,2e-05,7e-06
aten::index,"[[63,2048],[]]","[""c10::BFloat16"",""""]",both,"[""operator_shape_matched""]","[""operator_shape_matched""]",1,1,2,2,3.168,3.36,2.5e-05,4.1e-05,1.6e-05
aten::index,"[[63],[]]","[""int"",""""]",both,"[""operator_shape_matched""]","[""operator_shape_matched""]",1,1,1,1,1.664,1.696,1.3e-05,2.1e-05,8e-06
aten::index,"[[64,2048],[]]","[""c10::BFloat16"",""""]",both,"[""operator_shape_matched""]","[""operator_shape_matched""]",1,1,478,222,768.779,357.479,0.005983,0.004337,-0.001646
aten::index,"[[64],[]]","[""int"",""""]",both,"[""operator_shape_matched""]","[""operator_shape_matched""]",1,1,546,290,1021.457,577.833,0.00795,0.007011,-0.000939
aten::index,"[[8,2048],[]]","[""c10::BFloat16"",""""]",both,"[""operator_shape_matched""]","[""operator_shape_matched""]",1,1,1,1,1.568,1.633,1.2e-05,2e-05,8e-06
aten::index,"[[8192,2048],[]]","[""c10::BFloat16"",""""]",both,"[""operator_shape_matched""]","[""operator_shape_matched""]",1,1,31,31,61.731,59.84,0.00048,0.000726,0.000246
aten::masked_fill_,"[[1,16,128,128],[1,1,1,1],[]]","[""float"",""bool"",""Scalar""]",both,"[""operator_shape_matched""]","[""operator_shape_matched""]",1,1,30,30,61.055,61.439,0.000475,0.000745,0.00027
aten::masked_fill_,"[[1,2048],[1,1],[]]","[""c10::BFloat16"",""bool"",""Scalar""]",both,"[""operator_shape_matched""]","[""operator_shape_matched""]",1,1,1,1,1.376,1.376,1.1e-05,1.7e-05,6e-06
aten::masked_fill_,"[[10,2048],[10,1],[]]","[""c10::BFloat16"",""bool"",""Scalar""]",both,"[""operator_shape_matched""]","[""operator_shape_matched""]",1,1,1,1,1.472,1.376,1.1e-05,1.7e-05,5e-06
aten::masked_fill_,"[[12,2048],[12,1],[]]","[""c10::BFloat16"",""bool"",""Scalar""]",both,"[""operator_shape_matched""]","[""operator_shape_matched""]",1,1,1,1,1.376,1.472,1.1e-05,1.8e-05,7e-06
aten::masked_fill_,"[[14,2048],[14,1],[]]","[""c10::BFloat16"",""bool"",""Scalar""]",both,"[""operator_shape_matched""]","[""operator_shape_matched""]",1,1,1,1,1.408,1.408,1.1e-05,1.7e-05,6e-06
aten::masked_fill_,"[[16,2048],[16,1],[]]","[""c10::BFloat16"",""bool"",""Scalar""]",both,"[""operator_shape_matched""]","[""operator_shape_matched""]",1,1,1,1,1.376,1.343,1.1e-05,1.6e-05,6e-06
aten::masked_fill_,"[[18,2048],[18,1],[]]","[""c10::BFloat16"",""bool"",""Scalar""]",both,"[""operator_shape_matched""]","[""operator_shape_matched""]",1,1,1,1,1.376,1.376,1.1e-05,1.7e-05,6e-06
aten::masked_fill_,"[[2,16,128,128],[2,1,1,1],[]]","[""float"",""bool"",""Scalar""]",both,"[""operator_shape_matched""]","[""operator_shape_matched""]",1,1,90,90,236.773,236.803,0.001843,0.002873,0.00103
aten::masked_fill_,"[[2,2048],[2,1],[]]","[""c10::BFloat16"",""bool"",""Scalar""]",both,"[""operator_shape_matched""]","[""operator_shape_matched""]",1,1,1,1,1.376,1.375,1.1e-05,1.7e-05,6e-06
aten::masked_fill_,"[[20,2048],[20,1],[]]","[""c10::BFloat16"",""bool"",""Scalar""]",both,"[""operator_shape_matched""]","[""operator_shape_matched""]",1,1,1,1,1.376,1.408,1.1e-05,1.7e-05,6e-06
aten::masked_fill_,"[[22,2048],[22,1],[]]","[""c10::BFloat16"",""bool"",""Scalar""]",both,"[""operator_shape_matched""]","[""operator_shape_matched""]",1,1,1,1,1.376,1.44,1.1e-05,1.7e-05,7e-06
aten::masked_fill_,"[[24,2048],[24,1],[]]","[""c10::BFloat16"",""bool"",""Scalar""]",both,"[""operator_shape_matched""]","[""operator_shape_matched""]",1,1,1,1,1.408,1.44,1.1e-05,1.7e-05,7e-06
aten::masked_fill_,"[[26,2048],[26,1],[]]","[""c10::BFloat16"",""bool"",""Scalar""]",both,"[""operator_shape_matched""]","[""operator_shape_matched""]",1,1,1,1,1.44,1.44,1.1e-05,1.7e-05,6e-06
aten::masked_fill_,"[[28,2048],[28,1],[]]","[""c10::BFloat16"",""bool"",""Scalar""]",both,"[""operator_shape_matched""]","[""operator_shape_matched""]",1,1,1,1,1.568,1.408,1.2e-05,1.7e-05,5e-06
aten::masked_fill_,"[[3,16,128,128],[3,1,1,1],[]]","[""float"",""bool"",""Scalar""]",both,"[""operator_shape_matched""]","[""operator_shape_matched""]",1,1,870,870,2787.938,2786.22,0.021697,0.033805,0.012108
aten::masked_fill_,"[[30,2048],[30,1],[]]","[""c10::BFloat16"",""bool"",""Scalar""]",both,"[""operator_shape_matched""]","[""operator_shape_matched""]",1,1,1,1,1.44,1.472,1.1e-05,1.8e-05,7e-06
aten::masked_fill_,"[[32,2048],[32,1],[]]","[""c10::BFloat16"",""bool"",""Scalar""]",both,"[""operator_shape_matched""]","[""operator_shape_matched""]",1,1,1,1,1.44,1.44,1.1e-05,1.7e-05,6e-06
aten::masked_fill_,"[[34,2048],[34,1],[]]","[""c10::BFloat16"",""bool"",""Scalar""]",both,"[""operator_shape_matched""]","[""operator_shape_matched""]",1,1,1,1,1.472,1.472,1.1e-05,1.8e-05,6e-06
aten::masked_fill_,"[[36,2048],[36,1],[]]","[""c10::BFloat16"",""bool"",""Scalar""]",both,"[""operator_shape_matched""]","[""operator_shape_matched""]",1,1,1,1,1.471,1.472,1.1e-05,1.8e-05,6e-06
aten::masked_fill_,"[[38,2048],[38,1],[]]","[""c10::BFloat16"",""bool"",""Scalar""]",both,"[""operator_shape_matched""]","[""operator_shape_matched""]",1,1,1,1,1.536,1.472,1.2e-05,1.8e-05,6e-06
aten::masked_fill_,"[[4,2048],[4,1],[]]","[""c10::BFloat16"",""bool"",""Scalar""]",both,"[""operator_shape_matched""]","[""operator_shape_matched""]",1,1,1,1,1.377,1.343,1.1e-05,1.6e-05,6e-06
aten::masked_fill_,"[[40,2048],[40,1],[]]","[""c10::BFloat16"",""bool"",""Scalar""]",both,"[""operator_shape_matched""]","[""operator_shape_matched""]",1,1,1,1,1.536,1.472,1.2e-05,1.8e-05,6e-06
aten::masked_fill_,"[[4096,2048],[4096,1],[]]","[""c10::BFloat16"",""bool"",""Scalar""]",both,"[""operator_shape_matched""]","[""operator_shape_matched""]",1,1,1,1,13.216,13.281,0.000103,0.000161,5.8e-05
aten::masked_fill_,"[[42,2048],[42,1],[]]","[""c10::BFloat16"",""bool"",""Scalar""]",both,"[""operator_shape_matched""]","[""operator_shape_matched""]",1,1,1,1,1.536,1.472,1.2e-05,1.8e-05,6e-06
aten::masked_fill_,"[[44,2048],[44,1],[]]","[""c10::BFloat16"",""bool"",""Scalar""]",both,"[""operator_shape_matched""]","[""operator_shape_matched""]",1,1,1,1,1.536,1.536,1.2e-05,1.9e-05,7e-06
aten::masked_fill_,"[[46,2048],[46,1],[]]","[""c10::BFloat16"",""bool"",""Scalar""]",both,"[""operator_shape_matched""]","[""operator_shape_matched""]",1,1,1,1,1.633,1.504,1.3e-05,1.8e-05,6e-06
aten::masked_fill_,"[[48,2048],[48,1],[]]","[""c10::BFloat16"",""bool"",""Scalar""]",both,"[""operator_shape_matched""]","[""operator_shape_matched""]",1,1,1,1,1.536,1.536,1.2e-05,1.9e-05,7e-06
aten::masked_fill_,"[[50,2048],[50,1],[]]","[""c10::BFloat16"",""bool"",""Scalar""]",both,"[""operator_shape_matched""]","[""operator_shape_matched""]",1,1,1,1,1.504,1.536,1.2e-05,1.9e-05,7e-06
aten::masked_fill_,"[[5089,2048],[5089,1],[]]","[""c10::BFloat16"",""bool"",""Scalar""]",both,"[""operator_shape_matched""]","[""operator_shape_matched""]",1,1,1,1,16.225,16.128,0.000126,0.000196,6.9e-05
aten::masked_fill_,"[[52,2048],[52,1],[]]","[""c10::BFloat16"",""bool"",""Scalar""]",both,"[""operator_shape_matched""]","[""operator_shape_matched""]",1,1,1,1,1.536,1.536,1.2e-05,1.9e-05,7e-06
aten::masked_fill_,"[[54,2048],[54,1],[]]","[""c10::BFloat16"",""bool"",""Scalar""]",both,"[""operator_shape_matched""]","[""operator_shape_matched""]",1,1,1,1,1.535,1.504,1.2e-05,1.8e-05,6e-06
aten::masked_fill_,"[[56,2048],[56,1],[]]","[""c10::BFloat16"",""bool"",""Scalar""]",both,"[""operator_shape_matched""]","[""operator_shape_matched""]",1,1,1,1,1.536,1.537,1.2e-05,1.9e-05,7e-06
aten::masked_fill_,"[[58,2048],[58,1],[]]","[""c10::BFloat16"",""bool"",""Scalar""]",both,"[""operator_shape_matched""]","[""operator_shape_matched""]",1,1,1,1,1.504,1.536,1.2e-05,1.9e-05,7e-06
aten::masked_fill_,"[[6,2048],[6,1],[]]","[""c10::BFloat16"",""bool"",""Scalar""]",both,"[""operator_shape_matched""]","[""operator_shape_matched""]",1,1,1,1,1.44,1.377,1.1e-05,1.7e-05,6e-06
aten::masked_fill_,"[[60,2048],[60,1],[]]","[""c10::BFloat16"",""bool"",""Scalar""]",both,"[""operator_shape_matched""]","[""operator_shape_matched""]",1,1,1,1,1.504,1.535,1.2e-05,1.9e-05,7e-06
aten::masked_fill_,"[[62,2048],[62,1],[]]","[""c10::BFloat16"",""bool"",""Scalar""]",both,"[""operator_shape_matched""]","[""operator_shape_matched""]",1,1,1,1,1.536,1.504,1.2e-05,1.8e-05,6e-06
aten::masked_fill_,"[[63,2048],[63,1],[]]","[""c10::BFloat16"",""bool"",""Scalar""]",both,"[""operator_shape_matched""]","[""operator_shape_matched""]",1,1,2,2,3.104,3.201,2.4e-05,3.9e-05,1.5e-05
aten::masked_fill_,"[[64,2048],[64,1],[]]","[""c10::BFloat16"",""bool"",""Scalar""]",both,"[""operator_shape_matched""]","[""operator_shape_matched""]",1,1,478,222,738.126,342.845,0.005745,0.00416,-0.001585
aten::masked_fill_,"[[8,2048],[8,1],[]]","[""c10::BFloat16"",""bool"",""Scalar""]",both,"[""operator_shape_matched""]","[""operator_shape_matched""]",1,1,1,1,1.408,1.408,1.1e-05,1.7e-05,6e-06
aten::masked_fill_,"[[8192,2048],[8192,1],[]]","[""c10::BFloat16"",""bool"",""Scalar""]",both,"[""operator_shape_matched""]","[""operator_shape_matched""]",1,1,31,31,802.963,800.881,0.006249,0.009717,0.003468
aten::mean,"[[1,1,256],[],[],[]]","[""float"",""ScalarList"",""Scalar"",""""]",both,"[""operator_shape_matched""]","[""operator_shape_matched""]",1,1,10,10,11.999,11.68,9.3e-05,0.000142,4.8e-05
aten::mean,"[[1,2048],[],[],[]]","[""float"",""ScalarList"",""Scalar"",""""]",both,"[""operator_shape_matched""]","[""operator_shape_matched""]",1,1,81,81,105.091,104.514,0.000818,0.001268,0.00045
aten::mean,"[[1,8,256],[],[],[]]","[""float"",""ScalarList"",""Scalar"",""""]",both,"[""operator_shape_matched""]","[""operator_shape_matched""]",1,1,10,10,13.375,12.961,0.000104,0.000157,5.3e-05
aten::mean,"[[10,1,256],[],[],[]]","[""float"",""ScalarList"",""Scalar"",""""]",both,"[""operator_shape_matched""]","[""operator_shape_matched""]",1,1,10,10,13.377,12.736,0.000104,0.000155,5e-05
aten::mean,"[[10,2048],[],[],[]]","[""float"",""ScalarList"",""Scalar"",""""]",both,"[""operator_shape_matched""]","[""operator_shape_matched""]",1,1,81,81,110.663,110.842,0.000861,0.001345,0.000484
aten::mean,"[[10,8,256],[],[],[]]","[""float"",""ScalarList"",""Scalar"",""""]",both,"[""operator_shape_matched""]","[""operator_shape_matched""]",1,1,10,10,13.663,13.856,0.000106,0.000168,6.2e-05
aten::mean,"[[1008,128],[],[],[]]","[""float"",""ScalarList"",""Scalar"",""""]",both,"[""operator_shape_matched""]","[""operator_shape_matched""]",1,1,60,60,115.553,115.972,0.000899,0.001407,0.000508
aten::mean,"[[1024,128],[],[],[]]","[""float"",""ScalarList"",""Scalar"",""""]",both,"[""operator_shape_matched""]","[""operator_shape_matched""]",1,1,14340,6660,27841.618,12951.796,0.21668,0.157145,-0.059535
aten::mean,"[[12,1,256],[],[],[]]","[""float"",""ScalarList"",""Scalar"",""""]",both,"[""operator_shape_matched""]","[""operator_shape_matched""]",1,1,10,10,13.279,13.185,0.000103,0.00016,5.7e-05
aten::mean,"[[12,2048],[],[],[]]","[""float"",""ScalarList"",""Scalar"",""""]",both,"[""operator_shape_matched""]","[""operator_shape_matched""]",1,1,81,81,110.592,111.874,0.000861,0.001357,0.000497
aten::mean,"[[12,8,256],[],[],[]]","[""float"",""ScalarList"",""Scalar"",""""]",both,"[""operator_shape_matched""]","[""operator_shape_matched""]",1,1,10,10,13.824,13.921,0.000108,0.000169,6.1e-05
aten::mean,"[[128,128],[],[],[]]","[""float"",""ScalarList"",""Scalar"",""""]",both,"[""operator_shape_matched""]","[""operator_shape_matched""]",1,1,30,30,44.32,44.161,0.000345,0.000536,0.000191
aten::mean,"[[131072,128],[],[],[]]","[""float"",""ScalarList"",""Scalar"",""""]",both,"[""operator_shape_matched""]","[""operator_shape_matched""]",1,1,930,930,74934.538,74906.467,0.583184,0.908843,0.32566
aten::mean,"[[14,1,256],[],[],[]]","[""float"",""ScalarList"",""Scalar"",""""]",both,"[""operator_shape_matched""]","[""operator_shape_matched""]",1,1,10,10,12.993,13.441,0.000101,0.000163,6.2e-05
aten::mean,"[[14,2048],[],[],[]]","[""float"",""ScalarList"",""Scalar"",""""]",both,"[""operator_shape_matched""]","[""operator_shape_matched""]",1,1,81,81,110.815,111.269,0.000862,0.00135,0.000488
aten::mean,"[[14,8,256],[],[],[]]","[""float"",""ScalarList"",""Scalar"",""""]",both,"[""operator_shape_matched""]","[""operator_shape_matched""]",1,1,10,10,14.689,14.624,0.000114,0.000177,6.3e-05
aten::mean,"[[16,1,256],[],[],[]]","[""float"",""ScalarList"",""Scalar"",""""]",both,"[""operator_shape_matched""]","[""operator_shape_matched""]",1,1,10,10,12.446,12.417,9.7e-05,0.000151,5.4e-05
aten::mean,"[[16,128],[],[],[]]","[""float"",""ScalarList"",""Scalar"",""""]",both,"[""operator_shape_matched""]","[""operator_shape_matched""]",1,1,30,30,39.872,39.042,0.00031,0.000474,0.000163
aten::mean,"[[16,2048],[],[],[]]","[""float"",""ScalarList"",""Scalar"",""""]",both,"[""operator_shape_matched""]","[""operator_shape_matched""]",1,1,81,81,110.756,111.038,0.000862,0.001347,0.000485
aten::mean,"[[16,8,256],[],[],[]]","[""float"",""ScalarList"",""Scalar"",""""]",both,"[""operator_shape_matched""]","[""operator_shape_matched""]",1,1,10,10,14.496,14.464,0.000113,0.000175,6.3e-05
aten::mean,"[[160,128],[],[],[]]","[""float"",""ScalarList"",""Scalar"",""""]",both,"[""operator_shape_matched""]","[""operator_shape_matched""]",1,1,30,30,44.225,44.416,0.000344,0.000539,0.000195
aten::mean,"[[18,1,256],[],[],[]]","[""float"",""ScalarList"",""Scalar"",""""]",both,"[""operator_shape_matched""]","[""operator_shape_matched""]",1,1,10,10,13.505,13.154,0.000105,0.00016,5.4e-05
aten::mean,"[[18,2048],[],[],[]]","[""float"",""ScalarList"",""Scalar"",""""]",both,"[""operator_shape_matched""]","[""operator_shape_matched""]",1,1,81,81,111.487,111.176,0.000868,0.001349,0.000481
aten::mean,"[[18,8,256],[],[],[]]","[""float"",""ScalarList"",""Scalar"",""""]",both,"[""operator_shape_matched""]","[""operator_shape_matched""]",1,1,10,10,14.432,14.561,0.000112,0.000177,6.4e-05
aten::mean,"[[192,128],[],[],[]]","[""float"",""ScalarList"",""Scalar"",""""]",both,"[""operator_shape_matched""]","[""operator_shape_matched""]",1,1,30,30,44.322,44.164,0.000345,0.000536,0.000191
aten::mean,"[[2,1,256],[],[],[]]","[""float"",""ScalarList"",""Scalar"",""""]",both,"[""operator_shape_matched""]","[""operator_shape_matched""]",1,1,10,10,12.001,11.838,9.3e-05,0.000144,5e-05
aten::mean,"[[2,2048],[],[],[]]","[""float"",""ScalarList"",""Scalar"",""""]",both,"[""operator_shape_matched""]","[""operator_shape_matched""]",1,1,81,81,108.517,108.418,0.000845,0.001315,0.000471
aten::mean,"[[2,8,256],[],[],[]]","[""float"",""ScalarList"",""Scalar"",""""]",both,"[""operator_shape_matched""]","[""operator_shape_matched""]",1,1,10,10,12.832,12.864,0.0001,0.000156,5.6e-05
aten::mean,"[[20,1,256],[],[],[]]","[""float"",""ScalarList"",""Scalar"",""""]",both,"[""operator_shape_matched""]","[""operator_shape_matched""]",1,1,10,10,13.633,12.961,0.000106,0.000157,5.1e-05
aten::mean,"[[20,2048],[],[],[]]","[""float"",""ScalarList"",""Scalar"",""""]",both,"[""operator_shape_matched""]","[""operator_shape_matched""]",1,1,81,81,111.103,111.205,0.000865,0.001349,0.000485
aten::mean,"[[20,8,256],[],[],[]]","[""float"",""ScalarList"",""Scalar"",""""]",both,"[""operator_shape_matched""]","[""operator_shape_matched""]",1,1,10,10,14.788,14.816,0.000115,0.00018,6.5e-05
aten::mean,"[[22,1,256],[],[],[]]","[""float"",""ScalarList"",""Scalar"",""""]",both,"[""operator_shape_matched""]","[""operator_shape_matched""]",1,1,10,10,13.219,13.216,0.000103,0.00016,5.7e-05
aten::mean,"[[22,2048],[],[],[]]","[""float"",""ScalarList"",""Scalar"",""""]",both,"[""operator_shape_matched""]","[""operator_shape_matched""]",1,1,81,81,110.883,111.232,0.000863,0.00135,0.000487
aten::mean,"[[22,8,256],[],[],[]]","[""float"",""ScalarList"",""Scalar"",""""]",both,"[""operator_shape_matched""]","[""operator_shape_matched""]",1,1,10,10,14.818,15.009,0.000115,0.000182,6.7e-05
aten::mean,"[[224,128],[],[],[]]","[""float"",""ScalarList"",""Scalar"",""""]",both,"[""operator_shape_matched""]","[""operator_shape_matched""]",1,1,30,30,44.738,45.125,0.000348,0.000548,0.000199
aten::mean,"[[24,1,256],[],[],[]]","[""float"",""ScalarList"",""Scalar"",""""]",both,"[""operator_shape_matched""]","[""operator_shape_matched""]",1,1,10,10,13.154,13.44,0.000102,0.000163,6.1e-05
aten::mean,"[[24,2048],[],[],[]]","[""float"",""ScalarList"",""Scalar"",""""]",both,"[""operator_shape_matched""]","[""operator_shape_matched""]",1,1,81,81,111.233,111.775,0.000866,0.001356,0.00049
aten::mean,"[[24,8,256],[],[],[]]","[""float"",""ScalarList"",""Scalar"",""""]",both,"[""operator_shape_matched""]","[""operator_shape_matched""]",1,1,10,10,14.723,14.751,0.000115,0.000179,6.4e-05
aten::mean,"[[256,128],[],[],[]]","[""float"",""ScalarList"",""Scalar"",""""]",both,"[""operator_shape_matched""]","[""operator_shape_matched""]",1,1,30,30,44.577,44.673,0.000347,0.000542,0.000195
aten::mean,"[[26,1,256],[],[],[]]","[""float"",""ScalarList"",""Scalar"",""""]",both,"[""operator_shape_matched""]","[""operator_shape_matched""]",1,1,10,10,13.28,13.088,0.000103,0.000159,5.5e-05
aten::mean,"[[26,2048],[],[],[]]","[""float"",""ScalarList"",""Scalar"",""""]",both,"[""operator_shape_matched""]","[""operator_shape_matched""]",1,1,81,81,111.56,111.777,0.000868,0.001356,0.000488
aten::mean,"[[26,8,256],[],[],[]]","[""float"",""ScalarList"",""Scalar"",""""]",both,"[""operator_shape_matched""]","[""operator_shape_matched""]",1,1,10,10,15.006,15.007,0.000117,0.000182,6.5e-05
aten::mean,"[[28,1,256],[],[],[]]","[""float"",""ScalarList"",""Scalar"",""""]",both,"[""operator_shape_matched""]","[""operator_shape_matched""]",1,1,10,10,13.6,13.281,0.000106,0.000161,5.5e-05
aten::mean,"[[28,2048],[],[],[]]","[""float"",""ScalarList"",""Scalar"",""""]",both,"[""operator_shape_matched""]","[""operator_shape_matched""]",1,1,81,81,111.776,111.65,0.00087,0.001355,0.000485
aten::mean,"[[28,8,256],[],[],[]]","[""float"",""ScalarList"",""Scalar"",""""]",both,"[""operator_shape_matched""]","[""operator_shape_matched""]",1,1,10,10,15.106,14.785,0.000118,0.000179,6.2e-05
aten::mean,"[[288,128],[],[],[]]","[""float"",""ScalarList"",""Scalar"",""""]",both,"[""operator_shape_matched""]","[""operator_shape_matched""]",1,1,30,30,44.483,44.422,0.000346,0.000539,0.000193
aten::mean,"[[30,1,256],[],[],[]]","[""float"",""ScalarList"",""Scalar"",""""]",both,"[""operator_shape_matched""]","[""operator_shape_matched""]",1,1,10,10,13.216,13.312,0.000103,0.000162,5.9e-05
aten::mean,"[[30,2048],[],[],[]]","[""float"",""ScalarList"",""Scalar"",""""]",both,"[""operator_shape_matched""]","[""operator_shape_matched""]",1,1,81,81,112.836,112.095,0.000878,0.00136,0.000482
aten::mean,"[[30,8,256],[],[],[]]","[""float"",""ScalarList"",""Scalar"",""""]",both,"[""operator_shape_matched""]","[""operator_shape_matched""]",1,1,10,10,14.881,14.913,0.000116,0.000181,6.5e-05
aten::mean,"[[32,1,256],[],[],[]]","[""float"",""ScalarList"",""Scalar"",""""]",both,"[""operator_shape_matched""]","[""operator_shape_matched""]",1,1,10,10,12.832,12.831,0.0001,0.000156,5.6e-05
aten::mean,"[[32,128],[],[],[]]","[""float"",""ScalarList"",""Scalar"",""""]",both,"[""operator_shape_matched""]","[""operator_shape_matched""]",1,1,30,30,39.901,39.623,0.000311,0.000481,0.00017
aten::mean,"[[32,2048],[],[],[]]","[""float"",""ScalarList"",""Scalar"",""""]",both,"[""operator_shape_matched""]","[""operator_shape_matched""]",1,1,81,81,112.486,111.839,0.000875,0.001357,0.000482
aten::mean,"[[32,8,256],[],[],[]]","[""float"",""ScalarList"",""Scalar"",""""]",both,"[""operator_shape_matched""]","[""operator_shape_matched""]",1,1,10,10,14.879,14.784,0.000116,0.000179,6.4e-05
aten::mean,"[[320,128],[],[],[]]","[""float"",""ScalarList"",""Scalar"",""""]",both,"[""operator_shape_matched""]","[""operator_shape_matched""]",1,1,30,30,44.766,44.707,0.000348,0.000542,0.000194
aten::mean,"[[34,1,256],[],[],[]]","[""float"",""ScalarList"",""Scalar"",""""]",both,"[""operator_shape_matched""]","[""operator_shape_matched""]",1,1,10,10,13.407,13.185,0.000104,0.00016,5.6e-05
aten::mean,"[[34,2048],[],[],[]]","[""float"",""ScalarList"",""Scalar"",""""]",both,"[""operator_shape_matched""]","[""operator_shape_matched""]",1,1,81,81,113.055,112.711,0.00088,0.001368,0.000488
aten::mean,"[[34,8,256],[],[],[]]","[""float"",""ScalarList"",""Scalar"",""""]",both,"[""operator_shape_matched""]","[""operator_shape_matched""]",1,1,10,10,14.72,14.88,0.000115,0.000181,6.6e-05
aten::mean,"[[352,128],[],[],[]]","[""float"",""ScalarList"",""Scalar"",""""]",both,"[""operator_shape_matched""]","[""operator_shape_matched""]",1,1,30,30,44.673,44.616,0.000348,0.000541,0.000194
aten::mean,"[[36,1,256],[],[],[]]","[""float"",""ScalarList"",""Scalar"",""""]",both,"[""operator_shape_matched""]","[""operator_shape_matched""]",1,1,10,10,13.186,13.315,0.000103,0.000162,5.9e-05
aten::mean,"[[36,2048],[],[],[]]","[""float"",""ScalarList"",""Scalar"",""""]",both,"[""operator_shape_matched""]","[""operator_shape_matched""]",1,1,81,81,112.48,113.121,0.000875,0.001373,0.000497
aten::mean,"[[36,8,256],[],[],[]]","[""float"",""ScalarList"",""Scalar"",""""]",both,"[""operator_shape_matched""]","[""operator_shape_matched""]",1,1,10,10,14.815,15.136,0.000115,0.000184,6.8e-05
aten::mean,"[[38,1,256],[],[],[]]","[""float"",""ScalarList"",""Scalar"",""""]",both,"[""operator_shape_matched""]","[""operator_shape_matched""]",1,1,10,10,13.315,13.375,0.000104,0.000162,5.9e-05
aten::mean,"[[38,2048],[],[],[]]","[""float"",""ScalarList"",""Scalar"",""""]",both,"[""operator_shape_matched""]","[""operator_shape_matched""]",1,1,81,81,113.022,112.674,0.00088,0.001367,0.000487
aten::mean,"[[38,8,256],[],[],[]]","[""float"",""ScalarList"",""Scalar"",""""]",both,"[""operator_shape_matched""]","[""operator_shape_matched""]",1,1,10,10,15.072,14.818,0.000117,0.00018,6.2e-05
aten::mean,"[[384,128],[],[],[]]","[""float"",""ScalarList"",""Scalar"",""""]",both,"[""operator_shape_matched""]","[""operator_shape_matched""]",1,1,30,30,45.152,45.25,0.000351,0.000549,0.000198
aten::mean,"[[4,1,256],[],[],[]]","[""float"",""ScalarList"",""Scalar"",""""]",both,"[""operator_shape_matched""]","[""operator_shape_matched""]",1,1,10,10,12.768,12.8,9.9e-05,0.000155,5.6e-05
aten::mean,"[[4,2048],[],[],[]]","[""float"",""ScalarList"",""Scalar"",""""]",both,"[""operator_shape_matched""]","[""operator_shape_matched""]",1,1,81,81,111.581,111.871,0.000868,0.001357,0.000489
aten::mean,"[[4,8,256],[],[],[]]","[""float"",""ScalarList"",""Scalar"",""""]",both,"[""operator_shape_matched""]","[""operator_shape_matched""]",1,1,10,10,13.568,13.026,0.000106,0.000158,5.2e-05
aten::mean,"[[40,1,256],[],[],[]]","[""float"",""ScalarList"",""Scalar"",""""]",both,"[""operator_shape_matched""]","[""operator_shape_matched""]",1,1,10,10,13.28,13.344,0.000103,0.000162,5.9e-05
aten::mean,"[[40,2048],[],[],[]]","[""float"",""ScalarList"",""Scalar"",""""]",both,"[""operator_shape_matched""]","[""operator_shape_matched""]",1,1,81,81,113.279,112.583,0.000882,0.001366,0.000484
aten::mean,"[[40,8,256],[],[],[]]","[""float"",""ScalarList"",""Scalar"",""""]",both,"[""operator_shape_matched""]","[""operator_shape_matched""]",1,1,10,10,15.165,14.944,0.000118,0.000181,6.3e-05
aten::mean,"[[4096,1,256],[],[],[]]","[""float"",""ScalarList"",""Scalar"",""""]",both,"[""operator_shape_matched""]","[""operator_shape_matched""]",1,1,10,10,37.698,37.824,0.000293,0.000459,0.000166
aten::mean,"[[4096,2048],[],[],[]]","[""float"",""ScalarList"",""Scalar"",""""]",both,"[""operator_shape_matched""]","[""operator_shape_matched""]",1,1,81,81,1016.015,1009.839,0.007907,0.012252,0.004345
aten::mean,"[[4096,8,256],[],[],[]]","[""float"",""ScalarList"",""Scalar"",""""]",both,"[""operator_shape_matched""]","[""operator_shape_matched""]",1,1,10,10,218.34,216.547,0.001699,0.002627,0.000928
aten::mean,"[[416,128],[],[],[]]","[""float"",""ScalarList"",""Scalar"",""""]",both,"[""operator_shape_matched""]","[""operator_shape_matched""]",1,1,30,30,45.702,45.795,0.000356,0.000556,0.0002
aten::mean,"[[42,1,256],[],[],[]]","[""float"",""ScalarList"",""Scalar"",""""]",both,"[""operator_shape_matched""]","[""operator_shape_matched""]",1,1,10,10,13.568,13.439,0.000106,0.000163,5.7e-05
aten::mean,"[[42,2048],[],[],[]]","[""float"",""ScalarList"",""Scalar"",""""]",both,"[""operator_shape_matched""]","[""operator_shape_matched""]",1,1,81,81,112.868,113.121,0.000878,0.001373,0.000494
aten::mean,"[[42,8,256],[],[],[]]","[""float"",""ScalarList"",""Scalar"",""""]",both,"[""operator_shape_matched""]","[""operator_shape_matched""]",1,1,10,10,14.977,15.009,0.000117,0.000182,6.6e-05
aten::mean,"[[44,1,256],[],[],[]]","[""float"",""ScalarList"",""Scalar"",""""]",both,"[""operator_shape_matched""]","[""operator_shape_matched""]",1,1,10,10,13.408,13.408,0.000104,0.000163,5.8e-05
aten::mean,"[[44,2048],[],[],[]]","[""float"",""ScalarList"",""Scalar"",""""]",both,"[""operator_shape_matched""]","[""operator_shape_matched""]",1,1,81,81,113.822,113.952,0.000886,0.001383,0.000497
aten::mean,"[[44,8,256],[],[],[]]","[""float"",""ScalarList"",""Scalar"",""""]",both,"[""operator_shape_matched""]","[""operator_shape_matched""]",1,1,10,10,15.17,15.073,0.000118,0.000183,6.5e-05
aten::mean,"[[448,128],[],[],[]]","[""float"",""ScalarList"",""Scalar"",""""]",both,"[""operator_shape_matched""]","[""operator_shape_matched""]",1,1,30,30,46.399,46.559,0.000361,0.000565,0.000204
aten::mean,"[[46,1,256],[],[],[]]","[""float"",""ScalarList"",""Scalar"",""""]",both,"[""operator_shape_matched""]","[""operator_shape_matched""]",1,1,10,10,13.314,13.567,0.000104,0.000165,6.1e-05
aten::mean,"[[46,2048],[],[],[]]","[""float"",""ScalarList"",""Scalar"",""""]",both,"[""operator_shape_matched""]","[""operator_shape_matched""]",1,1,81,81,113.825,114.623,0.000886,0.001391,0.000505
aten::mean,"[[46,8,256],[],[],[]]","[""float"",""ScalarList"",""Scalar"",""""]",both,"[""operator_shape_matched""]","[""operator_shape_matched""]",1,1,10,10,15.139,14.943,0.000118,0.000181,6.3e-05
aten::mean,"[[48,1,256],[],[],[]]","[""float"",""ScalarList"",""Scalar"",""""]",both,"[""operator_shape_matched""]","[""operator_shape_matched""]",1,1,10,10,12.929,12.928,0.000101,0.000157,5.6e-05
aten::mean,"[[48,2048],[],[],[]]","[""float"",""ScalarList"",""Scalar"",""""]",both,"[""operator_shape_matched""]","[""operator_shape_matched""]",1,1,81,81,114.083,113.953,0.000888,0.001383,0.000495
aten::mean,"[[48,8,256],[],[],[]]","[""float"",""ScalarList"",""Scalar"",""""]",both,"[""operator_shape_matched""]","[""operator_shape_matched""]",1,1,10,10,15.074,15.136,0.000117,0.000184,6.6e-05
aten::mean,"[[480,128],[],[],[]]","[""float"",""ScalarList"",""Scalar"",""""]",both,"[""operator_shape_matched""]","[""operator_shape_matched""]",1,1,30,30,46.915,47.008,0.000365,0.00057,0.000205
aten::mean,"[[50,1,256],[],[],[]]","[""float"",""ScalarList"",""Scalar"",""""]",both,"[""operator_shape_matched""]","[""operator_shape_matched""]",1,1,10,10,13.472,13.44,0.000105,0.000163,5.8e-05
aten::mean,"[[50,2048],[],[],[]]","[""float"",""ScalarList"",""Scalar"",""""]",both,"[""operator_shape_matched""]","[""operator_shape_matched""]",1,1,81,81,114.087,114.593,0.000888,0.00139,0.000502
aten::mean,"[[50,8,256],[],[],[]]","[""float"",""ScalarList"",""Scalar"",""""]",both,"[""operator_shape_matched""]","[""operator_shape_matched""]",1,1,10,10,15.358,15.138,0.00012,0.000184,6.4e-05
aten::mean,"[[5089,1,256],[],[],[]]","[""float"",""ScalarList"",""Scalar"",""""]",both,"[""operator_shape_matched""]","[""operator_shape_matched""]",1,1,10,10,43.84,43.807,0.000341,0.000532,0.00019
aten::mean,"[[5089,2048],[],[],[]]","[""float"",""ScalarList"",""Scalar"",""""]",both,"[""operator_shape_matched""]","[""operator_shape_matched""]",1,1,81,81,1418.074,1418.231,0.011036,0.017207,0.006171
aten::mean,"[[5089,8,256],[],[],[]]","[""float"",""ScalarList"",""Scalar"",""""]",both,"[""operator_shape_matched""]","[""operator_shape_matched""]",1,1,10,10,263.205,264.26,0.002048,0.003206,0.001158
aten::mean,"[[512,128],[],[],[]]","[""float"",""ScalarList"",""Scalar"",""""]",both,"[""operator_shape_matched""]","[""operator_shape_matched""]",1,1,30,30,47.904,47.646,0.000373,0.000578,0.000205
aten::mean,"[[52,1,256],[],[],[]]","[""float"",""ScalarList"",""Scalar"",""""]",both,"[""operator_shape_matched""]","[""operator_shape_matched""]",1,1,10,10,13.312,12.993,0.000104,0.000158,5.4e-05
aten::mean,"[[52,2048],[],[],[]]","[""float"",""ScalarList"",""Scalar"",""""]",both,"[""operator_shape_matched""]","[""operator_shape_matched""]",1,1,81,81,115.652,114.467,0.0009,0.001389,0.000489
aten::mean,"[[52,8,256],[],[],[]]","[""float"",""ScalarList"",""Scalar"",""""]",both,"[""operator_shape_matched""]","[""operator_shape_matched""]",1,1,10,10,15.135,15.07,0.000118,0.000183,6.5e-05
aten::mean,"[[54,1,256],[],[],[]]","[""float"",""ScalarList"",""Scalar"",""""]",both,"[""operator_shape_matched""]","[""operator_shape_matched""]",1,1,10,10,13.183,13.378,0.000103,0.000162,6e-05
aten::mean,"[[54,2048],[],[],[]]","[""float"",""ScalarList"",""Scalar"",""""]",both,"[""operator_shape_matched""]","[""operator_shape_matched""]",1,1,81,81,115.231,115.299,0.000897,0.001399,0.000502
aten::mean,"[[54,8,256],[],[],[]]","[""float"",""ScalarList"",""Scalar"",""""]",both,"[""operator_shape_matched""]","[""operator_shape_matched""]",1,1,10,10,15.232,15.105,0.000119,0.000183,6.5e-05
aten::mean,"[[544,128],[],[],[]]","[""float"",""ScalarList"",""Scalar"",""""]",both,"[""operator_shape_matched""]","[""operator_shape_matched""]",1,1,30,30,48.001,48.417,0.000374,0.000587,0.000214
aten::mean,"[[56,1,256],[],[],[]]","[""float"",""ScalarList"",""Scalar"",""""]",both,"[""operator_shape_matched""]","[""operator_shape_matched""]",1,1,10,10,13.728,13.536,0.000107,0.000164,5.7e-05
aten::mean,"[[56,2048],[],[],[]]","[""float"",""ScalarList"",""Scalar"",""""]",both,"[""operator_shape_matched""]","[""operator_shape_matched""]",1,1,81,81,115.424,115.587,0.000898,0.001402,0.000504
aten::mean,"[[56,8,256],[],[],[]]","[""float"",""ScalarList"",""Scalar"",""""]",both,"[""operator_shape_matched""]","[""operator_shape_matched""]",1,1,10,10,15.52,15.331,0.000121,0.000186,6.5e-05
aten::mean,"[[576,128],[],[],[]]","[""float"",""ScalarList"",""Scalar"",""""]",both,"[""operator_shape_matched""]","[""operator_shape_matched""]",1,1,30,30,48.865,49.251,0.00038,0.000598,0.000217
aten::mean,"[[58,1,256],[],[],[]]","[""float"",""ScalarList"",""Scalar"",""""]",both,"[""operator_shape_matched""]","[""operator_shape_matched""]",1,1,10,10,13.536,13.697,0.000105,0.000166,6.1e-05
aten::mean,"[[58,2048],[],[],[]]","[""float"",""ScalarList"",""Scalar"",""""]",both,"[""operator_shape_matched""]","[""operator_shape_matched""]",1,1,81,81,115.523,115.748,0.000899,0.001404,0.000505
aten::mean,"[[58,8,256],[],[],[]]","[""float"",""ScalarList"",""Scalar"",""""]",both,"[""operator_shape_matched""]","[""operator_shape_matched""]",1,1,10,10,15.46,15.458,0.00012,0.000188,6.7e-05
aten::mean,"[[6,1,256],[],[],[]]","[""float"",""ScalarList"",""Scalar"",""""]",both,"[""operator_shape_matched""]","[""operator_shape_matched""]",1,1,10,10,12.287,12.35,9.6e-05,0.00015,5.4e-05
aten::mean,"[[6,2048],[],[],[]]","[""float"",""ScalarList"",""Scalar"",""""]",both,"[""operator_shape_matched""]","[""operator_shape_matched""]",1,1,81,81,112.968,112.285,0.000879,0.001362,0.000483
aten::mean,"[[6,8,256],[],[],[]]","[""float"",""ScalarList"",""Scalar"",""""]",both,"[""operator_shape_matched""]","[""operator_shape_matched""]",1,1,10,10,13.343,13.152,0.000104,0.00016,5.6e-05
aten::mean,"[[60,1,256],[],[],[]]","[""float"",""ScalarList"",""Scalar"",""""]",both,"[""operator_shape_matched""]","[""operator_shape_matched""]",1,1,10,10,13.536,13.28,0.000105,0.000161,5.6e-05
aten::mean,"[[60,2048],[],[],[]]","[""float"",""ScalarList"",""Scalar"",""""]",both,"[""operator_shape_matched""]","[""operator_shape_matched""]",1,1,81,81,116.325,115.878,0.000905,0.001406,0.000501
aten::mean,"[[60,8,256],[],[],[]]","[""float"",""ScalarList"",""Scalar"",""""]",both,"[""operator_shape_matched""]","[""operator_shape_matched""]",1,1,10,10,15.648,15.618,0.000122,0.000189,6.8e-05
aten::mean,"[[608,128],[],[],[]]","[""float"",""ScalarList"",""Scalar"",""""]",both,"[""operator_shape_matched""]","[""operator_shape_matched""]",1,1,30,30,49.699,49.471,0.000387,0.0006,0.000213
aten::mean,"[[62,1,256],[],[],[]]","[""float"",""ScalarList"",""Scalar"",""""]",both,"[""operator_shape_matched""]","[""operator_shape_matched""]",1,1,10,10,13.823,14.05,0.000108,0.00017,6.3e-05
aten::mean,"[[62,2048],[],[],[]]","[""float"",""ScalarList"",""Scalar"",""""]",both,"[""operator_shape_matched""]","[""operator_shape_matched""]",1,1,81,81,115.454,115.811,0.000899,0.001405,0.000507
aten::mean,"[[62,8,256],[],[],[]]","[""float"",""ScalarList"",""Scalar"",""""]",both,"[""operator_shape_matched""]","[""operator_shape_matched""]",1,1,10,10,15.873,15.908,0.000124,0.000193,6.9e-05
aten::mean,"[[63,1,256],[],[],[]]","[""float"",""ScalarList"",""Scalar"",""""]",both,"[""operator_shape_matched""]","[""operator_shape_matched""]",1,1,20,20,26.622,26.595,0.000207,0.000323,0.000115
aten::mean,"[[63,2048],[],[],[]]","[""float"",""ScalarList"",""Scalar"",""""]",both,"[""operator_shape_matched""]","[""operator_shape_matched""]",1,1,162,162,232.934,233.191,0.001813,0.002829,0.001016
aten::mean,"[[63,8,256],[],[],[]]","[""float"",""ScalarList"",""Scalar"",""""]",both,"[""operator_shape_matched""]","[""operator_shape_matched""]",1,1,20,20,31.458,31.358,0.000245,0.00038,0.000136
aten::mean,"[[64,1,256],[],[],[]]","[""float"",""ScalarList"",""Scalar"",""""]",both,"[""operator_shape_matched""]","[""operator_shape_matched""]",1,1,4780,2220,6333.574,2948.172,0.049292,0.03577,-0.013521
aten::mean,"[[64,128],[],[],[]]","[""float"",""ScalarList"",""Scalar"",""""]",both,"[""operator_shape_matched""]","[""operator_shape_matched""]",1,1,30,30,41.537,42.017,0.000323,0.00051,0.000187
aten::mean,"[[64,2048],[],[],[]]","[""float"",""ScalarList"",""Scalar"",""""]",both,"[""operator_shape_matched""]","[""operator_shape_matched""]",1,1,38718,17982,55130.252,25628.698,0.429055,0.310954,-0.118101
aten::mean,"[[64,8,256],[],[],[]]","[""float"",""ScalarList"",""Scalar"",""""]",both,"[""operator_shape_matched""]","[""operator_shape_matched""]",1,1,4780,2220,7520.074,3496.761,0.058526,0.042426,-0.016099
aten::mean,"[[640,128],[],[],[]]","[""float"",""ScalarList"",""Scalar"",""""]",both,"[""operator_shape_matched""]","[""operator_shape_matched""]",1,1,30,30,49.984,50.115,0.000389,0.000608,0.000219
aten::mean,"[[65536,128],[],[],[]]","[""float"",""ScalarList"",""Scalar"",""""]",both,"[""operator_shape_matched""]","[""operator_shape_matched""]",1,1,30,30,1232.534,1230.618,0.009592,0.014931,0.005339
aten::mean,"[[672,128],[],[],[]]","[""float"",""ScalarList"",""Scalar"",""""]",both,"[""operator_shape_matched""]","[""operator_shape_matched""]",1,1,30,30,50.819,50.688,0.000396,0.000615,0.000219
aten::mean,"[[704,128],[],[],[]]","[""float"",""ScalarList"",""Scalar"",""""]",both,"[""operator_shape_matched""]","[""operator_shape_matched""]",1,1,30,30,51.519,51.811,0.000401,0.000629,0.000228
aten::mean,"[[736,128],[],[],[]]","[""float"",""ScalarList"",""Scalar"",""""]",both,"[""operator_shape_matched""]","[""operator_shape_matched""]",1,1,30,30,52.001,52.353,0.000405,0.000635,0.00023
aten::mean,"[[768,128],[],[],[]]","[""float"",""ScalarList"",""Scalar"",""""]",both,"[""operator_shape_matched""]","[""operator_shape_matched""]",1,1,30,30,53.153,53.472,0.000414,0.000649,0.000235
aten::mean,"[[8,1,256],[],[],[]]","[""float"",""ScalarList"",""Scalar"",""""]",both,"[""operator_shape_matched""]","[""operator_shape_matched""]",1,1,10,10,12.354,12.319,9.6e-05,0.000149,5.3e-05
aten::mean,"[[8,2048],[],[],[]]","[""float"",""ScalarList"",""Scalar"",""""]",both,"[""operator_shape_matched""]","[""operator_shape_matched""]",1,1,81,81,111.206,111.52,0.000865,0.001353,0.000488
aten::mean,"[[8,8,256],[],[],[]]","[""float"",""ScalarList"",""Scalar"",""""]",both,"[""operator_shape_matched""]","[""operator_shape_matched""]",1,1,10,10,13.824,13.92,0.000108,0.000169,6.1e-05
aten::mean,"[[800,128],[],[],[]]","[""float"",""ScalarList"",""Scalar"",""""]",both,"[""operator_shape_matched""]","[""operator_shape_matched""]",1,1,30,30,53.572,53.823,0.000417,0.000653,0.000236
aten::mean,"[[81424,128],[],[],[]]","[""float"",""ScalarList"",""Scalar"",""""]",both,"[""operator_shape_matched""]","[""operator_shape_matched""]",1,1,30,30,1518.178,1518.367,0.011815,0.018422,0.006607
aten::mean,"[[8192,1,256],[],[],[]]","[""float"",""ScalarList"",""Scalar"",""""]",both,"[""operator_shape_matched""]","[""operator_shape_matched""]",1,1,310,310,1939.499,1939.712,0.015094,0.023535,0.00844
aten::mean,"[[8192,2048],[],[],[]]","[""float"",""ScalarList"",""Scalar"",""""]",both,"[""operator_shape_matched""]","[""operator_shape_matched""]",1,1,2511,2511,72649.752,72530.616,0.565402,0.880017,0.314615
aten::mean,"[[8192,8,256],[],[],[]]","[""float"",""ScalarList"",""Scalar"",""""]",both,"[""operator_shape_matched""]","[""operator_shape_matched""]",1,1,310,310,12859.278,12856.52,0.100078,0.155989,0.05591
aten::mean,"[[832,128],[],[],[]]","[""float"",""ScalarList"",""Scalar"",""""]",both,"[""operator_shape_matched""]","[""operator_shape_matched""]",1,1,30,30,54.465,54.176,0.000424,0.000657,0.000233
aten::mean,"[[864,128],[],[],[]]","[""float"",""ScalarList"",""Scalar"",""""]",both,"[""operator_shape_matched""]","[""operator_shape_matched""]",1,1,30,30,54.785,54.781,0.000426,0.000665,0.000238
aten::mean,"[[896,128],[],[],[]]","[""float"",""ScalarList"",""Scalar"",""""]",both,"[""operator_shape_matched""]","[""operator_shape_matched""]",1,1,30,30,55.719,55.487,0.000434,0.000673,0.00024
aten::mean,"[[928,128],[],[],[]]","[""float"",""ScalarList"",""Scalar"",""""]",both,"[""operator_shape_matched""]","[""operator_shape_matched""]",1,1,30,30,56.255,56.483,0.000438,0.000685,0.000248
aten::mean,"[[96,128],[],[],[]]","[""float"",""ScalarList"",""Scalar"",""""]",both,"[""operator_shape_matched""]","[""operator_shape_matched""]",1,1,30,30,42.335,42.367,0.000329,0.000514,0.000185
aten::mean,"[[960,128],[],[],[]]","[""float"",""ScalarList"",""Scalar"",""""]",both,"[""operator_shape_matched""]","[""operator_shape_matched""]",1,1,30,30,57.087,56.638,0.000444,0.000687,0.000243
aten::mean,"[[992,128],[],[],[]]","[""float"",""ScalarList"",""Scalar"",""""]",both,"[""operator_shape_matched""]","[""operator_shape_matched""]",1,1,30,30,57.697,57.633,0.000449,0.000699,0.00025
aten::mm,"[[1,2048],[2048,124160]]","[""c10::BFloat16"",""c10::BFloat16""]",both,"[""operator_shape_matched""]","[""operator_shape_matched""]",1,1,2,2,338.342,338.982,0.002633,0.004113,0.00148
aten::mm,"[[1,2048],[2048,1]]","[""c10::BFloat16"",""c10::BFloat16""]",both,"[""operator_shape_matched""]","[""operator_shape_matched""]",2,2,80,80,198.568,161.767,0.001545,0.001963,0.000417
aten::mm,"[[1,2048],[2048,2048]]","[""c10::BFloat16"",""c10::BFloat16""]",both,"[""operator_shape_matched""]","[""operator_shape_matched""]",1,1,40,40,239.781,239.876,0.001866,0.00291,0.001044
aten::mm,"[[1,2048],[2048,256]]","[""c10::BFloat16"",""c10::BFloat16""]",both,"[""operator_shape_matched""]","[""operator_shape_matched""]",1,1,40,40,251.495,214.02,0.001957,0.002597,0.000639
aten::mm,"[[1,2048],[2048,32]]","[""c10::BFloat16"",""c10::BFloat16""]",both,"[""operator_shape_matched""]","[""operator_shape_matched""]",1,1,30,30,154.629,152.033,0.001203,0.001845,0.000641
aten::mm,"[[1,2048],[2048,4608]]","[""c10::BFloat16"",""c10::BFloat16""]",both,"[""operator_shape_matched""]","[""operator_shape_matched""]",1,1,10,10,91.71,92.064,0.000714,0.001117,0.000403
aten::mm,"[[1,2048],[2048,512]]","[""c10::BFloat16"",""c10::BFloat16""]",both,"[""operator_shape_matched""]","[""operator_shape_matched""]",1,1,40,40,230.696,217.541,0.001795,0.002639,0.000844
aten::mm,"[[1,2048],[2048,6144]]","[""c10::BFloat16"",""c10::BFloat16""]",both,"[""operator_shape_matched""]","[""operator_shape_matched""]",1,1,30,30,346.347,338.825,0.002695,0.004111,0.001416
aten::mm,"[[1,256],[256,2048]]","[""c10::BFloat16"",""c10::BFloat16""]",both,"[""operator_shape_matched""]","[""operator_shape_matched""]",1,1,40,40,134.082,119.397,0.001044,0.001449,0.000405
aten::mm,"[[10,2048],[2048,124160]]","[""c10::BFloat16"",""c10::BFloat16""]",both,"[""operator_shape_matched""]","[""operator_shape_matched""]",1,1,1,1,172.036,172.035,0.001339,0.002087,0.000748
aten::mm,"[[10,2048],[2048,1]]","[""c10::BFloat16"",""c10::BFloat16""]",both,"[""operator_shape_matched""]","[""operator_shape_matched""]",2,2,80,80,140.288,139.908,0.001092,0.001698,0.000606
aten::mm,"[[10,2048],[2048,2048]]","[""c10::BFloat16"",""c10::BFloat16""]",both,"[""operator_shape_matched""]","[""operator_shape_matched""]",1,1,40,40,248.072,250.244,0.001931,0.003036,0.001106
aten::mm,"[[10,2048],[2048,256]]","[""c10::BFloat16"",""c10::BFloat16""]",both,"[""operator_shape_matched""]","[""operator_shape_matched""]",1,1,40,40,212.485,212.679,0.001654,0.00258,0.000927
aten::mm,"[[10,2048],[2048,32]]","[""c10::BFloat16"",""c10::BFloat16""]",both,"[""operator_shape_matched""]","[""operator_shape_matched""]",1,1,30,30,150.021,150.791,0.001168,0.00183,0.000662
aten::mm,"[[10,2048],[2048,4608]]","[""c10::BFloat16"",""c10::BFloat16""]",both,"[""operator_shape_matched""]","[""operator_shape_matched""]",1,1,10,10,89.187,90.528,0.000694,0.001098,0.000404
aten::mm,"[[10,2048],[2048,512]]","[""c10::BFloat16"",""c10::BFloat16""]",both,"[""operator_shape_matched""]","[""operator_shape_matched""]",1,1,40,40,222.599,223.907,0.001732,0.002717,0.000984
aten::mm,"[[10,2048],[2048,6144]]","[""c10::BFloat16"",""c10::BFloat16""]",both,"[""operator_shape_matched""]","[""operator_shape_matched""]",1,1,30,30,349.865,348.362,0.002723,0.004227,0.001504
aten::mm,"[[10,256],[256,2048]]","[""c10::BFloat16"",""c10::BFloat16""]",both,"[""operator_shape_matched""]","[""operator_shape_matched""]",1,1,40,40,117.603,118.148,0.000915,0.001433,0.000518
aten::mm,"[[11,2048],[2048,124160]]","[""c10::BFloat16"",""c10::BFloat16""]",both,"[""operator_shape_matched""]","[""operator_shape_matched""]",1,1,1,1,176.963,176.611,0.001377,0.002143,0.000766
aten::mm,"[[12,2048],[2048,124160]]","[""c10::BFloat16"",""c10::BFloat16""]",both,"[""operator_shape_matched""]","[""operator_shape_matched""]",1,1,1,1,171.94,172.388,0.001338,0.002092,0.000753
aten::mm,"[[12,2048],[2048,1]]","[""c10::BFloat16"",""c10::BFloat16""]",both,"[""operator_shape_matched""]","[""operator_shape_matched""]",2,2,80,80,138.841,141.372,0.001081,0.001715,0.000635
aten::mm,"[[12,2048],[2048,2048]]","[""c10::BFloat16"",""c10::BFloat16""]",both,"[""operator_shape_matched""]","[""operator_shape_matched""]",1,1,40,40,250.405,250.245,0.001949,0.003036,0.001087
aten::mm,"[[12,2048],[2048,256]]","[""c10::BFloat16"",""c10::BFloat16""]",both,"[""operator_shape_matched""]","[""operator_shape_matched""]",1,1,40,40,212.612,212.936,0.001655,0.002584,0.000929
aten::mm,"[[12,2048],[2048,32]]","[""c10::BFloat16"",""c10::BFloat16""]",both,"[""operator_shape_matched""]","[""operator_shape_matched""]",1,1,30,30,151.3,150.785,0.001178,0.001829,0.000652
aten::mm,"[[12,2048],[2048,4608]]","[""c10::BFloat16"",""c10::BFloat16""]",both,"[""operator_shape_matched""]","[""operator_shape_matched""]",1,1,10,10,89.06,89.41,0.000693,0.001085,0.000392
aten::mm,"[[12,2048],[2048,512]]","[""c10::BFloat16"",""c10::BFloat16""]",both,"[""operator_shape_matched""]","[""operator_shape_matched""]",1,1,40,40,224.548,224.743,0.001748,0.002727,0.000979
aten::mm,"[[12,2048],[2048,6144]]","[""c10::BFloat16"",""c10::BFloat16""]",both,"[""operator_shape_matched""]","[""operator_shape_matched""]",1,1,30,30,349.8,350.054,0.002722,0.004247,0.001525
aten::mm,"[[12,256],[256,2048]]","[""c10::BFloat16"",""c10::BFloat16""]",both,"[""operator_shape_matched""]","[""operator_shape_matched""]",1,1,40,40,118.557,119.906,0.000923,0.001455,0.000532
aten::mm,"[[13,2048],[2048,124160]]","[""c10::BFloat16"",""c10::BFloat16""]",both,"[""operator_shape_matched""]","[""operator_shape_matched""]",1,1,1,1,177.476,177.412,0.001381,0.002153,0.000771
aten::mm,"[[14,2048],[2048,124160]]","[""c10::BFloat16"",""c10::BFloat16""]",both,"[""operator_shape_matched""]","[""operator_shape_matched""]",1,1,1,1,172.228,173.251,0.00134,0.002102,0.000762
aten::mm,"[[14,2048],[2048,1]]","[""c10::BFloat16"",""c10::BFloat16""]",both,"[""operator_shape_matched""]","[""operator_shape_matched""]",2,2,80,80,142.405,141.705,0.001108,0.001719,0.000611
aten::mm,"[[14,2048],[2048,2048]]","[""c10::BFloat16"",""c10::BFloat16""]",both,"[""operator_shape_matched""]","[""operator_shape_matched""]",1,1,40,40,252.616,254.12,0.001966,0.003083,0.001117
aten::mm,"[[14,2048],[2048,256]]","[""c10::BFloat16"",""c10::BFloat16""]",both,"[""operator_shape_matched""]","[""operator_shape_matched""]",1,1,40,40,212.971,212.388,0.001657,0.002577,0.000919
aten::mm,"[[14,2048],[2048,32]]","[""c10::BFloat16"",""c10::BFloat16""]",both,"[""operator_shape_matched""]","[""operator_shape_matched""]",1,1,30,30,150.79,150.143,0.001174,0.001822,0.000648
aten::mm,"[[14,2048],[2048,4608]]","[""c10::BFloat16"",""c10::BFloat16""]",both,"[""operator_shape_matched""]","[""operator_shape_matched""]",1,1,10,10,89.856,88.896,0.000699,0.001079,0.000379
aten::mm,"[[14,2048],[2048,512]]","[""c10::BFloat16"",""c10::BFloat16""]",both,"[""operator_shape_matched""]","[""operator_shape_matched""]",1,1,40,40,224.357,225.19,0.001746,0.002732,0.000986
aten::mm,"[[14,2048],[2048,6144]]","[""c10::BFloat16"",""c10::BFloat16""]",both,"[""operator_shape_matched""]","[""operator_shape_matched""]",1,1,30,30,345.797,348.429,0.002691,0.004228,0.001536
aten::mm,"[[14,256],[256,2048]]","[""c10::BFloat16"",""c10::BFloat16""]",both,"[""operator_shape_matched""]","[""operator_shape_matched""]",1,1,40,40,119.649,119.812,0.000931,0.001454,0.000523
aten::mm,"[[15,2048],[2048,124160]]","[""c10::BFloat16"",""c10::BFloat16""]",both,"[""operator_shape_matched""]","[""operator_shape_matched""]",1,1,1,1,178.148,181.86,0.001386,0.002207,0.00082
aten::mm,"[[16,2048],[2048,124160]]","[""c10::BFloat16"",""c10::BFloat16""]",both,"[""operator_shape_matched""]","[""operator_shape_matched""]",1,1,1,1,174.339,172.804,0.001357,0.002097,0.00074
aten::mm,"[[16,2048],[2048,1]]","[""c10::BFloat16"",""c10::BFloat16""]",both,"[""operator_shape_matched""]","[""operator_shape_matched""]",1,1,40,40,199.59,199.106,0.001553,0.002416,0.000862
aten::mm,"[[16,2048],[2048,2048]]","[""c10::BFloat16"",""c10::BFloat16""]",both,"[""operator_shape_matched""]","[""operator_shape_matched""]",1,1,40,40,253.41,254.978,0.001972,0.003094,0.001121
aten::mm,"[[16,2048],[2048,256]]","[""c10::BFloat16"",""c10::BFloat16""]",both,"[""operator_shape_matched""]","[""operator_shape_matched""]",1,1,40,40,213.282,214.213,0.00166,0.002599,0.000939
aten::mm,"[[16,2048],[2048,32]]","[""c10::BFloat16"",""c10::BFloat16""]",both,"[""operator_shape_matched""]","[""operator_shape_matched""]",1,1,30,30,150.023,150.275,0.001168,0.001823,0.000656
aten::mm,"[[16,2048],[2048,4608]]","[""c10::BFloat16"",""c10::BFloat16""]",both,"[""operator_shape_matched""]","[""operator_shape_matched""]",1,1,10,10,89.632,89.889,0.000698,0.001091,0.000393
aten::mm,"[[16,2048],[2048,512]]","[""c10::BFloat16"",""c10::BFloat16""]",both,"[""operator_shape_matched""]","[""operator_shape_matched""]",1,1,40,40,216.835,216.968,0.001688,0.002632,0.000945
aten::mm,"[[16,2048],[2048,6144]]","[""c10::BFloat16"",""c10::BFloat16""]",both,"[""operator_shape_matched""]","[""operator_shape_matched""]",1,1,30,30,348.423,348.486,0.002712,0.004228,0.001517
aten::mm,"[[16,256],[256,2048]]","[""c10::BFloat16"",""c10::BFloat16""]",both,"[""operator_shape_matched""]","[""operator_shape_matched""]",1,1,40,40,116.961,118.823,0.00091,0.001442,0.000531
aten::mm,"[[17,2048],[2048,124160]]","[""c10::BFloat16"",""c10::BFloat16""]",both,"[""operator_shape_matched""]","[""operator_shape_matched""]",1,1,1,1,179.267,178.659,0.001395,0.002168,0.000773
aten::mm,"[[18,2048],[2048,124160]]","[""c10::BFloat16"",""c10::BFloat16""]",both,"[""operator_shape_matched""]","[""operator_shape_matched""]",1,1,1,1,174.98,175.844,0.001362,0.002134,0.000772
aten::mm,"[[18,2048],[2048,1]]","[""c10::BFloat16"",""c10::BFloat16""]",both,"[""operator_shape_matched""]","[""operator_shape_matched""]",2,2,80,80,142.845,143.491,0.001112,0.001741,0.000629
aten::mm,"[[18,2048],[2048,2048]]","[""c10::BFloat16"",""c10::BFloat16""]",both,"[""operator_shape_matched""]","[""operator_shape_matched""]",1,1,40,40,275.175,273.639,0.002142,0.00332,0.001179
aten::mm,"[[18,2048],[2048,256]]","[""c10::BFloat16"",""c10::BFloat16""]",both,"[""operator_shape_matched""]","[""operator_shape_matched""]",1,1,40,40,217.83,217.734,0.001695,0.002642,0.000946
aten::mm,"[[18,2048],[2048,32]]","[""c10::BFloat16"",""c10::BFloat16""]",both,"[""operator_shape_matched""]","[""operator_shape_matched""]",1,1,30,30,158.336,158.082,0.001232,0.001918,0.000686
aten::mm,"[[18,2048],[2048,4608]]","[""c10::BFloat16"",""c10::BFloat16""]",both,"[""operator_shape_matched""]","[""operator_shape_matched""]",1,1,10,10,90.725,89.985,0.000706,0.001092,0.000386
aten::mm,"[[18,2048],[2048,512]]","[""c10::BFloat16"",""c10::BFloat16""]",both,"[""operator_shape_matched""]","[""operator_shape_matched""]",1,1,40,40,217.445,217.763,0.001692,0.002642,0.00095
aten::mm,"[[18,2048],[2048,6144]]","[""c10::BFloat16"",""c10::BFloat16""]",both,"[""operator_shape_matched""]","[""operator_shape_matched""]",1,1,30,30,354.851,351.91,0.002762,0.00427,0.001508
aten::mm,"[[18,256],[256,2048]]","[""c10::BFloat16"",""c10::BFloat16""]",both,"[""operator_shape_matched""]","[""operator_shape_matched""]",1,1,40,40,125.153,125.381,0.000974,0.001521,0.000547
aten::mm,"[[19,2048],[2048,124160]]","[""c10::BFloat16"",""c10::BFloat16""]",both,"[""operator_shape_matched""]","[""operator_shape_matched""]",1,1,1,1,178.211,178.883,0.001387,0.00217,0.000783
aten::mm,"[[2,2048],[2048,124160]]","[""c10::BFloat16"",""c10::BFloat16""]",both,"[""operator_shape_matched""]","[""operator_shape_matched""]",1,1,1,1,168.004,167.619,0.001308,0.002034,0.000726
aten::mm,"[[2,2048],[2048,1]]","[""c10::BFloat16"",""c10::BFloat16""]",both,"[""operator_shape_matched""]","[""operator_shape_matched""]",2,2,80,80,131.227,131.427,0.001021,0.001595,0.000573
aten::mm,"[[2,2048],[2048,2048]]","[""c10::BFloat16"",""c10::BFloat16""]",both,"[""operator_shape_matched""]","[""operator_shape_matched""]",1,1,40,40,241.447,243.076,0.001879,0.002949,0.00107
aten::mm,"[[2,2048],[2048,256]]","[""c10::BFloat16"",""c10::BFloat16""]",both,"[""operator_shape_matched""]","[""operator_shape_matched""]",1,1,40,40,214.147,215.166,0.001667,0.002611,0.000944
aten::mm,"[[2,2048],[2048,32]]","[""c10::BFloat16"",""c10::BFloat16""]",both,"[""operator_shape_matched""]","[""operator_shape_matched""]",1,1,30,30,152.162,151.208,0.001184,0.001835,0.00065
aten::mm,"[[2,2048],[2048,4608]]","[""c10::BFloat16"",""c10::BFloat16""]",both,"[""operator_shape_matched""]","[""operator_shape_matched""]",1,1,10,10,89.441,87.04,0.000696,0.001056,0.00036
aten::mm,"[[2,2048],[2048,512]]","[""c10::BFloat16"",""c10::BFloat16""]",both,"[""operator_shape_matched""]","[""operator_shape_matched""]",1,1,40,40,219.971,220.677,0.001712,0.002677,0.000966
aten::mm,"[[2,2048],[2048,6144]]","[""c10::BFloat16"",""c10::BFloat16""]",both,"[""operator_shape_matched""]","[""operator_shape_matched""]",1,1,30,30,336.427,337.956,0.002618,0.0041,0.001482
aten::mm,"[[2,256],[256,2048]]","[""c10::BFloat16"",""c10::BFloat16""]",both,"[""operator_shape_matched""]","[""operator_shape_matched""]",1,1,40,40,117.793,117.894,0.000917,0.00143,0.000514
aten::mm,"[[20,2048],[2048,124160]]","[""c10::BFloat16"",""c10::BFloat16""]",both,"[""operator_shape_matched""]","[""operator_shape_matched""]",1,1,1,1,175.139,176.835,0.001363,0.002146,0.000783
aten::mm,"[[20,2048],[2048,1]]","[""c10::BFloat16"",""c10::BFloat16""]",both,"[""operator_shape_matched""]","[""operator_shape_matched""]",2,2,80,80,143.585,142.376,0.001117,0.001727,0.00061
aten::mm,"[[20,2048],[2048,2048]]","[""c10::BFloat16"",""c10::BFloat16""]",both,"[""operator_shape_matched""]","[""operator_shape_matched""]",1,1,40,40,276.708,278.151,0.002154,0.003375,0.001221
aten::mm,"[[20,2048],[2048,256]]","[""c10::BFloat16"",""c10::BFloat16""]",both,"[""operator_shape_matched""]","[""operator_shape_matched""]",1,1,40,40,217.984,218.44,0.001696,0.00265,0.000954
aten::mm,"[[20,2048],[2048,32]]","[""c10::BFloat16"",""c10::BFloat16""]",both,"[""operator_shape_matched""]","[""operator_shape_matched""]",1,1,30,30,157.636,158.279,0.001227,0.00192,0.000694
aten::mm,"[[20,2048],[2048,4608]]","[""c10::BFloat16"",""c10::BFloat16""]",both,"[""operator_shape_matched""]","[""operator_shape_matched""]",1,1,10,10,89.632,89.919,0.000698,0.001091,0.000393
aten::mm,"[[20,2048],[2048,512]]","[""c10::BFloat16"",""c10::BFloat16""]",both,"[""operator_shape_matched""]","[""operator_shape_matched""]",1,1,40,40,216.388,217.892,0.001684,0.002644,0.00096
aten::mm,"[[20,2048],[2048,6144]]","[""c10::BFloat16"",""c10::BFloat16""]",both,"[""operator_shape_matched""]","[""operator_shape_matched""]",1,1,30,30,354.507,353.957,0.002759,0.004295,0.001536
aten::mm,"[[20,256],[256,2048]]","[""c10::BFloat16"",""c10::BFloat16""]",both,"[""operator_shape_matched""]","[""operator_shape_matched""]",1,1,40,40,126.499,127.491,0.000984,0.001547,0.000562
aten::mm,"[[21,2048],[2048,124160]]","[""c10::BFloat16"",""c10::BFloat16""]",both,"[""operator_shape_matched""]","[""operator_shape_matched""]",1,1,1,1,179.395,179.46,0.001396,0.002177,0.000781
aten::mm,"[[22,2048],[2048,124160]]","[""c10::BFloat16"",""c10::BFloat16""]",both,"[""operator_shape_matched""]","[""operator_shape_matched""]",1,1,1,1,176.323,175.94,0.001372,0.002135,0.000762
aten::mm,"[[22,2048],[2048,1]]","[""c10::BFloat16"",""c10::BFloat16""]",both,"[""operator_shape_matched""]","[""operator_shape_matched""]",2,2,80,80,142.889,143.9,0.001112,0.001746,0.000634
aten::mm,"[[22,2048],[2048,2048]]","[""c10::BFloat16"",""c10::BFloat16""]",both,"[""operator_shape_matched""]","[""operator_shape_matched""]",1,1,40,40,276.356,276.769,0.002151,0.003358,0.001207
aten::mm,"[[22,2048],[2048,256]]","[""c10::BFloat16"",""c10::BFloat16""]",both,"[""operator_shape_matched""]","[""operator_shape_matched""]",1,1,40,40,218.152,219.168,0.001698,0.002659,0.000961
aten::mm,"[[22,2048],[2048,32]]","[""c10::BFloat16"",""c10::BFloat16""]",both,"[""operator_shape_matched""]","[""operator_shape_matched""]",1,1,30,30,158.306,158.339,0.001232,0.001921,0.000689
aten::mm,"[[22,2048],[2048,4608]]","[""c10::BFloat16"",""c10::BFloat16""]",both,"[""operator_shape_matched""]","[""operator_shape_matched""]",1,1,10,10,89.888,90.53,0.0007,0.001098,0.000399
aten::mm,"[[22,2048],[2048,512]]","[""c10::BFloat16"",""c10::BFloat16""]",both,"[""operator_shape_matched""]","[""operator_shape_matched""]",1,1,40,40,217.352,217.955,0.001692,0.002644,0.000953
aten::mm,"[[22,2048],[2048,6144]]","[""c10::BFloat16"",""c10::BFloat16""]",both,"[""operator_shape_matched""]","[""operator_shape_matched""]",1,1,30,30,351.496,354.056,0.002736,0.004296,0.00156
aten::mm,"[[22,256],[256,2048]]","[""c10::BFloat16"",""c10::BFloat16""]",both,"[""operator_shape_matched""]","[""operator_shape_matched""]",1,1,40,40,128.608,128.45,0.001001,0.001558,0.000558
aten::mm,"[[23,2048],[2048,124160]]","[""c10::BFloat16"",""c10::BFloat16""]",both,"[""operator_shape_matched""]","[""operator_shape_matched""]",1,1,1,1,179.267,179.94,0.001395,0.002183,0.000788
aten::mm,"[[24,2048],[2048,124160]]","[""c10::BFloat16"",""c10::BFloat16""]",both,"[""operator_shape_matched""]","[""operator_shape_matched""]",1,1,1,1,175.683,176.643,0.001367,0.002143,0.000776
aten::mm,"[[24,2048],[2048,1]]","[""c10::BFloat16"",""c10::BFloat16""]",both,"[""operator_shape_matched""]","[""operator_shape_matched""]",1,1,40,40,199.815,200.225,0.001555,0.002429,0.000874
aten::mm,"[[24,2048],[2048,2048]]","[""c10::BFloat16"",""c10::BFloat16""]",both,"[""operator_shape_matched""]","[""operator_shape_matched""]",1,1,40,40,261.766,263.171,0.002037,0.003193,0.001156
aten::mm,"[[24,2048],[2048,256]]","[""c10::BFloat16"",""c10::BFloat16""]",both,"[""operator_shape_matched""]","[""operator_shape_matched""]",1,1,40,40,218.184,218.209,0.001698,0.002648,0.00095
aten::mm,"[[24,2048],[2048,32]]","[""c10::BFloat16"",""c10::BFloat16""]",both,"[""operator_shape_matched""]","[""operator_shape_matched""]",1,1,30,30,158.496,158.052,0.001234,0.001918,0.000684
aten::mm,"[[24,2048],[2048,4608]]","[""c10::BFloat16"",""c10::BFloat16""]",both,"[""operator_shape_matched""]","[""operator_shape_matched""]",1,1,10,10,89.858,89.762,0.000699,0.001089,0.00039
aten::mm,"[[24,2048],[2048,512]]","[""c10::BFloat16"",""c10::BFloat16""]",both,"[""operator_shape_matched""]","[""operator_shape_matched""]",1,1,40,40,217.089,217.704,0.00169,0.002641,0.000952
aten::mm,"[[24,2048],[2048,6144]]","[""c10::BFloat16"",""c10::BFloat16""]",both,"[""operator_shape_matched""]","[""operator_shape_matched""]",1,1,30,30,356.168,354.731,0.002772,0.004304,0.001532
aten::mm,"[[24,256],[256,2048]]","[""c10::BFloat16"",""c10::BFloat16""]",both,"[""operator_shape_matched""]","[""operator_shape_matched""]",1,1,40,40,126.686,126.79,0.000986,0.001538,0.000552
aten::mm,"[[25,2048],[2048,124160]]","[""c10::BFloat16"",""c10::BFloat16""]",both,"[""operator_shape_matched""]","[""operator_shape_matched""]",1,1,1,1,179.844,178.916,0.0014,0.002171,0.000771
aten::mm,"[[26,2048],[2048,124160]]","[""c10::BFloat16"",""c10::BFloat16""]",both,"[""operator_shape_matched""]","[""operator_shape_matched""]",1,1,1,1,176.931,176.804,0.001377,0.002145,0.000768
aten::mm,"[[26,2048],[2048,1]]","[""c10::BFloat16"",""c10::BFloat16""]",both,"[""operator_shape_matched""]","[""operator_shape_matched""]",2,2,80,80,145.473,145.667,0.001132,0.001767,0.000635
aten::mm,"[[26,2048],[2048,2048]]","[""c10::BFloat16"",""c10::BFloat16""]",both,"[""operator_shape_matched""]","[""operator_shape_matched""]",1,1,40,40,267.685,266.373,0.002083,0.003232,0.001149
aten::mm,"[[26,2048],[2048,256]]","[""c10::BFloat16"",""c10::BFloat16""]",both,"[""operator_shape_matched""]","[""operator_shape_matched""]",1,1,40,40,218.276,219.142,0.001699,0.002659,0.00096
aten::mm,"[[26,2048],[2048,32]]","[""c10::BFloat16"",""c10::BFloat16""]",both,"[""operator_shape_matched""]","[""operator_shape_matched""]",1,1,30,30,157.985,156.71,0.00123,0.001901,0.000672
aten::mm,"[[26,2048],[2048,4608]]","[""c10::BFloat16"",""c10::BFloat16""]",both,"[""operator_shape_matched""]","[""operator_shape_matched""]",1,1,10,10,90.146,90.851,0.000702,0.001102,0.000401
aten::mm,"[[26,2048],[2048,512]]","[""c10::BFloat16"",""c10::BFloat16""]",both,"[""operator_shape_matched""]","[""operator_shape_matched""]",1,1,40,40,216.584,217.12,0.001686,0.002634,0.000949
aten::mm,"[[26,2048],[2048,6144]]","[""c10::BFloat16"",""c10::BFloat16""]",both,"[""operator_shape_matched""]","[""operator_shape_matched""]",1,1,30,30,356.417,357.48,0.002774,0.004337,0.001563
aten::mm,"[[26,256],[256,2048]]","[""c10::BFloat16"",""c10::BFloat16""]",both,"[""operator_shape_matched""]","[""operator_shape_matched""]",1,1,40,40,121.314,122.149,0.000944,0.001482,0.000538
aten::mm,"[[27,2048],[2048,124160]]","[""c10::BFloat16"",""c10::BFloat16""]",both,"[""operator_shape_matched""]","[""operator_shape_matched""]",1,1,1,1,179.875,179.939,0.0014,0.002183,0.000783
aten::mm,"[[28,2048],[2048,124160]]","[""c10::BFloat16"",""c10::BFloat16""]",both,"[""operator_shape_matched""]","[""operator_shape_matched""]",1,1,1,1,176.323,178.116,0.001372,0.002161,0.000789
aten::mm,"[[28,2048],[2048,1]]","[""c10::BFloat16"",""c10::BFloat16""]",both,"[""operator_shape_matched""]","[""operator_shape_matched""]",2,2,80,80,147.076,146.502,0.001145,0.001778,0.000633
aten::mm,"[[28,2048],[2048,2048]]","[""c10::BFloat16"",""c10::BFloat16""]",both,"[""operator_shape_matched""]","[""operator_shape_matched""]",1,1,40,40,265.603,266.694,0.002067,0.003236,0.001169
aten::mm,"[[28,2048],[2048,256]]","[""c10::BFloat16"",""c10::BFloat16""]",both,"[""operator_shape_matched""]","[""operator_shape_matched""]",1,1,40,40,218.079,219.33,0.001697,0.002661,0.000964
aten::mm,"[[28,2048],[2048,32]]","[""c10::BFloat16"",""c10::BFloat16""]",both,"[""operator_shape_matched""]","[""operator_shape_matched""]",1,1,30,30,158.18,158.406,0.001231,0.001922,0.000691
aten::mm,"[[28,2048],[2048,4608]]","[""c10::BFloat16"",""c10::BFloat16""]",both,"[""operator_shape_matched""]","[""operator_shape_matched""]",1,1,10,10,90.658,91.488,0.000706,0.00111,0.000404
aten::mm,"[[28,2048],[2048,512]]","[""c10::BFloat16"",""c10::BFloat16""]",both,"[""operator_shape_matched""]","[""operator_shape_matched""]",1,1,40,40,217.383,217.378,0.001692,0.002637,0.000946
aten::mm,"[[28,2048],[2048,6144]]","[""c10::BFloat16"",""c10::BFloat16""]",both,"[""operator_shape_matched""]","[""operator_shape_matched""]",1,1,30,30,355.558,357.478,0.002767,0.004337,0.00157
aten::mm,"[[28,256],[256,2048]]","[""c10::BFloat16"",""c10::BFloat16""]",both,"[""operator_shape_matched""]","[""operator_shape_matched""]",1,1,40,40,121.189,121.986,0.000943,0.00148,0.000537
aten::mm,"[[29,2048],[2048,124160]]","[""c10::BFloat16"",""c10::BFloat16""]",both,"[""operator_shape_matched""]","[""operator_shape_matched""]",1,1,1,1,180.419,180.836,0.001404,0.002194,0.00079
aten::mm,"[[3,2048],[2048,124160]]","[""c10::BFloat16"",""c10::BFloat16""]",both,"[""operator_shape_matched""]","[""operator_shape_matched""]",1,1,1,1,175.107,174.628,0.001363,0.002119,0.000756
aten::mm,"[[30,2048],[2048,124160]]","[""c10::BFloat16"",""c10::BFloat16""]",both,"[""operator_shape_matched""]","[""operator_shape_matched""]",1,1,1,1,177.795,177.763,0.001384,0.002157,0.000773
aten::mm,"[[30,2048],[2048,1]]","[""c10::BFloat16"",""c10::BFloat16""]",both,"[""operator_shape_matched""]","[""operator_shape_matched""]",2,2,80,80,149.15,149.79,0.001161,0.001817,0.000657
aten::mm,"[[30,2048],[2048,2048]]","[""c10::BFloat16"",""c10::BFloat16""]",both,"[""operator_shape_matched""]","[""operator_shape_matched""]",1,1,40,40,266.914,269.288,0.002077,0.003267,0.00119
aten::mm,"[[30,2048],[2048,256]]","[""c10::BFloat16"",""c10::BFloat16""]",both,"[""operator_shape_matched""]","[""operator_shape_matched""]",1,1,40,40,219.011,219.428,0.001704,0.002662,0.000958
aten::mm,"[[30,2048],[2048,32]]","[""c10::BFloat16"",""c10::BFloat16""]",both,"[""operator_shape_matched""]","[""operator_shape_matched""]",1,1,30,30,158.179,159.269,0.001231,0.001932,0.000701
aten::mm,"[[30,2048],[2048,4608]]","[""c10::BFloat16"",""c10::BFloat16""]",both,"[""operator_shape_matched""]","[""operator_shape_matched""]",1,1,10,10,93.184,91.072,0.000725,0.001105,0.00038
aten::mm,"[[30,2048],[2048,512]]","[""c10::BFloat16"",""c10::BFloat16""]",both,"[""operator_shape_matched""]","[""operator_shape_matched""]",1,1,40,40,217.861,218.214,0.001696,0.002648,0.000952
aten::mm,"[[30,2048],[2048,6144]]","[""c10::BFloat16"",""c10::BFloat16""]",both,"[""operator_shape_matched""]","[""operator_shape_matched""]",1,1,30,30,356.391,357.708,0.002774,0.00434,0.001566
aten::mm,"[[30,256],[256,2048]]","[""c10::BFloat16"",""c10::BFloat16""]",both,"[""operator_shape_matched""]","[""operator_shape_matched""]",1,1,40,40,122.084,122.978,0.00095,0.001492,0.000542
aten::mm,"[[31,2048],[2048,124160]]","[""c10::BFloat16"",""c10::BFloat16""]",both,"[""operator_shape_matched""]","[""operator_shape_matched""]",1,1,1,1,179.107,180.196,0.001394,0.002186,0.000792
aten::mm,"[[32,2048],[2048,124160]]","[""c10::BFloat16"",""c10::BFloat16""]",both,"[""operator_shape_matched""]","[""operator_shape_matched""]",1,1,1,1,178.052,178.02,0.001386,0.00216,0.000774
aten::mm,"[[32,2048],[2048,1]]","[""c10::BFloat16"",""c10::BFloat16""]",both,"[""operator_shape_matched""]","[""operator_shape_matched""]",1,1,40,40,198.434,200.197,0.001544,0.002429,0.000885
aten::mm,"[[32,2048],[2048,2048]]","[""c10::BFloat16"",""c10::BFloat16""]",both,"[""operator_shape_matched""]","[""operator_shape_matched""]",1,1,40,40,268.454,269.634,0.002089,0.003271,0.001182
aten::mm,"[[32,2048],[2048,256]]","[""c10::BFloat16"",""c10::BFloat16""]",both,"[""operator_shape_matched""]","[""operator_shape_matched""]",1,1,40,40,218.63,218.627,0.001702,0.002653,0.000951
aten::mm,"[[32,2048],[2048,32]]","[""c10::BFloat16"",""c10::BFloat16""]",both,"[""operator_shape_matched""]","[""operator_shape_matched""]",1,1,30,30,159.52,157.857,0.001241,0.001915,0.000674
aten::mm,"[[32,2048],[2048,4608]]","[""c10::BFloat16"",""c10::BFloat16""]",both,"[""operator_shape_matched""]","[""operator_shape_matched""]",1,1,10,10,90.945,91.618,0.000708,0.001112,0.000404
aten::mm,"[[32,2048],[2048,512]]","[""c10::BFloat16"",""c10::BFloat16""]",both,"[""operator_shape_matched""]","[""operator_shape_matched""]",1,1,40,40,216.739,218.053,0.001687,0.002646,0.000959
aten::mm,"[[32,2048],[2048,6144]]","[""c10::BFloat16"",""c10::BFloat16""]",both,"[""operator_shape_matched""]","[""operator_shape_matched""]",1,1,30,30,357.702,355.075,0.002784,0.004308,0.001524
aten::mm,"[[32,256],[256,2048]]","[""c10::BFloat16"",""c10::BFloat16""]",both,"[""operator_shape_matched""]","[""operator_shape_matched""]",1,1,40,40,122.278,122.373,0.000952,0.001485,0.000533
aten::mm,"[[33,2048],[2048,124160]]","[""c10::BFloat16"",""c10::BFloat16""]",both,"[""operator_shape_matched""]","[""operator_shape_matched""]",1,1,1,1,181.572,180.579,0.001413,0.002191,0.000778
aten::mm,"[[34,2048],[2048,124160]]","[""c10::BFloat16"",""c10::BFloat16""]",both,"[""operator_shape_matched""]","[""operator_shape_matched""]",1,1,1,1,178.563,178.596,0.00139,0.002167,0.000777
aten::mm,"[[34,2048],[2048,1]]","[""c10::BFloat16"",""c10::BFloat16""]",both,"[""operator_shape_matched""]","[""operator_shape_matched""]",2,2,80,80,153.985,154.021,0.001198,0.001869,0.00067
aten::mm,"[[34,2048],[2048,2048]]","[""c10::BFloat16"",""c10::BFloat16""]",both,"[""operator_shape_matched""]","[""operator_shape_matched""]",1,1,40,40,274.472,274.727,0.002136,0.003333,0.001197
aten::mm,"[[34,2048],[2048,256]]","[""c10::BFloat16"",""c10::BFloat16""]",both,"[""operator_shape_matched""]","[""operator_shape_matched""]",1,1,40,40,218.501,218.914,0.001701,0.002656,0.000956
aten::mm,"[[34,2048],[2048,32]]","[""c10::BFloat16"",""c10::BFloat16""]",both,"[""operator_shape_matched""]","[""operator_shape_matched""]",1,1,30,30,158.691,158.5,0.001235,0.001923,0.000688
aten::mm,"[[34,2048],[2048,4608]]","[""c10::BFloat16"",""c10::BFloat16""]",both,"[""operator_shape_matched""]","[""operator_shape_matched""]",1,1,10,10,91.873,91.361,0.000715,0.001108,0.000393
aten::mm,"[[34,2048],[2048,512]]","[""c10::BFloat16"",""c10::BFloat16""]",both,"[""operator_shape_matched""]","[""operator_shape_matched""]",1,1,40,40,218.022,219.198,0.001697,0.00266,0.000963
aten::mm,"[[34,2048],[2048,6144]]","[""c10::BFloat16"",""c10::BFloat16""]",both,"[""operator_shape_matched""]","[""operator_shape_matched""]",1,1,30,30,361.862,363.113,0.002816,0.004406,0.001589
aten::mm,"[[34,256],[256,2048]]","[""c10::BFloat16"",""c10::BFloat16""]",both,"[""operator_shape_matched""]","[""operator_shape_matched""]",1,1,40,40,123.167,125.122,0.000959,0.001518,0.00056
aten::mm,"[[35,2048],[2048,124160]]","[""c10::BFloat16"",""c10::BFloat16""]",both,"[""operator_shape_matched""]","[""operator_shape_matched""]",1,1,1,1,180.516,180.644,0.001405,0.002192,0.000787
aten::mm,"[[36,2048],[2048,124160]]","[""c10::BFloat16"",""c10::BFloat16""]",both,"[""operator_shape_matched""]","[""operator_shape_matched""]",1,1,1,1,179.108,178.98,0.001394,0.002172,0.000778
aten::mm,"[[36,2048],[2048,1]]","[""c10::BFloat16"",""c10::BFloat16""]",both,"[""operator_shape_matched""]","[""operator_shape_matched""]",2,2,80,80,154.817,155.492,0.001205,0.001887,0.000682
aten::mm,"[[36,2048],[2048,2048]]","[""c10::BFloat16"",""c10::BFloat16""]",both,"[""operator_shape_matched""]","[""operator_shape_matched""]",1,1,40,40,273.059,272.262,0.002125,0.003303,0.001178
aten::mm,"[[36,2048],[2048,256]]","[""c10::BFloat16"",""c10::BFloat16""]",both,"[""operator_shape_matched""]","[""operator_shape_matched""]",1,1,40,40,219.17,220.105,0.001706,0.002671,0.000965
aten::mm,"[[36,2048],[2048,32]]","[""c10::BFloat16"",""c10::BFloat16""]",both,"[""operator_shape_matched""]","[""operator_shape_matched""]",1,1,30,30,158.31,159.139,0.001232,0.001931,0.000699
aten::mm,"[[36,2048],[2048,4608]]","[""c10::BFloat16"",""c10::BFloat16""]",both,"[""operator_shape_matched""]","[""operator_shape_matched""]",1,1,10,10,91.843,93.86,0.000715,0.001139,0.000424
aten::mm,"[[36,2048],[2048,512]]","[""c10::BFloat16"",""c10::BFloat16""]",both,"[""operator_shape_matched""]","[""operator_shape_matched""]",1,1,40,40,218.245,219.333,0.001699,0.002661,0.000963
aten::mm,"[[36,2048],[2048,6144]]","[""c10::BFloat16"",""c10::BFloat16""]",both,"[""operator_shape_matched""]","[""operator_shape_matched""]",1,1,30,30,359.018,362.409,0.002794,0.004397,0.001603
aten::mm,"[[36,256],[256,2048]]","[""c10::BFloat16"",""c10::BFloat16""]",both,"[""operator_shape_matched""]","[""operator_shape_matched""]",1,1,40,40,124.134,125.701,0.000966,0.001525,0.000559
aten::mm,"[[37,2048],[2048,124160]]","[""c10::BFloat16"",""c10::BFloat16""]",both,"[""operator_shape_matched""]","[""operator_shape_matched""]",1,1,1,1,181.859,180.931,0.001415,0.002195,0.00078
aten::mm,"[[38,2048],[2048,124160]]","[""c10::BFloat16"",""c10::BFloat16""]",both,"[""operator_shape_matched""]","[""operator_shape_matched""]",1,1,1,1,180.164,179.011,0.001402,0.002172,0.00077
aten::mm,"[[38,2048],[2048,1]]","[""c10::BFloat16"",""c10::BFloat16""]",both,"[""operator_shape_matched""]","[""operator_shape_matched""]",2,2,80,80,157.987,157.866,0.00123,0.001915,0.000686
aten::mm,"[[38,2048],[2048,2048]]","[""c10::BFloat16"",""c10::BFloat16""]",both,"[""operator_shape_matched""]","[""operator_shape_matched""]",1,1,40,40,272.905,273.537,0.002124,0.003319,0.001195
aten::mm,"[[38,2048],[2048,256]]","[""c10::BFloat16"",""c10::BFloat16""]",both,"[""operator_shape_matched""]","[""operator_shape_matched""]",1,1,40,40,218.723,220.387,0.001702,0.002674,0.000972
aten::mm,"[[38,2048],[2048,32]]","[""c10::BFloat16"",""c10::BFloat16""]",both,"[""operator_shape_matched""]","[""operator_shape_matched""]",1,1,30,30,159.011,159.681,0.001238,0.001937,0.0007
aten::mm,"[[38,2048],[2048,4608]]","[""c10::BFloat16"",""c10::BFloat16""]",both,"[""operator_shape_matched""]","[""operator_shape_matched""]",1,1,10,10,92.899,93.152,0.000723,0.00113,0.000407
aten::mm,"[[38,2048],[2048,512]]","[""c10::BFloat16"",""c10::BFloat16""]",both,"[""operator_shape_matched""]","[""operator_shape_matched""]",1,1,40,40,218.18,220.359,0.001698,0.002674,0.000976
aten::mm,"[[38,2048],[2048,6144]]","[""c10::BFloat16"",""c10::BFloat16""]",both,"[""operator_shape_matched""]","[""operator_shape_matched""]",1,1,30,30,363.336,360.778,0.002828,0.004377,0.00155
aten::mm,"[[38,256],[256,2048]]","[""c10::BFloat16"",""c10::BFloat16""]",both,"[""operator_shape_matched""]","[""operator_shape_matched""]",1,1,40,40,123.748,124.254,0.000963,0.001508,0.000545
aten::mm,"[[39,2048],[2048,124160]]","[""c10::BFloat16"",""c10::BFloat16""]",both,"[""operator_shape_matched""]","[""operator_shape_matched""]",1,1,1,1,180.708,182.916,0.001406,0.002219,0.000813
aten::mm,"[[4,2048],[2048,124160]]","[""c10::BFloat16"",""c10::BFloat16""]",both,"[""operator_shape_matched""]","[""operator_shape_matched""]",1,1,1,1,168.163,169.571,0.001309,0.002057,0.000749
aten::mm,"[[4,2048],[2048,1]]","[""c10::BFloat16"",""c10::BFloat16""]",both,"[""operator_shape_matched""]","[""operator_shape_matched""]",2,2,80,80,141.7,140.701,0.001103,0.001707,0.000604
aten::mm,"[[4,2048],[2048,2048]]","[""c10::BFloat16"",""c10::BFloat16""]",both,"[""operator_shape_matched""]","[""operator_shape_matched""]",1,1,40,40,244.101,246.345,0.0019,0.002989,0.001089
aten::mm,"[[4,2048],[2048,256]]","[""c10::BFloat16"",""c10::BFloat16""]",both,"[""operator_shape_matched""]","[""operator_shape_matched""]",1,1,40,40,214.314,214.659,0.001668,0.002604,0.000937
aten::mm,"[[4,2048],[2048,32]]","[""c10::BFloat16"",""c10::BFloat16""]",both,"[""operator_shape_matched""]","[""operator_shape_matched""]",1,1,30,30,152.706,152.196,0.001188,0.001847,0.000658
aten::mm,"[[4,2048],[2048,4608]]","[""c10::BFloat16"",""c10::BFloat16""]",both,"[""operator_shape_matched""]","[""operator_shape_matched""]",1,1,10,10,86.53,85.825,0.000673,0.001041,0.000368
aten::mm,"[[4,2048],[2048,512]]","[""c10::BFloat16"",""c10::BFloat16""]",both,"[""operator_shape_matched""]","[""operator_shape_matched""]",1,1,40,40,221.125,222.022,0.001721,0.002694,0.000973
aten::mm,"[[4,2048],[2048,6144]]","[""c10::BFloat16"",""c10::BFloat16""]",both,"[""operator_shape_matched""]","[""operator_shape_matched""]",1,1,30,30,339.044,338.341,0.002639,0.004105,0.001466
aten::mm,"[[4,256],[256,2048]]","[""c10::BFloat16"",""c10::BFloat16""]",both,"[""operator_shape_matched""]","[""operator_shape_matched""]",1,1,40,40,116.932,116.866,0.00091,0.001418,0.000508
aten::mm,"[[40,2048],[2048,124160]]","[""c10::BFloat16"",""c10::BFloat16""]",both,"[""operator_shape_matched""]","[""operator_shape_matched""]",1,1,1,1,180.579,179.971,0.001405,0.002184,0.000778
aten::mm,"[[40,2048],[2048,1]]","[""c10::BFloat16"",""c10::BFloat16""]",both,"[""operator_shape_matched""]","[""operator_shape_matched""]",1,1,40,40,198.568,200.198,0.001545,0.002429,0.000884
aten::mm,"[[40,2048],[2048,2048]]","[""c10::BFloat16"",""c10::BFloat16""]",both,"[""operator_shape_matched""]","[""operator_shape_matched""]",1,1,40,40,271.492,272.42,0.002113,0.003305,0.001192
aten::mm,"[[40,2048],[2048,256]]","[""c10::BFloat16"",""c10::BFloat16""]",both,"[""operator_shape_matched""]","[""operator_shape_matched""]",1,1,40,40,218.34,219.233,0.001699,0.00266,0.000961
aten::mm,"[[40,2048],[2048,32]]","[""c10::BFloat16"",""c10::BFloat16""]",both,"[""operator_shape_matched""]","[""operator_shape_matched""]",1,1,30,30,155.586,156.291,0.001211,0.001896,0.000685
aten::mm,"[[40,2048],[2048,4608]]","[""c10::BFloat16"",""c10::BFloat16""]",both,"[""operator_shape_matched""]","[""operator_shape_matched""]",1,1,10,10,92.834,93.059,0.000722,0.001129,0.000407
aten::mm,"[[40,2048],[2048,512]]","[""c10::BFloat16"",""c10::BFloat16""]",both,"[""operator_shape_matched""]","[""operator_shape_matched""]",1,1,40,40,217.893,219.814,0.001696,0.002667,0.000971
aten::mm,"[[40,2048],[2048,6144]]","[""c10::BFloat16"",""c10::BFloat16""]",both,"[""operator_shape_matched""]","[""operator_shape_matched""]",1,1,30,30,361.0,362.758,0.00281,0.004401,0.001592
aten::mm,"[[40,256],[256,2048]]","[""c10::BFloat16"",""c10::BFloat16""]",both,"[""operator_shape_matched""]","[""operator_shape_matched""]",1,1,40,40,123.683,124.386,0.000963,0.001509,0.000547
aten::mm,"[[4096,2048],[2048,1]]","[""c10::BFloat16"",""c10::BFloat16""]",both,"[""operator_shape_matched""]","[""operator_shape_matched""]",1,1,40,40,390.572,390.637,0.00304,0.00474,0.0017
aten::mm,"[[4096,2048],[2048,2048]]","[""c10::BFloat16"",""c10::BFloat16""]",both,"[""operator_shape_matched""]","[""operator_shape_matched""]",1,1,40,40,1831.528,1832.612,0.014254,0.022235,0.007981
aten::mm,"[[4096,2048],[2048,256]]","[""c10::BFloat16"",""c10::BFloat16""]",both,"[""operator_shape_matched""]","[""operator_shape_matched""]",1,1,40,40,461.199,457.575,0.003589,0.005552,0.001962
aten::mm,"[[4096,2048],[2048,32]]","[""c10::BFloat16"",""c10::BFloat16""]",both,"[""operator_shape_matched""]","[""operator_shape_matched""]",1,1,30,30,219.88,218.052,0.001711,0.002646,0.000934
aten::mm,"[[4096,2048],[2048,4608]]","[""c10::BFloat16"",""c10::BFloat16""]",both,"[""operator_shape_matched""]","[""operator_shape_matched""]",1,1,10,10,1036.02,1078.486,0.008063,0.013085,0.005022
aten::mm,"[[4096,2048],[2048,512]]","[""c10::BFloat16"",""c10::BFloat16""]",both,"[""operator_shape_matched""]","[""operator_shape_matched""]",1,1,40,40,548.742,558.765,0.004271,0.00678,0.002509
aten::mm,"[[4096,2048],[2048,6144]]","[""c10::BFloat16"",""c10::BFloat16""]",both,"[""operator_shape_matched""]","[""operator_shape_matched""]",1,1,30,30,4044.112,4168.18,0.031474,0.050573,0.019099
aten::mm,"[[4096,256],[256,2048]]","[""c10::BFloat16"",""c10::BFloat16""]",both,"[""operator_shape_matched""]","[""operator_shape_matched""]",1,1,40,40,460.713,468.042,0.003586,0.005679,0.002093
aten::mm,"[[41,2048],[2048,124160]]","[""c10::BFloat16"",""c10::BFloat16""]",both,"[""operator_shape_matched""]","[""operator_shape_matched""]",1,1,1,1,180.74,180.58,0.001407,0.002191,0.000784
aten::mm,"[[42,2048],[2048,124160]]","[""c10::BFloat16"",""c10::BFloat16""]",both,"[""operator_shape_matched""]","[""operator_shape_matched""]",1,1,1,1,180.259,179.46,0.001403,0.002177,0.000775
aten::mm,"[[42,2048],[2048,1]]","[""c10::BFloat16"",""c10::BFloat16""]",both,"[""operator_shape_matched""]","[""operator_shape_matched""]",2,2,80,80,161.987,162.784,0.001261,0.001975,0.000714
aten::mm,"[[42,2048],[2048,2048]]","[""c10::BFloat16"",""c10::BFloat16""]",both,"[""operator_shape_matched""]","[""operator_shape_matched""]",1,1,40,40,270.565,271.525,0.002106,0.003294,0.001189
aten::mm,"[[42,2048],[2048,256]]","[""c10::BFloat16"",""c10::BFloat16""]",both,"[""operator_shape_matched""]","[""operator_shape_matched""]",1,1,40,40,218.883,220.099,0.001703,0.00267,0.000967
aten::mm,"[[42,2048],[2048,32]]","[""c10::BFloat16"",""c10::BFloat16""]",both,"[""operator_shape_matched""]","[""operator_shape_matched""]",1,1,30,30,158.851,159.911,0.001236,0.00194,0.000704
aten::mm,"[[42,2048],[2048,4608]]","[""c10::BFloat16"",""c10::BFloat16""]",both,"[""operator_shape_matched""]","[""operator_shape_matched""]",1,1,10,10,91.392,91.874,0.000711,0.001115,0.000403
aten::mm,"[[42,2048],[2048,512]]","[""c10::BFloat16"",""c10::BFloat16""]",both,"[""operator_shape_matched""]","[""operator_shape_matched""]",1,1,40,40,218.853,218.724,0.001703,0.002654,0.000951
aten::mm,"[[42,2048],[2048,6144]]","[""c10::BFloat16"",""c10::BFloat16""]",both,"[""operator_shape_matched""]","[""operator_shape_matched""]",1,1,30,30,361.387,359.302,0.002813,0.004359,0.001547
aten::mm,"[[42,256],[256,2048]]","[""c10::BFloat16"",""c10::BFloat16""]",both,"[""operator_shape_matched""]","[""operator_shape_matched""]",1,1,40,40,123.554,124.993,0.000962,0.001517,0.000555
aten::mm,"[[43,2048],[2048,124160]]","[""c10::BFloat16"",""c10::BFloat16""]",both,"[""operator_shape_matched""]","[""operator_shape_matched""]",1,1,1,1,181.988,181.764,0.001416,0.002205,0.000789
aten::mm,"[[44,2048],[2048,124160]]","[""c10::BFloat16"",""c10::BFloat16""]",both,"[""operator_shape_matched""]","[""operator_shape_matched""]",1,1,1,1,180.803,180.579,0.001407,0.002191,0.000784
aten::mm,"[[44,2048],[2048,1]]","[""c10::BFloat16"",""c10::BFloat16""]",both,"[""operator_shape_matched""]","[""operator_shape_matched""]",2,2,80,80,164.357,164.394,0.001279,0.001995,0.000715
aten::mm,"[[44,2048],[2048,2048]]","[""c10::BFloat16"",""c10::BFloat16""]",both,"[""operator_shape_matched""]","[""operator_shape_matched""]",1,1,40,40,270.053,270.53,0.002102,0.003282,0.001181
aten::mm,"[[44,2048],[2048,256]]","[""c10::BFloat16"",""c10::BFloat16""]",both,"[""operator_shape_matched""]","[""operator_shape_matched""]",1,1,40,40,219.618,219.488,0.001709,0.002663,0.000954
aten::mm,"[[44,2048],[2048,32]]","[""c10::BFloat16"",""c10::BFloat16""]",both,"[""operator_shape_matched""]","[""operator_shape_matched""]",1,1,30,30,158.079,158.466,0.00123,0.001923,0.000692
aten::mm,"[[44,2048],[2048,4608]]","[""c10::BFloat16"",""c10::BFloat16""]",both,"[""operator_shape_matched""]","[""operator_shape_matched""]",1,1,10,10,92.354,92.545,0.000719,0.001123,0.000404
aten::mm,"[[44,2048],[2048,512]]","[""c10::BFloat16"",""c10::BFloat16""]",both,"[""operator_shape_matched""]","[""operator_shape_matched""]",1,1,40,40,217.8,219.522,0.001695,0.002663,0.000968
aten::mm,"[[44,2048],[2048,6144]]","[""c10::BFloat16"",""c10::BFloat16""]",both,"[""operator_shape_matched""]","[""operator_shape_matched""]",1,1,30,30,361.102,360.421,0.00281,0.004373,0.001563
aten::mm,"[[44,256],[256,2048]]","[""c10::BFloat16"",""c10::BFloat16""]",both,"[""operator_shape_matched""]","[""operator_shape_matched""]",1,1,40,40,123.587,124.901,0.000962,0.001515,0.000554
aten::mm,"[[45,2048],[2048,124160]]","[""c10::BFloat16"",""c10::BFloat16""]",both,"[""operator_shape_matched""]","[""operator_shape_matched""]",1,1,1,1,180.612,182.18,0.001406,0.00221,0.000805
aten::mm,"[[46,2048],[2048,124160]]","[""c10::BFloat16"",""c10::BFloat16""]",both,"[""operator_shape_matched""]","[""operator_shape_matched""]",1,1,1,1,181.315,181.699,0.001411,0.002205,0.000793
aten::mm,"[[46,2048],[2048,1]]","[""c10::BFloat16"",""c10::BFloat16""]",both,"[""operator_shape_matched""]","[""operator_shape_matched""]",2,2,80,80,165.987,166.341,0.001292,0.002018,0.000726
aten::mm,"[[46,2048],[2048,2048]]","[""c10::BFloat16"",""c10::BFloat16""]",both,"[""operator_shape_matched""]","[""operator_shape_matched""]",1,1,40,40,268.261,269.962,0.002088,0.003275,0.001188
aten::mm,"[[46,2048],[2048,256]]","[""c10::BFloat16"",""c10::BFloat16""]",both,"[""operator_shape_matched""]","[""operator_shape_matched""]",1,1,40,40,219.4,219.591,0.001707,0.002664,0.000957
aten::mm,"[[46,2048],[2048,32]]","[""c10::BFloat16"",""c10::BFloat16""]",both,"[""operator_shape_matched""]","[""operator_shape_matched""]",1,1,30,30,158.95,158.699,0.001237,0.001926,0.000688
aten::mm,"[[46,2048],[2048,4608]]","[""c10::BFloat16"",""c10::BFloat16""]",both,"[""operator_shape_matched""]","[""operator_shape_matched""]",1,1,10,10,91.458,92.608,0.000712,0.001124,0.000412
aten::mm,"[[46,2048],[2048,512]]","[""c10::BFloat16"",""c10::BFloat16""]",both,"[""operator_shape_matched""]","[""operator_shape_matched""]",1,1,40,40,217.797,221.507,0.001695,0.002688,0.000993
aten::mm,"[[46,2048],[2048,6144]]","[""c10::BFloat16"",""c10::BFloat16""]",both,"[""operator_shape_matched""]","[""operator_shape_matched""]",1,1,30,30,360.455,358.151,0.002805,0.004345,0.00154
aten::mm,"[[46,256],[256,2048]]","[""c10::BFloat16"",""c10::BFloat16""]",both,"[""operator_shape_matched""]","[""operator_shape_matched""]",1,1,40,40,124.356,124.416,0.000968,0.00151,0.000542
aten::mm,"[[47,2048],[2048,124160]]","[""c10::BFloat16"",""c10::BFloat16""]",both,"[""operator_shape_matched""]","[""operator_shape_matched""]",1,1,1,1,181.22,182.34,0.00141,0.002212,0.000802
aten::mm,"[[48,2048],[2048,124160]]","[""c10::BFloat16"",""c10::BFloat16""]",both,"[""operator_shape_matched""]","[""operator_shape_matched""]",1,1,1,1,182.243,181.86,0.001418,0.002207,0.000788
aten::mm,"[[48,2048],[2048,1]]","[""c10::BFloat16"",""c10::BFloat16""]",both,"[""operator_shape_matched""]","[""operator_shape_matched""]",1,1,40,40,199.396,200.769,0.001552,0.002436,0.000884
aten::mm,"[[48,2048],[2048,2048]]","[""c10::BFloat16"",""c10::BFloat16""]",both,"[""operator_shape_matched""]","[""operator_shape_matched""]",1,1,40,40,271.81,270.92,0.002115,0.003287,0.001172
aten::mm,"[[48,2048],[2048,256]]","[""c10::BFloat16"",""c10::BFloat16""]",both,"[""operator_shape_matched""]","[""operator_shape_matched""]",1,1,40,40,219.332,219.94,0.001707,0.002669,0.000962
aten::mm,"[[48,2048],[2048,32]]","[""c10::BFloat16"",""c10::BFloat16""]",both,"[""operator_shape_matched""]","[""operator_shape_matched""]",1,1,30,30,156.768,156.803,0.00122,0.001902,0.000682
aten::mm,"[[48,2048],[2048,4608]]","[""c10::BFloat16"",""c10::BFloat16""]",both,"[""operator_shape_matched""]","[""operator_shape_matched""]",1,1,10,10,92.384,92.736,0.000719,0.001125,0.000406
aten::mm,"[[48,2048],[2048,512]]","[""c10::BFloat16"",""c10::BFloat16""]",both,"[""operator_shape_matched""]","[""operator_shape_matched""]",1,1,40,40,217.958,218.821,0.001696,0.002655,0.000959
aten::mm,"[[48,2048],[2048,6144]]","[""c10::BFloat16"",""c10::BFloat16""]",both,"[""operator_shape_matched""]","[""operator_shape_matched""]",1,1,30,30,359.754,359.85,0.0028,0.004366,0.001566
aten::mm,"[[48,256],[256,2048]]","[""c10::BFloat16"",""c10::BFloat16""]",both,"[""operator_shape_matched""]","[""operator_shape_matched""]",1,1,40,40,124.581,124.867,0.00097,0.001515,0.000545
aten::mm,"[[49,2048],[2048,124160]]","[""c10::BFloat16"",""c10::BFloat16""]",both,"[""operator_shape_matched""]","[""operator_shape_matched""]",1,1,1,1,182.244,182.596,0.001418,0.002215,0.000797
aten::mm,"[[5,2048],[2048,124160]]","[""c10::BFloat16"",""c10::BFloat16""]",both,"[""operator_shape_matched""]","[""operator_shape_matched""]",1,1,1,1,176.067,176.452,0.00137,0.002141,0.000771
aten::mm,"[[50,2048],[2048,124160]]","[""c10::BFloat16"",""c10::BFloat16""]",both,"[""operator_shape_matched""]","[""operator_shape_matched""]",1,1,1,1,182.084,180.963,0.001417,0.002196,0.000779
aten::mm,"[[50,2048],[2048,1]]","[""c10::BFloat16"",""c10::BFloat16""]",both,"[""operator_shape_matched""]","[""operator_shape_matched""]",2,2,80,80,169.857,169.382,0.001322,0.002055,0.000733
aten::mm,"[[50,2048],[2048,2048]]","[""c10::BFloat16"",""c10::BFloat16""]",both,"[""operator_shape_matched""]","[""operator_shape_matched""]",1,1,40,40,275.302,275.494,0.002143,0.003343,0.0012
aten::mm,"[[50,2048],[2048,256]]","[""c10::BFloat16"",""c10::BFloat16""]",both,"[""operator_shape_matched""]","[""operator_shape_matched""]",1,1,40,40,219.813,219.622,0.001711,0.002665,0.000954
aten::mm,"[[50,2048],[2048,32]]","[""c10::BFloat16"",""c10::BFloat16""]",both,"[""operator_shape_matched""]","[""operator_shape_matched""]",1,1,30,30,158.726,158.948,0.001235,0.001929,0.000693
aten::mm,"[[50,2048],[2048,4608]]","[""c10::BFloat16"",""c10::BFloat16""]",both,"[""operator_shape_matched""]","[""operator_shape_matched""]",1,1,10,10,93.251,92.354,0.000726,0.001121,0.000395
aten::mm,"[[50,2048],[2048,512]]","[""c10::BFloat16"",""c10::BFloat16""]",both,"[""operator_shape_matched""]","[""operator_shape_matched""]",1,1,40,40,218.691,220.001,0.001702,0.002669,0.000967
aten::mm,"[[50,2048],[2048,6144]]","[""c10::BFloat16"",""c10::BFloat16""]",both,"[""operator_shape_matched""]","[""operator_shape_matched""]",1,1,30,30,357.676,357.703,0.002784,0.00434,0.001556
aten::mm,"[[50,256],[256,2048]]","[""c10::BFloat16"",""c10::BFloat16""]",both,"[""operator_shape_matched""]","[""operator_shape_matched""]",1,1,40,40,125.533,126.78,0.000977,0.001538,0.000561
aten::mm,"[[5089,2048],[2048,1]]","[""c10::BFloat16"",""c10::BFloat16""]",both,"[""operator_shape_matched""]","[""operator_shape_matched""]",1,1,40,40,622.539,629.262,0.004845,0.007635,0.00279
aten::mm,"[[5089,2048],[2048,2048]]","[""c10::BFloat16"",""c10::BFloat16""]",both,"[""operator_shape_matched""]","[""operator_shape_matched""]",1,1,40,40,2297.454,2292.751,0.01788,0.027818,0.009938
aten::mm,"[[5089,2048],[2048,256]]","[""c10::BFloat16"",""c10::BFloat16""]",both,"[""operator_shape_matched""]","[""operator_shape_matched""]",1,1,40,40,514.473,517.579,0.004004,0.00628,0.002276
aten::mm,"[[5089,2048],[2048,32]]","[""c10::BFloat16"",""c10::BFloat16""]",both,"[""operator_shape_matched""]","[""operator_shape_matched""]",1,1,30,30,245.124,245.381,0.001908,0.002977,0.00107
aten::mm,"[[5089,2048],[2048,4608]]","[""c10::BFloat16"",""c10::BFloat16""]",both,"[""operator_shape_matched""]","[""operator_shape_matched""]",1,1,10,10,1331.1,1329.532,0.010359,0.016131,0.005772
aten::mm,"[[5089,2048],[2048,512]]","[""c10::BFloat16"",""c10::BFloat16""]",both,"[""operator_shape_matched""]","[""operator_shape_matched""]",1,1,40,40,668.043,667.659,0.005199,0.008101,0.002902
aten::mm,"[[5089,2048],[2048,6144]]","[""c10::BFloat16"",""c10::BFloat16""]",both,"[""operator_shape_matched""]","[""operator_shape_matched""]",1,1,30,30,5135.27,5139.245,0.039966,0.062355,0.022389
aten::mm,"[[5089,256],[256,2048]]","[""c10::BFloat16"",""c10::BFloat16""]",both,"[""operator_shape_matched""]","[""operator_shape_matched""]",1,1,40,40,558.125,559.593,0.004344,0.00679,0.002446
aten::mm,"[[51,2048],[2048,124160]]","[""c10::BFloat16"",""c10::BFloat16""]",both,"[""operator_shape_matched""]","[""operator_shape_matched""]",1,1,1,1,183.427,183.012,0.001428,0.00222,0.000793
aten::mm,"[[52,2048],[2048,124160]]","[""c10::BFloat16"",""c10::BFloat16""]",both,"[""operator_shape_matched""]","[""operator_shape_matched""]",1,1,1,1,182.404,181.668,0.00142,0.002204,0.000785
aten::mm,"[[52,2048],[2048,1]]","[""c10::BFloat16"",""c10::BFloat16""]",both,"[""operator_shape_matched""]","[""operator_shape_matched""]",2,2,80,80,171.4,171.074,0.001334,0.002076,0.000742
aten::mm,"[[52,2048],[2048,2048]]","[""c10::BFloat16"",""c10::BFloat16""]",both,"[""operator_shape_matched""]","[""operator_shape_matched""]",1,1,40,40,276.451,275.458,0.002152,0.003342,0.001191
aten::mm,"[[52,2048],[2048,256]]","[""c10::BFloat16"",""c10::BFloat16""]",both,"[""operator_shape_matched""]","[""operator_shape_matched""]",1,1,40,40,219.426,220.52,0.001708,0.002676,0.000968
aten::mm,"[[52,2048],[2048,32]]","[""c10::BFloat16"",""c10::BFloat16""]",both,"[""operator_shape_matched""]","[""operator_shape_matched""]",1,1,30,30,159.295,158.438,0.00124,0.001922,0.000683
aten::mm,"[[52,2048],[2048,4608]]","[""c10::BFloat16"",""c10::BFloat16""]",both,"[""operator_shape_matched""]","[""operator_shape_matched""]",1,1,10,10,91.939,91.715,0.000716,0.001113,0.000397
aten::mm,"[[52,2048],[2048,512]]","[""c10::BFloat16"",""c10::BFloat16""]",both,"[""operator_shape_matched""]","[""operator_shape_matched""]",1,1,40,40,218.885,219.877,0.001703,0.002668,0.000964
aten::mm,"[[52,2048],[2048,6144]]","[""c10::BFloat16"",""c10::BFloat16""]",both,"[""operator_shape_matched""]","[""operator_shape_matched""]",1,1,30,30,357.96,355.913,0.002786,0.004318,0.001532
aten::mm,"[[52,256],[256,2048]]","[""c10::BFloat16"",""c10::BFloat16""]",both,"[""operator_shape_matched""]","[""operator_shape_matched""]",1,1,40,40,125.406,125.889,0.000976,0.001527,0.000551
aten::mm,"[[53,2048],[2048,124160]]","[""c10::BFloat16"",""c10::BFloat16""]",both,"[""operator_shape_matched""]","[""operator_shape_matched""]",1,1,1,1,182.564,182.66,0.001421,0.002216,0.000795
aten::mm,"[[54,2048],[2048,124160]]","[""c10::BFloat16"",""c10::BFloat16""]",both,"[""operator_shape_matched""]","[""operator_shape_matched""]",1,1,1,1,183.14,182.308,0.001425,0.002212,0.000787
aten::mm,"[[54,2048],[2048,1]]","[""c10::BFloat16"",""c10::BFloat16""]",both,"[""operator_shape_matched""]","[""operator_shape_matched""]",2,2,80,80,172.966,173.766,0.001346,0.002108,0.000762
aten::mm,"[[54,2048],[2048,2048]]","[""c10::BFloat16"",""c10::BFloat16""]",both,"[""operator_shape_matched""]","[""operator_shape_matched""]",1,1,40,40,273.001,272.713,0.002125,0.003309,0.001184
aten::mm,"[[54,2048],[2048,256]]","[""c10::BFloat16"",""c10::BFloat16""]",both,"[""operator_shape_matched""]","[""operator_shape_matched""]",1,1,40,40,219.172,220.131,0.001706,0.002671,0.000965
aten::mm,"[[54,2048],[2048,32]]","[""c10::BFloat16"",""c10::BFloat16""]",both,"[""operator_shape_matched""]","[""operator_shape_matched""]",1,1,30,30,160.005,159.461,0.001245,0.001935,0.000689
aten::mm,"[[54,2048],[2048,4608]]","[""c10::BFloat16"",""c10::BFloat16""]",both,"[""operator_shape_matched""]","[""operator_shape_matched""]",1,1,10,10,92.097,93.858,0.000717,0.001139,0.000422
aten::mm,"[[54,2048],[2048,512]]","[""c10::BFloat16"",""c10::BFloat16""]",both,"[""operator_shape_matched""]","[""operator_shape_matched""]",1,1,40,40,219.684,219.908,0.00171,0.002668,0.000958
aten::mm,"[[54,2048],[2048,6144]]","[""c10::BFloat16"",""c10::BFloat16""]",both,"[""operator_shape_matched""]","[""operator_shape_matched""]",1,1,30,30,355.431,355.557,0.002766,0.004314,0.001548
aten::mm,"[[54,256],[256,2048]]","[""c10::BFloat16"",""c10::BFloat16""]",both,"[""operator_shape_matched""]","[""operator_shape_matched""]",1,1,40,40,125.726,126.338,0.000978,0.001533,0.000554
aten::mm,"[[55,2048],[2048,124160]]","[""c10::BFloat16"",""c10::BFloat16""]",both,"[""operator_shape_matched""]","[""operator_shape_matched""]",1,1,1,1,182.916,185.892,0.001424,0.002255,0.000832
aten::mm,"[[56,2048],[2048,124160]]","[""c10::BFloat16"",""c10::BFloat16""]",both,"[""operator_shape_matched""]","[""operator_shape_matched""]",1,1,1,1,183.14,183.459,0.001425,0.002226,0.000801
aten::mm,"[[56,2048],[2048,1]]","[""c10::BFloat16"",""c10::BFloat16""]",both,"[""operator_shape_matched""]","[""operator_shape_matched""]",1,1,40,40,199.971,201.031,0.001556,0.002439,0.000883
aten::mm,"[[56,2048],[2048,2048]]","[""c10::BFloat16"",""c10::BFloat16""]",both,"[""operator_shape_matched""]","[""operator_shape_matched""]",1,1,40,40,271.904,272.361,0.002116,0.003305,0.001188
aten::mm,"[[56,2048],[2048,256]]","[""c10::BFloat16"",""c10::BFloat16""]",both,"[""operator_shape_matched""]","[""operator_shape_matched""]",1,1,40,40,219.207,219.811,0.001706,0.002667,0.000961
aten::mm,"[[56,2048],[2048,32]]","[""c10::BFloat16"",""c10::BFloat16""]",both,"[""operator_shape_matched""]","[""operator_shape_matched""]",1,1,30,30,157.03,156.835,0.001222,0.001903,0.000681
aten::mm,"[[56,2048],[2048,4608]]","[""c10::BFloat16"",""c10::BFloat16""]",both,"[""operator_shape_matched""]","[""operator_shape_matched""]",1,1,10,10,91.811,93.603,0.000715,0.001136,0.000421
aten::mm,"[[56,2048],[2048,512]]","[""c10::BFloat16"",""c10::BFloat16""]",both,"[""operator_shape_matched""]","[""operator_shape_matched""]",1,1,40,40,218.758,219.36,0.001703,0.002662,0.000959
aten::mm,"[[56,2048],[2048,6144]]","[""c10::BFloat16"",""c10::BFloat16""]",both,"[""operator_shape_matched""]","[""operator_shape_matched""]",1,1,30,30,355.435,356.166,0.002766,0.004321,0.001555
aten::mm,"[[56,256],[256,2048]]","[""c10::BFloat16"",""c10::BFloat16""]",both,"[""operator_shape_matched""]","[""operator_shape_matched""]",1,1,40,40,125.478,125.728,0.000977,0.001525,0.000549
aten::mm,"[[57,2048],[2048,124160]]","[""c10::BFloat16"",""c10::BFloat16""]",both,"[""operator_shape_matched""]","[""operator_shape_matched""]",1,1,1,1,183.94,184.387,0.001432,0.002237,0.000806
aten::mm,"[[58,2048],[2048,124160]]","[""c10::BFloat16"",""c10::BFloat16""]",both,"[""operator_shape_matched""]","[""operator_shape_matched""]",1,1,1,1,186.532,185.477,0.001452,0.00225,0.000799
aten::mm,"[[58,2048],[2048,1]]","[""c10::BFloat16"",""c10::BFloat16""]",both,"[""operator_shape_matched""]","[""operator_shape_matched""]",2,2,80,80,177.478,178.338,0.001381,0.002164,0.000783
aten::mm,"[[58,2048],[2048,2048]]","[""c10::BFloat16"",""c10::BFloat16""]",both,"[""operator_shape_matched""]","[""operator_shape_matched""]",1,1,40,40,272.648,276.263,0.002122,0.003352,0.00123
aten::mm,"[[58,2048],[2048,256]]","[""c10::BFloat16"",""c10::BFloat16""]",both,"[""operator_shape_matched""]","[""operator_shape_matched""]",1,1,40,40,219.686,219.942,0.00171,0.002669,0.000959
aten::mm,"[[58,2048],[2048,32]]","[""c10::BFloat16"",""c10::BFloat16""]",both,"[""operator_shape_matched""]","[""operator_shape_matched""]",1,1,30,30,159.108,159.298,0.001238,0.001933,0.000694
aten::mm,"[[58,2048],[2048,4608]]","[""c10::BFloat16"",""c10::BFloat16""]",both,"[""operator_shape_matched""]","[""operator_shape_matched""]",1,1,10,10,91.491,91.873,0.000712,0.001115,0.000403
aten::mm,"[[58,2048],[2048,512]]","[""c10::BFloat16"",""c10::BFloat16""]",both,"[""operator_shape_matched""]","[""operator_shape_matched""]",1,1,40,40,219.082,220.422,0.001705,0.002674,0.000969
aten::mm,"[[58,2048],[2048,6144]]","[""c10::BFloat16"",""c10::BFloat16""]",both,"[""operator_shape_matched""]","[""operator_shape_matched""]",1,1,30,30,355.848,355.4,0.002769,0.004312,0.001543
aten::mm,"[[58,256],[256,2048]]","[""c10::BFloat16"",""c10::BFloat16""]",both,"[""operator_shape_matched""]","[""operator_shape_matched""]",1,1,40,40,126.723,126.403,0.000986,0.001534,0.000547
aten::mm,"[[59,2048],[2048,124160]]","[""c10::BFloat16"",""c10::BFloat16""]",both,"[""operator_shape_matched""]","[""operator_shape_matched""]",1,1,1,1,185.539,185.763,0.001444,0.002254,0.00081
aten::mm,"[[6,2048],[2048,124160]]","[""c10::BFloat16"",""c10::BFloat16""]",both,"[""operator_shape_matched""]","[""operator_shape_matched""]",1,1,1,1,169.379,168.964,0.001318,0.00205,0.000732
aten::mm,"[[6,2048],[2048,1]]","[""c10::BFloat16"",""c10::BFloat16""]",both,"[""operator_shape_matched""]","[""operator_shape_matched""]",2,2,80,80,141.122,140.774,0.001098,0.001708,0.00061
aten::mm,"[[6,2048],[2048,2048]]","[""c10::BFloat16"",""c10::BFloat16""]",both,"[""operator_shape_matched""]","[""operator_shape_matched""]",1,1,40,40,244.231,244.902,0.001901,0.002971,0.001071
aten::mm,"[[6,2048],[2048,256]]","[""c10::BFloat16"",""c10::BFloat16""]",both,"[""operator_shape_matched""]","[""operator_shape_matched""]",1,1,40,40,215.427,215.527,0.001677,0.002615,0.000938
aten::mm,"[[6,2048],[2048,32]]","[""c10::BFloat16"",""c10::BFloat16""]",both,"[""operator_shape_matched""]","[""operator_shape_matched""]",1,1,30,30,154.018,152.831,0.001199,0.001854,0.000656
aten::mm,"[[6,2048],[2048,4608]]","[""c10::BFloat16"",""c10::BFloat16""]",both,"[""operator_shape_matched""]","[""operator_shape_matched""]",1,1,10,10,87.651,87.84,0.000682,0.001066,0.000384
aten::mm,"[[6,2048],[2048,512]]","[""c10::BFloat16"",""c10::BFloat16""]",both,"[""operator_shape_matched""]","[""operator_shape_matched""]",1,1,40,40,221.798,222.787,0.001726,0.002703,0.000977
aten::mm,"[[6,2048],[2048,6144]]","[""c10::BFloat16"",""c10::BFloat16""]",both,"[""operator_shape_matched""]","[""operator_shape_matched""]",1,1,30,30,341.32,340.578,0.002656,0.004132,0.001476
aten::mm,"[[6,256],[256,2048]]","[""c10::BFloat16"",""c10::BFloat16""]",both,"[""operator_shape_matched""]","[""operator_shape_matched""]",1,1,40,40,117.09,117.604,0.000911,0.001427,0.000516
aten::mm,"[[60,2048],[2048,124160]]","[""c10::BFloat16"",""c10::BFloat16""]",both,"[""operator_shape_matched""]","[""operator_shape_matched""]",1,1,1,1,186.083,186.404,0.001448,0.002262,0.000813
aten::mm,"[[60,2048],[2048,1]]","[""c10::BFloat16"",""c10::BFloat16""]",both,"[""operator_shape_matched""]","[""operator_shape_matched""]",2,2,80,80,178.564,179.452,0.00139,0.002177,0.000788
aten::mm,"[[60,2048],[2048,2048]]","[""c10::BFloat16"",""c10::BFloat16""]",both,"[""operator_shape_matched""]","[""operator_shape_matched""]",1,1,40,40,271.88,274.145,0.002116,0.003326,0.00121
aten::mm,"[[60,2048],[2048,256]]","[""c10::BFloat16"",""c10::BFloat16""]",both,"[""operator_shape_matched""]","[""operator_shape_matched""]",1,1,40,40,219.078,220.354,0.001705,0.002674,0.000969
aten::mm,"[[60,2048],[2048,32]]","[""c10::BFloat16"",""c10::BFloat16""]",both,"[""operator_shape_matched""]","[""operator_shape_matched""]",1,1,30,30,159.65,159.653,0.001242,0.001937,0.000695
aten::mm,"[[60,2048],[2048,4608]]","[""c10::BFloat16"",""c10::BFloat16""]",both,"[""operator_shape_matched""]","[""operator_shape_matched""]",1,1,10,10,92.226,92.067,0.000718,0.001117,0.000399
aten::mm,"[[60,2048],[2048,512]]","[""c10::BFloat16"",""c10::BFloat16""]",both,"[""operator_shape_matched""]","[""operator_shape_matched""]",1,1,40,40,219.689,221.352,0.00171,0.002686,0.000976
aten::mm,"[[60,2048],[2048,6144]]","[""c10::BFloat16"",""c10::BFloat16""]",both,"[""operator_shape_matched""]","[""operator_shape_matched""]",1,1,30,30,349.933,353.605,0.002723,0.00429,0.001567
aten::mm,"[[60,256],[256,2048]]","[""c10::BFloat16"",""c10::BFloat16""]",both,"[""operator_shape_matched""]","[""operator_shape_matched""]",1,1,40,40,126.566,127.462,0.000985,0.001547,0.000561
aten::mm,"[[61,2048],[2048,124160]]","[""c10::BFloat16"",""c10::BFloat16""]",both,"[""operator_shape_matched""]","[""operator_shape_matched""]",1,1,1,1,185.379,185.38,0.001443,0.002249,0.000806
aten::mm,"[[62,2048],[2048,124160]]","[""c10::BFloat16"",""c10::BFloat16""]",both,"[""operator_shape_matched""]","[""operator_shape_matched""]",1,1,1,1,185.571,187.107,0.001444,0.00227,0.000826
aten::mm,"[[62,2048],[2048,1]]","[""c10::BFloat16"",""c10::BFloat16""]",both,"[""operator_shape_matched""]","[""operator_shape_matched""]",2,2,80,80,181.096,180.873,0.001409,0.002195,0.000785
aten::mm,"[[62,2048],[2048,2048]]","[""c10::BFloat16"",""c10::BFloat16""]",both,"[""operator_shape_matched""]","[""operator_shape_matched""]",1,1,40,40,272.298,271.461,0.002119,0.003294,0.001174
aten::mm,"[[62,2048],[2048,256]]","[""c10::BFloat16"",""c10::BFloat16""]",both,"[""operator_shape_matched""]","[""operator_shape_matched""]",1,1,40,40,218.986,219.524,0.001704,0.002663,0.000959
aten::mm,"[[62,2048],[2048,32]]","[""c10::BFloat16"",""c10::BFloat16""]",both,"[""operator_shape_matched""]","[""operator_shape_matched""]",1,1,30,30,159.363,159.653,0.00124,0.001937,0.000697
aten::mm,"[[62,2048],[2048,4608]]","[""c10::BFloat16"",""c10::BFloat16""]",both,"[""operator_shape_matched""]","[""operator_shape_matched""]",1,1,10,10,93.027,93.698,0.000724,0.001137,0.000413
aten::mm,"[[62,2048],[2048,512]]","[""c10::BFloat16"",""c10::BFloat16""]",both,"[""operator_shape_matched""]","[""operator_shape_matched""]",1,1,40,40,219.134,220.101,0.001705,0.00267,0.000965
aten::mm,"[[62,2048],[2048,6144]]","[""c10::BFloat16"",""c10::BFloat16""]",both,"[""operator_shape_matched""]","[""operator_shape_matched""]",1,1,30,30,352.197,355.592,0.002741,0.004314,0.001573
aten::mm,"[[62,256],[256,2048]]","[""c10::BFloat16"",""c10::BFloat16""]",both,"[""operator_shape_matched""]","[""operator_shape_matched""]",1,1,40,40,126.246,125.851,0.000983,0.001527,0.000544
aten::mm,"[[63,2048],[2048,124160]]","[""c10::BFloat16"",""c10::BFloat16""]",both,"[""operator_shape_matched""]","[""operator_shape_matched""]",1,1,3,3,558.987,561.676,0.00435,0.006815,0.002464
aten::mm,"[[63,2048],[2048,1]]","[""c10::BFloat16"",""c10::BFloat16""]",both,"[""operator_shape_matched""]","[""operator_shape_matched""]",2,2,160,160,363.749,363.496,0.002831,0.00441,0.001579
aten::mm,"[[63,2048],[2048,2048]]","[""c10::BFloat16"",""c10::BFloat16""]",both,"[""operator_shape_matched""]","[""operator_shape_matched""]",1,1,80,80,542.983,542.441,0.004226,0.006581,0.002356
aten::mm,"[[63,2048],[2048,256]]","[""c10::BFloat16"",""c10::BFloat16""]",both,"[""operator_shape_matched""]","[""operator_shape_matched""]",1,1,80,80,439.243,439.463,0.003418,0.005332,0.001914
aten::mm,"[[63,2048],[2048,32]]","[""c10::BFloat16"",""c10::BFloat16""]",both,"[""operator_shape_matched""]","[""operator_shape_matched""]",1,1,60,60,318.633,317.638,0.00248,0.003854,0.001374
aten::mm,"[[63,2048],[2048,4608]]","[""c10::BFloat16"",""c10::BFloat16""]",both,"[""operator_shape_matched""]","[""operator_shape_matched""]",1,1,20,20,185.57,184.835,0.001444,0.002243,0.000798
aten::mm,"[[63,2048],[2048,512]]","[""c10::BFloat16"",""c10::BFloat16""]",both,"[""operator_shape_matched""]","[""operator_shape_matched""]",1,1,80,80,437.736,440.878,0.003407,0.005349,0.001942
aten::mm,"[[63,2048],[2048,6144]]","[""c10::BFloat16"",""c10::BFloat16""]",both,"[""operator_shape_matched""]","[""operator_shape_matched""]",1,1,60,60,707.305,711.663,0.005505,0.008635,0.00313
aten::mm,"[[63,256],[256,2048]]","[""c10::BFloat16"",""c10::BFloat16""]",both,"[""operator_shape_matched""]","[""operator_shape_matched""]",1,1,80,80,252.964,253.795,0.001969,0.003079,0.001111
aten::mm,"[[64,2048],[2048,124160]]","[""c10::BFloat16"",""c10::BFloat16""]",both,"[""operator_shape_matched""]","[""operator_shape_matched""]",1,1,479,223,89420.893,41626.386,0.695925,0.505055,-0.19087
aten::mm,"[[64,2048],[2048,1]]","[""c10::BFloat16"",""c10::BFloat16""]",both,"[""operator_shape_matched""]","[""operator_shape_matched""]",1,1,19120,8880,95476.862,44427.476,0.743056,0.539041,-0.204016
aten::mm,"[[64,2048],[2048,2048]]","[""c10::BFloat16"",""c10::BFloat16""]",both,"[""operator_shape_matched""]","[""operator_shape_matched""]",1,1,19120,8880,129028.369,60038.217,1.004173,0.728446,-0.275727
aten::mm,"[[64,2048],[2048,256]]","[""c10::BFloat16"",""c10::BFloat16""]",both,"[""operator_shape_matched""]","[""operator_shape_matched""]",1,1,19120,8880,104841.721,48859.044,0.815939,0.592809,-0.22313
aten::mm,"[[64,2048],[2048,32]]","[""c10::BFloat16"",""c10::BFloat16""]",both,"[""operator_shape_matched""]","[""operator_shape_matched""]",1,1,14340,6660,75080.938,34888.641,0.584323,0.423305,-0.161018
aten::mm,"[[64,2048],[2048,4608]]","[""c10::BFloat16"",""c10::BFloat16""]",both,"[""operator_shape_matched""]","[""operator_shape_matched""]",1,1,4780,2220,44216.676,20591.686,0.34412,0.24984,-0.09428
aten::mm,"[[64,2048],[2048,512]]","[""c10::BFloat16"",""c10::BFloat16""]",both,"[""operator_shape_matched""]","[""operator_shape_matched""]",1,1,19120,8880,104763.464,48884.614,0.81533,0.593119,-0.222211
aten::mm,"[[64,2048],[2048,6144]]","[""c10::BFloat16"",""c10::BFloat16""]",both,"[""operator_shape_matched""]","[""operator_shape_matched""]",1,1,14340,6660,170418.661,79207.229,1.326296,0.961025,-0.365272
aten::mm,"[[64,256],[256,2048]]","[""c10::BFloat16"",""c10::BFloat16""]",both,"[""operator_shape_matched""]","[""operator_shape_matched""]",1,1,19120,8880,60146.014,28041.406,0.468091,0.340228,-0.127863
aten::mm,"[[7,2048],[2048,124160]]","[""c10::BFloat16"",""c10::BFloat16""]",both,"[""operator_shape_matched""]","[""operator_shape_matched""]",1,1,1,1,176.387,175.012,0.001373,0.002123,0.000751
aten::mm,"[[8,2048],[2048,124160]]","[""c10::BFloat16"",""c10::BFloat16""]",both,"[""operator_shape_matched""]","[""operator_shape_matched""]",1,1,1,1,171.203,169.7,0.001332,0.002059,0.000727
aten::mm,"[[8,2048],[2048,1]]","[""c10::BFloat16"",""c10::BFloat16""]",both,"[""operator_shape_matched""]","[""operator_shape_matched""]",1,1,40,40,198.919,199.938,0.001548,0.002426,0.000878
aten::mm,"[[8,2048],[2048,2048]]","[""c10::BFloat16"",""c10::BFloat16""]",both,"[""operator_shape_matched""]","[""operator_shape_matched""]",1,1,40,40,245.061,244.867,0.001907,0.002971,0.001064
aten::mm,"[[8,2048],[2048,256]]","[""c10::BFloat16"",""c10::BFloat16""]",both,"[""operator_shape_matched""]","[""operator_shape_matched""]",1,1,40,40,215.17,215.014,0.001675,0.002609,0.000934
aten::mm,"[[8,2048],[2048,32]]","[""c10::BFloat16"",""c10::BFloat16""]",both,"[""operator_shape_matched""]","[""operator_shape_matched""]",1,1,30,30,149.218,149.059,0.001161,0.001809,0.000647
aten::mm,"[[8,2048],[2048,4608]]","[""c10::BFloat16"",""c10::BFloat16""]",both,"[""operator_shape_matched""]","[""operator_shape_matched""]",1,1,10,10,87.776,87.617,0.000683,0.001063,0.00038
aten::mm,"[[8,2048],[2048,512]]","[""c10::BFloat16"",""c10::BFloat16""]",both,"[""operator_shape_matched""]","[""operator_shape_matched""]",1,1,40,40,216.998,217.827,0.001689,0.002643,0.000954
aten::mm,"[[8,2048],[2048,6144]]","[""c10::BFloat16"",""c10::BFloat16""]",both,"[""operator_shape_matched""]","[""operator_shape_matched""]",1,1,30,30,343.656,342.438,0.002675,0.004155,0.00148
aten::mm,"[[8,256],[256,2048]]","[""c10::BFloat16"",""c10::BFloat16""]",both,"[""operator_shape_matched""]","[""operator_shape_matched""]",1,1,40,40,116.294,116.387,0.000905,0.001412,0.000507
aten::mm,"[[8192,2048],[2048,1]]","[""c10::BFloat16"",""c10::BFloat16""]",both,"[""operator_shape_matched""]","[""operator_shape_matched""]",1,1,1240,1240,22619.425,22591.299,0.176037,0.274101,0.098064
aten::mm,"[[8192,2048],[2048,2048]]","[""c10::BFloat16"",""c10::BFloat16""]",both,"[""operator_shape_matched""]","[""operator_shape_matched""]",1,1,1240,1240,117361.787,117282.135,0.913377,1.422989,0.509612
aten::mm,"[[8192,2048],[2048,256]]","[""c10::BFloat16"",""c10::BFloat16""]",both,"[""operator_shape_matched""]","[""operator_shape_matched""]",1,1,1240,1240,20876.949,20923.143,0.162476,0.253861,0.091385
aten::mm,"[[8192,2048],[2048,32]]","[""c10::BFloat16"",""c10::BFloat16""]",both,"[""operator_shape_matched""]","[""operator_shape_matched""]",1,1,930,930,15090.368,15076.67,0.117442,0.182926,0.065484
aten::mm,"[[8192,2048],[2048,4608]]","[""c10::BFloat16"",""c10::BFloat16""]",both,"[""operator_shape_matched""]","[""operator_shape_matched""]",1,1,310,310,64108.638,64081.923,0.49893,0.777509,0.278578
aten::mm,"[[8192,2048],[2048,512]]","[""c10::BFloat16"",""c10::BFloat16""]",both,"[""operator_shape_matched""]","[""operator_shape_matched""]",1,1,1240,1240,31303.499,31283.691,0.243622,0.379566,0.135945
aten::mm,"[[8192,2048],[2048,6144]]","[""c10::BFloat16"",""c10::BFloat16""]",both,"[""operator_shape_matched""]","[""operator_shape_matched""]",1,1,930,930,260320.719,260175.359,2.025966,3.156719,1.130753
aten::mm,"[[8192,256],[256,2048]]","[""c10::BFloat16"",""c10::BFloat16""]",both,"[""operator_shape_matched""]","[""operator_shape_matched""]",1,1,1240,1240,23906.651,23907.167,0.186055,0.290067,0.104011
aten::mm,"[[9,2048],[2048,124160]]","[""c10::BFloat16"",""c10::BFloat16""]",both,"[""operator_shape_matched""]","[""operator_shape_matched""]",1,1,1,1,177.124,176.9,0.001378,0.002146,0.000768
aten::mul,"[[1,1,256],[1,1,1]]","[""float"",""float""]",both,"[""operator_shape_matched""]","[""operator_shape_matched""]",1,1,10,10,12.418,10.817,9.7e-05,0.000131,3.5e-05
aten::mul,"[[1,1,256],[256]]","[""float"",""float""]",both,"[""operator_shape_matched""]","[""operator_shape_matched""]",1,1,10,10,10.654,10.848,8.3e-05,0.000132,4.9e-05
aten::mul,"[[1,1,32],[1,1,32]]","[""c10::BFloat16"",""c10::BFloat16""]",both,"[""operator_shape_matched""]","[""operator_shape_matched""]",1,1,40,40,41.722,41.925,0.000325,0.000509,0.000184
aten::mul,"[[1,1],[1,2048]]","[""c10::BFloat16"",""c10::BFloat16""]",both,"[""operator_shape_matched""]","[""operator_shape_matched""]",1,1,40,40,62.626,53.888,0.000487,0.000654,0.000166
aten::mul,"[[1,2048],[1,1]]","[""float"",""float""]",both,"[""operator_shape_matched""]","[""operator_shape_matched""]",1,1,81,81,94.917,94.948,0.000739,0.001152,0.000413
aten::mul,"[[1,2048],[1,2048]]","[""c10::BFloat16"",""c10::BFloat16""]",both,"[""operator_shape_matched""]","[""operator_shape_matched""]",1,1,10,10,11.39,11.392,8.9e-05,0.000138,5e-05
aten::mul,"[[1,2048],[2048]]","[""float"",""float""]",both,"[""operator_shape_matched""]","[""operator_shape_matched""]",1,1,81,81,97.794,98.207,0.000761,0.001192,0.00043
aten::mul,"[[1,8,256],[1,8,1]]","[""float"",""float""]",both,"[""operator_shape_matched""]","[""operator_shape_matched""]",1,1,10,10,11.425,13.505,8.9e-05,0.000164,7.5e-05
aten::mul,"[[1,8,256],[256]]","[""float"",""float""]",both,"[""operator_shape_matched""]","[""operator_shape_matched""]",1,1,10,10,11.841,11.614,9.2e-05,0.000141,4.9e-05
aten::mul,"[[1,8,32],[1,1,32]]","[""c10::BFloat16"",""c10::BFloat16""]",both,"[""operator_shape_matched""]","[""operator_shape_matched""]",1,1,40,40,41.602,42.238,0.000324,0.000512,0.000189
aten::mul,"[[10,1,256],[10,1,1]]","[""float"",""float""]",both,"[""operator_shape_matched""]","[""operator_shape_matched""]",1,1,10,10,11.876,11.616,9.2e-05,0.000141,4.9e-05
aten::mul,"[[10,1,256],[256]]","[""float"",""float""]",both,"[""operator_shape_matched""]","[""operator_shape_matched""]",1,1,10,10,12.354,12.353,9.6e-05,0.00015,5.4e-05
aten::mul,"[[10,1,32],[10,1,32]]","[""c10::BFloat16"",""c10::BFloat16""]",both,"[""operator_shape_matched""]","[""operator_shape_matched""]",1,1,40,40,43.97,44.225,0.000342,0.000537,0.000194
aten::mul,"[[10,1],[10,2048]]","[""c10::BFloat16"",""c10::BFloat16""]",both,"[""operator_shape_matched""]","[""operator_shape_matched""]",1,1,40,40,56.161,56.837,0.000437,0.00069,0.000253
aten::mul,"[[10,2048],[10,1]]","[""float"",""float""]",both,"[""operator_shape_matched""]","[""operator_shape_matched""]",1,1,81,81,107.523,107.557,0.000837,0.001305,0.000468
aten::mul,"[[10,2048],[10,2048]]","[""c10::BFloat16"",""c10::BFloat16""]",both,"[""operator_shape_matched""]","[""operator_shape_matched""]",1,1,10,10,12.001,12.254,9.3e-05,0.000149,5.5e-05
aten::mul,"[[10,2048],[2048]]","[""float"",""float""]",both,"[""operator_shape_matched""]","[""operator_shape_matched""]",1,1,81,81,104.448,104.901,0.000813,0.001273,0.00046
aten::mul,"[[10,8,256],[10,8,1]]","[""float"",""float""]",both,"[""operator_shape_matched""]","[""operator_shape_matched""]",1,1,10,10,12.034,11.939,9.4e-05,0.000145,5.1e-05
aten::mul,"[[10,8,256],[256]]","[""float"",""float""]",both,"[""operator_shape_matched""]","[""operator_shape_matched""]",1,1,10,10,12.13,12.096,9.4e-05,0.000147,5.2e-05
aten::mul,"[[10,8,32],[10,1,32]]","[""c10::BFloat16"",""c10::BFloat16""]",both,"[""operator_shape_matched""]","[""operator_shape_matched""]",1,1,40,40,47.84,47.65,0.000372,0.000578,0.000206
aten::mul,"[[1008,128],[1008,128]]","[""float"",""float""]",both,"[""operator_shape_matched""]","[""operator_shape_matched""]",1,1,60,60,88.292,88.386,0.000687,0.001072,0.000385
aten::mul,"[[1008,128],[1008,1]]","[""float"",""float""]",both,"[""operator_shape_matched""]","[""operator_shape_matched""]",1,1,60,60,94.082,94.438,0.000732,0.001146,0.000414
aten::mul,"[[1008,128],[128]]","[""float"",""float""]",both,"[""operator_shape_matched""]","[""operator_shape_matched""]",1,1,60,60,91.017,90.753,0.000708,0.001101,0.000393
aten::mul,"[[1024,128],[1024,128]]","[""float"",""float""]",both,"[""operator_shape_matched""]","[""operator_shape_matched""]",1,1,14340,6660,20709.11,9620.444,0.16117,0.116725,-0.044445
aten::mul,"[[1024,128],[1024,1]]","[""float"",""float""]",both,"[""operator_shape_matched""]","[""operator_shape_matched""]",1,1,14340,6660,20725.241,9643.048,0.161296,0.117,-0.044296
aten::mul,"[[1024,128],[128]]","[""float"",""float""]",both,"[""operator_shape_matched""]","[""operator_shape_matched""]",1,1,14340,6660,20696.854,9621.808,0.161075,0.116742,-0.044333
aten::mul,"[[12,1,256],[12,1,1]]","[""float"",""float""]",both,"[""operator_shape_matched""]","[""operator_shape_matched""]",1,1,10,10,11.199,11.362,8.7e-05,0.000138,5.1e-05
aten::mul,"[[12,1,256],[256]]","[""float"",""float""]",both,"[""operator_shape_matched""]","[""operator_shape_matched""]",1,1,10,10,12.417,12.577,9.7e-05,0.000153,5.6e-05
aten::mul,"[[12,1,32],[12,1,32]]","[""c10::BFloat16"",""c10::BFloat16""]",both,"[""operator_shape_matched""]","[""operator_shape_matched""]",1,1,40,40,43.458,43.518,0.000338,0.000528,0.00019
aten::mul,"[[12,1],[12,2048]]","[""c10::BFloat16"",""c10::BFloat16""]",both,"[""operator_shape_matched""]","[""operator_shape_matched""]",1,1,40,40,55.937,56.325,0.000435,0.000683,0.000248
aten::mul,"[[12,2048],[12,1]]","[""float"",""float""]",both,"[""operator_shape_matched""]","[""operator_shape_matched""]",1,1,81,81,107.551,109.053,0.000837,0.001323,0.000486
aten::mul,"[[12,2048],[12,2048]]","[""c10::BFloat16"",""c10::BFloat16""]",both,"[""operator_shape_matched""]","[""operator_shape_matched""]",1,1,10,10,12.258,12.0,9.5e-05,0.000146,5e-05
aten::mul,"[[12,2048],[2048]]","[""float"",""float""]",both,"[""operator_shape_matched""]","[""operator_shape_matched""]",1,1,81,81,105.185,104.644,0.000819,0.00127,0.000451
aten::mul,"[[12,8,256],[12,8,1]]","[""float"",""float""]",both,"[""operator_shape_matched""]","[""operator_shape_matched""]",1,1,10,10,12.546,12.575,9.8e-05,0.000153,5.5e-05
aten::mul,"[[12,8,256],[256]]","[""float"",""float""]",both,"[""operator_shape_matched""]","[""operator_shape_matched""]",1,1,10,10,12.671,12.926,9.9e-05,0.000157,5.8e-05
aten::mul,"[[12,8,32],[12,1,32]]","[""c10::BFloat16"",""c10::BFloat16""]",both,"[""operator_shape_matched""]","[""operator_shape_matched""]",1,1,40,40,45.474,45.41,0.000354,0.000551,0.000197
aten::mul,"[[128,128],[128,128]]","[""float"",""float""]",both,"[""operator_shape_matched""]","[""operator_shape_matched""]",1,1,30,30,36.956,36.901,0.000288,0.000448,0.00016
aten::mul,"[[128,128],[128,1]]","[""float"",""float""]",both,"[""operator_shape_matched""]","[""operator_shape_matched""]",1,1,30,30,36.285,36.351,0.000282,0.000441,0.000159
aten::mul,"[[128,128],[128]]","[""float"",""float""]",both,"[""operator_shape_matched""]","[""operator_shape_matched""]",1,1,30,30,38.078,38.114,0.000296,0.000462,0.000166
aten::mul,"[[131072,128],[128]]","[""float"",""float""]",both,"[""operator_shape_matched""]","[""operator_shape_matched""]",1,1,930,930,42662.554,42672.731,0.332025,0.51775,0.185726
aten::mul,"[[131072,128],[131072,128]]","[""float"",""float""]",both,"[""operator_shape_matched""]","[""operator_shape_matched""]",1,1,930,930,63038.256,63022.346,0.4906,0.764653,0.274053
aten::mul,"[[131072,128],[131072,1]]","[""float"",""float""]",both,"[""operator_shape_matched""]","[""operator_shape_matched""]",1,1,930,930,37846.11,37801.656,0.29454,0.458649,0.164109
aten::mul,"[[14,1,256],[14,1,1]]","[""float"",""float""]",both,"[""operator_shape_matched""]","[""operator_shape_matched""]",1,1,10,10,11.87,11.808,9.2e-05,0.000143,5.1e-05
aten::mul,"[[14,1,256],[256]]","[""float"",""float""]",both,"[""operator_shape_matched""]","[""operator_shape_matched""]",1,1,10,10,12.063,12.002,9.4e-05,0.000146,5.2e-05
aten::mul,"[[14,1,32],[14,1,32]]","[""c10::BFloat16"",""c10::BFloat16""]",both,"[""operator_shape_matched""]","[""operator_shape_matched""]",1,1,40,40,44.066,44.071,0.000343,0.000535,0.000192
aten::mul,"[[14,1],[14,2048]]","[""c10::BFloat16"",""c10::BFloat16""]",both,"[""operator_shape_matched""]","[""operator_shape_matched""]",1,1,40,40,55.711,56.801,0.000434,0.000689,0.000256
aten::mul,"[[14,2048],[14,1]]","[""float"",""float""]",both,"[""operator_shape_matched""]","[""operator_shape_matched""]",1,1,81,81,109.216,108.387,0.00085,0.001315,0.000465
aten::mul,"[[14,2048],[14,2048]]","[""c10::BFloat16"",""c10::BFloat16""]",both,"[""operator_shape_matched""]","[""operator_shape_matched""]",1,1,10,10,12.289,12.192,9.6e-05,0.000148,5.2e-05
aten::mul,"[[14,2048],[2048]]","[""float"",""float""]",both,"[""operator_shape_matched""]","[""operator_shape_matched""]",1,1,81,81,104.579,104.161,0.000814,0.001264,0.00045
aten::mul,"[[14,8,256],[14,8,1]]","[""float"",""float""]",both,"[""operator_shape_matched""]","[""operator_shape_matched""]",1,1,10,10,12.354,12.254,9.6e-05,0.000149,5.3e-05
aten::mul,"[[14,8,256],[256]]","[""float"",""float""]",both,"[""operator_shape_matched""]","[""operator_shape_matched""]",1,1,10,10,12.19,12.383,9.5e-05,0.00015,5.5e-05
aten::mul,"[[14,8,32],[14,1,32]]","[""c10::BFloat16"",""c10::BFloat16""]",both,"[""operator_shape_matched""]","[""operator_shape_matched""]",1,1,40,40,46.848,46.752,0.000365,0.000567,0.000203
aten::mul,"[[16,1,256],[16,1,1]]","[""float"",""float""]",both,"[""operator_shape_matched""]","[""operator_shape_matched""]",1,1,10,10,11.362,11.073,8.8e-05,0.000134,4.6e-05
aten::mul,"[[16,1,256],[256]]","[""float"",""float""]",both,"[""operator_shape_matched""]","[""operator_shape_matched""]",1,1,10,10,12.481,12.225,9.7e-05,0.000148,5.1e-05
aten::mul,"[[16,1,32],[16,1,32]]","[""c10::BFloat16"",""c10::BFloat16""]",both,"[""operator_shape_matched""]","[""operator_shape_matched""]",1,1,40,40,44.324,44.384,0.000345,0.000539,0.000194
aten::mul,"[[16,128],[128]]","[""float"",""float""]",both,"[""operator_shape_matched""]","[""operator_shape_matched""]",1,1,30,30,37.821,37.854,0.000294,0.000459,0.000165
aten::mul,"[[16,128],[16,128]]","[""float"",""float""]",both,"[""operator_shape_matched""]","[""operator_shape_matched""]",1,1,30,30,35.361,35.908,0.000275,0.000436,0.00016
aten::mul,"[[16,128],[16,1]]","[""float"",""float""]",both,"[""operator_shape_matched""]","[""operator_shape_matched""]",1,1,30,30,36.833,36.962,0.000287,0.000448,0.000162
aten::mul,"[[16,1],[16,2048]]","[""c10::BFloat16"",""c10::BFloat16""]",both,"[""operator_shape_matched""]","[""operator_shape_matched""]",1,1,40,40,57.317,58.244,0.000446,0.000707,0.000261
aten::mul,"[[16,2048],[16,1]]","[""float"",""float""]",both,"[""operator_shape_matched""]","[""operator_shape_matched""]",1,1,81,81,105.609,106.397,0.000822,0.001291,0.000469
aten::mul,"[[16,2048],[16,2048]]","[""c10::BFloat16"",""c10::BFloat16""]",both,"[""operator_shape_matched""]","[""operator_shape_matched""]",1,1,10,10,12.065,12.191,9.4e-05,0.000148,5.4e-05
aten::mul,"[[16,2048],[2048]]","[""float"",""float""]",both,"[""operator_shape_matched""]","[""operator_shape_matched""]",1,1,81,81,105.223,105.758,0.000819,0.001283,0.000464
aten::mul,"[[16,8,256],[16,8,1]]","[""float"",""float""]",both,"[""operator_shape_matched""]","[""operator_shape_matched""]",1,1,10,10,12.96,12.703,0.000101,0.000154,5.3e-05
aten::mul,"[[16,8,256],[256]]","[""float"",""float""]",both,"[""operator_shape_matched""]","[""operator_shape_matched""]",1,1,10,10,12.352,12.416,9.6e-05,0.000151,5.5e-05
aten::mul,"[[16,8,32],[16,1,32]]","[""c10::BFloat16"",""c10::BFloat16""]",both,"[""operator_shape_matched""]","[""operator_shape_matched""]",1,1,40,40,46.209,46.051,0.00036,0.000559,0.000199
aten::mul,"[[160,128],[128]]","[""float"",""float""]",both,"[""operator_shape_matched""]","[""operator_shape_matched""]",1,1,30,30,39.168,39.265,0.000305,0.000476,0.000172
aten::mul,"[[160,128],[160,128]]","[""float"",""float""]",both,"[""operator_shape_matched""]","[""operator_shape_matched""]",1,1,30,30,36.35,36.799,0.000283,0.000446,0.000164
aten::mul,"[[160,128],[160,1]]","[""float"",""float""]",both,"[""operator_shape_matched""]","[""operator_shape_matched""]",1,1,30,30,39.871,39.875,0.00031,0.000484,0.000174
aten::mul,"[[18,1,256],[18,1,1]]","[""float"",""float""]",both,"[""operator_shape_matched""]","[""operator_shape_matched""]",1,1,10,10,12.096,12.194,9.4e-05,0.000148,5.4e-05
aten::mul,"[[18,1,256],[256]]","[""float"",""float""]",both,"[""operator_shape_matched""]","[""operator_shape_matched""]",1,1,10,10,11.872,11.936,9.2e-05,0.000145,5.2e-05
aten::mul,"[[18,1,32],[18,1,32]]","[""c10::BFloat16"",""c10::BFloat16""]",both,"[""operator_shape_matched""]","[""operator_shape_matched""]",1,1,40,40,44.701,44.318,0.000348,0.000538,0.00019
aten::mul,"[[18,1],[18,2048]]","[""c10::BFloat16"",""c10::BFloat16""]",both,"[""operator_shape_matched""]","[""operator_shape_matched""]",1,1,40,40,56.224,56.512,0.000438,0.000686,0.000248
aten::mul,"[[18,2048],[18,1]]","[""float"",""float""]",both,"[""operator_shape_matched""]","[""operator_shape_matched""]",1,1,81,81,109.443,109.538,0.000852,0.001329,0.000477
aten::mul,"[[18,2048],[18,2048]]","[""c10::BFloat16"",""c10::BFloat16""]",both,"[""operator_shape_matched""]","[""operator_shape_matched""]",1,1,10,10,13.121,12.481,0.000102,0.000151,4.9e-05
aten::mul,"[[18,2048],[2048]]","[""float"",""float""]",both,"[""operator_shape_matched""]","[""operator_shape_matched""]",1,1,81,81,104.809,104.453,0.000816,0.001267,0.000452
aten::mul,"[[18,8,256],[18,8,1]]","[""float"",""float""]",both,"[""operator_shape_matched""]","[""operator_shape_matched""]",1,1,10,10,12.193,12.223,9.5e-05,0.000148,5.3e-05
aten::mul,"[[18,8,256],[256]]","[""float"",""float""]",both,"[""operator_shape_matched""]","[""operator_shape_matched""]",1,1,10,10,12.448,12.673,9.7e-05,0.000154,5.7e-05
aten::mul,"[[18,8,32],[18,1,32]]","[""c10::BFloat16"",""c10::BFloat16""]",both,"[""operator_shape_matched""]","[""operator_shape_matched""]",1,1,40,40,46.049,45.925,0.000358,0.000557,0.000199
aten::mul,"[[192,128],[128]]","[""float"",""float""]",both,"[""operator_shape_matched""]","[""operator_shape_matched""]",1,1,30,30,39.039,39.552,0.000304,0.00048,0.000176
aten::mul,"[[192,128],[192,128]]","[""float"",""float""]",both,"[""operator_shape_matched""]","[""operator_shape_matched""]",1,1,30,30,36.608,36.637,0.000285,0.000445,0.00016
aten::mul,"[[192,128],[192,1]]","[""float"",""float""]",both,"[""operator_shape_matched""]","[""operator_shape_matched""]",1,1,30,30,40.002,40.286,0.000311,0.000489,0.000177
aten::mul,"[[2,1,256],[2,1,1]]","[""float"",""float""]",both,"[""operator_shape_matched""]","[""operator_shape_matched""]",1,1,10,10,10.849,10.654,8.4e-05,0.000129,4.5e-05
aten::mul,"[[2,1,256],[256]]","[""float"",""float""]",both,"[""operator_shape_matched""]","[""operator_shape_matched""]",1,1,10,10,10.721,10.528,8.3e-05,0.000128,4.4e-05
aten::mul,"[[2,1,32],[2,1,32]]","[""c10::BFloat16"",""c10::BFloat16""]",both,"[""operator_shape_matched""]","[""operator_shape_matched""]",1,1,40,40,42.525,42.051,0.000331,0.00051,0.000179
aten::mul,"[[2,1],[2,2048]]","[""c10::BFloat16"",""c10::BFloat16""]",both,"[""operator_shape_matched""]","[""operator_shape_matched""]",1,1,40,40,50.116,50.083,0.00039,0.000608,0.000218
aten::mul,"[[2,2048],[2,1]]","[""float"",""float""]",both,"[""operator_shape_matched""]","[""operator_shape_matched""]",1,1,81,81,99.834,100.002,0.000777,0.001213,0.000436
aten::mul,"[[2,2048],[2,2048]]","[""c10::BFloat16"",""c10::BFloat16""]",both,"[""operator_shape_matched""]","[""operator_shape_matched""]",1,1,10,10,12.001,12.193,9.3e-05,0.000148,5.5e-05
aten::mul,"[[2,2048],[2048]]","[""float"",""float""]",both,"[""operator_shape_matched""]","[""operator_shape_matched""]",1,1,81,81,98.943,99.33,0.00077,0.001205,0.000435
aten::mul,"[[2,8,256],[2,8,1]]","[""float"",""float""]",both,"[""operator_shape_matched""]","[""operator_shape_matched""]",1,1,10,10,11.873,11.71,9.2e-05,0.000142,5e-05
aten::mul,"[[2,8,256],[256]]","[""float"",""float""]",both,"[""operator_shape_matched""]","[""operator_shape_matched""]",1,1,10,10,12.033,12.191,9.4e-05,0.000148,5.4e-05
aten::mul,"[[2,8,32],[2,1,32]]","[""c10::BFloat16"",""c10::BFloat16""]",both,"[""operator_shape_matched""]","[""operator_shape_matched""]",1,1,40,40,43.234,43.235,0.000336,0.000525,0.000188
aten::mul,"[[20,1,256],[20,1,1]]","[""float"",""float""]",both,"[""operator_shape_matched""]","[""operator_shape_matched""]",1,1,10,10,12.896,13.121,0.0001,0.000159,5.9e-05
aten::mul,"[[20,1,256],[256]]","[""float"",""float""]",both,"[""operator_shape_matched""]","[""operator_shape_matched""]",1,1,10,10,12.768,12.674,9.9e-05,0.000154,5.4e-05
aten::mul,"[[20,1,32],[20,1,32]]","[""c10::BFloat16"",""c10::BFloat16""]",both,"[""operator_shape_matched""]","[""operator_shape_matched""]",1,1,40,40,44.767,44.642,0.000348,0.000542,0.000193
aten::mul,"[[20,1],[20,2048]]","[""c10::BFloat16"",""c10::BFloat16""]",both,"[""operator_shape_matched""]","[""operator_shape_matched""]",1,1,40,40,56.703,56.132,0.000441,0.000681,0.00024
aten::mul,"[[20,2048],[20,1]]","[""float"",""float""]",both,"[""operator_shape_matched""]","[""operator_shape_matched""]",1,1,81,81,106.403,106.529,0.000828,0.001293,0.000464
aten::mul,"[[20,2048],[20,2048]]","[""c10::BFloat16"",""c10::BFloat16""]",both,"[""operator_shape_matched""]","[""operator_shape_matched""]",1,1,10,10,12.256,12.064,9.5e-05,0.000146,5.1e-05
aten::mul,"[[20,2048],[2048]]","[""float"",""float""]",both,"[""operator_shape_matched""]","[""operator_shape_matched""]",1,1,81,81,105.954,106.176,0.000825,0.001288,0.000464
aten::mul,"[[20,8,256],[20,8,1]]","[""float"",""float""]",both,"[""operator_shape_matched""]","[""operator_shape_matched""]",1,1,10,10,12.672,12.897,9.9e-05,0.000156,5.8e-05
aten::mul,"[[20,8,256],[256]]","[""float"",""float""]",both,"[""operator_shape_matched""]","[""operator_shape_matched""]",1,1,10,10,12.447,12.512,9.7e-05,0.000152,5.5e-05
aten::mul,"[[20,8,32],[20,1,32]]","[""c10::BFloat16"",""c10::BFloat16""]",both,"[""operator_shape_matched""]","[""operator_shape_matched""]",1,1,40,40,45.758,45.536,0.000356,0.000552,0.000196
aten::mul,"[[22,1,256],[22,1,1]]","[""float"",""float""]",both,"[""operator_shape_matched""]","[""operator_shape_matched""]",1,1,10,10,11.967,12.352,9.3e-05,0.00015,5.7e-05
aten::mul,"[[22,1,256],[256]]","[""float"",""float""]",both,"[""operator_shape_matched""]","[""operator_shape_matched""]",1,1,10,10,12.096,12.125,9.4e-05,0.000147,5.3e-05
aten::mul,"[[22,1,32],[22,1,32]]","[""c10::BFloat16"",""c10::BFloat16""]",both,"[""operator_shape_matched""]","[""operator_shape_matched""]",1,1,40,40,44.61,44.385,0.000347,0.000539,0.000191
aten::mul,"[[22,1],[22,2048]]","[""c10::BFloat16"",""c10::BFloat16""]",both,"[""operator_shape_matched""]","[""operator_shape_matched""]",1,1,40,40,56.193,56.609,0.000437,0.000687,0.00025
aten::mul,"[[22,2048],[2048]]","[""float"",""float""]",both,"[""operator_shape_matched""]","[""operator_shape_matched""]",1,1,81,81,106.439,106.561,0.000828,0.001293,0.000465
aten::mul,"[[22,2048],[22,1]]","[""float"",""float""]",both,"[""operator_shape_matched""]","[""operator_shape_matched""]",1,1,81,81,108.864,107.842,0.000847,0.001308,0.000461
aten::mul,"[[22,2048],[22,2048]]","[""c10::BFloat16"",""c10::BFloat16""]",both,"[""operator_shape_matched""]","[""operator_shape_matched""]",1,1,10,10,12.413,12.387,9.7e-05,0.00015,5.4e-05
aten::mul,"[[22,8,256],[22,8,1]]","[""float"",""float""]",both,"[""operator_shape_matched""]","[""operator_shape_matched""]",1,1,10,10,12.0,11.904,9.3e-05,0.000144,5.1e-05
aten::mul,"[[22,8,256],[256]]","[""float"",""float""]",both,"[""operator_shape_matched""]","[""operator_shape_matched""]",1,1,10,10,12.639,12.704,9.8e-05,0.000154,5.6e-05
aten::mul,"[[22,8,32],[22,1,32]]","[""c10::BFloat16"",""c10::BFloat16""]",both,"[""operator_shape_matched""]","[""operator_shape_matched""]",1,1,40,40,46.918,46.655,0.000365,0.000566,0.000201
aten::mul,"[[224,128],[128]]","[""float"",""float""]",both,"[""operator_shape_matched""]","[""operator_shape_matched""]",1,1,30,30,39.009,38.591,0.000304,0.000468,0.000165
aten::mul,"[[224,128],[224,128]]","[""float"",""float""]",both,"[""operator_shape_matched""]","[""operator_shape_matched""]",1,1,30,30,37.055,36.641,0.000288,0.000445,0.000156
aten::mul,"[[224,128],[224,1]]","[""float"",""float""]",both,"[""operator_shape_matched""]","[""operator_shape_matched""]",1,1,30,30,39.711,39.616,0.000309,0.000481,0.000172
aten::mul,"[[24,1,256],[24,1,1]]","[""float"",""float""]",both,"[""operator_shape_matched""]","[""operator_shape_matched""]",1,1,10,10,11.392,11.2,8.9e-05,0.000136,4.7e-05
aten::mul,"[[24,1,256],[256]]","[""float"",""float""]",both,"[""operator_shape_matched""]","[""operator_shape_matched""]",1,1,10,10,12.159,12.447,9.5e-05,0.000151,5.6e-05
aten::mul,"[[24,1,32],[24,1,32]]","[""c10::BFloat16"",""c10::BFloat16""]",both,"[""operator_shape_matched""]","[""operator_shape_matched""]",1,1,40,40,44.578,44.581,0.000347,0.000541,0.000194
aten::mul,"[[24,1],[24,2048]]","[""c10::BFloat16"",""c10::BFloat16""]",both,"[""operator_shape_matched""]","[""operator_shape_matched""]",1,1,40,40,59.904,59.714,0.000466,0.000725,0.000258
aten::mul,"[[24,2048],[2048]]","[""float"",""float""]",both,"[""operator_shape_matched""]","[""operator_shape_matched""]",1,1,81,81,107.137,107.044,0.000834,0.001299,0.000465
aten::mul,"[[24,2048],[24,1]]","[""float"",""float""]",both,"[""operator_shape_matched""]","[""operator_shape_matched""]",1,1,81,81,109.354,108.929,0.000851,0.001322,0.000471
aten::mul,"[[24,2048],[24,2048]]","[""c10::BFloat16"",""c10::BFloat16""]",both,"[""operator_shape_matched""]","[""operator_shape_matched""]",1,1,10,10,12.385,12.355,9.6e-05,0.00015,5.4e-05
aten::mul,"[[24,8,256],[24,8,1]]","[""float"",""float""]",both,"[""operator_shape_matched""]","[""operator_shape_matched""]",1,1,10,10,12.255,12.383,9.5e-05,0.00015,5.5e-05
aten::mul,"[[24,8,256],[256]]","[""float"",""float""]",both,"[""operator_shape_matched""]","[""operator_shape_matched""]",1,1,10,10,12.481,13.024,9.7e-05,0.000158,6.1e-05
aten::mul,"[[24,8,32],[24,1,32]]","[""c10::BFloat16"",""c10::BFloat16""]",both,"[""operator_shape_matched""]","[""operator_shape_matched""]",1,1,40,40,45.535,45.698,0.000354,0.000554,0.0002
aten::mul,"[[256,128],[128]]","[""float"",""float""]",both,"[""operator_shape_matched""]","[""operator_shape_matched""]",1,1,30,30,38.944,38.944,0.000303,0.000473,0.000169
aten::mul,"[[256,128],[256,128]]","[""float"",""float""]",both,"[""operator_shape_matched""]","[""operator_shape_matched""]",1,1,30,30,36.352,36.87,0.000283,0.000447,0.000164
aten::mul,"[[256,128],[256,1]]","[""float"",""float""]",both,"[""operator_shape_matched""]","[""operator_shape_matched""]",1,1,30,30,39.934,40.16,0.000311,0.000487,0.000176
aten::mul,"[[26,1,256],[256]]","[""float"",""float""]",both,"[""operator_shape_matched""]","[""operator_shape_matched""]",1,1,10,10,12.129,12.094,9.4e-05,0.000147,5.2e-05
aten::mul,"[[26,1,256],[26,1,1]]","[""float"",""float""]",both,"[""operator_shape_matched""]","[""operator_shape_matched""]",1,1,10,10,11.774,11.968,9.2e-05,0.000145,5.4e-05
aten::mul,"[[26,1,32],[26,1,32]]","[""c10::BFloat16"",""c10::BFloat16""]",both,"[""operator_shape_matched""]","[""operator_shape_matched""]",1,1,40,40,44.672,44.452,0.000348,0.000539,0.000192
aten::mul,"[[26,1],[26,2048]]","[""c10::BFloat16"",""c10::BFloat16""]",both,"[""operator_shape_matched""]","[""operator_shape_matched""]",1,1,40,40,57.058,57.251,0.000444,0.000695,0.000251
aten::mul,"[[26,2048],[2048]]","[""float"",""float""]",both,"[""operator_shape_matched""]","[""operator_shape_matched""]",1,1,81,81,112.359,111.808,0.000874,0.001357,0.000482
aten::mul,"[[26,2048],[26,1]]","[""float"",""float""]",both,"[""operator_shape_matched""]","[""operator_shape_matched""]",1,1,81,81,120.738,121.154,0.00094,0.00147,0.00053
aten::mul,"[[26,2048],[26,2048]]","[""c10::BFloat16"",""c10::BFloat16""]",both,"[""operator_shape_matched""]","[""operator_shape_matched""]",1,1,10,10,12.321,12.288,9.6e-05,0.000149,5.3e-05
aten::mul,"[[26,8,256],[256]]","[""float"",""float""]",both,"[""operator_shape_matched""]","[""operator_shape_matched""]",1,1,10,10,12.736,12.608,9.9e-05,0.000153,5.4e-05
aten::mul,"[[26,8,256],[26,8,1]]","[""float"",""float""]",both,"[""operator_shape_matched""]","[""operator_shape_matched""]",1,1,10,10,12.865,12.895,0.0001,0.000156,5.6e-05
aten::mul,"[[26,8,32],[26,1,32]]","[""c10::BFloat16"",""c10::BFloat16""]",both,"[""operator_shape_matched""]","[""operator_shape_matched""]",1,1,40,40,46.784,46.876,0.000364,0.000569,0.000205
aten::mul,"[[28,1,256],[256]]","[""float"",""float""]",both,"[""operator_shape_matched""]","[""operator_shape_matched""]",1,1,10,10,12.065,12.13,9.4e-05,0.000147,5.3e-05
aten::mul,"[[28,1,256],[28,1,1]]","[""float"",""float""]",both,"[""operator_shape_matched""]","[""operator_shape_matched""]",1,1,10,10,12.67,12.639,9.9e-05,0.000153,5.5e-05
aten::mul,"[[28,1,32],[28,1,32]]","[""c10::BFloat16"",""c10::BFloat16""]",both,"[""operator_shape_matched""]","[""operator_shape_matched""]",1,1,40,40,44.192,44.063,0.000344,0.000535,0.000191
aten::mul,"[[28,1],[28,2048]]","[""c10::BFloat16"",""c10::BFloat16""]",both,"[""operator_shape_matched""]","[""operator_shape_matched""]",1,1,40,40,56.547,55.748,0.00044,0.000676,0.000236
aten::mul,"[[28,2048],[2048]]","[""float"",""float""]",both,"[""operator_shape_matched""]","[""operator_shape_matched""]",1,1,81,81,112.928,112.514,0.000879,0.001365,0.000486
aten::mul,"[[28,2048],[28,1]]","[""float"",""float""]",both,"[""operator_shape_matched""]","[""operator_shape_matched""]",1,1,81,81,119.844,118.208,0.000933,0.001434,0.000502
aten::mul,"[[28,2048],[28,2048]]","[""c10::BFloat16"",""c10::BFloat16""]",both,"[""operator_shape_matched""]","[""operator_shape_matched""]",1,1,10,10,12.324,12.288,9.6e-05,0.000149,5.3e-05
aten::mul,"[[28,8,256],[256]]","[""float"",""float""]",both,"[""operator_shape_matched""]","[""operator_shape_matched""]",1,1,10,10,12.991,13.217,0.000101,0.00016,5.9e-05
aten::mul,"[[28,8,256],[28,8,1]]","[""float"",""float""]",both,"[""operator_shape_matched""]","[""operator_shape_matched""]",1,1,10,10,13.12,13.025,0.000102,0.000158,5.6e-05
aten::mul,"[[28,8,32],[28,1,32]]","[""c10::BFloat16"",""c10::BFloat16""]",both,"[""operator_shape_matched""]","[""operator_shape_matched""]",1,1,40,40,46.368,46.527,0.000361,0.000565,0.000204
aten::mul,"[[288,128],[128]]","[""float"",""float""]",both,"[""operator_shape_matched""]","[""operator_shape_matched""]",1,1,30,30,39.809,39.518,0.00031,0.000479,0.00017
aten::mul,"[[288,128],[288,128]]","[""float"",""float""]",both,"[""operator_shape_matched""]","[""operator_shape_matched""]",1,1,30,30,36.963,36.995,0.000288,0.000449,0.000161
aten::mul,"[[288,128],[288,1]]","[""float"",""float""]",both,"[""operator_shape_matched""]","[""operator_shape_matched""]",1,1,30,30,39.938,39.776,0.000311,0.000483,0.000172
aten::mul,"[[30,1,256],[256]]","[""float"",""float""]",both,"[""operator_shape_matched""]","[""operator_shape_matched""]",1,1,10,10,11.776,11.84,9.2e-05,0.000144,5.2e-05
aten::mul,"[[30,1,256],[30,1,1]]","[""float"",""float""]",both,"[""operator_shape_matched""]","[""operator_shape_matched""]",1,1,10,10,12.705,12.606,9.9e-05,0.000153,5.4e-05
aten::mul,"[[30,1,32],[30,1,32]]","[""c10::BFloat16"",""c10::BFloat16""]",both,"[""operator_shape_matched""]","[""operator_shape_matched""]",1,1,40,40,46.337,46.272,0.000361,0.000561,0.000201
aten::mul,"[[30,1],[30,2048]]","[""c10::BFloat16"",""c10::BFloat16""]",both,"[""operator_shape_matched""]","[""operator_shape_matched""]",1,1,40,40,56.354,55.88,0.000439,0.000678,0.000239
aten::mul,"[[30,2048],[2048]]","[""float"",""float""]",both,"[""operator_shape_matched""]","[""operator_shape_matched""]",1,1,81,81,112.585,112.831,0.000876,0.001369,0.000493
aten::mul,"[[30,2048],[30,1]]","[""float"",""float""]",both,"[""operator_shape_matched""]","[""operator_shape_matched""]",1,1,81,81,121.99,123.426,0.000949,0.001498,0.000548
aten::mul,"[[30,2048],[30,2048]]","[""c10::BFloat16"",""c10::BFloat16""]",both,"[""operator_shape_matched""]","[""operator_shape_matched""]",1,1,10,10,12.578,12.543,9.8e-05,0.000152,5.4e-05
aten::mul,"[[30,8,256],[256]]","[""float"",""float""]",both,"[""operator_shape_matched""]","[""operator_shape_matched""]",1,1,10,10,12.865,13.183,0.0001,0.00016,6e-05
aten::mul,"[[30,8,256],[30,8,1]]","[""float"",""float""]",both,"[""operator_shape_matched""]","[""operator_shape_matched""]",1,1,10,10,12.577,12.734,9.8e-05,0.000155,5.7e-05
aten::mul,"[[30,8,32],[30,1,32]]","[""c10::BFloat16"",""c10::BFloat16""]",both,"[""operator_shape_matched""]","[""operator_shape_matched""]",1,1,40,40,45.118,45.312,0.000351,0.00055,0.000199
aten::mul,"[[32,1,256],[256]]","[""float"",""float""]",both,"[""operator_shape_matched""]","[""operator_shape_matched""]",1,1,10,10,12.063,11.999,9.4e-05,0.000146,5.2e-05
aten::mul,"[[32,1,256],[32,1,1]]","[""float"",""float""]",both,"[""operator_shape_matched""]","[""operator_shape_matched""]",1,1,10,10,11.359,11.136,8.8e-05,0.000135,4.7e-05
aten::mul,"[[32,1,32],[32,1,32]]","[""c10::BFloat16"",""c10::BFloat16""]",both,"[""operator_shape_matched""]","[""operator_shape_matched""]",1,1,40,40,44.675,44.605,0.000348,0.000541,0.000194
aten::mul,"[[32,128],[128]]","[""float"",""float""]",both,"[""operator_shape_matched""]","[""operator_shape_matched""]",1,1,30,30,37.505,37.569,0.000292,0.000456,0.000164
aten::mul,"[[32,128],[32,128]]","[""float"",""float""]",both,"[""operator_shape_matched""]","[""operator_shape_matched""]",1,1,30,30,35.71,35.589,0.000278,0.000432,0.000154
aten::mul,"[[32,128],[32,1]]","[""float"",""float""]",both,"[""operator_shape_matched""]","[""operator_shape_matched""]",1,1,30,30,35.614,35.359,0.000277,0.000429,0.000152
aten::mul,"[[32,1],[32,2048]]","[""c10::BFloat16"",""c10::BFloat16""]",both,"[""operator_shape_matched""]","[""operator_shape_matched""]",1,1,40,40,54.013,54.144,0.00042,0.000657,0.000237
aten::mul,"[[32,2048],[2048]]","[""float"",""float""]",both,"[""operator_shape_matched""]","[""operator_shape_matched""]",1,1,81,81,108.836,108.483,0.000847,0.001316,0.000469
aten::mul,"[[32,2048],[32,1]]","[""float"",""float""]",both,"[""operator_shape_matched""]","[""operator_shape_matched""]",1,1,81,81,110.631,110.396,0.000861,0.001339,0.000478
aten::mul,"[[32,2048],[32,2048]]","[""c10::BFloat16"",""c10::BFloat16""]",both,"[""operator_shape_matched""]","[""operator_shape_matched""]",1,1,10,10,12.415,13.183,9.7e-05,0.00016,6.3e-05
aten::mul,"[[32,8,256],[256]]","[""float"",""float""]",both,"[""operator_shape_matched""]","[""operator_shape_matched""]",1,1,10,10,12.993,13.057,0.000101,0.000158,5.7e-05
aten::mul,"[[32,8,256],[32,8,1]]","[""float"",""float""]",both,"[""operator_shape_matched""]","[""operator_shape_matched""]",1,1,10,10,13.953,13.825,0.000109,0.000168,5.9e-05
aten::mul,"[[32,8,32],[32,1,32]]","[""c10::BFloat16"",""c10::BFloat16""]",both,"[""operator_shape_matched""]","[""operator_shape_matched""]",1,1,40,40,47.394,47.461,0.000369,0.000576,0.000207
aten::mul,"[[320,128],[128]]","[""float"",""float""]",both,"[""operator_shape_matched""]","[""operator_shape_matched""]",1,1,30,30,38.945,39.363,0.000303,0.000478,0.000175
aten::mul,"[[320,128],[320,128]]","[""float"",""float""]",both,"[""operator_shape_matched""]","[""operator_shape_matched""]",1,1,30,30,37.024,37.538,0.000288,0.000455,0.000167
aten::mul,"[[320,128],[320,1]]","[""float"",""float""]",both,"[""operator_shape_matched""]","[""operator_shape_matched""]",1,1,30,30,39.364,39.746,0.000306,0.000482,0.000176
aten::mul,"[[34,1,256],[256]]","[""float"",""float""]",both,"[""operator_shape_matched""]","[""operator_shape_matched""]",1,1,10,10,12.063,12.194,9.4e-05,0.000148,5.4e-05
aten::mul,"[[34,1,256],[34,1,1]]","[""float"",""float""]",both,"[""operator_shape_matched""]","[""operator_shape_matched""]",1,1,10,10,11.871,12.031,9.2e-05,0.000146,5.4e-05
aten::mul,"[[34,1,32],[34,1,32]]","[""c10::BFloat16"",""c10::BFloat16""]",both,"[""operator_shape_matched""]","[""operator_shape_matched""]",1,1,40,40,44.835,44.633,0.000349,0.000542,0.000193
aten::mul,"[[34,1],[34,2048]]","[""c10::BFloat16"",""c10::BFloat16""]",both,"[""operator_shape_matched""]","[""operator_shape_matched""]",1,1,40,40,58.144,58.05,0.000453,0.000704,0.000252
aten::mul,"[[34,2048],[2048]]","[""float"",""float""]",both,"[""operator_shape_matched""]","[""operator_shape_matched""]",1,1,81,81,116.161,116.45,0.000904,0.001413,0.000509
aten::mul,"[[34,2048],[34,1]]","[""float"",""float""]",both,"[""operator_shape_matched""]","[""operator_shape_matched""]",1,1,81,81,115.235,116.389,0.000897,0.001412,0.000515
aten::mul,"[[34,2048],[34,2048]]","[""c10::BFloat16"",""c10::BFloat16""]",both,"[""operator_shape_matched""]","[""operator_shape_matched""]",1,1,10,10,12.641,12.736,9.8e-05,0.000155,5.6e-05
aten::mul,"[[34,8,256],[256]]","[""float"",""float""]",both,"[""operator_shape_matched""]","[""operator_shape_matched""]",1,1,10,10,13.026,13.281,0.000101,0.000161,6e-05
aten::mul,"[[34,8,256],[34,8,1]]","[""float"",""float""]",both,"[""operator_shape_matched""]","[""operator_shape_matched""]",1,1,10,10,13.602,13.376,0.000106,0.000162,5.6e-05
aten::mul,"[[34,8,32],[34,1,32]]","[""c10::BFloat16"",""c10::BFloat16""]",both,"[""operator_shape_matched""]","[""operator_shape_matched""]",1,1,40,40,47.488,47.43,0.00037,0.000575,0.000206
aten::mul,"[[352,128],[128]]","[""float"",""float""]",both,"[""operator_shape_matched""]","[""operator_shape_matched""]",1,1,30,30,38.879,39.393,0.000303,0.000478,0.000175
aten::mul,"[[352,128],[352,128]]","[""float"",""float""]",both,"[""operator_shape_matched""]","[""operator_shape_matched""]",1,1,30,30,37.665,36.931,0.000293,0.000448,0.000155
aten::mul,"[[352,128],[352,1]]","[""float"",""float""]",both,"[""operator_shape_matched""]","[""operator_shape_matched""]",1,1,30,30,39.813,40.708,0.00031,0.000494,0.000184
aten::mul,"[[36,1,256],[256]]","[""float"",""float""]",both,"[""operator_shape_matched""]","[""operator_shape_matched""]",1,1,10,10,12.221,12.098,9.5e-05,0.000147,5.2e-05
aten::mul,"[[36,1,256],[36,1,1]]","[""float"",""float""]",both,"[""operator_shape_matched""]","[""operator_shape_matched""]",1,1,10,10,12.831,12.48,0.0001,0.000151,5.2e-05
aten::mul,"[[36,1,32],[36,1,32]]","[""c10::BFloat16"",""c10::BFloat16""]",both,"[""operator_shape_matched""]","[""operator_shape_matched""]",1,1,40,40,45.893,45.761,0.000357,0.000555,0.000198
aten::mul,"[[36,1],[36,2048]]","[""c10::BFloat16"",""c10::BFloat16""]",both,"[""operator_shape_matched""]","[""operator_shape_matched""]",1,1,40,40,55.808,55.463,0.000434,0.000673,0.000239
aten::mul,"[[36,2048],[2048]]","[""float"",""float""]",both,"[""operator_shape_matched""]","[""operator_shape_matched""]",1,1,81,81,116.862,117.665,0.000909,0.001428,0.000518
aten::mul,"[[36,2048],[36,1]]","[""float"",""float""]",both,"[""operator_shape_matched""]","[""operator_shape_matched""]",1,1,81,81,120.802,120.292,0.00094,0.00146,0.000519
aten::mul,"[[36,2048],[36,2048]]","[""c10::BFloat16"",""c10::BFloat16""]",both,"[""operator_shape_matched""]","[""operator_shape_matched""]",1,1,10,10,12.896,13.216,0.0001,0.00016,6e-05
aten::mul,"[[36,8,256],[256]]","[""float"",""float""]",both,"[""operator_shape_matched""]","[""operator_shape_matched""]",1,1,10,10,13.376,13.539,0.000104,0.000164,6e-05
aten::mul,"[[36,8,256],[36,8,1]]","[""float"",""float""]",both,"[""operator_shape_matched""]","[""operator_shape_matched""]",1,1,10,10,14.048,14.24,0.000109,0.000173,6.3e-05
aten::mul,"[[36,8,32],[36,1,32]]","[""c10::BFloat16"",""c10::BFloat16""]",both,"[""operator_shape_matched""]","[""operator_shape_matched""]",1,1,40,40,46.25,46.115,0.00036,0.00056,0.0002
aten::mul,"[[38,1,256],[256]]","[""float"",""float""]",both,"[""operator_shape_matched""]","[""operator_shape_matched""]",1,1,10,10,12.384,11.969,9.6e-05,0.000145,4.9e-05
aten::mul,"[[38,1,256],[38,1,1]]","[""float"",""float""]",both,"[""operator_shape_matched""]","[""operator_shape_matched""]",1,1,10,10,11.84,11.872,9.2e-05,0.000144,5.2e-05
aten::mul,"[[38,1,32],[38,1,32]]","[""c10::BFloat16"",""c10::BFloat16""]",both,"[""operator_shape_matched""]","[""operator_shape_matched""]",1,1,40,40,46.692,46.69,0.000363,0.000566,0.000203
aten::mul,"[[38,1],[38,2048]]","[""c10::BFloat16"",""c10::BFloat16""]",both,"[""operator_shape_matched""]","[""operator_shape_matched""]",1,1,40,40,57.439,57.665,0.000447,0.0007,0.000253
aten::mul,"[[38,2048],[2048]]","[""float"",""float""]",both,"[""operator_shape_matched""]","[""operator_shape_matched""]",1,1,81,81,117.021,116.931,0.000911,0.001419,0.000508
aten::mul,"[[38,2048],[38,1]]","[""float"",""float""]",both,"[""operator_shape_matched""]","[""operator_shape_matched""]",1,1,81,81,119.612,120.484,0.000931,0.001462,0.000531
aten::mul,"[[38,2048],[38,2048]]","[""c10::BFloat16"",""c10::BFloat16""]",both,"[""operator_shape_matched""]","[""operator_shape_matched""]",1,1,10,10,12.672,12.8,9.9e-05,0.000155,5.7e-05
aten::mul,"[[38,8,256],[256]]","[""float"",""float""]",both,"[""operator_shape_matched""]","[""operator_shape_matched""]",1,1,10,10,13.376,13.539,0.000104,0.000164,6e-05
aten::mul,"[[38,8,256],[38,8,1]]","[""float"",""float""]",both,"[""operator_shape_matched""]","[""operator_shape_matched""]",1,1,10,10,13.536,13.633,0.000105,0.000165,6e-05
aten::mul,"[[38,8,32],[38,1,32]]","[""c10::BFloat16"",""c10::BFloat16""]",both,"[""operator_shape_matched""]","[""operator_shape_matched""]",1,1,40,40,46.786,46.816,0.000364,0.000568,0.000204
aten::mul,"[[384,128],[128]]","[""float"",""float""]",both,"[""operator_shape_matched""]","[""operator_shape_matched""]",1,1,30,30,39.811,39.876,0.00031,0.000484,0.000174
aten::mul,"[[384,128],[384,128]]","[""float"",""float""]",both,"[""operator_shape_matched""]","[""operator_shape_matched""]",1,1,30,30,36.996,37.954,0.000288,0.00046,0.000173
aten::mul,"[[384,128],[384,1]]","[""float"",""float""]",both,"[""operator_shape_matched""]","[""operator_shape_matched""]",1,1,30,30,40.542,40.514,0.000316,0.000492,0.000176
aten::mul,"[[4,1,256],[256]]","[""float"",""float""]",both,"[""operator_shape_matched""]","[""operator_shape_matched""]",1,1,10,10,10.721,10.849,8.3e-05,0.000132,4.8e-05
aten::mul,"[[4,1,256],[4,1,1]]","[""float"",""float""]",both,"[""operator_shape_matched""]","[""operator_shape_matched""]",1,1,10,10,10.879,10.814,8.5e-05,0.000131,4.7e-05
aten::mul,"[[4,1,32],[4,1,32]]","[""c10::BFloat16"",""c10::BFloat16""]",both,"[""operator_shape_matched""]","[""operator_shape_matched""]",1,1,40,40,42.181,41.985,0.000328,0.000509,0.000181
aten::mul,"[[4,1],[4,2048]]","[""c10::BFloat16"",""c10::BFloat16""]",both,"[""operator_shape_matched""]","[""operator_shape_matched""]",1,1,40,40,51.14,50.531,0.000398,0.000613,0.000215
aten::mul,"[[4,2048],[2048]]","[""float"",""float""]",both,"[""operator_shape_matched""]","[""operator_shape_matched""]",1,1,81,81,101.57,101.606,0.00079,0.001233,0.000442
aten::mul,"[[4,2048],[4,1]]","[""float"",""float""]",both,"[""operator_shape_matched""]","[""operator_shape_matched""]",1,1,81,81,104.13,104.386,0.00081,0.001267,0.000456
aten::mul,"[[4,2048],[4,2048]]","[""c10::BFloat16"",""c10::BFloat16""]",both,"[""operator_shape_matched""]","[""operator_shape_matched""]",1,1,10,10,11.906,12.002,9.3e-05,0.000146,5.3e-05
aten::mul,"[[4,8,256],[256]]","[""float"",""float""]",both,"[""operator_shape_matched""]","[""operator_shape_matched""]",1,1,10,10,12.063,12.001,9.4e-05,0.000146,5.2e-05
aten::mul,"[[4,8,256],[4,8,1]]","[""float"",""float""]",both,"[""operator_shape_matched""]","[""operator_shape_matched""]",1,1,10,10,11.135,11.169,8.7e-05,0.000136,4.9e-05
aten::mul,"[[4,8,32],[4,1,32]]","[""c10::BFloat16"",""c10::BFloat16""]",both,"[""operator_shape_matched""]","[""operator_shape_matched""]",1,1,40,40,43.485,43.772,0.000338,0.000531,0.000193
aten::mul,"[[40,1,256],[256]]","[""float"",""float""]",both,"[""operator_shape_matched""]","[""operator_shape_matched""]",1,1,10,10,12.129,11.998,9.4e-05,0.000146,5.1e-05
aten::mul,"[[40,1,256],[40,1,1]]","[""float"",""float""]",both,"[""operator_shape_matched""]","[""operator_shape_matched""]",1,1,10,10,11.424,11.424,8.9e-05,0.000139,5e-05
aten::mul,"[[40,1,32],[40,1,32]]","[""c10::BFloat16"",""c10::BFloat16""]",both,"[""operator_shape_matched""]","[""operator_shape_matched""]",1,1,40,40,44.549,44.9,0.000347,0.000545,0.000198
aten::mul,"[[40,1],[40,2048]]","[""c10::BFloat16"",""c10::BFloat16""]",both,"[""operator_shape_matched""]","[""operator_shape_matched""]",1,1,40,40,57.218,57.123,0.000445,0.000693,0.000248
aten::mul,"[[40,2048],[2048]]","[""float"",""float""]",both,"[""operator_shape_matched""]","[""operator_shape_matched""]",1,1,81,81,116.87,117.348,0.00091,0.001424,0.000514
aten::mul,"[[40,2048],[40,1]]","[""float"",""float""]",both,"[""operator_shape_matched""]","[""operator_shape_matched""]",1,1,81,81,121.405,120.992,0.000945,0.001468,0.000523
aten::mul,"[[40,2048],[40,2048]]","[""c10::BFloat16"",""c10::BFloat16""]",both,"[""operator_shape_matched""]","[""operator_shape_matched""]",1,1,10,10,13.056,12.704,0.000102,0.000154,5.3e-05
aten::mul,"[[40,8,256],[256]]","[""float"",""float""]",both,"[""operator_shape_matched""]","[""operator_shape_matched""]",1,1,10,10,13.889,14.114,0.000108,0.000171,6.3e-05
aten::mul,"[[40,8,256],[40,8,1]]","[""float"",""float""]",both,"[""operator_shape_matched""]","[""operator_shape_matched""]",1,1,10,10,13.57,13.507,0.000106,0.000164,5.8e-05
aten::mul,"[[40,8,32],[40,1,32]]","[""c10::BFloat16"",""c10::BFloat16""]",both,"[""operator_shape_matched""]","[""operator_shape_matched""]",1,1,40,40,46.849,47.076,0.000365,0.000571,0.000207
aten::mul,"[[4096,1,256],[256]]","[""float"",""float""]",both,"[""operator_shape_matched""]","[""operator_shape_matched""]",1,1,10,10,22.592,22.784,0.000176,0.000276,0.000101
aten::mul,"[[4096,1,256],[4096,1,1]]","[""float"",""float""]",both,"[""operator_shape_matched""]","[""operator_shape_matched""]",1,1,10,10,25.28,25.121,0.000197,0.000305,0.000108
aten::mul,"[[4096,1,32],[4096,1,32]]","[""c10::BFloat16"",""c10::BFloat16""]",both,"[""operator_shape_matched""]","[""operator_shape_matched""]",1,1,40,40,64.964,64.735,0.000506,0.000785,0.00028
aten::mul,"[[4096,1],[4096,2048]]","[""c10::BFloat16"",""c10::BFloat16""]",both,"[""operator_shape_matched""]","[""operator_shape_matched""]",1,1,40,40,386.664,384.359,0.003009,0.004663,0.001654
aten::mul,"[[4096,2048],[2048]]","[""float"",""float""]",both,"[""operator_shape_matched""]","[""operator_shape_matched""]",1,1,81,81,1812.74,1812.513,0.014108,0.021991,0.007884
aten::mul,"[[4096,2048],[4096,1]]","[""float"",""float""]",both,"[""operator_shape_matched""]","[""operator_shape_matched""]",1,1,81,81,1560.48,1537.444,0.012145,0.018654,0.006509
aten::mul,"[[4096,2048],[4096,2048]]","[""c10::BFloat16"",""c10::BFloat16""]",both,"[""operator_shape_matched""]","[""operator_shape_matched""]",1,1,10,10,144.417,143.041,0.001124,0.001736,0.000612
aten::mul,"[[4096,8,256],[256]]","[""float"",""float""]",both,"[""operator_shape_matched""]","[""operator_shape_matched""]",1,1,10,10,231.589,233.603,0.001802,0.002834,0.001032
aten::mul,"[[4096,8,256],[4096,8,1]]","[""float"",""float""]",both,"[""operator_shape_matched""]","[""operator_shape_matched""]",1,1,10,10,191.426,192.229,0.00149,0.002332,0.000843
aten::mul,"[[4096,8,32],[4096,1,32]]","[""c10::BFloat16"",""c10::BFloat16""]",both,"[""operator_shape_matched""]","[""operator_shape_matched""]",1,1,40,40,93.375,93.893,0.000727,0.001139,0.000413
aten::mul,"[[416,128],[128]]","[""float"",""float""]",both,"[""operator_shape_matched""]","[""operator_shape_matched""]",1,1,30,30,39.65,39.81,0.000309,0.000483,0.000174
aten::mul,"[[416,128],[416,128]]","[""float"",""float""]",both,"[""operator_shape_matched""]","[""operator_shape_matched""]",1,1,30,30,37.535,37.729,0.000292,0.000458,0.000166
aten::mul,"[[416,128],[416,1]]","[""float"",""float""]",both,"[""operator_shape_matched""]","[""operator_shape_matched""]",1,1,30,30,39.711,40.001,0.000309,0.000485,0.000176
aten::mul,"[[42,1,256],[256]]","[""float"",""float""]",both,"[""operator_shape_matched""]","[""operator_shape_matched""]",1,1,10,10,12.574,12.003,9.8e-05,0.000146,4.8e-05
aten::mul,"[[42,1,256],[42,1,1]]","[""float"",""float""]",both,"[""operator_shape_matched""]","[""operator_shape_matched""]",1,1,10,10,11.998,11.681,9.3e-05,0.000142,4.8e-05
aten::mul,"[[42,1,32],[42,1,32]]","[""c10::BFloat16"",""c10::BFloat16""]",both,"[""operator_shape_matched""]","[""operator_shape_matched""]",1,1,40,40,45.287,45.091,0.000352,0.000547,0.000195
aten::mul,"[[42,1],[42,2048]]","[""c10::BFloat16"",""c10::BFloat16""]",both,"[""operator_shape_matched""]","[""operator_shape_matched""]",1,1,40,40,59.136,59.263,0.00046,0.000719,0.000259
aten::mul,"[[42,2048],[2048]]","[""float"",""float""]",both,"[""operator_shape_matched""]","[""operator_shape_matched""]",1,1,81,81,116.323,116.708,0.000905,0.001416,0.000511
aten::mul,"[[42,2048],[42,1]]","[""float"",""float""]",both,"[""operator_shape_matched""]","[""operator_shape_matched""]",1,1,81,81,117.861,118.784,0.000917,0.001441,0.000524
aten::mul,"[[42,2048],[42,2048]]","[""c10::BFloat16"",""c10::BFloat16""]",both,"[""operator_shape_matched""]","[""operator_shape_matched""]",1,1,10,10,12.801,13.187,0.0001,0.00016,6e-05
aten::mul,"[[42,8,256],[256]]","[""float"",""float""]",both,"[""operator_shape_matched""]","[""operator_shape_matched""]",1,1,10,10,13.758,13.599,0.000107,0.000165,5.8e-05
aten::mul,"[[42,8,256],[42,8,1]]","[""float"",""float""]",both,"[""operator_shape_matched""]","[""operator_shape_matched""]",1,1,10,10,13.597,13.663,0.000106,0.000166,6e-05
aten::mul,"[[42,8,32],[42,1,32]]","[""c10::BFloat16"",""c10::BFloat16""]",both,"[""operator_shape_matched""]","[""operator_shape_matched""]",1,1,40,40,46.721,46.819,0.000364,0.000568,0.000204
aten::mul,"[[44,1,256],[256]]","[""float"",""float""]",both,"[""operator_shape_matched""]","[""operator_shape_matched""]",1,1,10,10,12.062,11.937,9.4e-05,0.000145,5.1e-05
aten::mul,"[[44,1,256],[44,1,1]]","[""float"",""float""]",both,"[""operator_shape_matched""]","[""operator_shape_matched""]",1,1,10,10,12.257,12.639,9.5e-05,0.000153,5.8e-05
aten::mul,"[[44,1,32],[44,1,32]]","[""c10::BFloat16"",""c10::BFloat16""]",both,"[""operator_shape_matched""]","[""operator_shape_matched""]",1,1,40,40,44.833,44.614,0.000349,0.000541,0.000192
aten::mul,"[[44,1],[44,2048]]","[""c10::BFloat16"",""c10::BFloat16""]",both,"[""operator_shape_matched""]","[""operator_shape_matched""]",1,1,40,40,59.393,59.616,0.000462,0.000723,0.000261
aten::mul,"[[44,2048],[2048]]","[""float"",""float""]",both,"[""operator_shape_matched""]","[""operator_shape_matched""]",1,1,81,81,116.452,116.224,0.000906,0.00141,0.000504
aten::mul,"[[44,2048],[44,1]]","[""float"",""float""]",both,"[""operator_shape_matched""]","[""operator_shape_matched""]",1,1,81,81,118.152,117.792,0.00092,0.001429,0.00051
aten::mul,"[[44,2048],[44,2048]]","[""c10::BFloat16"",""c10::BFloat16""]",both,"[""operator_shape_matched""]","[""operator_shape_matched""]",1,1,10,10,12.959,12.928,0.000101,0.000157,5.6e-05
aten::mul,"[[44,8,256],[256]]","[""float"",""float""]",both,"[""operator_shape_matched""]","[""operator_shape_matched""]",1,1,10,10,13.503,13.599,0.000105,0.000165,6e-05
aten::mul,"[[44,8,256],[44,8,1]]","[""float"",""float""]",both,"[""operator_shape_matched""]","[""operator_shape_matched""]",1,1,10,10,14.017,14.115,0.000109,0.000171,6.2e-05
aten::mul,"[[44,8,32],[44,1,32]]","[""c10::BFloat16"",""c10::BFloat16""]",both,"[""operator_shape_matched""]","[""operator_shape_matched""]",1,1,40,40,45.919,45.858,0.000357,0.000556,0.000199
aten::mul,"[[448,128],[128]]","[""float"",""float""]",both,"[""operator_shape_matched""]","[""operator_shape_matched""]",1,1,30,30,40.002,40.351,0.000311,0.00049,0.000178
aten::mul,"[[448,128],[448,128]]","[""float"",""float""]",both,"[""operator_shape_matched""]","[""operator_shape_matched""]",1,1,30,30,37.793,37.856,0.000294,0.000459,0.000165
aten::mul,"[[448,128],[448,1]]","[""float"",""float""]",both,"[""operator_shape_matched""]","[""operator_shape_matched""]",1,1,30,30,40.383,40.645,0.000314,0.000493,0.000179
aten::mul,"[[46,1,256],[256]]","[""float"",""float""]",both,"[""operator_shape_matched""]","[""operator_shape_matched""]",1,1,10,10,12.065,12.223,9.4e-05,0.000148,5.4e-05
aten::mul,"[[46,1,256],[46,1,1]]","[""float"",""float""]",both,"[""operator_shape_matched""]","[""operator_shape_matched""]",1,1,10,10,12.129,12.033,9.4e-05,0.000146,5.2e-05
aten::mul,"[[46,1,32],[46,1,32]]","[""c10::BFloat16"",""c10::BFloat16""]",both,"[""operator_shape_matched""]","[""operator_shape_matched""]",1,1,40,40,45.187,45.026,0.000352,0.000546,0.000195
aten::mul,"[[46,1],[46,2048]]","[""c10::BFloat16"",""c10::BFloat16""]",both,"[""operator_shape_matched""]","[""operator_shape_matched""]",1,1,40,40,59.391,59.266,0.000462,0.000719,0.000257
aten::mul,"[[46,2048],[2048]]","[""float"",""float""]",both,"[""operator_shape_matched""]","[""operator_shape_matched""]",1,1,81,81,116.224,115.973,0.000905,0.001407,0.000503
aten::mul,"[[46,2048],[46,1]]","[""float"",""float""]",both,"[""operator_shape_matched""]","[""operator_shape_matched""]",1,1,81,81,117.09,117.218,0.000911,0.001422,0.000511
aten::mul,"[[46,2048],[46,2048]]","[""c10::BFloat16"",""c10::BFloat16""]",both,"[""operator_shape_matched""]","[""operator_shape_matched""]",1,1,10,10,12.993,12.961,0.000101,0.000157,5.6e-05
aten::mul,"[[46,8,256],[256]]","[""float"",""float""]",both,"[""operator_shape_matched""]","[""operator_shape_matched""]",1,1,10,10,13.663,13.664,0.000106,0.000166,5.9e-05
aten::mul,"[[46,8,256],[46,8,1]]","[""float"",""float""]",both,"[""operator_shape_matched""]","[""operator_shape_matched""]",1,1,10,10,13.377,13.057,0.000104,0.000158,5.4e-05
aten::mul,"[[46,8,32],[46,1,32]]","[""c10::BFloat16"",""c10::BFloat16""]",both,"[""operator_shape_matched""]","[""operator_shape_matched""]",1,1,40,40,47.233,47.108,0.000368,0.000572,0.000204
aten::mul,"[[48,1,256],[256]]","[""float"",""float""]",both,"[""operator_shape_matched""]","[""operator_shape_matched""]",1,1,10,10,12.031,11.971,9.4e-05,0.000145,5.2e-05
aten::mul,"[[48,1,256],[48,1,1]]","[""float"",""float""]",both,"[""operator_shape_matched""]","[""operator_shape_matched""]",1,1,10,10,11.423,11.168,8.9e-05,0.000136,4.7e-05
aten::mul,"[[48,1,32],[48,1,32]]","[""c10::BFloat16"",""c10::BFloat16""]",both,"[""operator_shape_matched""]","[""operator_shape_matched""]",1,1,40,40,44.543,44.996,0.000347,0.000546,0.000199
aten::mul,"[[48,1],[48,2048]]","[""c10::BFloat16"",""c10::BFloat16""]",both,"[""operator_shape_matched""]","[""operator_shape_matched""]",1,1,40,40,61.632,61.603,0.00048,0.000747,0.000268
aten::mul,"[[48,2048],[2048]]","[""float"",""float""]",both,"[""operator_shape_matched""]","[""operator_shape_matched""]",1,1,81,81,116.067,116.354,0.000903,0.001412,0.000508
aten::mul,"[[48,2048],[48,1]]","[""float"",""float""]",both,"[""operator_shape_matched""]","[""operator_shape_matched""]",1,1,81,81,116.005,115.297,0.000903,0.001399,0.000496
aten::mul,"[[48,2048],[48,2048]]","[""c10::BFloat16"",""c10::BFloat16""]",both,"[""operator_shape_matched""]","[""operator_shape_matched""]",1,1,10,10,13.057,13.279,0.000102,0.000161,5.9e-05
aten::mul,"[[48,8,256],[256]]","[""float"",""float""]",both,"[""operator_shape_matched""]","[""operator_shape_matched""]",1,1,10,10,13.601,13.567,0.000106,0.000165,5.9e-05
aten::mul,"[[48,8,256],[48,8,1]]","[""float"",""float""]",both,"[""operator_shape_matched""]","[""operator_shape_matched""]",1,1,10,10,13.277,13.217,0.000103,0.00016,5.7e-05
aten::mul,"[[48,8,32],[48,1,32]]","[""c10::BFloat16"",""c10::BFloat16""]",both,"[""operator_shape_matched""]","[""operator_shape_matched""]",1,1,40,40,46.881,46.69,0.000365,0.000566,0.000202
aten::mul,"[[480,128],[128]]","[""float"",""float""]",both,"[""operator_shape_matched""]","[""operator_shape_matched""]",1,1,30,30,40.226,40.129,0.000313,0.000487,0.000174
aten::mul,"[[480,128],[480,128]]","[""float"",""float""]",both,"[""operator_shape_matched""]","[""operator_shape_matched""]",1,1,30,30,38.113,37.669,0.000297,0.000457,0.00016
aten::mul,"[[480,128],[480,1]]","[""float"",""float""]",both,"[""operator_shape_matched""]","[""operator_shape_matched""]",1,1,30,30,40.735,40.799,0.000317,0.000495,0.000178
aten::mul,"[[50,1,256],[256]]","[""float"",""float""]",both,"[""operator_shape_matched""]","[""operator_shape_matched""]",1,1,10,10,12.097,12.066,9.4e-05,0.000146,5.2e-05
aten::mul,"[[50,1,256],[50,1,1]]","[""float"",""float""]",both,"[""operator_shape_matched""]","[""operator_shape_matched""]",1,1,10,10,11.742,11.807,9.1e-05,0.000143,5.2e-05
aten::mul,"[[50,1,32],[50,1,32]]","[""c10::BFloat16"",""c10::BFloat16""]",both,"[""operator_shape_matched""]","[""operator_shape_matched""]",1,1,40,40,44.674,44.899,0.000348,0.000545,0.000197
aten::mul,"[[50,1],[50,2048]]","[""c10::BFloat16"",""c10::BFloat16""]",both,"[""operator_shape_matched""]","[""operator_shape_matched""]",1,1,40,40,61.024,61.6,0.000475,0.000747,0.000272
aten::mul,"[[50,2048],[2048]]","[""float"",""float""]",both,"[""operator_shape_matched""]","[""operator_shape_matched""]",1,1,81,81,117.029,116.354,0.000911,0.001412,0.000501
aten::mul,"[[50,2048],[50,1]]","[""float"",""float""]",both,"[""operator_shape_matched""]","[""operator_shape_matched""]",1,1,81,81,123.841,122.727,0.000964,0.001489,0.000525
aten::mul,"[[50,2048],[50,2048]]","[""c10::BFloat16"",""c10::BFloat16""]",both,"[""operator_shape_matched""]","[""operator_shape_matched""]",1,1,10,10,13.12,13.246,0.000102,0.000161,5.9e-05
aten::mul,"[[50,8,256],[256]]","[""float"",""float""]",both,"[""operator_shape_matched""]","[""operator_shape_matched""]",1,1,10,10,13.7,13.793,0.000107,0.000167,6.1e-05
aten::mul,"[[50,8,256],[50,8,1]]","[""float"",""float""]",both,"[""operator_shape_matched""]","[""operator_shape_matched""]",1,1,10,10,13.408,13.633,0.000104,0.000165,6.1e-05
aten::mul,"[[50,8,32],[50,1,32]]","[""c10::BFloat16"",""c10::BFloat16""]",both,"[""operator_shape_matched""]","[""operator_shape_matched""]",1,1,40,40,45.665,45.627,0.000355,0.000554,0.000198
aten::mul,"[[5089,1,256],[256]]","[""float"",""float""]",both,"[""operator_shape_matched""]","[""operator_shape_matched""]",1,1,10,10,26.145,26.531,0.000203,0.000322,0.000118
aten::mul,"[[5089,1,256],[5089,1,1]]","[""float"",""float""]",both,"[""operator_shape_matched""]","[""operator_shape_matched""]",1,1,10,10,27.681,27.362,0.000215,0.000332,0.000117
aten::mul,"[[5089,1,32],[5089,1,32]]","[""c10::BFloat16"",""c10::BFloat16""]",both,"[""operator_shape_matched""]","[""operator_shape_matched""]",1,1,40,40,67.713,67.617,0.000527,0.00082,0.000293
aten::mul,"[[5089,1],[5089,2048]]","[""c10::BFloat16"",""c10::BFloat16""]",both,"[""operator_shape_matched""]","[""operator_shape_matched""]",1,1,40,40,520.045,519.566,0.004047,0.006304,0.002257
aten::mul,"[[5089,2048],[2048]]","[""float"",""float""]",both,"[""operator_shape_matched""]","[""operator_shape_matched""]",1,1,81,81,2380.981,2368.747,0.01853,0.02874,0.01021
aten::mul,"[[5089,2048],[5089,1]]","[""float"",""float""]",both,"[""operator_shape_matched""]","[""operator_shape_matched""]",1,1,81,81,1917.376,1923.014,0.014922,0.023332,0.00841
aten::mul,"[[5089,2048],[5089,2048]]","[""c10::BFloat16"",""c10::BFloat16""]",both,"[""operator_shape_matched""]","[""operator_shape_matched""]",1,1,10,10,185.604,185.696,0.001444,0.002253,0.000809
aten::mul,"[[5089,8,256],[256]]","[""float"",""float""]",both,"[""operator_shape_matched""]","[""operator_shape_matched""]",1,1,10,10,295.206,293.864,0.002297,0.003565,0.001268
aten::mul,"[[5089,8,256],[5089,8,1]]","[""float"",""float""]",both,"[""operator_shape_matched""]","[""operator_shape_matched""]",1,1,10,10,236.934,238.051,0.001844,0.002888,0.001044
aten::mul,"[[5089,8,32],[5089,1,32]]","[""c10::BFloat16"",""c10::BFloat16""]",both,"[""operator_shape_matched""]","[""operator_shape_matched""]",1,1,40,40,111.812,111.651,0.00087,0.001355,0.000484
aten::mul,"[[512,128],[128]]","[""float"",""float""]",both,"[""operator_shape_matched""]","[""operator_shape_matched""]",1,1,30,30,40.444,40.131,0.000315,0.000487,0.000172
aten::mul,"[[512,128],[512,128]]","[""float"",""float""]",both,"[""operator_shape_matched""]","[""operator_shape_matched""]",1,1,30,30,37.602,38.334,0.000293,0.000465,0.000172
aten::mul,"[[512,128],[512,1]]","[""float"",""float""]",both,"[""operator_shape_matched""]","[""operator_shape_matched""]",1,1,30,30,40.637,40.382,0.000316,0.00049,0.000174
aten::mul,"[[52,1,256],[256]]","[""float"",""float""]",both,"[""operator_shape_matched""]","[""operator_shape_matched""]",1,1,10,10,12.034,12.0,9.4e-05,0.000146,5.2e-05
aten::mul,"[[52,1,256],[52,1,1]]","[""float"",""float""]",both,"[""operator_shape_matched""]","[""operator_shape_matched""]",1,1,10,10,12.799,12.705,0.0001,0.000154,5.5e-05
aten::mul,"[[52,1,32],[52,1,32]]","[""c10::BFloat16"",""c10::BFloat16""]",both,"[""operator_shape_matched""]","[""operator_shape_matched""]",1,1,40,40,45.06,45.025,0.000351,0.000546,0.000196
aten::mul,"[[52,1],[52,2048]]","[""c10::BFloat16"",""c10::BFloat16""]",both,"[""operator_shape_matched""]","[""operator_shape_matched""]",1,1,40,40,61.284,61.219,0.000477,0.000743,0.000266
aten::mul,"[[52,2048],[2048]]","[""float"",""float""]",both,"[""operator_shape_matched""]","[""operator_shape_matched""]",1,1,81,81,116.543,116.328,0.000907,0.001411,0.000504
aten::mul,"[[52,2048],[52,1]]","[""float"",""float""]",both,"[""operator_shape_matched""]","[""operator_shape_matched""]",1,1,81,81,121.733,121.566,0.000947,0.001475,0.000528
aten::mul,"[[52,2048],[52,2048]]","[""c10::BFloat16"",""c10::BFloat16""]",both,"[""operator_shape_matched""]","[""operator_shape_matched""]",1,1,10,10,13.182,13.473,0.000103,0.000163,6.1e-05
aten::mul,"[[52,8,256],[256]]","[""float"",""float""]",both,"[""operator_shape_matched""]","[""operator_shape_matched""]",1,1,10,10,13.922,13.696,0.000108,0.000166,5.8e-05
aten::mul,"[[52,8,256],[52,8,1]]","[""float"",""float""]",both,"[""operator_shape_matched""]","[""operator_shape_matched""]",1,1,10,10,13.088,13.151,0.000102,0.00016,5.8e-05
aten::mul,"[[52,8,32],[52,1,32]]","[""c10::BFloat16"",""c10::BFloat16""]",both,"[""operator_shape_matched""]","[""operator_shape_matched""]",1,1,40,40,47.552,47.552,0.00037,0.000577,0.000207
aten::mul,"[[54,1,256],[256]]","[""float"",""float""]",both,"[""operator_shape_matched""]","[""operator_shape_matched""]",1,1,10,10,12.067,12.226,9.4e-05,0.000148,5.4e-05
aten::mul,"[[54,1,256],[54,1,1]]","[""float"",""float""]",both,"[""operator_shape_matched""]","[""operator_shape_matched""]",1,1,10,10,11.745,11.939,9.1e-05,0.000145,5.3e-05
aten::mul,"[[54,1,32],[54,1,32]]","[""c10::BFloat16"",""c10::BFloat16""]",both,"[""operator_shape_matched""]","[""operator_shape_matched""]",1,1,40,40,45.152,45.025,0.000351,0.000546,0.000195
aten::mul,"[[54,1],[54,2048]]","[""c10::BFloat16"",""c10::BFloat16""]",both,"[""operator_shape_matched""]","[""operator_shape_matched""]",1,1,40,40,59.232,60.004,0.000461,0.000728,0.000267
aten::mul,"[[54,2048],[2048]]","[""float"",""float""]",both,"[""operator_shape_matched""]","[""operator_shape_matched""]",1,1,81,81,115.745,115.459,0.000901,0.001401,0.0005
aten::mul,"[[54,2048],[54,1]]","[""float"",""float""]",both,"[""operator_shape_matched""]","[""operator_shape_matched""]",1,1,81,81,120.642,119.333,0.000939,0.001448,0.000509
aten::mul,"[[54,2048],[54,2048]]","[""c10::BFloat16"",""c10::BFloat16""]",both,"[""operator_shape_matched""]","[""operator_shape_matched""]",1,1,10,10,13.375,13.407,0.000104,0.000163,5.9e-05
aten::mul,"[[54,8,256],[256]]","[""float"",""float""]",both,"[""operator_shape_matched""]","[""operator_shape_matched""]",1,1,10,10,14.239,14.207,0.000111,0.000172,6.2e-05
aten::mul,"[[54,8,256],[54,8,1]]","[""float"",""float""]",both,"[""operator_shape_matched""]","[""operator_shape_matched""]",1,1,10,10,14.272,14.307,0.000111,0.000174,6.3e-05
aten::mul,"[[54,8,32],[54,1,32]]","[""c10::BFloat16"",""c10::BFloat16""]",both,"[""operator_shape_matched""]","[""operator_shape_matched""]",1,1,40,40,46.914,46.782,0.000365,0.000568,0.000202
aten::mul,"[[544,128],[128]]","[""float"",""float""]",both,"[""operator_shape_matched""]","[""operator_shape_matched""]",1,1,30,30,43.075,43.103,0.000335,0.000523,0.000188
aten::mul,"[[544,128],[544,128]]","[""float"",""float""]",both,"[""operator_shape_matched""]","[""operator_shape_matched""]",1,1,30,30,38.464,38.721,0.000299,0.00047,0.00017
aten::mul,"[[544,128],[544,1]]","[""float"",""float""]",both,"[""operator_shape_matched""]","[""operator_shape_matched""]",1,1,30,30,41.697,41.249,0.000325,0.0005,0.000176
aten::mul,"[[56,1,256],[256]]","[""float"",""float""]",both,"[""operator_shape_matched""]","[""operator_shape_matched""]",1,1,10,10,11.968,12.191,9.3e-05,0.000148,5.5e-05
aten::mul,"[[56,1,256],[56,1,1]]","[""float"",""float""]",both,"[""operator_shape_matched""]","[""operator_shape_matched""]",1,1,10,10,11.68,11.521,9.1e-05,0.00014,4.9e-05
aten::mul,"[[56,1,32],[56,1,32]]","[""c10::BFloat16"",""c10::BFloat16""]",both,"[""operator_shape_matched""]","[""operator_shape_matched""]",1,1,40,40,44.737,44.769,0.000348,0.000543,0.000195
aten::mul,"[[56,1],[56,2048]]","[""c10::BFloat16"",""c10::BFloat16""]",both,"[""operator_shape_matched""]","[""operator_shape_matched""]",1,1,40,40,61.408,61.309,0.000478,0.000744,0.000266
aten::mul,"[[56,2048],[2048]]","[""float"",""float""]",both,"[""operator_shape_matched""]","[""operator_shape_matched""]",1,1,81,81,116.003,116.39,0.000903,0.001412,0.000509
aten::mul,"[[56,2048],[56,1]]","[""float"",""float""]",both,"[""operator_shape_matched""]","[""operator_shape_matched""]",1,1,81,81,124.549,123.78,0.000969,0.001502,0.000533
aten::mul,"[[56,2048],[56,2048]]","[""c10::BFloat16"",""c10::BFloat16""]",both,"[""operator_shape_matched""]","[""operator_shape_matched""]",1,1,10,10,13.502,13.346,0.000105,0.000162,5.7e-05
aten::mul,"[[56,8,256],[256]]","[""float"",""float""]",both,"[""operator_shape_matched""]","[""operator_shape_matched""]",1,1,10,10,13.567,13.729,0.000106,0.000167,6.1e-05
aten::mul,"[[56,8,256],[56,8,1]]","[""float"",""float""]",both,"[""operator_shape_matched""]","[""operator_shape_matched""]",1,1,10,10,13.407,13.311,0.000104,0.000162,5.7e-05
aten::mul,"[[56,8,32],[56,1,32]]","[""c10::BFloat16"",""c10::BFloat16""]",both,"[""operator_shape_matched""]","[""operator_shape_matched""]",1,1,40,40,46.053,45.824,0.000358,0.000556,0.000198
aten::mul,"[[576,128],[128]]","[""float"",""float""]",both,"[""operator_shape_matched""]","[""operator_shape_matched""]",1,1,30,30,43.615,43.33,0.000339,0.000526,0.000186
aten::mul,"[[576,128],[576,128]]","[""float"",""float""]",both,"[""operator_shape_matched""]","[""operator_shape_matched""]",1,1,30,30,39.168,39.297,0.000305,0.000477,0.000172
aten::mul,"[[576,128],[576,1]]","[""float"",""float""]",both,"[""operator_shape_matched""]","[""operator_shape_matched""]",1,1,30,30,44.418,44.095,0.000346,0.000535,0.000189
aten::mul,"[[58,1,256],[256]]","[""float"",""float""]",both,"[""operator_shape_matched""]","[""operator_shape_matched""]",1,1,10,10,11.938,11.969,9.3e-05,0.000145,5.2e-05
aten::mul,"[[58,1,256],[58,1,1]]","[""float"",""float""]",both,"[""operator_shape_matched""]","[""operator_shape_matched""]",1,1,10,10,12.064,12.257,9.4e-05,0.000149,5.5e-05
aten::mul,"[[58,1,32],[58,1,32]]","[""c10::BFloat16"",""c10::BFloat16""]",both,"[""operator_shape_matched""]","[""operator_shape_matched""]",1,1,40,40,46.08,46.334,0.000359,0.000562,0.000204
aten::mul,"[[58,1],[58,2048]]","[""c10::BFloat16"",""c10::BFloat16""]",both,"[""operator_shape_matched""]","[""operator_shape_matched""]",1,1,40,40,61.055,61.38,0.000475,0.000745,0.00027
aten::mul,"[[58,2048],[2048]]","[""float"",""float""]",both,"[""operator_shape_matched""]","[""operator_shape_matched""]",1,1,81,81,116.574,115.709,0.000907,0.001404,0.000497
aten::mul,"[[58,2048],[58,1]]","[""float"",""float""]",both,"[""operator_shape_matched""]","[""operator_shape_matched""]",1,1,81,81,122.563,122.565,0.000954,0.001487,0.000533
aten::mul,"[[58,2048],[58,2048]]","[""c10::BFloat16"",""c10::BFloat16""]",both,"[""operator_shape_matched""]","[""operator_shape_matched""]",1,1,10,10,13.569,13.504,0.000106,0.000164,5.8e-05
aten::mul,"[[58,8,256],[256]]","[""float"",""float""]",both,"[""operator_shape_matched""]","[""operator_shape_matched""]",1,1,10,10,13.791,13.634,0.000107,0.000165,5.8e-05
aten::mul,"[[58,8,256],[58,8,1]]","[""float"",""float""]",both,"[""operator_shape_matched""]","[""operator_shape_matched""]",1,1,10,10,13.153,13.374,0.000102,0.000162,6e-05
aten::mul,"[[58,8,32],[58,1,32]]","[""c10::BFloat16"",""c10::BFloat16""]",both,"[""operator_shape_matched""]","[""operator_shape_matched""]",1,1,40,40,46.784,46.787,0.000364,0.000568,0.000204
aten::mul,"[[6,1,256],[256]]","[""float"",""float""]",both,"[""operator_shape_matched""]","[""operator_shape_matched""]",1,1,10,10,11.263,10.946,8.8e-05,0.000133,4.5e-05
aten::mul,"[[6,1,256],[6,1,1]]","[""float"",""float""]",both,"[""operator_shape_matched""]","[""operator_shape_matched""]",1,1,10,10,11.201,11.264,8.7e-05,0.000137,4.9e-05
aten::mul,"[[6,1,32],[6,1,32]]","[""c10::BFloat16"",""c10::BFloat16""]",both,"[""operator_shape_matched""]","[""operator_shape_matched""]",1,1,40,40,42.274,42.18,0.000329,0.000512,0.000183
aten::mul,"[[6,1],[6,2048]]","[""c10::BFloat16"",""c10::BFloat16""]",both,"[""operator_shape_matched""]","[""operator_shape_matched""]",1,1,40,40,54.305,53.828,0.000423,0.000653,0.00023
aten::mul,"[[6,2048],[2048]]","[""float"",""float""]",both,"[""operator_shape_matched""]","[""operator_shape_matched""]",1,1,81,81,102.396,102.274,0.000797,0.001241,0.000444
aten::mul,"[[6,2048],[6,1]]","[""float"",""float""]",both,"[""operator_shape_matched""]","[""operator_shape_matched""]",1,1,81,81,105.474,105.44,0.000821,0.001279,0.000458
aten::mul,"[[6,2048],[6,2048]]","[""c10::BFloat16"",""c10::BFloat16""]",both,"[""operator_shape_matched""]","[""operator_shape_matched""]",1,1,10,10,11.969,11.777,9.3e-05,0.000143,5e-05
aten::mul,"[[6,8,256],[256]]","[""float"",""float""]",both,"[""operator_shape_matched""]","[""operator_shape_matched""]",1,1,10,10,11.903,11.714,9.3e-05,0.000142,4.9e-05
aten::mul,"[[6,8,256],[6,8,1]]","[""float"",""float""]",both,"[""operator_shape_matched""]","[""operator_shape_matched""]",1,1,10,10,11.967,11.744,9.3e-05,0.000142,4.9e-05
aten::mul,"[[6,8,32],[6,1,32]]","[""c10::BFloat16"",""c10::BFloat16""]",both,"[""operator_shape_matched""]","[""operator_shape_matched""]",1,1,40,40,44.32,44.289,0.000345,0.000537,0.000192
aten::mul,"[[60,1,256],[256]]","[""float"",""float""]",both,"[""operator_shape_matched""]","[""operator_shape_matched""]",1,1,10,10,11.329,11.393,8.8e-05,0.000138,5e-05
aten::mul,"[[60,1,256],[60,1,1]]","[""float"",""float""]",both,"[""operator_shape_matched""]","[""operator_shape_matched""]",1,1,10,10,12.83,12.512,0.0001,0.000152,5.2e-05
aten::mul,"[[60,1,32],[60,1,32]]","[""c10::BFloat16"",""c10::BFloat16""]",both,"[""operator_shape_matched""]","[""operator_shape_matched""]",1,1,40,40,46.34,46.18,0.000361,0.00056,0.0002
aten::mul,"[[60,1],[60,2048]]","[""c10::BFloat16"",""c10::BFloat16""]",both,"[""operator_shape_matched""]","[""operator_shape_matched""]",1,1,40,40,61.599,62.084,0.000479,0.000753,0.000274
aten::mul,"[[60,2048],[2048]]","[""float"",""float""]",both,"[""operator_shape_matched""]","[""operator_shape_matched""]",1,1,81,81,116.226,116.516,0.000905,0.001414,0.000509
aten::mul,"[[60,2048],[60,1]]","[""float"",""float""]",both,"[""operator_shape_matched""]","[""operator_shape_matched""]",1,1,81,81,122.08,120.476,0.00095,0.001462,0.000512
aten::mul,"[[60,2048],[60,2048]]","[""c10::BFloat16"",""c10::BFloat16""]",both,"[""operator_shape_matched""]","[""operator_shape_matched""]",1,1,10,10,13.536,13.663,0.000105,0.000166,6e-05
aten::mul,"[[60,8,256],[256]]","[""float"",""float""]",both,"[""operator_shape_matched""]","[""operator_shape_matched""]",1,1,10,10,14.144,14.176,0.00011,0.000172,6.2e-05
aten::mul,"[[60,8,256],[60,8,1]]","[""float"",""float""]",both,"[""operator_shape_matched""]","[""operator_shape_matched""]",1,1,10,10,14.687,14.689,0.000114,0.000178,6.4e-05
aten::mul,"[[60,8,32],[60,1,32]]","[""c10::BFloat16"",""c10::BFloat16""]",both,"[""operator_shape_matched""]","[""operator_shape_matched""]",1,1,40,40,47.037,46.786,0.000366,0.000568,0.000202
aten::mul,"[[608,128],[128]]","[""float"",""float""]",both,"[""operator_shape_matched""]","[""operator_shape_matched""]",1,1,30,30,43.075,43.425,0.000335,0.000527,0.000192
aten::mul,"[[608,128],[608,128]]","[""float"",""float""]",both,"[""operator_shape_matched""]","[""operator_shape_matched""]",1,1,30,30,39.073,39.651,0.000304,0.000481,0.000177
aten::mul,"[[608,128],[608,1]]","[""float"",""float""]",both,"[""operator_shape_matched""]","[""operator_shape_matched""]",1,1,30,30,43.458,43.297,0.000338,0.000525,0.000187
aten::mul,"[[62,1,256],[256]]","[""float"",""float""]",both,"[""operator_shape_matched""]","[""operator_shape_matched""]",1,1,10,10,12.192,12.193,9.5e-05,0.000148,5.3e-05
aten::mul,"[[62,1,256],[62,1,1]]","[""float"",""float""]",both,"[""operator_shape_matched""]","[""operator_shape_matched""]",1,1,10,10,12.223,12.481,9.5e-05,0.000151,5.6e-05
aten::mul,"[[62,1,32],[62,1,32]]","[""c10::BFloat16"",""c10::BFloat16""]",both,"[""operator_shape_matched""]","[""operator_shape_matched""]",1,1,40,40,45.316,45.379,0.000353,0.000551,0.000198
aten::mul,"[[62,1],[62,2048]]","[""c10::BFloat16"",""c10::BFloat16""]",both,"[""operator_shape_matched""]","[""operator_shape_matched""]",1,1,40,40,61.252,60.965,0.000477,0.00074,0.000263
aten::mul,"[[62,2048],[2048]]","[""float"",""float""]",both,"[""operator_shape_matched""]","[""operator_shape_matched""]",1,1,81,81,115.303,116.575,0.000897,0.001414,0.000517
aten::mul,"[[62,2048],[62,1]]","[""float"",""float""]",both,"[""operator_shape_matched""]","[""operator_shape_matched""]",1,1,81,81,121.505,121.537,0.000946,0.001475,0.000529
aten::mul,"[[62,2048],[62,2048]]","[""c10::BFloat16"",""c10::BFloat16""]",both,"[""operator_shape_matched""]","[""operator_shape_matched""]",1,1,10,10,13.44,13.602,0.000105,0.000165,6e-05
aten::mul,"[[62,8,256],[256]]","[""float"",""float""]",both,"[""operator_shape_matched""]","[""operator_shape_matched""]",1,1,10,10,13.761,13.827,0.000107,0.000168,6.1e-05
aten::mul,"[[62,8,256],[62,8,1]]","[""float"",""float""]",both,"[""operator_shape_matched""]","[""operator_shape_matched""]",1,1,10,10,13.473,13.279,0.000105,0.000161,5.6e-05
aten::mul,"[[62,8,32],[62,1,32]]","[""c10::BFloat16"",""c10::BFloat16""]",both,"[""operator_shape_matched""]","[""operator_shape_matched""]",1,1,40,40,47.198,47.138,0.000367,0.000572,0.000205
aten::mul,"[[63,1,256],[256]]","[""float"",""float""]",both,"[""operator_shape_matched""]","[""operator_shape_matched""]",1,1,20,20,24.322,24.06,0.000189,0.000292,0.000103
aten::mul,"[[63,1,256],[63,1,1]]","[""float"",""float""]",both,"[""operator_shape_matched""]","[""operator_shape_matched""]",1,1,20,20,25.348,25.023,0.000197,0.000304,0.000106
aten::mul,"[[63,1,32],[63,1,32]]","[""c10::BFloat16"",""c10::BFloat16""]",both,"[""operator_shape_matched""]","[""operator_shape_matched""]",1,1,80,80,92.228,92.191,0.000718,0.001119,0.000401
aten::mul,"[[63,1],[63,2048]]","[""c10::BFloat16"",""c10::BFloat16""]",both,"[""operator_shape_matched""]","[""operator_shape_matched""]",1,1,80,80,124.96,124.479,0.000973,0.00151,0.000538
aten::mul,"[[63,2048],[2048]]","[""float"",""float""]",both,"[""operator_shape_matched""]","[""operator_shape_matched""]",1,1,162,162,234.081,233.73,0.001822,0.002836,0.001014
aten::mul,"[[63,2048],[63,1]]","[""float"",""float""]",both,"[""operator_shape_matched""]","[""operator_shape_matched""]",1,1,162,162,243.75,242.923,0.001897,0.002947,0.00105
aten::mul,"[[63,2048],[63,2048]]","[""c10::BFloat16"",""c10::BFloat16""]",both,"[""operator_shape_matched""]","[""operator_shape_matched""]",1,1,20,20,26.942,27.391,0.00021,0.000332,0.000123
aten::mul,"[[63,8,256],[256]]","[""float"",""float""]",both,"[""operator_shape_matched""]","[""operator_shape_matched""]",1,1,20,20,28.959,28.862,0.000225,0.00035,0.000125
aten::mul,"[[63,8,256],[63,8,1]]","[""float"",""float""]",both,"[""operator_shape_matched""]","[""operator_shape_matched""]",1,1,20,20,29.439,29.505,0.000229,0.000358,0.000129
aten::mul,"[[63,8,32],[63,1,32]]","[""c10::BFloat16"",""c10::BFloat16""]",both,"[""operator_shape_matched""]","[""operator_shape_matched""]",1,1,80,80,94.252,94.15,0.000734,0.001142,0.000409
aten::mul,"[[64,1,256],[256]]","[""float"",""float""]",both,"[""operator_shape_matched""]","[""operator_shape_matched""]",1,1,4780,2220,5857.922,2722.36,0.04559,0.033031,-0.012559
aten::mul,"[[64,1,256],[64,1,1]]","[""float"",""float""]",both,"[""operator_shape_matched""]","[""operator_shape_matched""]",1,1,4780,2220,5940.879,2755.627,0.046235,0.033434,-0.012801
aten::mul,"[[64,1,32],[64,1,32]]","[""c10::BFloat16"",""c10::BFloat16""]",both,"[""operator_shape_matched""]","[""operator_shape_matched""]",1,1,19120,8880,22224.2,10335.046,0.172962,0.125396,-0.047566
aten::mul,"[[64,128],[128]]","[""float"",""float""]",both,"[""operator_shape_matched""]","[""operator_shape_matched""]",1,1,30,30,37.567,37.534,0.000292,0.000455,0.000163
aten::mul,"[[64,128],[64,128]]","[""float"",""float""]",both,"[""operator_shape_matched""]","[""operator_shape_matched""]",1,1,30,30,36.77,36.673,0.000286,0.000445,0.000159
aten::mul,"[[64,128],[64,1]]","[""float"",""float""]",both,"[""operator_shape_matched""]","[""operator_shape_matched""]",1,1,30,30,35.708,35.621,0.000278,0.000432,0.000154
aten::mul,"[[64,1],[64,2048]]","[""c10::BFloat16"",""c10::BFloat16""]",both,"[""operator_shape_matched""]","[""operator_shape_matched""]",1,1,19120,8880,28368.23,13198.032,0.220778,0.160132,-0.060646
aten::mul,"[[64,2048],[2048]]","[""float"",""float""]",both,"[""operator_shape_matched""]","[""operator_shape_matched""]",1,1,38718,17982,55508.049,25807.846,0.431996,0.313128,-0.118868
aten::mul,"[[64,2048],[64,1]]","[""float"",""float""]",both,"[""operator_shape_matched""]","[""operator_shape_matched""]",1,1,38718,17982,56524.377,26286.573,0.439905,0.318936,-0.120969
aten::mul,"[[64,2048],[64,2048]]","[""c10::BFloat16"",""c10::BFloat16""]",both,"[""operator_shape_matched""]","[""operator_shape_matched""]",1,1,4780,2220,6531.666,3039.525,0.050833,0.036879,-0.013955
aten::mul,"[[64,8,256],[256]]","[""float"",""float""]",both,"[""operator_shape_matched""]","[""operator_shape_matched""]",1,1,4780,2220,6523.429,3034.374,0.050769,0.036816,-0.013953
aten::mul,"[[64,8,256],[64,8,1]]","[""float"",""float""]",both,"[""operator_shape_matched""]","[""operator_shape_matched""]",1,1,4780,2220,6401.81,2975.853,0.049823,0.036106,-0.013716
aten::mul,"[[64,8,32],[64,1,32]]","[""c10::BFloat16"",""c10::BFloat16""]",both,"[""operator_shape_matched""]","[""operator_shape_matched""]",1,1,19120,8880,21826.173,10151.761,0.169864,0.123172,-0.046692
aten::mul,"[[640,128],[128]]","[""float"",""float""]",both,"[""operator_shape_matched""]","[""operator_shape_matched""]",1,1,30,30,43.811,43.904,0.000341,0.000533,0.000192
aten::mul,"[[640,128],[640,128]]","[""float"",""float""]",both,"[""operator_shape_matched""]","[""operator_shape_matched""]",1,1,30,30,39.073,39.584,0.000304,0.00048,0.000176
aten::mul,"[[640,128],[640,1]]","[""float"",""float""]",both,"[""operator_shape_matched""]","[""operator_shape_matched""]",1,1,30,30,42.335,42.466,0.000329,0.000515,0.000186
aten::mul,"[[65536,128],[128]]","[""float"",""float""]",both,"[""operator_shape_matched""]","[""operator_shape_matched""]",1,1,30,30,670.344,671.789,0.005217,0.008151,0.002934
aten::mul,"[[65536,128],[65536,128]]","[""float"",""float""]",both,"[""operator_shape_matched""]","[""operator_shape_matched""]",1,1,30,30,1048.596,1040.723,0.008161,0.012627,0.004466
aten::mul,"[[65536,128],[65536,1]]","[""float"",""float""]",both,"[""operator_shape_matched""]","[""operator_shape_matched""]",1,1,30,30,573.426,571.656,0.004463,0.006936,0.002473
aten::mul,"[[672,128],[128]]","[""float"",""float""]",both,"[""operator_shape_matched""]","[""operator_shape_matched""]",1,1,30,30,41.126,40.739,0.00032,0.000494,0.000174
aten::mul,"[[672,128],[672,128]]","[""float"",""float""]",both,"[""operator_shape_matched""]","[""operator_shape_matched""]",1,1,30,30,38.753,38.718,0.000302,0.00047,0.000168
aten::mul,"[[672,128],[672,1]]","[""float"",""float""]",both,"[""operator_shape_matched""]","[""operator_shape_matched""]",1,1,30,30,41.764,42.211,0.000325,0.000512,0.000187
aten::mul,"[[704,128],[128]]","[""float"",""float""]",both,"[""operator_shape_matched""]","[""operator_shape_matched""]",1,1,30,30,43.806,43.648,0.000341,0.00053,0.000189
aten::mul,"[[704,128],[704,128]]","[""float"",""float""]",both,"[""operator_shape_matched""]","[""operator_shape_matched""]",1,1,30,30,40.061,40.001,0.000312,0.000485,0.000174
aten::mul,"[[704,128],[704,1]]","[""float"",""float""]",both,"[""operator_shape_matched""]","[""operator_shape_matched""]",1,1,30,30,44.515,44.353,0.000346,0.000538,0.000192
aten::mul,"[[736,128],[128]]","[""float"",""float""]",both,"[""operator_shape_matched""]","[""operator_shape_matched""]",1,1,30,30,43.904,43.36,0.000342,0.000526,0.000184
aten::mul,"[[736,128],[736,128]]","[""float"",""float""]",both,"[""operator_shape_matched""]","[""operator_shape_matched""]",1,1,30,30,40.771,40.832,0.000317,0.000495,0.000178
aten::mul,"[[736,128],[736,1]]","[""float"",""float""]",both,"[""operator_shape_matched""]","[""operator_shape_matched""]",1,1,30,30,45.025,44.769,0.00035,0.000543,0.000193
aten::mul,"[[768,128],[128]]","[""float"",""float""]",both,"[""operator_shape_matched""]","[""operator_shape_matched""]",1,1,30,30,43.586,43.552,0.000339,0.000528,0.000189
aten::mul,"[[768,128],[768,128]]","[""float"",""float""]",both,"[""operator_shape_matched""]","[""operator_shape_matched""]",1,1,30,30,40.671,40.929,0.000317,0.000497,0.00018
aten::mul,"[[768,128],[768,1]]","[""float"",""float""]",both,"[""operator_shape_matched""]","[""operator_shape_matched""]",1,1,30,30,42.653,42.148,0.000332,0.000511,0.000179
aten::mul,"[[8,1,256],[256]]","[""float"",""float""]",both,"[""operator_shape_matched""]","[""operator_shape_matched""]",1,1,10,10,12.161,12.063,9.5e-05,0.000146,5.2e-05
aten::mul,"[[8,1,256],[8,1,1]]","[""float"",""float""]",both,"[""operator_shape_matched""]","[""operator_shape_matched""]",1,1,10,10,11.106,11.361,8.6e-05,0.000138,5.1e-05
aten::mul,"[[8,1,32],[8,1,32]]","[""c10::BFloat16"",""c10::BFloat16""]",both,"[""operator_shape_matched""]","[""operator_shape_matched""]",1,1,40,40,41.884,42.077,0.000326,0.000511,0.000185
aten::mul,"[[8,1],[8,2048]]","[""c10::BFloat16"",""c10::BFloat16""]",both,"[""operator_shape_matched""]","[""operator_shape_matched""]",1,1,40,40,54.59,54.401,0.000425,0.00066,0.000235
aten::mul,"[[8,2048],[2048]]","[""float"",""float""]",both,"[""operator_shape_matched""]","[""operator_shape_matched""]",1,1,81,81,102.367,102.372,0.000797,0.001242,0.000445
aten::mul,"[[8,2048],[8,1]]","[""float"",""float""]",both,"[""operator_shape_matched""]","[""operator_shape_matched""]",1,1,81,81,108.576,108.931,0.000845,0.001322,0.000477
aten::mul,"[[8,2048],[8,2048]]","[""c10::BFloat16"",""c10::BFloat16""]",both,"[""operator_shape_matched""]","[""operator_shape_matched""]",1,1,10,10,12.063,11.966,9.4e-05,0.000145,5.1e-05
aten::mul,"[[8,8,256],[256]]","[""float"",""float""]",both,"[""operator_shape_matched""]","[""operator_shape_matched""]",1,1,10,10,12.001,12.448,9.3e-05,0.000151,5.8e-05
aten::mul,"[[8,8,256],[8,8,1]]","[""float"",""float""]",both,"[""operator_shape_matched""]","[""operator_shape_matched""]",1,1,10,10,12.576,12.352,9.8e-05,0.00015,5.2e-05
aten::mul,"[[8,8,32],[8,1,32]]","[""c10::BFloat16"",""c10::BFloat16""]",both,"[""operator_shape_matched""]","[""operator_shape_matched""]",1,1,40,40,47.751,47.517,0.000372,0.000577,0.000205
aten::mul,"[[800,128],[128]]","[""float"",""float""]",both,"[""operator_shape_matched""]","[""operator_shape_matched""]",1,1,30,30,42.756,42.752,0.000333,0.000519,0.000186
aten::mul,"[[800,128],[800,128]]","[""float"",""float""]",both,"[""operator_shape_matched""]","[""operator_shape_matched""]",1,1,30,30,40.962,40.893,0.000319,0.000496,0.000177
aten::mul,"[[800,128],[800,1]]","[""float"",""float""]",both,"[""operator_shape_matched""]","[""operator_shape_matched""]",1,1,30,30,43.265,43.231,0.000337,0.000525,0.000188
aten::mul,"[[81424,128],[128]]","[""float"",""float""]",both,"[""operator_shape_matched""]","[""operator_shape_matched""]",1,1,30,30,878.384,880.882,0.006836,0.010688,0.003852
aten::mul,"[[81424,128],[81424,128]]","[""float"",""float""]",both,"[""operator_shape_matched""]","[""operator_shape_matched""]",1,1,30,30,1281.305,1282.963,0.009972,0.015566,0.005594
aten::mul,"[[81424,128],[81424,1]]","[""float"",""float""]",both,"[""operator_shape_matched""]","[""operator_shape_matched""]",1,1,30,30,716.626,715.594,0.005577,0.008682,0.003105
aten::mul,"[[8192,1,256],[256]]","[""float"",""float""]",both,"[""operator_shape_matched""]","[""operator_shape_matched""]",1,1,310,310,1130.581,1130.35,0.008799,0.013715,0.004916
aten::mul,"[[8192,1,256],[8192,1,1]]","[""float"",""float""]",both,"[""operator_shape_matched""]","[""operator_shape_matched""]",1,1,310,310,1185.973,1187.951,0.00923,0.014413,0.005184
aten::mul,"[[8192,1,32],[8192,1,32]]","[""c10::BFloat16"",""c10::BFloat16""]",both,"[""operator_shape_matched""]","[""operator_shape_matched""]",1,1,1240,1240,2347.532,2345.849,0.01827,0.028462,0.010192
aten::mul,"[[8192,1],[8192,2048]]","[""c10::BFloat16"",""c10::BFloat16""]",both,"[""operator_shape_matched""]","[""operator_shape_matched""]",1,1,1240,1240,27070.895,27072.014,0.210681,0.328466,0.117785
aten::mul,"[[8192,2048],[2048]]","[""float"",""float""]",both,"[""operator_shape_matched""]","[""operator_shape_matched""]",1,1,2511,2511,115443.362,115438.385,0.898447,1.400619,0.502172
aten::mul,"[[8192,2048],[8192,1]]","[""float"",""float""]",both,"[""operator_shape_matched""]","[""operator_shape_matched""]",1,1,2511,2511,101754.062,101776.971,0.791909,1.234865,0.442956
aten::mul,"[[8192,2048],[8192,2048]]","[""c10::BFloat16"",""c10::BFloat16""]",both,"[""operator_shape_matched""]","[""operator_shape_matched""]",1,1,310,310,10589.937,10572.0,0.082417,0.128271,0.045854
aten::mul,"[[8192,8,256],[256]]","[""float"",""float""]",both,"[""operator_shape_matched""]","[""operator_shape_matched""]",1,1,310,310,14168.669,14167.7,0.110269,0.171897,0.061629
aten::mul,"[[8192,8,256],[8192,8,1]]","[""float"",""float""]",both,"[""operator_shape_matched""]","[""operator_shape_matched""]",1,1,310,310,12559.422,12549.886,0.097745,0.152268,0.054524
aten::mul,"[[8192,8,32],[8192,1,32]]","[""c10::BFloat16"",""c10::BFloat16""]",both,"[""operator_shape_matched""]","[""operator_shape_matched""]",1,1,1240,1240,4870.466,4874.329,0.037905,0.05914,0.021236
aten::mul,"[[832,128],[128]]","[""float"",""float""]",both,"[""operator_shape_matched""]","[""operator_shape_matched""]",1,1,30,30,43.331,43.39,0.000337,0.000526,0.000189
aten::mul,"[[832,128],[832,128]]","[""float"",""float""]",both,"[""operator_shape_matched""]","[""operator_shape_matched""]",1,1,30,30,41.411,41.662,0.000322,0.000505,0.000183
aten::mul,"[[832,128],[832,1]]","[""float"",""float""]",both,"[""operator_shape_matched""]","[""operator_shape_matched""]",1,1,30,30,43.006,43.136,0.000335,0.000523,0.000189
aten::mul,"[[864,128],[128]]","[""float"",""float""]",both,"[""operator_shape_matched""]","[""operator_shape_matched""]",1,1,30,30,42.976,42.689,0.000334,0.000518,0.000183
aten::mul,"[[864,128],[864,128]]","[""float"",""float""]",both,"[""operator_shape_matched""]","[""operator_shape_matched""]",1,1,30,30,42.307,42.943,0.000329,0.000521,0.000192
aten::mul,"[[864,128],[864,1]]","[""float"",""float""]",both,"[""operator_shape_matched""]","[""operator_shape_matched""]",1,1,30,30,42.913,43.233,0.000334,0.000525,0.000191
aten::mul,"[[896,128],[128]]","[""float"",""float""]",both,"[""operator_shape_matched""]","[""operator_shape_matched""]",1,1,30,30,42.912,43.137,0.000334,0.000523,0.000189
aten::mul,"[[896,128],[896,128]]","[""float"",""float""]",both,"[""operator_shape_matched""]","[""operator_shape_matched""]",1,1,30,30,42.208,42.306,0.000328,0.000513,0.000185
aten::mul,"[[896,128],[896,1]]","[""float"",""float""]",both,"[""operator_shape_matched""]","[""operator_shape_matched""]",1,1,30,30,43.072,43.105,0.000335,0.000523,0.000188
aten::mul,"[[928,128],[128]]","[""float"",""float""]",both,"[""operator_shape_matched""]","[""operator_shape_matched""]",1,1,30,30,45.026,44.84,0.00035,0.000544,0.000194
aten::mul,"[[928,128],[928,128]]","[""float"",""float""]",both,"[""operator_shape_matched""]","[""operator_shape_matched""]",1,1,30,30,42.753,42.848,0.000333,0.00052,0.000187
aten::mul,"[[928,128],[928,1]]","[""float"",""float""]",both,"[""operator_shape_matched""]","[""operator_shape_matched""]",1,1,30,30,46.02,46.595,0.000358,0.000565,0.000207
aten::mul,"[[96,128],[128]]","[""float"",""float""]",both,"[""operator_shape_matched""]","[""operator_shape_matched""]",1,1,30,30,37.63,37.889,0.000293,0.00046,0.000167
aten::mul,"[[96,128],[96,128]]","[""float"",""float""]",both,"[""operator_shape_matched""]","[""operator_shape_matched""]",1,1,30,30,36.609,36.255,0.000285,0.00044,0.000155
aten::mul,"[[96,128],[96,1]]","[""float"",""float""]",both,"[""operator_shape_matched""]","[""operator_shape_matched""]",1,1,30,30,36.128,35.523,0.000281,0.000431,0.00015
aten::mul,"[[960,128],[128]]","[""float"",""float""]",both,"[""operator_shape_matched""]","[""operator_shape_matched""]",1,1,30,30,43.617,43.168,0.000339,0.000524,0.000184
aten::mul,"[[960,128],[960,128]]","[""float"",""float""]",both,"[""operator_shape_matched""]","[""operator_shape_matched""]",1,1,30,30,43.041,43.166,0.000335,0.000524,0.000189
aten::mul,"[[960,128],[960,1]]","[""float"",""float""]",both,"[""operator_shape_matched""]","[""operator_shape_matched""]",1,1,30,30,43.36,43.521,0.000337,0.000528,0.000191
aten::mul,"[[992,128],[128]]","[""float"",""float""]",both,"[""operator_shape_matched""]","[""operator_shape_matched""]",1,1,30,30,43.426,43.781,0.000338,0.000531,0.000193
aten::mul,"[[992,128],[992,128]]","[""float"",""float""]",both,"[""operator_shape_matched""]","[""operator_shape_matched""]",1,1,30,30,43.649,43.295,0.00034,0.000525,0.000186
aten::mul,"[[992,128],[992,1]]","[""float"",""float""]",both,"[""operator_shape_matched""]","[""operator_shape_matched""]",1,1,30,30,43.171,43.107,0.000336,0.000523,0.000187
aten::pow,"[[1,1,256],[]]","[""float"",""Scalar""]",both,"[""operator_shape_matched""]","[""operator_shape_matched""]",1,1,10,10,13.375,13.408,0.000104,0.000163,5.9e-05
aten::pow,"[[1,2048],[]]","[""float"",""Scalar""]",both,"[""operator_shape_matched""]","[""operator_shape_matched""]",1,1,81,81,141.155,143.682,0.001099,0.001743,0.000645
aten::pow,"[[1,8,256],[]]","[""float"",""Scalar""]",both,"[""operator_shape_matched""]","[""operator_shape_matched""]",1,1,10,10,18.112,17.312,0.000141,0.00021,6.9e-05
aten::pow,"[[10,1,256],[]]","[""float"",""Scalar""]",both,"[""operator_shape_matched""]","[""operator_shape_matched""]",1,1,10,10,18.174,18.274,0.000141,0.000222,8e-05
aten::pow,"[[10,2048],[]]","[""float"",""Scalar""]",both,"[""operator_shape_matched""]","[""operator_shape_matched""]",1,1,81,81,143.967,144.32,0.00112,0.001751,0.000631
aten::pow,"[[10,8,256],[]]","[""float"",""Scalar""]",both,"[""operator_shape_matched""]","[""operator_shape_matched""]",1,1,10,10,18.177,18.112,0.000141,0.00022,7.8e-05
aten::pow,"[[1008,128],[]]","[""float"",""Scalar""]",both,"[""operator_shape_matched""]","[""operator_shape_matched""]",1,1,60,60,119.996,121.282,0.000934,0.001472,0.000538
aten::pow,"[[1024,128],[]]","[""float"",""Scalar""]",both,"[""operator_shape_matched""]","[""operator_shape_matched""]",1,1,14340,6660,28696.029,13374.868,0.223329,0.162278,-0.061051
aten::pow,"[[12,1,256],[]]","[""float"",""Scalar""]",both,"[""operator_shape_matched""]","[""operator_shape_matched""]",1,1,10,10,18.239,18.272,0.000142,0.000222,8e-05
aten::pow,"[[12,2048],[]]","[""float"",""Scalar""]",both,"[""operator_shape_matched""]","[""operator_shape_matched""]",1,1,81,81,146.241,146.118,0.001138,0.001773,0.000635
aten::pow,"[[12,8,256],[]]","[""float"",""Scalar""]",both,"[""operator_shape_matched""]","[""operator_shape_matched""]",1,1,10,10,18.242,18.176,0.000142,0.000221,7.9e-05
aten::pow,"[[128,128],[]]","[""float"",""Scalar""]",both,"[""operator_shape_matched""]","[""operator_shape_matched""]",1,1,30,30,54.338,54.915,0.000423,0.000666,0.000243
aten::pow,"[[131072,128],[]]","[""float"",""Scalar""]",both,"[""operator_shape_matched""]","[""operator_shape_matched""]",1,1,930,930,56553.859,56516.185,0.440135,0.685713,0.245579
aten::pow,"[[14,1,256],[]]","[""float"",""Scalar""]",both,"[""operator_shape_matched""]","[""operator_shape_matched""]",1,1,10,10,18.239,18.21,0.000142,0.000221,7.9e-05
aten::pow,"[[14,2048],[]]","[""float"",""Scalar""]",both,"[""operator_shape_matched""]","[""operator_shape_matched""]",1,1,81,81,145.86,146.177,0.001135,0.001774,0.000638
aten::pow,"[[14,8,256],[]]","[""float"",""Scalar""]",both,"[""operator_shape_matched""]","[""operator_shape_matched""]",1,1,10,10,18.944,19.008,0.000147,0.000231,8.3e-05
aten::pow,"[[16,1,256],[]]","[""float"",""Scalar""]",both,"[""operator_shape_matched""]","[""operator_shape_matched""]",1,1,10,10,18.368,18.368,0.000143,0.000223,8e-05
aten::pow,"[[16,128],[]]","[""float"",""Scalar""]",both,"[""operator_shape_matched""]","[""operator_shape_matched""]",1,1,30,30,54.533,52.225,0.000424,0.000634,0.000209
aten::pow,"[[16,2048],[]]","[""float"",""Scalar""]",both,"[""operator_shape_matched""]","[""operator_shape_matched""]",1,1,81,81,147.452,147.776,0.001148,0.001793,0.000645
aten::pow,"[[16,8,256],[]]","[""float"",""Scalar""]",both,"[""operator_shape_matched""]","[""operator_shape_matched""]",1,1,10,10,19.234,19.295,0.00015,0.000234,8.4e-05
aten::pow,"[[160,128],[]]","[""float"",""Scalar""]",both,"[""operator_shape_matched""]","[""operator_shape_matched""]",1,1,30,30,54.337,54.334,0.000423,0.000659,0.000236
aten::pow,"[[18,1,256],[]]","[""float"",""Scalar""]",both,"[""operator_shape_matched""]","[""operator_shape_matched""]",1,1,10,10,18.305,18.334,0.000142,0.000222,8e-05
aten::pow,"[[18,2048],[]]","[""float"",""Scalar""]",both,"[""operator_shape_matched""]","[""operator_shape_matched""]",1,1,81,81,148.447,148.667,0.001155,0.001804,0.000648
aten::pow,"[[18,8,256],[]]","[""float"",""Scalar""]",both,"[""operator_shape_matched""]","[""operator_shape_matched""]",1,1,10,10,18.271,18.43,0.000142,0.000224,8.1e-05
aten::pow,"[[192,128],[]]","[""float"",""Scalar""]",both,"[""operator_shape_matched""]","[""operator_shape_matched""]",1,1,30,30,54.852,54.909,0.000427,0.000666,0.000239
aten::pow,"[[2,1,256],[]]","[""float"",""Scalar""]",both,"[""operator_shape_matched""]","[""operator_shape_matched""]",1,1,10,10,16.861,16.799,0.000131,0.000204,7.3e-05
aten::pow,"[[2,2048],[]]","[""float"",""Scalar""]",both,"[""operator_shape_matched""]","[""operator_shape_matched""]",1,1,81,81,141.702,141.956,0.001103,0.001722,0.00062
aten::pow,"[[2,8,256],[]]","[""float"",""Scalar""]",both,"[""operator_shape_matched""]","[""operator_shape_matched""]",1,1,10,10,18.368,18.238,0.000143,0.000221,7.8e-05
aten::pow,"[[20,1,256],[]]","[""float"",""Scalar""]",both,"[""operator_shape_matched""]","[""operator_shape_matched""]",1,1,10,10,18.368,18.34,0.000143,0.000223,8e-05
aten::pow,"[[20,2048],[]]","[""float"",""Scalar""]",both,"[""operator_shape_matched""]","[""operator_shape_matched""]",1,1,81,81,148.965,148.966,0.001159,0.001807,0.000648
aten::pow,"[[20,8,256],[]]","[""float"",""Scalar""]",both,"[""operator_shape_matched""]","[""operator_shape_matched""]",1,1,10,10,18.659,18.592,0.000145,0.000226,8e-05
aten::pow,"[[22,1,256],[]]","[""float"",""Scalar""]",both,"[""operator_shape_matched""]","[""operator_shape_matched""]",1,1,10,10,17.922,17.951,0.000139,0.000218,7.8e-05
aten::pow,"[[22,2048],[]]","[""float"",""Scalar""]",both,"[""operator_shape_matched""]","[""operator_shape_matched""]",1,1,81,81,149.792,149.413,0.001166,0.001813,0.000647
aten::pow,"[[22,8,256],[]]","[""float"",""Scalar""]",both,"[""operator_shape_matched""]","[""operator_shape_matched""]",1,1,10,10,18.559,18.625,0.000144,0.000226,8.2e-05
aten::pow,"[[224,128],[]]","[""float"",""Scalar""]",both,"[""operator_shape_matched""]","[""operator_shape_matched""]",1,1,30,30,55.648,55.805,0.000433,0.000677,0.000244
aten::pow,"[[24,1,256],[]]","[""float"",""Scalar""]",both,"[""operator_shape_matched""]","[""operator_shape_matched""]",1,1,10,10,18.275,18.368,0.000142,0.000223,8.1e-05
aten::pow,"[[24,2048],[]]","[""float"",""Scalar""]",both,"[""operator_shape_matched""]","[""operator_shape_matched""]",1,1,81,81,149.985,150.24,0.001167,0.001823,0.000656
aten::pow,"[[24,8,256],[]]","[""float"",""Scalar""]",both,"[""operator_shape_matched""]","[""operator_shape_matched""]",1,1,10,10,19.009,19.072,0.000148,0.000231,8.3e-05
aten::pow,"[[256,128],[]]","[""float"",""Scalar""]",both,"[""operator_shape_matched""]","[""operator_shape_matched""]",1,1,30,30,55.842,55.68,0.000435,0.000676,0.000241
aten::pow,"[[26,1,256],[]]","[""float"",""Scalar""]",both,"[""operator_shape_matched""]","[""operator_shape_matched""]",1,1,10,10,18.368,18.368,0.000143,0.000223,8e-05
aten::pow,"[[26,2048],[]]","[""float"",""Scalar""]",both,"[""operator_shape_matched""]","[""operator_shape_matched""]",1,1,81,81,151.365,151.587,0.001178,0.001839,0.000661
aten::pow,"[[26,8,256],[]]","[""float"",""Scalar""]",both,"[""operator_shape_matched""]","[""operator_shape_matched""]",1,1,10,10,18.816,18.881,0.000146,0.000229,8.3e-05
aten::pow,"[[28,1,256],[]]","[""float"",""Scalar""]",both,"[""operator_shape_matched""]","[""operator_shape_matched""]",1,1,10,10,18.302,18.24,0.000142,0.000221,7.9e-05
aten::pow,"[[28,2048],[]]","[""float"",""Scalar""]",both,"[""operator_shape_matched""]","[""operator_shape_matched""]",1,1,81,81,151.271,151.718,0.001177,0.001841,0.000664
aten::pow,"[[28,8,256],[]]","[""float"",""Scalar""]",both,"[""operator_shape_matched""]","[""operator_shape_matched""]",1,1,10,10,18.722,18.88,0.000146,0.000229,8.3e-05
aten::pow,"[[288,128],[]]","[""float"",""Scalar""]",both,"[""operator_shape_matched""]","[""operator_shape_matched""]",1,1,30,30,54.624,54.879,0.000425,0.000666,0.000241
aten::pow,"[[30,1,256],[]]","[""float"",""Scalar""]",both,"[""operator_shape_matched""]","[""operator_shape_matched""]",1,1,10,10,18.365,18.336,0.000143,0.000222,8e-05
aten::pow,"[[30,2048],[]]","[""float"",""Scalar""]",both,"[""operator_shape_matched""]","[""operator_shape_matched""]",1,1,81,81,152.898,153.056,0.00119,0.001857,0.000667
aten::pow,"[[30,8,256],[]]","[""float"",""Scalar""]",both,"[""operator_shape_matched""]","[""operator_shape_matched""]",1,1,10,10,19.072,18.913,0.000148,0.000229,8.1e-05
aten::pow,"[[32,1,256],[]]","[""float"",""Scalar""]",both,"[""operator_shape_matched""]","[""operator_shape_matched""]",1,1,10,10,18.272,18.238,0.000142,0.000221,7.9e-05
aten::pow,"[[32,128],[]]","[""float"",""Scalar""]",both,"[""operator_shape_matched""]","[""operator_shape_matched""]",1,1,30,30,54.688,54.66,0.000426,0.000663,0.000238
aten::pow,"[[32,2048],[]]","[""float"",""Scalar""]",both,"[""operator_shape_matched""]","[""operator_shape_matched""]",1,1,81,81,153.634,153.727,0.001196,0.001865,0.00067
aten::pow,"[[32,8,256],[]]","[""float"",""Scalar""]",both,"[""operator_shape_matched""]","[""operator_shape_matched""]",1,1,10,10,19.104,19.266,0.000149,0.000234,8.5e-05
aten::pow,"[[320,128],[]]","[""float"",""Scalar""]",both,"[""operator_shape_matched""]","[""operator_shape_matched""]",1,1,30,30,55.165,55.233,0.000429,0.00067,0.000241
aten::pow,"[[34,1,256],[]]","[""float"",""Scalar""]",both,"[""operator_shape_matched""]","[""operator_shape_matched""]",1,1,10,10,18.209,18.241,0.000142,0.000221,8e-05
aten::pow,"[[34,2048],[]]","[""float"",""Scalar""]",both,"[""operator_shape_matched""]","[""operator_shape_matched""]",1,1,81,81,158.724,159.399,0.001235,0.001934,0.000699
aten::pow,"[[34,8,256],[]]","[""float"",""Scalar""]",both,"[""operator_shape_matched""]","[""operator_shape_matched""]",1,1,10,10,19.87,19.938,0.000155,0.000242,8.7e-05
aten::pow,"[[352,128],[]]","[""float"",""Scalar""]",both,"[""operator_shape_matched""]","[""operator_shape_matched""]",1,1,30,30,56.131,55.966,0.000437,0.000679,0.000242
aten::pow,"[[36,1,256],[]]","[""float"",""Scalar""]",both,"[""operator_shape_matched""]","[""operator_shape_matched""]",1,1,10,10,18.21,18.176,0.000142,0.000221,7.9e-05
aten::pow,"[[36,2048],[]]","[""float"",""Scalar""]",both,"[""operator_shape_matched""]","[""operator_shape_matched""]",1,1,81,81,160.482,160.858,0.001249,0.001952,0.000703
aten::pow,"[[36,8,256],[]]","[""float"",""Scalar""]",both,"[""operator_shape_matched""]","[""operator_shape_matched""]",1,1,10,10,19.746,19.746,0.000154,0.00024,8.6e-05
aten::pow,"[[38,1,256],[]]","[""float"",""Scalar""]",both,"[""operator_shape_matched""]","[""operator_shape_matched""]",1,1,10,10,18.179,18.176,0.000141,0.000221,7.9e-05
aten::pow,"[[38,2048],[]]","[""float"",""Scalar""]",both,"[""operator_shape_matched""]","[""operator_shape_matched""]",1,1,81,81,160.777,161.249,0.001251,0.001956,0.000705
aten::pow,"[[38,8,256],[]]","[""float"",""Scalar""]",both,"[""operator_shape_matched""]","[""operator_shape_matched""]",1,1,10,10,19.778,19.81,0.000154,0.00024,8.6e-05
aten::pow,"[[384,128],[]]","[""float"",""Scalar""]",both,"[""operator_shape_matched""]","[""operator_shape_matched""]",1,1,30,30,55.807,56.288,0.000434,0.000683,0.000249
aten::pow,"[[4,1,256],[]]","[""float"",""Scalar""]",both,"[""operator_shape_matched""]","[""operator_shape_matched""]",1,1,10,10,16.864,16.738,0.000131,0.000203,7.2e-05
aten::pow,"[[4,2048],[]]","[""float"",""Scalar""]",both,"[""operator_shape_matched""]","[""operator_shape_matched""]",1,1,81,81,143.174,142.852,0.001114,0.001733,0.000619
aten::pow,"[[4,8,256],[]]","[""float"",""Scalar""]",both,"[""operator_shape_matched""]","[""operator_shape_matched""]",1,1,10,10,17.824,17.921,0.000139,0.000217,7.9e-05
aten::pow,"[[40,1,256],[]]","[""float"",""Scalar""]",both,"[""operator_shape_matched""]","[""operator_shape_matched""]",1,1,10,10,18.21,18.239,0.000142,0.000221,8e-05
aten::pow,"[[40,2048],[]]","[""float"",""Scalar""]",both,"[""operator_shape_matched""]","[""operator_shape_matched""]",1,1,81,81,160.549,160.863,0.001249,0.001952,0.000702
aten::pow,"[[40,8,256],[]]","[""float"",""Scalar""]",both,"[""operator_shape_matched""]","[""operator_shape_matched""]",1,1,10,10,19.745,19.712,0.000154,0.000239,8.5e-05
aten::pow,"[[4096,1,256],[]]","[""float"",""Scalar""]",both,"[""operator_shape_matched""]","[""operator_shape_matched""]",1,1,10,10,49.857,50.078,0.000388,0.000608,0.00022
aten::pow,"[[4096,2048],[]]","[""float"",""Scalar""]",both,"[""operator_shape_matched""]","[""operator_shape_matched""]",1,1,81,81,2532.449,2535.867,0.019709,0.030768,0.011059
aten::pow,"[[4096,8,256],[]]","[""float"",""Scalar""]",both,"[""operator_shape_matched""]","[""operator_shape_matched""]",1,1,10,10,315.429,320.036,0.002455,0.003883,0.001428
aten::pow,"[[416,128],[]]","[""float"",""Scalar""]",both,"[""operator_shape_matched""]","[""operator_shape_matched""]",1,1,30,30,56.1,55.976,0.000437,0.000679,0.000243
aten::pow,"[[42,1,256],[]]","[""float"",""Scalar""]",both,"[""operator_shape_matched""]","[""operator_shape_matched""]",1,1,10,10,18.207,18.24,0.000142,0.000221,8e-05
aten::pow,"[[42,2048],[]]","[""float"",""Scalar""]",both,"[""operator_shape_matched""]","[""operator_shape_matched""]",1,1,81,81,160.863,161.447,0.001252,0.001959,0.000707
aten::pow,"[[42,8,256],[]]","[""float"",""Scalar""]",both,"[""operator_shape_matched""]","[""operator_shape_matched""]",1,1,10,10,19.713,19.874,0.000153,0.000241,8.8e-05
aten::pow,"[[44,1,256],[]]","[""float"",""Scalar""]",both,"[""operator_shape_matched""]","[""operator_shape_matched""]",1,1,10,10,18.207,18.209,0.000142,0.000221,7.9e-05
aten::pow,"[[44,2048],[]]","[""float"",""Scalar""]",both,"[""operator_shape_matched""]","[""operator_shape_matched""]",1,1,81,81,161.287,161.221,0.001255,0.001956,0.000701
aten::pow,"[[44,8,256],[]]","[""float"",""Scalar""]",both,"[""operator_shape_matched""]","[""operator_shape_matched""]",1,1,10,10,19.74,19.843,0.000154,0.000241,8.7e-05
aten::pow,"[[448,128],[]]","[""float"",""Scalar""]",both,"[""operator_shape_matched""]","[""operator_shape_matched""]",1,1,30,30,56.323,56.294,0.000438,0.000683,0.000245
aten::pow,"[[46,1,256],[]]","[""float"",""Scalar""]",both,"[""operator_shape_matched""]","[""operator_shape_matched""]",1,1,10,10,18.21,18.271,0.000142,0.000222,8e-05
aten::pow,"[[46,2048],[]]","[""float"",""Scalar""]",both,"[""operator_shape_matched""]","[""operator_shape_matched""]",1,1,81,81,161.218,161.854,0.001255,0.001964,0.000709
aten::pow,"[[46,8,256],[]]","[""float"",""Scalar""]",both,"[""operator_shape_matched""]","[""operator_shape_matched""]",1,1,10,10,20.13,20.193,0.000157,0.000245,8.8e-05
aten::pow,"[[48,1,256],[]]","[""float"",""Scalar""]",both,"[""operator_shape_matched""]","[""operator_shape_matched""]",1,1,10,10,18.241,18.178,0.000142,0.000221,7.9e-05
aten::pow,"[[48,2048],[]]","[""float"",""Scalar""]",both,"[""operator_shape_matched""]","[""operator_shape_matched""]",1,1,81,81,161.41,162.082,0.001256,0.001967,0.00071
aten::pow,"[[48,8,256],[]]","[""float"",""Scalar""]",both,"[""operator_shape_matched""]","[""operator_shape_matched""]",1,1,10,10,19.776,19.967,0.000154,0.000242,8.8e-05
aten::pow,"[[480,128],[]]","[""float"",""Scalar""]",both,"[""operator_shape_matched""]","[""operator_shape_matched""]",1,1,30,30,56.671,57.025,0.000441,0.000692,0.000251
aten::pow,"[[50,1,256],[]]","[""float"",""Scalar""]",both,"[""operator_shape_matched""]","[""operator_shape_matched""]",1,1,10,10,18.302,18.303,0.000142,0.000222,8e-05
aten::pow,"[[50,2048],[]]","[""float"",""Scalar""]",both,"[""operator_shape_matched""]","[""operator_shape_matched""]",1,1,81,81,161.7,161.984,0.001258,0.001965,0.000707
aten::pow,"[[50,8,256],[]]","[""float"",""Scalar""]",both,"[""operator_shape_matched""]","[""operator_shape_matched""]",1,1,10,10,20.289,20.352,0.000158,0.000247,8.9e-05
aten::pow,"[[5089,1,256],[]]","[""float"",""Scalar""]",both,"[""operator_shape_matched""]","[""operator_shape_matched""]",1,1,10,10,59.169,59.297,0.00046,0.000719,0.000259
aten::pow,"[[5089,2048],[]]","[""float"",""Scalar""]",both,"[""operator_shape_matched""]","[""operator_shape_matched""]",1,1,81,81,3138.659,3126.109,0.024427,0.037929,0.013502
aten::pow,"[[5089,8,256],[]]","[""float"",""Scalar""]",both,"[""operator_shape_matched""]","[""operator_shape_matched""]",1,1,10,10,390.474,390.538,0.003039,0.004738,0.0017
aten::pow,"[[512,128],[]]","[""float"",""Scalar""]",both,"[""operator_shape_matched""]","[""operator_shape_matched""]",1,1,30,30,56.641,57.026,0.000441,0.000692,0.000251
aten::pow,"[[52,1,256],[]]","[""float"",""Scalar""]",both,"[""operator_shape_matched""]","[""operator_shape_matched""]",1,1,10,10,18.369,18.208,0.000143,0.000221,7.8e-05
aten::pow,"[[52,2048],[]]","[""float"",""Scalar""]",both,"[""operator_shape_matched""]","[""operator_shape_matched""]",1,1,81,81,161.794,162.532,0.001259,0.001972,0.000713
aten::pow,"[[52,8,256],[]]","[""float"",""Scalar""]",both,"[""operator_shape_matched""]","[""operator_shape_matched""]",1,1,10,10,20.385,20.383,0.000159,0.000247,8.9e-05
aten::pow,"[[54,1,256],[]]","[""float"",""Scalar""]",both,"[""operator_shape_matched""]","[""operator_shape_matched""]",1,1,10,10,18.304,18.367,0.000142,0.000223,8e-05
aten::pow,"[[54,2048],[]]","[""float"",""Scalar""]",both,"[""operator_shape_matched""]","[""operator_shape_matched""]",1,1,81,81,161.634,162.341,0.001258,0.00197,0.000712
aten::pow,"[[54,8,256],[]]","[""float"",""Scalar""]",both,"[""operator_shape_matched""]","[""operator_shape_matched""]",1,1,10,10,19.584,19.616,0.000152,0.000238,8.6e-05
aten::pow,"[[544,128],[]]","[""float"",""Scalar""]",both,"[""operator_shape_matched""]","[""operator_shape_matched""]",1,1,30,30,59.074,59.424,0.00046,0.000721,0.000261
aten::pow,"[[56,1,256],[]]","[""float"",""Scalar""]",both,"[""operator_shape_matched""]","[""operator_shape_matched""]",1,1,10,10,17.918,17.953,0.000139,0.000218,7.8e-05
aten::pow,"[[56,2048],[]]","[""float"",""Scalar""]",both,"[""operator_shape_matched""]","[""operator_shape_matched""]",1,1,81,81,162.435,163.206,0.001264,0.00198,0.000716
aten::pow,"[[56,8,256],[]]","[""float"",""Scalar""]",both,"[""operator_shape_matched""]","[""operator_shape_matched""]",1,1,10,10,19.682,19.711,0.000153,0.000239,8.6e-05
aten::pow,"[[576,128],[]]","[""float"",""Scalar""]",both,"[""operator_shape_matched""]","[""operator_shape_matched""]",1,1,30,30,59.257,59.647,0.000461,0.000724,0.000263
aten::pow,"[[58,1,256],[]]","[""float"",""Scalar""]",both,"[""operator_shape_matched""]","[""operator_shape_matched""]",1,1,10,10,18.015,18.049,0.00014,0.000219,7.9e-05
aten::pow,"[[58,2048],[]]","[""float"",""Scalar""]",both,"[""operator_shape_matched""]","[""operator_shape_matched""]",1,1,81,81,162.656,162.692,0.001266,0.001974,0.000708
aten::pow,"[[58,8,256],[]]","[""float"",""Scalar""]",both,"[""operator_shape_matched""]","[""operator_shape_matched""]",1,1,10,10,20.353,20.383,0.000158,0.000247,8.9e-05
aten::pow,"[[6,1,256],[]]","[""float"",""Scalar""]",both,"[""operator_shape_matched""]","[""operator_shape_matched""]",1,1,10,10,17.28,17.28,0.000134,0.00021,7.5e-05
aten::pow,"[[6,2048],[]]","[""float"",""Scalar""]",both,"[""operator_shape_matched""]","[""operator_shape_matched""]",1,1,81,81,142.88,143.327,0.001112,0.001739,0.000627
aten::pow,"[[6,8,256],[]]","[""float"",""Scalar""]",both,"[""operator_shape_matched""]","[""operator_shape_matched""]",1,1,10,10,18.272,18.367,0.000142,0.000223,8.1e-05
aten::pow,"[[60,1,256],[]]","[""float"",""Scalar""]",both,"[""operator_shape_matched""]","[""operator_shape_matched""]",1,1,10,10,17.92,18.047,0.000139,0.000219,8e-05
aten::pow,"[[60,2048],[]]","[""float"",""Scalar""]",both,"[""operator_shape_matched""]","[""operator_shape_matched""]",1,1,81,81,162.597,163.034,0.001265,0.001978,0.000713
aten::pow,"[[60,8,256],[]]","[""float"",""Scalar""]",both,"[""operator_shape_matched""]","[""operator_shape_matched""]",1,1,10,10,20.224,20.223,0.000157,0.000245,8.8e-05
aten::pow,"[[608,128],[]]","[""float"",""Scalar""]",both,"[""operator_shape_matched""]","[""operator_shape_matched""]",1,1,30,30,59.493,59.3,0.000463,0.000719,0.000256
aten::pow,"[[62,1,256],[]]","[""float"",""Scalar""]",both,"[""operator_shape_matched""]","[""operator_shape_matched""]",1,1,10,10,17.986,17.951,0.00014,0.000218,7.8e-05
aten::pow,"[[62,2048],[]]","[""float"",""Scalar""]",both,"[""operator_shape_matched""]","[""operator_shape_matched""]",1,1,81,81,163.46,163.495,0.001272,0.001984,0.000712
aten::pow,"[[62,8,256],[]]","[""float"",""Scalar""]",both,"[""operator_shape_matched""]","[""operator_shape_matched""]",1,1,10,10,20.32,20.351,0.000158,0.000247,8.9e-05
aten::pow,"[[63,1,256],[]]","[""float"",""Scalar""]",both,"[""operator_shape_matched""]","[""operator_shape_matched""]",1,1,20,20,36.768,36.769,0.000286,0.000446,0.00016
aten::pow,"[[63,2048],[]]","[""float"",""Scalar""]",both,"[""operator_shape_matched""]","[""operator_shape_matched""]",1,1,162,162,326.768,327.37,0.002543,0.003972,0.001429
aten::pow,"[[63,8,256],[]]","[""float"",""Scalar""]",both,"[""operator_shape_matched""]","[""operator_shape_matched""]",1,1,20,20,40.638,40.769,0.000316,0.000495,0.000178
aten::pow,"[[64,1,256],[]]","[""float"",""Scalar""]",both,"[""operator_shape_matched""]","[""operator_shape_matched""]",1,1,4780,2220,8740.753,4064.596,0.068026,0.049316,-0.01871
aten::pow,"[[64,128],[]]","[""float"",""Scalar""]",both,"[""operator_shape_matched""]","[""operator_shape_matched""]",1,1,30,30,54.208,54.208,0.000422,0.000658,0.000236
aten::pow,"[[64,2048],[]]","[""float"",""Scalar""]",both,"[""operator_shape_matched""]","[""operator_shape_matched""]",1,1,38718,17982,78262.693,36460.197,0.609085,0.442373,-0.166712
aten::pow,"[[64,8,256],[]]","[""float"",""Scalar""]",both,"[""operator_shape_matched""]","[""operator_shape_matched""]",1,1,4780,2220,9410.709,4382.524,0.07324,0.053173,-0.020066
aten::pow,"[[640,128],[]]","[""float"",""Scalar""]",both,"[""operator_shape_matched""]","[""operator_shape_matched""]",1,1,30,30,59.171,59.522,0.000461,0.000722,0.000262
aten::pow,"[[65536,128],[]]","[""float"",""Scalar""]",both,"[""operator_shape_matched""]","[""operator_shape_matched""]",1,1,30,30,952.852,960.083,0.007416,0.011649,0.004233
aten::pow,"[[672,128],[]]","[""float"",""Scalar""]",both,"[""operator_shape_matched""]","[""operator_shape_matched""]",1,1,30,30,59.716,60.034,0.000465,0.000728,0.000264
aten::pow,"[[704,128],[]]","[""float"",""Scalar""]",both,"[""operator_shape_matched""]","[""operator_shape_matched""]",1,1,30,30,59.938,60.262,0.000466,0.000731,0.000265
aten::pow,"[[736,128],[]]","[""float"",""Scalar""]",both,"[""operator_shape_matched""]","[""operator_shape_matched""]",1,1,30,30,60.192,60.19,0.000468,0.00073,0.000262
aten::pow,"[[768,128],[]]","[""float"",""Scalar""]",both,"[""operator_shape_matched""]","[""operator_shape_matched""]",1,1,30,30,59.745,60.065,0.000465,0.000729,0.000264
aten::pow,"[[8,1,256],[]]","[""float"",""Scalar""]",both,"[""operator_shape_matched""]","[""operator_shape_matched""]",1,1,10,10,17.344,17.408,0.000135,0.000211,7.6e-05
aten::pow,"[[8,2048],[]]","[""float"",""Scalar""]",both,"[""operator_shape_matched""]","[""operator_shape_matched""]",1,1,81,81,144.129,143.776,0.001122,0.001744,0.000623
aten::pow,"[[8,8,256],[]]","[""float"",""Scalar""]",both,"[""operator_shape_matched""]","[""operator_shape_matched""]",1,1,10,10,18.208,18.112,0.000142,0.00022,7.8e-05
aten::pow,"[[800,128],[]]","[""float"",""Scalar""]",both,"[""operator_shape_matched""]","[""operator_shape_matched""]",1,1,30,30,59.999,60.031,0.000467,0.000728,0.000261
aten::pow,"[[81424,128],[]]","[""float"",""Scalar""]",both,"[""operator_shape_matched""]","[""operator_shape_matched""]",1,1,30,30,1173.046,1169.72,0.009129,0.014192,0.005063
aten::pow,"[[8192,1,256],[]]","[""float"",""Scalar""]",both,"[""operator_shape_matched""]","[""operator_shape_matched""]",1,1,310,310,2660.056,2658.96,0.020702,0.032261,0.011559
aten::pow,"[[8192,2048],[]]","[""float"",""Scalar""]",both,"[""operator_shape_matched""]","[""operator_shape_matched""]",1,1,2511,2511,152554.76,152466.444,1.187269,1.849882,0.662613
aten::pow,"[[8192,8,256],[]]","[""float"",""Scalar""]",both,"[""operator_shape_matched""]","[""operator_shape_matched""]",1,1,310,310,18893.816,18874.563,0.147043,0.229006,0.081963
aten::pow,"[[832,128],[]]","[""float"",""Scalar""]",both,"[""operator_shape_matched""]","[""operator_shape_matched""]",1,1,30,30,60.194,60.546,0.000468,0.000735,0.000266
aten::pow,"[[864,128],[]]","[""float"",""Scalar""]",both,"[""operator_shape_matched""]","[""operator_shape_matched""]",1,1,30,30,60.645,60.869,0.000472,0.000739,0.000267
aten::pow,"[[896,128],[]]","[""float"",""Scalar""]",both,"[""operator_shape_matched""]","[""operator_shape_matched""]",1,1,30,30,59.842,60.613,0.000466,0.000735,0.00027
aten::pow,"[[928,128],[]]","[""float"",""Scalar""]",both,"[""operator_shape_matched""]","[""operator_shape_matched""]",1,1,30,30,60.13,60.126,0.000468,0.00073,0.000262
aten::pow,"[[96,128],[]]","[""float"",""Scalar""]",both,"[""operator_shape_matched""]","[""operator_shape_matched""]",1,1,30,30,54.141,54.149,0.000421,0.000657,0.000236
aten::pow,"[[960,128],[]]","[""float"",""Scalar""]",both,"[""operator_shape_matched""]","[""operator_shape_matched""]",1,1,30,30,59.907,59.874,0.000466,0.000726,0.00026
aten::pow,"[[992,128],[]]","[""float"",""Scalar""]",both,"[""operator_shape_matched""]","[""operator_shape_matched""]",1,1,30,30,60.099,59.81,0.000468,0.000726,0.000258
aten::rsqrt,"[[1,1,1]]","[""float""]",both,"[""operator_shape_matched""]","[""operator_shape_matched""]",1,1,10,10,10.401,10.335,8.1e-05,0.000125,4.4e-05
aten::rsqrt,"[[1,1]]","[""float""]",both,"[""operator_shape_matched""]","[""operator_shape_matched""]",1,1,81,81,84.514,84.546,0.000658,0.001026,0.000368
aten::rsqrt,"[[1,8,1]]","[""float""]",both,"[""operator_shape_matched""]","[""operator_shape_matched""]",1,1,10,10,10.593,10.371,8.2e-05,0.000126,4.3e-05
aten::rsqrt,"[[10,1,1]]","[""float""]",both,"[""operator_shape_matched""]","[""operator_shape_matched""]",1,1,10,10,10.401,10.339,8.1e-05,0.000125,4.4e-05
aten::rsqrt,"[[10,1]]","[""float""]",both,"[""operator_shape_matched""]","[""operator_shape_matched""]",1,1,81,81,94.341,94.144,0.000734,0.001142,0.000408
aten::rsqrt,"[[10,8,1]]","[""float""]",both,"[""operator_shape_matched""]","[""operator_shape_matched""]",1,1,10,10,10.529,10.495,8.2e-05,0.000127,4.5e-05
aten::rsqrt,"[[1008,1]]","[""float""]",both,"[""operator_shape_matched""]","[""operator_shape_matched""]",1,1,60,60,68.384,67.971,0.000532,0.000825,0.000292
aten::rsqrt,"[[1024,1]]","[""float""]",both,"[""operator_shape_matched""]","[""operator_shape_matched""]",1,1,14340,6660,16344.531,7586.163,0.127203,0.092043,-0.035159
aten::rsqrt,"[[12,1,1]]","[""float""]",both,"[""operator_shape_matched""]","[""operator_shape_matched""]",1,1,10,10,10.498,10.401,8.2e-05,0.000126,4.4e-05
aten::rsqrt,"[[12,1]]","[""float""]",both,"[""operator_shape_matched""]","[""operator_shape_matched""]",1,1,81,81,93.345,94.271,0.000726,0.001144,0.000417
aten::rsqrt,"[[12,8,1]]","[""float""]",both,"[""operator_shape_matched""]","[""operator_shape_matched""]",1,1,10,10,10.655,10.559,8.3e-05,0.000128,4.5e-05
aten::rsqrt,"[[128,1]]","[""float""]",both,"[""operator_shape_matched""]","[""operator_shape_matched""]",1,1,30,30,31.777,31.65,0.000247,0.000384,0.000137
aten::rsqrt,"[[131072,1]]","[""float""]",both,"[""operator_shape_matched""]","[""operator_shape_matched""]",1,1,930,930,1281.124,1278.281,0.00997,0.015509,0.005539
aten::rsqrt,"[[14,1,1]]","[""float""]",both,"[""operator_shape_matched""]","[""operator_shape_matched""]",1,1,10,10,10.368,10.336,8.1e-05,0.000125,4.5e-05
aten::rsqrt,"[[14,1]]","[""float""]",both,"[""operator_shape_matched""]","[""operator_shape_matched""]",1,1,81,81,95.329,94.807,0.000742,0.00115,0.000408
aten::rsqrt,"[[14,8,1]]","[""float""]",both,"[""operator_shape_matched""]","[""operator_shape_matched""]",1,1,10,10,10.56,10.687,8.2e-05,0.00013,4.7e-05
aten::rsqrt,"[[16,1,1]]","[""float""]",both,"[""operator_shape_matched""]","[""operator_shape_matched""]",1,1,10,10,10.397,10.368,8.1e-05,0.000126,4.5e-05
aten::rsqrt,"[[16,1]]","[""float""]",both,"[""operator_shape_matched""]","[""operator_shape_matched""]",1,1,111,111,116.546,116.248,0.000907,0.00141,0.000503
aten::rsqrt,"[[16,8,1]]","[""float""]",both,"[""operator_shape_matched""]","[""operator_shape_matched""]",1,1,10,10,10.687,10.622,8.3e-05,0.000129,4.6e-05
aten::rsqrt,"[[160,1]]","[""float""]",both,"[""operator_shape_matched""]","[""operator_shape_matched""]",1,1,30,30,32.258,32.186,0.000251,0.000391,0.000139
aten::rsqrt,"[[18,1,1]]","[""float""]",both,"[""operator_shape_matched""]","[""operator_shape_matched""]",1,1,10,10,10.367,10.4,8.1e-05,0.000126,4.6e-05
aten::rsqrt,"[[18,1]]","[""float""]",both,"[""operator_shape_matched""]","[""operator_shape_matched""]",1,1,81,81,92.866,92.321,0.000723,0.00112,0.000397
aten::rsqrt,"[[18,8,1]]","[""float""]",both,"[""operator_shape_matched""]","[""operator_shape_matched""]",1,1,10,10,10.625,10.784,8.3e-05,0.000131,4.8e-05
aten::rsqrt,"[[192,1]]","[""float""]",both,"[""operator_shape_matched""]","[""operator_shape_matched""]",1,1,30,30,32.157,32.417,0.00025,0.000393,0.000143
aten::rsqrt,"[[2,1,1]]","[""float""]",both,"[""operator_shape_matched""]","[""operator_shape_matched""]",1,1,10,10,10.332,10.4,8e-05,0.000126,4.6e-05
aten::rsqrt,"[[2,1]]","[""float""]",both,"[""operator_shape_matched""]","[""operator_shape_matched""]",1,1,81,81,90.306,90.787,0.000703,0.001102,0.000399
aten::rsqrt,"[[2,8,1]]","[""float""]",both,"[""operator_shape_matched""]","[""operator_shape_matched""]",1,1,10,10,10.463,10.4,8.1e-05,0.000126,4.5e-05
aten::rsqrt,"[[20,1,1]]","[""float""]",both,"[""operator_shape_matched""]","[""operator_shape_matched""]",1,1,10,10,10.337,10.369,8e-05,0.000126,4.5e-05
aten::rsqrt,"[[20,1]]","[""float""]",both,"[""operator_shape_matched""]","[""operator_shape_matched""]",1,1,81,81,98.177,97.252,0.000764,0.00118,0.000416
aten::rsqrt,"[[20,8,1]]","[""float""]",both,"[""operator_shape_matched""]","[""operator_shape_matched""]",1,1,10,10,10.69,10.753,8.3e-05,0.00013,4.7e-05
aten::rsqrt,"[[22,1,1]]","[""float""]",both,"[""operator_shape_matched""]","[""operator_shape_matched""]",1,1,10,10,10.402,10.368,8.1e-05,0.000126,4.5e-05
aten::rsqrt,"[[22,1]]","[""float""]",both,"[""operator_shape_matched""]","[""operator_shape_matched""]",1,1,81,81,86.751,86.22,0.000675,0.001046,0.000371
aten::rsqrt,"[[22,8,1]]","[""float""]",both,"[""operator_shape_matched""]","[""operator_shape_matched""]",1,1,10,10,10.88,10.751,8.5e-05,0.00013,4.6e-05
aten::rsqrt,"[[224,1]]","[""float""]",both,"[""operator_shape_matched""]","[""operator_shape_matched""]",1,1,30,30,32.478,32.259,0.000253,0.000391,0.000139
aten::rsqrt,"[[24,1,1]]","[""float""]",both,"[""operator_shape_matched""]","[""operator_shape_matched""]",1,1,10,10,10.303,10.368,8e-05,0.000126,4.6e-05
aten::rsqrt,"[[24,1]]","[""float""]",both,"[""operator_shape_matched""]","[""operator_shape_matched""]",1,1,81,81,84.767,84.868,0.00066,0.00103,0.00037
aten::rsqrt,"[[24,8,1]]","[""float""]",both,"[""operator_shape_matched""]","[""operator_shape_matched""]",1,1,10,10,10.655,10.849,8.3e-05,0.000132,4.9e-05
aten::rsqrt,"[[256,1]]","[""float""]",both,"[""operator_shape_matched""]","[""operator_shape_matched""]",1,1,30,30,32.29,32.29,0.000251,0.000392,0.00014
aten::rsqrt,"[[26,1,1]]","[""float""]",both,"[""operator_shape_matched""]","[""operator_shape_matched""]",1,1,10,10,10.434,10.4,8.1e-05,0.000126,4.5e-05
aten::rsqrt,"[[26,1]]","[""float""]",both,"[""operator_shape_matched""]","[""operator_shape_matched""]",1,1,81,81,86.624,86.532,0.000674,0.00105,0.000376
aten::rsqrt,"[[26,8,1]]","[""float""]",both,"[""operator_shape_matched""]","[""operator_shape_matched""]",1,1,10,10,10.817,10.624,8.4e-05,0.000129,4.5e-05
aten::rsqrt,"[[28,1,1]]","[""float""]",both,"[""operator_shape_matched""]","[""operator_shape_matched""]",1,1,10,10,10.525,10.464,8.2e-05,0.000127,4.5e-05
aten::rsqrt,"[[28,1]]","[""float""]",both,"[""operator_shape_matched""]","[""operator_shape_matched""]",1,1,81,81,97.895,97.689,0.000762,0.001185,0.000423
aten::rsqrt,"[[28,8,1]]","[""float""]",both,"[""operator_shape_matched""]","[""operator_shape_matched""]",1,1,10,10,10.688,10.848,8.3e-05,0.000132,4.8e-05
aten::rsqrt,"[[288,1]]","[""float""]",both,"[""operator_shape_matched""]","[""operator_shape_matched""]",1,1,30,30,32.863,33.503,0.000256,0.000406,0.000151
aten::rsqrt,"[[30,1,1]]","[""float""]",both,"[""operator_shape_matched""]","[""operator_shape_matched""]",1,1,10,10,10.4,10.435,8.1e-05,0.000127,4.6e-05
aten::rsqrt,"[[30,1]]","[""float""]",both,"[""operator_shape_matched""]","[""operator_shape_matched""]",1,1,81,81,87.328,88.001,0.00068,0.001068,0.000388
aten::rsqrt,"[[30,8,1]]","[""float""]",both,"[""operator_shape_matched""]","[""operator_shape_matched""]",1,1,10,10,10.785,10.625,8.4e-05,0.000129,4.5e-05
aten::rsqrt,"[[32,1,1]]","[""float""]",both,"[""operator_shape_matched""]","[""operator_shape_matched""]",1,1,10,10,10.399,10.4,8.1e-05,0.000126,4.5e-05
aten::rsqrt,"[[32,1]]","[""float""]",both,"[""operator_shape_matched""]","[""operator_shape_matched""]",1,1,111,111,115.874,116.125,0.000902,0.001409,0.000507
aten::rsqrt,"[[32,8,1]]","[""float""]",both,"[""operator_shape_matched""]","[""operator_shape_matched""]",1,1,10,10,10.721,10.657,8.3e-05,0.000129,4.6e-05
aten::rsqrt,"[[320,1]]","[""float""]",both,"[""operator_shape_matched""]","[""operator_shape_matched""]",1,1,30,30,33.185,32.935,0.000258,0.0004,0.000141
aten::rsqrt,"[[34,1,1]]","[""float""]",both,"[""operator_shape_matched""]","[""operator_shape_matched""]",1,1,10,10,10.337,10.369,8e-05,0.000126,4.5e-05
aten::rsqrt,"[[34,1]]","[""float""]",both,"[""operator_shape_matched""]","[""operator_shape_matched""]",1,1,81,81,98.557,98.306,0.000767,0.001193,0.000426
aten::rsqrt,"[[34,8,1]]","[""float""]",both,"[""operator_shape_matched""]","[""operator_shape_matched""]",1,1,10,10,10.784,10.944,8.4e-05,0.000133,4.9e-05
aten::rsqrt,"[[352,1]]","[""float""]",both,"[""operator_shape_matched""]","[""operator_shape_matched""]",1,1,30,30,33.57,33.09,0.000261,0.000401,0.00014
aten::rsqrt,"[[36,1,1]]","[""float""]",both,"[""operator_shape_matched""]","[""operator_shape_matched""]",1,1,10,10,10.338,10.367,8e-05,0.000126,4.5e-05
aten::rsqrt,"[[36,1]]","[""float""]",both,"[""operator_shape_matched""]","[""operator_shape_matched""]",1,1,81,81,97.468,98.011,0.000759,0.001189,0.000431
aten::rsqrt,"[[36,8,1]]","[""float""]",both,"[""operator_shape_matched""]","[""operator_shape_matched""]",1,1,10,10,10.847,11.073,8.4e-05,0.000134,5e-05
aten::rsqrt,"[[38,1,1]]","[""float""]",both,"[""operator_shape_matched""]","[""operator_shape_matched""]",1,1,10,10,10.367,10.303,8.1e-05,0.000125,4.4e-05
aten::rsqrt,"[[38,1]]","[""float""]",both,"[""operator_shape_matched""]","[""operator_shape_matched""]",1,1,81,81,98.463,98.534,0.000766,0.001196,0.000429
aten::rsqrt,"[[38,8,1]]","[""float""]",both,"[""operator_shape_matched""]","[""operator_shape_matched""]",1,1,10,10,10.974,11.072,8.5e-05,0.000134,4.9e-05
aten::rsqrt,"[[384,1]]","[""float""]",both,"[""operator_shape_matched""]","[""operator_shape_matched""]",1,1,30,30,32.992,33.666,0.000257,0.000408,0.000152
aten::rsqrt,"[[4,1,1]]","[""float""]",both,"[""operator_shape_matched""]","[""operator_shape_matched""]",1,1,10,10,10.433,10.399,8.1e-05,0.000126,4.5e-05
aten::rsqrt,"[[4,1]]","[""float""]",both,"[""operator_shape_matched""]","[""operator_shape_matched""]",1,1,81,81,84.541,84.605,0.000658,0.001027,0.000369
aten::rsqrt,"[[4,8,1]]","[""float""]",both,"[""operator_shape_matched""]","[""operator_shape_matched""]",1,1,10,10,10.687,10.402,8.3e-05,0.000126,4.3e-05
aten::rsqrt,"[[40,1,1]]","[""float""]",both,"[""operator_shape_matched""]","[""operator_shape_matched""]",1,1,10,10,10.339,10.305,8e-05,0.000125,4.5e-05
aten::rsqrt,"[[40,1]]","[""float""]",both,"[""operator_shape_matched""]","[""operator_shape_matched""]",1,1,81,81,85.923,85.732,0.000669,0.00104,0.000371
aten::rsqrt,"[[40,8,1]]","[""float""]",both,"[""operator_shape_matched""]","[""operator_shape_matched""]",1,1,10,10,11.392,11.552,8.9e-05,0.00014,5.2e-05
aten::rsqrt,"[[4096,1,1]]","[""float""]",both,"[""operator_shape_matched""]","[""operator_shape_matched""]",1,1,10,10,12.449,12.545,9.7e-05,0.000152,5.5e-05
aten::rsqrt,"[[4096,1]]","[""float""]",both,"[""operator_shape_matched""]","[""operator_shape_matched""]",1,1,81,81,100.196,99.047,0.00078,0.001202,0.000422
aten::rsqrt,"[[4096,8,1]]","[""float""]",both,"[""operator_shape_matched""]","[""operator_shape_matched""]",1,1,10,10,12.993,12.672,0.000101,0.000154,5.3e-05
aten::rsqrt,"[[416,1]]","[""float""]",both,"[""operator_shape_matched""]","[""operator_shape_matched""]",1,1,30,30,33.38,33.22,0.00026,0.000403,0.000143
aten::rsqrt,"[[42,1,1]]","[""float""]",both,"[""operator_shape_matched""]","[""operator_shape_matched""]",1,1,10,10,10.338,10.366,8e-05,0.000126,4.5e-05
aten::rsqrt,"[[42,1]]","[""float""]",both,"[""operator_shape_matched""]","[""operator_shape_matched""]",1,1,81,81,96.772,98.494,0.000753,0.001195,0.000442
aten::rsqrt,"[[42,8,1]]","[""float""]",both,"[""operator_shape_matched""]","[""operator_shape_matched""]",1,1,10,10,11.424,11.488,8.9e-05,0.000139,5e-05
aten::rsqrt,"[[44,1,1]]","[""float""]",both,"[""operator_shape_matched""]","[""operator_shape_matched""]",1,1,10,10,10.305,10.337,8e-05,0.000125,4.5e-05
aten::rsqrt,"[[44,1]]","[""float""]",both,"[""operator_shape_matched""]","[""operator_shape_matched""]",1,1,81,81,98.044,97.189,0.000763,0.001179,0.000416
aten::rsqrt,"[[44,8,1]]","[""float""]",both,"[""operator_shape_matched""]","[""operator_shape_matched""]",1,1,10,10,11.266,11.168,8.8e-05,0.000136,4.8e-05
aten::rsqrt,"[[448,1]]","[""float""]",both,"[""operator_shape_matched""]","[""operator_shape_matched""]",1,1,30,30,33.76,33.986,0.000263,0.000412,0.00015
aten::rsqrt,"[[46,1,1]]","[""float""]",both,"[""operator_shape_matched""]","[""operator_shape_matched""]",1,1,10,10,10.243,10.397,8e-05,0.000126,4.6e-05
aten::rsqrt,"[[46,1]]","[""float""]",both,"[""operator_shape_matched""]","[""operator_shape_matched""]",1,1,81,81,98.084,97.217,0.000763,0.00118,0.000416
aten::rsqrt,"[[46,8,1]]","[""float""]",both,"[""operator_shape_matched""]","[""operator_shape_matched""]",1,1,10,10,10.881,10.911,8.5e-05,0.000132,4.8e-05
aten::rsqrt,"[[48,1,1]]","[""float""]",both,"[""operator_shape_matched""]","[""operator_shape_matched""]",1,1,10,10,10.336,10.303,8e-05,0.000125,4.5e-05
aten::rsqrt,"[[48,1]]","[""float""]",both,"[""operator_shape_matched""]","[""operator_shape_matched""]",1,1,81,81,84.738,84.701,0.000659,0.001028,0.000368
aten::rsqrt,"[[48,8,1]]","[""float""]",both,"[""operator_shape_matched""]","[""operator_shape_matched""]",1,1,10,10,11.007,10.913,8.6e-05,0.000132,4.7e-05
aten::rsqrt,"[[480,1]]","[""float""]",both,"[""operator_shape_matched""]","[""operator_shape_matched""]",1,1,30,30,33.537,33.155,0.000261,0.000402,0.000141
aten::rsqrt,"[[50,1,1]]","[""float""]",both,"[""operator_shape_matched""]","[""operator_shape_matched""]",1,1,10,10,10.369,10.399,8.1e-05,0.000126,4.5e-05
aten::rsqrt,"[[50,1]]","[""float""]",both,"[""operator_shape_matched""]","[""operator_shape_matched""]",1,1,81,81,97.834,97.544,0.000761,0.001184,0.000422
aten::rsqrt,"[[50,8,1]]","[""float""]",both,"[""operator_shape_matched""]","[""operator_shape_matched""]",1,1,10,10,11.07,10.882,8.6e-05,0.000132,4.6e-05
aten::rsqrt,"[[5089,1,1]]","[""float""]",both,"[""operator_shape_matched""]","[""operator_shape_matched""]",1,1,10,10,13.183,12.704,0.000103,0.000154,5.2e-05
aten::rsqrt,"[[5089,1]]","[""float""]",both,"[""operator_shape_matched""]","[""operator_shape_matched""]",1,1,81,81,104.103,104.672,0.00081,0.00127,0.00046
aten::rsqrt,"[[5089,8,1]]","[""float""]",both,"[""operator_shape_matched""]","[""operator_shape_matched""]",1,1,10,10,13.087,12.927,0.000102,0.000157,5.5e-05
aten::rsqrt,"[[512,1]]","[""float""]",both,"[""operator_shape_matched""]","[""operator_shape_matched""]",1,1,30,30,33.695,33.444,0.000262,0.000406,0.000144
aten::rsqrt,"[[52,1,1]]","[""float""]",both,"[""operator_shape_matched""]","[""operator_shape_matched""]",1,1,10,10,10.403,10.336,8.1e-05,0.000125,4.4e-05
aten::rsqrt,"[[52,1]]","[""float""]",both,"[""operator_shape_matched""]","[""operator_shape_matched""]",1,1,81,81,99.871,97.536,0.000777,0.001183,0.000406
aten::rsqrt,"[[52,8,1]]","[""float""]",both,"[""operator_shape_matched""]","[""operator_shape_matched""]",1,1,10,10,11.391,11.007,8.9e-05,0.000134,4.5e-05
aten::rsqrt,"[[54,1,1]]","[""float""]",both,"[""operator_shape_matched""]","[""operator_shape_matched""]",1,1,10,10,10.368,10.369,8.1e-05,0.000126,4.5e-05
aten::rsqrt,"[[54,1]]","[""float""]",both,"[""operator_shape_matched""]","[""operator_shape_matched""]",1,1,81,81,98.661,98.712,0.000768,0.001198,0.00043
aten::rsqrt,"[[54,8,1]]","[""float""]",both,"[""operator_shape_matched""]","[""operator_shape_matched""]",1,1,10,10,11.007,11.04,8.6e-05,0.000134,4.8e-05
aten::rsqrt,"[[544,1]]","[""float""]",both,"[""operator_shape_matched""]","[""operator_shape_matched""]",1,1,30,30,33.891,33.889,0.000264,0.000411,0.000147
aten::rsqrt,"[[56,1,1]]","[""float""]",both,"[""operator_shape_matched""]","[""operator_shape_matched""]",1,1,10,10,10.336,10.365,8e-05,0.000126,4.5e-05
aten::rsqrt,"[[56,1]]","[""float""]",both,"[""operator_shape_matched""]","[""operator_shape_matched""]",1,1,81,81,85.857,85.862,0.000668,0.001042,0.000374
aten::rsqrt,"[[56,8,1]]","[""float""]",both,"[""operator_shape_matched""]","[""operator_shape_matched""]",1,1,10,10,11.135,11.136,8.7e-05,0.000135,4.8e-05
aten::rsqrt,"[[576,1]]","[""float""]",both,"[""operator_shape_matched""]","[""operator_shape_matched""]",1,1,30,30,32.995,33.089,0.000257,0.000401,0.000145
aten::rsqrt,"[[58,1,1]]","[""float""]",both,"[""operator_shape_matched""]","[""operator_shape_matched""]",1,1,10,10,10.337,10.304,8e-05,0.000125,4.5e-05
aten::rsqrt,"[[58,1]]","[""float""]",both,"[""operator_shape_matched""]","[""operator_shape_matched""]",1,1,81,81,98.973,98.337,0.00077,0.001193,0.000423
aten::rsqrt,"[[58,8,1]]","[""float""]",both,"[""operator_shape_matched""]","[""operator_shape_matched""]",1,1,10,10,11.006,11.327,8.6e-05,0.000137,5.2e-05
aten::rsqrt,"[[6,1,1]]","[""float""]",both,"[""operator_shape_matched""]","[""operator_shape_matched""]",1,1,10,10,10.399,10.306,8.1e-05,0.000125,4.4e-05
aten::rsqrt,"[[6,1]]","[""float""]",both,"[""operator_shape_matched""]","[""operator_shape_matched""]",1,1,81,81,87.299,85.79,0.000679,0.001041,0.000361
aten::rsqrt,"[[6,8,1]]","[""float""]",both,"[""operator_shape_matched""]","[""operator_shape_matched""]",1,1,10,10,10.398,10.335,8.1e-05,0.000125,4.4e-05
aten::rsqrt,"[[60,1,1]]","[""float""]",both,"[""operator_shape_matched""]","[""operator_shape_matched""]",1,1,10,10,10.368,10.337,8.1e-05,0.000125,4.5e-05
aten::rsqrt,"[[60,1]]","[""float""]",both,"[""operator_shape_matched""]","[""operator_shape_matched""]",1,1,81,81,97.347,98.409,0.000758,0.001194,0.000436
aten::rsqrt,"[[60,8,1]]","[""float""]",both,"[""operator_shape_matched""]","[""operator_shape_matched""]",1,1,10,10,11.039,11.07,8.6e-05,0.000134,4.8e-05
aten::rsqrt,"[[608,1]]","[""float""]",both,"[""operator_shape_matched""]","[""operator_shape_matched""]",1,1,30,30,33.885,33.824,0.000264,0.00041,0.000147
aten::rsqrt,"[[62,1,1]]","[""float""]",both,"[""operator_shape_matched""]","[""operator_shape_matched""]",1,1,10,10,10.399,10.303,8.1e-05,0.000125,4.4e-05
aten::rsqrt,"[[62,1]]","[""float""]",both,"[""operator_shape_matched""]","[""operator_shape_matched""]",1,1,81,81,98.405,98.341,0.000766,0.001193,0.000427
aten::rsqrt,"[[62,8,1]]","[""float""]",both,"[""operator_shape_matched""]","[""operator_shape_matched""]",1,1,10,10,10.979,11.2,8.5e-05,0.000136,5e-05
aten::rsqrt,"[[63,1,1]]","[""float""]",both,"[""operator_shape_matched""]","[""operator_shape_matched""]",1,1,20,20,20.8,20.674,0.000162,0.000251,8.9e-05
aten::rsqrt,"[[63,1]]","[""float""]",both,"[""operator_shape_matched""]","[""operator_shape_matched""]",1,1,162,162,195.271,196.96,0.00152,0.00239,0.00087
aten::rsqrt,"[[63,8,1]]","[""float""]",both,"[""operator_shape_matched""]","[""operator_shape_matched""]",1,1,20,20,22.495,22.754,0.000175,0.000276,0.000101
aten::rsqrt,"[[64,1,1]]","[""float""]",both,"[""operator_shape_matched""]","[""operator_shape_matched""]",1,1,4780,2220,4940.911,2295.85,0.038453,0.027856,-0.010597
aten::rsqrt,"[[64,1]]","[""float""]",both,"[""operator_shape_matched""]","[""operator_shape_matched""]",1,1,38748,18012,40327.367,18762.488,0.313851,0.227646,-0.086205
aten::rsqrt,"[[64,8,1]]","[""float""]",both,"[""operator_shape_matched""]","[""operator_shape_matched""]",1,1,4780,2220,5277.379,2457.744,0.041072,0.02982,-0.011252
aten::rsqrt,"[[640,1]]","[""float""]",both,"[""operator_shape_matched""]","[""operator_shape_matched""]",1,1,30,30,33.538,33.377,0.000261,0.000405,0.000144
aten::rsqrt,"[[65536,1]]","[""float""]",both,"[""operator_shape_matched""]","[""operator_shape_matched""]",1,1,30,30,41.725,40.352,0.000325,0.00049,0.000165
aten::rsqrt,"[[672,1]]","[""float""]",both,"[""operator_shape_matched""]","[""operator_shape_matched""]",1,1,30,30,33.697,33.95,0.000262,0.000412,0.00015
aten::rsqrt,"[[704,1]]","[""float""]",both,"[""operator_shape_matched""]","[""operator_shape_matched""]",1,1,30,30,34.079,33.567,0.000265,0.000407,0.000142
aten::rsqrt,"[[736,1]]","[""float""]",both,"[""operator_shape_matched""]","[""operator_shape_matched""]",1,1,30,30,33.984,34.302,0.000264,0.000416,0.000152
aten::rsqrt,"[[768,1]]","[""float""]",both,"[""operator_shape_matched""]","[""operator_shape_matched""]",1,1,30,30,34.178,33.473,0.000266,0.000406,0.00014
aten::rsqrt,"[[8,1,1]]","[""float""]",both,"[""operator_shape_matched""]","[""operator_shape_matched""]",1,1,10,10,10.336,10.335,8e-05,0.000125,4.5e-05
aten::rsqrt,"[[8,1]]","[""float""]",both,"[""operator_shape_matched""]","[""operator_shape_matched""]",1,1,81,81,84.598,85.211,0.000658,0.001034,0.000375
aten::rsqrt,"[[8,8,1]]","[""float""]",both,"[""operator_shape_matched""]","[""operator_shape_matched""]",1,1,10,10,10.432,10.334,8.1e-05,0.000125,4.4e-05
aten::rsqrt,"[[800,1]]","[""float""]",both,"[""operator_shape_matched""]","[""operator_shape_matched""]",1,1,30,30,33.923,33.695,0.000264,0.000409,0.000145
aten::rsqrt,"[[81424,1]]","[""float""]",both,"[""operator_shape_matched""]","[""operator_shape_matched""]",1,1,30,30,41.507,41.473,0.000323,0.000503,0.00018
aten::rsqrt,"[[8192,1,1]]","[""float""]",both,"[""operator_shape_matched""]","[""operator_shape_matched""]",1,1,310,310,383.368,381.343,0.002984,0.004627,0.001643
aten::rsqrt,"[[8192,1]]","[""float""]",both,"[""operator_shape_matched""]","[""operator_shape_matched""]",1,1,2511,2511,3107.562,3111.147,0.024185,0.037748,0.013563
aten::rsqrt,"[[8192,8,1]]","[""float""]",both,"[""operator_shape_matched""]","[""operator_shape_matched""]",1,1,310,310,406.508,406.862,0.003164,0.004936,0.001773
aten::rsqrt,"[[832,1]]","[""float""]",both,"[""operator_shape_matched""]","[""operator_shape_matched""]",1,1,30,30,33.792,33.342,0.000263,0.000405,0.000142
aten::rsqrt,"[[864,1]]","[""float""]",both,"[""operator_shape_matched""]","[""operator_shape_matched""]",1,1,30,30,34.018,33.888,0.000265,0.000411,0.000146
aten::rsqrt,"[[896,1]]","[""float""]",both,"[""operator_shape_matched""]","[""operator_shape_matched""]",1,1,30,30,33.539,33.661,0.000261,0.000408,0.000147
aten::rsqrt,"[[928,1]]","[""float""]",both,"[""operator_shape_matched""]","[""operator_shape_matched""]",1,1,30,30,34.24,33.981,0.000266,0.000412,0.000146
aten::rsqrt,"[[96,1]]","[""float""]",both,"[""operator_shape_matched""]","[""operator_shape_matched""]",1,1,30,30,31.648,31.778,0.000246,0.000386,0.000139
aten::rsqrt,"[[960,1]]","[""float""]",both,"[""operator_shape_matched""]","[""operator_shape_matched""]",1,1,30,30,34.814,33.697,0.000271,0.000409,0.000138
aten::rsqrt,"[[992,1]]","[""float""]",both,"[""operator_shape_matched""]","[""operator_shape_matched""]",1,1,30,30,34.367,34.051,0.000267,0.000413,0.000146
aten::scatter_,"[[8192],[],[32],[32]]","[""int"",""Scalar"",""long int"",""int""]",both,"[""operator_shape_matched""]","[""operator_shape_matched""]",1,1,1,1,1.248,1.216,1e-05,1.5e-05,5e-06
aten::scatter_,"[[8192],[],[34],[34]]","[""int"",""Scalar"",""long int"",""int""]",both,"[""operator_shape_matched""]","[""operator_shape_matched""]",1,1,1,1,1.408,1.345,1.1e-05,1.6e-05,5e-06
aten::scatter_,"[[8192],[],[36],[36]]","[""int"",""Scalar"",""long int"",""int""]",both,"[""operator_shape_matched""]","[""operator_shape_matched""]",1,1,1,1,1.376,1.344,1.1e-05,1.6e-05,6e-06
aten::scatter_,"[[8192],[],[38],[38]]","[""int"",""Scalar"",""long int"",""int""]",both,"[""operator_shape_matched""]","[""operator_shape_matched""]",1,1,1,1,1.377,1.408,1.1e-05,1.7e-05,6e-06
aten::scatter_,"[[8192],[],[40],[40]]","[""int"",""Scalar"",""long int"",""int""]",both,"[""operator_shape_matched""]","[""operator_shape_matched""]",1,1,1,1,1.248,1.248,1e-05,1.5e-05,5e-06
aten::scatter_,"[[8192],[],[42],[42]]","[""int"",""Scalar"",""long int"",""int""]",both,"[""operator_shape_matched""]","[""operator_shape_matched""]",1,1,1,1,1.344,1.344,1e-05,1.6e-05,6e-06
aten::scatter_,"[[8192],[],[44],[44]]","[""int"",""Scalar"",""long int"",""int""]",both,"[""operator_shape_matched""]","[""operator_shape_matched""]",1,1,1,1,1.344,1.375,1e-05,1.7e-05,6e-06
aten::scatter_,"[[8192],[],[46],[46]]","[""int"",""Scalar"",""long int"",""int""]",both,"[""operator_shape_matched""]","[""operator_shape_matched""]",1,1,1,1,1.376,1.472,1.1e-05,1.8e-05,7e-06
aten::scatter_,"[[8192],[],[48],[48]]","[""int"",""Scalar"",""long int"",""int""]",both,"[""operator_shape_matched""]","[""operator_shape_matched""]",1,1,1,1,1.216,1.248,9e-06,1.5e-05,6e-06
aten::scatter_,"[[8192],[],[50],[50]]","[""int"",""Scalar"",""long int"",""int""]",both,"[""operator_shape_matched""]","[""operator_shape_matched""]",1,1,1,1,1.376,1.345,1.1e-05,1.6e-05,6e-06
aten::scatter_,"[[8192],[],[52],[52]]","[""int"",""Scalar"",""long int"",""int""]",both,"[""operator_shape_matched""]","[""operator_shape_matched""]",1,1,1,1,1.44,1.376,1.1e-05,1.7e-05,5e-06
aten::scatter_,"[[8192],[],[54],[54]]","[""int"",""Scalar"",""long int"",""int""]",both,"[""operator_shape_matched""]","[""operator_shape_matched""]",1,1,1,1,1.343,1.408,1e-05,1.7e-05,7e-06
aten::scatter_,"[[8192],[],[56],[56]]","[""int"",""Scalar"",""long int"",""int""]",both,"[""operator_shape_matched""]","[""operator_shape_matched""]",1,1,1,1,1.248,1.248,1e-05,1.5e-05,5e-06
aten::scatter_,"[[8192],[],[58],[58]]","[""int"",""Scalar"",""long int"",""int""]",both,"[""operator_shape_matched""]","[""operator_shape_matched""]",1,1,1,1,1.408,1.344,1.1e-05,1.6e-05,5e-06
aten::scatter_,"[[8192],[],[60],[60]]","[""int"",""Scalar"",""long int"",""int""]",both,"[""operator_shape_matched""]","[""operator_shape_matched""]",1,1,1,1,1.473,1.344,1.1e-05,1.6e-05,5e-06
aten::scatter_,"[[8192],[],[62],[62]]","[""int"",""Scalar"",""long int"",""int""]",both,"[""operator_shape_matched""]","[""operator_shape_matched""]",1,1,1,1,1.504,1.344,1.2e-05,1.6e-05,5e-06
aten::scatter_,"[[8192],[],[63],[63]]","[""int"",""Scalar"",""long int"",""int""]",both,"[""operator_shape_matched""]","[""operator_shape_matched""]",1,1,1,1,1.376,1.504,1.1e-05,1.8e-05,8e-06
aten::sigmoid,"[[1,1]]","[""c10::BFloat16""]",both,"[""operator_shape_matched""]","[""operator_shape_matched""]",1,1,40,40,49.787,42.877,0.000387,0.00052,0.000133
aten::sigmoid,"[[1,2048]]","[""c10::BFloat16""]",both,"[""operator_shape_matched""]","[""operator_shape_matched""]",1,1,10,10,12.35,12.032,9.6e-05,0.000146,5e-05
aten::sigmoid,"[[10,1]]","[""c10::BFloat16""]",both,"[""operator_shape_matched""]","[""operator_shape_matched""]",1,1,40,40,48.478,48.26,0.000377,0.000586,0.000208
aten::sigmoid,"[[10,2048]]","[""c10::BFloat16""]",both,"[""operator_shape_matched""]","[""operator_shape_matched""]",1,1,10,10,14.24,14.56,0.000111,0.000177,6.6e-05
aten::sigmoid,"[[12,1]]","[""c10::BFloat16""]",both,"[""operator_shape_matched""]","[""operator_shape_matched""]",1,1,40,40,48.677,48.317,0.000379,0.000586,0.000207
aten::sigmoid,"[[12,2048]]","[""c10::BFloat16""]",both,"[""operator_shape_matched""]","[""operator_shape_matched""]",1,1,10,10,15.009,14.691,0.000117,0.000178,6.1e-05
aten::sigmoid,"[[14,1]]","[""c10::BFloat16""]",both,"[""operator_shape_matched""]","[""operator_shape_matched""]",1,1,40,40,48.321,48.582,0.000376,0.000589,0.000213
aten::sigmoid,"[[14,2048]]","[""c10::BFloat16""]",both,"[""operator_shape_matched""]","[""operator_shape_matched""]",1,1,10,10,15.073,14.847,0.000117,0.00018,6.3e-05
aten::sigmoid,"[[16,1]]","[""c10::BFloat16""]",both,"[""operator_shape_matched""]","[""operator_shape_matched""]",1,1,40,40,42.18,42.052,0.000328,0.00051,0.000182
aten::sigmoid,"[[16,2048]]","[""c10::BFloat16""]",both,"[""operator_shape_matched""]","[""operator_shape_matched""]",1,1,10,10,14.623,14.88,0.000114,0.000181,6.7e-05
aten::sigmoid,"[[18,1]]","[""c10::BFloat16""]",both,"[""operator_shape_matched""]","[""operator_shape_matched""]",1,1,40,40,50.4,48.931,0.000392,0.000594,0.000201
aten::sigmoid,"[[18,2048]]","[""c10::BFloat16""]",both,"[""operator_shape_matched""]","[""operator_shape_matched""]",1,1,10,10,15.106,15.521,0.000118,0.000188,7.1e-05
aten::sigmoid,"[[2,1]]","[""c10::BFloat16""]",both,"[""operator_shape_matched""]","[""operator_shape_matched""]",1,1,40,40,49.446,49.345,0.000385,0.000599,0.000214
aten::sigmoid,"[[2,2048]]","[""c10::BFloat16""]",both,"[""operator_shape_matched""]","[""operator_shape_matched""]",1,1,10,10,11.264,11.521,8.8e-05,0.00014,5.2e-05
aten::sigmoid,"[[20,1]]","[""c10::BFloat16""]",both,"[""operator_shape_matched""]","[""operator_shape_matched""]",1,1,40,40,50.237,49.633,0.000391,0.000602,0.000211
aten::sigmoid,"[[20,2048]]","[""c10::BFloat16""]",both,"[""operator_shape_matched""]","[""operator_shape_matched""]",1,1,10,10,15.136,15.423,0.000118,0.000187,6.9e-05
aten::sigmoid,"[[22,1]]","[""c10::BFloat16""]",both,"[""operator_shape_matched""]","[""operator_shape_matched""]",1,1,40,40,49.856,49.183,0.000388,0.000597,0.000209
aten::sigmoid,"[[22,2048]]","[""c10::BFloat16""]",both,"[""operator_shape_matched""]","[""operator_shape_matched""]",1,1,10,10,15.104,15.521,0.000118,0.000188,7.1e-05
aten::sigmoid,"[[24,1]]","[""c10::BFloat16""]",both,"[""operator_shape_matched""]","[""operator_shape_matched""]",1,1,40,40,49.473,48.964,0.000385,0.000594,0.000209
aten::sigmoid,"[[24,2048]]","[""c10::BFloat16""]",both,"[""operator_shape_matched""]","[""operator_shape_matched""]",1,1,10,10,15.391,15.456,0.00012,0.000188,6.8e-05
aten::sigmoid,"[[26,1]]","[""c10::BFloat16""]",both,"[""operator_shape_matched""]","[""operator_shape_matched""]",1,1,40,40,48.831,49.858,0.00038,0.000605,0.000225
aten::sigmoid,"[[26,2048]]","[""c10::BFloat16""]",both,"[""operator_shape_matched""]","[""operator_shape_matched""]",1,1,10,10,15.296,15.681,0.000119,0.00019,7.1e-05
aten::sigmoid,"[[28,1]]","[""c10::BFloat16""]",both,"[""operator_shape_matched""]","[""operator_shape_matched""]",1,1,40,40,48.8,48.991,0.00038,0.000594,0.000215
aten::sigmoid,"[[28,2048]]","[""c10::BFloat16""]",both,"[""operator_shape_matched""]","[""operator_shape_matched""]",1,1,10,10,15.778,15.328,0.000123,0.000186,6.3e-05
aten::sigmoid,"[[30,1]]","[""c10::BFloat16""]",both,"[""operator_shape_matched""]","[""operator_shape_matched""]",1,1,40,40,49.244,49.669,0.000383,0.000603,0.000219
aten::sigmoid,"[[30,2048]]","[""c10::BFloat16""]",both,"[""operator_shape_matched""]","[""operator_shape_matched""]",1,1,10,10,16.161,15.617,0.000126,0.000189,6.4e-05
aten::sigmoid,"[[32,1]]","[""c10::BFloat16""]",both,"[""operator_shape_matched""]","[""operator_shape_matched""]",1,1,40,40,42.691,42.781,0.000332,0.000519,0.000187
aten::sigmoid,"[[32,2048]]","[""c10::BFloat16""]",both,"[""operator_shape_matched""]","[""operator_shape_matched""]",1,1,10,10,15.49,15.967,0.000121,0.000194,7.3e-05
aten::sigmoid,"[[34,1]]","[""c10::BFloat16""]",both,"[""operator_shape_matched""]","[""operator_shape_matched""]",1,1,40,40,49.025,49.089,0.000382,0.000596,0.000214
aten::sigmoid,"[[34,2048]]","[""c10::BFloat16""]",both,"[""operator_shape_matched""]","[""operator_shape_matched""]",1,1,10,10,16.032,16.285,0.000125,0.000198,7.3e-05
aten::sigmoid,"[[36,1]]","[""c10::BFloat16""]",both,"[""operator_shape_matched""]","[""operator_shape_matched""]",1,1,40,40,48.765,48.573,0.00038,0.000589,0.00021
aten::sigmoid,"[[36,2048]]","[""c10::BFloat16""]",both,"[""operator_shape_matched""]","[""operator_shape_matched""]",1,1,10,10,16.417,16.992,0.000128,0.000206,7.8e-05
aten::sigmoid,"[[38,1]]","[""c10::BFloat16""]",both,"[""operator_shape_matched""]","[""operator_shape_matched""]",1,1,40,40,48.809,48.381,0.00038,0.000587,0.000207
aten::sigmoid,"[[38,2048]]","[""c10::BFloat16""]",both,"[""operator_shape_matched""]","[""operator_shape_matched""]",1,1,10,10,16.35,16.608,0.000127,0.000202,7.4e-05
aten::sigmoid,"[[4,1]]","[""c10::BFloat16""]",both,"[""operator_shape_matched""]","[""operator_shape_matched""]",1,1,40,40,42.014,42.047,0.000327,0.00051,0.000183
aten::sigmoid,"[[4,2048]]","[""c10::BFloat16""]",both,"[""operator_shape_matched""]","[""operator_shape_matched""]",1,1,10,10,11.456,11.52,8.9e-05,0.00014,5.1e-05
aten::sigmoid,"[[40,1]]","[""c10::BFloat16""]",both,"[""operator_shape_matched""]","[""operator_shape_matched""]",1,1,40,40,48.829,48.129,0.00038,0.000584,0.000204
aten::sigmoid,"[[40,2048]]","[""c10::BFloat16""]",both,"[""operator_shape_matched""]","[""operator_shape_matched""]",1,1,10,10,16.576,16.288,0.000129,0.000198,6.9e-05
aten::sigmoid,"[[4096,1]]","[""c10::BFloat16""]",both,"[""operator_shape_matched""]","[""operator_shape_matched""]",1,1,40,40,48.349,48.545,0.000376,0.000589,0.000213
aten::sigmoid,"[[4096,2048]]","[""c10::BFloat16""]",both,"[""operator_shape_matched""]","[""operator_shape_matched""]",1,1,10,10,130.466,128.866,0.001015,0.001564,0.000548
aten::sigmoid,"[[42,1]]","[""c10::BFloat16""]",both,"[""operator_shape_matched""]","[""operator_shape_matched""]",1,1,40,40,48.736,48.9,0.000379,0.000593,0.000214
aten::sigmoid,"[[42,2048]]","[""c10::BFloat16""]",both,"[""operator_shape_matched""]","[""operator_shape_matched""]",1,1,10,10,15.744,16.541,0.000123,0.000201,7.8e-05
aten::sigmoid,"[[44,1]]","[""c10::BFloat16""]",both,"[""operator_shape_matched""]","[""operator_shape_matched""]",1,1,40,40,48.609,48.894,0.000378,0.000593,0.000215
aten::sigmoid,"[[44,2048]]","[""c10::BFloat16""]",both,"[""operator_shape_matched""]","[""operator_shape_matched""]",1,1,10,10,16.831,16.194,0.000131,0.000196,6.5e-05
aten::sigmoid,"[[46,1]]","[""c10::BFloat16""]",both,"[""operator_shape_matched""]","[""operator_shape_matched""]",1,1,40,40,48.163,48.9,0.000375,0.000593,0.000218
aten::sigmoid,"[[46,2048]]","[""c10::BFloat16""]",both,"[""operator_shape_matched""]","[""operator_shape_matched""]",1,1,10,10,16.546,16.576,0.000129,0.000201,7.2e-05
aten::sigmoid,"[[48,1]]","[""c10::BFloat16""]",both,"[""operator_shape_matched""]","[""operator_shape_matched""]",1,1,40,40,42.238,43.104,0.000329,0.000523,0.000194
aten::sigmoid,"[[48,2048]]","[""c10::BFloat16""]",both,"[""operator_shape_matched""]","[""operator_shape_matched""]",1,1,10,10,16.448,16.737,0.000128,0.000203,7.5e-05
aten::sigmoid,"[[50,1]]","[""c10::BFloat16""]",both,"[""operator_shape_matched""]","[""operator_shape_matched""]",1,1,40,40,48.864,49.346,0.00038,0.000599,0.000218
aten::sigmoid,"[[50,2048]]","[""c10::BFloat16""]",both,"[""operator_shape_matched""]","[""operator_shape_matched""]",1,1,10,10,16.801,16.226,0.000131,0.000197,6.6e-05
aten::sigmoid,"[[5089,1]]","[""c10::BFloat16""]",both,"[""operator_shape_matched""]","[""operator_shape_matched""]",1,1,40,40,54.501,54.979,0.000424,0.000667,0.000243
aten::sigmoid,"[[5089,2048]]","[""c10::BFloat16""]",both,"[""operator_shape_matched""]","[""operator_shape_matched""]",1,1,10,10,145.157,145.986,0.00113,0.001771,0.000642
aten::sigmoid,"[[52,1]]","[""c10::BFloat16""]",both,"[""operator_shape_matched""]","[""operator_shape_matched""]",1,1,40,40,48.516,48.766,0.000378,0.000592,0.000214
aten::sigmoid,"[[52,2048]]","[""c10::BFloat16""]",both,"[""operator_shape_matched""]","[""operator_shape_matched""]",1,1,10,10,16.226,16.385,0.000126,0.000199,7.3e-05
aten::sigmoid,"[[54,1]]","[""c10::BFloat16""]",both,"[""operator_shape_matched""]","[""operator_shape_matched""]",1,1,40,40,48.83,48.223,0.00038,0.000585,0.000205
aten::sigmoid,"[[54,2048]]","[""c10::BFloat16""]",both,"[""operator_shape_matched""]","[""operator_shape_matched""]",1,1,10,10,16.736,17.28,0.00013,0.00021,7.9e-05
aten::sigmoid,"[[56,1]]","[""c10::BFloat16""]",both,"[""operator_shape_matched""]","[""operator_shape_matched""]",1,1,40,40,48.443,49.022,0.000377,0.000595,0.000218
aten::sigmoid,"[[56,2048]]","[""c10::BFloat16""]",both,"[""operator_shape_matched""]","[""operator_shape_matched""]",1,1,10,10,16.353,16.415,0.000127,0.000199,7.2e-05
aten::sigmoid,"[[58,1]]","[""c10::BFloat16""]",both,"[""operator_shape_matched""]","[""operator_shape_matched""]",1,1,40,40,48.509,48.803,0.000378,0.000592,0.000215
aten::sigmoid,"[[58,2048]]","[""c10::BFloat16""]",both,"[""operator_shape_matched""]","[""operator_shape_matched""]",1,1,10,10,17.088,16.543,0.000133,0.000201,6.8e-05
aten::sigmoid,"[[6,1]]","[""c10::BFloat16""]",both,"[""operator_shape_matched""]","[""operator_shape_matched""]",1,1,40,40,48.387,48.604,0.000377,0.00059,0.000213
aten::sigmoid,"[[6,2048]]","[""c10::BFloat16""]",both,"[""operator_shape_matched""]","[""operator_shape_matched""]",1,1,10,10,12.702,12.864,9.9e-05,0.000156,5.7e-05
aten::sigmoid,"[[60,1]]","[""c10::BFloat16""]",both,"[""operator_shape_matched""]","[""operator_shape_matched""]",1,1,40,40,48.258,49.087,0.000376,0.000596,0.00022
aten::sigmoid,"[[60,2048]]","[""c10::BFloat16""]",both,"[""operator_shape_matched""]","[""operator_shape_matched""]",1,1,10,10,16.704,16.801,0.00013,0.000204,7.4e-05
aten::sigmoid,"[[62,1]]","[""c10::BFloat16""]",both,"[""operator_shape_matched""]","[""operator_shape_matched""]",1,1,40,40,49.058,49.055,0.000382,0.000595,0.000213
aten::sigmoid,"[[62,2048]]","[""c10::BFloat16""]",both,"[""operator_shape_matched""]","[""operator_shape_matched""]",1,1,10,10,16.415,16.832,0.000128,0.000204,7.6e-05
aten::sigmoid,"[[63,1]]","[""c10::BFloat16""]",both,"[""operator_shape_matched""]","[""operator_shape_matched""]",1,1,80,80,97.418,97.096,0.000758,0.001178,0.00042
aten::sigmoid,"[[63,2048]]","[""c10::BFloat16""]",both,"[""operator_shape_matched""]","[""operator_shape_matched""]",1,1,20,20,33.795,34.178,0.000263,0.000415,0.000152
aten::sigmoid,"[[64,1]]","[""c10::BFloat16""]",both,"[""operator_shape_matched""]","[""operator_shape_matched""]",1,1,19120,8880,20372.523,9481.853,0.158551,0.115044,-0.043507
aten::sigmoid,"[[64,2048]]","[""c10::BFloat16""]",both,"[""operator_shape_matched""]","[""operator_shape_matched""]",1,1,4780,2220,7979.179,3709.132,0.062099,0.045003,-0.017096
aten::sigmoid,"[[8,1]]","[""c10::BFloat16""]",both,"[""operator_shape_matched""]","[""operator_shape_matched""]",1,1,40,40,49.212,48.739,0.000383,0.000591,0.000208
aten::sigmoid,"[[8,2048]]","[""c10::BFloat16""]",both,"[""operator_shape_matched""]","[""operator_shape_matched""]",1,1,10,10,14.081,13.728,0.00011,0.000167,5.7e-05
aten::sigmoid,"[[8192,1]]","[""c10::BFloat16""]",both,"[""operator_shape_matched""]","[""operator_shape_matched""]",1,1,1240,1240,1516.203,1518.836,0.0118,0.018428,0.006628
aten::sigmoid,"[[8192,2048]]","[""c10::BFloat16""]",both,"[""operator_shape_matched""]","[""operator_shape_matched""]",1,1,310,310,7183.407,7193.981,0.055905,0.087285,0.031379
aten::silu,"[[1008,128]]","[""float""]",both,"[""operator_shape_matched""]","[""operator_shape_matched""]",1,1,60,60,80.99,80.709,0.00063,0.000979,0.000349
aten::silu,"[[1024,128]]","[""float""]",both,"[""operator_shape_matched""]","[""operator_shape_matched""]",1,1,14340,6660,19412.418,9024.799,0.151079,0.109498,-0.04158
aten::silu,"[[128,128]]","[""float""]",both,"[""operator_shape_matched""]","[""operator_shape_matched""]",1,1,30,30,35.806,35.71,0.000279,0.000433,0.000155
aten::silu,"[[131072,128]]","[""float""]",both,"[""operator_shape_matched""]","[""operator_shape_matched""]",1,1,930,930,42406.117,42443.84,0.330029,0.514973,0.184944
aten::silu,"[[16,128]]","[""float""]",both,"[""operator_shape_matched""]","[""operator_shape_matched""]",1,1,30,30,34.56,34.303,0.000269,0.000416,0.000147
aten::silu,"[[160,128]]","[""float""]",both,"[""operator_shape_matched""]","[""operator_shape_matched""]",1,1,30,30,35.169,35.49,0.000274,0.000431,0.000157
aten::silu,"[[192,128]]","[""float""]",both,"[""operator_shape_matched""]","[""operator_shape_matched""]",1,1,30,30,35.904,35.422,0.000279,0.00043,0.00015
aten::silu,"[[224,128]]","[""float""]",both,"[""operator_shape_matched""]","[""operator_shape_matched""]",1,1,30,30,35.776,36.734,0.000278,0.000446,0.000167
aten::silu,"[[256,128]]","[""float""]",both,"[""operator_shape_matched""]","[""operator_shape_matched""]",1,1,30,30,36.35,36.545,0.000283,0.000443,0.000161
aten::silu,"[[288,128]]","[""float""]",both,"[""operator_shape_matched""]","[""operator_shape_matched""]",1,1,30,30,36.962,36.831,0.000288,0.000447,0.000159
aten::silu,"[[32,128]]","[""float""]",both,"[""operator_shape_matched""]","[""operator_shape_matched""]",1,1,30,30,35.076,34.592,0.000273,0.00042,0.000147
aten::silu,"[[320,128]]","[""float""]",both,"[""operator_shape_matched""]","[""operator_shape_matched""]",1,1,30,30,36.641,36.993,0.000285,0.000449,0.000164
aten::silu,"[[352,128]]","[""float""]",both,"[""operator_shape_matched""]","[""operator_shape_matched""]",1,1,30,30,37.186,36.77,0.000289,0.000446,0.000157
aten::silu,"[[384,128]]","[""float""]",both,"[""operator_shape_matched""]","[""operator_shape_matched""]",1,1,30,30,37.793,37.823,0.000294,0.000459,0.000165
aten::silu,"[[416,128]]","[""float""]",both,"[""operator_shape_matched""]","[""operator_shape_matched""]",1,1,30,30,37.949,37.858,0.000295,0.000459,0.000164
aten::silu,"[[448,128]]","[""float""]",both,"[""operator_shape_matched""]","[""operator_shape_matched""]",1,1,30,30,38.69,38.016,0.000301,0.000461,0.00016
aten::silu,"[[480,128]]","[""float""]",both,"[""operator_shape_matched""]","[""operator_shape_matched""]",1,1,30,30,38.718,38.435,0.000301,0.000466,0.000165
aten::silu,"[[512,128]]","[""float""]",both,"[""operator_shape_matched""]","[""operator_shape_matched""]",1,1,30,30,38.528,38.654,0.0003,0.000469,0.000169
aten::silu,"[[544,128]]","[""float""]",both,"[""operator_shape_matched""]","[""operator_shape_matched""]",1,1,30,30,38.947,39.137,0.000303,0.000475,0.000172
aten::silu,"[[576,128]]","[""float""]",both,"[""operator_shape_matched""]","[""operator_shape_matched""]",1,1,30,30,39.777,39.678,0.00031,0.000481,0.000172
aten::silu,"[[608,128]]","[""float""]",both,"[""operator_shape_matched""]","[""operator_shape_matched""]",1,1,30,30,39.395,39.843,0.000307,0.000483,0.000177
aten::silu,"[[64,128]]","[""float""]",both,"[""operator_shape_matched""]","[""operator_shape_matched""]",1,1,30,30,34.846,35.328,0.000271,0.000429,0.000157
aten::silu,"[[640,128]]","[""float""]",both,"[""operator_shape_matched""]","[""operator_shape_matched""]",1,1,30,30,40.16,39.326,0.000313,0.000477,0.000165
aten::silu,"[[65536,128]]","[""float""]",both,"[""operator_shape_matched""]","[""operator_shape_matched""]",1,1,30,30,718.867,720.044,0.005595,0.008736,0.003142
aten::silu,"[[672,128]]","[""float""]",both,"[""operator_shape_matched""]","[""operator_shape_matched""]",1,1,30,30,40.478,41.025,0.000315,0.000498,0.000183
aten::silu,"[[704,128]]","[""float""]",both,"[""operator_shape_matched""]","[""operator_shape_matched""]",1,1,30,30,39.554,39.941,0.000308,0.000485,0.000177
aten::silu,"[[736,128]]","[""float""]",both,"[""operator_shape_matched""]","[""operator_shape_matched""]",1,1,30,30,39.878,39.778,0.00031,0.000483,0.000172
aten::silu,"[[768,128]]","[""float""]",both,"[""operator_shape_matched""]","[""operator_shape_matched""]",1,1,30,30,40.192,39.743,0.000313,0.000482,0.000169
aten::silu,"[[800,128]]","[""float""]",both,"[""operator_shape_matched""]","[""operator_shape_matched""]",1,1,30,30,40.608,39.777,0.000316,0.000483,0.000167
aten::silu,"[[81424,128]]","[""float""]",both,"[""operator_shape_matched""]","[""operator_shape_matched""]",1,1,30,30,879.476,879.441,0.006845,0.01067,0.003826
aten::silu,"[[832,128]]","[""float""]",both,"[""operator_shape_matched""]","[""operator_shape_matched""]",1,1,30,30,39.971,40.449,0.000311,0.000491,0.00018
aten::silu,"[[864,128]]","[""float""]",both,"[""operator_shape_matched""]","[""operator_shape_matched""]",1,1,30,30,39.904,40.426,0.000311,0.00049,0.00018
aten::silu,"[[896,128]]","[""float""]",both,"[""operator_shape_matched""]","[""operator_shape_matched""]",1,1,30,30,40.352,40.58,0.000314,0.000492,0.000178
aten::silu,"[[928,128]]","[""float""]",both,"[""operator_shape_matched""]","[""operator_shape_matched""]",1,1,30,30,40.382,40.351,0.000314,0.00049,0.000175
aten::silu,"[[96,128]]","[""float""]",both,"[""operator_shape_matched""]","[""operator_shape_matched""]",1,1,30,30,35.036,35.263,0.000273,0.000428,0.000155
aten::silu,"[[960,128]]","[""float""]",both,"[""operator_shape_matched""]","[""operator_shape_matched""]",1,1,30,30,40.353,40.454,0.000314,0.000491,0.000177
aten::silu,"[[992,128]]","[""float""]",both,"[""operator_shape_matched""]","[""operator_shape_matched""]",1,1,30,30,40.386,40.481,0.000314,0.000491,0.000177
aten::sub,"[[1,1,32],[1,1,32],[]]","[""c10::BFloat16"",""c10::BFloat16"",""Scalar""]",both,"[""operator_shape_matched""]","[""operator_shape_matched""]",1,1,10,10,10.305,10.144,8e-05,0.000123,4.3e-05
aten::sub,"[[1,8,32],[1,8,32],[]]","[""c10::BFloat16"",""c10::BFloat16"",""Scalar""]",both,"[""operator_shape_matched""]","[""operator_shape_matched""]",1,1,10,10,10.27,10.371,8e-05,0.000126,4.6e-05
aten::sub,"[[10,1,32],[10,1,32],[]]","[""c10::BFloat16"",""c10::BFloat16"",""Scalar""]",both,"[""operator_shape_matched""]","[""operator_shape_matched""]",1,1,10,10,10.497,10.526,8.2e-05,0.000128,4.6e-05
aten::sub,"[[10,8,32],[10,8,32],[]]","[""c10::BFloat16"",""c10::BFloat16"",""Scalar""]",both,"[""operator_shape_matched""]","[""operator_shape_matched""]",1,1,10,10,11.81,11.743,9.2e-05,0.000142,5.1e-05
aten::sub,"[[10],[10],[]]","[""int"",""int"",""Scalar""]",both,"[""operator_shape_matched""]","[""operator_shape_matched""]",1,1,6,6,5.984,6.05,4.7e-05,7.3e-05,2.7e-05
aten::sub,"[[10],[],[]]","[""int"",""long int"",""Scalar""]",both,"[""operator_shape_matched""]","[""operator_shape_matched""]",1,1,1,1,0.992,0.992,8e-06,1.2e-05,4e-06
aten::sub,"[[11],[11],[]]","[""int"",""int"",""Scalar""]",both,"[""operator_shape_matched""]","[""operator_shape_matched""]",1,1,6,6,6.143,6.209,4.8e-05,7.5e-05,2.8e-05
aten::sub,"[[11],[],[]]","[""int"",""long int"",""Scalar""]",both,"[""operator_shape_matched""]","[""operator_shape_matched""]",1,1,1,1,1.024,1.024,8e-06,1.2e-05,4e-06
aten::sub,"[[12,1,32],[12,1,32],[]]","[""c10::BFloat16"",""c10::BFloat16"",""Scalar""]",both,"[""operator_shape_matched""]","[""operator_shape_matched""]",1,1,10,10,10.559,10.561,8.2e-05,0.000128,4.6e-05
aten::sub,"[[12,8,32],[12,8,32],[]]","[""c10::BFloat16"",""c10::BFloat16"",""Scalar""]",both,"[""operator_shape_matched""]","[""operator_shape_matched""]",1,1,10,10,11.645,11.746,9.1e-05,0.000143,5.2e-05
aten::sub,"[[12],[12],[]]","[""int"",""int"",""Scalar""]",both,"[""operator_shape_matched""]","[""operator_shape_matched""]",1,1,6,6,6.016,5.984,4.7e-05,7.3e-05,2.6e-05
aten::sub,"[[12],[],[]]","[""int"",""long int"",""Scalar""]",both,"[""operator_shape_matched""]","[""operator_shape_matched""]",1,1,1,1,0.992,1.024,8e-06,1.2e-05,5e-06
aten::sub,"[[13],[13],[]]","[""int"",""int"",""Scalar""]",both,"[""operator_shape_matched""]","[""operator_shape_matched""]",1,1,6,6,6.304,6.21,4.9e-05,7.5e-05,2.6e-05
aten::sub,"[[13],[],[]]","[""int"",""long int"",""Scalar""]",both,"[""operator_shape_matched""]","[""operator_shape_matched""]",1,1,1,1,1.024,0.992,8e-06,1.2e-05,4e-06
aten::sub,"[[14,1,32],[14,1,32],[]]","[""c10::BFloat16"",""c10::BFloat16"",""Scalar""]",both,"[""operator_shape_matched""]","[""operator_shape_matched""]",1,1,10,10,10.497,10.498,8.2e-05,0.000127,4.6e-05
aten::sub,"[[14,8,32],[14,8,32],[]]","[""c10::BFloat16"",""c10::BFloat16"",""Scalar""]",both,"[""operator_shape_matched""]","[""operator_shape_matched""]",1,1,10,10,11.808,11.935,9.2e-05,0.000145,5.3e-05
aten::sub,"[[14],[14],[]]","[""int"",""int"",""Scalar""]",both,"[""operator_shape_matched""]","[""operator_shape_matched""]",1,1,6,6,5.952,6.046,4.6e-05,7.3e-05,2.7e-05
aten::sub,"[[14],[],[]]","[""int"",""long int"",""Scalar""]",both,"[""operator_shape_matched""]","[""operator_shape_matched""]",1,1,1,1,1.025,1.024,8e-06,1.2e-05,4e-06
aten::sub,"[[15],[15],[]]","[""int"",""int"",""Scalar""]",both,"[""operator_shape_matched""]","[""operator_shape_matched""]",1,1,6,6,6.113,6.144,4.8e-05,7.5e-05,2.7e-05
aten::sub,"[[15],[],[]]","[""int"",""long int"",""Scalar""]",both,"[""operator_shape_matched""]","[""operator_shape_matched""]",1,1,1,1,1.216,1.024,9e-06,1.2e-05,3e-06
aten::sub,"[[16,1,32],[16,1,32],[]]","[""c10::BFloat16"",""c10::BFloat16"",""Scalar""]",both,"[""operator_shape_matched""]","[""operator_shape_matched""]",1,1,10,10,10.56,10.526,8.2e-05,0.000128,4.6e-05
aten::sub,"[[16,8,32],[16,8,32],[]]","[""c10::BFloat16"",""c10::BFloat16"",""Scalar""]",both,"[""operator_shape_matched""]","[""operator_shape_matched""]",1,1,10,10,11.006,10.944,8.6e-05,0.000133,4.7e-05
aten::sub,"[[16],[16],[]]","[""int"",""int"",""Scalar""]",both,"[""operator_shape_matched""]","[""operator_shape_matched""]",1,1,6,6,6.049,6.049,4.7e-05,7.3e-05,2.6e-05
aten::sub,"[[16],[],[]]","[""int"",""long int"",""Scalar""]",both,"[""operator_shape_matched""]","[""operator_shape_matched""]",1,1,1,1,0.992,1.024,8e-06,1.2e-05,5e-06
aten::sub,"[[17],[17],[]]","[""int"",""int"",""Scalar""]",both,"[""operator_shape_matched""]","[""operator_shape_matched""]",1,1,6,6,6.144,6.177,4.8e-05,7.5e-05,2.7e-05
aten::sub,"[[17],[],[]]","[""int"",""long int"",""Scalar""]",both,"[""operator_shape_matched""]","[""operator_shape_matched""]",1,1,1,1,1.024,1.024,8e-06,1.2e-05,4e-06
aten::sub,"[[18,1,32],[18,1,32],[]]","[""c10::BFloat16"",""c10::BFloat16"",""Scalar""]",both,"[""operator_shape_matched""]","[""operator_shape_matched""]",1,1,10,10,10.528,10.529,8.2e-05,0.000128,4.6e-05
aten::sub,"[[18,8,32],[18,8,32],[]]","[""c10::BFloat16"",""c10::BFloat16"",""Scalar""]",both,"[""operator_shape_matched""]","[""operator_shape_matched""]",1,1,10,10,10.783,10.911,8.4e-05,0.000132,4.8e-05
aten::sub,"[[18],[18],[]]","[""int"",""int"",""Scalar""]",both,"[""operator_shape_matched""]","[""operator_shape_matched""]",1,1,6,6,6.015,6.146,4.7e-05,7.5e-05,2.8e-05
aten::sub,"[[18],[],[]]","[""int"",""long int"",""Scalar""]",both,"[""operator_shape_matched""]","[""operator_shape_matched""]",1,1,1,1,1.024,0.992,8e-06,1.2e-05,4e-06
aten::sub,"[[19],[19],[]]","[""int"",""int"",""Scalar""]",both,"[""operator_shape_matched""]","[""operator_shape_matched""]",1,1,6,6,6.112,6.304,4.8e-05,7.6e-05,2.9e-05
aten::sub,"[[19],[],[]]","[""int"",""long int"",""Scalar""]",both,"[""operator_shape_matched""]","[""operator_shape_matched""]",1,1,1,1,0.992,0.992,8e-06,1.2e-05,4e-06
aten::sub,"[[1],[1],[]]","[""int"",""int"",""Scalar""]",both,"[""operator_shape_matched""]","[""operator_shape_matched""]",1,1,12,12,12.16,12.159,9.5e-05,0.000148,5.3e-05
aten::sub,"[[1],[],[]]","[""int"",""long int"",""Scalar""]",both,"[""operator_shape_matched""]","[""operator_shape_matched""]",1,1,2,2,2.015,2.047,1.6e-05,2.5e-05,9e-06
aten::sub,"[[2,1,32],[2,1,32],[]]","[""c10::BFloat16"",""c10::BFloat16"",""Scalar""]",both,"[""operator_shape_matched""]","[""operator_shape_matched""]",1,1,10,10,10.467,10.307,8.1e-05,0.000125,4.4e-05
aten::sub,"[[2,8,32],[2,8,32],[]]","[""c10::BFloat16"",""c10::BFloat16"",""Scalar""]",both,"[""operator_shape_matched""]","[""operator_shape_matched""]",1,1,10,10,10.752,10.558,8.4e-05,0.000128,4.4e-05
aten::sub,"[[20,1,32],[20,1,32],[]]","[""c10::BFloat16"",""c10::BFloat16"",""Scalar""]",both,"[""operator_shape_matched""]","[""operator_shape_matched""]",1,1,10,10,10.463,10.53,8.1e-05,0.000128,4.6e-05
aten::sub,"[[20,8,32],[20,8,32],[]]","[""c10::BFloat16"",""c10::BFloat16"",""Scalar""]",both,"[""operator_shape_matched""]","[""operator_shape_matched""]",1,1,10,10,11.748,12.383,9.1e-05,0.00015,5.9e-05
aten::sub,"[[20],[20],[]]","[""int"",""int"",""Scalar""]",both,"[""operator_shape_matched""]","[""operator_shape_matched""]",1,1,6,6,6.016,6.016,4.7e-05,7.3e-05,2.6e-05
aten::sub,"[[20],[],[]]","[""int"",""long int"",""Scalar""]",both,"[""operator_shape_matched""]","[""operator_shape_matched""]",1,1,1,1,0.992,1.024,8e-06,1.2e-05,5e-06
aten::sub,"[[21],[21],[]]","[""int"",""int"",""Scalar""]",both,"[""operator_shape_matched""]","[""operator_shape_matched""]",1,1,6,6,6.304,6.304,4.9e-05,7.6e-05,2.7e-05
aten::sub,"[[21],[],[]]","[""int"",""long int"",""Scalar""]",both,"[""operator_shape_matched""]","[""operator_shape_matched""]",1,1,1,1,1.024,0.992,8e-06,1.2e-05,4e-06
aten::sub,"[[22,1,32],[22,1,32],[]]","[""c10::BFloat16"",""c10::BFloat16"",""Scalar""]",both,"[""operator_shape_matched""]","[""operator_shape_matched""]",1,1,10,10,10.559,10.56,8.2e-05,0.000128,4.6e-05
aten::sub,"[[22,8,32],[22,8,32],[]]","[""c10::BFloat16"",""c10::BFloat16"",""Scalar""]",both,"[""operator_shape_matched""]","[""operator_shape_matched""]",1,1,10,10,11.779,11.872,9.2e-05,0.000144,5.2e-05
aten::sub,"[[22],[22],[]]","[""int"",""int"",""Scalar""]",both,"[""operator_shape_matched""]","[""operator_shape_matched""]",1,1,6,6,5.983,6.05,4.7e-05,7.3e-05,2.7e-05
aten::sub,"[[22],[],[]]","[""int"",""long int"",""Scalar""]",both,"[""operator_shape_matched""]","[""operator_shape_matched""]",1,1,1,1,0.992,0.992,8e-06,1.2e-05,4e-06
aten::sub,"[[23],[23],[]]","[""int"",""int"",""Scalar""]",both,"[""operator_shape_matched""]","[""operator_shape_matched""]",1,1,6,6,6.175,6.176,4.8e-05,7.5e-05,2.7e-05
aten::sub,"[[23],[],[]]","[""int"",""long int"",""Scalar""]",both,"[""operator_shape_matched""]","[""operator_shape_matched""]",1,1,1,1,1.024,0.991,8e-06,1.2e-05,4e-06
aten::sub,"[[24,1,32],[24,1,32],[]]","[""c10::BFloat16"",""c10::BFloat16"",""Scalar""]",both,"[""operator_shape_matched""]","[""operator_shape_matched""]",1,1,10,10,10.561,10.556,8.2e-05,0.000128,4.6e-05
aten::sub,"[[24,8,32],[24,8,32],[]]","[""c10::BFloat16"",""c10::BFloat16"",""Scalar""]",both,"[""operator_shape_matched""]","[""operator_shape_matched""]",1,1,10,10,11.714,11.87,9.1e-05,0.000144,5.3e-05
aten::sub,"[[24],[24],[]]","[""int"",""int"",""Scalar""]",both,"[""operator_shape_matched""]","[""operator_shape_matched""]",1,1,6,6,6.017,6.078,4.7e-05,7.4e-05,2.7e-05
aten::sub,"[[24],[],[]]","[""int"",""long int"",""Scalar""]",both,"[""operator_shape_matched""]","[""operator_shape_matched""]",1,1,1,1,1.024,1.024,8e-06,1.2e-05,4e-06
aten::sub,"[[25],[25],[]]","[""int"",""int"",""Scalar""]",both,"[""operator_shape_matched""]","[""operator_shape_matched""]",1,1,6,6,6.272,6.207,4.9e-05,7.5e-05,2.6e-05
aten::sub,"[[25],[],[]]","[""int"",""long int"",""Scalar""]",both,"[""operator_shape_matched""]","[""operator_shape_matched""]",1,1,1,1,1.023,1.024,8e-06,1.2e-05,4e-06
aten::sub,"[[26,1,32],[26,1,32],[]]","[""c10::BFloat16"",""c10::BFloat16"",""Scalar""]",both,"[""operator_shape_matched""]","[""operator_shape_matched""]",1,1,10,10,10.558,10.56,8.2e-05,0.000128,4.6e-05
aten::sub,"[[26,8,32],[26,8,32],[]]","[""c10::BFloat16"",""c10::BFloat16"",""Scalar""]",both,"[""operator_shape_matched""]","[""operator_shape_matched""]",1,1,10,10,10.976,11.104,8.5e-05,0.000135,4.9e-05
aten::sub,"[[26],[26],[]]","[""int"",""int"",""Scalar""]",both,"[""operator_shape_matched""]","[""operator_shape_matched""]",1,1,6,6,6.048,5.983,4.7e-05,7.3e-05,2.6e-05
aten::sub,"[[26],[],[]]","[""int"",""long int"",""Scalar""]",both,"[""operator_shape_matched""]","[""operator_shape_matched""]",1,1,1,1,1.024,0.992,8e-06,1.2e-05,4e-06
aten::sub,"[[27],[27],[]]","[""int"",""int"",""Scalar""]",both,"[""operator_shape_matched""]","[""operator_shape_matched""]",1,1,6,6,6.145,6.144,4.8e-05,7.5e-05,2.7e-05
aten::sub,"[[27],[],[]]","[""int"",""long int"",""Scalar""]",both,"[""operator_shape_matched""]","[""operator_shape_matched""]",1,1,1,1,1.024,1.024,8e-06,1.2e-05,4e-06
aten::sub,"[[28,1,32],[28,1,32],[]]","[""c10::BFloat16"",""c10::BFloat16"",""Scalar""]",both,"[""operator_shape_matched""]","[""operator_shape_matched""]",1,1,10,10,10.531,10.463,8.2e-05,0.000127,4.5e-05
aten::sub,"[[28,8,32],[28,8,32],[]]","[""c10::BFloat16"",""c10::BFloat16"",""Scalar""]",both,"[""operator_shape_matched""]","[""operator_shape_matched""]",1,1,10,10,12.16,11.838,9.5e-05,0.000144,4.9e-05
aten::sub,"[[28],[28],[]]","[""int"",""int"",""Scalar""]",both,"[""operator_shape_matched""]","[""operator_shape_matched""]",1,1,6,6,6.015,6.016,4.7e-05,7.3e-05,2.6e-05
aten::sub,"[[28],[],[]]","[""int"",""long int"",""Scalar""]",both,"[""operator_shape_matched""]","[""operator_shape_matched""]",1,1,1,1,1.025,1.024,8e-06,1.2e-05,4e-06
aten::sub,"[[29],[29],[]]","[""int"",""int"",""Scalar""]",both,"[""operator_shape_matched""]","[""operator_shape_matched""]",1,1,6,6,6.209,6.241,4.8e-05,7.6e-05,2.7e-05
aten::sub,"[[29],[],[]]","[""int"",""long int"",""Scalar""]",both,"[""operator_shape_matched""]","[""operator_shape_matched""]",1,1,1,1,0.992,1.024,8e-06,1.2e-05,5e-06
aten::sub,"[[2],[2],[]]","[""int"",""int"",""Scalar""]",both,"[""operator_shape_matched""]","[""operator_shape_matched""]",1,1,6,6,6.016,6.046,4.7e-05,7.3e-05,2.7e-05
aten::sub,"[[2],[],[]]","[""int"",""long int"",""Scalar""]",both,"[""operator_shape_matched""]","[""operator_shape_matched""]",1,1,1,1,0.992,0.993,8e-06,1.2e-05,4e-06
aten::sub,"[[30,1,32],[30,1,32],[]]","[""c10::BFloat16"",""c10::BFloat16"",""Scalar""]",both,"[""operator_shape_matched""]","[""operator_shape_matched""]",1,1,10,10,11.263,11.167,8.8e-05,0.000135,4.8e-05
aten::sub,"[[30,8,32],[30,8,32],[]]","[""c10::BFloat16"",""c10::BFloat16"",""Scalar""]",both,"[""operator_shape_matched""]","[""operator_shape_matched""]",1,1,10,10,11.968,11.681,9.3e-05,0.000142,4.9e-05
aten::sub,"[[30],[30],[]]","[""int"",""int"",""Scalar""]",both,"[""operator_shape_matched""]","[""operator_shape_matched""]",1,1,6,6,6.273,6.049,4.9e-05,7.3e-05,2.5e-05
aten::sub,"[[30],[],[]]","[""int"",""long int"",""Scalar""]",both,"[""operator_shape_matched""]","[""operator_shape_matched""]",1,1,1,1,0.992,1.023,8e-06,1.2e-05,5e-06
aten::sub,"[[31],[31],[]]","[""int"",""int"",""Scalar""]",both,"[""operator_shape_matched""]","[""operator_shape_matched""]",1,1,6,6,6.176,6.209,4.8e-05,7.5e-05,2.7e-05
aten::sub,"[[31],[],[]]","[""int"",""long int"",""Scalar""]",both,"[""operator_shape_matched""]","[""operator_shape_matched""]",1,1,1,1,0.992,1.024,8e-06,1.2e-05,5e-06
aten::sub,"[[32,1,32],[32,1,32],[]]","[""c10::BFloat16"",""c10::BFloat16"",""Scalar""]",both,"[""operator_shape_matched""]","[""operator_shape_matched""]",1,1,10,10,10.433,10.4,8.1e-05,0.000126,4.5e-05
aten::sub,"[[32,8,32],[32,8,32],[]]","[""c10::BFloat16"",""c10::BFloat16"",""Scalar""]",both,"[""operator_shape_matched""]","[""operator_shape_matched""]",1,1,10,10,11.649,11.809,9.1e-05,0.000143,5.3e-05
aten::sub,"[[32],[32],[]]","[""int"",""int"",""Scalar""]",both,"[""operator_shape_matched""]","[""operator_shape_matched""]",1,1,6,6,6.08,6.079,4.7e-05,7.4e-05,2.6e-05
aten::sub,"[[32],[],[]]","[""int"",""long int"",""Scalar""]",both,"[""operator_shape_matched""]","[""operator_shape_matched""]",1,1,1,1,0.992,1.056,8e-06,1.3e-05,5e-06
aten::sub,"[[33],[33],[]]","[""int"",""int"",""Scalar""]",both,"[""operator_shape_matched""]","[""operator_shape_matched""]",1,1,6,6,6.177,6.175,4.8e-05,7.5e-05,2.7e-05
aten::sub,"[[33],[],[]]","[""int"",""long int"",""Scalar""]",both,"[""operator_shape_matched""]","[""operator_shape_matched""]",1,1,1,1,1.024,1.023,8e-06,1.2e-05,4e-06
aten::sub,"[[34,1,32],[34,1,32],[]]","[""c10::BFloat16"",""c10::BFloat16"",""Scalar""]",both,"[""operator_shape_matched""]","[""operator_shape_matched""]",1,1,10,10,10.719,10.751,8.3e-05,0.00013,4.7e-05
aten::sub,"[[34,8,32],[34,8,32],[]]","[""c10::BFloat16"",""c10::BFloat16"",""Scalar""]",both,"[""operator_shape_matched""]","[""operator_shape_matched""]",1,1,10,10,11.806,12.097,9.2e-05,0.000147,5.5e-05
aten::sub,"[[34],[34],[]]","[""int"",""int"",""Scalar""]",both,"[""operator_shape_matched""]","[""operator_shape_matched""]",1,1,6,6,5.984,5.983,4.7e-05,7.3e-05,2.6e-05
aten::sub,"[[34],[],[]]","[""int"",""long int"",""Scalar""]",both,"[""operator_shape_matched""]","[""operator_shape_matched""]",1,1,1,1,1.025,0.96,8e-06,1.2e-05,4e-06
aten::sub,"[[35],[35],[]]","[""int"",""int"",""Scalar""]",both,"[""operator_shape_matched""]","[""operator_shape_matched""]",1,1,6,6,6.304,6.304,4.9e-05,7.6e-05,2.7e-05
aten::sub,"[[35],[],[]]","[""int"",""long int"",""Scalar""]",both,"[""operator_shape_matched""]","[""operator_shape_matched""]",1,1,1,1,0.992,1.024,8e-06,1.2e-05,5e-06
aten::sub,"[[36,1,32],[36,1,32],[]]","[""c10::BFloat16"",""c10::BFloat16"",""Scalar""]",both,"[""operator_shape_matched""]","[""operator_shape_matched""]",1,1,10,10,10.882,10.815,8.5e-05,0.000131,4.7e-05
aten::sub,"[[36,8,32],[36,8,32],[]]","[""c10::BFloat16"",""c10::BFloat16"",""Scalar""]",both,"[""operator_shape_matched""]","[""operator_shape_matched""]",1,1,10,10,11.008,10.879,8.6e-05,0.000132,4.6e-05
aten::sub,"[[36],[36],[]]","[""int"",""int"",""Scalar""]",both,"[""operator_shape_matched""]","[""operator_shape_matched""]",1,1,6,6,6.017,5.952,4.7e-05,7.2e-05,2.5e-05
aten::sub,"[[36],[],[]]","[""int"",""long int"",""Scalar""]",both,"[""operator_shape_matched""]","[""operator_shape_matched""]",1,1,1,1,1.056,0.992,8e-06,1.2e-05,4e-06
aten::sub,"[[37],[37],[]]","[""int"",""int"",""Scalar""]",both,"[""operator_shape_matched""]","[""operator_shape_matched""]",1,1,6,6,6.271,6.176,4.9e-05,7.5e-05,2.6e-05
aten::sub,"[[37],[],[]]","[""int"",""long int"",""Scalar""]",both,"[""operator_shape_matched""]","[""operator_shape_matched""]",1,1,1,1,0.991,1.024,8e-06,1.2e-05,5e-06
aten::sub,"[[38,1,32],[38,1,32],[]]","[""c10::BFloat16"",""c10::BFloat16"",""Scalar""]",both,"[""operator_shape_matched""]","[""operator_shape_matched""]",1,1,10,10,11.712,11.742,9.1e-05,0.000142,5.1e-05
aten::sub,"[[38,8,32],[38,8,32],[]]","[""c10::BFloat16"",""c10::BFloat16"",""Scalar""]",both,"[""operator_shape_matched""]","[""operator_shape_matched""]",1,1,10,10,11.743,11.712,9.1e-05,0.000142,5.1e-05
aten::sub,"[[38],[38],[]]","[""int"",""int"",""Scalar""]",both,"[""operator_shape_matched""]","[""operator_shape_matched""]",1,1,6,6,5.952,5.984,4.6e-05,7.3e-05,2.6e-05
aten::sub,"[[38],[],[]]","[""int"",""long int"",""Scalar""]",both,"[""operator_shape_matched""]","[""operator_shape_matched""]",1,1,1,1,0.992,0.992,8e-06,1.2e-05,4e-06
aten::sub,"[[39],[39],[]]","[""int"",""int"",""Scalar""]",both,"[""operator_shape_matched""]","[""operator_shape_matched""]",1,1,6,6,6.112,6.142,4.8e-05,7.5e-05,2.7e-05
aten::sub,"[[39],[],[]]","[""int"",""long int"",""Scalar""]",both,"[""operator_shape_matched""]","[""operator_shape_matched""]",1,1,1,1,0.992,0.992,8e-06,1.2e-05,4e-06
aten::sub,"[[3],[3],[]]","[""int"",""int"",""Scalar""]",both,"[""operator_shape_matched""]","[""operator_shape_matched""]",1,1,6,6,6.176,6.431,4.8e-05,7.8e-05,3e-05
aten::sub,"[[3],[],[]]","[""int"",""long int"",""Scalar""]",both,"[""operator_shape_matched""]","[""operator_shape_matched""]",1,1,10,10,10.047,9.953,7.8e-05,0.000121,4.3e-05
aten::sub,"[[4,1,32],[4,1,32],[]]","[""c10::BFloat16"",""c10::BFloat16"",""Scalar""]",both,"[""operator_shape_matched""]","[""operator_shape_matched""]",1,1,10,10,10.684,10.24,8.3e-05,0.000124,4.1e-05
aten::sub,"[[4,8,32],[4,8,32],[]]","[""c10::BFloat16"",""c10::BFloat16"",""Scalar""]",both,"[""operator_shape_matched""]","[""operator_shape_matched""]",1,1,10,10,10.947,11.007,8.5e-05,0.000134,4.8e-05
aten::sub,"[[40,1,32],[40,1,32],[]]","[""c10::BFloat16"",""c10::BFloat16"",""Scalar""]",both,"[""operator_shape_matched""]","[""operator_shape_matched""]",1,1,10,10,11.2,11.201,8.7e-05,0.000136,4.9e-05
aten::sub,"[[40,8,32],[40,8,32],[]]","[""c10::BFloat16"",""c10::BFloat16"",""Scalar""]",both,"[""operator_shape_matched""]","[""operator_shape_matched""]",1,1,10,10,11.806,11.902,9.2e-05,0.000144,5.3e-05
aten::sub,"[[4096,1,32],[4096,1,32],[]]","[""c10::BFloat16"",""c10::BFloat16"",""Scalar""]",both,"[""operator_shape_matched""]","[""operator_shape_matched""]",1,1,10,10,13.439,12.897,0.000105,0.000156,5.2e-05
aten::sub,"[[4096,8,32],[4096,8,32],[]]","[""c10::BFloat16"",""c10::BFloat16"",""Scalar""]",both,"[""operator_shape_matched""]","[""operator_shape_matched""]",1,1,10,10,24.256,24.223,0.000189,0.000294,0.000105
aten::sub,"[[40],[40],[]]","[""int"",""int"",""Scalar""]",both,"[""operator_shape_matched""]","[""operator_shape_matched""]",1,1,6,6,5.953,6.048,4.6e-05,7.3e-05,2.7e-05
aten::sub,"[[40],[],[]]","[""int"",""long int"",""Scalar""]",both,"[""operator_shape_matched""]","[""operator_shape_matched""]",1,1,1,1,0.992,0.992,8e-06,1.2e-05,4e-06
aten::sub,"[[41],[41],[]]","[""int"",""int"",""Scalar""]",both,"[""operator_shape_matched""]","[""operator_shape_matched""]",1,1,6,6,6.271,6.177,4.9e-05,7.5e-05,2.6e-05
aten::sub,"[[41],[],[]]","[""int"",""long int"",""Scalar""]",both,"[""operator_shape_matched""]","[""operator_shape_matched""]",1,1,1,1,1.024,0.992,8e-06,1.2e-05,4e-06
aten::sub,"[[42,1,32],[42,1,32],[]]","[""c10::BFloat16"",""c10::BFloat16"",""Scalar""]",both,"[""operator_shape_matched""]","[""operator_shape_matched""]",1,1,10,10,11.328,11.457,8.8e-05,0.000139,5.1e-05
aten::sub,"[[42,8,32],[42,8,32],[]]","[""c10::BFloat16"",""c10::BFloat16"",""Scalar""]",both,"[""operator_shape_matched""]","[""operator_shape_matched""]",1,1,10,10,11.776,12.001,9.2e-05,0.000146,5.4e-05
aten::sub,"[[42],[42],[]]","[""int"",""int"",""Scalar""]",both,"[""operator_shape_matched""]","[""operator_shape_matched""]",1,1,6,6,6.048,6.112,4.7e-05,7.4e-05,2.7e-05
aten::sub,"[[42],[],[]]","[""int"",""long int"",""Scalar""]",both,"[""operator_shape_matched""]","[""operator_shape_matched""]",1,1,1,1,0.992,0.992,8e-06,1.2e-05,4e-06
aten::sub,"[[43],[43],[]]","[""int"",""int"",""Scalar""]",both,"[""operator_shape_matched""]","[""operator_shape_matched""]",1,1,6,6,6.079,6.174,4.7e-05,7.5e-05,2.8e-05
aten::sub,"[[43],[],[]]","[""int"",""long int"",""Scalar""]",both,"[""operator_shape_matched""]","[""operator_shape_matched""]",1,1,1,1,1.088,0.993,8e-06,1.2e-05,4e-06
aten::sub,"[[44,1,32],[44,1,32],[]]","[""c10::BFloat16"",""c10::BFloat16"",""Scalar""]",both,"[""operator_shape_matched""]","[""operator_shape_matched""]",1,1,10,10,11.075,11.104,8.6e-05,0.000135,4.9e-05
aten::sub,"[[44,8,32],[44,8,32],[]]","[""c10::BFloat16"",""c10::BFloat16"",""Scalar""]",both,"[""operator_shape_matched""]","[""operator_shape_matched""]",1,1,10,10,11.712,11.744,9.1e-05,0.000142,5.1e-05
aten::sub,"[[44],[44],[]]","[""int"",""int"",""Scalar""]",both,"[""operator_shape_matched""]","[""operator_shape_matched""]",1,1,6,6,5.984,5.954,4.7e-05,7.2e-05,2.6e-05
aten::sub,"[[44],[],[]]","[""int"",""long int"",""Scalar""]",both,"[""operator_shape_matched""]","[""operator_shape_matched""]",1,1,1,1,1.024,0.992,8e-06,1.2e-05,4e-06
aten::sub,"[[45],[45],[]]","[""int"",""int"",""Scalar""]",both,"[""operator_shape_matched""]","[""operator_shape_matched""]",1,1,6,6,6.145,6.272,4.8e-05,7.6e-05,2.8e-05
aten::sub,"[[45],[],[]]","[""int"",""long int"",""Scalar""]",both,"[""operator_shape_matched""]","[""operator_shape_matched""]",1,1,1,1,0.992,0.992,8e-06,1.2e-05,4e-06
aten::sub,"[[46,1,32],[46,1,32],[]]","[""c10::BFloat16"",""c10::BFloat16"",""Scalar""]",both,"[""operator_shape_matched""]","[""operator_shape_matched""]",1,1,10,10,10.816,10.816,8.4e-05,0.000131,4.7e-05
aten::sub,"[[46,8,32],[46,8,32],[]]","[""c10::BFloat16"",""c10::BFloat16"",""Scalar""]",both,"[""operator_shape_matched""]","[""operator_shape_matched""]",1,1,10,10,11.742,11.714,9.1e-05,0.000142,5.1e-05
aten::sub,"[[46],[46],[]]","[""int"",""int"",""Scalar""]",both,"[""operator_shape_matched""]","[""operator_shape_matched""]",1,1,6,6,5.985,6.017,4.7e-05,7.3e-05,2.6e-05
aten::sub,"[[46],[],[]]","[""int"",""long int"",""Scalar""]",both,"[""operator_shape_matched""]","[""operator_shape_matched""]",1,1,1,1,0.992,1.024,8e-06,1.2e-05,5e-06
aten::sub,"[[47],[47],[]]","[""int"",""int"",""Scalar""]",both,"[""operator_shape_matched""]","[""operator_shape_matched""]",1,1,6,6,6.112,6.144,4.8e-05,7.5e-05,2.7e-05
aten::sub,"[[47],[],[]]","[""int"",""long int"",""Scalar""]",both,"[""operator_shape_matched""]","[""operator_shape_matched""]",1,1,1,1,1.024,0.992,8e-06,1.2e-05,4e-06
aten::sub,"[[48,1,32],[48,1,32],[]]","[""c10::BFloat16"",""c10::BFloat16"",""Scalar""]",both,"[""operator_shape_matched""]","[""operator_shape_matched""]",1,1,10,10,11.263,11.202,8.8e-05,0.000136,4.8e-05
aten::sub,"[[48,8,32],[48,8,32],[]]","[""c10::BFloat16"",""c10::BFloat16"",""Scalar""]",both,"[""operator_shape_matched""]","[""operator_shape_matched""]",1,1,10,10,11.136,11.232,8.7e-05,0.000136,5e-05
aten::sub,"[[48],[48],[]]","[""int"",""int"",""Scalar""]",both,"[""operator_shape_matched""]","[""operator_shape_matched""]",1,1,6,6,5.952,6.208,4.6e-05,7.5e-05,2.9e-05
aten::sub,"[[48],[],[]]","[""int"",""long int"",""Scalar""]",both,"[""operator_shape_matched""]","[""operator_shape_matched""]",1,1,1,1,0.992,0.991,8e-06,1.2e-05,4e-06
aten::sub,"[[49],[49],[]]","[""int"",""int"",""Scalar""]",both,"[""operator_shape_matched""]","[""operator_shape_matched""]",1,1,6,6,6.303,6.146,4.9e-05,7.5e-05,2.6e-05
aten::sub,"[[49],[],[]]","[""int"",""long int"",""Scalar""]",both,"[""operator_shape_matched""]","[""operator_shape_matched""]",1,1,1,1,1.024,1.024,8e-06,1.2e-05,4e-06
aten::sub,"[[4],[4],[]]","[""int"",""int"",""Scalar""]",both,"[""operator_shape_matched""]","[""operator_shape_matched""]",1,1,6,6,5.985,6.049,4.7e-05,7.3e-05,2.7e-05
aten::sub,"[[4],[],[]]","[""int"",""long int"",""Scalar""]",both,"[""operator_shape_matched""]","[""operator_shape_matched""]",1,1,88,88,87.846,87.968,0.000684,0.001067,0.000384
aten::sub,"[[50,1,32],[50,1,32],[]]","[""c10::BFloat16"",""c10::BFloat16"",""Scalar""]",both,"[""operator_shape_matched""]","[""operator_shape_matched""]",1,1,10,10,11.423,11.361,8.9e-05,0.000138,4.9e-05
aten::sub,"[[50,8,32],[50,8,32],[]]","[""c10::BFloat16"",""c10::BFloat16"",""Scalar""]",both,"[""operator_shape_matched""]","[""operator_shape_matched""]",1,1,10,10,11.33,11.073,8.8e-05,0.000134,4.6e-05
aten::sub,"[[5089,1,32],[5089,1,32],[]]","[""c10::BFloat16"",""c10::BFloat16"",""Scalar""]",both,"[""operator_shape_matched""]","[""operator_shape_matched""]",1,1,10,10,12.897,13.122,0.0001,0.000159,5.9e-05
aten::sub,"[[5089,8,32],[5089,8,32],[]]","[""c10::BFloat16"",""c10::BFloat16"",""Scalar""]",both,"[""operator_shape_matched""]","[""operator_shape_matched""]",1,1,10,10,27.779,27.488,0.000216,0.000334,0.000117
aten::sub,"[[50],[50],[]]","[""int"",""int"",""Scalar""]",both,"[""operator_shape_matched""]","[""operator_shape_matched""]",1,1,6,6,6.21,6.016,4.8e-05,7.3e-05,2.5e-05
aten::sub,"[[50],[],[]]","[""int"",""long int"",""Scalar""]",both,"[""operator_shape_matched""]","[""operator_shape_matched""]",1,1,1,1,1.024,1.023,8e-06,1.2e-05,4e-06
aten::sub,"[[51],[51],[]]","[""int"",""int"",""Scalar""]",both,"[""operator_shape_matched""]","[""operator_shape_matched""]",1,1,6,6,6.142,6.145,4.8e-05,7.5e-05,2.7e-05
aten::sub,"[[51],[],[]]","[""int"",""long int"",""Scalar""]",both,"[""operator_shape_matched""]","[""operator_shape_matched""]",1,1,1,1,0.992,1.023,8e-06,1.2e-05,5e-06
aten::sub,"[[52,1,32],[52,1,32],[]]","[""c10::BFloat16"",""c10::BFloat16"",""Scalar""]",both,"[""operator_shape_matched""]","[""operator_shape_matched""]",1,1,10,10,10.433,10.432,8.1e-05,0.000127,4.5e-05
aten::sub,"[[52,8,32],[52,8,32],[]]","[""c10::BFloat16"",""c10::BFloat16"",""Scalar""]",both,"[""operator_shape_matched""]","[""operator_shape_matched""]",1,1,10,10,11.201,11.264,8.7e-05,0.000137,4.9e-05
aten::sub,"[[52],[52],[]]","[""int"",""int"",""Scalar""]",both,"[""operator_shape_matched""]","[""operator_shape_matched""]",1,1,6,6,6.048,5.984,4.7e-05,7.3e-05,2.6e-05
aten::sub,"[[52],[],[]]","[""int"",""long int"",""Scalar""]",both,"[""operator_shape_matched""]","[""operator_shape_matched""]",1,1,1,1,0.992,0.992,8e-06,1.2e-05,4e-06
aten::sub,"[[53],[53],[]]","[""int"",""int"",""Scalar""]",both,"[""operator_shape_matched""]","[""operator_shape_matched""]",1,1,6,6,6.176,6.24,4.8e-05,7.6e-05,2.8e-05
aten::sub,"[[53],[],[]]","[""int"",""long int"",""Scalar""]",both,"[""operator_shape_matched""]","[""operator_shape_matched""]",1,1,1,1,0.992,1.024,8e-06,1.2e-05,5e-06
aten::sub,"[[54,1,32],[54,1,32],[]]","[""c10::BFloat16"",""c10::BFloat16"",""Scalar""]",both,"[""operator_shape_matched""]","[""operator_shape_matched""]",1,1,10,10,11.2,11.201,8.7e-05,0.000136,4.9e-05
aten::sub,"[[54,8,32],[54,8,32],[]]","[""c10::BFloat16"",""c10::BFloat16"",""Scalar""]",both,"[""operator_shape_matched""]","[""operator_shape_matched""]",1,1,10,10,10.944,11.072,8.5e-05,0.000134,4.9e-05
aten::sub,"[[54],[54],[]]","[""int"",""int"",""Scalar""]",both,"[""operator_shape_matched""]","[""operator_shape_matched""]",1,1,6,6,5.984,6.017,4.7e-05,7.3e-05,2.6e-05
aten::sub,"[[54],[],[]]","[""int"",""long int"",""Scalar""]",both,"[""operator_shape_matched""]","[""operator_shape_matched""]",1,1,1,1,1.023,1.024,8e-06,1.2e-05,4e-06
aten::sub,"[[55],[55],[]]","[""int"",""int"",""Scalar""]",both,"[""operator_shape_matched""]","[""operator_shape_matched""]",1,1,6,6,6.368,6.208,5e-05,7.5e-05,2.6e-05
aten::sub,"[[55],[],[]]","[""int"",""long int"",""Scalar""]",both,"[""operator_shape_matched""]","[""operator_shape_matched""]",1,1,1,1,1.024,1.024,8e-06,1.2e-05,4e-06
aten::sub,"[[56,1,32],[56,1,32],[]]","[""c10::BFloat16"",""c10::BFloat16"",""Scalar""]",both,"[""operator_shape_matched""]","[""operator_shape_matched""]",1,1,10,10,11.297,11.2,8.8e-05,0.000136,4.8e-05
aten::sub,"[[56,8,32],[56,8,32],[]]","[""c10::BFloat16"",""c10::BFloat16"",""Scalar""]",both,"[""operator_shape_matched""]","[""operator_shape_matched""]",1,1,10,10,11.649,11.648,9.1e-05,0.000141,5.1e-05
aten::sub,"[[56],[56],[]]","[""int"",""int"",""Scalar""]",both,"[""operator_shape_matched""]","[""operator_shape_matched""]",1,1,6,6,6.015,5.983,4.7e-05,7.3e-05,2.6e-05
aten::sub,"[[56],[],[]]","[""int"",""long int"",""Scalar""]",both,"[""operator_shape_matched""]","[""operator_shape_matched""]",1,1,1,1,0.992,1.024,8e-06,1.2e-05,5e-06
aten::sub,"[[57],[57],[]]","[""int"",""int"",""Scalar""]",both,"[""operator_shape_matched""]","[""operator_shape_matched""]",1,1,6,6,6.143,6.143,4.8e-05,7.5e-05,2.7e-05
aten::sub,"[[57],[],[]]","[""int"",""long int"",""Scalar""]",both,"[""operator_shape_matched""]","[""operator_shape_matched""]",1,1,1,1,1.056,1.024,8e-06,1.2e-05,4e-06
aten::sub,"[[58,1,32],[58,1,32],[]]","[""c10::BFloat16"",""c10::BFloat16"",""Scalar""]",both,"[""operator_shape_matched""]","[""operator_shape_matched""]",1,1,10,10,11.01,11.073,8.6e-05,0.000134,4.9e-05
aten::sub,"[[58,8,32],[58,8,32],[]]","[""c10::BFloat16"",""c10::BFloat16"",""Scalar""]",both,"[""operator_shape_matched""]","[""operator_shape_matched""]",1,1,10,10,12.0,11.873,9.3e-05,0.000144,5.1e-05
aten::sub,"[[58],[58],[]]","[""int"",""int"",""Scalar""]",both,"[""operator_shape_matched""]","[""operator_shape_matched""]",1,1,6,6,5.984,5.985,4.7e-05,7.3e-05,2.6e-05
aten::sub,"[[58],[],[]]","[""int"",""long int"",""Scalar""]",both,"[""operator_shape_matched""]","[""operator_shape_matched""]",1,1,1,1,0.993,1.088,8e-06,1.3e-05,5e-06
aten::sub,"[[59],[59],[]]","[""int"",""int"",""Scalar""]",both,"[""operator_shape_matched""]","[""operator_shape_matched""]",1,1,6,6,6.143,6.176,4.8e-05,7.5e-05,2.7e-05
aten::sub,"[[59],[],[]]","[""int"",""long int"",""Scalar""]",both,"[""operator_shape_matched""]","[""operator_shape_matched""]",1,1,1,1,0.992,1.024,8e-06,1.2e-05,5e-06
aten::sub,"[[5],[5],[]]","[""int"",""int"",""Scalar""]",both,"[""operator_shape_matched""]","[""operator_shape_matched""]",1,1,6,6,6.433,6.178,5e-05,7.5e-05,2.5e-05
aten::sub,"[[5],[],[]]","[""int"",""long int"",""Scalar""]",both,"[""operator_shape_matched""]","[""operator_shape_matched""]",1,1,1,1,0.991,0.993,8e-06,1.2e-05,4e-06
aten::sub,"[[6,1,32],[6,1,32],[]]","[""c10::BFloat16"",""c10::BFloat16"",""Scalar""]",both,"[""operator_shape_matched""]","[""operator_shape_matched""]",1,1,10,10,10.526,10.528,8.2e-05,0.000128,4.6e-05
aten::sub,"[[6,8,32],[6,8,32],[]]","[""c10::BFloat16"",""c10::BFloat16"",""Scalar""]",both,"[""operator_shape_matched""]","[""operator_shape_matched""]",1,1,10,10,11.746,11.809,9.1e-05,0.000143,5.2e-05
aten::sub,"[[60,1,32],[60,1,32],[]]","[""c10::BFloat16"",""c10::BFloat16"",""Scalar""]",both,"[""operator_shape_matched""]","[""operator_shape_matched""]",1,1,10,10,11.103,11.008,8.6e-05,0.000134,4.7e-05
aten::sub,"[[60,8,32],[60,8,32],[]]","[""c10::BFloat16"",""c10::BFloat16"",""Scalar""]",both,"[""operator_shape_matched""]","[""operator_shape_matched""]",1,1,10,10,11.104,11.232,8.6e-05,0.000136,5e-05
aten::sub,"[[60],[60],[]]","[""int"",""int"",""Scalar""]",both,"[""operator_shape_matched""]","[""operator_shape_matched""]",1,1,6,6,6.08,5.984,4.7e-05,7.3e-05,2.5e-05
aten::sub,"[[60],[],[]]","[""int"",""long int"",""Scalar""]",both,"[""operator_shape_matched""]","[""operator_shape_matched""]",1,1,1,1,0.992,0.992,8e-06,1.2e-05,4e-06
aten::sub,"[[61],[61],[]]","[""int"",""int"",""Scalar""]",both,"[""operator_shape_matched""]","[""operator_shape_matched""]",1,1,6,6,6.208,6.179,4.8e-05,7.5e-05,2.7e-05
aten::sub,"[[61],[],[]]","[""int"",""long int"",""Scalar""]",both,"[""operator_shape_matched""]","[""operator_shape_matched""]",1,1,1,1,1.024,0.992,8e-06,1.2e-05,4e-06
aten::sub,"[[62,1,32],[62,1,32],[]]","[""c10::BFloat16"",""c10::BFloat16"",""Scalar""]",both,"[""operator_shape_matched""]","[""operator_shape_matched""]",1,1,10,10,11.807,11.743,9.2e-05,0.000142,5.1e-05
aten::sub,"[[62,8,32],[62,8,32],[]]","[""c10::BFloat16"",""c10::BFloat16"",""Scalar""]",both,"[""operator_shape_matched""]","[""operator_shape_matched""]",1,1,10,10,12.163,11.904,9.5e-05,0.000144,5e-05
aten::sub,"[[62],[62],[]]","[""int"",""int"",""Scalar""]",both,"[""operator_shape_matched""]","[""operator_shape_matched""]",1,1,6,6,6.048,5.953,4.7e-05,7.2e-05,2.5e-05
aten::sub,"[[62],[],[]]","[""int"",""long int"",""Scalar""]",both,"[""operator_shape_matched""]","[""operator_shape_matched""]",1,1,1,1,0.992,1.024,8e-06,1.2e-05,5e-06
aten::sub,"[[63,1,32],[63,1,32],[]]","[""c10::BFloat16"",""c10::BFloat16"",""Scalar""]",both,"[""operator_shape_matched""]","[""operator_shape_matched""]",1,1,20,20,23.487,23.359,0.000183,0.000283,0.000101
aten::sub,"[[63,8,32],[63,8,32],[]]","[""c10::BFloat16"",""c10::BFloat16"",""Scalar""]",both,"[""operator_shape_matched""]","[""operator_shape_matched""]",1,1,20,20,23.806,23.908,0.000185,0.00029,0.000105
aten::sub,"[[63],[63],[]]","[""int"",""int"",""Scalar""]",both,"[""operator_shape_matched""]","[""operator_shape_matched""]",1,1,18,18,18.142,18.145,0.000141,0.00022,7.9e-05
aten::sub,"[[63],[],[]]","[""int"",""long int"",""Scalar""]",both,"[""operator_shape_matched""]","[""operator_shape_matched""]",1,1,3,3,2.976,3.041,2.3e-05,3.7e-05,1.4e-05
aten::sub,"[[64,1,32],[64,1,32],[]]","[""c10::BFloat16"",""c10::BFloat16"",""Scalar""]",both,"[""operator_shape_matched""]","[""operator_shape_matched""]",1,1,4780,2220,5695.249,2649.147,0.044324,0.032142,-0.012181
aten::sub,"[[64,8,32],[64,8,32],[]]","[""c10::BFloat16"",""c10::BFloat16"",""Scalar""]",both,"[""operator_shape_matched""]","[""operator_shape_matched""]",1,1,4780,2220,5395.949,2510.542,0.041994,0.030461,-0.011534
aten::sub,"[[64],[64],[]]","[""int"",""int"",""Scalar""]",both,"[""operator_shape_matched""]","[""operator_shape_matched""]",1,1,2874,1338,2873.9,1338.011,0.022366,0.016234,-0.006132
aten::sub,"[[64],[],[]]","[""int"",""long int"",""Scalar""]",both,"[""operator_shape_matched""]","[""operator_shape_matched""]",1,1,479,223,485.526,227.376,0.003779,0.002759,-0.00102
aten::sub,"[[6],[6],[]]","[""int"",""int"",""Scalar""]",both,"[""operator_shape_matched""]","[""operator_shape_matched""]",1,1,6,6,6.017,6.016,4.7e-05,7.3e-05,2.6e-05
aten::sub,"[[6],[],[]]","[""int"",""long int"",""Scalar""]",both,"[""operator_shape_matched""]","[""operator_shape_matched""]",1,1,1,1,0.992,1.056,8e-06,1.3e-05,5e-06
aten::sub,"[[7],[7],[]]","[""int"",""int"",""Scalar""]",both,"[""operator_shape_matched""]","[""operator_shape_matched""]",1,1,6,6,6.208,6.209,4.8e-05,7.5e-05,2.7e-05
aten::sub,"[[7],[],[]]","[""int"",""long int"",""Scalar""]",both,"[""operator_shape_matched""]","[""operator_shape_matched""]",1,1,1,1,1.025,1.024,8e-06,1.2e-05,4e-06
aten::sub,"[[8,1,32],[8,1,32],[]]","[""c10::BFloat16"",""c10::BFloat16"",""Scalar""]",both,"[""operator_shape_matched""]","[""operator_shape_matched""]",1,1,10,10,10.688,10.432,8.3e-05,0.000127,4.3e-05
aten::sub,"[[8,8,32],[8,8,32],[]]","[""c10::BFloat16"",""c10::BFloat16"",""Scalar""]",both,"[""operator_shape_matched""]","[""operator_shape_matched""]",1,1,10,10,11.616,11.553,9e-05,0.00014,5e-05
aten::sub,"[[8192,1,32],[8192,1,32],[]]","[""c10::BFloat16"",""c10::BFloat16"",""Scalar""]",both,"[""operator_shape_matched""]","[""operator_shape_matched""]",1,1,310,310,446.833,444.168,0.003478,0.005389,0.001912
aten::sub,"[[8192,8,32],[8192,8,32],[]]","[""c10::BFloat16"",""c10::BFloat16"",""Scalar""]",both,"[""operator_shape_matched""]","[""operator_shape_matched""]",1,1,310,310,1150.259,1150.582,0.008952,0.01396,0.005008
aten::sub,"[[8],[8],[]]","[""int"",""int"",""Scalar""]",both,"[""operator_shape_matched""]","[""operator_shape_matched""]",1,1,6,6,6.048,6.082,4.7e-05,7.4e-05,2.7e-05
aten::sub,"[[8],[],[]]","[""int"",""long int"",""Scalar""]",both,"[""operator_shape_matched""]","[""operator_shape_matched""]",1,1,1,1,1.024,0.991,8e-06,1.2e-05,4e-06
aten::sub,"[[9],[9],[]]","[""int"",""int"",""Scalar""]",both,"[""operator_shape_matched""]","[""operator_shape_matched""]",1,1,6,6,6.177,6.178,4.8e-05,7.5e-05,2.7e-05
aten::sub,"[[9],[],[]]","[""int"",""long int"",""Scalar""]",both,"[""operator_shape_matched""]","[""operator_shape_matched""]",1,1,1,1,0.992,1.024,8e-06,1.2e-05,5e-06
aten::zero_,"[[4096,1,2048]]","[""c10::BFloat16""]",both,"[""operator_shape_matched""]","[""operator_shape_matched""]",1,1,40,40,237.289,237.219,0.001847,0.002878,0.001031
aten::zero_,"[[5089,1,2048]]","[""c10::BFloat16""]",both,"[""operator_shape_matched""]","[""operator_shape_matched""]",1,1,40,40,285.861,285.577,0.002225,0.003465,0.00124
aten::zero_,"[[8192,1,2048]]","[""c10::BFloat16""]",both,"[""operator_shape_matched""]","[""operator_shape_matched""]",1,1,1240,1240,13484.318,13484.066,0.104943,0.163603,0.05866
aten::zeros,"[[],[],[],[],[]]","[""ScalarList"",""Scalar"","""","""",""Scalar""]",both,"[""operator_shape_matched""]","[""operator_shape_matched""]",1,1,59550,31390,68311.946,40496.86,0.531643,0.49135,-0.040293
null,null,null,both,"[""missing_external_id""]","[""missing_external_id""]",1,1,2180,1156,5715.615,3266.78,0.044482,0.039636,-0.004846
record_param_comms,"[[1,124160],[],[],[],[],[],[],[],[],[]]","[""c10::BFloat16"","""","""",""Scalar"","""",""ScalarList"",""ScalarList"",""Scalar"",""Scalar"",""Scalar""]",both,"[""operator_shape_matched""]","[""operator_shape_matched""]",1,1,2,2,2111.532,17.44,0.016433,0.000212,-0.016222
record_param_comms,"[[10,124160],[],[],[],[],[],[],[],[],[]]","[""c10::BFloat16"","""","""",""Scalar"","""",""ScalarList"",""ScalarList"",""Scalar"",""Scalar"",""Scalar""]",both,"[""operator_shape_matched""]","[""operator_shape_matched""]",1,1,1,1,30.016,29.536,0.000234,0.000358,0.000125
record_param_comms,"[[11,124160],[],[],[],[],[],[],[],[],[]]","[""c10::BFloat16"","""","""",""Scalar"","""",""ScalarList"",""ScalarList"",""Scalar"",""Scalar"",""Scalar""]",both,"[""operator_shape_matched""]","[""operator_shape_matched""]",1,1,1,1,29.729,31.105,0.000231,0.000377,0.000146
record_param_comms,"[[12,124160],[],[],[],[],[],[],[],[],[]]","[""c10::BFloat16"","""","""",""Scalar"","""",""ScalarList"",""ScalarList"",""Scalar"",""Scalar"",""Scalar""]",both,"[""operator_shape_matched""]","[""operator_shape_matched""]",1,1,1,1,32.29,31.777,0.000251,0.000386,0.000134
record_param_comms,"[[13,124160],[],[],[],[],[],[],[],[],[]]","[""c10::BFloat16"","""","""",""Scalar"","""",""ScalarList"",""ScalarList"",""Scalar"",""Scalar"",""Scalar""]",both,"[""operator_shape_matched""]","[""operator_shape_matched""]",1,1,1,1,33.697,35.2,0.000262,0.000427,0.000165
record_param_comms,"[[14,124160],[],[],[],[],[],[],[],[],[]]","[""c10::BFloat16"","""","""",""Scalar"","""",""ScalarList"",""ScalarList"",""Scalar"",""Scalar"",""Scalar""]",both,"[""operator_shape_matched""]","[""operator_shape_matched""]",1,1,1,1,35.521,34.816,0.000276,0.000422,0.000146
record_param_comms,"[[15,124160],[],[],[],[],[],[],[],[],[]]","[""c10::BFloat16"","""","""",""Scalar"","""",""ScalarList"",""ScalarList"",""Scalar"",""Scalar"",""Scalar""]",both,"[""operator_shape_matched""]","[""operator_shape_matched""]",1,1,1,1,35.553,36.961,0.000277,0.000448,0.000172
record_param_comms,"[[16,124160],[],[],[],[],[],[],[],[],[]]","[""c10::BFloat16"","""","""",""Scalar"","""",""ScalarList"",""ScalarList"",""Scalar"",""Scalar"",""Scalar""]",both,"[""operator_shape_matched""]","[""operator_shape_matched""]",1,1,1,1,37.633,37.248,0.000293,0.000452,0.000159
record_param_comms,"[[17,124160],[],[],[],[],[],[],[],[],[]]","[""c10::BFloat16"","""","""",""Scalar"","""",""ScalarList"",""ScalarList"",""Scalar"",""Scalar"",""Scalar""]",both,"[""operator_shape_matched""]","[""operator_shape_matched""]",1,1,1,1,37.281,37.697,0.00029,0.000457,0.000167
record_param_comms,"[[18,124160],[],[],[],[],[],[],[],[],[]]","[""c10::BFloat16"","""","""",""Scalar"","""",""ScalarList"",""ScalarList"",""Scalar"",""Scalar"",""Scalar""]",both,"[""operator_shape_matched""]","[""operator_shape_matched""]",1,1,1,1,38.145,39.137,0.000297,0.000475,0.000178
record_param_comms,"[[19,124160],[],[],[],[],[],[],[],[],[]]","[""c10::BFloat16"","""","""",""Scalar"","""",""ScalarList"",""ScalarList"",""Scalar"",""Scalar"",""Scalar""]",both,"[""operator_shape_matched""]","[""operator_shape_matched""]",1,1,1,1,40.193,40.16,0.000313,0.000487,0.000174
record_param_comms,"[[2,124160],[],[],[],[],[],[],[],[],[]]","[""c10::BFloat16"","""","""",""Scalar"","""",""ScalarList"",""ScalarList"",""Scalar"",""Scalar"",""Scalar""]",both,"[""operator_shape_matched""]","[""operator_shape_matched""]",1,1,1,1,11.424,12.033,8.9e-05,0.000146,5.7e-05
record_param_comms,"[[20,124160],[],[],[],[],[],[],[],[],[]]","[""c10::BFloat16"","""","""",""Scalar"","""",""ScalarList"",""ScalarList"",""Scalar"",""Scalar"",""Scalar""]",both,"[""operator_shape_matched""]","[""operator_shape_matched""]",1,1,1,1,40.161,40.513,0.000313,0.000492,0.000179
record_param_comms,"[[21,124160],[],[],[],[],[],[],[],[],[]]","[""c10::BFloat16"","""","""",""Scalar"","""",""ScalarList"",""ScalarList"",""Scalar"",""Scalar"",""Scalar""]",both,"[""operator_shape_matched""]","[""operator_shape_matched""]",1,1,1,1,41.441,41.793,0.000323,0.000507,0.000185
record_param_comms,"[[22,124160],[],[],[],[],[],[],[],[],[]]","[""c10::BFloat16"","""","""",""Scalar"","""",""ScalarList"",""ScalarList"",""Scalar"",""Scalar"",""Scalar""]",both,"[""operator_shape_matched""]","[""operator_shape_matched""]",1,1,1,1,42.176,41.729,0.000328,0.000506,0.000178
record_param_comms,"[[23,124160],[],[],[],[],[],[],[],[],[]]","[""c10::BFloat16"","""","""",""Scalar"","""",""ScalarList"",""ScalarList"",""Scalar"",""Scalar"",""Scalar""]",both,"[""operator_shape_matched""]","[""operator_shape_matched""]",1,1,1,1,43.873,43.233,0.000341,0.000525,0.000183
record_param_comms,"[[24,124160],[],[],[],[],[],[],[],[],[]]","[""c10::BFloat16"","""","""",""Scalar"","""",""ScalarList"",""ScalarList"",""Scalar"",""Scalar"",""Scalar""]",both,"[""operator_shape_matched""]","[""operator_shape_matched""]",1,1,1,1,45.889,43.489,0.000357,0.000528,0.000171
record_param_comms,"[[25,124160],[],[],[],[],[],[],[],[],[]]","[""c10::BFloat16"","""","""",""Scalar"","""",""ScalarList"",""ScalarList"",""Scalar"",""Scalar"",""Scalar""]",both,"[""operator_shape_matched""]","[""operator_shape_matched""]",1,1,1,1,45.569,45.729,0.000355,0.000555,0.0002
record_param_comms,"[[26,124160],[],[],[],[],[],[],[],[],[]]","[""c10::BFloat16"","""","""",""Scalar"","""",""ScalarList"",""ScalarList"",""Scalar"",""Scalar"",""Scalar""]",both,"[""operator_shape_matched""]","[""operator_shape_matched""]",1,1,1,1,47.361,47.905,0.000369,0.000581,0.000213
record_param_comms,"[[27,124160],[],[],[],[],[],[],[],[],[]]","[""c10::BFloat16"","""","""",""Scalar"","""",""ScalarList"",""ScalarList"",""Scalar"",""Scalar"",""Scalar""]",both,"[""operator_shape_matched""]","[""operator_shape_matched""]",1,1,1,1,48.577,49.505,0.000378,0.000601,0.000223
record_param_comms,"[[28,124160],[],[],[],[],[],[],[],[],[]]","[""c10::BFloat16"","""","""",""Scalar"","""",""ScalarList"",""ScalarList"",""Scalar"",""Scalar"",""Scalar""]",both,"[""operator_shape_matched""]","[""operator_shape_matched""]",1,1,1,1,49.217,49.217,0.000383,0.000597,0.000214
record_param_comms,"[[29,124160],[],[],[],[],[],[],[],[],[]]","[""c10::BFloat16"","""","""",""Scalar"","""",""ScalarList"",""ScalarList"",""Scalar"",""Scalar"",""Scalar""]",both,"[""operator_shape_matched""]","[""operator_shape_matched""]",1,1,1,1,50.913,49.441,0.000396,0.0006,0.000204
record_param_comms,"[[3,124160],[],[],[],[],[],[],[],[],[]]","[""c10::BFloat16"","""","""",""Scalar"","""",""ScalarList"",""ScalarList"",""Scalar"",""Scalar"",""Scalar""]",both,"[""operator_shape_matched""]","[""operator_shape_matched""]",1,1,1,1,14.113,14.016,0.00011,0.00017,6e-05
record_param_comms,"[[30,124160],[],[],[],[],[],[],[],[],[]]","[""c10::BFloat16"","""","""",""Scalar"","""",""ScalarList"",""ScalarList"",""Scalar"",""Scalar"",""Scalar""]",both,"[""operator_shape_matched""]","[""operator_shape_matched""]",1,1,1,1,51.137,52.321,0.000398,0.000635,0.000237
record_param_comms,"[[31,124160],[],[],[],[],[],[],[],[],[]]","[""c10::BFloat16"","""","""",""Scalar"","""",""ScalarList"",""ScalarList"",""Scalar"",""Scalar"",""Scalar""]",both,"[""operator_shape_matched""]","[""operator_shape_matched""]",1,1,1,1,52.449,51.649,0.000408,0.000627,0.000218
record_param_comms,"[[32,124160],[],[],[],[],[],[],[],[],[]]","[""c10::BFloat16"","""","""",""Scalar"","""",""ScalarList"",""ScalarList"",""Scalar"",""Scalar"",""Scalar""]",both,"[""operator_shape_matched""]","[""operator_shape_matched""]",1,1,1,1,53.473,52.129,0.000416,0.000632,0.000216
record_param_comms,"[[33,124160],[],[],[],[],[],[],[],[],[]]","[""c10::BFloat16"","""","""",""Scalar"","""",""ScalarList"",""ScalarList"",""Scalar"",""Scalar"",""Scalar""]",both,"[""operator_shape_matched""]","[""operator_shape_matched""]",1,1,1,1,53.505,54.625,0.000416,0.000663,0.000246
record_param_comms,"[[34,124160],[],[],[],[],[],[],[],[],[]]","[""c10::BFloat16"","""","""",""Scalar"","""",""ScalarList"",""ScalarList"",""Scalar"",""Scalar"",""Scalar""]",both,"[""operator_shape_matched""]","[""operator_shape_matched""]",1,1,1,1,55.809,55.361,0.000434,0.000672,0.000237
record_param_comms,"[[35,124160],[],[],[],[],[],[],[],[],[]]","[""c10::BFloat16"","""","""",""Scalar"","""",""ScalarList"",""ScalarList"",""Scalar"",""Scalar"",""Scalar""]",both,"[""operator_shape_matched""]","[""operator_shape_matched""]",1,1,1,1,56.929,55.873,0.000443,0.000678,0.000235
record_param_comms,"[[36,124160],[],[],[],[],[],[],[],[],[]]","[""c10::BFloat16"","""","""",""Scalar"","""",""ScalarList"",""ScalarList"",""Scalar"",""Scalar"",""Scalar""]",both,"[""operator_shape_matched""]","[""operator_shape_matched""]",1,1,1,1,57.345,56.513,0.000446,0.000686,0.000239
record_param_comms,"[[37,124160],[],[],[],[],[],[],[],[],[]]","[""c10::BFloat16"","""","""",""Scalar"","""",""ScalarList"",""ScalarList"",""Scalar"",""Scalar"",""Scalar""]",both,"[""operator_shape_matched""]","[""operator_shape_matched""]",1,1,1,1,58.529,58.241,0.000456,0.000707,0.000251
record_param_comms,"[[38,124160],[],[],[],[],[],[],[],[],[]]","[""c10::BFloat16"","""","""",""Scalar"","""",""ScalarList"",""ScalarList"",""Scalar"",""Scalar"",""Scalar""]",both,"[""operator_shape_matched""]","[""operator_shape_matched""]",1,1,1,1,58.337,58.881,0.000454,0.000714,0.00026
record_param_comms,"[[39,124160],[],[],[],[],[],[],[],[],[]]","[""c10::BFloat16"","""","""",""Scalar"","""",""ScalarList"",""ScalarList"",""Scalar"",""Scalar"",""Scalar""]",both,"[""operator_shape_matched""]","[""operator_shape_matched""]",1,1,1,1,60.673,60.833,0.000472,0.000738,0.000266
record_param_comms,"[[4,124160],[],[],[],[],[],[],[],[],[]]","[""c10::BFloat16"","""","""",""Scalar"","""",""ScalarList"",""ScalarList"",""Scalar"",""Scalar"",""Scalar""]",both,"[""operator_shape_matched""]","[""operator_shape_matched""]",1,1,1,1,17.889,17.249,0.000139,0.000209,7e-05
record_param_comms,"[[40,124160],[],[],[],[],[],[],[],[],[]]","[""c10::BFloat16"","""","""",""Scalar"","""",""ScalarList"",""ScalarList"",""Scalar"",""Scalar"",""Scalar""]",both,"[""operator_shape_matched""]","[""operator_shape_matched""]",1,1,1,1,61.09,61.025,0.000475,0.00074,0.000265
record_param_comms,"[[41,124160],[],[],[],[],[],[],[],[],[]]","[""c10::BFloat16"","""","""",""Scalar"","""",""ScalarList"",""ScalarList"",""Scalar"",""Scalar"",""Scalar""]",both,"[""operator_shape_matched""]","[""operator_shape_matched""]",1,1,1,1,62.497,62.785,0.000486,0.000762,0.000275
record_param_comms,"[[42,124160],[],[],[],[],[],[],[],[],[]]","[""c10::BFloat16"","""","""",""Scalar"","""",""ScalarList"",""ScalarList"",""Scalar"",""Scalar"",""Scalar""]",both,"[""operator_shape_matched""]","[""operator_shape_matched""]",1,1,1,1,62.977,62.977,0.00049,0.000764,0.000274
record_param_comms,"[[43,124160],[],[],[],[],[],[],[],[],[]]","[""c10::BFloat16"","""","""",""Scalar"","""",""ScalarList"",""ScalarList"",""Scalar"",""Scalar"",""Scalar""]",both,"[""operator_shape_matched""]","[""operator_shape_matched""]",1,1,1,1,64.226,64.961,0.0005,0.000788,0.000288
record_param_comms,"[[44,124160],[],[],[],[],[],[],[],[],[]]","[""c10::BFloat16"","""","""",""Scalar"","""",""ScalarList"",""ScalarList"",""Scalar"",""Scalar"",""Scalar""]",both,"[""operator_shape_matched""]","[""operator_shape_matched""]",1,1,1,1,64.514,64.354,0.000502,0.000781,0.000279
record_param_comms,"[[45,124160],[],[],[],[],[],[],[],[],[]]","[""c10::BFloat16"","""","""",""Scalar"","""",""ScalarList"",""ScalarList"",""Scalar"",""Scalar"",""Scalar""]",both,"[""operator_shape_matched""]","[""operator_shape_matched""]",1,1,1,1,65.857,66.786,0.000513,0.00081,0.000298
record_param_comms,"[[46,124160],[],[],[],[],[],[],[],[],[]]","[""c10::BFloat16"","""","""",""Scalar"","""",""ScalarList"",""ScalarList"",""Scalar"",""Scalar"",""Scalar""]",both,"[""operator_shape_matched""]","[""operator_shape_matched""]",1,1,1,1,66.69,65.922,0.000519,0.0008,0.000281
record_param_comms,"[[47,124160],[],[],[],[],[],[],[],[],[]]","[""c10::BFloat16"","""","""",""Scalar"","""",""ScalarList"",""ScalarList"",""Scalar"",""Scalar"",""Scalar""]",both,"[""operator_shape_matched""]","[""operator_shape_matched""]",1,1,1,1,68.033,67.745,0.000529,0.000822,0.000292
record_param_comms,"[[48,124160],[],[],[],[],[],[],[],[],[]]","[""c10::BFloat16"","""","""",""Scalar"","""",""ScalarList"",""ScalarList"",""Scalar"",""Scalar"",""Scalar""]",both,"[""operator_shape_matched""]","[""operator_shape_matched""]",1,1,1,1,67.842,68.641,0.000528,0.000833,0.000305
record_param_comms,"[[49,124160],[],[],[],[],[],[],[],[],[]]","[""c10::BFloat16"","""","""",""Scalar"","""",""ScalarList"",""ScalarList"",""Scalar"",""Scalar"",""Scalar""]",both,"[""operator_shape_matched""]","[""operator_shape_matched""]",1,1,1,1,69.889,70.241,0.000544,0.000852,0.000308
record_param_comms,"[[5,124160],[],[],[],[],[],[],[],[],[]]","[""c10::BFloat16"","""","""",""Scalar"","""",""ScalarList"",""ScalarList"",""Scalar"",""Scalar"",""Scalar""]",both,"[""operator_shape_matched""]","[""operator_shape_matched""]",1,1,1,1,25.345,25.92,0.000197,0.000314,0.000117
record_param_comms,"[[50,124160],[],[],[],[],[],[],[],[],[]]","[""c10::BFloat16"","""","""",""Scalar"","""",""ScalarList"",""ScalarList"",""Scalar"",""Scalar"",""Scalar""]",both,"[""operator_shape_matched""]","[""operator_shape_matched""]",1,1,1,1,70.113,70.049,0.000546,0.00085,0.000304
record_param_comms,"[[51,124160],[],[],[],[],[],[],[],[],[]]","[""c10::BFloat16"","""","""",""Scalar"","""",""ScalarList"",""ScalarList"",""Scalar"",""Scalar"",""Scalar""]",both,"[""operator_shape_matched""]","[""operator_shape_matched""]",1,1,1,1,72.194,71.969,0.000562,0.000873,0.000311
record_param_comms,"[[52,124160],[],[],[],[],[],[],[],[],[]]","[""c10::BFloat16"","""","""",""Scalar"","""",""ScalarList"",""ScalarList"",""Scalar"",""Scalar"",""Scalar""]",both,"[""operator_shape_matched""]","[""operator_shape_matched""]",1,1,1,1,73.505,73.665,0.000572,0.000894,0.000322
record_param_comms,"[[53,124160],[],[],[],[],[],[],[],[],[]]","[""c10::BFloat16"","""","""",""Scalar"","""",""ScalarList"",""ScalarList"",""Scalar"",""Scalar"",""Scalar""]",both,"[""operator_shape_matched""]","[""operator_shape_matched""]",1,1,1,1,74.626,74.529,0.000581,0.000904,0.000323
record_param_comms,"[[54,124160],[],[],[],[],[],[],[],[],[]]","[""c10::BFloat16"","""","""",""Scalar"","""",""ScalarList"",""ScalarList"",""Scalar"",""Scalar"",""Scalar""]",both,"[""operator_shape_matched""]","[""operator_shape_matched""]",1,1,1,1,75.009,74.657,0.000584,0.000906,0.000322
record_param_comms,"[[55,124160],[],[],[],[],[],[],[],[],[]]","[""c10::BFloat16"","""","""",""Scalar"","""",""ScalarList"",""ScalarList"",""Scalar"",""Scalar"",""Scalar""]",both,"[""operator_shape_matched""]","[""operator_shape_matched""]",1,1,1,1,75.393,75.393,0.000587,0.000915,0.000328
record_param_comms,"[[56,124160],[],[],[],[],[],[],[],[],[]]","[""c10::BFloat16"","""","""",""Scalar"","""",""ScalarList"",""ScalarList"",""Scalar"",""Scalar"",""Scalar""]",both,"[""operator_shape_matched""]","[""operator_shape_matched""]",1,1,1,1,76.609,76.866,0.000596,0.000933,0.000336
record_param_comms,"[[57,124160],[],[],[],[],[],[],[],[],[]]","[""c10::BFloat16"","""","""",""Scalar"","""",""ScalarList"",""ScalarList"",""Scalar"",""Scalar"",""Scalar""]",both,"[""operator_shape_matched""]","[""operator_shape_matched""]",1,1,1,1,78.05,77.281,0.000607,0.000938,0.00033
record_param_comms,"[[58,124160],[],[],[],[],[],[],[],[],[]]","[""c10::BFloat16"","""","""",""Scalar"","""",""ScalarList"",""ScalarList"",""Scalar"",""Scalar"",""Scalar""]",both,"[""operator_shape_matched""]","[""operator_shape_matched""]",1,1,1,1,80.033,79.97,0.000623,0.00097,0.000347
record_param_comms,"[[59,124160],[],[],[],[],[],[],[],[],[]]","[""c10::BFloat16"","""","""",""Scalar"","""",""ScalarList"",""ScalarList"",""Scalar"",""Scalar"",""Scalar""]",both,"[""operator_shape_matched""]","[""operator_shape_matched""]",1,1,1,1,79.489,79.617,0.000619,0.000966,0.000347
record_param_comms,"[[6,124160],[],[],[],[],[],[],[],[],[]]","[""c10::BFloat16"","""","""",""Scalar"","""",""ScalarList"",""ScalarList"",""Scalar"",""Scalar"",""Scalar""]",both,"[""operator_shape_matched""]","[""operator_shape_matched""]",1,1,1,1,25.825,25.729,0.000201,0.000312,0.000111
record_param_comms,"[[60,124160],[],[],[],[],[],[],[],[],[]]","[""c10::BFloat16"","""","""",""Scalar"","""",""ScalarList"",""ScalarList"",""Scalar"",""Scalar"",""Scalar""]",both,"[""operator_shape_matched""]","[""operator_shape_matched""]",1,1,1,1,81.441,79.394,0.000634,0.000963,0.000329
record_param_comms,"[[61,124160],[],[],[],[],[],[],[],[],[]]","[""c10::BFloat16"","""","""",""Scalar"","""",""ScalarList"",""ScalarList"",""Scalar"",""Scalar"",""Scalar""]",both,"[""operator_shape_matched""]","[""operator_shape_matched""]",1,1,1,1,80.897,80.514,0.00063,0.000977,0.000347
record_param_comms,"[[62,124160],[],[],[],[],[],[],[],[],[]]","[""c10::BFloat16"","""","""",""Scalar"","""",""ScalarList"",""ScalarList"",""Scalar"",""Scalar"",""Scalar""]",both,"[""operator_shape_matched""]","[""operator_shape_matched""]",1,1,1,1,83.938,81.506,0.000653,0.000989,0.000336
record_param_comms,"[[63,124160],[],[],[],[],[],[],[],[],[]]","[""c10::BFloat16"","""","""",""Scalar"","""",""ScalarList"",""ScalarList"",""Scalar"",""Scalar"",""Scalar""]",both,"[""operator_shape_matched""]","[""operator_shape_matched""]",1,1,3,3,251.462,251.109,0.001957,0.003047,0.00109
record_param_comms,"[[64,124160],[],[],[],[],[],[],[],[],[]]","[""c10::BFloat16"","""","""",""Scalar"","""",""ScalarList"",""ScalarList"",""Scalar"",""Scalar"",""Scalar""]",both,"[""operator_shape_matched""]","[""operator_shape_matched""]",1,1,479,223,40476.934,18847.28,0.315015,0.228675,-0.08634
record_param_comms,"[[7,124160],[],[],[],[],[],[],[],[],[]]","[""c10::BFloat16"","""","""",""Scalar"","""",""ScalarList"",""ScalarList"",""Scalar"",""Scalar"",""Scalar""]",both,"[""operator_shape_matched""]","[""operator_shape_matched""]",1,1,1,1,26.497,26.977,0.000206,0.000327,0.000121
record_param_comms,"[[8,124160],[],[],[],[],[],[],[],[],[]]","[""c10::BFloat16"","""","""",""Scalar"","""",""ScalarList"",""ScalarList"",""Scalar"",""Scalar"",""Scalar""]",both,"[""operator_shape_matched""]","[""operator_shape_matched""]",1,1,1,1,27.713,28.224,0.000216,0.000342,0.000127
record_param_comms,"[[9,124160],[],[],[],[],[],[],[],[],[]]","[""c10::BFloat16"","""","""",""Scalar"","""",""ScalarList"",""ScalarList"",""Scalar"",""Scalar"",""Scalar""]",both,"[""operator_shape_matched""]","[""operator_shape_matched""]",1,1,1,1,29.185,28.416,0.000227,0.000345,0.000118
symm_mem::two_shot_all_reduce_,"[[10422272],[],[]]","[""c10::BFloat16"","""",""""]",both,"[""operator_shape_matched""]","[""operator_shape_matched""]",1,1,81,81,5909.628,5876.74,0.045992,0.071303,0.025311
symm_mem::two_shot_all_reduce_,"[[16777216],[],[]]","[""c10::BFloat16"","""",""""]",both,"[""operator_shape_matched""]","[""operator_shape_matched""]",1,1,2511,2511,304061.165,283317.753,2.366379,3.437507,1.071127
symm_mem::two_shot_all_reduce_,"[[8388608],[],[]]","[""c10::BFloat16"","""",""""]",both,"[""operator_shape_matched""]","[""operator_shape_matched""]",1,1,81,81,572355.242,5019.338,4.454399,0.0609,-4.393499
triton_poi_fused___and_____or___add_bitwise_not_ge_lt_mul_sub_0,"[[10],[10],[10],[],[],[],[],[],[]]","[""int"",""long int"",""bool"",""Scalar"",""Scalar"",""Scalar"",""Scalar"",""Scalar"",""Scalar""]",both,"[""operator_shape_matched""]","[""operator_shape_matched""]",1,1,1,1,1.408,1.249,1.1e-05,1.5e-05,4e-06
triton_poi_fused___and_____or___add_bitwise_not_ge_lt_mul_sub_0,"[[12],[12],[12],[],[],[],[],[],[]]","[""int"",""long int"",""bool"",""Scalar"",""Scalar"",""Scalar"",""Scalar"",""Scalar"",""Scalar""]",both,"[""operator_shape_matched""]","[""operator_shape_matched""]",1,1,1,1,1.248,1.247,1e-05,1.5e-05,5e-06
triton_poi_fused___and_____or___add_bitwise_not_ge_lt_mul_sub_0,"[[14],[14],[14],[],[],[],[],[],[]]","[""int"",""long int"",""bool"",""Scalar"",""Scalar"",""Scalar"",""Scalar"",""Scalar"",""Scalar""]",both,"[""operator_shape_matched""]","[""operator_shape_matched""]",1,1,1,1,1.248,1.248,1e-05,1.5e-05,5e-06
triton_poi_fused___and_____or___add_bitwise_not_ge_lt_mul_sub_0,"[[16],[16],[16],[],[],[],[],[],[]]","[""int"",""long int"",""bool"",""Scalar"",""Scalar"",""Scalar"",""Scalar"",""Scalar"",""Scalar""]",both,"[""operator_shape_matched""]","[""operator_shape_matched""]",1,1,1,1,1.089,1.088,8e-06,1.3e-05,5e-06
triton_poi_fused___and_____or___add_bitwise_not_ge_lt_mul_sub_0,"[[18],[18],[18],[],[],[],[],[],[]]","[""int"",""long int"",""bool"",""Scalar"",""Scalar"",""Scalar"",""Scalar"",""Scalar"",""Scalar""]",both,"[""operator_shape_matched""]","[""operator_shape_matched""]",1,1,1,1,1.216,1.216,9e-06,1.5e-05,5e-06
triton_poi_fused___and_____or___add_bitwise_not_ge_lt_mul_sub_0,"[[20],[20],[20],[],[],[],[],[],[]]","[""int"",""long int"",""bool"",""Scalar"",""Scalar"",""Scalar"",""Scalar"",""Scalar"",""Scalar""]",both,"[""operator_shape_matched""]","[""operator_shape_matched""]",1,1,1,1,1.215,1.216,9e-06,1.5e-05,5e-06
triton_poi_fused___and_____or___add_bitwise_not_ge_lt_mul_sub_0,"[[22],[22],[22],[],[],[],[],[],[]]","[""int"",""long int"",""bool"",""Scalar"",""Scalar"",""Scalar"",""Scalar"",""Scalar"",""Scalar""]",both,"[""operator_shape_matched""]","[""operator_shape_matched""]",1,1,1,1,1.216,1.184,9e-06,1.4e-05,5e-06
triton_poi_fused___and_____or___add_bitwise_not_ge_lt_mul_sub_0,"[[24],[24],[24],[],[],[],[],[],[]]","[""int"",""long int"",""bool"",""Scalar"",""Scalar"",""Scalar"",""Scalar"",""Scalar"",""Scalar""]",both,"[""operator_shape_matched""]","[""operator_shape_matched""]",1,1,1,1,1.089,1.087,8e-06,1.3e-05,5e-06
triton_poi_fused___and_____or___add_bitwise_not_ge_lt_mul_sub_0,"[[26],[26],[26],[],[],[],[],[],[]]","[""int"",""long int"",""bool"",""Scalar"",""Scalar"",""Scalar"",""Scalar"",""Scalar"",""Scalar""]",both,"[""operator_shape_matched""]","[""operator_shape_matched""]",1,1,1,1,1.216,1.216,9e-06,1.5e-05,5e-06
triton_poi_fused___and_____or___add_bitwise_not_ge_lt_mul_sub_0,"[[28],[28],[28],[],[],[],[],[],[]]","[""int"",""long int"",""bool"",""Scalar"",""Scalar"",""Scalar"",""Scalar"",""Scalar"",""Scalar""]",both,"[""operator_shape_matched""]","[""operator_shape_matched""]",1,1,1,1,1.216,1.216,9e-06,1.5e-05,5e-06
triton_poi_fused___and_____or___add_bitwise_not_ge_lt_mul_sub_0,"[[2],[2],[2],[],[],[],[],[],[]]","[""int"",""long int"",""bool"",""Scalar"",""Scalar"",""Scalar"",""Scalar"",""Scalar"",""Scalar""]",both,"[""operator_shape_matched""]","[""operator_shape_matched""]",1,1,1,1,1.248,1.248,1e-05,1.5e-05,5e-06
triton_poi_fused___and_____or___add_bitwise_not_ge_lt_mul_sub_0,"[[30],[30],[30],[],[],[],[],[],[]]","[""int"",""long int"",""bool"",""Scalar"",""Scalar"",""Scalar"",""Scalar"",""Scalar"",""Scalar""]",both,"[""operator_shape_matched""]","[""operator_shape_matched""]",1,1,1,1,1.216,1.344,9e-06,1.6e-05,7e-06
triton_poi_fused___and_____or___add_bitwise_not_ge_lt_mul_sub_0,"[[32],[32],[32],[],[],[],[],[],[]]","[""int"",""long int"",""bool"",""Scalar"",""Scalar"",""Scalar"",""Scalar"",""Scalar"",""Scalar""]",both,"[""operator_shape_matched""]","[""operator_shape_matched""]",1,1,1,1,1.248,1.12,1e-05,1.4e-05,4e-06
triton_poi_fused___and_____or___add_bitwise_not_ge_lt_mul_sub_0,"[[34],[34],[34],[],[],[],[],[],[]]","[""int"",""long int"",""bool"",""Scalar"",""Scalar"",""Scalar"",""Scalar"",""Scalar"",""Scalar""]",both,"[""operator_shape_matched""]","[""operator_shape_matched""]",1,1,1,1,1.376,1.407,1.1e-05,1.7e-05,6e-06
triton_poi_fused___and_____or___add_bitwise_not_ge_lt_mul_sub_0,"[[36],[36],[36],[],[],[],[],[],[]]","[""int"",""long int"",""bool"",""Scalar"",""Scalar"",""Scalar"",""Scalar"",""Scalar"",""Scalar""]",both,"[""operator_shape_matched""]","[""operator_shape_matched""]",1,1,1,1,1.535,1.344,1.2e-05,1.6e-05,4e-06
triton_poi_fused___and_____or___add_bitwise_not_ge_lt_mul_sub_0,"[[38],[38],[38],[],[],[],[],[],[]]","[""int"",""long int"",""bool"",""Scalar"",""Scalar"",""Scalar"",""Scalar"",""Scalar"",""Scalar""]",both,"[""operator_shape_matched""]","[""operator_shape_matched""]",1,1,1,1,1.536,1.344,1.2e-05,1.6e-05,4e-06
triton_poi_fused___and_____or___add_bitwise_not_ge_lt_mul_sub_0,"[[4096],[4096],[4096],[],[],[],[],[],[]]","[""int"",""long int"",""bool"",""Scalar"",""Scalar"",""Scalar"",""Scalar"",""Scalar"",""Scalar""]",both,"[""operator_shape_matched""]","[""operator_shape_matched""]",1,1,1,1,1.376,1.344,1.1e-05,1.6e-05,6e-06
triton_poi_fused___and_____or___add_bitwise_not_ge_lt_mul_sub_0,"[[40],[40],[40],[],[],[],[],[],[]]","[""int"",""long int"",""bool"",""Scalar"",""Scalar"",""Scalar"",""Scalar"",""Scalar"",""Scalar""]",both,"[""operator_shape_matched""]","[""operator_shape_matched""]",1,1,1,1,1.343,1.344,1e-05,1.6e-05,6e-06
triton_poi_fused___and_____or___add_bitwise_not_ge_lt_mul_sub_0,"[[42],[42],[42],[],[],[],[],[],[]]","[""int"",""long int"",""bool"",""Scalar"",""Scalar"",""Scalar"",""Scalar"",""Scalar"",""Scalar""]",both,"[""operator_shape_matched""]","[""operator_shape_matched""]",1,1,1,1,1.344,1.408,1e-05,1.7e-05,7e-06
triton_poi_fused___and_____or___add_bitwise_not_ge_lt_mul_sub_0,"[[44],[44],[44],[],[],[],[],[],[]]","[""int"",""long int"",""bool"",""Scalar"",""Scalar"",""Scalar"",""Scalar"",""Scalar"",""Scalar""]",both,"[""operator_shape_matched""]","[""operator_shape_matched""]",1,1,1,1,1.344,1.345,1e-05,1.6e-05,6e-06
triton_poi_fused___and_____or___add_bitwise_not_ge_lt_mul_sub_0,"[[46],[46],[46],[],[],[],[],[],[]]","[""int"",""long int"",""bool"",""Scalar"",""Scalar"",""Scalar"",""Scalar"",""Scalar"",""Scalar""]",both,"[""operator_shape_matched""]","[""operator_shape_matched""]",1,1,1,1,1.536,1.344,1.2e-05,1.6e-05,4e-06
triton_poi_fused___and_____or___add_bitwise_not_ge_lt_mul_sub_0,"[[48],[48],[48],[],[],[],[],[],[]]","[""int"",""long int"",""bool"",""Scalar"",""Scalar"",""Scalar"",""Scalar"",""Scalar"",""Scalar""]",both,"[""operator_shape_matched""]","[""operator_shape_matched""]",1,1,1,1,1.216,1.184,9e-06,1.4e-05,5e-06
triton_poi_fused___and_____or___add_bitwise_not_ge_lt_mul_sub_0,"[[4],[4],[4],[],[],[],[],[],[]]","[""int"",""long int"",""bool"",""Scalar"",""Scalar"",""Scalar"",""Scalar"",""Scalar"",""Scalar""]",both,"[""operator_shape_matched""]","[""operator_shape_matched""]",1,1,1,1,1.248,1.248,1e-05,1.5e-05,5e-06
triton_poi_fused___and_____or___add_bitwise_not_ge_lt_mul_sub_0,"[[5089],[5089],[5089],[],[],[],[],[],[]]","[""int"",""long int"",""bool"",""Scalar"",""Scalar"",""Scalar"",""Scalar"",""Scalar"",""Scalar""]",both,"[""operator_shape_matched""]","[""operator_shape_matched""]",1,1,1,1,1.408,1.408,1.1e-05,1.7e-05,6e-06
triton_poi_fused___and_____or___add_bitwise_not_ge_lt_mul_sub_0,"[[50],[50],[50],[],[],[],[],[],[]]","[""int"",""long int"",""bool"",""Scalar"",""Scalar"",""Scalar"",""Scalar"",""Scalar"",""Scalar""]",both,"[""operator_shape_matched""]","[""operator_shape_matched""]",1,1,1,1,1.344,1.312,1e-05,1.6e-05,5e-06
triton_poi_fused___and_____or___add_bitwise_not_ge_lt_mul_sub_0,"[[52],[52],[52],[],[],[],[],[],[]]","[""int"",""long int"",""bool"",""Scalar"",""Scalar"",""Scalar"",""Scalar"",""Scalar"",""Scalar""]",both,"[""operator_shape_matched""]","[""operator_shape_matched""]",1,1,1,1,1.313,1.408,1e-05,1.7e-05,7e-06
triton_poi_fused___and_____or___add_bitwise_not_ge_lt_mul_sub_0,"[[54],[54],[54],[],[],[],[],[],[]]","[""int"",""long int"",""bool"",""Scalar"",""Scalar"",""Scalar"",""Scalar"",""Scalar"",""Scalar""]",both,"[""operator_shape_matched""]","[""operator_shape_matched""]",1,1,1,1,1.312,1.376,1e-05,1.7e-05,6e-06
triton_poi_fused___and_____or___add_bitwise_not_ge_lt_mul_sub_0,"[[56],[56],[56],[],[],[],[],[],[]]","[""int"",""long int"",""bool"",""Scalar"",""Scalar"",""Scalar"",""Scalar"",""Scalar"",""Scalar""]",both,"[""operator_shape_matched""]","[""operator_shape_matched""]",1,1,1,1,1.344,1.312,1e-05,1.6e-05,5e-06
triton_poi_fused___and_____or___add_bitwise_not_ge_lt_mul_sub_0,"[[58],[58],[58],[],[],[],[],[],[]]","[""int"",""long int"",""bool"",""Scalar"",""Scalar"",""Scalar"",""Scalar"",""Scalar"",""Scalar""]",both,"[""operator_shape_matched""]","[""operator_shape_matched""]",1,1,1,1,1.536,1.344,1.2e-05,1.6e-05,4e-06
triton_poi_fused___and_____or___add_bitwise_not_ge_lt_mul_sub_0,"[[60],[60],[60],[],[],[],[],[],[]]","[""int"",""long int"",""bool"",""Scalar"",""Scalar"",""Scalar"",""Scalar"",""Scalar"",""Scalar""]",both,"[""operator_shape_matched""]","[""operator_shape_matched""]",1,1,1,1,1.344,1.376,1e-05,1.7e-05,6e-06
triton_poi_fused___and_____or___add_bitwise_not_ge_lt_mul_sub_0,"[[62],[62],[62],[],[],[],[],[],[]]","[""int"",""long int"",""bool"",""Scalar"",""Scalar"",""Scalar"",""Scalar"",""Scalar"",""Scalar""]",both,"[""operator_shape_matched""]","[""operator_shape_matched""]",1,1,1,1,1.472,1.344,1.1e-05,1.6e-05,5e-06
triton_poi_fused___and_____or___add_bitwise_not_ge_lt_mul_sub_0,"[[63],[63],[63],[],[],[],[],[],[]]","[""int"",""long int"",""bool"",""Scalar"",""Scalar"",""Scalar"",""Scalar"",""Scalar"",""Scalar""]",both,"[""operator_shape_matched""]","[""operator_shape_matched""]",1,1,2,2,2.656,2.688,2.1e-05,3.3e-05,1.2e-05
triton_poi_fused___and_____or___add_bitwise_not_ge_lt_mul_sub_0,"[[64],[64],[64],[],[],[],[],[],[]]","[""int"",""long int"",""bool"",""Scalar"",""Scalar"",""Scalar"",""Scalar"",""Scalar"",""Scalar""]",both,"[""operator_shape_matched""]","[""operator_shape_matched""]",1,1,478,222,583.308,270.51,0.00454,0.003282,-0.001258
triton_poi_fused___and_____or___add_bitwise_not_ge_lt_mul_sub_0,"[[6],[6],[6],[],[],[],[],[],[]]","[""int"",""long int"",""bool"",""Scalar"",""Scalar"",""Scalar"",""Scalar"",""Scalar"",""Scalar""]",both,"[""operator_shape_matched""]","[""operator_shape_matched""]",1,1,1,1,1.248,1.216,1e-05,1.5e-05,5e-06
triton_poi_fused___and_____or___add_bitwise_not_ge_lt_mul_sub_0,"[[8192],[8192],[8192],[],[],[],[],[],[]]","[""int"",""long int"",""bool"",""Scalar"",""Scalar"",""Scalar"",""Scalar"",""Scalar"",""Scalar""]",both,"[""operator_shape_matched""]","[""operator_shape_matched""]",1,1,31,31,51.461,51.139,0.0004,0.00062,0.00022
triton_poi_fused___and_____or___add_bitwise_not_ge_lt_mul_sub_0,"[[8],[8],[8],[],[],[],[],[],[]]","[""int"",""long int"",""bool"",""Scalar"",""Scalar"",""Scalar"",""Scalar"",""Scalar"",""Scalar""]",both,"[""operator_shape_matched""]","[""operator_shape_matched""]",1,1,1,1,1.12,1.088,9e-06,1.3e-05,4e-06
triton_poi_fused___and_____or___add_ge_lt_mul_sub_0,"[[1],[1],[],[],[],[],[],[]]","[""int"",""long int"",""Scalar"",""Scalar"",""Scalar"",""Scalar"",""Scalar"",""Scalar""]",both,"[""operator_shape_matched""]","[""operator_shape_matched""]",1,1,1,1,1.216,1.216,9e-06,1.5e-05,5e-06
triton_poi_fused___and_____or___bitwise_not_ge_lt_1,"[[1],[1],[],[],[],[],[]]","[""int"",""bool"",""Scalar"",""Scalar"",""Scalar"",""Scalar"",""Scalar""]",both,"[""operator_shape_matched""]","[""operator_shape_matched""]",1,1,1,1,1.056,1.056,8e-06,1.3e-05,5e-06
vllm::moe_forward_shared,"[[1,2048],[1,2048],[1,2048],[],[],[]]","[""c10::BFloat16"",""c10::BFloat16"",""c10::BFloat16"","""","""",""Scalar""]",both,"[""operator_shape_matched""]","[""operator_shape_matched""]",4,4,200,200,979.196,916.528,0.007621,0.01112,0.0035
vllm::moe_forward_shared,"[[10,2048],[10,2048],[10,2048],[],[],[]]","[""c10::BFloat16"",""c10::BFloat16"",""c10::BFloat16"","""","""",""Scalar""]",both,"[""operator_shape_matched""]","[""operator_shape_matched""]",7,7,320,320,2770.963,2898.777,0.021565,0.035171,0.013606
vllm::moe_forward_shared,"[[12,2048],[12,2048],[12,2048],[],[],[]]","[""c10::BFloat16"",""c10::BFloat16"",""c10::BFloat16"","""","""",""Scalar""]",both,"[""operator_shape_matched""]","[""operator_shape_matched""]",7,7,320,320,2986.109,3037.379,0.02324,0.036853,0.013613
vllm::moe_forward_shared,"[[14,2048],[14,2048],[14,2048],[],[],[]]","[""c10::BFloat16"",""c10::BFloat16"",""c10::BFloat16"","""","""",""Scalar""]",both,"[""operator_shape_matched""]","[""operator_shape_matched""]",7,7,320,320,3379.94,3281.389,0.026305,0.039813,0.013509
vllm::moe_forward_shared,"[[16,2048],[16,2048],[16,2048],[],[],[]]","[""c10::BFloat16"",""c10::BFloat16"",""c10::BFloat16"","""","""",""Scalar""]",both,"[""operator_shape_matched""]","[""operator_shape_matched""]",7,7,320,320,3637.696,3450.888,0.028311,0.04187,0.013559
vllm::moe_forward_shared,"[[18,2048],[18,2048],[18,2048],[],[],[]]","[""c10::BFloat16"",""c10::BFloat16"",""c10::BFloat16"","""","""",""Scalar""]",both,"[""operator_shape_matched""]","[""operator_shape_matched""]",7,7,320,320,3824.561,3687.019,0.029765,0.044735,0.01497
vllm::moe_forward_shared,"[[2,2048],[2,2048],[2,2048],[],[],[]]","[""c10::BFloat16"",""c10::BFloat16"",""c10::BFloat16"","""","""",""Scalar""]",both,"[""operator_shape_matched""]","[""operator_shape_matched""]",4,4,200,200,1158.519,1141.053,0.009016,0.013844,0.004828
vllm::moe_forward_shared,"[[20,2048],[20,2048],[20,2048],[],[],[]]","[""c10::BFloat16"",""c10::BFloat16"",""c10::BFloat16"","""","""",""Scalar""]",both,"[""operator_shape_matched""]","[""operator_shape_matched""]",7,7,320,320,3955.474,3658.195,0.030784,0.044385,0.013601
vllm::moe_forward_shared,"[[22,2048],[22,2048],[22,2048],[],[],[]]","[""c10::BFloat16"",""c10::BFloat16"",""c10::BFloat16"","""","""",""Scalar""]",both,"[""operator_shape_matched""]","[""operator_shape_matched""]",7,7,320,320,4155.436,3760.831,0.03234,0.04563,0.01329
vllm::moe_forward_shared,"[[24,2048],[24,2048],[24,2048],[],[],[]]","[""c10::BFloat16"",""c10::BFloat16"",""c10::BFloat16"","""","""",""Scalar""]",both,"[""operator_shape_matched""]","[""operator_shape_matched""]",7,7,320,320,4267.598,3836.433,0.033213,0.046548,0.013335
vllm::moe_forward_shared,"[[26,2048],[26,2048],[26,2048],[],[],[]]","[""c10::BFloat16"",""c10::BFloat16"",""c10::BFloat16"","""","""",""Scalar""]",both,"[""operator_shape_matched""]","[""operator_shape_matched""]",7,7,320,320,4328.827,3996.43,0.033689,0.048489,0.014799
vllm::moe_forward_shared,"[[28,2048],[28,2048],[28,2048],[],[],[]]","[""c10::BFloat16"",""c10::BFloat16"",""c10::BFloat16"","""","""",""Scalar""]",both,"[""operator_shape_matched""]","[""operator_shape_matched""]",7,7,320,320,4557.313,4240.258,0.035468,0.051447,0.01598
vllm::moe_forward_shared,"[[30,2048],[30,2048],[30,2048],[],[],[]]","[""c10::BFloat16"",""c10::BFloat16"",""c10::BFloat16"","""","""",""Scalar""]",both,"[""operator_shape_matched""]","[""operator_shape_matched""]",7,7,320,320,4660.801,4471.805,0.036273,0.054257,0.017984
vllm::moe_forward_shared,"[[32,2048],[32,2048],[32,2048],[],[],[]]","[""c10::BFloat16"",""c10::BFloat16"",""c10::BFloat16"","""","""",""Scalar""]",both,"[""operator_shape_matched""]","[""operator_shape_matched""]",7,7,320,320,4867.65,4502.079,0.037883,0.054624,0.016741
vllm::moe_forward_shared,"[[34,2048],[34,2048],[34,2048],[],[],[]]","[""c10::BFloat16"",""c10::BFloat16"",""c10::BFloat16"","""","""",""Scalar""]",both,"[""operator_shape_matched""]","[""operator_shape_matched""]",7,7,320,320,4909.465,4614.364,0.038208,0.055986,0.017778
vllm::moe_forward_shared,"[[36,2048],[36,2048],[36,2048],[],[],[]]","[""c10::BFloat16"",""c10::BFloat16"",""c10::BFloat16"","""","""",""Scalar""]",both,"[""operator_shape_matched""]","[""operator_shape_matched""]",7,7,320,320,4810.446,4405.773,0.037438,0.053455,0.016018
vllm::moe_forward_shared,"[[38,2048],[38,2048],[38,2048],[],[],[]]","[""c10::BFloat16"",""c10::BFloat16"",""c10::BFloat16"","""","""",""Scalar""]",both,"[""operator_shape_matched""]","[""operator_shape_matched""]",7,7,320,320,5001.123,4628.95,0.038922,0.056163,0.017242
vllm::moe_forward_shared,"[[4,2048],[4,2048],[4,2048],[],[],[]]","[""c10::BFloat16"",""c10::BFloat16"",""c10::BFloat16"","""","""",""Scalar""]",both,"[""operator_shape_matched""]","[""operator_shape_matched""]",4,4,200,200,1688.969,1715.103,0.013145,0.020809,0.007665
vllm::moe_forward_shared,"[[40,2048],[40,2048],[40,2048],[],[],[]]","[""c10::BFloat16"",""c10::BFloat16"",""c10::BFloat16"","""","""",""Scalar""]",both,"[""operator_shape_matched""]","[""operator_shape_matched""]",7,7,320,320,5180.862,4612.999,0.04032,0.05597,0.015649
vllm::moe_forward_shared,"[[4096,2048],[4096,2048],[4096,2048],[],[],[]]","[""c10::BFloat16"",""c10::BFloat16"",""c10::BFloat16"","""","""",""Scalar""]",both,"[""operator_shape_matched""]","[""operator_shape_matched""]",6,6,280,280,16246.619,16318.346,0.126441,0.197991,0.071551
vllm::moe_forward_shared,"[[42,2048],[42,2048],[42,2048],[],[],[]]","[""c10::BFloat16"",""c10::BFloat16"",""c10::BFloat16"","""","""",""Scalar""]",both,"[""operator_shape_matched""]","[""operator_shape_matched""]",7,7,320,320,5299.984,4823.435,0.041248,0.058523,0.017275
vllm::moe_forward_shared,"[[44,2048],[44,2048],[44,2048],[],[],[]]","[""c10::BFloat16"",""c10::BFloat16"",""c10::BFloat16"","""","""",""Scalar""]",both,"[""operator_shape_matched""]","[""operator_shape_matched""]",7,7,320,320,5081.166,4856.228,0.039545,0.058921,0.019376
vllm::moe_forward_shared,"[[46,2048],[46,2048],[46,2048],[],[],[]]","[""c10::BFloat16"",""c10::BFloat16"",""c10::BFloat16"","""","""",""Scalar""]",both,"[""operator_shape_matched""]","[""operator_shape_matched""]",7,7,320,320,5430.838,4983.374,0.042266,0.060463,0.018198
vllm::moe_forward_shared,"[[48,2048],[48,2048],[48,2048],[],[],[]]","[""c10::BFloat16"",""c10::BFloat16"",""c10::BFloat16"","""","""",""Scalar""]",both,"[""operator_shape_matched""]","[""operator_shape_matched""]",7,7,320,320,5198.157,4972.355,0.040455,0.06033,0.019875
vllm::moe_forward_shared,"[[50,2048],[50,2048],[50,2048],[],[],[]]","[""c10::BFloat16"",""c10::BFloat16"",""c10::BFloat16"","""","""",""Scalar""]",both,"[""operator_shape_matched""]","[""operator_shape_matched""]",7,7,320,320,5365.378,5164.371,0.041756,0.06266,0.020903
vllm::moe_forward_shared,"[[5089,2048],[5089,2048],[5089,2048],[],[],[]]","[""c10::BFloat16"",""c10::BFloat16"",""c10::BFloat16"","""","""",""Scalar""]",both,"[""operator_shape_matched""]","[""operator_shape_matched""]",6,6,280,280,18771.068,18723.157,0.146087,0.227169,0.081082
vllm::moe_forward_shared,"[[52,2048],[52,2048],[52,2048],[],[],[]]","[""c10::BFloat16"",""c10::BFloat16"",""c10::BFloat16"","""","""",""Scalar""]",both,"[""operator_shape_matched""]","[""operator_shape_matched""]",7,7,320,320,5504.98,5106.693,0.042843,0.06196,0.019117
vllm::moe_forward_shared,"[[54,2048],[54,2048],[54,2048],[],[],[]]","[""c10::BFloat16"",""c10::BFloat16"",""c10::BFloat16"","""","""",""Scalar""]",both,"[""operator_shape_matched""]","[""operator_shape_matched""]",7,7,320,320,5746.139,5293.68,0.04472,0.064228,0.019509
vllm::moe_forward_shared,"[[56,2048],[56,2048],[56,2048],[],[],[]]","[""c10::BFloat16"",""c10::BFloat16"",""c10::BFloat16"","""","""",""Scalar""]",both,"[""operator_shape_matched""]","[""operator_shape_matched""]",7,7,320,320,6098.704,5113.449,0.047464,0.062042,0.014578
vllm::moe_forward_shared,"[[58,2048],[58,2048],[58,2048],[],[],[]]","[""c10::BFloat16"",""c10::BFloat16"",""c10::BFloat16"","""","""",""Scalar""]",both,"[""operator_shape_matched""]","[""operator_shape_matched""]",7,7,320,320,6073.25,5221.472,0.047266,0.063352,0.016087
vllm::moe_forward_shared,"[[6,2048],[6,2048],[6,2048],[],[],[]]","[""c10::BFloat16"",""c10::BFloat16"",""c10::BFloat16"","""","""",""Scalar""]",both,"[""operator_shape_matched""]","[""operator_shape_matched""]",4,4,200,200,2098.473,2106.255,0.016332,0.025555,0.009224
vllm::moe_forward_shared,"[[60,2048],[60,2048],[60,2048],[],[],[]]","[""c10::BFloat16"",""c10::BFloat16"",""c10::BFloat16"","""","""",""Scalar""]",both,"[""operator_shape_matched""]","[""operator_shape_matched""]",7,7,320,320,5910.426,5427.789,0.045998,0.065856,0.019857
vllm::moe_forward_shared,"[[62,2048],[62,2048],[62,2048],[],[],[]]","[""c10::BFloat16"",""c10::BFloat16"",""c10::BFloat16"","""","""",""Scalar""]",both,"[""operator_shape_matched""]","[""operator_shape_matched""]",7,7,320,320,6067.256,5560.216,0.047219,0.067462,0.020243
vllm::moe_forward_shared,"[[63,2048],[63,2048],[63,2048],[],[],[]]","[""c10::BFloat16"",""c10::BFloat16"",""c10::BFloat16"","""","""",""Scalar""]",both,"[""operator_shape_matched""]","[""operator_shape_matched""]",7,7,640,640,12259.733,10889.268,0.095412,0.13212,0.036708
vllm::moe_forward_shared,"[[64,2048],[64,2048],[64,2048],[],[],[]]","[""c10::BFloat16"",""c10::BFloat16"",""c10::BFloat16"","""","""",""Scalar""]",both,"[""operator_shape_matched""]","[""operator_shape_matched""]",7,7,152960,71040,2645170.693,1209868.11,20.586245,14.679384,-5.906861
vllm::moe_forward_shared,"[[8,2048],[8,2048],[8,2048],[],[],[]]","[""c10::BFloat16"",""c10::BFloat16"",""c10::BFloat16"","""","""",""Scalar""]",both,"[""operator_shape_matched""]","[""operator_shape_matched""]",4,4,200,200,2332.275,2493.109,0.018151,0.030249,0.012098
vllm::moe_forward_shared,"[[8192,2048],[8192,2048],[8192,2048],[],[],[]]","[""c10::BFloat16"",""c10::BFloat16"",""c10::BFloat16"","""","""",""Scalar""]",both,"[""operator_shape_matched""]","[""operator_shape_matched""]",6,6,8680,8680,794412.136,793964.975,6.182574,9.633212,3.450639
vllm::qwen_gdn_attention_core,"[[1,4096],[1,16],[1,16],[1,16,128],[],[]]","[""c10::BFloat16"",""c10::BFloat16"",""c10::BFloat16"",""c10::BFloat16"","""",""Scalar""]",both,"[""operator_shape_matched""]","[""operator_shape_matched""]",2,2,60,60,225.476,224.739,0.001755,0.002727,0.000972
vllm::qwen_gdn_attention_core,"[[10,4096],[10,16],[10,16],[10,16,128],[],[]]","[""c10::BFloat16"",""c10::BFloat16"",""c10::BFloat16"",""c10::BFloat16"","""",""Scalar""]",both,"[""operator_shape_matched""]","[""operator_shape_matched""]",2,2,60,60,368.714,367.054,0.00287,0.004453,0.001584
vllm::qwen_gdn_attention_core,"[[12,4096],[12,16],[12,16],[12,16,128],[],[]]","[""c10::BFloat16"",""c10::BFloat16"",""c10::BFloat16"",""c10::BFloat16"","""",""Scalar""]",both,"[""operator_shape_matched""]","[""operator_shape_matched""]",2,2,60,60,394.124,392.361,0.003067,0.004761,0.001693
vllm::qwen_gdn_attention_core,"[[14,4096],[14,16],[14,16],[14,16,128],[],[]]","[""c10::BFloat16"",""c10::BFloat16"",""c10::BFloat16"",""c10::BFloat16"","""",""Scalar""]",both,"[""operator_shape_matched""]","[""operator_shape_matched""]",2,2,60,60,435.146,435.661,0.003387,0.005286,0.001899
vllm::qwen_gdn_attention_core,"[[16,4096],[16,16],[16,16],[16,16,128],[],[]]","[""c10::BFloat16"",""c10::BFloat16"",""c10::BFloat16"",""c10::BFloat16"","""",""Scalar""]",both,"[""operator_shape_matched""]","[""operator_shape_matched""]",2,2,60,60,477.639,476.199,0.003717,0.005778,0.00206
vllm::qwen_gdn_attention_core,"[[18,4096],[18,16],[18,16],[18,16,128],[],[]]","[""c10::BFloat16"",""c10::BFloat16"",""c10::BFloat16"",""c10::BFloat16"","""",""Scalar""]",both,"[""operator_shape_matched""]","[""operator_shape_matched""]",2,2,60,60,516.332,516.201,0.004018,0.006263,0.002245
vllm::qwen_gdn_attention_core,"[[2,4096],[2,16],[2,16],[2,16,128],[],[]]","[""c10::BFloat16"",""c10::BFloat16"",""c10::BFloat16"",""c10::BFloat16"","""",""Scalar""]",both,"[""operator_shape_matched""]","[""operator_shape_matched""]",2,2,60,60,235.555,236.419,0.001833,0.002868,0.001035
vllm::qwen_gdn_attention_core,"[[20,4096],[20,16],[20,16],[20,16,128],[],[]]","[""c10::BFloat16"",""c10::BFloat16"",""c10::BFloat16"",""c10::BFloat16"","""",""Scalar""]",both,"[""operator_shape_matched""]","[""operator_shape_matched""]",2,2,60,60,575.278,573.732,0.004477,0.006961,0.002484
vllm::qwen_gdn_attention_core,"[[22,4096],[22,16],[22,16],[22,16,128],[],[]]","[""c10::BFloat16"",""c10::BFloat16"",""c10::BFloat16"",""c10::BFloat16"","""",""Scalar""]",both,"[""operator_shape_matched""]","[""operator_shape_matched""]",2,2,60,60,612.43,615.693,0.004766,0.00747,0.002704
vllm::qwen_gdn_attention_core,"[[24,4096],[24,16],[24,16],[24,16,128],[],[]]","[""c10::BFloat16"",""c10::BFloat16"",""c10::BFloat16"",""c10::BFloat16"","""",""Scalar""]",both,"[""operator_shape_matched""]","[""operator_shape_matched""]",2,2,60,60,642.673,644.944,0.005002,0.007825,0.002823
vllm::qwen_gdn_attention_core,"[[26,4096],[26,16],[26,16],[26,16,128],[],[]]","[""c10::BFloat16"",""c10::BFloat16"",""c10::BFloat16"",""c10::BFloat16"","""",""Scalar""]",both,"[""operator_shape_matched""]","[""operator_shape_matched""]",2,2,60,60,678.607,680.048,0.005281,0.008251,0.00297
vllm::qwen_gdn_attention_core,"[[28,4096],[28,16],[28,16],[28,16,128],[],[]]","[""c10::BFloat16"",""c10::BFloat16"",""c10::BFloat16"",""c10::BFloat16"","""",""Scalar""]",both,"[""operator_shape_matched""]","[""operator_shape_matched""]",2,2,60,60,708.659,706.288,0.005515,0.008569,0.003054
vllm::qwen_gdn_attention_core,"[[30,4096],[30,16],[30,16],[30,16,128],[],[]]","[""c10::BFloat16"",""c10::BFloat16"",""c10::BFloat16"",""c10::BFloat16"","""",""Scalar""]",both,"[""operator_shape_matched""]","[""operator_shape_matched""]",2,2,60,60,744.464,745.584,0.005794,0.009046,0.003252
vllm::qwen_gdn_attention_core,"[[32,4096],[32,16],[32,16],[32,16,128],[],[]]","[""c10::BFloat16"",""c10::BFloat16"",""c10::BFloat16"",""c10::BFloat16"","""",""Scalar""]",both,"[""operator_shape_matched""]","[""operator_shape_matched""]",2,2,60,60,787.788,790.707,0.006131,0.009594,0.003463
vllm::qwen_gdn_attention_core,"[[34,4096],[34,16],[34,16],[34,16,128],[],[]]","[""c10::BFloat16"",""c10::BFloat16"",""c10::BFloat16"",""c10::BFloat16"","""",""Scalar""]",both,"[""operator_shape_matched""]","[""operator_shape_matched""]",2,2,60,60,826.513,830.384,0.006432,0.010075,0.003643
vllm::qwen_gdn_attention_core,"[[36,4096],[36,16],[36,16],[36,16,128],[],[]]","[""c10::BFloat16"",""c10::BFloat16"",""c10::BFloat16"",""c10::BFloat16"","""",""Scalar""]",both,"[""operator_shape_matched""]","[""operator_shape_matched""]",2,2,60,60,857.069,857.497,0.00667,0.010404,0.003734
vllm::qwen_gdn_attention_core,"[[38,4096],[38,16],[38,16],[38,16,128],[],[]]","[""c10::BFloat16"",""c10::BFloat16"",""c10::BFloat16"",""c10::BFloat16"","""",""Scalar""]",both,"[""operator_shape_matched""]","[""operator_shape_matched""]",2,2,60,60,890.672,894.037,0.006932,0.010847,0.003916
vllm::qwen_gdn_attention_core,"[[4,4096],[4,16],[4,16],[4,16,128],[],[]]","[""c10::BFloat16"",""c10::BFloat16"",""c10::BFloat16"",""c10::BFloat16"","""",""Scalar""]",both,"[""operator_shape_matched""]","[""operator_shape_matched""]",2,2,60,60,268.712,267.623,0.002091,0.003247,0.001156
vllm::qwen_gdn_attention_core,"[[40,4096],[40,16],[40,16],[40,16,128],[],[]]","[""c10::BFloat16"",""c10::BFloat16"",""c10::BFloat16"",""c10::BFloat16"","""",""Scalar""]",both,"[""operator_shape_matched""]","[""operator_shape_matched""]",2,2,60,60,928.787,928.497,0.007228,0.011265,0.004037
vllm::qwen_gdn_attention_core,"[[4096,4096],[4096,16],[4096,16],[4096,16,128],[],[]]","[""c10::BFloat16"",""c10::BFloat16"",""c10::BFloat16"",""c10::BFloat16"","""",""Scalar""]",both,"[""operator_shape_matched""]","[""operator_shape_matched""]",3,3,90,90,7991.069,8001.98,0.062191,0.097088,0.034897
vllm::qwen_gdn_attention_core,"[[42,4096],[42,16],[42,16],[42,16,128],[],[]]","[""c10::BFloat16"",""c10::BFloat16"",""c10::BFloat16"",""c10::BFloat16"","""",""Scalar""]",both,"[""operator_shape_matched""]","[""operator_shape_matched""]",2,2,60,60,970.741,974.774,0.007555,0.011827,0.004272
vllm::qwen_gdn_attention_core,"[[44,4096],[44,16],[44,16],[44,16,128],[],[]]","[""c10::BFloat16"",""c10::BFloat16"",""c10::BFloat16"",""c10::BFloat16"","""",""Scalar""]",both,"[""operator_shape_matched""]","[""operator_shape_matched""]",2,2,60,60,1020.983,1015.898,0.007946,0.012326,0.00438
vllm::qwen_gdn_attention_core,"[[46,4096],[46,16],[46,16],[46,16,128],[],[]]","[""c10::BFloat16"",""c10::BFloat16"",""c10::BFloat16"",""c10::BFloat16"","""",""Scalar""]",both,"[""operator_shape_matched""]","[""operator_shape_matched""]",2,2,60,60,1067.122,1070.714,0.008305,0.012991,0.004686
vllm::qwen_gdn_attention_core,"[[48,4096],[48,16],[48,16],[48,16,128],[],[]]","[""c10::BFloat16"",""c10::BFloat16"",""c10::BFloat16"",""c10::BFloat16"","""",""Scalar""]",both,"[""operator_shape_matched""]","[""operator_shape_matched""]",2,2,60,60,1108.859,1106.773,0.00863,0.013429,0.004799
vllm::qwen_gdn_attention_core,"[[50,4096],[50,16],[50,16],[50,16,128],[],[]]","[""c10::BFloat16"",""c10::BFloat16"",""c10::BFloat16"",""c10::BFloat16"","""",""Scalar""]",both,"[""operator_shape_matched""]","[""operator_shape_matched""]",2,2,60,60,1155.667,1154.426,0.008994,0.014007,0.005013
vllm::qwen_gdn_attention_core,"[[5089,4096],[5089,16],[5089,16],[5089,16,128],[],[]]","[""c10::BFloat16"",""c10::BFloat16"",""c10::BFloat16"",""c10::BFloat16"","""",""Scalar""]",both,"[""operator_shape_matched""]","[""operator_shape_matched""]",4,4,120,120,9786.237,9773.922,0.076162,0.118587,0.042425
vllm::qwen_gdn_attention_core,"[[52,4096],[52,16],[52,16],[52,16,128],[],[]]","[""c10::BFloat16"",""c10::BFloat16"",""c10::BFloat16"",""c10::BFloat16"","""",""Scalar""]",both,"[""operator_shape_matched""]","[""operator_shape_matched""]",2,2,60,60,1204.89,1202.264,0.009377,0.014587,0.00521
vllm::qwen_gdn_attention_core,"[[54,4096],[54,16],[54,16],[54,16,128],[],[]]","[""c10::BFloat16"",""c10::BFloat16"",""c10::BFloat16"",""c10::BFloat16"","""",""Scalar""]",both,"[""operator_shape_matched""]","[""operator_shape_matched""]",2,2,60,60,1244.279,1249.503,0.009684,0.01516,0.005477
vllm::qwen_gdn_attention_core,"[[56,4096],[56,16],[56,16],[56,16,128],[],[]]","[""c10::BFloat16"",""c10::BFloat16"",""c10::BFloat16"",""c10::BFloat16"","""",""Scalar""]",both,"[""operator_shape_matched""]","[""operator_shape_matched""]",2,2,60,60,1289.594,1288.185,0.010036,0.01563,0.005593
vllm::qwen_gdn_attention_core,"[[58,4096],[58,16],[58,16],[58,16,128],[],[]]","[""c10::BFloat16"",""c10::BFloat16"",""c10::BFloat16"",""c10::BFloat16"","""",""Scalar""]",both,"[""operator_shape_matched""]","[""operator_shape_matched""]",2,2,60,60,1337.274,1341.021,0.010407,0.016271,0.005863
vllm::qwen_gdn_attention_core,"[[6,4096],[6,16],[6,16],[6,16,128],[],[]]","[""c10::BFloat16"",""c10::BFloat16"",""c10::BFloat16"",""c10::BFloat16"","""",""Scalar""]",both,"[""operator_shape_matched""]","[""operator_shape_matched""]",2,2,60,60,301.859,299.273,0.002349,0.003631,0.001282
vllm::qwen_gdn_attention_core,"[[60,4096],[60,16],[60,16],[60,16,128],[],[]]","[""c10::BFloat16"",""c10::BFloat16"",""c10::BFloat16"",""c10::BFloat16"","""",""Scalar""]",both,"[""operator_shape_matched""]","[""operator_shape_matched""]",2,2,60,60,1386.077,1382.269,0.010787,0.016771,0.005984
vllm::qwen_gdn_attention_core,"[[62,4096],[62,16],[62,16],[62,16,128],[],[]]","[""c10::BFloat16"",""c10::BFloat16"",""c10::BFloat16"",""c10::BFloat16"","""",""Scalar""]",both,"[""operator_shape_matched""]","[""operator_shape_matched""]",2,2,60,60,1424.799,1425.249,0.011089,0.017293,0.006204
vllm::qwen_gdn_attention_core,"[[63,4096],[63,16],[63,16],[63,16,128],[],[]]","[""c10::BFloat16"",""c10::BFloat16"",""c10::BFloat16"",""c10::BFloat16"","""",""Scalar""]",both,"[""operator_shape_matched""]","[""operator_shape_matched""]",2,2,120,120,2888.953,2888.503,0.022483,0.035046,0.012563
vllm::qwen_gdn_attention_core,"[[64,4096],[64,16],[64,16],[64,16,128],[],[]]","[""c10::BFloat16"",""c10::BFloat16"",""c10::BFloat16"",""c10::BFloat16"","""",""Scalar""]",both,"[""operator_shape_matched""]","[""operator_shape_matched""]",2,2,28680,13320,701014.686,325761.729,5.455701,3.952482,-1.503219
vllm::qwen_gdn_attention_core,"[[8,4096],[8,16],[8,16],[8,16,128],[],[]]","[""c10::BFloat16"",""c10::BFloat16"",""c10::BFloat16"",""c10::BFloat16"","""",""Scalar""]",both,"[""operator_shape_matched""]","[""operator_shape_matched""]",2,2,60,60,335.975,335.716,0.002615,0.004073,0.001459
vllm::qwen_gdn_attention_core,"[[8192,4096],[8192,16],[8192,16],[8192,16,128],[],[]]","[""c10::BFloat16"",""c10::BFloat16"",""c10::BFloat16"",""c10::BFloat16"","""",""Scalar""]",both,"[""operator_shape_matched""]","[""operator_shape_matched""]",4,4,3720,3720,314488.643,314382.297,2.447532,3.814414,1.366882
vllm::unified_attention_with_output,"[[1,8,256],[1,1,256],[1,1,256],[1,8,256],[],[],[],[0]]","[""c10::BFloat16"",""c10::BFloat16"",""c10::BFloat16"",""c10::BFloat16"","""","""","""",""c10::BFloat16""]",both,"[""operator_shape_matched""]","[""operator_shape_matched""]",2,2,20,20,293.833,292.996,0.002287,0.003555,0.001268
vllm::unified_attention_with_output,"[[10,8,256],[10,1,256],[10,1,256],[10,8,256],[],[],[],[0]]","[""c10::BFloat16"",""c10::BFloat16"",""c10::BFloat16"",""c10::BFloat16"","""","""","""",""c10::BFloat16""]",both,"[""operator_shape_matched""]","[""operator_shape_matched""]",2,2,20,20,388.525,370.92,0.003024,0.0045,0.001477
vllm::unified_attention_with_output,"[[12,8,256],[12,1,256],[12,1,256],[12,8,256],[],[],[],[0]]","[""c10::BFloat16"",""c10::BFloat16"",""c10::BFloat16"",""c10::BFloat16"","""","""","""",""c10::BFloat16""]",both,"[""operator_shape_matched""]","[""operator_shape_matched""]",2,2,20,20,430.311,408.617,0.003349,0.004958,0.001609
vllm::unified_attention_with_output,"[[14,8,256],[14,1,256],[14,1,256],[14,8,256],[],[],[],[0]]","[""c10::BFloat16"",""c10::BFloat16"",""c10::BFloat16"",""c10::BFloat16"","""","""","""",""c10::BFloat16""]",both,"[""operator_shape_matched""]","[""operator_shape_matched""]",2,2,20,20,440.136,423.399,0.003425,0.005137,0.001712
vllm::unified_attention_with_output,"[[16,8,256],[16,1,256],[16,1,256],[16,8,256],[],[],[],[0]]","[""c10::BFloat16"",""c10::BFloat16"",""c10::BFloat16"",""c10::BFloat16"","""","""","""",""c10::BFloat16""]",both,"[""operator_shape_matched""]","[""operator_shape_matched""]",2,2,20,20,447.529,428.137,0.003483,0.005195,0.001712
vllm::unified_attention_with_output,"[[18,8,256],[18,1,256],[18,1,256],[18,8,256],[],[],[],[0]]","[""c10::BFloat16"",""c10::BFloat16"",""c10::BFloat16"",""c10::BFloat16"","""","""","""",""c10::BFloat16""]",both,"[""operator_shape_matched""]","[""operator_shape_matched""]",2,2,20,20,503.915,485.766,0.003922,0.005894,0.001972
vllm::unified_attention_with_output,"[[2,8,256],[2,1,256],[2,1,256],[2,8,256],[],[],[],[0]]","[""c10::BFloat16"",""c10::BFloat16"",""c10::BFloat16"",""c10::BFloat16"","""","""","""",""c10::BFloat16""]",both,"[""operator_shape_matched""]","[""operator_shape_matched""]",2,2,20,20,307.53,293.639,0.002393,0.003563,0.001169
vllm::unified_attention_with_output,"[[20,8,256],[20,1,256],[20,1,256],[20,8,256],[],[],[],[0]]","[""c10::BFloat16"",""c10::BFloat16"",""c10::BFloat16"",""c10::BFloat16"","""","""","""",""c10::BFloat16""]",both,"[""operator_shape_matched""]","[""operator_shape_matched""]",2,2,20,20,517.737,493.066,0.004029,0.005982,0.001953
vllm::unified_attention_with_output,"[[22,8,256],[22,1,256],[22,1,256],[22,8,256],[],[],[],[0]]","[""c10::BFloat16"",""c10::BFloat16"",""c10::BFloat16"",""c10::BFloat16"","""","""","""",""c10::BFloat16""]",both,"[""operator_shape_matched""]","[""operator_shape_matched""]",2,2,20,20,522.921,505.034,0.00407,0.006128,0.002058
vllm::unified_attention_with_output,"[[24,8,256],[24,1,256],[24,1,256],[24,8,256],[],[],[],[0]]","[""c10::BFloat16"",""c10::BFloat16"",""c10::BFloat16"",""c10::BFloat16"","""","""","""",""c10::BFloat16""]",both,"[""operator_shape_matched""]","[""operator_shape_matched""]",2,2,20,20,536.399,513.577,0.004175,0.006231,0.002057
vllm::unified_attention_with_output,"[[26,8,256],[26,1,256],[26,1,256],[26,8,256],[],[],[],[0]]","[""c10::BFloat16"",""c10::BFloat16"",""c10::BFloat16"",""c10::BFloat16"","""","""","""",""c10::BFloat16""]",both,"[""operator_shape_matched""]","[""operator_shape_matched""]",2,2,20,20,550.954,525.549,0.004288,0.006377,0.002089
vllm::unified_attention_with_output,"[[28,8,256],[28,1,256],[28,1,256],[28,8,256],[],[],[],[0]]","[""c10::BFloat16"",""c10::BFloat16"",""c10::BFloat16"",""c10::BFloat16"","""","""","""",""c10::BFloat16""]",both,"[""operator_shape_matched""]","[""operator_shape_matched""]",2,2,20,20,569.132,542.248,0.004429,0.006579,0.00215
vllm::unified_attention_with_output,"[[30,8,256],[30,1,256],[30,1,256],[30,8,256],[],[],[],[0]]","[""c10::BFloat16"",""c10::BFloat16"",""c10::BFloat16"",""c10::BFloat16"","""","""","""",""c10::BFloat16""]",both,"[""operator_shape_matched""]","[""operator_shape_matched""]",2,2,20,20,589.709,558.667,0.004589,0.006778,0.002189
vllm::unified_attention_with_output,"[[32,8,256],[32,1,256],[32,1,256],[32,8,256],[],[],[],[0]]","[""c10::BFloat16"",""c10::BFloat16"",""c10::BFloat16"",""c10::BFloat16"","""","""","""",""c10::BFloat16""]",both,"[""operator_shape_matched""]","[""operator_shape_matched""]",2,2,20,20,614.637,585.965,0.004783,0.00711,0.002326
vllm::unified_attention_with_output,"[[34,8,256],[34,1,256],[34,1,256],[34,8,256],[],[],[],[0]]","[""c10::BFloat16"",""c10::BFloat16"",""c10::BFloat16"",""c10::BFloat16"","""","""","""",""c10::BFloat16""]",both,"[""operator_shape_matched""]","[""operator_shape_matched""]",2,2,20,20,852.017,806.416,0.006631,0.009784,0.003153
vllm::unified_attention_with_output,"[[36,8,256],[36,1,256],[36,1,256],[36,8,256],[],[],[],[0]]","[""c10::BFloat16"",""c10::BFloat16"",""c10::BFloat16"",""c10::BFloat16"","""","""","""",""c10::BFloat16""]",both,"[""operator_shape_matched""]","[""operator_shape_matched""]",2,2,20,20,889.49,852.209,0.006923,0.01034,0.003417
vllm::unified_attention_with_output,"[[38,8,256],[38,1,256],[38,1,256],[38,8,256],[],[],[],[0]]","[""c10::BFloat16"",""c10::BFloat16"",""c10::BFloat16"",""c10::BFloat16"","""","""","""",""c10::BFloat16""]",both,"[""operator_shape_matched""]","[""operator_shape_matched""]",2,2,20,20,921.428,877.326,0.007171,0.010645,0.003474
vllm::unified_attention_with_output,"[[4,8,256],[4,1,256],[4,1,256],[4,8,256],[],[],[],[0]]","[""c10::BFloat16"",""c10::BFloat16"",""c10::BFloat16"",""c10::BFloat16"","""","""","""",""c10::BFloat16""]",both,"[""operator_shape_matched""]","[""operator_shape_matched""]",2,2,20,20,318.117,305.25,0.002476,0.003704,0.001228
vllm::unified_attention_with_output,"[[40,8,256],[40,1,256],[40,1,256],[40,8,256],[],[],[],[0]]","[""c10::BFloat16"",""c10::BFloat16"",""c10::BFloat16"",""c10::BFloat16"","""","""","""",""c10::BFloat16""]",both,"[""operator_shape_matched""]","[""operator_shape_matched""]",2,2,20,20,964.468,909.908,0.007506,0.01104,0.003534
vllm::unified_attention_with_output,"[[4096,8,256],[4096,1,256],[4096,1,256],[4096,8,256],[],[],[],[0]]","[""c10::BFloat16"",""c10::BFloat16"",""c10::BFloat16"",""c10::BFloat16"","""","""","""",""c10::BFloat16""]",both,"[""operator_shape_matched""]","[""operator_shape_matched""]",1,1,10,10,9357.023,9390.75,0.072822,0.113938,0.041117
vllm::unified_attention_with_output,"[[42,8,256],[42,1,256],[42,1,256],[42,8,256],[],[],[],[0]]","[""c10::BFloat16"",""c10::BFloat16"",""c10::BFloat16"",""c10::BFloat16"","""","""","""",""c10::BFloat16""]",both,"[""operator_shape_matched""]","[""operator_shape_matched""]",2,2,20,20,986.419,936.595,0.007677,0.011364,0.003687
vllm::unified_attention_with_output,"[[44,8,256],[44,1,256],[44,1,256],[44,8,256],[],[],[],[0]]","[""c10::BFloat16"",""c10::BFloat16"",""c10::BFloat16"",""c10::BFloat16"","""","""","""",""c10::BFloat16""]",both,"[""operator_shape_matched""]","[""operator_shape_matched""]",2,2,20,20,1027.093,979.03,0.007993,0.011879,0.003885
vllm::unified_attention_with_output,"[[46,8,256],[46,1,256],[46,1,256],[46,8,256],[],[],[],[0]]","[""c10::BFloat16"",""c10::BFloat16"",""c10::BFloat16"",""c10::BFloat16"","""","""","""",""c10::BFloat16""]",both,"[""operator_shape_matched""]","[""operator_shape_matched""]",2,2,20,20,1039.059,989.654,0.008087,0.012008,0.003921
vllm::unified_attention_with_output,"[[48,8,256],[48,1,256],[48,1,256],[48,8,256],[],[],[],[0]]","[""c10::BFloat16"",""c10::BFloat16"",""c10::BFloat16"",""c10::BFloat16"","""","""","""",""c10::BFloat16""]",both,"[""operator_shape_matched""]","[""operator_shape_matched""]",2,2,20,20,1048.309,1001.459,0.008159,0.012151,0.003992
vllm::unified_attention_with_output,"[[50,8,256],[50,1,256],[50,1,256],[50,8,256],[],[],[],[0]]","[""c10::BFloat16"",""c10::BFloat16"",""c10::BFloat16"",""c10::BFloat16"","""","""","""",""c10::BFloat16""]",both,"[""operator_shape_matched""]","[""operator_shape_matched""]",2,2,20,20,1059.128,1012.272,0.008243,0.012282,0.004039
vllm::unified_attention_with_output,"[[5089,8,256],[5089,1,256],[5089,1,256],[5089,8,256],[],[],[],[0]]","[""c10::BFloat16"",""c10::BFloat16"",""c10::BFloat16"",""c10::BFloat16"","""","""","""",""c10::BFloat16""]",both,"[""operator_shape_matched""]","[""operator_shape_matched""]",1,1,10,10,13411.891,13373.267,0.104379,0.162258,0.057879
vllm::unified_attention_with_output,"[[52,8,256],[52,1,256],[52,1,256],[52,8,256],[],[],[],[0]]","[""c10::BFloat16"",""c10::BFloat16"",""c10::BFloat16"",""c10::BFloat16"","""","""","""",""c10::BFloat16""]",both,"[""operator_shape_matched""]","[""operator_shape_matched""]",2,2,20,20,1072.374,1024.534,0.008346,0.012431,0.004085
vllm::unified_attention_with_output,"[[54,8,256],[54,1,256],[54,1,256],[54,8,256],[],[],[],[0]]","[""c10::BFloat16"",""c10::BFloat16"",""c10::BFloat16"",""c10::BFloat16"","""","""","""",""c10::BFloat16""]",both,"[""operator_shape_matched""]","[""operator_shape_matched""]",2,2,20,20,1085.653,1036.823,0.008449,0.01258,0.004131
vllm::unified_attention_with_output,"[[56,8,256],[56,1,256],[56,1,256],[56,8,256],[],[],[],[0]]","[""c10::BFloat16"",""c10::BFloat16"",""c10::BFloat16"",""c10::BFloat16"","""","""","""",""c10::BFloat16""]",both,"[""operator_shape_matched""]","[""operator_shape_matched""]",2,2,20,20,1099.575,1050.899,0.008558,0.012751,0.004193
vllm::unified_attention_with_output,"[[58,8,256],[58,1,256],[58,1,256],[58,8,256],[],[],[],[0]]","[""c10::BFloat16"",""c10::BFloat16"",""c10::BFloat16"",""c10::BFloat16"","""","""","""",""c10::BFloat16""]",both,"[""operator_shape_matched""]","[""operator_shape_matched""]",2,2,20,20,1113.078,1062.843,0.008663,0.012896,0.004233
vllm::unified_attention_with_output,"[[6,8,256],[6,1,256],[6,1,256],[6,8,256],[],[],[],[0]]","[""c10::BFloat16"",""c10::BFloat16"",""c10::BFloat16"",""c10::BFloat16"","""","""","""",""c10::BFloat16""]",both,"[""operator_shape_matched""]","[""operator_shape_matched""]",2,2,20,20,364.395,350.181,0.002836,0.004249,0.001413
vllm::unified_attention_with_output,"[[60,8,256],[60,1,256],[60,1,256],[60,8,256],[],[],[],[0]]","[""c10::BFloat16"",""c10::BFloat16"",""c10::BFloat16"",""c10::BFloat16"","""","""","""",""c10::BFloat16""]",both,"[""operator_shape_matched""]","[""operator_shape_matched""]",2,2,20,20,1134.549,1079.737,0.00883,0.0131,0.004271
vllm::unified_attention_with_output,"[[62,8,256],[62,1,256],[62,1,256],[62,8,256],[],[],[],[0]]","[""c10::BFloat16"",""c10::BFloat16"",""c10::BFloat16"",""c10::BFloat16"","""","""","""",""c10::BFloat16""]",both,"[""operator_shape_matched""]","[""operator_shape_matched""]",2,2,20,20,1152.506,1100.405,0.008969,0.013351,0.004382
vllm::unified_attention_with_output,"[[63,8,256],[63,1,256],[63,1,256],[63,8,256],[],[],[],[0]]","[""c10::BFloat16"",""c10::BFloat16"",""c10::BFloat16"",""c10::BFloat16"","""","""","""",""c10::BFloat16""]",both,"[""operator_shape_matched""]","[""operator_shape_matched""]",2,2,40,40,2328.654,2213.421,0.018123,0.026856,0.008733
vllm::unified_attention_with_output,"[[64,8,256],[64,1,256],[64,1,256],[64,8,256],[],[],[],[0]]","[""c10::BFloat16"",""c10::BFloat16"",""c10::BFloat16"",""c10::BFloat16"","""","""","""",""c10::BFloat16""]",both,"[""operator_shape_matched""]","[""operator_shape_matched""]",2,2,9560,4440,542551.82,245832.329,4.222451,2.982695,-1.239757
vllm::unified_attention_with_output,"[[8,8,256],[8,1,256],[8,1,256],[8,8,256],[],[],[],[0]]","[""c10::BFloat16"",""c10::BFloat16"",""c10::BFloat16"",""c10::BFloat16"","""","""","""",""c10::BFloat16""]",both,"[""operator_shape_matched""]","[""operator_shape_matched""]",2,2,20,20,373.35,358.566,0.002906,0.00435,0.001445
vllm::unified_attention_with_output,"[[8192,8,256],[8192,1,256],[8192,1,256],[8192,8,256],[],[],[],[0]]","[""c10::BFloat16"",""c10::BFloat16"",""c10::BFloat16"",""c10::BFloat16"","""","""","""",""c10::BFloat16""]",both,"[""operator_shape_matched""]","[""operator_shape_matched""]",1,1,310,310,561464.177,561187.621,4.369638,6.808914,2.439276
vllm::unified_kv_cache_update,"[[1,1,256],[1,1,256],[]]","[""c10::BFloat16"",""c10::BFloat16"",""""]",both,"[""operator_shape_matched""]","[""operator_shape_matched""]",1,1,10,10,15.073,14.239,0.000117,0.000173,5.5e-05
vllm::unified_kv_cache_update,"[[10,1,256],[10,1,256],[]]","[""c10::BFloat16"",""c10::BFloat16"",""""]",both,"[""operator_shape_matched""]","[""operator_shape_matched""]",1,1,10,10,16.097,16.416,0.000125,0.000199,7.4e-05
vllm::unified_kv_cache_update,"[[12,1,256],[12,1,256],[]]","[""c10::BFloat16"",""c10::BFloat16"",""""]",both,"[""operator_shape_matched""]","[""operator_shape_matched""]",1,1,10,10,16.737,16.382,0.00013,0.000199,6.9e-05
vllm::unified_kv_cache_update,"[[14,1,256],[14,1,256],[]]","[""c10::BFloat16"",""c10::BFloat16"",""""]",both,"[""operator_shape_matched""]","[""operator_shape_matched""]",1,1,10,10,16.0,15.936,0.000125,0.000193,6.9e-05
vllm::unified_kv_cache_update,"[[16,1,256],[16,1,256],[]]","[""c10::BFloat16"",""c10::BFloat16"",""""]",both,"[""operator_shape_matched""]","[""operator_shape_matched""]",1,1,10,10,16.544,16.384,0.000129,0.000199,7e-05
vllm::unified_kv_cache_update,"[[18,1,256],[18,1,256],[]]","[""c10::BFloat16"",""c10::BFloat16"",""""]",both,"[""operator_shape_matched""]","[""operator_shape_matched""]",1,1,10,10,16.159,15.968,0.000126,0.000194,6.8e-05
vllm::unified_kv_cache_update,"[[2,1,256],[2,1,256],[]]","[""c10::BFloat16"",""c10::BFloat16"",""""]",both,"[""operator_shape_matched""]","[""operator_shape_matched""]",1,1,10,10,14.4,15.041,0.000112,0.000182,7e-05
vllm::unified_kv_cache_update,"[[20,1,256],[20,1,256],[]]","[""c10::BFloat16"",""c10::BFloat16"",""""]",both,"[""operator_shape_matched""]","[""operator_shape_matched""]",1,1,10,10,16.034,16.418,0.000125,0.000199,7.4e-05
vllm::unified_kv_cache_update,"[[22,1,256],[22,1,256],[]]","[""c10::BFloat16"",""c10::BFloat16"",""""]",both,"[""operator_shape_matched""]","[""operator_shape_matched""]",1,1,10,10,16.193,16.544,0.000126,0.000201,7.5e-05
vllm::unified_kv_cache_update,"[[24,1,256],[24,1,256],[]]","[""c10::BFloat16"",""c10::BFloat16"",""""]",both,"[""operator_shape_matched""]","[""operator_shape_matched""]",1,1,10,10,16.287,16.32,0.000127,0.000198,7.1e-05
vllm::unified_kv_cache_update,"[[26,1,256],[26,1,256],[]]","[""c10::BFloat16"",""c10::BFloat16"",""""]",both,"[""operator_shape_matched""]","[""operator_shape_matched""]",1,1,10,10,16.353,16.671,0.000127,0.000202,7.5e-05
vllm::unified_kv_cache_update,"[[28,1,256],[28,1,256],[]]","[""c10::BFloat16"",""c10::BFloat16"",""""]",both,"[""operator_shape_matched""]","[""operator_shape_matched""]",1,1,10,10,16.32,16.513,0.000127,0.0002,7.3e-05
vllm::unified_kv_cache_update,"[[30,1,256],[30,1,256],[]]","[""c10::BFloat16"",""c10::BFloat16"",""""]",both,"[""operator_shape_matched""]","[""operator_shape_matched""]",1,1,10,10,16.193,16.543,0.000126,0.000201,7.5e-05
vllm::unified_kv_cache_update,"[[32,1,256],[32,1,256],[]]","[""c10::BFloat16"",""c10::BFloat16"",""""]",both,"[""operator_shape_matched""]","[""operator_shape_matched""]",1,1,10,10,16.161,16.224,0.000126,0.000197,7.1e-05
vllm::unified_kv_cache_update,"[[34,1,256],[34,1,256],[]]","[""c10::BFloat16"",""c10::BFloat16"",""""]",both,"[""operator_shape_matched""]","[""operator_shape_matched""]",1,1,10,10,16.354,16.161,0.000127,0.000196,6.9e-05
vllm::unified_kv_cache_update,"[[36,1,256],[36,1,256],[]]","[""c10::BFloat16"",""c10::BFloat16"",""""]",both,"[""operator_shape_matched""]","[""operator_shape_matched""]",1,1,10,10,16.193,16.224,0.000126,0.000197,7.1e-05
vllm::unified_kv_cache_update,"[[38,1,256],[38,1,256],[]]","[""c10::BFloat16"",""c10::BFloat16"",""""]",both,"[""operator_shape_matched""]","[""operator_shape_matched""]",1,1,10,10,16.769,17.281,0.000131,0.00021,7.9e-05
vllm::unified_kv_cache_update,"[[4,1,256],[4,1,256],[]]","[""c10::BFloat16"",""c10::BFloat16"",""""]",both,"[""operator_shape_matched""]","[""operator_shape_matched""]",1,1,10,10,15.775,15.839,0.000123,0.000192,6.9e-05
vllm::unified_kv_cache_update,"[[40,1,256],[40,1,256],[]]","[""c10::BFloat16"",""c10::BFloat16"",""""]",both,"[""operator_shape_matched""]","[""operator_shape_matched""]",1,1,10,10,16.768,16.544,0.00013,0.000201,7e-05
vllm::unified_kv_cache_update,"[[4096,1,256],[4096,1,256],[]]","[""c10::BFloat16"",""c10::BFloat16"",""""]",both,"[""operator_shape_matched""]","[""operator_shape_matched""]",1,1,10,10,118.849,119.361,0.000925,0.001448,0.000523
vllm::unified_kv_cache_update,"[[42,1,256],[42,1,256],[]]","[""c10::BFloat16"",""c10::BFloat16"",""""]",both,"[""operator_shape_matched""]","[""operator_shape_matched""]",1,1,10,10,16.384,16.64,0.000128,0.000202,7.4e-05
vllm::unified_kv_cache_update,"[[44,1,256],[44,1,256],[]]","[""c10::BFloat16"",""c10::BFloat16"",""""]",both,"[""operator_shape_matched""]","[""operator_shape_matched""]",1,1,10,10,16.64,17.119,0.00013,0.000208,7.8e-05
vllm::unified_kv_cache_update,"[[46,1,256],[46,1,256],[]]","[""c10::BFloat16"",""c10::BFloat16"",""""]",both,"[""operator_shape_matched""]","[""operator_shape_matched""]",1,1,10,10,16.799,16.511,0.000131,0.0002,7e-05
vllm::unified_kv_cache_update,"[[48,1,256],[48,1,256],[]]","[""c10::BFloat16"",""c10::BFloat16"",""""]",both,"[""operator_shape_matched""]","[""operator_shape_matched""]",1,1,10,10,16.574,16.448,0.000129,0.0002,7.1e-05
vllm::unified_kv_cache_update,"[[50,1,256],[50,1,256],[]]","[""c10::BFloat16"",""c10::BFloat16"",""""]",both,"[""operator_shape_matched""]","[""operator_shape_matched""]",1,1,10,10,16.993,16.801,0.000132,0.000204,7.2e-05
vllm::unified_kv_cache_update,"[[5089,1,256],[5089,1,256],[]]","[""c10::BFloat16"",""c10::BFloat16"",""""]",both,"[""operator_shape_matched""]","[""operator_shape_matched""]",1,1,10,10,143.395,143.203,0.001116,0.001737,0.000622
vllm::unified_kv_cache_update,"[[52,1,256],[52,1,256],[]]","[""c10::BFloat16"",""c10::BFloat16"",""""]",both,"[""operator_shape_matched""]","[""operator_shape_matched""]",1,1,10,10,16.96,16.834,0.000132,0.000204,7.2e-05
vllm::unified_kv_cache_update,"[[54,1,256],[54,1,256],[]]","[""c10::BFloat16"",""c10::BFloat16"",""""]",both,"[""operator_shape_matched""]","[""operator_shape_matched""]",1,1,10,10,16.865,17.153,0.000131,0.000208,7.7e-05
vllm::unified_kv_cache_update,"[[56,1,256],[56,1,256],[]]","[""c10::BFloat16"",""c10::BFloat16"",""""]",both,"[""operator_shape_matched""]","[""operator_shape_matched""]",1,1,10,10,16.483,16.928,0.000128,0.000205,7.7e-05
vllm::unified_kv_cache_update,"[[58,1,256],[58,1,256],[]]","[""c10::BFloat16"",""c10::BFloat16"",""""]",both,"[""operator_shape_matched""]","[""operator_shape_matched""]",1,1,10,10,16.577,16.608,0.000129,0.000202,7.2e-05
vllm::unified_kv_cache_update,"[[6,1,256],[6,1,256],[]]","[""c10::BFloat16"",""c10::BFloat16"",""""]",both,"[""operator_shape_matched""]","[""operator_shape_matched""]",1,1,10,10,16.161,15.745,0.000126,0.000191,6.5e-05
vllm::unified_kv_cache_update,"[[60,1,256],[60,1,256],[]]","[""c10::BFloat16"",""c10::BFloat16"",""""]",both,"[""operator_shape_matched""]","[""operator_shape_matched""]",1,1,10,10,16.544,16.738,0.000129,0.000203,7.4e-05
vllm::unified_kv_cache_update,"[[62,1,256],[62,1,256],[]]","[""c10::BFloat16"",""c10::BFloat16"",""""]",both,"[""operator_shape_matched""]","[""operator_shape_matched""]",1,1,10,10,17.217,16.901,0.000134,0.000205,7.1e-05
vllm::unified_kv_cache_update,"[[63,1,256],[63,1,256],[]]","[""c10::BFloat16"",""c10::BFloat16"",""""]",both,"[""operator_shape_matched""]","[""operator_shape_matched""]",1,1,20,20,33.374,34.048,0.00026,0.000413,0.000153
vllm::unified_kv_cache_update,"[[64,1,256],[64,1,256],[]]","[""c10::BFloat16"",""c10::BFloat16"",""""]",both,"[""operator_shape_matched""]","[""operator_shape_matched""]",1,1,4780,2220,8075.192,3756.396,0.062846,0.045577,-0.017269
vllm::unified_kv_cache_update,"[[8,1,256],[8,1,256],[]]","[""c10::BFloat16"",""c10::BFloat16"",""""]",both,"[""operator_shape_matched""]","[""operator_shape_matched""]",1,1,10,10,16.288,16.0,0.000127,0.000194,6.7e-05
vllm::unified_kv_cache_update,"[[8192,1,256],[8192,1,256],[]]","[""c10::BFloat16"",""c10::BFloat16"",""""]",both,"[""operator_shape_matched""]","[""operator_shape_matched""]",1,1,310,310,6795.256,6792.134,0.052885,0.082409,0.029525
