kernel_name,variant_index,mapping_status,operator_name,input_shapes,input_dtypes,candidate_operators,kernel_event_count,kernel_time_us
fused_moe_kernel,1,missing_external_id,null,null,null,null,81920,5246599.46
fused_moe_kernel,2,operator_shape_matched,vllm::moe_forward_shared,"[[8192,2048],[8192,2048],[8192,2048],[],[],[]]","[""c10::BFloat16"",""c10::BFloat16"",""c10::BFloat16"","""","""",""Scalar""]",null,2480,767570.034
fused_moe_kernel,3,operator_shape_matched,vllm::moe_forward_shared,"[[5089,2048],[5089,2048],[5089,2048],[],[],[]]","[""c10::BFloat16"",""c10::BFloat16"",""c10::BFloat16"","""","""",""Scalar""]",null,80,18140.672
fused_moe_kernel,4,operator_shape_matched,vllm::moe_forward_shared,"[[4096,2048],[4096,2048],[4096,2048],[],[],[]]","[""c10::BFloat16"",""c10::BFloat16"",""c10::BFloat16"","""","""",""Scalar""]",null,80,15576.107
kernel_unified_attention,1,missing_external_id,null,null,null,null,10240,1137543.955
kernel_unified_attention,2,operator_shape_matched,vllm::unified_attention_with_output,"[[8192,8,256],[8192,1,256],[8192,1,256],[8192,8,256],[],[],[],[0]]","[""c10::BFloat16"",""c10::BFloat16"",""c10::BFloat16"",""c10::BFloat16"","""","""","""",""c10::BFloat16""]",null,310,560219.914
kernel_unified_attention,3,operator_shape_matched,vllm::unified_attention_with_output,"[[5089,8,256],[5089,1,256],[5089,1,256],[5089,8,256],[],[],[],[0]]","[""c10::BFloat16"",""c10::BFloat16"",""c10::BFloat16"",""c10::BFloat16"","""","""","""",""c10::BFloat16""]",null,10,13420.257
kernel_unified_attention,4,operator_shape_matched,vllm::unified_attention_with_output,"[[4096,8,256],[4096,1,256],[4096,1,256],[4096,8,256],[],[],[],[0]]","[""c10::BFloat16"",""c10::BFloat16"",""c10::BFloat16"",""c10::BFloat16"","""","""","""",""c10::BFloat16""]",null,10,9406.472
mm_kernel_general_host_tma,1,missing_external_id,null,null,null,null,112640,1032162.64
mm_kernel_general_host_tma,2,operator_shape_matched,aten::mm,"[[8192,2048],[2048,6144],[8192,6144]]","[""c10::BFloat16"",""c10::BFloat16"",""c10::BFloat16""]",null,930,295440.506
mm_kernel_general_host_tma,3,operator_shape_matched,aten::mm,"[[8192,2048],[2048,2048],[8192,2048]]","[""c10::BFloat16"",""c10::BFloat16"",""c10::BFloat16""]",null,1240,139900.187
mm_kernel_general_host_tma,4,operator_shape_matched,aten::mm,"[[8192,2048],[2048,4608],[8192,4608]]","[""c10::BFloat16"",""c10::BFloat16"",""c10::BFloat16""]",null,310,75868.499
mm_kernel_general_host_tma,5,operator_shape_matched,aten::mm,"[[8192,2048],[2048,32],[8192,32]]","[""c10::BFloat16"",""c10::BFloat16"",""c10::BFloat16""]",null,930,17138.972
mm_kernel_general_host_tma,6,operator_shape_matched,aten::mm,"[[5089,2048],[2048,6144],[5089,6144]]","[""c10::BFloat16"",""c10::BFloat16"",""c10::BFloat16""]",null,30,6234.949
mm_kernel_general_host_tma,7,operator_shape_matched,aten::mm,"[[4096,2048],[2048,6144],[4096,6144]]","[""c10::BFloat16"",""c10::BFloat16"",""c10::BFloat16""]",null,30,4921.518
mm_kernel_general_host_tma,8,operator_shape_matched,aten::mm,"[[5089,2048],[2048,2048],[5089,2048]]","[""c10::BFloat16"",""c10::BFloat16"",""c10::BFloat16""]",null,40,3066.654
mm_kernel_general_host_tma,9,operator_shape_matched,aten::mm,"[[4096,2048],[2048,2048],[4096,2048]]","[""c10::BFloat16"",""c10::BFloat16"",""c10::BFloat16""]",null,40,2155.886
mm_kernel_general_host_tma,10,operator_shape_matched,aten::mm,"[[5089,2048],[2048,4608],[5089,4608]]","[""c10::BFloat16"",""c10::BFloat16"",""c10::BFloat16""]",null,10,1496.352
mm_kernel_general_host_tma,11,operator_shape_matched,aten::mm,"[[4096,2048],[2048,4608],[4096,4608]]","[""c10::BFloat16"",""c10::BFloat16"",""c10::BFloat16""]",null,10,1235.867
mm_kernel_general_host_tma,12,operator_shape_matched,aten::mm,"[[5089,2048],[2048,32],[5089,32]]","[""c10::BFloat16"",""c10::BFloat16"",""c10::BFloat16""]",null,30,318.249
mm_kernel_general_host_tma,13,operator_shape_matched,aten::mm,"[[4096,2048],[2048,32],[4096,32]]","[""c10::BFloat16"",""c10::BFloat16"",""c10::BFloat16""]",null,30,294.215
fused_recurrent_gated_delta_rule_packed_decode_kernel,1,missing_external_id,null,null,null,null,30720,1379740.695
"void flashinfer::trtllm_allreduce_fusion::allreduce_fusion_kernel_oneshot_lamport<(flashinfer::trtllm_allreduce_fusion::AllReduceFusionPattern)1, __nv_bfloat16, 2, true, true>(flashinfer::trtllm_allreduce_fusion::AllReduceFusionParams<__nv_bfloat16>)",1,operator_shape_matched,vllm::flashinfer_trtllm_fused_allreduce_norm,"[[4096,2048],[4096,2048],[2048],[],[],[],[],[],[],[],[],[],[],[]]","[""c10::BFloat16"",""c10::BFloat16"",""c10::BFloat16"",""Scalar"",""Scalar"",""Scalar"",""Scalar"",""Scalar"",""Scalar"","""","""","""","""",""Scalar""]",null,40,380490.555
"void flashinfer::trtllm_allreduce_fusion::allreduce_fusion_kernel_oneshot_lamport<(flashinfer::trtllm_allreduce_fusion::AllReduceFusionPattern)1, __nv_bfloat16, 2, true, true>(flashinfer::trtllm_allreduce_fusion::AllReduceFusionParams<__nv_bfloat16>)",2,missing_external_id,null,null,null,null,40960,291860.537
"void flashinfer::trtllm_allreduce_fusion::allreduce_fusion_kernel_oneshot_lamport<(flashinfer::trtllm_allreduce_fusion::AllReduceFusionPattern)1, __nv_bfloat16, 2, true, true>(flashinfer::trtllm_allreduce_fusion::AllReduceFusionParams<__nv_bfloat16>)",3,operator_shape_matched,vllm::flashinfer_trtllm_fused_allreduce_norm,"[[8192,2048],[8192,2048],[2048],[],[],[],[],[],[],[],[],[],[],[]]","[""c10::BFloat16"",""c10::BFloat16"",""c10::BFloat16"",""Scalar"",""Scalar"",""Scalar"",""Scalar"",""Scalar"",""Scalar"","""","""","""","""",""Scalar""]",null,1240,260874.891
"void flashinfer::trtllm_allreduce_fusion::allreduce_fusion_kernel_oneshot_lamport<(flashinfer::trtllm_allreduce_fusion::AllReduceFusionPattern)1, __nv_bfloat16, 2, true, true>(flashinfer::trtllm_allreduce_fusion::AllReduceFusionParams<__nv_bfloat16>)",4,operator_shape_matched,vllm::flashinfer_trtllm_fused_allreduce_norm,"[[5089,2048],[5089,2048],[2048],[],[],[],[],[],[],[],[],[],[],[]]","[""c10::BFloat16"",""c10::BFloat16"",""c10::BFloat16"",""Scalar"",""Scalar"",""Scalar"",""Scalar"",""Scalar"",""Scalar"","""","""","""","""",""Scalar""]",null,40,5193.652
"void (anonymous namespace)::two_shot_all_reduce_kernel_inplace<c10::BFloat16, 16, 2>(c10::BFloat16**, unsigned long, unsigned long, unsigned int**, unsigned long, unsigned long)",1,operator_shape_matched,symm_mem::two_shot_all_reduce_,"[[8388608],[],[]]","[""c10::BFloat16"","""",""""]",null,41,397100.606
"void (anonymous namespace)::two_shot_all_reduce_kernel_inplace<c10::BFloat16, 16, 2>(c10::BFloat16**, unsigned long, unsigned long, unsigned int**, unsigned long, unsigned long)",2,operator_shape_matched,symm_mem::two_shot_all_reduce_,"[[16777216],[],[]]","[""c10::BFloat16"","""",""""]",null,1271,151972.71
"void (anonymous namespace)::two_shot_all_reduce_kernel_inplace<c10::BFloat16, 16, 2>(c10::BFloat16**, unsigned long, unsigned long, unsigned int**, unsigned long, unsigned long)",3,operator_shape_matched,symm_mem::two_shot_all_reduce_,"[[10422272],[],[]]","[""c10::BFloat16"","""",""""]",null,41,2994.784
nvjet_tst_64x8_64x16_2x4_h_bz_TNT,1,missing_external_id,null,null,null,null,81200,493726.333
nvjet_tst_64x8_64x16_1x1_h_bz_TNT,1,missing_external_id,null,null,null,null,40840,282308.055
"void vllm::cross_device_reduce_1stage<__nv_bfloat16, 2>(vllm::RankData*, vllm::RankSignals, vllm::Signal*, __nv_bfloat16*, int, int)",1,missing_external_id,null,null,null,null,40960,215358.924
"void vllm::cross_device_reduce_1stage<__nv_bfloat16, 2>(vllm::RankData*, vllm::RankSignals, vllm::Signal*, __nv_bfloat16*, int, int)",2,operator_shape_matched,_C_custom_ar::all_reduce,"[[],[64,2048],[64,2048],[],[]]","[""Scalar"",""c10::BFloat16"",""c10::BFloat16"",""Scalar"",""Scalar""]",null,990,6503.344
"void vllm::cross_device_reduce_1stage<__nv_bfloat16, 2>(vllm::RankData*, vllm::RankSignals, vllm::Signal*, __nv_bfloat16*, int, int)",3,operator_shape_matched,_C_custom_ar::all_reduce,"[[],[1,2048],[1,2048],[],[]]","[""Scalar"",""c10::BFloat16"",""c10::BFloat16"",""Scalar"",""Scalar""]",null,1,4510.272
"void vllm::cross_device_reduce_1stage<__nv_bfloat16, 2>(vllm::RankData*, vllm::RankSignals, vllm::Signal*, __nv_bfloat16*, int, int)",4,operator_shape_matched,_C_custom_ar::all_reduce,"[[],[22,2048],[22,2048],[],[]]","[""Scalar"",""c10::BFloat16"",""c10::BFloat16"",""Scalar"",""Scalar""]",null,1,15.168
"void vllm::cross_device_reduce_1stage<__nv_bfloat16, 2>(vllm::RankData*, vllm::RankSignals, vllm::Signal*, __nv_bfloat16*, int, int)",5,operator_shape_matched,_C_custom_ar::all_reduce,"[[],[60,2048],[60,2048],[],[]]","[""Scalar"",""c10::BFloat16"",""c10::BFloat16"",""Scalar"",""Scalar""]",null,1,14.112
"void vllm::cross_device_reduce_1stage<__nv_bfloat16, 2>(vllm::RankData*, vllm::RankSignals, vllm::Signal*, __nv_bfloat16*, int, int)",6,operator_shape_matched,_C_custom_ar::all_reduce,"[[],[63,2048],[63,2048],[],[]]","[""Scalar"",""c10::BFloat16"",""c10::BFloat16"",""Scalar"",""Scalar""]",null,2,11.328
"void vllm::cross_device_reduce_1stage<__nv_bfloat16, 2>(vllm::RankData*, vllm::RankSignals, vllm::Signal*, __nv_bfloat16*, int, int)",7,operator_shape_matched,_C_custom_ar::all_reduce,"[[],[50,2048],[50,2048],[],[]]","[""Scalar"",""c10::BFloat16"",""c10::BFloat16"",""Scalar"",""Scalar""]",null,1,10.433
"void vllm::cross_device_reduce_1stage<__nv_bfloat16, 2>(vllm::RankData*, vllm::RankSignals, vllm::Signal*, __nv_bfloat16*, int, int)",8,operator_shape_matched,_C_custom_ar::all_reduce,"[[],[46,2048],[46,2048],[],[]]","[""Scalar"",""c10::BFloat16"",""c10::BFloat16"",""Scalar"",""Scalar""]",null,1,10.24
"void vllm::cross_device_reduce_1stage<__nv_bfloat16, 2>(vllm::RankData*, vllm::RankSignals, vllm::Signal*, __nv_bfloat16*, int, int)",9,operator_shape_matched,_C_custom_ar::all_reduce,"[[],[28,2048],[28,2048],[],[]]","[""Scalar"",""c10::BFloat16"",""c10::BFloat16"",""Scalar"",""Scalar""]",null,1,9.504
"void vllm::cross_device_reduce_1stage<__nv_bfloat16, 2>(vllm::RankData*, vllm::RankSignals, vllm::Signal*, __nv_bfloat16*, int, int)",10,operator_shape_matched,_C_custom_ar::all_reduce,"[[],[40,2048],[40,2048],[],[]]","[""Scalar"",""c10::BFloat16"",""c10::BFloat16"",""Scalar"",""Scalar""]",null,1,9.056
"void vllm::cross_device_reduce_1stage<__nv_bfloat16, 2>(vllm::RankData*, vllm::RankSignals, vllm::Signal*, __nv_bfloat16*, int, int)",11,operator_shape_matched,_C_custom_ar::all_reduce,"[[],[34,2048],[34,2048],[],[]]","[""Scalar"",""c10::BFloat16"",""c10::BFloat16"",""Scalar"",""Scalar""]",null,1,7.841
"void vllm::cross_device_reduce_1stage<__nv_bfloat16, 2>(vllm::RankData*, vllm::RankSignals, vllm::Signal*, __nv_bfloat16*, int, int)",12,operator_shape_matched,_C_custom_ar::all_reduce,"[[],[12,2048],[12,2048],[],[]]","[""Scalar"",""c10::BFloat16"",""c10::BFloat16"",""Scalar"",""Scalar""]",null,1,7.808
"void vllm::cross_device_reduce_1stage<__nv_bfloat16, 2>(vllm::RankData*, vllm::RankSignals, vllm::Signal*, __nv_bfloat16*, int, int)",13,operator_shape_matched,_C_custom_ar::all_reduce,"[[],[18,2048],[18,2048],[],[]]","[""Scalar"",""c10::BFloat16"",""c10::BFloat16"",""Scalar"",""Scalar""]",null,1,7.52
"void vllm::cross_device_reduce_1stage<__nv_bfloat16, 2>(vllm::RankData*, vllm::RankSignals, vllm::Signal*, __nv_bfloat16*, int, int)",14,operator_shape_matched,_C_custom_ar::all_reduce,"[[],[4,2048],[4,2048],[],[]]","[""Scalar"",""c10::BFloat16"",""c10::BFloat16"",""Scalar"",""Scalar""]",null,1,7.489
"void vllm::cross_device_reduce_1stage<__nv_bfloat16, 2>(vllm::RankData*, vllm::RankSignals, vllm::Signal*, __nv_bfloat16*, int, int)",15,operator_shape_matched,_C_custom_ar::all_reduce,"[[],[44,2048],[44,2048],[],[]]","[""Scalar"",""c10::BFloat16"",""c10::BFloat16"",""Scalar"",""Scalar""]",null,1,7.488
"void vllm::cross_device_reduce_1stage<__nv_bfloat16, 2>(vllm::RankData*, vllm::RankSignals, vllm::Signal*, __nv_bfloat16*, int, int)",16,operator_shape_matched,_C_custom_ar::all_reduce,"[[],[62,2048],[62,2048],[],[]]","[""Scalar"",""c10::BFloat16"",""c10::BFloat16"",""Scalar"",""Scalar""]",null,1,7.233
"void vllm::cross_device_reduce_1stage<__nv_bfloat16, 2>(vllm::RankData*, vllm::RankSignals, vllm::Signal*, __nv_bfloat16*, int, int)",17,operator_shape_matched,_C_custom_ar::all_reduce,"[[],[32,2048],[32,2048],[],[]]","[""Scalar"",""c10::BFloat16"",""c10::BFloat16"",""Scalar"",""Scalar""]",null,1,7.04
"void vllm::cross_device_reduce_1stage<__nv_bfloat16, 2>(vllm::RankData*, vllm::RankSignals, vllm::Signal*, __nv_bfloat16*, int, int)",18,operator_shape_matched,_C_custom_ar::all_reduce,"[[],[8,2048],[8,2048],[],[]]","[""Scalar"",""c10::BFloat16"",""c10::BFloat16"",""Scalar"",""Scalar""]",null,1,6.752
"void vllm::cross_device_reduce_1stage<__nv_bfloat16, 2>(vllm::RankData*, vllm::RankSignals, vllm::Signal*, __nv_bfloat16*, int, int)",19,operator_shape_matched,_C_custom_ar::all_reduce,"[[],[52,2048],[52,2048],[],[]]","[""Scalar"",""c10::BFloat16"",""c10::BFloat16"",""Scalar"",""Scalar""]",null,1,6.145
"void vllm::cross_device_reduce_1stage<__nv_bfloat16, 2>(vllm::RankData*, vllm::RankSignals, vllm::Signal*, __nv_bfloat16*, int, int)",20,operator_shape_matched,_C_custom_ar::all_reduce,"[[],[38,2048],[38,2048],[],[]]","[""Scalar"",""c10::BFloat16"",""c10::BFloat16"",""Scalar"",""Scalar""]",null,1,6.144
"void vllm::cross_device_reduce_1stage<__nv_bfloat16, 2>(vllm::RankData*, vllm::RankSignals, vllm::Signal*, __nv_bfloat16*, int, int)",21,operator_shape_matched,_C_custom_ar::all_reduce,"[[],[16,2048],[16,2048],[],[]]","[""Scalar"",""c10::BFloat16"",""c10::BFloat16"",""Scalar"",""Scalar""]",null,1,6.08
"void vllm::cross_device_reduce_1stage<__nv_bfloat16, 2>(vllm::RankData*, vllm::RankSignals, vllm::Signal*, __nv_bfloat16*, int, int)",22,operator_shape_matched,_C_custom_ar::all_reduce,"[[],[14,2048],[14,2048],[],[]]","[""Scalar"",""c10::BFloat16"",""c10::BFloat16"",""Scalar"",""Scalar""]",null,1,6.016
"void vllm::cross_device_reduce_1stage<__nv_bfloat16, 2>(vllm::RankData*, vllm::RankSignals, vllm::Signal*, __nv_bfloat16*, int, int)",23,operator_shape_matched,_C_custom_ar::all_reduce,"[[],[10,2048],[10,2048],[],[]]","[""Scalar"",""c10::BFloat16"",""c10::BFloat16"",""Scalar"",""Scalar""]",null,1,5.312
"void vllm::cross_device_reduce_1stage<__nv_bfloat16, 2>(vllm::RankData*, vllm::RankSignals, vllm::Signal*, __nv_bfloat16*, int, int)",24,operator_shape_matched,_C_custom_ar::all_reduce,"[[],[36,2048],[36,2048],[],[]]","[""Scalar"",""c10::BFloat16"",""c10::BFloat16"",""Scalar"",""Scalar""]",null,1,5.056
"void vllm::cross_device_reduce_1stage<__nv_bfloat16, 2>(vllm::RankData*, vllm::RankSignals, vllm::Signal*, __nv_bfloat16*, int, int)",25,operator_shape_matched,_C_custom_ar::all_reduce,"[[],[42,2048],[42,2048],[],[]]","[""Scalar"",""c10::BFloat16"",""c10::BFloat16"",""Scalar"",""Scalar""]",null,1,4.96
"void vllm::cross_device_reduce_1stage<__nv_bfloat16, 2>(vllm::RankData*, vllm::RankSignals, vllm::Signal*, __nv_bfloat16*, int, int)",26,operator_shape_matched,_C_custom_ar::all_reduce,"[[],[6,2048],[6,2048],[],[]]","[""Scalar"",""c10::BFloat16"",""c10::BFloat16"",""Scalar"",""Scalar""]",null,1,4.96
"void vllm::cross_device_reduce_1stage<__nv_bfloat16, 2>(vllm::RankData*, vllm::RankSignals, vllm::Signal*, __nv_bfloat16*, int, int)",27,operator_shape_matched,_C_custom_ar::all_reduce,"[[],[26,2048],[26,2048],[],[]]","[""Scalar"",""c10::BFloat16"",""c10::BFloat16"",""Scalar"",""Scalar""]",null,1,4.928
"void vllm::cross_device_reduce_1stage<__nv_bfloat16, 2>(vllm::RankData*, vllm::RankSignals, vllm::Signal*, __nv_bfloat16*, int, int)",28,operator_shape_matched,_C_custom_ar::all_reduce,"[[],[48,2048],[48,2048],[],[]]","[""Scalar"",""c10::BFloat16"",""c10::BFloat16"",""Scalar"",""Scalar""]",null,1,4.896
"void vllm::cross_device_reduce_1stage<__nv_bfloat16, 2>(vllm::RankData*, vllm::RankSignals, vllm::Signal*, __nv_bfloat16*, int, int)",29,operator_shape_matched,_C_custom_ar::all_reduce,"[[],[58,2048],[58,2048],[],[]]","[""Scalar"",""c10::BFloat16"",""c10::BFloat16"",""Scalar"",""Scalar""]",null,1,4.833
"void vllm::cross_device_reduce_1stage<__nv_bfloat16, 2>(vllm::RankData*, vllm::RankSignals, vllm::Signal*, __nv_bfloat16*, int, int)",30,operator_shape_matched,_C_custom_ar::all_reduce,"[[],[56,2048],[56,2048],[],[]]","[""Scalar"",""c10::BFloat16"",""c10::BFloat16"",""Scalar"",""Scalar""]",null,1,4.832
"void vllm::cross_device_reduce_1stage<__nv_bfloat16, 2>(vllm::RankData*, vllm::RankSignals, vllm::Signal*, __nv_bfloat16*, int, int)",31,operator_shape_matched,_C_custom_ar::all_reduce,"[[],[54,2048],[54,2048],[],[]]","[""Scalar"",""c10::BFloat16"",""c10::BFloat16"",""Scalar"",""Scalar""]",null,1,4.8
"void vllm::cross_device_reduce_1stage<__nv_bfloat16, 2>(vllm::RankData*, vllm::RankSignals, vllm::Signal*, __nv_bfloat16*, int, int)",32,operator_shape_matched,_C_custom_ar::all_reduce,"[[],[30,2048],[30,2048],[],[]]","[""Scalar"",""c10::BFloat16"",""c10::BFloat16"",""Scalar"",""Scalar""]",null,1,4.512
"void vllm::cross_device_reduce_1stage<__nv_bfloat16, 2>(vllm::RankData*, vllm::RankSignals, vllm::Signal*, __nv_bfloat16*, int, int)",33,operator_shape_matched,_C_custom_ar::all_reduce,"[[],[24,2048],[24,2048],[],[]]","[""Scalar"",""c10::BFloat16"",""c10::BFloat16"",""Scalar"",""Scalar""]",null,1,4.352
"void vllm::cross_device_reduce_1stage<__nv_bfloat16, 2>(vllm::RankData*, vllm::RankSignals, vllm::Signal*, __nv_bfloat16*, int, int)",34,operator_shape_matched,_C_custom_ar::all_reduce,"[[],[2,2048],[2,2048],[],[]]","[""Scalar"",""c10::BFloat16"",""c10::BFloat16"",""Scalar"",""Scalar""]",null,1,4.32
"void vllm::cross_device_reduce_1stage<__nv_bfloat16, 2>(vllm::RankData*, vllm::RankSignals, vllm::Signal*, __nv_bfloat16*, int, int)",35,operator_shape_matched,_C_custom_ar::all_reduce,"[[],[20,2048],[20,2048],[],[]]","[""Scalar"",""c10::BFloat16"",""c10::BFloat16"",""Scalar"",""Scalar""]",null,1,4.32
"void cutlass::device_kernel<flat::kernel::FlatKernelTmaWarpSpecializedDeltaRule<flat::collective::FlatMainloopTmaWarpSpecializedDeltaRule<cutlass::bfloat16_t, float, float, cute::tuple<cute::C<64>, cute::C<64>, cute::C<128> >, cute::tuple<long, cute::C<1>, int>, cute::tuple<long, cute::C<1>, int>, cute::tuple<long, cute::C<1>, int>, cute::tuple<long, cute::C<1>, int>, std::tuple<flat::kernel::Option<(flat::kernel::Tag)1, cute::C<true> >, flat::kernel::Option<(flat::kernel::Tag)11, cute::C<true> >, flat::kernel::Option<(flat::kernel::Tag)10, cute::C<true> >, flat::kernel::Option<(flat::kernel::Tag)9, cute::C<true> >, flat::kernel::Option<(flat::kernel::Tag)12, cute::C<true> >, flat::kernel::Option<(flat::kernel::Tag)13, cute::C<false> > > >, flat::kernel::IndividualTileScheduler<flat::kernel::GVATag>, std::tuple<flat::kernel::Option<(flat::kernel::Tag)1, cute::C<true> >, flat::kernel::Option<(flat::kernel::Tag)11, cute::C<true> >, flat::kernel::Option<(flat::kernel::Tag)10, cute::C<true> >, flat::kernel::Option<(flat::kernel::Tag)9, cute::C<true> >, flat::kernel::Option<(flat::kernel::Tag)12, cute::C<true> >, flat::kernel::Option<(flat::kernel::Tag)13, cute::C<false> > > > >(flat::kernel::FlatKernelTmaWarpSpecializedDeltaRule<flat::collective::FlatMainloopTmaWarpSpecializedDeltaRule<cutlass::bfloat16_t, float, float, cute::tuple<cute::C<64>, cute::C<64>, cute::C<128> >, cute::tuple<long, cute::C<1>, int>, cute::tuple<long, cute::C<1>, int>, cute::tuple<long, cute::C<1>, int>, cute::tuple<long, cute::C<1>, int>, std::tuple<flat::kernel::Option<(flat::kernel::Tag)1, cute::C<true> >, flat::kernel::Option<(flat::kernel::Tag)11, cute::C<true> >, flat::kernel::Option<(flat::kernel::Tag)10, cute::C<true> >, flat::kernel::Option<(flat::kernel::Tag)9, cute::C<true> >, flat::kernel::Option<(flat::kernel::Tag)12, cute::C<true> >, flat::kernel::Option<(flat::kernel::Tag)13, cute::C<false> > > >, flat::kernel::IndividualTileScheduler<flat::kernel::GVATag>, std::tuple<flat::kernel::Option<(flat::kernel::Tag)1, cute::C<true> >, flat::kernel::Option<(flat::kernel::Tag)11, cute::C<true> >, flat::kernel::Option<(flat::kernel::Tag)10, cute::C<true> >, flat::kernel::Option<(flat::kernel::Tag)9, cute::C<true> >, flat::kernel::Option<(flat::kernel::Tag)12, cute::C<true> >, flat::kernel::Option<(flat::kernel::Tag)13, cute::C<false> > > >::Params)",1,operator_shape_matched,vllm::qwen_gdn_attention_core,"[[8192,4096],[8192,16],[8192,16],[8192,16,128],[],[]]","[""c10::BFloat16"",""c10::BFloat16"",""c10::BFloat16"",""c10::BFloat16"","""",""Scalar""]",null,930,183616.286
"void cutlass::device_kernel<flat::kernel::FlatKernelTmaWarpSpecializedDeltaRule<flat::collective::FlatMainloopTmaWarpSpecializedDeltaRule<cutlass::bfloat16_t, float, float, cute::tuple<cute::C<64>, cute::C<64>, cute::C<128> >, cute::tuple<long, cute::C<1>, int>, cute::tuple<long, cute::C<1>, int>, cute::tuple<long, cute::C<1>, int>, cute::tuple<long, cute::C<1>, int>, std::tuple<flat::kernel::Option<(flat::kernel::Tag)1, cute::C<true> >, flat::kernel::Option<(flat::kernel::Tag)11, cute::C<true> >, flat::kernel::Option<(flat::kernel::Tag)10, cute::C<true> >, flat::kernel::Option<(flat::kernel::Tag)9, cute::C<true> >, flat::kernel::Option<(flat::kernel::Tag)12, cute::C<true> >, flat::kernel::Option<(flat::kernel::Tag)13, cute::C<false> > > >, flat::kernel::IndividualTileScheduler<flat::kernel::GVATag>, std::tuple<flat::kernel::Option<(flat::kernel::Tag)1, cute::C<true> >, flat::kernel::Option<(flat::kernel::Tag)11, cute::C<true> >, flat::kernel::Option<(flat::kernel::Tag)10, cute::C<true> >, flat::kernel::Option<(flat::kernel::Tag)9, cute::C<true> >, flat::kernel::Option<(flat::kernel::Tag)12, cute::C<true> >, flat::kernel::Option<(flat::kernel::Tag)13, cute::C<false> > > > >(flat::kernel::FlatKernelTmaWarpSpecializedDeltaRule<flat::collective::FlatMainloopTmaWarpSpecializedDeltaRule<cutlass::bfloat16_t, float, float, cute::tuple<cute::C<64>, cute::C<64>, cute::C<128> >, cute::tuple<long, cute::C<1>, int>, cute::tuple<long, cute::C<1>, int>, cute::tuple<long, cute::C<1>, int>, cute::tuple<long, cute::C<1>, int>, std::tuple<flat::kernel::Option<(flat::kernel::Tag)1, cute::C<true> >, flat::kernel::Option<(flat::kernel::Tag)11, cute::C<true> >, flat::kernel::Option<(flat::kernel::Tag)10, cute::C<true> >, flat::kernel::Option<(flat::kernel::Tag)9, cute::C<true> >, flat::kernel::Option<(flat::kernel::Tag)12, cute::C<true> >, flat::kernel::Option<(flat::kernel::Tag)13, cute::C<false> > > >, flat::kernel::IndividualTileScheduler<flat::kernel::GVATag>, std::tuple<flat::kernel::Option<(flat::kernel::Tag)1, cute::C<true> >, flat::kernel::Option<(flat::kernel::Tag)11, cute::C<true> >, flat::kernel::Option<(flat::kernel::Tag)10, cute::C<true> >, flat::kernel::Option<(flat::kernel::Tag)9, cute::C<true> >, flat::kernel::Option<(flat::kernel::Tag)12, cute::C<true> >, flat::kernel::Option<(flat::kernel::Tag)13, cute::C<false> > > >::Params)",2,operator_shape_matched,vllm::qwen_gdn_attention_core,"[[4096,4096],[4096,16],[4096,16],[4096,16,128],[],[]]","[""c10::BFloat16"",""c10::BFloat16"",""c10::BFloat16"",""c10::BFloat16"","""",""Scalar""]",null,30,6252.265
"void cutlass::device_kernel<flat::kernel::FlatKernelTmaWarpSpecializedDeltaRule<flat::collective::FlatMainloopTmaWarpSpecializedDeltaRule<cutlass::bfloat16_t, float, float, cute::tuple<cute::C<64>, cute::C<64>, cute::C<128> >, cute::tuple<long, cute::C<1>, int>, cute::tuple<long, cute::C<1>, int>, cute::tuple<long, cute::C<1>, int>, cute::tuple<long, cute::C<1>, int>, std::tuple<flat::kernel::Option<(flat::kernel::Tag)1, cute::C<true> >, flat::kernel::Option<(flat::kernel::Tag)11, cute::C<true> >, flat::kernel::Option<(flat::kernel::Tag)10, cute::C<true> >, flat::kernel::Option<(flat::kernel::Tag)9, cute::C<true> >, flat::kernel::Option<(flat::kernel::Tag)12, cute::C<true> >, flat::kernel::Option<(flat::kernel::Tag)13, cute::C<false> > > >, flat::kernel::IndividualTileScheduler<flat::kernel::GVATag>, std::tuple<flat::kernel::Option<(flat::kernel::Tag)1, cute::C<true> >, flat::kernel::Option<(flat::kernel::Tag)11, cute::C<true> >, flat::kernel::Option<(flat::kernel::Tag)10, cute::C<true> >, flat::kernel::Option<(flat::kernel::Tag)9, cute::C<true> >, flat::kernel::Option<(flat::kernel::Tag)12, cute::C<true> >, flat::kernel::Option<(flat::kernel::Tag)13, cute::C<false> > > > >(flat::kernel::FlatKernelTmaWarpSpecializedDeltaRule<flat::collective::FlatMainloopTmaWarpSpecializedDeltaRule<cutlass::bfloat16_t, float, float, cute::tuple<cute::C<64>, cute::C<64>, cute::C<128> >, cute::tuple<long, cute::C<1>, int>, cute::tuple<long, cute::C<1>, int>, cute::tuple<long, cute::C<1>, int>, cute::tuple<long, cute::C<1>, int>, std::tuple<flat::kernel::Option<(flat::kernel::Tag)1, cute::C<true> >, flat::kernel::Option<(flat::kernel::Tag)11, cute::C<true> >, flat::kernel::Option<(flat::kernel::Tag)10, cute::C<true> >, flat::kernel::Option<(flat::kernel::Tag)9, cute::C<true> >, flat::kernel::Option<(flat::kernel::Tag)12, cute::C<true> >, flat::kernel::Option<(flat::kernel::Tag)13, cute::C<false> > > >, flat::kernel::IndividualTileScheduler<flat::kernel::GVATag>, std::tuple<flat::kernel::Option<(flat::kernel::Tag)1, cute::C<true> >, flat::kernel::Option<(flat::kernel::Tag)11, cute::C<true> >, flat::kernel::Option<(flat::kernel::Tag)10, cute::C<true> >, flat::kernel::Option<(flat::kernel::Tag)9, cute::C<true> >, flat::kernel::Option<(flat::kernel::Tag)12, cute::C<true> >, flat::kernel::Option<(flat::kernel::Tag)13, cute::C<false> > > >::Params)",3,operator_shape_matched,vllm::qwen_gdn_attention_core,"[[5089,4096],[5089,16],[5089,16],[5089,16,128],[],[]]","[""c10::BFloat16"",""c10::BFloat16"",""c10::BFloat16"",""c10::BFloat16"","""",""Scalar""]",null,30,6068.135
topk_gating_softmax_kernel,1,missing_external_id,null,null,null,null,40960,172445.357
topk_gating_softmax_kernel,2,operator_shape_matched,vllm::moe_forward_shared,"[[8192,2048],[8192,2048],[8192,2048],[],[],[]]","[""c10::BFloat16"",""c10::BFloat16"",""c10::BFloat16"","""","""",""Scalar""]",null,1240,20352.478
topk_gating_softmax_kernel,3,operator_shape_matched,vllm::moe_forward_shared,"[[5089,2048],[5089,2048],[5089,2048],[],[],[]]","[""c10::BFloat16"",""c10::BFloat16"",""c10::BFloat16"","""","""",""Scalar""]",null,40,470.726
topk_gating_softmax_kernel,4,operator_shape_matched,vllm::moe_forward_shared,"[[4096,2048],[4096,2048],[4096,2048],[],[],[]]","[""c10::BFloat16"",""c10::BFloat16"",""c10::BFloat16"","""","""",""Scalar""]",null,40,383.654
nvjet_tst_320x64_64x4_2x1_v_bz_TNT,1,operator_shape_matched,aten::mm,"[[64,2048],[2048,124160]]","[""c10::BFloat16"",""c10::BFloat16""]",null,991,181300.794
nvjet_tst_320x64_64x4_2x1_v_bz_TNT,2,operator_shape_matched,aten::mm,"[[63,2048],[2048,124160]]","[""c10::BFloat16"",""c10::BFloat16""]",null,3,547.757
nvjet_tst_320x64_64x4_2x1_v_bz_TNT,3,operator_shape_matched,aten::mm,"[[59,2048],[2048,124160]]","[""c10::BFloat16"",""c10::BFloat16""]",null,1,187.748
nvjet_tst_320x64_64x4_2x1_v_bz_TNT,4,operator_shape_matched,aten::mm,"[[61,2048],[2048,124160]]","[""c10::BFloat16"",""c10::BFloat16""]",null,1,186.436
nvjet_tst_320x64_64x4_2x1_v_bz_TNT,5,operator_shape_matched,aten::mm,"[[57,2048],[2048,124160]]","[""c10::BFloat16"",""c10::BFloat16""]",null,1,185.252
nvjet_tst_320x64_64x4_2x1_v_bz_TNT,6,operator_shape_matched,aten::mm,"[[62,2048],[2048,124160]]","[""c10::BFloat16"",""c10::BFloat16""]",null,1,184.676
nvjet_tst_320x64_64x4_2x1_v_bz_TNT,7,operator_shape_matched,aten::mm,"[[58,2048],[2048,124160]]","[""c10::BFloat16"",""c10::BFloat16""]",null,1,184.484
nvjet_tst_320x64_64x4_2x1_v_bz_TNT,8,operator_shape_matched,aten::mm,"[[60,2048],[2048,124160]]","[""c10::BFloat16"",""c10::BFloat16""]",null,1,183.173
triton_red_fused__to_copy_add_copy__fused_add_rms_norm_moe_forward_shared_3,1,missing_external_id,null,null,null,null,30720,80210.825
triton_red_fused__to_copy_add_copy__fused_add_rms_norm_moe_forward_shared_3,2,operator_shape_matched,triton_red_fused__to_copy_add_copy__fused_add_rms_norm_moe_forward_shared_3,"[[8192,2048],[8192,2048],[2048],[8192,2048],[8192,2048],[8192,2048],[8192,2048],[8192,2048],[],[]]","[""c10::BFloat16"",""c10::BFloat16"",""c10::BFloat16"",""c10::BFloat16"",""c10::BFloat16"",""c10::BFloat16"",""c10::BFloat16"",""c10::BFloat16"",""Scalar"",""Scalar""]",null,930,77467.705
triton_red_fused__to_copy_add_copy__fused_add_rms_norm_moe_forward_shared_3,3,operator_shape_matched,triton_red_fused__to_copy_add_copy__fused_add_rms_norm_moe_forward_shared_3,"[[5089,2048],[5089,2048],[2048],[5089,2048],[5089,2048],[5089,2048],[5089,2048],[5089,2048],[],[]]","[""c10::BFloat16"",""c10::BFloat16"",""c10::BFloat16"",""c10::BFloat16"",""c10::BFloat16"",""c10::BFloat16"",""c10::BFloat16"",""c10::BFloat16"",""Scalar"",""Scalar""]",null,30,1583.803
triton_red_fused__to_copy_add_copy__fused_add_rms_norm_moe_forward_shared_3,4,operator_shape_matched,triton_red_fused__to_copy_add_copy__fused_add_rms_norm_moe_forward_shared_3,"[[4096,2048],[4096,2048],[2048],[4096,2048],[4096,2048],[4096,2048],[4096,2048],[4096,2048],[],[]]","[""c10::BFloat16"",""c10::BFloat16"",""c10::BFloat16"",""c10::BFloat16"",""c10::BFloat16"",""c10::BFloat16"",""c10::BFloat16"",""c10::BFloat16"",""Scalar"",""Scalar""]",null,30,1286.012
nvjet_tst_64x32_64x16_4x2_h_bz_TNT,1,missing_external_id,null,null,null,null,40280,150935.374
moe_align_block_size_stage2_vec,1,missing_external_id,null,null,null,null,40760,138029.466
moe_align_block_size_stage2_vec,2,operator_shape_matched,vllm::moe_forward_shared,"[[8192,2048],[8192,2048],[8192,2048],[],[],[]]","[""c10::BFloat16"",""c10::BFloat16"",""c10::BFloat16"","""","""",""Scalar""]",null,1240,3938.051
moe_align_block_size_stage2_vec,3,operator_shape_matched,vllm::moe_forward_shared,"[[4096,2048],[4096,2048],[4096,2048],[],[],[]]","[""c10::BFloat16"",""c10::BFloat16"",""c10::BFloat16"","""","""",""Scalar""]",null,40,128.455
moe_align_block_size_stage2_vec,4,operator_shape_matched,vllm::moe_forward_shared,"[[5089,2048],[5089,2048],[5089,2048],[],[],[]]","[""c10::BFloat16"",""c10::BFloat16"",""c10::BFloat16"","""","""",""Scalar""]",null,40,123.908
zeros_kernel,1,missing_external_id,null,null,null,null,81520,113559.259
zeros_kernel,2,operator_shape_matched,aten::zero_,"[[8192,1,2048]]","[""c10::BFloat16""]",null,1240,13463.755
zeros_kernel,3,operator_shape_matched,aten::zeros,"[[],[],[],[],[]]","[""ScalarList"",""Scalar"","""","""",""Scalar""]",null,2640,2571.483
zeros_kernel,4,operator_shape_matched,aten::zero_,"[[5089,1,2048]]","[""c10::BFloat16""]",null,40,284.715
zeros_kernel,5,operator_shape_matched,aten::zero_,"[[4096,1,2048]]","[""c10::BFloat16""]",null,40,237.222
moe_align_block_size_stage4,1,missing_external_id,null,null,null,null,40760,121360.206
moe_align_block_size_stage4,2,operator_shape_matched,vllm::moe_forward_shared,"[[8192,2048],[8192,2048],[8192,2048],[],[],[]]","[""c10::BFloat16"",""c10::BFloat16"",""c10::BFloat16"","""","""",""Scalar""]",null,1240,5815.9
moe_align_block_size_stage4,3,operator_shape_matched,vllm::moe_forward_shared,"[[5089,2048],[5089,2048],[5089,2048],[],[],[]]","[""c10::BFloat16"",""c10::BFloat16"",""c10::BFloat16"","""","""",""Scalar""]",null,40,166.626
moe_align_block_size_stage4,4,operator_shape_matched,vllm::moe_forward_shared,"[[4096,2048],[4096,2048],[4096,2048],[],[],[]]","[""c10::BFloat16"",""c10::BFloat16"",""c10::BFloat16"","""","""",""Scalar""]",null,40,139.552
triton_per_fused_1,1,missing_external_id,null,null,null,null,30720,79946.749
triton_per_fused_1,2,operator_shape_matched,triton_per_fused_1,"[[8192,16,128],[128],[8192,16,128],[131072,128],[],[]]","[""c10::BFloat16"",""c10::BFloat16"",""c10::BFloat16"",""c10::BFloat16"",""Scalar"",""Scalar""]",null,930,34163.547
triton_per_fused_1,3,operator_shape_matched,triton_per_fused_1,"[[5089,16,128],[128],[5089,16,128],[81424,128],[],[]]","[""c10::BFloat16"",""c10::BFloat16"",""c10::BFloat16"",""c10::BFloat16"",""Scalar"",""Scalar""]",null,30,707.565
triton_per_fused_1,4,operator_shape_matched,triton_per_fused_1,"[[4096,16,128],[128],[4096,16,128],[65536,128],[],[]]","[""c10::BFloat16"",""c10::BFloat16"",""c10::BFloat16"",""c10::BFloat16"",""Scalar"",""Scalar""]",null,30,567.501
triton_poi_fused_mul_silu_slice_0,1,missing_external_id,null,null,null,null,40960,102368.347
triton_poi_fused_mul_silu_slice_0,2,operator_shape_matched,triton_poi_fused_mul_silu_slice_0,"[[8192,512],[8192,256],[],[],[]]","[""c10::BFloat16"",""c10::BFloat16"",""Scalar"",""Scalar"",""Scalar""]",null,1240,12024.642
triton_poi_fused_mul_silu_slice_0,3,operator_shape_matched,triton_poi_fused_mul_silu_slice_0,"[[5089,512],[5089,256],[],[],[]]","[""c10::BFloat16"",""c10::BFloat16"",""Scalar"",""Scalar"",""Scalar""]",null,40,267.716
triton_poi_fused_mul_silu_slice_0,4,operator_shape_matched,triton_poi_fused_mul_silu_slice_0,"[[4096,512],[4096,256],[],[],[]]","[""c10::BFloat16"",""c10::BFloat16"",""Scalar"",""Scalar"",""Scalar""]",null,40,229.667
mul_broadcast_2d_kernel,1,missing_external_id,null,null,null,null,40960,80773.97
mul_broadcast_2d_kernel,2,operator_shape_matched,aten::mul,"[[8192,1],[8192,2048]]","[""c10::BFloat16"",""c10::BFloat16""]",null,1240,26891.31
mul_broadcast_2d_kernel,3,operator_shape_matched,aten::mul,"[[5089,1],[5089,2048]]","[""c10::BFloat16"",""c10::BFloat16""]",null,40,572.333
mul_broadcast_2d_kernel,4,operator_shape_matched,aten::mul,"[[4096,1],[4096,2048]]","[""c10::BFloat16"",""c10::BFloat16""]",null,40,391.527
_causal_conv1d_update_kernel,1,missing_external_id,null,null,null,null,30720,102345.863
memcpy32_post,1,missing_external_id,null,null,null,null,81920,100772.961
moe_align_block_size_stage1,1,missing_external_id,null,null,null,null,40760,94116.021
moe_align_block_size_stage1,2,operator_shape_matched,vllm::moe_forward_shared,"[[8192,2048],[8192,2048],[8192,2048],[],[],[]]","[""c10::BFloat16"",""c10::BFloat16"",""c10::BFloat16"","""","""",""Scalar""]",null,1240,4549.19
moe_align_block_size_stage1,3,operator_shape_matched,vllm::moe_forward_shared,"[[5089,2048],[5089,2048],[5089,2048],[],[],[]]","[""c10::BFloat16"",""c10::BFloat16"",""c10::BFloat16"","""","""",""Scalar""]",null,40,132.932
moe_align_block_size_stage1,4,operator_shape_matched,vllm::moe_forward_shared,"[[4096,2048],[4096,2048],[4096,2048],[],[],[]]","[""c10::BFloat16"",""c10::BFloat16"",""c10::BFloat16"","""","""",""Scalar""]",null,40,98.24
moe_sum_kernel,1,missing_external_id,null,null,null,null,40960,98079.018
triton_poi_fused_0,1,missing_external_id,null,null,null,null,40960,69949.102
triton_poi_fused_0,2,operator_shape_matched,triton_poi_fused_0,"[[8192,8,256],[8192,2048],[8192,2048],[8192,16,128],[],[]]","[""c10::BFloat16"",""c10::BFloat16"",""c10::BFloat16"",""c10::BFloat16"",""Scalar"",""Scalar""]",null,279,11075.174
triton_poi_fused_0,3,operator_shape_matched,triton_poi_fused_0,"[[8192,16,128],[]]","[""c10::BFloat16"",""Scalar""]",null,651,7102.805
triton_poi_fused_0,4,operator_shape_matched,triton_poi_fused_0,"[[3,8192],[1048576,64],[8192,32],[8192,32],[],[]]","[""long int"",""c10::BFloat16"",""c10::BFloat16"",""c10::BFloat16"",""Scalar"",""Scalar""]",null,310,1278.692
triton_poi_fused_0,5,operator_shape_matched,triton_poi_fused_0,"[[5089,8,256],[5089,2048],[5089,2048],[5089,16,128],[],[]]","[""c10::BFloat16"",""c10::BFloat16"",""c10::BFloat16"",""c10::BFloat16"",""Scalar"",""Scalar""]",null,9,210.982
triton_poi_fused_0,6,operator_shape_matched,triton_poi_fused_0,"[[4096,8,256],[4096,2048],[4096,2048],[4096,16,128],[],[]]","[""c10::BFloat16"",""c10::BFloat16"",""c10::BFloat16"",""c10::BFloat16"",""Scalar"",""Scalar""]",null,9,164.42
triton_poi_fused_0,7,operator_shape_matched,triton_poi_fused_0,"[[5089,16,128],[]]","[""c10::BFloat16"",""Scalar""]",null,21,150.083
triton_poi_fused_0,8,operator_shape_matched,triton_poi_fused_0,"[[4096,16,128],[]]","[""c10::BFloat16"",""Scalar""]",null,21,125.347
triton_poi_fused_0,9,operator_shape_matched,triton_poi_fused_0,"[[3,5089],[1048576,64],[5089,32],[5089,32],[],[]]","[""long int"",""c10::BFloat16"",""c10::BFloat16"",""c10::BFloat16"",""Scalar"",""Scalar""]",null,10,39.424
triton_poi_fused_0,10,operator_shape_matched,triton_poi_fused_0,"[[3,4096],[1048576,64],[4096,32],[4096,32],[],[]]","[""long int"",""c10::BFloat16"",""c10::BFloat16"",""c10::BFloat16"",""Scalar"",""Scalar""]",null,10,37.857
ncclDevKernel_AllGather_RING_LL(ncclDevKernelArgsStorage<4096ul>),1,operator_shape_matched,record_param_comms,"[[64,124160],[],[],[],[],[],[],[],[],[]]","[""c10::BFloat16"","""","""",""Scalar"","""",""ScalarList"",""ScalarList"",""Scalar"",""Scalar"",""Scalar""]",null,991,85721.008
ncclDevKernel_AllGather_RING_LL(ncclDevKernelArgsStorage<4096ul>),2,operator_shape_matched,record_param_comms,"[[63,124160],[],[],[],[],[],[],[],[],[]]","[""c10::BFloat16"","""","""",""Scalar"","""",""ScalarList"",""ScalarList"",""Scalar"",""Scalar"",""Scalar""]",null,3,253.957
ncclDevKernel_AllGather_RING_LL(ncclDevKernelArgsStorage<4096ul>),3,operator_shape_matched,record_param_comms,"[[1,124160],[],[],[],[],[],[],[],[],[]]","[""c10::BFloat16"","""","""",""Scalar"","""",""ScalarList"",""ScalarList"",""Scalar"",""Scalar"",""Scalar""]",null,2,182.308
ncclDevKernel_AllGather_RING_LL(ncclDevKernelArgsStorage<4096ul>),4,operator_shape_matched,record_param_comms,"[[61,124160],[],[],[],[],[],[],[],[],[]]","[""c10::BFloat16"","""","""",""Scalar"","""",""ScalarList"",""ScalarList"",""Scalar"",""Scalar"",""Scalar""]",null,1,82.85
ncclDevKernel_AllGather_RING_LL(ncclDevKernelArgsStorage<4096ul>),5,operator_shape_matched,record_param_comms,"[[62,124160],[],[],[],[],[],[],[],[],[]]","[""c10::BFloat16"","""","""",""Scalar"","""",""ScalarList"",""ScalarList"",""Scalar"",""Scalar"",""Scalar""]",null,1,82.465
ncclDevKernel_AllGather_RING_LL(ncclDevKernelArgsStorage<4096ul>),6,operator_shape_matched,record_param_comms,"[[60,124160],[],[],[],[],[],[],[],[],[]]","[""c10::BFloat16"","""","""",""Scalar"","""",""ScalarList"",""ScalarList"",""Scalar"",""Scalar"",""Scalar""]",null,1,82.113
ncclDevKernel_AllGather_RING_LL(ncclDevKernelArgsStorage<4096ul>),7,operator_shape_matched,record_param_comms,"[[59,124160],[],[],[],[],[],[],[],[],[]]","[""c10::BFloat16"","""","""",""Scalar"","""",""ScalarList"",""ScalarList"",""Scalar"",""Scalar"",""Scalar""]",null,1,80.162
ncclDevKernel_AllGather_RING_LL(ncclDevKernelArgsStorage<4096ul>),8,operator_shape_matched,record_param_comms,"[[57,124160],[],[],[],[],[],[],[],[],[]]","[""c10::BFloat16"","""","""",""Scalar"","""",""ScalarList"",""ScalarList"",""Scalar"",""Scalar"",""Scalar""]",null,1,79.265
ncclDevKernel_AllGather_RING_LL(ncclDevKernelArgsStorage<4096ul>),9,operator_shape_matched,record_param_comms,"[[58,124160],[],[],[],[],[],[],[],[],[]]","[""c10::BFloat16"","""","""",""Scalar"","""",""ScalarList"",""ScalarList"",""Scalar"",""Scalar"",""Scalar""]",null,1,79.17
ncclDevKernel_AllGather_RING_LL(ncclDevKernelArgsStorage<4096ul>),10,operator_shape_matched,record_param_comms,"[[56,124160],[],[],[],[],[],[],[],[],[]]","[""c10::BFloat16"","""","""",""Scalar"","""",""ScalarList"",""ScalarList"",""Scalar"",""Scalar"",""Scalar""]",null,1,79.138
ncclDevKernel_AllGather_RING_LL(ncclDevKernelArgsStorage<4096ul>),11,operator_shape_matched,record_param_comms,"[[54,124160],[],[],[],[],[],[],[],[],[]]","[""c10::BFloat16"","""","""",""Scalar"","""",""ScalarList"",""ScalarList"",""Scalar"",""Scalar"",""Scalar""]",null,1,76.354
ncclDevKernel_AllGather_RING_LL(ncclDevKernelArgsStorage<4096ul>),12,operator_shape_matched,record_param_comms,"[[55,124160],[],[],[],[],[],[],[],[],[]]","[""c10::BFloat16"","""","""",""Scalar"","""",""ScalarList"",""ScalarList"",""Scalar"",""Scalar"",""Scalar""]",null,1,76.13
ncclDevKernel_AllGather_RING_LL(ncclDevKernelArgsStorage<4096ul>),13,operator_shape_matched,record_param_comms,"[[53,124160],[],[],[],[],[],[],[],[],[]]","[""c10::BFloat16"","""","""",""Scalar"","""",""ScalarList"",""ScalarList"",""Scalar"",""Scalar"",""Scalar""]",null,1,75.617
ncclDevKernel_AllGather_RING_LL(ncclDevKernelArgsStorage<4096ul>),14,operator_shape_matched,record_param_comms,"[[52,124160],[],[],[],[],[],[],[],[],[]]","[""c10::BFloat16"","""","""",""Scalar"","""",""ScalarList"",""ScalarList"",""Scalar"",""Scalar"",""Scalar""]",null,1,73.922
ncclDevKernel_AllGather_RING_LL(ncclDevKernelArgsStorage<4096ul>),15,operator_shape_matched,record_param_comms,"[[51,124160],[],[],[],[],[],[],[],[],[]]","[""c10::BFloat16"","""","""",""Scalar"","""",""ScalarList"",""ScalarList"",""Scalar"",""Scalar"",""Scalar""]",null,1,73.281
ncclDevKernel_AllGather_RING_LL(ncclDevKernelArgsStorage<4096ul>),16,operator_shape_matched,record_param_comms,"[[50,124160],[],[],[],[],[],[],[],[],[]]","[""c10::BFloat16"","""","""",""Scalar"","""",""ScalarList"",""ScalarList"",""Scalar"",""Scalar"",""Scalar""]",null,1,72.098
ncclDevKernel_AllGather_RING_LL(ncclDevKernelArgsStorage<4096ul>),17,operator_shape_matched,record_param_comms,"[[49,124160],[],[],[],[],[],[],[],[],[]]","[""c10::BFloat16"","""","""",""Scalar"","""",""ScalarList"",""ScalarList"",""Scalar"",""Scalar"",""Scalar""]",null,1,71.521
ncclDevKernel_AllGather_RING_LL(ncclDevKernelArgsStorage<4096ul>),18,operator_shape_matched,record_param_comms,"[[48,124160],[],[],[],[],[],[],[],[],[]]","[""c10::BFloat16"","""","""",""Scalar"","""",""ScalarList"",""ScalarList"",""Scalar"",""Scalar"",""Scalar""]",null,1,69.09
ncclDevKernel_AllGather_RING_LL(ncclDevKernelArgsStorage<4096ul>),19,operator_shape_matched,record_param_comms,"[[47,124160],[],[],[],[],[],[],[],[],[]]","[""c10::BFloat16"","""","""",""Scalar"","""",""ScalarList"",""ScalarList"",""Scalar"",""Scalar"",""Scalar""]",null,1,69.026
ncclDevKernel_AllGather_RING_LL(ncclDevKernelArgsStorage<4096ul>),20,operator_shape_matched,record_param_comms,"[[46,124160],[],[],[],[],[],[],[],[],[]]","[""c10::BFloat16"","""","""",""Scalar"","""",""ScalarList"",""ScalarList"",""Scalar"",""Scalar"",""Scalar""]",null,1,67.649
ncclDevKernel_AllGather_RING_LL(ncclDevKernelArgsStorage<4096ul>),21,operator_shape_matched,record_param_comms,"[[45,124160],[],[],[],[],[],[],[],[],[]]","[""c10::BFloat16"","""","""",""Scalar"","""",""ScalarList"",""ScalarList"",""Scalar"",""Scalar"",""Scalar""]",null,1,66.401
ncclDevKernel_AllGather_RING_LL(ncclDevKernelArgsStorage<4096ul>),22,operator_shape_matched,record_param_comms,"[[44,124160],[],[],[],[],[],[],[],[],[]]","[""c10::BFloat16"","""","""",""Scalar"","""",""ScalarList"",""ScalarList"",""Scalar"",""Scalar"",""Scalar""]",null,1,65.57
ncclDevKernel_AllGather_RING_LL(ncclDevKernelArgsStorage<4096ul>),23,operator_shape_matched,record_param_comms,"[[43,124160],[],[],[],[],[],[],[],[],[]]","[""c10::BFloat16"","""","""",""Scalar"","""",""ScalarList"",""ScalarList"",""Scalar"",""Scalar"",""Scalar""]",null,1,65.569
ncclDevKernel_AllGather_RING_LL(ncclDevKernelArgsStorage<4096ul>),24,operator_shape_matched,record_param_comms,"[[42,124160],[],[],[],[],[],[],[],[],[]]","[""c10::BFloat16"","""","""",""Scalar"","""",""ScalarList"",""ScalarList"",""Scalar"",""Scalar"",""Scalar""]",null,1,63.361
ncclDevKernel_AllGather_RING_LL(ncclDevKernelArgsStorage<4096ul>),25,operator_shape_matched,record_param_comms,"[[41,124160],[],[],[],[],[],[],[],[],[]]","[""c10::BFloat16"","""","""",""Scalar"","""",""ScalarList"",""ScalarList"",""Scalar"",""Scalar"",""Scalar""]",null,1,62.561
ncclDevKernel_AllGather_RING_LL(ncclDevKernelArgsStorage<4096ul>),26,operator_shape_matched,record_param_comms,"[[40,124160],[],[],[],[],[],[],[],[],[]]","[""c10::BFloat16"","""","""",""Scalar"","""",""ScalarList"",""ScalarList"",""Scalar"",""Scalar"",""Scalar""]",null,1,61.89
ncclDevKernel_AllGather_RING_LL(ncclDevKernelArgsStorage<4096ul>),27,operator_shape_matched,record_param_comms,"[[39,124160],[],[],[],[],[],[],[],[],[]]","[""c10::BFloat16"","""","""",""Scalar"","""",""ScalarList"",""ScalarList"",""Scalar"",""Scalar"",""Scalar""]",null,1,59.714
ncclDevKernel_AllGather_RING_LL(ncclDevKernelArgsStorage<4096ul>),28,operator_shape_matched,record_param_comms,"[[38,124160],[],[],[],[],[],[],[],[],[]]","[""c10::BFloat16"","""","""",""Scalar"","""",""ScalarList"",""ScalarList"",""Scalar"",""Scalar"",""Scalar""]",null,1,59.17
ncclDevKernel_AllGather_RING_LL(ncclDevKernelArgsStorage<4096ul>),29,operator_shape_matched,record_param_comms,"[[37,124160],[],[],[],[],[],[],[],[],[]]","[""c10::BFloat16"","""","""",""Scalar"","""",""ScalarList"",""ScalarList"",""Scalar"",""Scalar"",""Scalar""]",null,1,58.881
ncclDevKernel_AllGather_RING_LL(ncclDevKernelArgsStorage<4096ul>),30,operator_shape_matched,record_param_comms,"[[36,124160],[],[],[],[],[],[],[],[],[]]","[""c10::BFloat16"","""","""",""Scalar"","""",""ScalarList"",""ScalarList"",""Scalar"",""Scalar"",""Scalar""]",null,1,56.449
ncclDevKernel_AllGather_RING_LL(ncclDevKernelArgsStorage<4096ul>),31,operator_shape_matched,record_param_comms,"[[35,124160],[],[],[],[],[],[],[],[],[]]","[""c10::BFloat16"","""","""",""Scalar"","""",""ScalarList"",""ScalarList"",""Scalar"",""Scalar"",""Scalar""]",null,1,55.361
ncclDevKernel_AllGather_RING_LL(ncclDevKernelArgsStorage<4096ul>),32,operator_shape_matched,record_param_comms,"[[34,124160],[],[],[],[],[],[],[],[],[]]","[""c10::BFloat16"","""","""",""Scalar"","""",""ScalarList"",""ScalarList"",""Scalar"",""Scalar"",""Scalar""]",null,1,54.753
ncclDevKernel_AllGather_RING_LL(ncclDevKernelArgsStorage<4096ul>),33,operator_shape_matched,record_param_comms,"[[32,124160],[],[],[],[],[],[],[],[],[]]","[""c10::BFloat16"","""","""",""Scalar"","""",""ScalarList"",""ScalarList"",""Scalar"",""Scalar"",""Scalar""]",null,1,53.633
ncclDevKernel_AllGather_RING_LL(ncclDevKernelArgsStorage<4096ul>),34,operator_shape_matched,record_param_comms,"[[33,124160],[],[],[],[],[],[],[],[],[]]","[""c10::BFloat16"","""","""",""Scalar"","""",""ScalarList"",""ScalarList"",""Scalar"",""Scalar"",""Scalar""]",null,1,53.601
ncclDevKernel_AllGather_RING_LL(ncclDevKernelArgsStorage<4096ul>),35,operator_shape_matched,record_param_comms,"[[31,124160],[],[],[],[],[],[],[],[],[]]","[""c10::BFloat16"","""","""",""Scalar"","""",""ScalarList"",""ScalarList"",""Scalar"",""Scalar"",""Scalar""]",null,1,51.842
ncclDevKernel_AllGather_RING_LL(ncclDevKernelArgsStorage<4096ul>),36,operator_shape_matched,record_param_comms,"[[30,124160],[],[],[],[],[],[],[],[],[]]","[""c10::BFloat16"","""","""",""Scalar"","""",""ScalarList"",""ScalarList"",""Scalar"",""Scalar"",""Scalar""]",null,1,50.752
ncclDevKernel_AllGather_RING_LL(ncclDevKernelArgsStorage<4096ul>),37,operator_shape_matched,record_param_comms,"[[29,124160],[],[],[],[],[],[],[],[],[]]","[""c10::BFloat16"","""","""",""Scalar"","""",""ScalarList"",""ScalarList"",""Scalar"",""Scalar"",""Scalar""]",null,1,49.345
ncclDevKernel_AllGather_RING_LL(ncclDevKernelArgsStorage<4096ul>),38,operator_shape_matched,record_param_comms,"[[28,124160],[],[],[],[],[],[],[],[],[]]","[""c10::BFloat16"","""","""",""Scalar"","""",""ScalarList"",""ScalarList"",""Scalar"",""Scalar"",""Scalar""]",null,1,48.609
ncclDevKernel_AllGather_RING_LL(ncclDevKernelArgsStorage<4096ul>),39,operator_shape_matched,record_param_comms,"[[27,124160],[],[],[],[],[],[],[],[],[]]","[""c10::BFloat16"","""","""",""Scalar"","""",""ScalarList"",""ScalarList"",""Scalar"",""Scalar"",""Scalar""]",null,1,48.514
ncclDevKernel_AllGather_RING_LL(ncclDevKernelArgsStorage<4096ul>),40,operator_shape_matched,record_param_comms,"[[26,124160],[],[],[],[],[],[],[],[],[]]","[""c10::BFloat16"","""","""",""Scalar"","""",""ScalarList"",""ScalarList"",""Scalar"",""Scalar"",""Scalar""]",null,1,47.713
ncclDevKernel_AllGather_RING_LL(ncclDevKernelArgsStorage<4096ul>),41,operator_shape_matched,record_param_comms,"[[25,124160],[],[],[],[],[],[],[],[],[]]","[""c10::BFloat16"","""","""",""Scalar"","""",""ScalarList"",""ScalarList"",""Scalar"",""Scalar"",""Scalar""]",null,1,44.961
ncclDevKernel_AllGather_RING_LL(ncclDevKernelArgsStorage<4096ul>),42,operator_shape_matched,record_param_comms,"[[24,124160],[],[],[],[],[],[],[],[],[]]","[""c10::BFloat16"","""","""",""Scalar"","""",""ScalarList"",""ScalarList"",""Scalar"",""Scalar"",""Scalar""]",null,1,44.225
ncclDevKernel_AllGather_RING_LL(ncclDevKernelArgsStorage<4096ul>),43,operator_shape_matched,record_param_comms,"[[23,124160],[],[],[],[],[],[],[],[],[]]","[""c10::BFloat16"","""","""",""Scalar"","""",""ScalarList"",""ScalarList"",""Scalar"",""Scalar"",""Scalar""]",null,1,43.713
ncclDevKernel_AllGather_RING_LL(ncclDevKernelArgsStorage<4096ul>),44,operator_shape_matched,record_param_comms,"[[22,124160],[],[],[],[],[],[],[],[],[]]","[""c10::BFloat16"","""","""",""Scalar"","""",""ScalarList"",""ScalarList"",""Scalar"",""Scalar"",""Scalar""]",null,1,43.104
ncclDevKernel_AllGather_RING_LL(ncclDevKernelArgsStorage<4096ul>),45,operator_shape_matched,record_param_comms,"[[20,124160],[],[],[],[],[],[],[],[],[]]","[""c10::BFloat16"","""","""",""Scalar"","""",""ScalarList"",""ScalarList"",""Scalar"",""Scalar"",""Scalar""]",null,1,40.929
ncclDevKernel_AllGather_RING_LL(ncclDevKernelArgsStorage<4096ul>),46,operator_shape_matched,record_param_comms,"[[21,124160],[],[],[],[],[],[],[],[],[]]","[""c10::BFloat16"","""","""",""Scalar"","""",""ScalarList"",""ScalarList"",""Scalar"",""Scalar"",""Scalar""]",null,1,40.609
ncclDevKernel_AllGather_RING_LL(ncclDevKernelArgsStorage<4096ul>),47,operator_shape_matched,record_param_comms,"[[19,124160],[],[],[],[],[],[],[],[],[]]","[""c10::BFloat16"","""","""",""Scalar"","""",""ScalarList"",""ScalarList"",""Scalar"",""Scalar"",""Scalar""]",null,1,38.977
ncclDevKernel_AllGather_RING_LL(ncclDevKernelArgsStorage<4096ul>),48,operator_shape_matched,record_param_comms,"[[18,124160],[],[],[],[],[],[],[],[],[]]","[""c10::BFloat16"","""","""",""Scalar"","""",""ScalarList"",""ScalarList"",""Scalar"",""Scalar"",""Scalar""]",null,1,38.145
ncclDevKernel_AllGather_RING_LL(ncclDevKernelArgsStorage<4096ul>),49,operator_shape_matched,record_param_comms,"[[17,124160],[],[],[],[],[],[],[],[],[]]","[""c10::BFloat16"","""","""",""Scalar"","""",""ScalarList"",""ScalarList"",""Scalar"",""Scalar"",""Scalar""]",null,1,37.281
ncclDevKernel_AllGather_RING_LL(ncclDevKernelArgsStorage<4096ul>),50,operator_shape_matched,record_param_comms,"[[16,124160],[],[],[],[],[],[],[],[],[]]","[""c10::BFloat16"","""","""",""Scalar"","""",""ScalarList"",""ScalarList"",""Scalar"",""Scalar"",""Scalar""]",null,1,36.224
ncclDevKernel_AllGather_RING_LL(ncclDevKernelArgsStorage<4096ul>),51,operator_shape_matched,record_param_comms,"[[15,124160],[],[],[],[],[],[],[],[],[]]","[""c10::BFloat16"","""","""",""Scalar"","""",""ScalarList"",""ScalarList"",""Scalar"",""Scalar"",""Scalar""]",null,1,35.873
ncclDevKernel_AllGather_RING_LL(ncclDevKernelArgsStorage<4096ul>),52,operator_shape_matched,record_param_comms,"[[14,124160],[],[],[],[],[],[],[],[],[]]","[""c10::BFloat16"","""","""",""Scalar"","""",""ScalarList"",""ScalarList"",""Scalar"",""Scalar"",""Scalar""]",null,1,34.209
ncclDevKernel_AllGather_RING_LL(ncclDevKernelArgsStorage<4096ul>),53,operator_shape_matched,record_param_comms,"[[13,124160],[],[],[],[],[],[],[],[],[]]","[""c10::BFloat16"","""","""",""Scalar"","""",""ScalarList"",""ScalarList"",""Scalar"",""Scalar"",""Scalar""]",null,1,32.993
ncclDevKernel_AllGather_RING_LL(ncclDevKernelArgsStorage<4096ul>),54,operator_shape_matched,record_param_comms,"[[11,124160],[],[],[],[],[],[],[],[],[]]","[""c10::BFloat16"","""","""",""Scalar"","""",""ScalarList"",""ScalarList"",""Scalar"",""Scalar"",""Scalar""]",null,1,31.457
ncclDevKernel_AllGather_RING_LL(ncclDevKernelArgsStorage<4096ul>),55,operator_shape_matched,record_param_comms,"[[12,124160],[],[],[],[],[],[],[],[],[]]","[""c10::BFloat16"","""","""",""Scalar"","""",""ScalarList"",""ScalarList"",""Scalar"",""Scalar"",""Scalar""]",null,1,31.2
ncclDevKernel_AllGather_RING_LL(ncclDevKernelArgsStorage<4096ul>),56,operator_shape_matched,record_param_comms,"[[10,124160],[],[],[],[],[],[],[],[],[]]","[""c10::BFloat16"","""","""",""Scalar"","""",""ScalarList"",""ScalarList"",""Scalar"",""Scalar"",""Scalar""]",null,1,29.665
ncclDevKernel_AllGather_RING_LL(ncclDevKernelArgsStorage<4096ul>),57,operator_shape_matched,record_param_comms,"[[9,124160],[],[],[],[],[],[],[],[],[]]","[""c10::BFloat16"","""","""",""Scalar"","""",""ScalarList"",""ScalarList"",""Scalar"",""Scalar"",""Scalar""]",null,1,28.192
ncclDevKernel_AllGather_RING_LL(ncclDevKernelArgsStorage<4096ul>),58,operator_shape_matched,record_param_comms,"[[8,124160],[],[],[],[],[],[],[],[],[]]","[""c10::BFloat16"","""","""",""Scalar"","""",""ScalarList"",""ScalarList"",""Scalar"",""Scalar"",""Scalar""]",null,1,28.129
ncclDevKernel_AllGather_RING_LL(ncclDevKernelArgsStorage<4096ul>),59,operator_shape_matched,record_param_comms,"[[5,124160],[],[],[],[],[],[],[],[],[]]","[""c10::BFloat16"","""","""",""Scalar"","""",""ScalarList"",""ScalarList"",""Scalar"",""Scalar"",""Scalar""]",null,1,26.305
ncclDevKernel_AllGather_RING_LL(ncclDevKernelArgsStorage<4096ul>),60,operator_shape_matched,record_param_comms,"[[7,124160],[],[],[],[],[],[],[],[],[]]","[""c10::BFloat16"","""","""",""Scalar"","""",""ScalarList"",""ScalarList"",""Scalar"",""Scalar"",""Scalar""]",null,1,26.304
ncclDevKernel_AllGather_RING_LL(ncclDevKernelArgsStorage<4096ul>),61,operator_shape_matched,record_param_comms,"[[6,124160],[],[],[],[],[],[],[],[],[]]","[""c10::BFloat16"","""","""",""Scalar"","""",""ScalarList"",""ScalarList"",""Scalar"",""Scalar"",""Scalar""]",null,1,25.984
ncclDevKernel_AllGather_RING_LL(ncclDevKernelArgsStorage<4096ul>),62,operator_shape_matched,record_param_comms,"[[4,124160],[],[],[],[],[],[],[],[],[]]","[""c10::BFloat16"","""","""",""Scalar"","""",""ScalarList"",""ScalarList"",""Scalar"",""Scalar"",""Scalar""]",null,1,15.745
ncclDevKernel_AllGather_RING_LL(ncclDevKernelArgsStorage<4096ul>),63,operator_shape_matched,record_param_comms,"[[3,124160],[],[],[],[],[],[],[],[],[]]","[""c10::BFloat16"","""","""",""Scalar"","""",""ScalarList"",""ScalarList"",""Scalar"",""Scalar"",""Scalar""]",null,1,12.641
ncclDevKernel_AllGather_RING_LL(ncclDevKernelArgsStorage<4096ul>),64,operator_shape_matched,record_param_comms,"[[2,124160],[],[],[],[],[],[],[],[],[]]","[""c10::BFloat16"","""","""",""Scalar"","""",""ScalarList"",""ScalarList"",""Scalar"",""Scalar"",""Scalar""]",null,1,10.656
triton_poi_fused_add_4,1,missing_external_id,null,null,null,null,30720,48952.582
triton_poi_fused_add_4,2,operator_shape_matched,triton_poi_fused_add_4,"[[8192,2048],[8192,2048],[]]","[""c10::BFloat16"",""c10::BFloat16"",""Scalar""]",null,930,31174.527
triton_poi_fused_add_4,3,operator_shape_matched,triton_poi_fused_add_4,"[[5089,2048],[5089,2048],[]]","[""c10::BFloat16"",""c10::BFloat16"",""Scalar""]",null,30,514.794
triton_poi_fused_add_4,4,operator_shape_matched,triton_poi_fused_add_4,"[[4096,2048],[4096,2048],[]]","[""c10::BFloat16"",""c10::BFloat16"",""Scalar""]",null,30,391.339
sigmoid_forward_kernel_rank_1,1,missing_external_id,null,null,null,null,40960,71402.209
sigmoid_forward_kernel_rank_1,2,operator_shape_matched,aten::sigmoid,"[[8192,1]]","[""c10::BFloat16""]",null,1240,1533.196
sigmoid_forward_kernel_rank_1,3,operator_shape_matched,aten::sigmoid,"[[5089,1]]","[""c10::BFloat16""]",null,40,51.78
sigmoid_forward_kernel_rank_1,4,operator_shape_matched,aten::sigmoid,"[[4096,1]]","[""c10::BFloat16""]",null,40,48.707
argmax_kernel_inner,1,operator_shape_matched,aten::argmax,"[[64,248320],[],[]]","[""float"",""Scalar"",""Scalar""]",null,991,68545.83
argmax_kernel_inner,2,operator_shape_matched,aten::argmax,"[[63,248320],[],[]]","[""float"",""Scalar"",""Scalar""]",null,3,207.94
argmax_kernel_inner,3,operator_shape_matched,aten::argmax,"[[1,248320],[],[]]","[""float"",""Scalar"",""Scalar""]",null,2,82.497
argmax_kernel_inner,4,operator_shape_matched,aten::argmax,"[[61,248320],[],[]]","[""float"",""Scalar"",""Scalar""]",null,1,68.962
argmax_kernel_inner,5,operator_shape_matched,aten::argmax,"[[59,248320],[],[]]","[""float"",""Scalar"",""Scalar""]",null,1,68.545
argmax_kernel_inner,6,operator_shape_matched,aten::argmax,"[[53,248320],[],[]]","[""float"",""Scalar"",""Scalar""]",null,1,68.482
argmax_kernel_inner,7,operator_shape_matched,aten::argmax,"[[62,248320],[],[]]","[""float"",""Scalar"",""Scalar""]",null,1,68.481
argmax_kernel_inner,8,operator_shape_matched,aten::argmax,"[[56,248320],[],[]]","[""float"",""Scalar"",""Scalar""]",null,1,67.713
argmax_kernel_inner,9,operator_shape_matched,aten::argmax,"[[57,248320],[],[]]","[""float"",""Scalar"",""Scalar""]",null,1,67.521
argmax_kernel_inner,10,operator_shape_matched,aten::argmax,"[[60,248320],[],[]]","[""float"",""Scalar"",""Scalar""]",null,1,67.49
argmax_kernel_inner,11,operator_shape_matched,aten::argmax,"[[55,248320],[],[]]","[""float"",""Scalar"",""Scalar""]",null,1,67.393
argmax_kernel_inner,12,operator_shape_matched,aten::argmax,"[[58,248320],[],[]]","[""float"",""Scalar"",""Scalar""]",null,1,67.329
argmax_kernel_inner,13,operator_shape_matched,aten::argmax,"[[51,248320],[],[]]","[""float"",""Scalar"",""Scalar""]",null,1,67.041
argmax_kernel_inner,14,operator_shape_matched,aten::argmax,"[[54,248320],[],[]]","[""float"",""Scalar"",""Scalar""]",null,1,67.009
argmax_kernel_inner,15,operator_shape_matched,aten::argmax,"[[52,248320],[],[]]","[""float"",""Scalar"",""Scalar""]",null,1,66.85
argmax_kernel_inner,16,operator_shape_matched,aten::argmax,"[[49,248320],[],[]]","[""float"",""Scalar"",""Scalar""]",null,1,66.338
argmax_kernel_inner,17,operator_shape_matched,aten::argmax,"[[50,248320],[],[]]","[""float"",""Scalar"",""Scalar""]",null,1,65.857
argmax_kernel_inner,18,operator_shape_matched,aten::argmax,"[[48,248320],[],[]]","[""float"",""Scalar"",""Scalar""]",null,1,65.281
argmax_kernel_inner,19,operator_shape_matched,aten::argmax,"[[47,248320],[],[]]","[""float"",""Scalar"",""Scalar""]",null,1,64.994
argmax_kernel_inner,20,operator_shape_matched,aten::argmax,"[[44,248320],[],[]]","[""float"",""Scalar"",""Scalar""]",null,1,64.706
argmax_kernel_inner,21,operator_shape_matched,aten::argmax,"[[46,248320],[],[]]","[""float"",""Scalar"",""Scalar""]",null,1,64.353
argmax_kernel_inner,22,operator_shape_matched,aten::argmax,"[[45,248320],[],[]]","[""float"",""Scalar"",""Scalar""]",null,1,64.193
argmax_kernel_inner,23,operator_shape_matched,aten::argmax,"[[43,248320],[],[]]","[""float"",""Scalar"",""Scalar""]",null,1,63.873
argmax_kernel_inner,24,operator_shape_matched,aten::argmax,"[[42,248320],[],[]]","[""float"",""Scalar"",""Scalar""]",null,1,63.682
argmax_kernel_inner,25,operator_shape_matched,aten::argmax,"[[41,248320],[],[]]","[""float"",""Scalar"",""Scalar""]",null,1,63.297
argmax_kernel_inner,26,operator_shape_matched,aten::argmax,"[[38,248320],[],[]]","[""float"",""Scalar"",""Scalar""]",null,1,62.817
argmax_kernel_inner,27,operator_shape_matched,aten::argmax,"[[39,248320],[],[]]","[""float"",""Scalar"",""Scalar""]",null,1,62.753
argmax_kernel_inner,28,operator_shape_matched,aten::argmax,"[[37,248320],[],[]]","[""float"",""Scalar"",""Scalar""]",null,1,62.274
argmax_kernel_inner,29,operator_shape_matched,aten::argmax,"[[40,248320],[],[]]","[""float"",""Scalar"",""Scalar""]",null,1,62.241
argmax_kernel_inner,30,operator_shape_matched,aten::argmax,"[[36,248320],[],[]]","[""float"",""Scalar"",""Scalar""]",null,1,61.569
argmax_kernel_inner,31,operator_shape_matched,aten::argmax,"[[35,248320],[],[]]","[""float"",""Scalar"",""Scalar""]",null,1,61.249
argmax_kernel_inner,32,operator_shape_matched,aten::argmax,"[[31,248320],[],[]]","[""float"",""Scalar"",""Scalar""]",null,1,60.514
argmax_kernel_inner,33,operator_shape_matched,aten::argmax,"[[32,248320],[],[]]","[""float"",""Scalar"",""Scalar""]",null,1,60.417
argmax_kernel_inner,34,operator_shape_matched,aten::argmax,"[[33,248320],[],[]]","[""float"",""Scalar"",""Scalar""]",null,1,60.386
argmax_kernel_inner,35,operator_shape_matched,aten::argmax,"[[34,248320],[],[]]","[""float"",""Scalar"",""Scalar""]",null,1,60.321
argmax_kernel_inner,36,operator_shape_matched,aten::argmax,"[[30,248320],[],[]]","[""float"",""Scalar"",""Scalar""]",null,1,59.297
argmax_kernel_inner,37,operator_shape_matched,aten::argmax,"[[27,248320],[],[]]","[""float"",""Scalar"",""Scalar""]",null,1,58.786
argmax_kernel_inner,38,operator_shape_matched,aten::argmax,"[[29,248320],[],[]]","[""float"",""Scalar"",""Scalar""]",null,1,58.657
argmax_kernel_inner,39,operator_shape_matched,aten::argmax,"[[28,248320],[],[]]","[""float"",""Scalar"",""Scalar""]",null,1,58.433
argmax_kernel_inner,40,operator_shape_matched,aten::argmax,"[[26,248320],[],[]]","[""float"",""Scalar"",""Scalar""]",null,1,57.409
argmax_kernel_inner,41,operator_shape_matched,aten::argmax,"[[25,248320],[],[]]","[""float"",""Scalar"",""Scalar""]",null,1,57.185
argmax_kernel_inner,42,operator_shape_matched,aten::argmax,"[[23,248320],[],[]]","[""float"",""Scalar"",""Scalar""]",null,1,55.233
argmax_kernel_inner,43,operator_shape_matched,aten::argmax,"[[24,248320],[],[]]","[""float"",""Scalar"",""Scalar""]",null,1,54.818
argmax_kernel_inner,44,operator_shape_matched,aten::argmax,"[[22,248320],[],[]]","[""float"",""Scalar"",""Scalar""]",null,1,48.673
argmax_kernel_inner,45,operator_shape_matched,aten::argmax,"[[21,248320],[],[]]","[""float"",""Scalar"",""Scalar""]",null,1,45.697
argmax_kernel_inner,46,operator_shape_matched,aten::argmax,"[[20,248320],[],[]]","[""float"",""Scalar"",""Scalar""]",null,1,45.153
argmax_kernel_inner,47,operator_shape_matched,aten::argmax,"[[19,248320],[],[]]","[""float"",""Scalar"",""Scalar""]",null,1,44.193
argmax_kernel_inner,48,operator_shape_matched,aten::argmax,"[[18,248320],[],[]]","[""float"",""Scalar"",""Scalar""]",null,1,43.009
argmax_kernel_inner,49,operator_shape_matched,aten::argmax,"[[8,248320],[],[]]","[""float"",""Scalar"",""Scalar""]",null,1,42.849
argmax_kernel_inner,50,operator_shape_matched,aten::argmax,"[[10,248320],[],[]]","[""float"",""Scalar"",""Scalar""]",null,1,42.592
argmax_kernel_inner,51,operator_shape_matched,aten::argmax,"[[11,248320],[],[]]","[""float"",""Scalar"",""Scalar""]",null,1,42.592
argmax_kernel_inner,52,operator_shape_matched,aten::argmax,"[[15,248320],[],[]]","[""float"",""Scalar"",""Scalar""]",null,1,42.561
argmax_kernel_inner,53,operator_shape_matched,aten::argmax,"[[12,248320],[],[]]","[""float"",""Scalar"",""Scalar""]",null,1,42.401
argmax_kernel_inner,54,operator_shape_matched,aten::argmax,"[[6,248320],[],[]]","[""float"",""Scalar"",""Scalar""]",null,1,42.401
argmax_kernel_inner,55,operator_shape_matched,aten::argmax,"[[17,248320],[],[]]","[""float"",""Scalar"",""Scalar""]",null,1,42.4
argmax_kernel_inner,56,operator_shape_matched,aten::argmax,"[[13,248320],[],[]]","[""float"",""Scalar"",""Scalar""]",null,1,42.369
argmax_kernel_inner,57,operator_shape_matched,aten::argmax,"[[16,248320],[],[]]","[""float"",""Scalar"",""Scalar""]",null,1,42.305
argmax_kernel_inner,58,operator_shape_matched,aten::argmax,"[[14,248320],[],[]]","[""float"",""Scalar"",""Scalar""]",null,1,42.209
argmax_kernel_inner,59,operator_shape_matched,aten::argmax,"[[2,248320],[],[]]","[""float"",""Scalar"",""Scalar""]",null,1,42.209
argmax_kernel_inner,60,operator_shape_matched,aten::argmax,"[[4,248320],[],[]]","[""float"",""Scalar"",""Scalar""]",null,1,42.209
argmax_kernel_inner,61,operator_shape_matched,aten::argmax,"[[9,248320],[],[]]","[""float"",""Scalar"",""Scalar""]",null,1,42.177
argmax_kernel_inner,62,operator_shape_matched,aten::argmax,"[[5,248320],[],[]]","[""float"",""Scalar"",""Scalar""]",null,1,42.017
argmax_kernel_inner,63,operator_shape_matched,aten::argmax,"[[7,248320],[],[]]","[""float"",""Scalar"",""Scalar""]",null,1,41.985
argmax_kernel_inner,64,operator_shape_matched,aten::argmax,"[[3,248320],[],[]]","[""float"",""Scalar"",""Scalar""]",null,1,41.953
triton_poi_fused__to_copy__unsafe_view_add_clone_linear_mean_mul_pow_rsqrt_silu_view_2,1,missing_external_id,null,null,null,null,30720,41868.158
triton_poi_fused__to_copy__unsafe_view_add_clone_linear_mean_mul_pow_rsqrt_silu_view_2,2,operator_shape_matched,triton_poi_fused__to_copy__unsafe_view_add_clone_linear_mean_mul_pow_rsqrt_silu_view_2,"[[131072,128],[8192,2048],[],[]]","[""c10::BFloat16"",""c10::BFloat16"",""Scalar"",""Scalar""]",null,930,19792.349
triton_poi_fused__to_copy__unsafe_view_add_clone_linear_mean_mul_pow_rsqrt_silu_view_2,3,operator_shape_matched,triton_poi_fused__to_copy__unsafe_view_add_clone_linear_mean_mul_pow_rsqrt_silu_view_2,"[[81424,128],[5089,2048],[],[]]","[""c10::BFloat16"",""c10::BFloat16"",""Scalar"",""Scalar""]",null,30,346.857
triton_poi_fused__to_copy__unsafe_view_add_clone_linear_mean_mul_pow_rsqrt_silu_view_2,4,operator_shape_matched,triton_poi_fused__to_copy__unsafe_view_add_clone_linear_mean_mul_pow_rsqrt_silu_view_2,"[[65536,128],[4096,2048],[],[]]","[""c10::BFloat16"",""c10::BFloat16"",""Scalar"",""Scalar""]",null,30,265.891
_causal_conv1d_fwd_kernel,1,operator_shape_matched,vllm::qwen_gdn_attention_core,"[[8192,4096],[8192,16],[8192,16],[8192,16,128],[],[]]","[""c10::BFloat16"",""c10::BFloat16"",""c10::BFloat16"",""c10::BFloat16"","""",""Scalar""]",null,930,58624.905
_causal_conv1d_fwd_kernel,2,operator_shape_matched,vllm::qwen_gdn_attention_core,"[[5089,4096],[5089,16],[5089,16],[5089,16,128],[],[]]","[""c10::BFloat16"",""c10::BFloat16"",""c10::BFloat16"",""c10::BFloat16"","""",""Scalar""]",null,30,1260.982
_causal_conv1d_fwd_kernel,3,operator_shape_matched,vllm::qwen_gdn_attention_core,"[[4096,4096],[4096,16],[4096,16],[4096,16,128],[],[]]","[""c10::BFloat16"",""c10::BFloat16"",""c10::BFloat16"",""c10::BFloat16"","""",""Scalar""]",null,30,1005.751
moe_align_block_size_stage3,1,missing_external_id,null,null,null,null,40760,57935.481
moe_align_block_size_stage3,2,operator_shape_matched,vllm::moe_forward_shared,"[[8192,2048],[8192,2048],[8192,2048],[],[],[]]","[""c10::BFloat16"",""c10::BFloat16"",""c10::BFloat16"","""","""",""Scalar""]",null,1240,1727.621
moe_align_block_size_stage3,3,operator_shape_matched,vllm::moe_forward_shared,"[[4096,2048],[4096,2048],[4096,2048],[],[],[]]","[""c10::BFloat16"",""c10::BFloat16"",""c10::BFloat16"","""","""",""Scalar""]",null,40,56.452
moe_align_block_size_stage3,4,operator_shape_matched,vllm::moe_forward_shared,"[[5089,2048],[5089,2048],[5089,2048],[],[],[]]","[""c10::BFloat16"",""c10::BFloat16"",""c10::BFloat16"","""","""",""Scalar""]",null,40,55.644
nvjet_tst_256x128_64x4_1x2_h_bz_coopA_TNT,1,operator_shape_matched,aten::mm,"[[8192,2048],[2048,512]]","[""c10::BFloat16"",""c10::BFloat16""]",null,1240,31992.035
nvjet_tst_256x128_64x4_1x2_h_bz_coopA_TNT,2,operator_shape_matched,aten::mm,"[[8192,256],[256,2048]]","[""c10::BFloat16"",""c10::BFloat16""]",null,1240,23939.564
nvjet_tst_256x128_64x4_1x2_h_bz_coopA_TNT,3,operator_shape_matched,aten::mm,"[[4096,256],[256,2048]]","[""c10::BFloat16"",""c10::BFloat16""]",null,40,470.699
reduce_segments,1,missing_external_id,null,null,null,null,10240,55476.385
"void at::native::elementwise_kernel<128, 4, at::native::gpu_kernel_impl_nocast<at::native::direct_copy_kernel_cuda(at::TensorIteratorBase&)::{lambda()#3}::operator()() const::{lambda()#12}::operator()() const::{lambda(c10::BFloat16)#1}>(at::TensorIteratorBase&, at::native::direct_copy_kernel_cuda(at::TensorIteratorBase&)::{lambda()#3}::operator()() const::{lambda()#12}::operator()() const::{lambda(c10::BFloat16)#1} const&)::{lambda(int)#1}>(int, at::native::gpu_kernel_impl_nocast<at::native::direct_copy_kernel_cuda(at::TensorIteratorBase&)::{lambda()#3}::operator()() const::{lambda()#12}::operator()() const::{lambda(c10::BFloat16)#1}>(at::TensorIteratorBase&, at::native::direct_copy_kernel_cuda(at::TensorIteratorBase&)::{lambda()#3}::operator()() const::{lambda()#12}::operator()() const::{lambda(c10::BFloat16)#1} const&)::{lambda(int)#1})",1,operator_shape_matched,aten::copy_,"[[64,2,124160],[64,2,124160],[]]","[""c10::BFloat16"",""c10::BFloat16"",""Scalar""]",null,991,42079.152
"void at::native::elementwise_kernel<128, 4, at::native::gpu_kernel_impl_nocast<at::native::direct_copy_kernel_cuda(at::TensorIteratorBase&)::{lambda()#3}::operator()() const::{lambda()#12}::operator()() const::{lambda(c10::BFloat16)#1}>(at::TensorIteratorBase&, at::native::direct_copy_kernel_cuda(at::TensorIteratorBase&)::{lambda()#3}::operator()() const::{lambda()#12}::operator()() const::{lambda(c10::BFloat16)#1} const&)::{lambda(int)#1}>(int, at::native::gpu_kernel_impl_nocast<at::native::direct_copy_kernel_cuda(at::TensorIteratorBase&)::{lambda()#3}::operator()() const::{lambda()#12}::operator()() const::{lambda(c10::BFloat16)#1}>(at::TensorIteratorBase&, at::native::direct_copy_kernel_cuda(at::TensorIteratorBase&)::{lambda()#3}::operator()() const::{lambda()#12}::operator()() const::{lambda(c10::BFloat16)#1} const&)::{lambda(int)#1})",2,operator_shape_matched,aten::copy_,"[[58,1024],[58,1024],[]]","[""c10::BFloat16"",""c10::BFloat16"",""Scalar""]",null,60,209.633
"void at::native::elementwise_kernel<128, 4, at::native::gpu_kernel_impl_nocast<at::native::direct_copy_kernel_cuda(at::TensorIteratorBase&)::{lambda()#3}::operator()() const::{lambda()#12}::operator()() const::{lambda(c10::BFloat16)#1}>(at::TensorIteratorBase&, at::native::direct_copy_kernel_cuda(at::TensorIteratorBase&)::{lambda()#3}::operator()() const::{lambda()#12}::operator()() const::{lambda(c10::BFloat16)#1} const&)::{lambda(int)#1}>(int, at::native::gpu_kernel_impl_nocast<at::native::direct_copy_kernel_cuda(at::TensorIteratorBase&)::{lambda()#3}::operator()() const::{lambda()#12}::operator()() const::{lambda(c10::BFloat16)#1}>(at::TensorIteratorBase&, at::native::direct_copy_kernel_cuda(at::TensorIteratorBase&)::{lambda()#3}::operator()() const::{lambda()#12}::operator()() const::{lambda(c10::BFloat16)#1} const&)::{lambda(int)#1})",3,operator_shape_matched,aten::copy_,"[[62,1024],[62,1024],[]]","[""c10::BFloat16"",""c10::BFloat16"",""Scalar""]",null,60,209.345
"void at::native::elementwise_kernel<128, 4, at::native::gpu_kernel_impl_nocast<at::native::direct_copy_kernel_cuda(at::TensorIteratorBase&)::{lambda()#3}::operator()() const::{lambda()#12}::operator()() const::{lambda(c10::BFloat16)#1}>(at::TensorIteratorBase&, at::native::direct_copy_kernel_cuda(at::TensorIteratorBase&)::{lambda()#3}::operator()() const::{lambda()#12}::operator()() const::{lambda(c10::BFloat16)#1} const&)::{lambda(int)#1}>(int, at::native::gpu_kernel_impl_nocast<at::native::direct_copy_kernel_cuda(at::TensorIteratorBase&)::{lambda()#3}::operator()() const::{lambda()#12}::operator()() const::{lambda(c10::BFloat16)#1}>(at::TensorIteratorBase&, at::native::direct_copy_kernel_cuda(at::TensorIteratorBase&)::{lambda()#3}::operator()() const::{lambda()#12}::operator()() const::{lambda(c10::BFloat16)#1} const&)::{lambda(int)#1})",4,operator_shape_matched,aten::copy_,"[[60,1024],[60,1024],[]]","[""c10::BFloat16"",""c10::BFloat16"",""Scalar""]",null,60,208.869
"void at::native::elementwise_kernel<128, 4, at::native::gpu_kernel_impl_nocast<at::native::direct_copy_kernel_cuda(at::TensorIteratorBase&)::{lambda()#3}::operator()() const::{lambda()#12}::operator()() const::{lambda(c10::BFloat16)#1}>(at::TensorIteratorBase&, at::native::direct_copy_kernel_cuda(at::TensorIteratorBase&)::{lambda()#3}::operator()() const::{lambda()#12}::operator()() const::{lambda(c10::BFloat16)#1} const&)::{lambda(int)#1}>(int, at::native::gpu_kernel_impl_nocast<at::native::direct_copy_kernel_cuda(at::TensorIteratorBase&)::{lambda()#3}::operator()() const::{lambda()#12}::operator()() const::{lambda(c10::BFloat16)#1}>(at::TensorIteratorBase&, at::native::direct_copy_kernel_cuda(at::TensorIteratorBase&)::{lambda()#3}::operator()() const::{lambda()#12}::operator()() const::{lambda(c10::BFloat16)#1} const&)::{lambda(int)#1})",5,operator_shape_matched,aten::copy_,"[[54,1024],[54,1024],[]]","[""c10::BFloat16"",""c10::BFloat16"",""Scalar""]",null,60,207.841
"void at::native::elementwise_kernel<128, 4, at::native::gpu_kernel_impl_nocast<at::native::direct_copy_kernel_cuda(at::TensorIteratorBase&)::{lambda()#3}::operator()() const::{lambda()#12}::operator()() const::{lambda(c10::BFloat16)#1}>(at::TensorIteratorBase&, at::native::direct_copy_kernel_cuda(at::TensorIteratorBase&)::{lambda()#3}::operator()() const::{lambda()#12}::operator()() const::{lambda(c10::BFloat16)#1} const&)::{lambda(int)#1}>(int, at::native::gpu_kernel_impl_nocast<at::native::direct_copy_kernel_cuda(at::TensorIteratorBase&)::{lambda()#3}::operator()() const::{lambda()#12}::operator()() const::{lambda(c10::BFloat16)#1}>(at::TensorIteratorBase&, at::native::direct_copy_kernel_cuda(at::TensorIteratorBase&)::{lambda()#3}::operator()() const::{lambda()#12}::operator()() const::{lambda(c10::BFloat16)#1} const&)::{lambda(int)#1})",6,operator_shape_matched,aten::copy_,"[[56,1024],[56,1024],[]]","[""c10::BFloat16"",""c10::BFloat16"",""Scalar""]",null,60,207.111
"void at::native::elementwise_kernel<128, 4, at::native::gpu_kernel_impl_nocast<at::native::direct_copy_kernel_cuda(at::TensorIteratorBase&)::{lambda()#3}::operator()() const::{lambda()#12}::operator()() const::{lambda(c10::BFloat16)#1}>(at::TensorIteratorBase&, at::native::direct_copy_kernel_cuda(at::TensorIteratorBase&)::{lambda()#3}::operator()() const::{lambda()#12}::operator()() const::{lambda(c10::BFloat16)#1} const&)::{lambda(int)#1}>(int, at::native::gpu_kernel_impl_nocast<at::native::direct_copy_kernel_cuda(at::TensorIteratorBase&)::{lambda()#3}::operator()() const::{lambda()#12}::operator()() const::{lambda(c10::BFloat16)#1}>(at::TensorIteratorBase&, at::native::direct_copy_kernel_cuda(at::TensorIteratorBase&)::{lambda()#3}::operator()() const::{lambda()#12}::operator()() const::{lambda(c10::BFloat16)#1} const&)::{lambda(int)#1})",7,operator_shape_matched,aten::copy_,"[[48,1024],[48,1024],[]]","[""c10::BFloat16"",""c10::BFloat16"",""Scalar""]",null,60,206.981
"void at::native::elementwise_kernel<128, 4, at::native::gpu_kernel_impl_nocast<at::native::direct_copy_kernel_cuda(at::TensorIteratorBase&)::{lambda()#3}::operator()() const::{lambda()#12}::operator()() const::{lambda(c10::BFloat16)#1}>(at::TensorIteratorBase&, at::native::direct_copy_kernel_cuda(at::TensorIteratorBase&)::{lambda()#3}::operator()() const::{lambda()#12}::operator()() const::{lambda(c10::BFloat16)#1} const&)::{lambda(int)#1}>(int, at::native::gpu_kernel_impl_nocast<at::native::direct_copy_kernel_cuda(at::TensorIteratorBase&)::{lambda()#3}::operator()() const::{lambda()#12}::operator()() const::{lambda(c10::BFloat16)#1}>(at::TensorIteratorBase&, at::native::direct_copy_kernel_cuda(at::TensorIteratorBase&)::{lambda()#3}::operator()() const::{lambda()#12}::operator()() const::{lambda(c10::BFloat16)#1} const&)::{lambda(int)#1})",8,operator_shape_matched,aten::copy_,"[[52,1024],[52,1024],[]]","[""c10::BFloat16"",""c10::BFloat16"",""Scalar""]",null,60,206.438
"void at::native::elementwise_kernel<128, 4, at::native::gpu_kernel_impl_nocast<at::native::direct_copy_kernel_cuda(at::TensorIteratorBase&)::{lambda()#3}::operator()() const::{lambda()#12}::operator()() const::{lambda(c10::BFloat16)#1}>(at::TensorIteratorBase&, at::native::direct_copy_kernel_cuda(at::TensorIteratorBase&)::{lambda()#3}::operator()() const::{lambda()#12}::operator()() const::{lambda(c10::BFloat16)#1} const&)::{lambda(int)#1}>(int, at::native::gpu_kernel_impl_nocast<at::native::direct_copy_kernel_cuda(at::TensorIteratorBase&)::{lambda()#3}::operator()() const::{lambda()#12}::operator()() const::{lambda(c10::BFloat16)#1}>(at::TensorIteratorBase&, at::native::direct_copy_kernel_cuda(at::TensorIteratorBase&)::{lambda()#3}::operator()() const::{lambda()#12}::operator()() const::{lambda(c10::BFloat16)#1} const&)::{lambda(int)#1})",9,operator_shape_matched,aten::copy_,"[[50,1024],[50,1024],[]]","[""c10::BFloat16"",""c10::BFloat16"",""Scalar""]",null,60,206.244
"void at::native::elementwise_kernel<128, 4, at::native::gpu_kernel_impl_nocast<at::native::direct_copy_kernel_cuda(at::TensorIteratorBase&)::{lambda()#3}::operator()() const::{lambda()#12}::operator()() const::{lambda(c10::BFloat16)#1}>(at::TensorIteratorBase&, at::native::direct_copy_kernel_cuda(at::TensorIteratorBase&)::{lambda()#3}::operator()() const::{lambda()#12}::operator()() const::{lambda(c10::BFloat16)#1} const&)::{lambda(int)#1}>(int, at::native::gpu_kernel_impl_nocast<at::native::direct_copy_kernel_cuda(at::TensorIteratorBase&)::{lambda()#3}::operator()() const::{lambda()#12}::operator()() const::{lambda(c10::BFloat16)#1}>(at::TensorIteratorBase&, at::native::direct_copy_kernel_cuda(at::TensorIteratorBase&)::{lambda()#3}::operator()() const::{lambda()#12}::operator()() const::{lambda(c10::BFloat16)#1} const&)::{lambda(int)#1})",10,operator_shape_matched,aten::copy_,"[[42,1024],[42,1024],[]]","[""c10::BFloat16"",""c10::BFloat16"",""Scalar""]",null,60,205.505
"void at::native::elementwise_kernel<128, 4, at::native::gpu_kernel_impl_nocast<at::native::direct_copy_kernel_cuda(at::TensorIteratorBase&)::{lambda()#3}::operator()() const::{lambda()#12}::operator()() const::{lambda(c10::BFloat16)#1}>(at::TensorIteratorBase&, at::native::direct_copy_kernel_cuda(at::TensorIteratorBase&)::{lambda()#3}::operator()() const::{lambda()#12}::operator()() const::{lambda(c10::BFloat16)#1} const&)::{lambda(int)#1}>(int, at::native::gpu_kernel_impl_nocast<at::native::direct_copy_kernel_cuda(at::TensorIteratorBase&)::{lambda()#3}::operator()() const::{lambda()#12}::operator()() const::{lambda(c10::BFloat16)#1}>(at::TensorIteratorBase&, at::native::direct_copy_kernel_cuda(at::TensorIteratorBase&)::{lambda()#3}::operator()() const::{lambda()#12}::operator()() const::{lambda(c10::BFloat16)#1} const&)::{lambda(int)#1})",11,operator_shape_matched,aten::copy_,"[[46,1024],[46,1024],[]]","[""c10::BFloat16"",""c10::BFloat16"",""Scalar""]",null,60,205.384
"void at::native::elementwise_kernel<128, 4, at::native::gpu_kernel_impl_nocast<at::native::direct_copy_kernel_cuda(at::TensorIteratorBase&)::{lambda()#3}::operator()() const::{lambda()#12}::operator()() const::{lambda(c10::BFloat16)#1}>(at::TensorIteratorBase&, at::native::direct_copy_kernel_cuda(at::TensorIteratorBase&)::{lambda()#3}::operator()() const::{lambda()#12}::operator()() const::{lambda(c10::BFloat16)#1} const&)::{lambda(int)#1}>(int, at::native::gpu_kernel_impl_nocast<at::native::direct_copy_kernel_cuda(at::TensorIteratorBase&)::{lambda()#3}::operator()() const::{lambda()#12}::operator()() const::{lambda(c10::BFloat16)#1}>(at::TensorIteratorBase&, at::native::direct_copy_kernel_cuda(at::TensorIteratorBase&)::{lambda()#3}::operator()() const::{lambda()#12}::operator()() const::{lambda(c10::BFloat16)#1} const&)::{lambda(int)#1})",12,operator_shape_matched,aten::copy_,"[[44,1024],[44,1024],[]]","[""c10::BFloat16"",""c10::BFloat16"",""Scalar""]",null,60,204.064
"void at::native::elementwise_kernel<128, 4, at::native::gpu_kernel_impl_nocast<at::native::direct_copy_kernel_cuda(at::TensorIteratorBase&)::{lambda()#3}::operator()() const::{lambda()#12}::operator()() const::{lambda(c10::BFloat16)#1}>(at::TensorIteratorBase&, at::native::direct_copy_kernel_cuda(at::TensorIteratorBase&)::{lambda()#3}::operator()() const::{lambda()#12}::operator()() const::{lambda(c10::BFloat16)#1} const&)::{lambda(int)#1}>(int, at::native::gpu_kernel_impl_nocast<at::native::direct_copy_kernel_cuda(at::TensorIteratorBase&)::{lambda()#3}::operator()() const::{lambda()#12}::operator()() const::{lambda(c10::BFloat16)#1}>(at::TensorIteratorBase&, at::native::direct_copy_kernel_cuda(at::TensorIteratorBase&)::{lambda()#3}::operator()() const::{lambda()#12}::operator()() const::{lambda(c10::BFloat16)#1} const&)::{lambda(int)#1})",13,operator_shape_matched,aten::copy_,"[[38,1024],[38,1024],[]]","[""c10::BFloat16"",""c10::BFloat16"",""Scalar""]",null,60,203.933
"void at::native::elementwise_kernel<128, 4, at::native::gpu_kernel_impl_nocast<at::native::direct_copy_kernel_cuda(at::TensorIteratorBase&)::{lambda()#3}::operator()() const::{lambda()#12}::operator()() const::{lambda(c10::BFloat16)#1}>(at::TensorIteratorBase&, at::native::direct_copy_kernel_cuda(at::TensorIteratorBase&)::{lambda()#3}::operator()() const::{lambda()#12}::operator()() const::{lambda(c10::BFloat16)#1} const&)::{lambda(int)#1}>(int, at::native::gpu_kernel_impl_nocast<at::native::direct_copy_kernel_cuda(at::TensorIteratorBase&)::{lambda()#3}::operator()() const::{lambda()#12}::operator()() const::{lambda(c10::BFloat16)#1}>(at::TensorIteratorBase&, at::native::direct_copy_kernel_cuda(at::TensorIteratorBase&)::{lambda()#3}::operator()() const::{lambda()#12}::operator()() const::{lambda(c10::BFloat16)#1} const&)::{lambda(int)#1})",14,operator_shape_matched,aten::copy_,"[[34,1024],[34,1024],[]]","[""c10::BFloat16"",""c10::BFloat16"",""Scalar""]",null,60,203.584
"void at::native::elementwise_kernel<128, 4, at::native::gpu_kernel_impl_nocast<at::native::direct_copy_kernel_cuda(at::TensorIteratorBase&)::{lambda()#3}::operator()() const::{lambda()#12}::operator()() const::{lambda(c10::BFloat16)#1}>(at::TensorIteratorBase&, at::native::direct_copy_kernel_cuda(at::TensorIteratorBase&)::{lambda()#3}::operator()() const::{lambda()#12}::operator()() const::{lambda(c10::BFloat16)#1} const&)::{lambda(int)#1}>(int, at::native::gpu_kernel_impl_nocast<at::native::direct_copy_kernel_cuda(at::TensorIteratorBase&)::{lambda()#3}::operator()() const::{lambda()#12}::operator()() const::{lambda(c10::BFloat16)#1}>(at::TensorIteratorBase&, at::native::direct_copy_kernel_cuda(at::TensorIteratorBase&)::{lambda()#3}::operator()() const::{lambda()#12}::operator()() const::{lambda(c10::BFloat16)#1} const&)::{lambda(int)#1})",15,operator_shape_matched,aten::copy_,"[[36,1024],[36,1024],[]]","[""c10::BFloat16"",""c10::BFloat16"",""Scalar""]",null,60,203.456
"void at::native::elementwise_kernel<128, 4, at::native::gpu_kernel_impl_nocast<at::native::direct_copy_kernel_cuda(at::TensorIteratorBase&)::{lambda()#3}::operator()() const::{lambda()#12}::operator()() const::{lambda(c10::BFloat16)#1}>(at::TensorIteratorBase&, at::native::direct_copy_kernel_cuda(at::TensorIteratorBase&)::{lambda()#3}::operator()() const::{lambda()#12}::operator()() const::{lambda(c10::BFloat16)#1} const&)::{lambda(int)#1}>(int, at::native::gpu_kernel_impl_nocast<at::native::direct_copy_kernel_cuda(at::TensorIteratorBase&)::{lambda()#3}::operator()() const::{lambda()#12}::operator()() const::{lambda(c10::BFloat16)#1}>(at::TensorIteratorBase&, at::native::direct_copy_kernel_cuda(at::TensorIteratorBase&)::{lambda()#3}::operator()() const::{lambda()#12}::operator()() const::{lambda(c10::BFloat16)#1} const&)::{lambda(int)#1})",16,operator_shape_matched,aten::copy_,"[[40,1024],[40,1024],[]]","[""c10::BFloat16"",""c10::BFloat16"",""Scalar""]",null,60,203.077
"void at::native::elementwise_kernel<128, 4, at::native::gpu_kernel_impl_nocast<at::native::direct_copy_kernel_cuda(at::TensorIteratorBase&)::{lambda()#3}::operator()() const::{lambda()#12}::operator()() const::{lambda(c10::BFloat16)#1}>(at::TensorIteratorBase&, at::native::direct_copy_kernel_cuda(at::TensorIteratorBase&)::{lambda()#3}::operator()() const::{lambda()#12}::operator()() const::{lambda(c10::BFloat16)#1} const&)::{lambda(int)#1}>(int, at::native::gpu_kernel_impl_nocast<at::native::direct_copy_kernel_cuda(at::TensorIteratorBase&)::{lambda()#3}::operator()() const::{lambda()#12}::operator()() const::{lambda(c10::BFloat16)#1}>(at::TensorIteratorBase&, at::native::direct_copy_kernel_cuda(at::TensorIteratorBase&)::{lambda()#3}::operator()() const::{lambda()#12}::operator()() const::{lambda(c10::BFloat16)#1} const&)::{lambda(int)#1})",17,operator_shape_matched,aten::copy_,"[[32,1024],[32,1024],[]]","[""c10::BFloat16"",""c10::BFloat16"",""Scalar""]",null,60,201.893
"void at::native::elementwise_kernel<128, 4, at::native::gpu_kernel_impl_nocast<at::native::direct_copy_kernel_cuda(at::TensorIteratorBase&)::{lambda()#3}::operator()() const::{lambda()#12}::operator()() const::{lambda(c10::BFloat16)#1}>(at::TensorIteratorBase&, at::native::direct_copy_kernel_cuda(at::TensorIteratorBase&)::{lambda()#3}::operator()() const::{lambda()#12}::operator()() const::{lambda(c10::BFloat16)#1} const&)::{lambda(int)#1}>(int, at::native::gpu_kernel_impl_nocast<at::native::direct_copy_kernel_cuda(at::TensorIteratorBase&)::{lambda()#3}::operator()() const::{lambda()#12}::operator()() const::{lambda(c10::BFloat16)#1}>(at::TensorIteratorBase&, at::native::direct_copy_kernel_cuda(at::TensorIteratorBase&)::{lambda()#3}::operator()() const::{lambda()#12}::operator()() const::{lambda(c10::BFloat16)#1} const&)::{lambda(int)#1})",18,operator_shape_matched,aten::copy_,"[[30,1024],[30,1024],[]]","[""c10::BFloat16"",""c10::BFloat16"",""Scalar""]",null,60,200.679
"void at::native::elementwise_kernel<128, 4, at::native::gpu_kernel_impl_nocast<at::native::direct_copy_kernel_cuda(at::TensorIteratorBase&)::{lambda()#3}::operator()() const::{lambda()#12}::operator()() const::{lambda(c10::BFloat16)#1}>(at::TensorIteratorBase&, at::native::direct_copy_kernel_cuda(at::TensorIteratorBase&)::{lambda()#3}::operator()() const::{lambda()#12}::operator()() const::{lambda(c10::BFloat16)#1} const&)::{lambda(int)#1}>(int, at::native::gpu_kernel_impl_nocast<at::native::direct_copy_kernel_cuda(at::TensorIteratorBase&)::{lambda()#3}::operator()() const::{lambda()#12}::operator()() const::{lambda(c10::BFloat16)#1}>(at::TensorIteratorBase&, at::native::direct_copy_kernel_cuda(at::TensorIteratorBase&)::{lambda()#3}::operator()() const::{lambda()#12}::operator()() const::{lambda(c10::BFloat16)#1} const&)::{lambda(int)#1})",19,operator_shape_matched,aten::copy_,"[[28,1024],[28,1024],[]]","[""c10::BFloat16"",""c10::BFloat16"",""Scalar""]",null,60,200.421
"void at::native::elementwise_kernel<128, 4, at::native::gpu_kernel_impl_nocast<at::native::direct_copy_kernel_cuda(at::TensorIteratorBase&)::{lambda()#3}::operator()() const::{lambda()#12}::operator()() const::{lambda(c10::BFloat16)#1}>(at::TensorIteratorBase&, at::native::direct_copy_kernel_cuda(at::TensorIteratorBase&)::{lambda()#3}::operator()() const::{lambda()#12}::operator()() const::{lambda(c10::BFloat16)#1} const&)::{lambda(int)#1}>(int, at::native::gpu_kernel_impl_nocast<at::native::direct_copy_kernel_cuda(at::TensorIteratorBase&)::{lambda()#3}::operator()() const::{lambda()#12}::operator()() const::{lambda(c10::BFloat16)#1}>(at::TensorIteratorBase&, at::native::direct_copy_kernel_cuda(at::TensorIteratorBase&)::{lambda()#3}::operator()() const::{lambda()#12}::operator()() const::{lambda(c10::BFloat16)#1} const&)::{lambda(int)#1})",20,operator_shape_matched,aten::copy_,"[[26,1024],[26,1024],[]]","[""c10::BFloat16"",""c10::BFloat16"",""Scalar""]",null,60,200.358
"void at::native::elementwise_kernel<128, 4, at::native::gpu_kernel_impl_nocast<at::native::direct_copy_kernel_cuda(at::TensorIteratorBase&)::{lambda()#3}::operator()() const::{lambda()#12}::operator()() const::{lambda(c10::BFloat16)#1}>(at::TensorIteratorBase&, at::native::direct_copy_kernel_cuda(at::TensorIteratorBase&)::{lambda()#3}::operator()() const::{lambda()#12}::operator()() const::{lambda(c10::BFloat16)#1} const&)::{lambda(int)#1}>(int, at::native::gpu_kernel_impl_nocast<at::native::direct_copy_kernel_cuda(at::TensorIteratorBase&)::{lambda()#3}::operator()() const::{lambda()#12}::operator()() const::{lambda(c10::BFloat16)#1}>(at::TensorIteratorBase&, at::native::direct_copy_kernel_cuda(at::TensorIteratorBase&)::{lambda()#3}::operator()() const::{lambda()#12}::operator()() const::{lambda(c10::BFloat16)#1} const&)::{lambda(int)#1})",21,operator_shape_matched,aten::copy_,"[[24,1024],[24,1024],[]]","[""c10::BFloat16"",""c10::BFloat16"",""Scalar""]",null,60,198.853
"void at::native::elementwise_kernel<128, 4, at::native::gpu_kernel_impl_nocast<at::native::direct_copy_kernel_cuda(at::TensorIteratorBase&)::{lambda()#3}::operator()() const::{lambda()#12}::operator()() const::{lambda(c10::BFloat16)#1}>(at::TensorIteratorBase&, at::native::direct_copy_kernel_cuda(at::TensorIteratorBase&)::{lambda()#3}::operator()() const::{lambda()#12}::operator()() const::{lambda(c10::BFloat16)#1} const&)::{lambda(int)#1}>(int, at::native::gpu_kernel_impl_nocast<at::native::direct_copy_kernel_cuda(at::TensorIteratorBase&)::{lambda()#3}::operator()() const::{lambda()#12}::operator()() const::{lambda(c10::BFloat16)#1}>(at::TensorIteratorBase&, at::native::direct_copy_kernel_cuda(at::TensorIteratorBase&)::{lambda()#3}::operator()() const::{lambda()#12}::operator()() const::{lambda(c10::BFloat16)#1} const&)::{lambda(int)#1})",22,operator_shape_matched,aten::copy_,"[[22,1024],[22,1024],[]]","[""c10::BFloat16"",""c10::BFloat16"",""Scalar""]",null,60,197.948
"void at::native::elementwise_kernel<128, 4, at::native::gpu_kernel_impl_nocast<at::native::direct_copy_kernel_cuda(at::TensorIteratorBase&)::{lambda()#3}::operator()() const::{lambda()#12}::operator()() const::{lambda(c10::BFloat16)#1}>(at::TensorIteratorBase&, at::native::direct_copy_kernel_cuda(at::TensorIteratorBase&)::{lambda()#3}::operator()() const::{lambda()#12}::operator()() const::{lambda(c10::BFloat16)#1} const&)::{lambda(int)#1}>(int, at::native::gpu_kernel_impl_nocast<at::native::direct_copy_kernel_cuda(at::TensorIteratorBase&)::{lambda()#3}::operator()() const::{lambda()#12}::operator()() const::{lambda(c10::BFloat16)#1}>(at::TensorIteratorBase&, at::native::direct_copy_kernel_cuda(at::TensorIteratorBase&)::{lambda()#3}::operator()() const::{lambda()#12}::operator()() const::{lambda(c10::BFloat16)#1} const&)::{lambda(int)#1})",23,operator_shape_matched,aten::copy_,"[[18,1024],[18,1024],[]]","[""c10::BFloat16"",""c10::BFloat16"",""Scalar""]",null,60,197.83
"void at::native::elementwise_kernel<128, 4, at::native::gpu_kernel_impl_nocast<at::native::direct_copy_kernel_cuda(at::TensorIteratorBase&)::{lambda()#3}::operator()() const::{lambda()#12}::operator()() const::{lambda(c10::BFloat16)#1}>(at::TensorIteratorBase&, at::native::direct_copy_kernel_cuda(at::TensorIteratorBase&)::{lambda()#3}::operator()() const::{lambda()#12}::operator()() const::{lambda(c10::BFloat16)#1} const&)::{lambda(int)#1}>(int, at::native::gpu_kernel_impl_nocast<at::native::direct_copy_kernel_cuda(at::TensorIteratorBase&)::{lambda()#3}::operator()() const::{lambda()#12}::operator()() const::{lambda(c10::BFloat16)#1}>(at::TensorIteratorBase&, at::native::direct_copy_kernel_cuda(at::TensorIteratorBase&)::{lambda()#3}::operator()() const::{lambda()#12}::operator()() const::{lambda(c10::BFloat16)#1} const&)::{lambda(int)#1})",24,operator_shape_matched,aten::copy_,"[[14,1024],[14,1024],[]]","[""c10::BFloat16"",""c10::BFloat16"",""Scalar""]",null,60,197.155
"void at::native::elementwise_kernel<128, 4, at::native::gpu_kernel_impl_nocast<at::native::direct_copy_kernel_cuda(at::TensorIteratorBase&)::{lambda()#3}::operator()() const::{lambda()#12}::operator()() const::{lambda(c10::BFloat16)#1}>(at::TensorIteratorBase&, at::native::direct_copy_kernel_cuda(at::TensorIteratorBase&)::{lambda()#3}::operator()() const::{lambda()#12}::operator()() const::{lambda(c10::BFloat16)#1} const&)::{lambda(int)#1}>(int, at::native::gpu_kernel_impl_nocast<at::native::direct_copy_kernel_cuda(at::TensorIteratorBase&)::{lambda()#3}::operator()() const::{lambda()#12}::operator()() const::{lambda(c10::BFloat16)#1}>(at::TensorIteratorBase&, at::native::direct_copy_kernel_cuda(at::TensorIteratorBase&)::{lambda()#3}::operator()() const::{lambda()#12}::operator()() const::{lambda(c10::BFloat16)#1} const&)::{lambda(int)#1})",25,operator_shape_matched,aten::copy_,"[[16,1024],[16,1024],[]]","[""c10::BFloat16"",""c10::BFloat16"",""Scalar""]",null,60,196.963
"void at::native::elementwise_kernel<128, 4, at::native::gpu_kernel_impl_nocast<at::native::direct_copy_kernel_cuda(at::TensorIteratorBase&)::{lambda()#3}::operator()() const::{lambda()#12}::operator()() const::{lambda(c10::BFloat16)#1}>(at::TensorIteratorBase&, at::native::direct_copy_kernel_cuda(at::TensorIteratorBase&)::{lambda()#3}::operator()() const::{lambda()#12}::operator()() const::{lambda(c10::BFloat16)#1} const&)::{lambda(int)#1}>(int, at::native::gpu_kernel_impl_nocast<at::native::direct_copy_kernel_cuda(at::TensorIteratorBase&)::{lambda()#3}::operator()() const::{lambda()#12}::operator()() const::{lambda(c10::BFloat16)#1}>(at::TensorIteratorBase&, at::native::direct_copy_kernel_cuda(at::TensorIteratorBase&)::{lambda()#3}::operator()() const::{lambda()#12}::operator()() const::{lambda(c10::BFloat16)#1} const&)::{lambda(int)#1})",26,operator_shape_matched,aten::copy_,"[[20,1024],[20,1024],[]]","[""c10::BFloat16"",""c10::BFloat16"",""Scalar""]",null,60,196.837
"void at::native::elementwise_kernel<128, 4, at::native::gpu_kernel_impl_nocast<at::native::direct_copy_kernel_cuda(at::TensorIteratorBase&)::{lambda()#3}::operator()() const::{lambda()#12}::operator()() const::{lambda(c10::BFloat16)#1}>(at::TensorIteratorBase&, at::native::direct_copy_kernel_cuda(at::TensorIteratorBase&)::{lambda()#3}::operator()() const::{lambda()#12}::operator()() const::{lambda(c10::BFloat16)#1} const&)::{lambda(int)#1}>(int, at::native::gpu_kernel_impl_nocast<at::native::direct_copy_kernel_cuda(at::TensorIteratorBase&)::{lambda()#3}::operator()() const::{lambda()#12}::operator()() const::{lambda(c10::BFloat16)#1}>(at::TensorIteratorBase&, at::native::direct_copy_kernel_cuda(at::TensorIteratorBase&)::{lambda()#3}::operator()() const::{lambda()#12}::operator()() const::{lambda(c10::BFloat16)#1} const&)::{lambda(int)#1})",27,operator_shape_matched,aten::copy_,"[[12,1024],[12,1024],[]]","[""c10::BFloat16"",""c10::BFloat16"",""Scalar""]",null,60,195.045
"void at::native::elementwise_kernel<128, 4, at::native::gpu_kernel_impl_nocast<at::native::direct_copy_kernel_cuda(at::TensorIteratorBase&)::{lambda()#3}::operator()() const::{lambda()#12}::operator()() const::{lambda(c10::BFloat16)#1}>(at::TensorIteratorBase&, at::native::direct_copy_kernel_cuda(at::TensorIteratorBase&)::{lambda()#3}::operator()() const::{lambda()#12}::operator()() const::{lambda(c10::BFloat16)#1} const&)::{lambda(int)#1}>(int, at::native::gpu_kernel_impl_nocast<at::native::direct_copy_kernel_cuda(at::TensorIteratorBase&)::{lambda()#3}::operator()() const::{lambda()#12}::operator()() const::{lambda(c10::BFloat16)#1}>(at::TensorIteratorBase&, at::native::direct_copy_kernel_cuda(at::TensorIteratorBase&)::{lambda()#3}::operator()() const::{lambda()#12}::operator()() const::{lambda(c10::BFloat16)#1} const&)::{lambda(int)#1})",28,operator_shape_matched,aten::copy_,"[[10,1024],[10,1024],[]]","[""c10::BFloat16"",""c10::BFloat16"",""Scalar""]",null,60,192.994
"void at::native::elementwise_kernel<128, 4, at::native::gpu_kernel_impl_nocast<at::native::direct_copy_kernel_cuda(at::TensorIteratorBase&)::{lambda()#3}::operator()() const::{lambda()#12}::operator()() const::{lambda(c10::BFloat16)#1}>(at::TensorIteratorBase&, at::native::direct_copy_kernel_cuda(at::TensorIteratorBase&)::{lambda()#3}::operator()() const::{lambda()#12}::operator()() const::{lambda(c10::BFloat16)#1} const&)::{lambda(int)#1}>(int, at::native::gpu_kernel_impl_nocast<at::native::direct_copy_kernel_cuda(at::TensorIteratorBase&)::{lambda()#3}::operator()() const::{lambda()#12}::operator()() const::{lambda(c10::BFloat16)#1}>(at::TensorIteratorBase&, at::native::direct_copy_kernel_cuda(at::TensorIteratorBase&)::{lambda()#3}::operator()() const::{lambda()#12}::operator()() const::{lambda(c10::BFloat16)#1} const&)::{lambda(int)#1})",29,operator_shape_matched,aten::copy_,"[[8,1024],[8,1024],[]]","[""c10::BFloat16"",""c10::BFloat16"",""Scalar""]",null,60,191.523
"void at::native::elementwise_kernel<128, 4, at::native::gpu_kernel_impl_nocast<at::native::direct_copy_kernel_cuda(at::TensorIteratorBase&)::{lambda()#3}::operator()() const::{lambda()#12}::operator()() const::{lambda(c10::BFloat16)#1}>(at::TensorIteratorBase&, at::native::direct_copy_kernel_cuda(at::TensorIteratorBase&)::{lambda()#3}::operator()() const::{lambda()#12}::operator()() const::{lambda(c10::BFloat16)#1} const&)::{lambda(int)#1}>(int, at::native::gpu_kernel_impl_nocast<at::native::direct_copy_kernel_cuda(at::TensorIteratorBase&)::{lambda()#3}::operator()() const::{lambda()#12}::operator()() const::{lambda(c10::BFloat16)#1}>(at::TensorIteratorBase&, at::native::direct_copy_kernel_cuda(at::TensorIteratorBase&)::{lambda()#3}::operator()() const::{lambda()#12}::operator()() const::{lambda(c10::BFloat16)#1} const&)::{lambda(int)#1})",30,operator_shape_matched,aten::copy_,"[[6,1024],[6,1024],[]]","[""c10::BFloat16"",""c10::BFloat16"",""Scalar""]",null,60,189.672
"void at::native::elementwise_kernel<128, 4, at::native::gpu_kernel_impl_nocast<at::native::direct_copy_kernel_cuda(at::TensorIteratorBase&)::{lambda()#3}::operator()() const::{lambda()#12}::operator()() const::{lambda(c10::BFloat16)#1}>(at::TensorIteratorBase&, at::native::direct_copy_kernel_cuda(at::TensorIteratorBase&)::{lambda()#3}::operator()() const::{lambda()#12}::operator()() const::{lambda(c10::BFloat16)#1} const&)::{lambda(int)#1}>(int, at::native::gpu_kernel_impl_nocast<at::native::direct_copy_kernel_cuda(at::TensorIteratorBase&)::{lambda()#3}::operator()() const::{lambda()#12}::operator()() const::{lambda(c10::BFloat16)#1}>(at::TensorIteratorBase&, at::native::direct_copy_kernel_cuda(at::TensorIteratorBase&)::{lambda()#3}::operator()() const::{lambda()#12}::operator()() const::{lambda(c10::BFloat16)#1} const&)::{lambda(int)#1})",31,operator_shape_matched,aten::copy_,"[[4,1024],[4,1024],[]]","[""c10::BFloat16"",""c10::BFloat16"",""Scalar""]",null,60,188.451
"void at::native::elementwise_kernel<128, 4, at::native::gpu_kernel_impl_nocast<at::native::direct_copy_kernel_cuda(at::TensorIteratorBase&)::{lambda()#3}::operator()() const::{lambda()#12}::operator()() const::{lambda(c10::BFloat16)#1}>(at::TensorIteratorBase&, at::native::direct_copy_kernel_cuda(at::TensorIteratorBase&)::{lambda()#3}::operator()() const::{lambda()#12}::operator()() const::{lambda(c10::BFloat16)#1} const&)::{lambda(int)#1}>(int, at::native::gpu_kernel_impl_nocast<at::native::direct_copy_kernel_cuda(at::TensorIteratorBase&)::{lambda()#3}::operator()() const::{lambda()#12}::operator()() const::{lambda(c10::BFloat16)#1}>(at::TensorIteratorBase&, at::native::direct_copy_kernel_cuda(at::TensorIteratorBase&)::{lambda()#3}::operator()() const::{lambda()#12}::operator()() const::{lambda(c10::BFloat16)#1} const&)::{lambda(int)#1})",32,operator_shape_matched,aten::copy_,"[[3,1024],[3,1024],[]]","[""c10::BFloat16"",""c10::BFloat16"",""Scalar""]",null,60,185.444
"void at::native::elementwise_kernel<128, 4, at::native::gpu_kernel_impl_nocast<at::native::direct_copy_kernel_cuda(at::TensorIteratorBase&)::{lambda()#3}::operator()() const::{lambda()#12}::operator()() const::{lambda(c10::BFloat16)#1}>(at::TensorIteratorBase&, at::native::direct_copy_kernel_cuda(at::TensorIteratorBase&)::{lambda()#3}::operator()() const::{lambda()#12}::operator()() const::{lambda(c10::BFloat16)#1} const&)::{lambda(int)#1}>(int, at::native::gpu_kernel_impl_nocast<at::native::direct_copy_kernel_cuda(at::TensorIteratorBase&)::{lambda()#3}::operator()() const::{lambda()#12}::operator()() const::{lambda(c10::BFloat16)#1}>(at::TensorIteratorBase&, at::native::direct_copy_kernel_cuda(at::TensorIteratorBase&)::{lambda()#3}::operator()() const::{lambda()#12}::operator()() const::{lambda(c10::BFloat16)#1} const&)::{lambda(int)#1})",33,operator_shape_matched,aten::copy_,"[[63,2,124160],[63,2,124160],[]]","[""c10::BFloat16"",""c10::BFloat16"",""Scalar""]",null,3,124.196
"void at::native::elementwise_kernel<128, 4, at::native::gpu_kernel_impl_nocast<at::native::direct_copy_kernel_cuda(at::TensorIteratorBase&)::{lambda()#3}::operator()() const::{lambda()#12}::operator()() const::{lambda(c10::BFloat16)#1}>(at::TensorIteratorBase&, at::native::direct_copy_kernel_cuda(at::TensorIteratorBase&)::{lambda()#3}::operator()() const::{lambda()#12}::operator()() const::{lambda(c10::BFloat16)#1} const&)::{lambda(int)#1}>(int, at::native::gpu_kernel_impl_nocast<at::native::direct_copy_kernel_cuda(at::TensorIteratorBase&)::{lambda()#3}::operator()() const::{lambda()#12}::operator()() const::{lambda(c10::BFloat16)#1}>(at::TensorIteratorBase&, at::native::direct_copy_kernel_cuda(at::TensorIteratorBase&)::{lambda()#3}::operator()() const::{lambda()#12}::operator()() const::{lambda(c10::BFloat16)#1} const&)::{lambda(int)#1})",34,operator_shape_matched,aten::copy_,"[[62,2048],[62,2048],[]]","[""c10::BFloat16"",""c10::BFloat16"",""Scalar""]",null,30,104.418
"void at::native::elementwise_kernel<128, 4, at::native::gpu_kernel_impl_nocast<at::native::direct_copy_kernel_cuda(at::TensorIteratorBase&)::{lambda()#3}::operator()() const::{lambda()#12}::operator()() const::{lambda(c10::BFloat16)#1}>(at::TensorIteratorBase&, at::native::direct_copy_kernel_cuda(at::TensorIteratorBase&)::{lambda()#3}::operator()() const::{lambda()#12}::operator()() const::{lambda(c10::BFloat16)#1} const&)::{lambda(int)#1}>(int, at::native::gpu_kernel_impl_nocast<at::native::direct_copy_kernel_cuda(at::TensorIteratorBase&)::{lambda()#3}::operator()() const::{lambda()#12}::operator()() const::{lambda(c10::BFloat16)#1}>(at::TensorIteratorBase&, at::native::direct_copy_kernel_cuda(at::TensorIteratorBase&)::{lambda()#3}::operator()() const::{lambda()#12}::operator()() const::{lambda(c10::BFloat16)#1} const&)::{lambda(int)#1})",35,operator_shape_matched,aten::copy_,"[[60,2048],[60,2048],[]]","[""c10::BFloat16"",""c10::BFloat16"",""Scalar""]",null,30,103.457
"void at::native::elementwise_kernel<128, 4, at::native::gpu_kernel_impl_nocast<at::native::direct_copy_kernel_cuda(at::TensorIteratorBase&)::{lambda()#3}::operator()() const::{lambda()#12}::operator()() const::{lambda(c10::BFloat16)#1}>(at::TensorIteratorBase&, at::native::direct_copy_kernel_cuda(at::TensorIteratorBase&)::{lambda()#3}::operator()() const::{lambda()#12}::operator()() const::{lambda(c10::BFloat16)#1} const&)::{lambda(int)#1}>(int, at::native::gpu_kernel_impl_nocast<at::native::direct_copy_kernel_cuda(at::TensorIteratorBase&)::{lambda()#3}::operator()() const::{lambda()#12}::operator()() const::{lambda(c10::BFloat16)#1}>(at::TensorIteratorBase&, at::native::direct_copy_kernel_cuda(at::TensorIteratorBase&)::{lambda()#3}::operator()() const::{lambda()#12}::operator()() const::{lambda(c10::BFloat16)#1} const&)::{lambda(int)#1})",36,operator_shape_matched,aten::copy_,"[[56,2048],[56,2048],[]]","[""c10::BFloat16"",""c10::BFloat16"",""Scalar""]",null,30,103.392
"void at::native::elementwise_kernel<128, 4, at::native::gpu_kernel_impl_nocast<at::native::direct_copy_kernel_cuda(at::TensorIteratorBase&)::{lambda()#3}::operator()() const::{lambda()#12}::operator()() const::{lambda(c10::BFloat16)#1}>(at::TensorIteratorBase&, at::native::direct_copy_kernel_cuda(at::TensorIteratorBase&)::{lambda()#3}::operator()() const::{lambda()#12}::operator()() const::{lambda(c10::BFloat16)#1} const&)::{lambda(int)#1}>(int, at::native::gpu_kernel_impl_nocast<at::native::direct_copy_kernel_cuda(at::TensorIteratorBase&)::{lambda()#3}::operator()() const::{lambda()#12}::operator()() const::{lambda(c10::BFloat16)#1}>(at::TensorIteratorBase&, at::native::direct_copy_kernel_cuda(at::TensorIteratorBase&)::{lambda()#3}::operator()() const::{lambda()#12}::operator()() const::{lambda(c10::BFloat16)#1} const&)::{lambda(int)#1})",37,operator_shape_matched,aten::copy_,"[[58,2048],[58,2048],[]]","[""c10::BFloat16"",""c10::BFloat16"",""Scalar""]",null,30,102.95
"void at::native::elementwise_kernel<128, 4, at::native::gpu_kernel_impl_nocast<at::native::direct_copy_kernel_cuda(at::TensorIteratorBase&)::{lambda()#3}::operator()() const::{lambda()#12}::operator()() const::{lambda(c10::BFloat16)#1}>(at::TensorIteratorBase&, at::native::direct_copy_kernel_cuda(at::TensorIteratorBase&)::{lambda()#3}::operator()() const::{lambda()#12}::operator()() const::{lambda(c10::BFloat16)#1} const&)::{lambda(int)#1}>(int, at::native::gpu_kernel_impl_nocast<at::native::direct_copy_kernel_cuda(at::TensorIteratorBase&)::{lambda()#3}::operator()() const::{lambda()#12}::operator()() const::{lambda(c10::BFloat16)#1}>(at::TensorIteratorBase&, at::native::direct_copy_kernel_cuda(at::TensorIteratorBase&)::{lambda()#3}::operator()() const::{lambda()#12}::operator()() const::{lambda(c10::BFloat16)#1} const&)::{lambda(int)#1})",38,operator_shape_matched,aten::copy_,"[[46,2048],[46,2048],[]]","[""c10::BFloat16"",""c10::BFloat16"",""Scalar""]",null,30,102.369
"void at::native::elementwise_kernel<128, 4, at::native::gpu_kernel_impl_nocast<at::native::direct_copy_kernel_cuda(at::TensorIteratorBase&)::{lambda()#3}::operator()() const::{lambda()#12}::operator()() const::{lambda(c10::BFloat16)#1}>(at::TensorIteratorBase&, at::native::direct_copy_kernel_cuda(at::TensorIteratorBase&)::{lambda()#3}::operator()() const::{lambda()#12}::operator()() const::{lambda(c10::BFloat16)#1} const&)::{lambda(int)#1}>(int, at::native::gpu_kernel_impl_nocast<at::native::direct_copy_kernel_cuda(at::TensorIteratorBase&)::{lambda()#3}::operator()() const::{lambda()#12}::operator()() const::{lambda(c10::BFloat16)#1}>(at::TensorIteratorBase&, at::native::direct_copy_kernel_cuda(at::TensorIteratorBase&)::{lambda()#3}::operator()() const::{lambda()#12}::operator()() const::{lambda(c10::BFloat16)#1} const&)::{lambda(int)#1})",39,operator_shape_matched,aten::copy_,"[[54,2048],[54,2048],[]]","[""c10::BFloat16"",""c10::BFloat16"",""Scalar""]",null,30,102.239
"void at::native::elementwise_kernel<128, 4, at::native::gpu_kernel_impl_nocast<at::native::direct_copy_kernel_cuda(at::TensorIteratorBase&)::{lambda()#3}::operator()() const::{lambda()#12}::operator()() const::{lambda(c10::BFloat16)#1}>(at::TensorIteratorBase&, at::native::direct_copy_kernel_cuda(at::TensorIteratorBase&)::{lambda()#3}::operator()() const::{lambda()#12}::operator()() const::{lambda(c10::BFloat16)#1} const&)::{lambda(int)#1}>(int, at::native::gpu_kernel_impl_nocast<at::native::direct_copy_kernel_cuda(at::TensorIteratorBase&)::{lambda()#3}::operator()() const::{lambda()#12}::operator()() const::{lambda(c10::BFloat16)#1}>(at::TensorIteratorBase&, at::native::direct_copy_kernel_cuda(at::TensorIteratorBase&)::{lambda()#3}::operator()() const::{lambda()#12}::operator()() const::{lambda(c10::BFloat16)#1} const&)::{lambda(int)#1})",40,operator_shape_matched,aten::copy_,"[[52,2048],[52,2048],[]]","[""c10::BFloat16"",""c10::BFloat16"",""Scalar""]",null,30,102.213
"void at::native::elementwise_kernel<128, 4, at::native::gpu_kernel_impl_nocast<at::native::direct_copy_kernel_cuda(at::TensorIteratorBase&)::{lambda()#3}::operator()() const::{lambda()#12}::operator()() const::{lambda(c10::BFloat16)#1}>(at::TensorIteratorBase&, at::native::direct_copy_kernel_cuda(at::TensorIteratorBase&)::{lambda()#3}::operator()() const::{lambda()#12}::operator()() const::{lambda(c10::BFloat16)#1} const&)::{lambda(int)#1}>(int, at::native::gpu_kernel_impl_nocast<at::native::direct_copy_kernel_cuda(at::TensorIteratorBase&)::{lambda()#3}::operator()() const::{lambda()#12}::operator()() const::{lambda(c10::BFloat16)#1}>(at::TensorIteratorBase&, at::native::direct_copy_kernel_cuda(at::TensorIteratorBase&)::{lambda()#3}::operator()() const::{lambda()#12}::operator()() const::{lambda(c10::BFloat16)#1} const&)::{lambda(int)#1})",41,operator_shape_matched,aten::copy_,"[[48,2048],[48,2048],[]]","[""c10::BFloat16"",""c10::BFloat16"",""Scalar""]",null,30,101.829
"void at::native::elementwise_kernel<128, 4, at::native::gpu_kernel_impl_nocast<at::native::direct_copy_kernel_cuda(at::TensorIteratorBase&)::{lambda()#3}::operator()() const::{lambda()#12}::operator()() const::{lambda(c10::BFloat16)#1}>(at::TensorIteratorBase&, at::native::direct_copy_kernel_cuda(at::TensorIteratorBase&)::{lambda()#3}::operator()() const::{lambda()#12}::operator()() const::{lambda(c10::BFloat16)#1} const&)::{lambda(int)#1}>(int, at::native::gpu_kernel_impl_nocast<at::native::direct_copy_kernel_cuda(at::TensorIteratorBase&)::{lambda()#3}::operator()() const::{lambda()#12}::operator()() const::{lambda(c10::BFloat16)#1}>(at::TensorIteratorBase&, at::native::direct_copy_kernel_cuda(at::TensorIteratorBase&)::{lambda()#3}::operator()() const::{lambda()#12}::operator()() const::{lambda(c10::BFloat16)#1} const&)::{lambda(int)#1})",42,operator_shape_matched,aten::copy_,"[[50,2048],[50,2048],[]]","[""c10::BFloat16"",""c10::BFloat16"",""Scalar""]",null,30,101.729
"void at::native::elementwise_kernel<128, 4, at::native::gpu_kernel_impl_nocast<at::native::direct_copy_kernel_cuda(at::TensorIteratorBase&)::{lambda()#3}::operator()() const::{lambda()#12}::operator()() const::{lambda(c10::BFloat16)#1}>(at::TensorIteratorBase&, at::native::direct_copy_kernel_cuda(at::TensorIteratorBase&)::{lambda()#3}::operator()() const::{lambda()#12}::operator()() const::{lambda(c10::BFloat16)#1} const&)::{lambda(int)#1}>(int, at::native::gpu_kernel_impl_nocast<at::native::direct_copy_kernel_cuda(at::TensorIteratorBase&)::{lambda()#3}::operator()() const::{lambda()#12}::operator()() const::{lambda(c10::BFloat16)#1}>(at::TensorIteratorBase&, at::native::direct_copy_kernel_cuda(at::TensorIteratorBase&)::{lambda()#3}::operator()() const::{lambda()#12}::operator()() const::{lambda(c10::BFloat16)#1} const&)::{lambda(int)#1})",43,operator_shape_matched,aten::copy_,"[[44,2048],[44,2048],[]]","[""c10::BFloat16"",""c10::BFloat16"",""Scalar""]",null,30,101.629
"void at::native::elementwise_kernel<128, 4, at::native::gpu_kernel_impl_nocast<at::native::direct_copy_kernel_cuda(at::TensorIteratorBase&)::{lambda()#3}::operator()() const::{lambda()#12}::operator()() const::{lambda(c10::BFloat16)#1}>(at::TensorIteratorBase&, at::native::direct_copy_kernel_cuda(at::TensorIteratorBase&)::{lambda()#3}::operator()() const::{lambda()#12}::operator()() const::{lambda(c10::BFloat16)#1} const&)::{lambda(int)#1}>(int, at::native::gpu_kernel_impl_nocast<at::native::direct_copy_kernel_cuda(at::TensorIteratorBase&)::{lambda()#3}::operator()() const::{lambda()#12}::operator()() const::{lambda(c10::BFloat16)#1}>(at::TensorIteratorBase&, at::native::direct_copy_kernel_cuda(at::TensorIteratorBase&)::{lambda()#3}::operator()() const::{lambda()#12}::operator()() const::{lambda(c10::BFloat16)#1} const&)::{lambda(int)#1})",44,operator_shape_matched,aten::copy_,"[[42,2048],[42,2048],[]]","[""c10::BFloat16"",""c10::BFloat16"",""Scalar""]",null,30,101.25
"void at::native::elementwise_kernel<128, 4, at::native::gpu_kernel_impl_nocast<at::native::direct_copy_kernel_cuda(at::TensorIteratorBase&)::{lambda()#3}::operator()() const::{lambda()#12}::operator()() const::{lambda(c10::BFloat16)#1}>(at::TensorIteratorBase&, at::native::direct_copy_kernel_cuda(at::TensorIteratorBase&)::{lambda()#3}::operator()() const::{lambda()#12}::operator()() const::{lambda(c10::BFloat16)#1} const&)::{lambda(int)#1}>(int, at::native::gpu_kernel_impl_nocast<at::native::direct_copy_kernel_cuda(at::TensorIteratorBase&)::{lambda()#3}::operator()() const::{lambda()#12}::operator()() const::{lambda(c10::BFloat16)#1}>(at::TensorIteratorBase&, at::native::direct_copy_kernel_cuda(at::TensorIteratorBase&)::{lambda()#3}::operator()() const::{lambda()#12}::operator()() const::{lambda(c10::BFloat16)#1} const&)::{lambda(int)#1})",45,operator_shape_matched,aten::copy_,"[[38,2048],[38,2048],[]]","[""c10::BFloat16"",""c10::BFloat16"",""Scalar""]",null,30,101.155
"void at::native::elementwise_kernel<128, 4, at::native::gpu_kernel_impl_nocast<at::native::direct_copy_kernel_cuda(at::TensorIteratorBase&)::{lambda()#3}::operator()() const::{lambda()#12}::operator()() const::{lambda(c10::BFloat16)#1}>(at::TensorIteratorBase&, at::native::direct_copy_kernel_cuda(at::TensorIteratorBase&)::{lambda()#3}::operator()() const::{lambda()#12}::operator()() const::{lambda(c10::BFloat16)#1} const&)::{lambda(int)#1}>(int, at::native::gpu_kernel_impl_nocast<at::native::direct_copy_kernel_cuda(at::TensorIteratorBase&)::{lambda()#3}::operator()() const::{lambda()#12}::operator()() const::{lambda(c10::BFloat16)#1}>(at::TensorIteratorBase&, at::native::direct_copy_kernel_cuda(at::TensorIteratorBase&)::{lambda()#3}::operator()() const::{lambda()#12}::operator()() const::{lambda(c10::BFloat16)#1} const&)::{lambda(int)#1})",46,operator_shape_matched,aten::copy_,"[[40,2048],[40,2048],[]]","[""c10::BFloat16"",""c10::BFloat16"",""Scalar""]",null,30,100.963
"void at::native::elementwise_kernel<128, 4, at::native::gpu_kernel_impl_nocast<at::native::direct_copy_kernel_cuda(at::TensorIteratorBase&)::{lambda()#3}::operator()() const::{lambda()#12}::operator()() const::{lambda(c10::BFloat16)#1}>(at::TensorIteratorBase&, at::native::direct_copy_kernel_cuda(at::TensorIteratorBase&)::{lambda()#3}::operator()() const::{lambda()#12}::operator()() const::{lambda(c10::BFloat16)#1} const&)::{lambda(int)#1}>(int, at::native::gpu_kernel_impl_nocast<at::native::direct_copy_kernel_cuda(at::TensorIteratorBase&)::{lambda()#3}::operator()() const::{lambda()#12}::operator()() const::{lambda(c10::BFloat16)#1}>(at::TensorIteratorBase&, at::native::direct_copy_kernel_cuda(at::TensorIteratorBase&)::{lambda()#3}::operator()() const::{lambda()#12}::operator()() const::{lambda(c10::BFloat16)#1} const&)::{lambda(int)#1})",47,operator_shape_matched,aten::copy_,"[[34,2048],[34,2048],[]]","[""c10::BFloat16"",""c10::BFloat16"",""Scalar""]",null,30,100.706
"void at::native::elementwise_kernel<128, 4, at::native::gpu_kernel_impl_nocast<at::native::direct_copy_kernel_cuda(at::TensorIteratorBase&)::{lambda()#3}::operator()() const::{lambda()#12}::operator()() const::{lambda(c10::BFloat16)#1}>(at::TensorIteratorBase&, at::native::direct_copy_kernel_cuda(at::TensorIteratorBase&)::{lambda()#3}::operator()() const::{lambda()#12}::operator()() const::{lambda(c10::BFloat16)#1} const&)::{lambda(int)#1}>(int, at::native::gpu_kernel_impl_nocast<at::native::direct_copy_kernel_cuda(at::TensorIteratorBase&)::{lambda()#3}::operator()() const::{lambda()#12}::operator()() const::{lambda(c10::BFloat16)#1}>(at::TensorIteratorBase&, at::native::direct_copy_kernel_cuda(at::TensorIteratorBase&)::{lambda()#3}::operator()() const::{lambda()#12}::operator()() const::{lambda(c10::BFloat16)#1} const&)::{lambda(int)#1})",48,operator_shape_matched,aten::copy_,"[[36,2048],[36,2048],[]]","[""c10::BFloat16"",""c10::BFloat16"",""Scalar""]",null,30,100.608
"void at::native::elementwise_kernel<128, 4, at::native::gpu_kernel_impl_nocast<at::native::direct_copy_kernel_cuda(at::TensorIteratorBase&)::{lambda()#3}::operator()() const::{lambda()#12}::operator()() const::{lambda(c10::BFloat16)#1}>(at::TensorIteratorBase&, at::native::direct_copy_kernel_cuda(at::TensorIteratorBase&)::{lambda()#3}::operator()() const::{lambda()#12}::operator()() const::{lambda(c10::BFloat16)#1} const&)::{lambda(int)#1}>(int, at::native::gpu_kernel_impl_nocast<at::native::direct_copy_kernel_cuda(at::TensorIteratorBase&)::{lambda()#3}::operator()() const::{lambda()#12}::operator()() const::{lambda(c10::BFloat16)#1}>(at::TensorIteratorBase&, at::native::direct_copy_kernel_cuda(at::TensorIteratorBase&)::{lambda()#3}::operator()() const::{lambda()#12}::operator()() const::{lambda(c10::BFloat16)#1} const&)::{lambda(int)#1})",49,operator_shape_matched,aten::copy_,"[[28,2048],[28,2048],[]]","[""c10::BFloat16"",""c10::BFloat16"",""Scalar""]",null,30,99.586
"void at::native::elementwise_kernel<128, 4, at::native::gpu_kernel_impl_nocast<at::native::direct_copy_kernel_cuda(at::TensorIteratorBase&)::{lambda()#3}::operator()() const::{lambda()#12}::operator()() const::{lambda(c10::BFloat16)#1}>(at::TensorIteratorBase&, at::native::direct_copy_kernel_cuda(at::TensorIteratorBase&)::{lambda()#3}::operator()() const::{lambda()#12}::operator()() const::{lambda(c10::BFloat16)#1} const&)::{lambda(int)#1}>(int, at::native::gpu_kernel_impl_nocast<at::native::direct_copy_kernel_cuda(at::TensorIteratorBase&)::{lambda()#3}::operator()() const::{lambda()#12}::operator()() const::{lambda(c10::BFloat16)#1}>(at::TensorIteratorBase&, at::native::direct_copy_kernel_cuda(at::TensorIteratorBase&)::{lambda()#3}::operator()() const::{lambda()#12}::operator()() const::{lambda(c10::BFloat16)#1} const&)::{lambda(int)#1})",50,operator_shape_matched,aten::copy_,"[[30,2048],[30,2048],[]]","[""c10::BFloat16"",""c10::BFloat16"",""Scalar""]",null,30,99.584
"void at::native::elementwise_kernel<128, 4, at::native::gpu_kernel_impl_nocast<at::native::direct_copy_kernel_cuda(at::TensorIteratorBase&)::{lambda()#3}::operator()() const::{lambda()#12}::operator()() const::{lambda(c10::BFloat16)#1}>(at::TensorIteratorBase&, at::native::direct_copy_kernel_cuda(at::TensorIteratorBase&)::{lambda()#3}::operator()() const::{lambda()#12}::operator()() const::{lambda(c10::BFloat16)#1} const&)::{lambda(int)#1}>(int, at::native::gpu_kernel_impl_nocast<at::native::direct_copy_kernel_cuda(at::TensorIteratorBase&)::{lambda()#3}::operator()() const::{lambda()#12}::operator()() const::{lambda(c10::BFloat16)#1}>(at::TensorIteratorBase&, at::native::direct_copy_kernel_cuda(at::TensorIteratorBase&)::{lambda()#3}::operator()() const::{lambda()#12}::operator()() const::{lambda(c10::BFloat16)#1} const&)::{lambda(int)#1})",51,operator_shape_matched,aten::copy_,"[[32,2048],[32,2048],[]]","[""c10::BFloat16"",""c10::BFloat16"",""Scalar""]",null,30,99.522
"void at::native::elementwise_kernel<128, 4, at::native::gpu_kernel_impl_nocast<at::native::direct_copy_kernel_cuda(at::TensorIteratorBase&)::{lambda()#3}::operator()() const::{lambda()#12}::operator()() const::{lambda(c10::BFloat16)#1}>(at::TensorIteratorBase&, at::native::direct_copy_kernel_cuda(at::TensorIteratorBase&)::{lambda()#3}::operator()() const::{lambda()#12}::operator()() const::{lambda(c10::BFloat16)#1} const&)::{lambda(int)#1}>(int, at::native::gpu_kernel_impl_nocast<at::native::direct_copy_kernel_cuda(at::TensorIteratorBase&)::{lambda()#3}::operator()() const::{lambda()#12}::operator()() const::{lambda(c10::BFloat16)#1}>(at::TensorIteratorBase&, at::native::direct_copy_kernel_cuda(at::TensorIteratorBase&)::{lambda()#3}::operator()() const::{lambda()#12}::operator()() const::{lambda(c10::BFloat16)#1} const&)::{lambda(int)#1})",52,operator_shape_matched,aten::copy_,"[[22,2048],[22,2048],[]]","[""c10::BFloat16"",""c10::BFloat16"",""Scalar""]",null,30,99.04
"void at::native::elementwise_kernel<128, 4, at::native::gpu_kernel_impl_nocast<at::native::direct_copy_kernel_cuda(at::TensorIteratorBase&)::{lambda()#3}::operator()() const::{lambda()#12}::operator()() const::{lambda(c10::BFloat16)#1}>(at::TensorIteratorBase&, at::native::direct_copy_kernel_cuda(at::TensorIteratorBase&)::{lambda()#3}::operator()() const::{lambda()#12}::operator()() const::{lambda(c10::BFloat16)#1} const&)::{lambda(int)#1}>(int, at::native::gpu_kernel_impl_nocast<at::native::direct_copy_kernel_cuda(at::TensorIteratorBase&)::{lambda()#3}::operator()() const::{lambda()#12}::operator()() const::{lambda(c10::BFloat16)#1}>(at::TensorIteratorBase&, at::native::direct_copy_kernel_cuda(at::TensorIteratorBase&)::{lambda()#3}::operator()() const::{lambda()#12}::operator()() const::{lambda(c10::BFloat16)#1} const&)::{lambda(int)#1})",53,operator_shape_matched,aten::copy_,"[[24,2048],[24,2048],[]]","[""c10::BFloat16"",""c10::BFloat16"",""Scalar""]",null,30,98.979
"void at::native::elementwise_kernel<128, 4, at::native::gpu_kernel_impl_nocast<at::native::direct_copy_kernel_cuda(at::TensorIteratorBase&)::{lambda()#3}::operator()() const::{lambda()#12}::operator()() const::{lambda(c10::BFloat16)#1}>(at::TensorIteratorBase&, at::native::direct_copy_kernel_cuda(at::TensorIteratorBase&)::{lambda()#3}::operator()() const::{lambda()#12}::operator()() const::{lambda(c10::BFloat16)#1} const&)::{lambda(int)#1}>(int, at::native::gpu_kernel_impl_nocast<at::native::direct_copy_kernel_cuda(at::TensorIteratorBase&)::{lambda()#3}::operator()() const::{lambda()#12}::operator()() const::{lambda(c10::BFloat16)#1}>(at::TensorIteratorBase&, at::native::direct_copy_kernel_cuda(at::TensorIteratorBase&)::{lambda()#3}::operator()() const::{lambda()#12}::operator()() const::{lambda(c10::BFloat16)#1} const&)::{lambda(int)#1})",54,operator_shape_matched,aten::copy_,"[[20,2048],[20,2048],[]]","[""c10::BFloat16"",""c10::BFloat16"",""Scalar""]",null,30,98.975
"void at::native::elementwise_kernel<128, 4, at::native::gpu_kernel_impl_nocast<at::native::direct_copy_kernel_cuda(at::TensorIteratorBase&)::{lambda()#3}::operator()() const::{lambda()#12}::operator()() const::{lambda(c10::BFloat16)#1}>(at::TensorIteratorBase&, at::native::direct_copy_kernel_cuda(at::TensorIteratorBase&)::{lambda()#3}::operator()() const::{lambda()#12}::operator()() const::{lambda(c10::BFloat16)#1} const&)::{lambda(int)#1}>(int, at::native::gpu_kernel_impl_nocast<at::native::direct_copy_kernel_cuda(at::TensorIteratorBase&)::{lambda()#3}::operator()() const::{lambda()#12}::operator()() const::{lambda(c10::BFloat16)#1}>(at::TensorIteratorBase&, at::native::direct_copy_kernel_cuda(at::TensorIteratorBase&)::{lambda()#3}::operator()() const::{lambda()#12}::operator()() const::{lambda(c10::BFloat16)#1} const&)::{lambda(int)#1})",55,operator_shape_matched,aten::copy_,"[[26,2048],[26,2048],[]]","[""c10::BFloat16"",""c10::BFloat16"",""Scalar""]",null,30,98.562
"void at::native::elementwise_kernel<128, 4, at::native::gpu_kernel_impl_nocast<at::native::direct_copy_kernel_cuda(at::TensorIteratorBase&)::{lambda()#3}::operator()() const::{lambda()#12}::operator()() const::{lambda(c10::BFloat16)#1}>(at::TensorIteratorBase&, at::native::direct_copy_kernel_cuda(at::TensorIteratorBase&)::{lambda()#3}::operator()() const::{lambda()#12}::operator()() const::{lambda(c10::BFloat16)#1} const&)::{lambda(int)#1}>(int, at::native::gpu_kernel_impl_nocast<at::native::direct_copy_kernel_cuda(at::TensorIteratorBase&)::{lambda()#3}::operator()() const::{lambda()#12}::operator()() const::{lambda(c10::BFloat16)#1}>(at::TensorIteratorBase&, at::native::direct_copy_kernel_cuda(at::TensorIteratorBase&)::{lambda()#3}::operator()() const::{lambda()#12}::operator()() const::{lambda(c10::BFloat16)#1} const&)::{lambda(int)#1})",56,operator_shape_matched,aten::copy_,"[[14,2048],[14,2048],[]]","[""c10::BFloat16"",""c10::BFloat16"",""Scalar""]",null,30,98.018
"void at::native::elementwise_kernel<128, 4, at::native::gpu_kernel_impl_nocast<at::native::direct_copy_kernel_cuda(at::TensorIteratorBase&)::{lambda()#3}::operator()() const::{lambda()#12}::operator()() const::{lambda(c10::BFloat16)#1}>(at::TensorIteratorBase&, at::native::direct_copy_kernel_cuda(at::TensorIteratorBase&)::{lambda()#3}::operator()() const::{lambda()#12}::operator()() const::{lambda(c10::BFloat16)#1} const&)::{lambda(int)#1}>(int, at::native::gpu_kernel_impl_nocast<at::native::direct_copy_kernel_cuda(at::TensorIteratorBase&)::{lambda()#3}::operator()() const::{lambda()#12}::operator()() const::{lambda(c10::BFloat16)#1}>(at::TensorIteratorBase&, at::native::direct_copy_kernel_cuda(at::TensorIteratorBase&)::{lambda()#3}::operator()() const::{lambda()#12}::operator()() const::{lambda(c10::BFloat16)#1} const&)::{lambda(int)#1})",57,operator_shape_matched,aten::copy_,"[[6,2048],[6,2048],[]]","[""c10::BFloat16"",""c10::BFloat16"",""Scalar""]",null,30,97.731
"void at::native::elementwise_kernel<128, 4, at::native::gpu_kernel_impl_nocast<at::native::direct_copy_kernel_cuda(at::TensorIteratorBase&)::{lambda()#3}::operator()() const::{lambda()#12}::operator()() const::{lambda(c10::BFloat16)#1}>(at::TensorIteratorBase&, at::native::direct_copy_kernel_cuda(at::TensorIteratorBase&)::{lambda()#3}::operator()() const::{lambda()#12}::operator()() const::{lambda(c10::BFloat16)#1} const&)::{lambda(int)#1}>(int, at::native::gpu_kernel_impl_nocast<at::native::direct_copy_kernel_cuda(at::TensorIteratorBase&)::{lambda()#3}::operator()() const::{lambda()#12}::operator()() const::{lambda(c10::BFloat16)#1}>(at::TensorIteratorBase&, at::native::direct_copy_kernel_cuda(at::TensorIteratorBase&)::{lambda()#3}::operator()() const::{lambda()#12}::operator()() const::{lambda(c10::BFloat16)#1} const&)::{lambda(int)#1})",58,operator_shape_matched,aten::copy_,"[[16,2048],[16,2048],[]]","[""c10::BFloat16"",""c10::BFloat16"",""Scalar""]",null,30,97.538
"void at::native::elementwise_kernel<128, 4, at::native::gpu_kernel_impl_nocast<at::native::direct_copy_kernel_cuda(at::TensorIteratorBase&)::{lambda()#3}::operator()() const::{lambda()#12}::operator()() const::{lambda(c10::BFloat16)#1}>(at::TensorIteratorBase&, at::native::direct_copy_kernel_cuda(at::TensorIteratorBase&)::{lambda()#3}::operator()() const::{lambda()#12}::operator()() const::{lambda(c10::BFloat16)#1} const&)::{lambda(int)#1}>(int, at::native::gpu_kernel_impl_nocast<at::native::direct_copy_kernel_cuda(at::TensorIteratorBase&)::{lambda()#3}::operator()() const::{lambda()#12}::operator()() const::{lambda(c10::BFloat16)#1}>(at::TensorIteratorBase&, at::native::direct_copy_kernel_cuda(at::TensorIteratorBase&)::{lambda()#3}::operator()() const::{lambda()#12}::operator()() const::{lambda(c10::BFloat16)#1} const&)::{lambda(int)#1})",59,operator_shape_matched,aten::copy_,"[[8,2048],[8,2048],[]]","[""c10::BFloat16"",""c10::BFloat16"",""Scalar""]",null,30,97.538
"void at::native::elementwise_kernel<128, 4, at::native::gpu_kernel_impl_nocast<at::native::direct_copy_kernel_cuda(at::TensorIteratorBase&)::{lambda()#3}::operator()() const::{lambda()#12}::operator()() const::{lambda(c10::BFloat16)#1}>(at::TensorIteratorBase&, at::native::direct_copy_kernel_cuda(at::TensorIteratorBase&)::{lambda()#3}::operator()() const::{lambda()#12}::operator()() const::{lambda(c10::BFloat16)#1} const&)::{lambda(int)#1}>(int, at::native::gpu_kernel_impl_nocast<at::native::direct_copy_kernel_cuda(at::TensorIteratorBase&)::{lambda()#3}::operator()() const::{lambda()#12}::operator()() const::{lambda(c10::BFloat16)#1}>(at::TensorIteratorBase&, at::native::direct_copy_kernel_cuda(at::TensorIteratorBase&)::{lambda()#3}::operator()() const::{lambda()#12}::operator()() const::{lambda(c10::BFloat16)#1} const&)::{lambda(int)#1})",60,operator_shape_matched,aten::copy_,"[[10,2048],[10,2048],[]]","[""c10::BFloat16"",""c10::BFloat16"",""Scalar""]",null,30,97.505
"void at::native::elementwise_kernel<128, 4, at::native::gpu_kernel_impl_nocast<at::native::direct_copy_kernel_cuda(at::TensorIteratorBase&)::{lambda()#3}::operator()() const::{lambda()#12}::operator()() const::{lambda(c10::BFloat16)#1}>(at::TensorIteratorBase&, at::native::direct_copy_kernel_cuda(at::TensorIteratorBase&)::{lambda()#3}::operator()() const::{lambda()#12}::operator()() const::{lambda(c10::BFloat16)#1} const&)::{lambda(int)#1}>(int, at::native::gpu_kernel_impl_nocast<at::native::direct_copy_kernel_cuda(at::TensorIteratorBase&)::{lambda()#3}::operator()() const::{lambda()#12}::operator()() const::{lambda(c10::BFloat16)#1}>(at::TensorIteratorBase&, at::native::direct_copy_kernel_cuda(at::TensorIteratorBase&)::{lambda()#3}::operator()() const::{lambda()#12}::operator()() const::{lambda(c10::BFloat16)#1} const&)::{lambda(int)#1})",61,operator_shape_matched,aten::copy_,"[[18,2048],[18,2048],[]]","[""c10::BFloat16"",""c10::BFloat16"",""Scalar""]",null,30,97.408
"void at::native::elementwise_kernel<128, 4, at::native::gpu_kernel_impl_nocast<at::native::direct_copy_kernel_cuda(at::TensorIteratorBase&)::{lambda()#3}::operator()() const::{lambda()#12}::operator()() const::{lambda(c10::BFloat16)#1}>(at::TensorIteratorBase&, at::native::direct_copy_kernel_cuda(at::TensorIteratorBase&)::{lambda()#3}::operator()() const::{lambda()#12}::operator()() const::{lambda(c10::BFloat16)#1} const&)::{lambda(int)#1}>(int, at::native::gpu_kernel_impl_nocast<at::native::direct_copy_kernel_cuda(at::TensorIteratorBase&)::{lambda()#3}::operator()() const::{lambda()#12}::operator()() const::{lambda(c10::BFloat16)#1}>(at::TensorIteratorBase&, at::native::direct_copy_kernel_cuda(at::TensorIteratorBase&)::{lambda()#3}::operator()() const::{lambda()#12}::operator()() const::{lambda(c10::BFloat16)#1} const&)::{lambda(int)#1})",62,operator_shape_matched,aten::copy_,"[[12,2048],[12,2048],[]]","[""c10::BFloat16"",""c10::BFloat16"",""Scalar""]",null,30,97.347
"void at::native::elementwise_kernel<128, 4, at::native::gpu_kernel_impl_nocast<at::native::direct_copy_kernel_cuda(at::TensorIteratorBase&)::{lambda()#3}::operator()() const::{lambda()#12}::operator()() const::{lambda(c10::BFloat16)#1}>(at::TensorIteratorBase&, at::native::direct_copy_kernel_cuda(at::TensorIteratorBase&)::{lambda()#3}::operator()() const::{lambda()#12}::operator()() const::{lambda(c10::BFloat16)#1} const&)::{lambda(int)#1}>(int, at::native::gpu_kernel_impl_nocast<at::native::direct_copy_kernel_cuda(at::TensorIteratorBase&)::{lambda()#3}::operator()() const::{lambda()#12}::operator()() const::{lambda(c10::BFloat16)#1}>(at::TensorIteratorBase&, at::native::direct_copy_kernel_cuda(at::TensorIteratorBase&)::{lambda()#3}::operator()() const::{lambda()#12}::operator()() const::{lambda(c10::BFloat16)#1} const&)::{lambda(int)#1})",63,operator_shape_matched,aten::copy_,"[[4,2048],[4,2048],[]]","[""c10::BFloat16"",""c10::BFloat16"",""Scalar""]",null,30,93.826
"void at::native::elementwise_kernel<128, 4, at::native::gpu_kernel_impl_nocast<at::native::direct_copy_kernel_cuda(at::TensorIteratorBase&)::{lambda()#3}::operator()() const::{lambda()#12}::operator()() const::{lambda(c10::BFloat16)#1}>(at::TensorIteratorBase&, at::native::direct_copy_kernel_cuda(at::TensorIteratorBase&)::{lambda()#3}::operator()() const::{lambda()#12}::operator()() const::{lambda(c10::BFloat16)#1} const&)::{lambda(int)#1}>(int, at::native::gpu_kernel_impl_nocast<at::native::direct_copy_kernel_cuda(at::TensorIteratorBase&)::{lambda()#3}::operator()() const::{lambda()#12}::operator()() const::{lambda(c10::BFloat16)#1}>(at::TensorIteratorBase&, at::native::direct_copy_kernel_cuda(at::TensorIteratorBase&)::{lambda()#3}::operator()() const::{lambda()#12}::operator()() const::{lambda(c10::BFloat16)#1} const&)::{lambda(int)#1})",64,operator_shape_matched,aten::copy_,"[[3,2048],[3,2048],[]]","[""c10::BFloat16"",""c10::BFloat16"",""Scalar""]",null,30,93.088
"void at::native::elementwise_kernel<128, 4, at::native::gpu_kernel_impl_nocast<at::native::direct_copy_kernel_cuda(at::TensorIteratorBase&)::{lambda()#3}::operator()() const::{lambda()#12}::operator()() const::{lambda(c10::BFloat16)#1}>(at::TensorIteratorBase&, at::native::direct_copy_kernel_cuda(at::TensorIteratorBase&)::{lambda()#3}::operator()() const::{lambda()#12}::operator()() const::{lambda(c10::BFloat16)#1} const&)::{lambda(int)#1}>(int, at::native::gpu_kernel_impl_nocast<at::native::direct_copy_kernel_cuda(at::TensorIteratorBase&)::{lambda()#3}::operator()() const::{lambda()#12}::operator()() const::{lambda(c10::BFloat16)#1}>(at::TensorIteratorBase&, at::native::direct_copy_kernel_cuda(at::TensorIteratorBase&)::{lambda()#3}::operator()() const::{lambda()#12}::operator()() const::{lambda(c10::BFloat16)#1} const&)::{lambda(int)#1})",65,operator_shape_matched,aten::copy_,"[[62,2,124160],[62,2,124160],[]]","[""c10::BFloat16"",""c10::BFloat16"",""Scalar""]",null,1,40.738
"void at::native::elementwise_kernel<128, 4, at::native::gpu_kernel_impl_nocast<at::native::direct_copy_kernel_cuda(at::TensorIteratorBase&)::{lambda()#3}::operator()() const::{lambda()#12}::operator()() const::{lambda(c10::BFloat16)#1}>(at::TensorIteratorBase&, at::native::direct_copy_kernel_cuda(at::TensorIteratorBase&)::{lambda()#3}::operator()() const::{lambda()#12}::operator()() const::{lambda(c10::BFloat16)#1} const&)::{lambda(int)#1}>(int, at::native::gpu_kernel_impl_nocast<at::native::direct_copy_kernel_cuda(at::TensorIteratorBase&)::{lambda()#3}::operator()() const::{lambda()#12}::operator()() const::{lambda(c10::BFloat16)#1}>(at::TensorIteratorBase&, at::native::direct_copy_kernel_cuda(at::TensorIteratorBase&)::{lambda()#3}::operator()() const::{lambda()#12}::operator()() const::{lambda(c10::BFloat16)#1} const&)::{lambda(int)#1})",66,operator_shape_matched,aten::copy_,"[[61,2,124160],[61,2,124160],[]]","[""c10::BFloat16"",""c10::BFloat16"",""Scalar""]",null,1,40.321
"void at::native::elementwise_kernel<128, 4, at::native::gpu_kernel_impl_nocast<at::native::direct_copy_kernel_cuda(at::TensorIteratorBase&)::{lambda()#3}::operator()() const::{lambda()#12}::operator()() const::{lambda(c10::BFloat16)#1}>(at::TensorIteratorBase&, at::native::direct_copy_kernel_cuda(at::TensorIteratorBase&)::{lambda()#3}::operator()() const::{lambda()#12}::operator()() const::{lambda(c10::BFloat16)#1} const&)::{lambda(int)#1}>(int, at::native::gpu_kernel_impl_nocast<at::native::direct_copy_kernel_cuda(at::TensorIteratorBase&)::{lambda()#3}::operator()() const::{lambda()#12}::operator()() const::{lambda(c10::BFloat16)#1}>(at::TensorIteratorBase&, at::native::direct_copy_kernel_cuda(at::TensorIteratorBase&)::{lambda()#3}::operator()() const::{lambda()#12}::operator()() const::{lambda(c10::BFloat16)#1} const&)::{lambda(int)#1})",67,operator_shape_matched,aten::copy_,"[[60,2,124160],[60,2,124160],[]]","[""c10::BFloat16"",""c10::BFloat16"",""Scalar""]",null,1,39.426
"void at::native::elementwise_kernel<128, 4, at::native::gpu_kernel_impl_nocast<at::native::direct_copy_kernel_cuda(at::TensorIteratorBase&)::{lambda()#3}::operator()() const::{lambda()#12}::operator()() const::{lambda(c10::BFloat16)#1}>(at::TensorIteratorBase&, at::native::direct_copy_kernel_cuda(at::TensorIteratorBase&)::{lambda()#3}::operator()() const::{lambda()#12}::operator()() const::{lambda(c10::BFloat16)#1} const&)::{lambda(int)#1}>(int, at::native::gpu_kernel_impl_nocast<at::native::direct_copy_kernel_cuda(at::TensorIteratorBase&)::{lambda()#3}::operator()() const::{lambda()#12}::operator()() const::{lambda(c10::BFloat16)#1}>(at::TensorIteratorBase&, at::native::direct_copy_kernel_cuda(at::TensorIteratorBase&)::{lambda()#3}::operator()() const::{lambda()#12}::operator()() const::{lambda(c10::BFloat16)#1} const&)::{lambda(int)#1})",68,operator_shape_matched,aten::copy_,"[[59,2,124160],[59,2,124160],[]]","[""c10::BFloat16"",""c10::BFloat16"",""Scalar""]",null,1,38.88
"void at::native::elementwise_kernel<128, 4, at::native::gpu_kernel_impl_nocast<at::native::direct_copy_kernel_cuda(at::TensorIteratorBase&)::{lambda()#3}::operator()() const::{lambda()#12}::operator()() const::{lambda(c10::BFloat16)#1}>(at::TensorIteratorBase&, at::native::direct_copy_kernel_cuda(at::TensorIteratorBase&)::{lambda()#3}::operator()() const::{lambda()#12}::operator()() const::{lambda(c10::BFloat16)#1} const&)::{lambda(int)#1}>(int, at::native::gpu_kernel_impl_nocast<at::native::direct_copy_kernel_cuda(at::TensorIteratorBase&)::{lambda()#3}::operator()() const::{lambda()#12}::operator()() const::{lambda(c10::BFloat16)#1}>(at::TensorIteratorBase&, at::native::direct_copy_kernel_cuda(at::TensorIteratorBase&)::{lambda()#3}::operator()() const::{lambda()#12}::operator()() const::{lambda(c10::BFloat16)#1} const&)::{lambda(int)#1})",69,operator_shape_matched,aten::copy_,"[[58,2,124160],[58,2,124160],[]]","[""c10::BFloat16"",""c10::BFloat16"",""Scalar""]",null,1,38.017
"void at::native::elementwise_kernel<128, 4, at::native::gpu_kernel_impl_nocast<at::native::direct_copy_kernel_cuda(at::TensorIteratorBase&)::{lambda()#3}::operator()() const::{lambda()#12}::operator()() const::{lambda(c10::BFloat16)#1}>(at::TensorIteratorBase&, at::native::direct_copy_kernel_cuda(at::TensorIteratorBase&)::{lambda()#3}::operator()() const::{lambda()#12}::operator()() const::{lambda(c10::BFloat16)#1} const&)::{lambda(int)#1}>(int, at::native::gpu_kernel_impl_nocast<at::native::direct_copy_kernel_cuda(at::TensorIteratorBase&)::{lambda()#3}::operator()() const::{lambda()#12}::operator()() const::{lambda(c10::BFloat16)#1}>(at::TensorIteratorBase&, at::native::direct_copy_kernel_cuda(at::TensorIteratorBase&)::{lambda()#3}::operator()() const::{lambda()#12}::operator()() const::{lambda(c10::BFloat16)#1} const&)::{lambda(int)#1})",70,operator_shape_matched,aten::copy_,"[[57,2,124160],[57,2,124160],[]]","[""c10::BFloat16"",""c10::BFloat16"",""Scalar""]",null,1,37.505
"void at::native::elementwise_kernel<128, 4, at::native::gpu_kernel_impl_nocast<at::native::direct_copy_kernel_cuda(at::TensorIteratorBase&)::{lambda()#3}::operator()() const::{lambda()#12}::operator()() const::{lambda(c10::BFloat16)#1}>(at::TensorIteratorBase&, at::native::direct_copy_kernel_cuda(at::TensorIteratorBase&)::{lambda()#3}::operator()() const::{lambda()#12}::operator()() const::{lambda(c10::BFloat16)#1} const&)::{lambda(int)#1}>(int, at::native::gpu_kernel_impl_nocast<at::native::direct_copy_kernel_cuda(at::TensorIteratorBase&)::{lambda()#3}::operator()() const::{lambda()#12}::operator()() const::{lambda(c10::BFloat16)#1}>(at::TensorIteratorBase&, at::native::direct_copy_kernel_cuda(at::TensorIteratorBase&)::{lambda()#3}::operator()() const::{lambda()#12}::operator()() const::{lambda(c10::BFloat16)#1} const&)::{lambda(int)#1})",71,operator_shape_matched,aten::copy_,"[[56,2,124160],[56,2,124160],[]]","[""c10::BFloat16"",""c10::BFloat16"",""Scalar""]",null,1,36.449
"void at::native::elementwise_kernel<128, 4, at::native::gpu_kernel_impl_nocast<at::native::direct_copy_kernel_cuda(at::TensorIteratorBase&)::{lambda()#3}::operator()() const::{lambda()#12}::operator()() const::{lambda(c10::BFloat16)#1}>(at::TensorIteratorBase&, at::native::direct_copy_kernel_cuda(at::TensorIteratorBase&)::{lambda()#3}::operator()() const::{lambda()#12}::operator()() const::{lambda(c10::BFloat16)#1} const&)::{lambda(int)#1}>(int, at::native::gpu_kernel_impl_nocast<at::native::direct_copy_kernel_cuda(at::TensorIteratorBase&)::{lambda()#3}::operator()() const::{lambda()#12}::operator()() const::{lambda(c10::BFloat16)#1}>(at::TensorIteratorBase&, at::native::direct_copy_kernel_cuda(at::TensorIteratorBase&)::{lambda()#3}::operator()() const::{lambda()#12}::operator()() const::{lambda(c10::BFloat16)#1} const&)::{lambda(int)#1})",72,operator_shape_matched,aten::copy_,"[[55,2,124160],[55,2,124160],[]]","[""c10::BFloat16"",""c10::BFloat16"",""Scalar""]",null,1,36.096
"void at::native::elementwise_kernel<128, 4, at::native::gpu_kernel_impl_nocast<at::native::direct_copy_kernel_cuda(at::TensorIteratorBase&)::{lambda()#3}::operator()() const::{lambda()#12}::operator()() const::{lambda(c10::BFloat16)#1}>(at::TensorIteratorBase&, at::native::direct_copy_kernel_cuda(at::TensorIteratorBase&)::{lambda()#3}::operator()() const::{lambda()#12}::operator()() const::{lambda(c10::BFloat16)#1} const&)::{lambda(int)#1}>(int, at::native::gpu_kernel_impl_nocast<at::native::direct_copy_kernel_cuda(at::TensorIteratorBase&)::{lambda()#3}::operator()() const::{lambda()#12}::operator()() const::{lambda(c10::BFloat16)#1}>(at::TensorIteratorBase&, at::native::direct_copy_kernel_cuda(at::TensorIteratorBase&)::{lambda()#3}::operator()() const::{lambda()#12}::operator()() const::{lambda(c10::BFloat16)#1} const&)::{lambda(int)#1})",73,operator_shape_matched,aten::copy_,"[[53,2,124160],[53,2,124160],[]]","[""c10::BFloat16"",""c10::BFloat16"",""Scalar""]",null,1,35.233
"void at::native::elementwise_kernel<128, 4, at::native::gpu_kernel_impl_nocast<at::native::direct_copy_kernel_cuda(at::TensorIteratorBase&)::{lambda()#3}::operator()() const::{lambda()#12}::operator()() const::{lambda(c10::BFloat16)#1}>(at::TensorIteratorBase&, at::native::direct_copy_kernel_cuda(at::TensorIteratorBase&)::{lambda()#3}::operator()() const::{lambda()#12}::operator()() const::{lambda(c10::BFloat16)#1} const&)::{lambda(int)#1}>(int, at::native::gpu_kernel_impl_nocast<at::native::direct_copy_kernel_cuda(at::TensorIteratorBase&)::{lambda()#3}::operator()() const::{lambda()#12}::operator()() const::{lambda(c10::BFloat16)#1}>(at::TensorIteratorBase&, at::native::direct_copy_kernel_cuda(at::TensorIteratorBase&)::{lambda()#3}::operator()() const::{lambda()#12}::operator()() const::{lambda(c10::BFloat16)#1} const&)::{lambda(int)#1})",74,operator_shape_matched,aten::copy_,"[[54,2,124160],[54,2,124160],[]]","[""c10::BFloat16"",""c10::BFloat16"",""Scalar""]",null,1,35.2
"void at::native::elementwise_kernel<128, 4, at::native::gpu_kernel_impl_nocast<at::native::direct_copy_kernel_cuda(at::TensorIteratorBase&)::{lambda()#3}::operator()() const::{lambda()#12}::operator()() const::{lambda(c10::BFloat16)#1}>(at::TensorIteratorBase&, at::native::direct_copy_kernel_cuda(at::TensorIteratorBase&)::{lambda()#3}::operator()() const::{lambda()#12}::operator()() const::{lambda(c10::BFloat16)#1} const&)::{lambda(int)#1}>(int, at::native::gpu_kernel_impl_nocast<at::native::direct_copy_kernel_cuda(at::TensorIteratorBase&)::{lambda()#3}::operator()() const::{lambda()#12}::operator()() const::{lambda(c10::BFloat16)#1}>(at::TensorIteratorBase&, at::native::direct_copy_kernel_cuda(at::TensorIteratorBase&)::{lambda()#3}::operator()() const::{lambda()#12}::operator()() const::{lambda(c10::BFloat16)#1} const&)::{lambda(int)#1})",75,operator_shape_matched,aten::copy_,"[[52,2,124160],[52,2,124160],[]]","[""c10::BFloat16"",""c10::BFloat16"",""Scalar""]",null,1,34.209
"void at::native::elementwise_kernel<128, 4, at::native::gpu_kernel_impl_nocast<at::native::direct_copy_kernel_cuda(at::TensorIteratorBase&)::{lambda()#3}::operator()() const::{lambda()#12}::operator()() const::{lambda(c10::BFloat16)#1}>(at::TensorIteratorBase&, at::native::direct_copy_kernel_cuda(at::TensorIteratorBase&)::{lambda()#3}::operator()() const::{lambda()#12}::operator()() const::{lambda(c10::BFloat16)#1} const&)::{lambda(int)#1}>(int, at::native::gpu_kernel_impl_nocast<at::native::direct_copy_kernel_cuda(at::TensorIteratorBase&)::{lambda()#3}::operator()() const::{lambda()#12}::operator()() const::{lambda(c10::BFloat16)#1}>(at::TensorIteratorBase&, at::native::direct_copy_kernel_cuda(at::TensorIteratorBase&)::{lambda()#3}::operator()() const::{lambda()#12}::operator()() const::{lambda(c10::BFloat16)#1} const&)::{lambda(int)#1})",76,operator_shape_matched,aten::copy_,"[[51,2,124160],[51,2,124160],[]]","[""c10::BFloat16"",""c10::BFloat16"",""Scalar""]",null,1,33.313
"void at::native::elementwise_kernel<128, 4, at::native::gpu_kernel_impl_nocast<at::native::direct_copy_kernel_cuda(at::TensorIteratorBase&)::{lambda()#3}::operator()() const::{lambda()#12}::operator()() const::{lambda(c10::BFloat16)#1}>(at::TensorIteratorBase&, at::native::direct_copy_kernel_cuda(at::TensorIteratorBase&)::{lambda()#3}::operator()() const::{lambda()#12}::operator()() const::{lambda(c10::BFloat16)#1} const&)::{lambda(int)#1}>(int, at::native::gpu_kernel_impl_nocast<at::native::direct_copy_kernel_cuda(at::TensorIteratorBase&)::{lambda()#3}::operator()() const::{lambda()#12}::operator()() const::{lambda(c10::BFloat16)#1}>(at::TensorIteratorBase&, at::native::direct_copy_kernel_cuda(at::TensorIteratorBase&)::{lambda()#3}::operator()() const::{lambda()#12}::operator()() const::{lambda(c10::BFloat16)#1} const&)::{lambda(int)#1})",77,operator_shape_matched,aten::copy_,"[[50,2,124160],[50,2,124160],[]]","[""c10::BFloat16"",""c10::BFloat16"",""Scalar""]",null,1,32.416
"void at::native::elementwise_kernel<128, 4, at::native::gpu_kernel_impl_nocast<at::native::direct_copy_kernel_cuda(at::TensorIteratorBase&)::{lambda()#3}::operator()() const::{lambda()#12}::operator()() const::{lambda(c10::BFloat16)#1}>(at::TensorIteratorBase&, at::native::direct_copy_kernel_cuda(at::TensorIteratorBase&)::{lambda()#3}::operator()() const::{lambda()#12}::operator()() const::{lambda(c10::BFloat16)#1} const&)::{lambda(int)#1}>(int, at::native::gpu_kernel_impl_nocast<at::native::direct_copy_kernel_cuda(at::TensorIteratorBase&)::{lambda()#3}::operator()() const::{lambda()#12}::operator()() const::{lambda(c10::BFloat16)#1}>(at::TensorIteratorBase&, at::native::direct_copy_kernel_cuda(at::TensorIteratorBase&)::{lambda()#3}::operator()() const::{lambda()#12}::operator()() const::{lambda(c10::BFloat16)#1} const&)::{lambda(int)#1})",78,operator_shape_matched,aten::copy_,"[[49,2,124160],[49,2,124160],[]]","[""c10::BFloat16"",""c10::BFloat16"",""Scalar""]",null,1,32.065
"void at::native::elementwise_kernel<128, 4, at::native::gpu_kernel_impl_nocast<at::native::direct_copy_kernel_cuda(at::TensorIteratorBase&)::{lambda()#3}::operator()() const::{lambda()#12}::operator()() const::{lambda(c10::BFloat16)#1}>(at::TensorIteratorBase&, at::native::direct_copy_kernel_cuda(at::TensorIteratorBase&)::{lambda()#3}::operator()() const::{lambda()#12}::operator()() const::{lambda(c10::BFloat16)#1} const&)::{lambda(int)#1}>(int, at::native::gpu_kernel_impl_nocast<at::native::direct_copy_kernel_cuda(at::TensorIteratorBase&)::{lambda()#3}::operator()() const::{lambda()#12}::operator()() const::{lambda(c10::BFloat16)#1}>(at::TensorIteratorBase&, at::native::direct_copy_kernel_cuda(at::TensorIteratorBase&)::{lambda()#3}::operator()() const::{lambda()#12}::operator()() const::{lambda(c10::BFloat16)#1} const&)::{lambda(int)#1})",79,operator_shape_matched,aten::copy_,"[[48,2,124160],[48,2,124160],[]]","[""c10::BFloat16"",""c10::BFloat16"",""Scalar""]",null,1,31.649
"void at::native::elementwise_kernel<128, 4, at::native::gpu_kernel_impl_nocast<at::native::direct_copy_kernel_cuda(at::TensorIteratorBase&)::{lambda()#3}::operator()() const::{lambda()#12}::operator()() const::{lambda(c10::BFloat16)#1}>(at::TensorIteratorBase&, at::native::direct_copy_kernel_cuda(at::TensorIteratorBase&)::{lambda()#3}::operator()() const::{lambda()#12}::operator()() const::{lambda(c10::BFloat16)#1} const&)::{lambda(int)#1}>(int, at::native::gpu_kernel_impl_nocast<at::native::direct_copy_kernel_cuda(at::TensorIteratorBase&)::{lambda()#3}::operator()() const::{lambda()#12}::operator()() const::{lambda(c10::BFloat16)#1}>(at::TensorIteratorBase&, at::native::direct_copy_kernel_cuda(at::TensorIteratorBase&)::{lambda()#3}::operator()() const::{lambda()#12}::operator()() const::{lambda(c10::BFloat16)#1} const&)::{lambda(int)#1})",80,operator_shape_matched,aten::copy_,"[[47,2,124160],[47,2,124160],[]]","[""c10::BFloat16"",""c10::BFloat16"",""Scalar""]",null,1,30.721
"void at::native::elementwise_kernel<128, 4, at::native::gpu_kernel_impl_nocast<at::native::direct_copy_kernel_cuda(at::TensorIteratorBase&)::{lambda()#3}::operator()() const::{lambda()#12}::operator()() const::{lambda(c10::BFloat16)#1}>(at::TensorIteratorBase&, at::native::direct_copy_kernel_cuda(at::TensorIteratorBase&)::{lambda()#3}::operator()() const::{lambda()#12}::operator()() const::{lambda(c10::BFloat16)#1} const&)::{lambda(int)#1}>(int, at::native::gpu_kernel_impl_nocast<at::native::direct_copy_kernel_cuda(at::TensorIteratorBase&)::{lambda()#3}::operator()() const::{lambda()#12}::operator()() const::{lambda(c10::BFloat16)#1}>(at::TensorIteratorBase&, at::native::direct_copy_kernel_cuda(at::TensorIteratorBase&)::{lambda()#3}::operator()() const::{lambda()#12}::operator()() const::{lambda(c10::BFloat16)#1} const&)::{lambda(int)#1})",81,operator_shape_matched,aten::copy_,"[[46,2,124160],[46,2,124160],[]]","[""c10::BFloat16"",""c10::BFloat16"",""Scalar""]",null,1,30.049
"void at::native::elementwise_kernel<128, 4, at::native::gpu_kernel_impl_nocast<at::native::direct_copy_kernel_cuda(at::TensorIteratorBase&)::{lambda()#3}::operator()() const::{lambda()#12}::operator()() const::{lambda(c10::BFloat16)#1}>(at::TensorIteratorBase&, at::native::direct_copy_kernel_cuda(at::TensorIteratorBase&)::{lambda()#3}::operator()() const::{lambda()#12}::operator()() const::{lambda(c10::BFloat16)#1} const&)::{lambda(int)#1}>(int, at::native::gpu_kernel_impl_nocast<at::native::direct_copy_kernel_cuda(at::TensorIteratorBase&)::{lambda()#3}::operator()() const::{lambda()#12}::operator()() const::{lambda(c10::BFloat16)#1}>(at::TensorIteratorBase&, at::native::direct_copy_kernel_cuda(at::TensorIteratorBase&)::{lambda()#3}::operator()() const::{lambda()#12}::operator()() const::{lambda(c10::BFloat16)#1} const&)::{lambda(int)#1})",82,operator_shape_matched,aten::copy_,"[[45,2,124160],[45,2,124160],[]]","[""c10::BFloat16"",""c10::BFloat16"",""Scalar""]",null,1,29.216
"void at::native::elementwise_kernel<128, 4, at::native::gpu_kernel_impl_nocast<at::native::direct_copy_kernel_cuda(at::TensorIteratorBase&)::{lambda()#3}::operator()() const::{lambda()#12}::operator()() const::{lambda(c10::BFloat16)#1}>(at::TensorIteratorBase&, at::native::direct_copy_kernel_cuda(at::TensorIteratorBase&)::{lambda()#3}::operator()() const::{lambda()#12}::operator()() const::{lambda(c10::BFloat16)#1} const&)::{lambda(int)#1}>(int, at::native::gpu_kernel_impl_nocast<at::native::direct_copy_kernel_cuda(at::TensorIteratorBase&)::{lambda()#3}::operator()() const::{lambda()#12}::operator()() const::{lambda(c10::BFloat16)#1}>(at::TensorIteratorBase&, at::native::direct_copy_kernel_cuda(at::TensorIteratorBase&)::{lambda()#3}::operator()() const::{lambda()#12}::operator()() const::{lambda(c10::BFloat16)#1} const&)::{lambda(int)#1})",83,operator_shape_matched,aten::copy_,"[[44,2,124160],[44,2,124160],[]]","[""c10::BFloat16"",""c10::BFloat16"",""Scalar""]",null,1,28.641
"void at::native::elementwise_kernel<128, 4, at::native::gpu_kernel_impl_nocast<at::native::direct_copy_kernel_cuda(at::TensorIteratorBase&)::{lambda()#3}::operator()() const::{lambda()#12}::operator()() const::{lambda(c10::BFloat16)#1}>(at::TensorIteratorBase&, at::native::direct_copy_kernel_cuda(at::TensorIteratorBase&)::{lambda()#3}::operator()() const::{lambda()#12}::operator()() const::{lambda(c10::BFloat16)#1} const&)::{lambda(int)#1}>(int, at::native::gpu_kernel_impl_nocast<at::native::direct_copy_kernel_cuda(at::TensorIteratorBase&)::{lambda()#3}::operator()() const::{lambda()#12}::operator()() const::{lambda(c10::BFloat16)#1}>(at::TensorIteratorBase&, at::native::direct_copy_kernel_cuda(at::TensorIteratorBase&)::{lambda()#3}::operator()() const::{lambda()#12}::operator()() const::{lambda(c10::BFloat16)#1} const&)::{lambda(int)#1})",84,operator_shape_matched,aten::copy_,"[[43,2,124160],[43,2,124160],[]]","[""c10::BFloat16"",""c10::BFloat16"",""Scalar""]",null,1,27.873
"void at::native::elementwise_kernel<128, 4, at::native::gpu_kernel_impl_nocast<at::native::direct_copy_kernel_cuda(at::TensorIteratorBase&)::{lambda()#3}::operator()() const::{lambda()#12}::operator()() const::{lambda(c10::BFloat16)#1}>(at::TensorIteratorBase&, at::native::direct_copy_kernel_cuda(at::TensorIteratorBase&)::{lambda()#3}::operator()() const::{lambda()#12}::operator()() const::{lambda(c10::BFloat16)#1} const&)::{lambda(int)#1}>(int, at::native::gpu_kernel_impl_nocast<at::native::direct_copy_kernel_cuda(at::TensorIteratorBase&)::{lambda()#3}::operator()() const::{lambda()#12}::operator()() const::{lambda(c10::BFloat16)#1}>(at::TensorIteratorBase&, at::native::direct_copy_kernel_cuda(at::TensorIteratorBase&)::{lambda()#3}::operator()() const::{lambda()#12}::operator()() const::{lambda(c10::BFloat16)#1} const&)::{lambda(int)#1})",85,operator_shape_matched,aten::copy_,"[[42,2,124160],[42,2,124160],[]]","[""c10::BFloat16"",""c10::BFloat16"",""Scalar""]",null,1,27.265
"void at::native::elementwise_kernel<128, 4, at::native::gpu_kernel_impl_nocast<at::native::direct_copy_kernel_cuda(at::TensorIteratorBase&)::{lambda()#3}::operator()() const::{lambda()#12}::operator()() const::{lambda(c10::BFloat16)#1}>(at::TensorIteratorBase&, at::native::direct_copy_kernel_cuda(at::TensorIteratorBase&)::{lambda()#3}::operator()() const::{lambda()#12}::operator()() const::{lambda(c10::BFloat16)#1} const&)::{lambda(int)#1}>(int, at::native::gpu_kernel_impl_nocast<at::native::direct_copy_kernel_cuda(at::TensorIteratorBase&)::{lambda()#3}::operator()() const::{lambda()#12}::operator()() const::{lambda(c10::BFloat16)#1}>(at::TensorIteratorBase&, at::native::direct_copy_kernel_cuda(at::TensorIteratorBase&)::{lambda()#3}::operator()() const::{lambda()#12}::operator()() const::{lambda(c10::BFloat16)#1} const&)::{lambda(int)#1})",86,operator_shape_matched,aten::copy_,"[[41,2,124160],[41,2,124160],[]]","[""c10::BFloat16"",""c10::BFloat16"",""Scalar""]",null,1,26.337
"void at::native::elementwise_kernel<128, 4, at::native::gpu_kernel_impl_nocast<at::native::direct_copy_kernel_cuda(at::TensorIteratorBase&)::{lambda()#3}::operator()() const::{lambda()#12}::operator()() const::{lambda(c10::BFloat16)#1}>(at::TensorIteratorBase&, at::native::direct_copy_kernel_cuda(at::TensorIteratorBase&)::{lambda()#3}::operator()() const::{lambda()#12}::operator()() const::{lambda(c10::BFloat16)#1} const&)::{lambda(int)#1}>(int, at::native::gpu_kernel_impl_nocast<at::native::direct_copy_kernel_cuda(at::TensorIteratorBase&)::{lambda()#3}::operator()() const::{lambda()#12}::operator()() const::{lambda(c10::BFloat16)#1}>(at::TensorIteratorBase&, at::native::direct_copy_kernel_cuda(at::TensorIteratorBase&)::{lambda()#3}::operator()() const::{lambda()#12}::operator()() const::{lambda(c10::BFloat16)#1} const&)::{lambda(int)#1})",87,operator_shape_matched,aten::copy_,"[[40,2,124160],[40,2,124160],[]]","[""c10::BFloat16"",""c10::BFloat16"",""Scalar""]",null,1,25.888
"void at::native::elementwise_kernel<128, 4, at::native::gpu_kernel_impl_nocast<at::native::direct_copy_kernel_cuda(at::TensorIteratorBase&)::{lambda()#3}::operator()() const::{lambda()#12}::operator()() const::{lambda(c10::BFloat16)#1}>(at::TensorIteratorBase&, at::native::direct_copy_kernel_cuda(at::TensorIteratorBase&)::{lambda()#3}::operator()() const::{lambda()#12}::operator()() const::{lambda(c10::BFloat16)#1} const&)::{lambda(int)#1}>(int, at::native::gpu_kernel_impl_nocast<at::native::direct_copy_kernel_cuda(at::TensorIteratorBase&)::{lambda()#3}::operator()() const::{lambda()#12}::operator()() const::{lambda(c10::BFloat16)#1}>(at::TensorIteratorBase&, at::native::direct_copy_kernel_cuda(at::TensorIteratorBase&)::{lambda()#3}::operator()() const::{lambda()#12}::operator()() const::{lambda(c10::BFloat16)#1} const&)::{lambda(int)#1})",88,operator_shape_matched,aten::copy_,"[[39,2,124160],[39,2,124160],[]]","[""c10::BFloat16"",""c10::BFloat16"",""Scalar""]",null,1,24.96
"void at::native::elementwise_kernel<128, 4, at::native::gpu_kernel_impl_nocast<at::native::direct_copy_kernel_cuda(at::TensorIteratorBase&)::{lambda()#3}::operator()() const::{lambda()#12}::operator()() const::{lambda(c10::BFloat16)#1}>(at::TensorIteratorBase&, at::native::direct_copy_kernel_cuda(at::TensorIteratorBase&)::{lambda()#3}::operator()() const::{lambda()#12}::operator()() const::{lambda(c10::BFloat16)#1} const&)::{lambda(int)#1}>(int, at::native::gpu_kernel_impl_nocast<at::native::direct_copy_kernel_cuda(at::TensorIteratorBase&)::{lambda()#3}::operator()() const::{lambda()#12}::operator()() const::{lambda(c10::BFloat16)#1}>(at::TensorIteratorBase&, at::native::direct_copy_kernel_cuda(at::TensorIteratorBase&)::{lambda()#3}::operator()() const::{lambda()#12}::operator()() const::{lambda(c10::BFloat16)#1} const&)::{lambda(int)#1})",89,operator_shape_matched,aten::copy_,"[[38,2,124160],[38,2,124160],[]]","[""c10::BFloat16"",""c10::BFloat16"",""Scalar""]",null,1,24.512
"void at::native::elementwise_kernel<128, 4, at::native::gpu_kernel_impl_nocast<at::native::direct_copy_kernel_cuda(at::TensorIteratorBase&)::{lambda()#3}::operator()() const::{lambda()#12}::operator()() const::{lambda(c10::BFloat16)#1}>(at::TensorIteratorBase&, at::native::direct_copy_kernel_cuda(at::TensorIteratorBase&)::{lambda()#3}::operator()() const::{lambda()#12}::operator()() const::{lambda(c10::BFloat16)#1} const&)::{lambda(int)#1}>(int, at::native::gpu_kernel_impl_nocast<at::native::direct_copy_kernel_cuda(at::TensorIteratorBase&)::{lambda()#3}::operator()() const::{lambda()#12}::operator()() const::{lambda(c10::BFloat16)#1}>(at::TensorIteratorBase&, at::native::direct_copy_kernel_cuda(at::TensorIteratorBase&)::{lambda()#3}::operator()() const::{lambda()#12}::operator()() const::{lambda(c10::BFloat16)#1} const&)::{lambda(int)#1})",90,operator_shape_matched,aten::copy_,"[[37,2,124160],[37,2,124160],[]]","[""c10::BFloat16"",""c10::BFloat16"",""Scalar""]",null,1,23.393
"void at::native::elementwise_kernel<128, 4, at::native::gpu_kernel_impl_nocast<at::native::direct_copy_kernel_cuda(at::TensorIteratorBase&)::{lambda()#3}::operator()() const::{lambda()#12}::operator()() const::{lambda(c10::BFloat16)#1}>(at::TensorIteratorBase&, at::native::direct_copy_kernel_cuda(at::TensorIteratorBase&)::{lambda()#3}::operator()() const::{lambda()#12}::operator()() const::{lambda(c10::BFloat16)#1} const&)::{lambda(int)#1}>(int, at::native::gpu_kernel_impl_nocast<at::native::direct_copy_kernel_cuda(at::TensorIteratorBase&)::{lambda()#3}::operator()() const::{lambda()#12}::operator()() const::{lambda(c10::BFloat16)#1}>(at::TensorIteratorBase&, at::native::direct_copy_kernel_cuda(at::TensorIteratorBase&)::{lambda()#3}::operator()() const::{lambda()#12}::operator()() const::{lambda(c10::BFloat16)#1} const&)::{lambda(int)#1})",91,operator_shape_matched,aten::copy_,"[[36,2,124160],[36,2,124160],[]]","[""c10::BFloat16"",""c10::BFloat16"",""Scalar""]",null,1,23.137
"void at::native::elementwise_kernel<128, 4, at::native::gpu_kernel_impl_nocast<at::native::direct_copy_kernel_cuda(at::TensorIteratorBase&)::{lambda()#3}::operator()() const::{lambda()#12}::operator()() const::{lambda(c10::BFloat16)#1}>(at::TensorIteratorBase&, at::native::direct_copy_kernel_cuda(at::TensorIteratorBase&)::{lambda()#3}::operator()() const::{lambda()#12}::operator()() const::{lambda(c10::BFloat16)#1} const&)::{lambda(int)#1}>(int, at::native::gpu_kernel_impl_nocast<at::native::direct_copy_kernel_cuda(at::TensorIteratorBase&)::{lambda()#3}::operator()() const::{lambda()#12}::operator()() const::{lambda(c10::BFloat16)#1}>(at::TensorIteratorBase&, at::native::direct_copy_kernel_cuda(at::TensorIteratorBase&)::{lambda()#3}::operator()() const::{lambda()#12}::operator()() const::{lambda(c10::BFloat16)#1} const&)::{lambda(int)#1})",92,operator_shape_matched,aten::copy_,"[[35,2,124160],[35,2,124160],[]]","[""c10::BFloat16"",""c10::BFloat16"",""Scalar""]",null,1,22.241
"void at::native::elementwise_kernel<128, 4, at::native::gpu_kernel_impl_nocast<at::native::direct_copy_kernel_cuda(at::TensorIteratorBase&)::{lambda()#3}::operator()() const::{lambda()#12}::operator()() const::{lambda(c10::BFloat16)#1}>(at::TensorIteratorBase&, at::native::direct_copy_kernel_cuda(at::TensorIteratorBase&)::{lambda()#3}::operator()() const::{lambda()#12}::operator()() const::{lambda(c10::BFloat16)#1} const&)::{lambda(int)#1}>(int, at::native::gpu_kernel_impl_nocast<at::native::direct_copy_kernel_cuda(at::TensorIteratorBase&)::{lambda()#3}::operator()() const::{lambda()#12}::operator()() const::{lambda(c10::BFloat16)#1}>(at::TensorIteratorBase&, at::native::direct_copy_kernel_cuda(at::TensorIteratorBase&)::{lambda()#3}::operator()() const::{lambda()#12}::operator()() const::{lambda(c10::BFloat16)#1} const&)::{lambda(int)#1})",93,operator_shape_matched,aten::copy_,"[[34,2,124160],[34,2,124160],[]]","[""c10::BFloat16"",""c10::BFloat16"",""Scalar""]",null,1,21.664
"void at::native::elementwise_kernel<128, 4, at::native::gpu_kernel_impl_nocast<at::native::direct_copy_kernel_cuda(at::TensorIteratorBase&)::{lambda()#3}::operator()() const::{lambda()#12}::operator()() const::{lambda(c10::BFloat16)#1}>(at::TensorIteratorBase&, at::native::direct_copy_kernel_cuda(at::TensorIteratorBase&)::{lambda()#3}::operator()() const::{lambda()#12}::operator()() const::{lambda(c10::BFloat16)#1} const&)::{lambda(int)#1}>(int, at::native::gpu_kernel_impl_nocast<at::native::direct_copy_kernel_cuda(at::TensorIteratorBase&)::{lambda()#3}::operator()() const::{lambda()#12}::operator()() const::{lambda(c10::BFloat16)#1}>(at::TensorIteratorBase&, at::native::direct_copy_kernel_cuda(at::TensorIteratorBase&)::{lambda()#3}::operator()() const::{lambda()#12}::operator()() const::{lambda(c10::BFloat16)#1} const&)::{lambda(int)#1})",94,operator_shape_matched,aten::copy_,"[[33,2,124160],[33,2,124160],[]]","[""c10::BFloat16"",""c10::BFloat16"",""Scalar""]",null,1,20.577
"void at::native::elementwise_kernel<128, 4, at::native::gpu_kernel_impl_nocast<at::native::direct_copy_kernel_cuda(at::TensorIteratorBase&)::{lambda()#3}::operator()() const::{lambda()#12}::operator()() const::{lambda(c10::BFloat16)#1}>(at::TensorIteratorBase&, at::native::direct_copy_kernel_cuda(at::TensorIteratorBase&)::{lambda()#3}::operator()() const::{lambda()#12}::operator()() const::{lambda(c10::BFloat16)#1} const&)::{lambda(int)#1}>(int, at::native::gpu_kernel_impl_nocast<at::native::direct_copy_kernel_cuda(at::TensorIteratorBase&)::{lambda()#3}::operator()() const::{lambda()#12}::operator()() const::{lambda(c10::BFloat16)#1}>(at::TensorIteratorBase&, at::native::direct_copy_kernel_cuda(at::TensorIteratorBase&)::{lambda()#3}::operator()() const::{lambda()#12}::operator()() const::{lambda(c10::BFloat16)#1} const&)::{lambda(int)#1})",95,operator_shape_matched,aten::copy_,"[[32,2,124160],[32,2,124160],[]]","[""c10::BFloat16"",""c10::BFloat16"",""Scalar""]",null,1,20.192
"void at::native::elementwise_kernel<128, 4, at::native::gpu_kernel_impl_nocast<at::native::direct_copy_kernel_cuda(at::TensorIteratorBase&)::{lambda()#3}::operator()() const::{lambda()#12}::operator()() const::{lambda(c10::BFloat16)#1}>(at::TensorIteratorBase&, at::native::direct_copy_kernel_cuda(at::TensorIteratorBase&)::{lambda()#3}::operator()() const::{lambda()#12}::operator()() const::{lambda(c10::BFloat16)#1} const&)::{lambda(int)#1}>(int, at::native::gpu_kernel_impl_nocast<at::native::direct_copy_kernel_cuda(at::TensorIteratorBase&)::{lambda()#3}::operator()() const::{lambda()#12}::operator()() const::{lambda(c10::BFloat16)#1}>(at::TensorIteratorBase&, at::native::direct_copy_kernel_cuda(at::TensorIteratorBase&)::{lambda()#3}::operator()() const::{lambda()#12}::operator()() const::{lambda(c10::BFloat16)#1} const&)::{lambda(int)#1})",96,operator_shape_matched,aten::copy_,"[[31,2,124160],[31,2,124160],[]]","[""c10::BFloat16"",""c10::BFloat16"",""Scalar""]",null,1,19.393
"void at::native::elementwise_kernel<128, 4, at::native::gpu_kernel_impl_nocast<at::native::direct_copy_kernel_cuda(at::TensorIteratorBase&)::{lambda()#3}::operator()() const::{lambda()#12}::operator()() const::{lambda(c10::BFloat16)#1}>(at::TensorIteratorBase&, at::native::direct_copy_kernel_cuda(at::TensorIteratorBase&)::{lambda()#3}::operator()() const::{lambda()#12}::operator()() const::{lambda(c10::BFloat16)#1} const&)::{lambda(int)#1}>(int, at::native::gpu_kernel_impl_nocast<at::native::direct_copy_kernel_cuda(at::TensorIteratorBase&)::{lambda()#3}::operator()() const::{lambda()#12}::operator()() const::{lambda(c10::BFloat16)#1}>(at::TensorIteratorBase&, at::native::direct_copy_kernel_cuda(at::TensorIteratorBase&)::{lambda()#3}::operator()() const::{lambda()#12}::operator()() const::{lambda(c10::BFloat16)#1} const&)::{lambda(int)#1})",97,operator_shape_matched,aten::copy_,"[[30,2,124160],[30,2,124160],[]]","[""c10::BFloat16"",""c10::BFloat16"",""Scalar""]",null,1,18.816
"void at::native::elementwise_kernel<128, 4, at::native::gpu_kernel_impl_nocast<at::native::direct_copy_kernel_cuda(at::TensorIteratorBase&)::{lambda()#3}::operator()() const::{lambda()#12}::operator()() const::{lambda(c10::BFloat16)#1}>(at::TensorIteratorBase&, at::native::direct_copy_kernel_cuda(at::TensorIteratorBase&)::{lambda()#3}::operator()() const::{lambda()#12}::operator()() const::{lambda(c10::BFloat16)#1} const&)::{lambda(int)#1}>(int, at::native::gpu_kernel_impl_nocast<at::native::direct_copy_kernel_cuda(at::TensorIteratorBase&)::{lambda()#3}::operator()() const::{lambda()#12}::operator()() const::{lambda(c10::BFloat16)#1}>(at::TensorIteratorBase&, at::native::direct_copy_kernel_cuda(at::TensorIteratorBase&)::{lambda()#3}::operator()() const::{lambda()#12}::operator()() const::{lambda(c10::BFloat16)#1} const&)::{lambda(int)#1})",98,operator_shape_matched,aten::copy_,"[[29,2,124160],[29,2,124160],[]]","[""c10::BFloat16"",""c10::BFloat16"",""Scalar""]",null,1,18.241
"void at::native::elementwise_kernel<128, 4, at::native::gpu_kernel_impl_nocast<at::native::direct_copy_kernel_cuda(at::TensorIteratorBase&)::{lambda()#3}::operator()() const::{lambda()#12}::operator()() const::{lambda(c10::BFloat16)#1}>(at::TensorIteratorBase&, at::native::direct_copy_kernel_cuda(at::TensorIteratorBase&)::{lambda()#3}::operator()() const::{lambda()#12}::operator()() const::{lambda(c10::BFloat16)#1} const&)::{lambda(int)#1}>(int, at::native::gpu_kernel_impl_nocast<at::native::direct_copy_kernel_cuda(at::TensorIteratorBase&)::{lambda()#3}::operator()() const::{lambda()#12}::operator()() const::{lambda(c10::BFloat16)#1}>(at::TensorIteratorBase&, at::native::direct_copy_kernel_cuda(at::TensorIteratorBase&)::{lambda()#3}::operator()() const::{lambda()#12}::operator()() const::{lambda(c10::BFloat16)#1} const&)::{lambda(int)#1})",99,operator_shape_matched,aten::copy_,"[[28,2,124160],[28,2,124160],[]]","[""c10::BFloat16"",""c10::BFloat16"",""Scalar""]",null,1,17.568
"void at::native::elementwise_kernel<128, 4, at::native::gpu_kernel_impl_nocast<at::native::direct_copy_kernel_cuda(at::TensorIteratorBase&)::{lambda()#3}::operator()() const::{lambda()#12}::operator()() const::{lambda(c10::BFloat16)#1}>(at::TensorIteratorBase&, at::native::direct_copy_kernel_cuda(at::TensorIteratorBase&)::{lambda()#3}::operator()() const::{lambda()#12}::operator()() const::{lambda(c10::BFloat16)#1} const&)::{lambda(int)#1}>(int, at::native::gpu_kernel_impl_nocast<at::native::direct_copy_kernel_cuda(at::TensorIteratorBase&)::{lambda()#3}::operator()() const::{lambda()#12}::operator()() const::{lambda(c10::BFloat16)#1}>(at::TensorIteratorBase&, at::native::direct_copy_kernel_cuda(at::TensorIteratorBase&)::{lambda()#3}::operator()() const::{lambda()#12}::operator()() const::{lambda(c10::BFloat16)#1} const&)::{lambda(int)#1})",100,operator_shape_matched,aten::copy_,"[[27,2,124160],[27,2,124160],[]]","[""c10::BFloat16"",""c10::BFloat16"",""Scalar""]",null,1,16.801
"void at::native::elementwise_kernel<128, 4, at::native::gpu_kernel_impl_nocast<at::native::direct_copy_kernel_cuda(at::TensorIteratorBase&)::{lambda()#3}::operator()() const::{lambda()#12}::operator()() const::{lambda(c10::BFloat16)#1}>(at::TensorIteratorBase&, at::native::direct_copy_kernel_cuda(at::TensorIteratorBase&)::{lambda()#3}::operator()() const::{lambda()#12}::operator()() const::{lambda(c10::BFloat16)#1} const&)::{lambda(int)#1}>(int, at::native::gpu_kernel_impl_nocast<at::native::direct_copy_kernel_cuda(at::TensorIteratorBase&)::{lambda()#3}::operator()() const::{lambda()#12}::operator()() const::{lambda(c10::BFloat16)#1}>(at::TensorIteratorBase&, at::native::direct_copy_kernel_cuda(at::TensorIteratorBase&)::{lambda()#3}::operator()() const::{lambda()#12}::operator()() const::{lambda(c10::BFloat16)#1} const&)::{lambda(int)#1})",101,operator_shape_matched,aten::copy_,"[[26,2,124160],[26,2,124160],[]]","[""c10::BFloat16"",""c10::BFloat16"",""Scalar""]",null,1,16.449
"void at::native::elementwise_kernel<128, 4, at::native::gpu_kernel_impl_nocast<at::native::direct_copy_kernel_cuda(at::TensorIteratorBase&)::{lambda()#3}::operator()() const::{lambda()#12}::operator()() const::{lambda(c10::BFloat16)#1}>(at::TensorIteratorBase&, at::native::direct_copy_kernel_cuda(at::TensorIteratorBase&)::{lambda()#3}::operator()() const::{lambda()#12}::operator()() const::{lambda(c10::BFloat16)#1} const&)::{lambda(int)#1}>(int, at::native::gpu_kernel_impl_nocast<at::native::direct_copy_kernel_cuda(at::TensorIteratorBase&)::{lambda()#3}::operator()() const::{lambda()#12}::operator()() const::{lambda(c10::BFloat16)#1}>(at::TensorIteratorBase&, at::native::direct_copy_kernel_cuda(at::TensorIteratorBase&)::{lambda()#3}::operator()() const::{lambda()#12}::operator()() const::{lambda(c10::BFloat16)#1} const&)::{lambda(int)#1})",102,operator_shape_matched,aten::copy_,"[[25,2,124160],[25,2,124160],[]]","[""c10::BFloat16"",""c10::BFloat16"",""Scalar""]",null,1,15.584
"void at::native::elementwise_kernel<128, 4, at::native::gpu_kernel_impl_nocast<at::native::direct_copy_kernel_cuda(at::TensorIteratorBase&)::{lambda()#3}::operator()() const::{lambda()#12}::operator()() const::{lambda(c10::BFloat16)#1}>(at::TensorIteratorBase&, at::native::direct_copy_kernel_cuda(at::TensorIteratorBase&)::{lambda()#3}::operator()() const::{lambda()#12}::operator()() const::{lambda(c10::BFloat16)#1} const&)::{lambda(int)#1}>(int, at::native::gpu_kernel_impl_nocast<at::native::direct_copy_kernel_cuda(at::TensorIteratorBase&)::{lambda()#3}::operator()() const::{lambda()#12}::operator()() const::{lambda(c10::BFloat16)#1}>(at::TensorIteratorBase&, at::native::direct_copy_kernel_cuda(at::TensorIteratorBase&)::{lambda()#3}::operator()() const::{lambda()#12}::operator()() const::{lambda(c10::BFloat16)#1} const&)::{lambda(int)#1})",103,operator_shape_matched,aten::copy_,"[[24,2,124160],[24,2,124160],[]]","[""c10::BFloat16"",""c10::BFloat16"",""Scalar""]",null,1,15.328
"void at::native::elementwise_kernel<128, 4, at::native::gpu_kernel_impl_nocast<at::native::direct_copy_kernel_cuda(at::TensorIteratorBase&)::{lambda()#3}::operator()() const::{lambda()#12}::operator()() const::{lambda(c10::BFloat16)#1}>(at::TensorIteratorBase&, at::native::direct_copy_kernel_cuda(at::TensorIteratorBase&)::{lambda()#3}::operator()() const::{lambda()#12}::operator()() const::{lambda(c10::BFloat16)#1} const&)::{lambda(int)#1}>(int, at::native::gpu_kernel_impl_nocast<at::native::direct_copy_kernel_cuda(at::TensorIteratorBase&)::{lambda()#3}::operator()() const::{lambda()#12}::operator()() const::{lambda(c10::BFloat16)#1}>(at::TensorIteratorBase&, at::native::direct_copy_kernel_cuda(at::TensorIteratorBase&)::{lambda()#3}::operator()() const::{lambda()#12}::operator()() const::{lambda(c10::BFloat16)#1} const&)::{lambda(int)#1})",104,operator_shape_matched,aten::copy_,"[[23,2,124160],[23,2,124160],[]]","[""c10::BFloat16"",""c10::BFloat16"",""Scalar""]",null,1,14.656
"void at::native::elementwise_kernel<128, 4, at::native::gpu_kernel_impl_nocast<at::native::direct_copy_kernel_cuda(at::TensorIteratorBase&)::{lambda()#3}::operator()() const::{lambda()#12}::operator()() const::{lambda(c10::BFloat16)#1}>(at::TensorIteratorBase&, at::native::direct_copy_kernel_cuda(at::TensorIteratorBase&)::{lambda()#3}::operator()() const::{lambda()#12}::operator()() const::{lambda(c10::BFloat16)#1} const&)::{lambda(int)#1}>(int, at::native::gpu_kernel_impl_nocast<at::native::direct_copy_kernel_cuda(at::TensorIteratorBase&)::{lambda()#3}::operator()() const::{lambda()#12}::operator()() const::{lambda(c10::BFloat16)#1}>(at::TensorIteratorBase&, at::native::direct_copy_kernel_cuda(at::TensorIteratorBase&)::{lambda()#3}::operator()() const::{lambda()#12}::operator()() const::{lambda(c10::BFloat16)#1} const&)::{lambda(int)#1})",105,operator_shape_matched,aten::copy_,"[[22,2,124160],[22,2,124160],[]]","[""c10::BFloat16"",""c10::BFloat16"",""Scalar""]",null,1,14.145
"void at::native::elementwise_kernel<128, 4, at::native::gpu_kernel_impl_nocast<at::native::direct_copy_kernel_cuda(at::TensorIteratorBase&)::{lambda()#3}::operator()() const::{lambda()#12}::operator()() const::{lambda(c10::BFloat16)#1}>(at::TensorIteratorBase&, at::native::direct_copy_kernel_cuda(at::TensorIteratorBase&)::{lambda()#3}::operator()() const::{lambda()#12}::operator()() const::{lambda(c10::BFloat16)#1} const&)::{lambda(int)#1}>(int, at::native::gpu_kernel_impl_nocast<at::native::direct_copy_kernel_cuda(at::TensorIteratorBase&)::{lambda()#3}::operator()() const::{lambda()#12}::operator()() const::{lambda(c10::BFloat16)#1}>(at::TensorIteratorBase&, at::native::direct_copy_kernel_cuda(at::TensorIteratorBase&)::{lambda()#3}::operator()() const::{lambda()#12}::operator()() const::{lambda(c10::BFloat16)#1} const&)::{lambda(int)#1})",106,operator_shape_matched,aten::copy_,"[[21,2,124160],[21,2,124160],[]]","[""c10::BFloat16"",""c10::BFloat16"",""Scalar""]",null,1,13.376
"void at::native::elementwise_kernel<128, 4, at::native::gpu_kernel_impl_nocast<at::native::direct_copy_kernel_cuda(at::TensorIteratorBase&)::{lambda()#3}::operator()() const::{lambda()#12}::operator()() const::{lambda(c10::BFloat16)#1}>(at::TensorIteratorBase&, at::native::direct_copy_kernel_cuda(at::TensorIteratorBase&)::{lambda()#3}::operator()() const::{lambda()#12}::operator()() const::{lambda(c10::BFloat16)#1} const&)::{lambda(int)#1}>(int, at::native::gpu_kernel_impl_nocast<at::native::direct_copy_kernel_cuda(at::TensorIteratorBase&)::{lambda()#3}::operator()() const::{lambda()#12}::operator()() const::{lambda(c10::BFloat16)#1}>(at::TensorIteratorBase&, at::native::direct_copy_kernel_cuda(at::TensorIteratorBase&)::{lambda()#3}::operator()() const::{lambda()#12}::operator()() const::{lambda(c10::BFloat16)#1} const&)::{lambda(int)#1})",107,operator_shape_matched,aten::copy_,"[[20,2,124160],[20,2,124160],[]]","[""c10::BFloat16"",""c10::BFloat16"",""Scalar""]",null,1,13.025
"void at::native::elementwise_kernel<128, 4, at::native::gpu_kernel_impl_nocast<at::native::direct_copy_kernel_cuda(at::TensorIteratorBase&)::{lambda()#3}::operator()() const::{lambda()#12}::operator()() const::{lambda(c10::BFloat16)#1}>(at::TensorIteratorBase&, at::native::direct_copy_kernel_cuda(at::TensorIteratorBase&)::{lambda()#3}::operator()() const::{lambda()#12}::operator()() const::{lambda(c10::BFloat16)#1} const&)::{lambda(int)#1}>(int, at::native::gpu_kernel_impl_nocast<at::native::direct_copy_kernel_cuda(at::TensorIteratorBase&)::{lambda()#3}::operator()() const::{lambda()#12}::operator()() const::{lambda(c10::BFloat16)#1}>(at::TensorIteratorBase&, at::native::direct_copy_kernel_cuda(at::TensorIteratorBase&)::{lambda()#3}::operator()() const::{lambda()#12}::operator()() const::{lambda(c10::BFloat16)#1} const&)::{lambda(int)#1})",108,operator_shape_matched,aten::copy_,"[[19,2,124160],[19,2,124160],[]]","[""c10::BFloat16"",""c10::BFloat16"",""Scalar""]",null,1,12.481
"void at::native::elementwise_kernel<128, 4, at::native::gpu_kernel_impl_nocast<at::native::direct_copy_kernel_cuda(at::TensorIteratorBase&)::{lambda()#3}::operator()() const::{lambda()#12}::operator()() const::{lambda(c10::BFloat16)#1}>(at::TensorIteratorBase&, at::native::direct_copy_kernel_cuda(at::TensorIteratorBase&)::{lambda()#3}::operator()() const::{lambda()#12}::operator()() const::{lambda(c10::BFloat16)#1} const&)::{lambda(int)#1}>(int, at::native::gpu_kernel_impl_nocast<at::native::direct_copy_kernel_cuda(at::TensorIteratorBase&)::{lambda()#3}::operator()() const::{lambda()#12}::operator()() const::{lambda(c10::BFloat16)#1}>(at::TensorIteratorBase&, at::native::direct_copy_kernel_cuda(at::TensorIteratorBase&)::{lambda()#3}::operator()() const::{lambda()#12}::operator()() const::{lambda(c10::BFloat16)#1} const&)::{lambda(int)#1})",109,operator_shape_matched,aten::copy_,"[[18,2,124160],[18,2,124160],[]]","[""c10::BFloat16"",""c10::BFloat16"",""Scalar""]",null,1,11.392
"void at::native::elementwise_kernel<128, 4, at::native::gpu_kernel_impl_nocast<at::native::direct_copy_kernel_cuda(at::TensorIteratorBase&)::{lambda()#3}::operator()() const::{lambda()#12}::operator()() const::{lambda(c10::BFloat16)#1}>(at::TensorIteratorBase&, at::native::direct_copy_kernel_cuda(at::TensorIteratorBase&)::{lambda()#3}::operator()() const::{lambda()#12}::operator()() const::{lambda(c10::BFloat16)#1} const&)::{lambda(int)#1}>(int, at::native::gpu_kernel_impl_nocast<at::native::direct_copy_kernel_cuda(at::TensorIteratorBase&)::{lambda()#3}::operator()() const::{lambda()#12}::operator()() const::{lambda(c10::BFloat16)#1}>(at::TensorIteratorBase&, at::native::direct_copy_kernel_cuda(at::TensorIteratorBase&)::{lambda()#3}::operator()() const::{lambda()#12}::operator()() const::{lambda(c10::BFloat16)#1} const&)::{lambda(int)#1})",110,operator_shape_matched,aten::copy_,"[[17,2,124160],[17,2,124160],[]]","[""c10::BFloat16"",""c10::BFloat16"",""Scalar""]",null,1,11.04
"void at::native::elementwise_kernel<128, 4, at::native::gpu_kernel_impl_nocast<at::native::direct_copy_kernel_cuda(at::TensorIteratorBase&)::{lambda()#3}::operator()() const::{lambda()#12}::operator()() const::{lambda(c10::BFloat16)#1}>(at::TensorIteratorBase&, at::native::direct_copy_kernel_cuda(at::TensorIteratorBase&)::{lambda()#3}::operator()() const::{lambda()#12}::operator()() const::{lambda(c10::BFloat16)#1} const&)::{lambda(int)#1}>(int, at::native::gpu_kernel_impl_nocast<at::native::direct_copy_kernel_cuda(at::TensorIteratorBase&)::{lambda()#3}::operator()() const::{lambda()#12}::operator()() const::{lambda(c10::BFloat16)#1}>(at::TensorIteratorBase&, at::native::direct_copy_kernel_cuda(at::TensorIteratorBase&)::{lambda()#3}::operator()() const::{lambda()#12}::operator()() const::{lambda(c10::BFloat16)#1} const&)::{lambda(int)#1})",111,operator_shape_matched,aten::copy_,"[[16,2,124160],[16,2,124160],[]]","[""c10::BFloat16"",""c10::BFloat16"",""Scalar""]",null,1,10.24
"void at::native::elementwise_kernel<128, 4, at::native::gpu_kernel_impl_nocast<at::native::direct_copy_kernel_cuda(at::TensorIteratorBase&)::{lambda()#3}::operator()() const::{lambda()#12}::operator()() const::{lambda(c10::BFloat16)#1}>(at::TensorIteratorBase&, at::native::direct_copy_kernel_cuda(at::TensorIteratorBase&)::{lambda()#3}::operator()() const::{lambda()#12}::operator()() const::{lambda(c10::BFloat16)#1} const&)::{lambda(int)#1}>(int, at::native::gpu_kernel_impl_nocast<at::native::direct_copy_kernel_cuda(at::TensorIteratorBase&)::{lambda()#3}::operator()() const::{lambda()#12}::operator()() const::{lambda(c10::BFloat16)#1}>(at::TensorIteratorBase&, at::native::direct_copy_kernel_cuda(at::TensorIteratorBase&)::{lambda()#3}::operator()() const::{lambda()#12}::operator()() const::{lambda(c10::BFloat16)#1} const&)::{lambda(int)#1})",112,operator_shape_matched,aten::copy_,"[[15,2,124160],[15,2,124160],[]]","[""c10::BFloat16"",""c10::BFloat16"",""Scalar""]",null,1,9.632
"void at::native::elementwise_kernel<128, 4, at::native::gpu_kernel_impl_nocast<at::native::direct_copy_kernel_cuda(at::TensorIteratorBase&)::{lambda()#3}::operator()() const::{lambda()#12}::operator()() const::{lambda(c10::BFloat16)#1}>(at::TensorIteratorBase&, at::native::direct_copy_kernel_cuda(at::TensorIteratorBase&)::{lambda()#3}::operator()() const::{lambda()#12}::operator()() const::{lambda(c10::BFloat16)#1} const&)::{lambda(int)#1}>(int, at::native::gpu_kernel_impl_nocast<at::native::direct_copy_kernel_cuda(at::TensorIteratorBase&)::{lambda()#3}::operator()() const::{lambda()#12}::operator()() const::{lambda(c10::BFloat16)#1}>(at::TensorIteratorBase&, at::native::direct_copy_kernel_cuda(at::TensorIteratorBase&)::{lambda()#3}::operator()() const::{lambda()#12}::operator()() const::{lambda(c10::BFloat16)#1} const&)::{lambda(int)#1})",113,operator_shape_matched,aten::copy_,"[[14,2,124160],[14,2,124160],[]]","[""c10::BFloat16"",""c10::BFloat16"",""Scalar""]",null,1,9.216
"void at::native::elementwise_kernel<128, 4, at::native::gpu_kernel_impl_nocast<at::native::direct_copy_kernel_cuda(at::TensorIteratorBase&)::{lambda()#3}::operator()() const::{lambda()#12}::operator()() const::{lambda(c10::BFloat16)#1}>(at::TensorIteratorBase&, at::native::direct_copy_kernel_cuda(at::TensorIteratorBase&)::{lambda()#3}::operator()() const::{lambda()#12}::operator()() const::{lambda(c10::BFloat16)#1} const&)::{lambda(int)#1}>(int, at::native::gpu_kernel_impl_nocast<at::native::direct_copy_kernel_cuda(at::TensorIteratorBase&)::{lambda()#3}::operator()() const::{lambda()#12}::operator()() const::{lambda(c10::BFloat16)#1}>(at::TensorIteratorBase&, at::native::direct_copy_kernel_cuda(at::TensorIteratorBase&)::{lambda()#3}::operator()() const::{lambda()#12}::operator()() const::{lambda(c10::BFloat16)#1} const&)::{lambda(int)#1})",114,operator_shape_matched,aten::copy_,"[[13,2,124160],[13,2,124160],[]]","[""c10::BFloat16"",""c10::BFloat16"",""Scalar""]",null,1,8.768
"void at::native::elementwise_kernel<128, 4, at::native::gpu_kernel_impl_nocast<at::native::direct_copy_kernel_cuda(at::TensorIteratorBase&)::{lambda()#3}::operator()() const::{lambda()#12}::operator()() const::{lambda(c10::BFloat16)#1}>(at::TensorIteratorBase&, at::native::direct_copy_kernel_cuda(at::TensorIteratorBase&)::{lambda()#3}::operator()() const::{lambda()#12}::operator()() const::{lambda(c10::BFloat16)#1} const&)::{lambda(int)#1}>(int, at::native::gpu_kernel_impl_nocast<at::native::direct_copy_kernel_cuda(at::TensorIteratorBase&)::{lambda()#3}::operator()() const::{lambda()#12}::operator()() const::{lambda(c10::BFloat16)#1}>(at::TensorIteratorBase&, at::native::direct_copy_kernel_cuda(at::TensorIteratorBase&)::{lambda()#3}::operator()() const::{lambda()#12}::operator()() const::{lambda(c10::BFloat16)#1} const&)::{lambda(int)#1})",115,operator_shape_matched,aten::copy_,"[[12,2,124160],[12,2,124160],[]]","[""c10::BFloat16"",""c10::BFloat16"",""Scalar""]",null,1,7.841
"void at::native::elementwise_kernel<128, 4, at::native::gpu_kernel_impl_nocast<at::native::direct_copy_kernel_cuda(at::TensorIteratorBase&)::{lambda()#3}::operator()() const::{lambda()#12}::operator()() const::{lambda(c10::BFloat16)#1}>(at::TensorIteratorBase&, at::native::direct_copy_kernel_cuda(at::TensorIteratorBase&)::{lambda()#3}::operator()() const::{lambda()#12}::operator()() const::{lambda(c10::BFloat16)#1} const&)::{lambda(int)#1}>(int, at::native::gpu_kernel_impl_nocast<at::native::direct_copy_kernel_cuda(at::TensorIteratorBase&)::{lambda()#3}::operator()() const::{lambda()#12}::operator()() const::{lambda(c10::BFloat16)#1}>(at::TensorIteratorBase&, at::native::direct_copy_kernel_cuda(at::TensorIteratorBase&)::{lambda()#3}::operator()() const::{lambda()#12}::operator()() const::{lambda(c10::BFloat16)#1} const&)::{lambda(int)#1})",116,operator_shape_matched,aten::copy_,"[[11,2,124160],[11,2,124160],[]]","[""c10::BFloat16"",""c10::BFloat16"",""Scalar""]",null,1,7.744
"void at::native::elementwise_kernel<128, 4, at::native::gpu_kernel_impl_nocast<at::native::direct_copy_kernel_cuda(at::TensorIteratorBase&)::{lambda()#3}::operator()() const::{lambda()#12}::operator()() const::{lambda(c10::BFloat16)#1}>(at::TensorIteratorBase&, at::native::direct_copy_kernel_cuda(at::TensorIteratorBase&)::{lambda()#3}::operator()() const::{lambda()#12}::operator()() const::{lambda(c10::BFloat16)#1} const&)::{lambda(int)#1}>(int, at::native::gpu_kernel_impl_nocast<at::native::direct_copy_kernel_cuda(at::TensorIteratorBase&)::{lambda()#3}::operator()() const::{lambda()#12}::operator()() const::{lambda(c10::BFloat16)#1}>(at::TensorIteratorBase&, at::native::direct_copy_kernel_cuda(at::TensorIteratorBase&)::{lambda()#3}::operator()() const::{lambda()#12}::operator()() const::{lambda(c10::BFloat16)#1} const&)::{lambda(int)#1})",117,operator_shape_matched,aten::copy_,"[[10,2,124160],[10,2,124160],[]]","[""c10::BFloat16"",""c10::BFloat16"",""Scalar""]",null,1,7.232
"void at::native::elementwise_kernel<128, 4, at::native::gpu_kernel_impl_nocast<at::native::direct_copy_kernel_cuda(at::TensorIteratorBase&)::{lambda()#3}::operator()() const::{lambda()#12}::operator()() const::{lambda(c10::BFloat16)#1}>(at::TensorIteratorBase&, at::native::direct_copy_kernel_cuda(at::TensorIteratorBase&)::{lambda()#3}::operator()() const::{lambda()#12}::operator()() const::{lambda(c10::BFloat16)#1} const&)::{lambda(int)#1}>(int, at::native::gpu_kernel_impl_nocast<at::native::direct_copy_kernel_cuda(at::TensorIteratorBase&)::{lambda()#3}::operator()() const::{lambda()#12}::operator()() const::{lambda(c10::BFloat16)#1}>(at::TensorIteratorBase&, at::native::direct_copy_kernel_cuda(at::TensorIteratorBase&)::{lambda()#3}::operator()() const::{lambda()#12}::operator()() const::{lambda(c10::BFloat16)#1} const&)::{lambda(int)#1})",118,operator_shape_matched,aten::copy_,"[[9,2,124160],[9,2,124160],[]]","[""c10::BFloat16"",""c10::BFloat16"",""Scalar""]",null,1,6.336
"void at::native::elementwise_kernel<128, 4, at::native::gpu_kernel_impl_nocast<at::native::direct_copy_kernel_cuda(at::TensorIteratorBase&)::{lambda()#3}::operator()() const::{lambda()#12}::operator()() const::{lambda(c10::BFloat16)#1}>(at::TensorIteratorBase&, at::native::direct_copy_kernel_cuda(at::TensorIteratorBase&)::{lambda()#3}::operator()() const::{lambda()#12}::operator()() const::{lambda(c10::BFloat16)#1} const&)::{lambda(int)#1}>(int, at::native::gpu_kernel_impl_nocast<at::native::direct_copy_kernel_cuda(at::TensorIteratorBase&)::{lambda()#3}::operator()() const::{lambda()#12}::operator()() const::{lambda(c10::BFloat16)#1}>(at::TensorIteratorBase&, at::native::direct_copy_kernel_cuda(at::TensorIteratorBase&)::{lambda()#3}::operator()() const::{lambda()#12}::operator()() const::{lambda(c10::BFloat16)#1} const&)::{lambda(int)#1})",119,operator_shape_matched,aten::copy_,"[[8,2,124160],[8,2,124160],[]]","[""c10::BFloat16"",""c10::BFloat16"",""Scalar""]",null,1,5.824
"void at::native::elementwise_kernel<128, 4, at::native::gpu_kernel_impl_nocast<at::native::direct_copy_kernel_cuda(at::TensorIteratorBase&)::{lambda()#3}::operator()() const::{lambda()#12}::operator()() const::{lambda(c10::BFloat16)#1}>(at::TensorIteratorBase&, at::native::direct_copy_kernel_cuda(at::TensorIteratorBase&)::{lambda()#3}::operator()() const::{lambda()#12}::operator()() const::{lambda(c10::BFloat16)#1} const&)::{lambda(int)#1}>(int, at::native::gpu_kernel_impl_nocast<at::native::direct_copy_kernel_cuda(at::TensorIteratorBase&)::{lambda()#3}::operator()() const::{lambda()#12}::operator()() const::{lambda(c10::BFloat16)#1}>(at::TensorIteratorBase&, at::native::direct_copy_kernel_cuda(at::TensorIteratorBase&)::{lambda()#3}::operator()() const::{lambda()#12}::operator()() const::{lambda(c10::BFloat16)#1} const&)::{lambda(int)#1})",120,operator_shape_matched,aten::copy_,"[[7,2,124160],[7,2,124160],[]]","[""c10::BFloat16"",""c10::BFloat16"",""Scalar""]",null,1,5.568
"void at::native::elementwise_kernel<128, 4, at::native::gpu_kernel_impl_nocast<at::native::direct_copy_kernel_cuda(at::TensorIteratorBase&)::{lambda()#3}::operator()() const::{lambda()#12}::operator()() const::{lambda(c10::BFloat16)#1}>(at::TensorIteratorBase&, at::native::direct_copy_kernel_cuda(at::TensorIteratorBase&)::{lambda()#3}::operator()() const::{lambda()#12}::operator()() const::{lambda(c10::BFloat16)#1} const&)::{lambda(int)#1}>(int, at::native::gpu_kernel_impl_nocast<at::native::direct_copy_kernel_cuda(at::TensorIteratorBase&)::{lambda()#3}::operator()() const::{lambda()#12}::operator()() const::{lambda(c10::BFloat16)#1}>(at::TensorIteratorBase&, at::native::direct_copy_kernel_cuda(at::TensorIteratorBase&)::{lambda()#3}::operator()() const::{lambda()#12}::operator()() const::{lambda(c10::BFloat16)#1} const&)::{lambda(int)#1})",121,operator_shape_matched,aten::copy_,"[[6,2,124160],[6,2,124160],[]]","[""c10::BFloat16"",""c10::BFloat16"",""Scalar""]",null,1,4.929
"void at::native::elementwise_kernel<128, 4, at::native::gpu_kernel_impl_nocast<at::native::direct_copy_kernel_cuda(at::TensorIteratorBase&)::{lambda()#3}::operator()() const::{lambda()#12}::operator()() const::{lambda(c10::BFloat16)#1}>(at::TensorIteratorBase&, at::native::direct_copy_kernel_cuda(at::TensorIteratorBase&)::{lambda()#3}::operator()() const::{lambda()#12}::operator()() const::{lambda(c10::BFloat16)#1} const&)::{lambda(int)#1}>(int, at::native::gpu_kernel_impl_nocast<at::native::direct_copy_kernel_cuda(at::TensorIteratorBase&)::{lambda()#3}::operator()() const::{lambda()#12}::operator()() const::{lambda(c10::BFloat16)#1}>(at::TensorIteratorBase&, at::native::direct_copy_kernel_cuda(at::TensorIteratorBase&)::{lambda()#3}::operator()() const::{lambda()#12}::operator()() const::{lambda(c10::BFloat16)#1} const&)::{lambda(int)#1})",122,operator_shape_matched,aten::copy_,"[[5,2,124160],[5,2,124160],[]]","[""c10::BFloat16"",""c10::BFloat16"",""Scalar""]",null,1,4.448
"void at::native::elementwise_kernel<128, 4, at::native::gpu_kernel_impl_nocast<at::native::direct_copy_kernel_cuda(at::TensorIteratorBase&)::{lambda()#3}::operator()() const::{lambda()#12}::operator()() const::{lambda(c10::BFloat16)#1}>(at::TensorIteratorBase&, at::native::direct_copy_kernel_cuda(at::TensorIteratorBase&)::{lambda()#3}::operator()() const::{lambda()#12}::operator()() const::{lambda(c10::BFloat16)#1} const&)::{lambda(int)#1}>(int, at::native::gpu_kernel_impl_nocast<at::native::direct_copy_kernel_cuda(at::TensorIteratorBase&)::{lambda()#3}::operator()() const::{lambda()#12}::operator()() const::{lambda(c10::BFloat16)#1}>(at::TensorIteratorBase&, at::native::direct_copy_kernel_cuda(at::TensorIteratorBase&)::{lambda()#3}::operator()() const::{lambda()#12}::operator()() const::{lambda(c10::BFloat16)#1} const&)::{lambda(int)#1})",123,operator_shape_matched,aten::copy_,"[[4,2,124160],[4,2,124160],[]]","[""c10::BFloat16"",""c10::BFloat16"",""Scalar""]",null,1,4.192
"void at::native::elementwise_kernel<128, 4, at::native::gpu_kernel_impl_nocast<at::native::direct_copy_kernel_cuda(at::TensorIteratorBase&)::{lambda()#3}::operator()() const::{lambda()#12}::operator()() const::{lambda(c10::BFloat16)#1}>(at::TensorIteratorBase&, at::native::direct_copy_kernel_cuda(at::TensorIteratorBase&)::{lambda()#3}::operator()() const::{lambda()#12}::operator()() const::{lambda(c10::BFloat16)#1} const&)::{lambda(int)#1}>(int, at::native::gpu_kernel_impl_nocast<at::native::direct_copy_kernel_cuda(at::TensorIteratorBase&)::{lambda()#3}::operator()() const::{lambda()#12}::operator()() const::{lambda(c10::BFloat16)#1}>(at::TensorIteratorBase&, at::native::direct_copy_kernel_cuda(at::TensorIteratorBase&)::{lambda()#3}::operator()() const::{lambda()#12}::operator()() const::{lambda(c10::BFloat16)#1} const&)::{lambda(int)#1})",124,operator_shape_matched,aten::copy_,"[[3,2,124160],[3,2,124160],[]]","[""c10::BFloat16"",""c10::BFloat16"",""Scalar""]",null,1,3.424
"void at::native::elementwise_kernel<128, 4, at::native::gpu_kernel_impl_nocast<at::native::direct_copy_kernel_cuda(at::TensorIteratorBase&)::{lambda()#3}::operator()() const::{lambda()#12}::operator()() const::{lambda(c10::BFloat16)#1}>(at::TensorIteratorBase&, at::native::direct_copy_kernel_cuda(at::TensorIteratorBase&)::{lambda()#3}::operator()() const::{lambda()#12}::operator()() const::{lambda(c10::BFloat16)#1} const&)::{lambda(int)#1}>(int, at::native::gpu_kernel_impl_nocast<at::native::direct_copy_kernel_cuda(at::TensorIteratorBase&)::{lambda()#3}::operator()() const::{lambda()#12}::operator()() const::{lambda(c10::BFloat16)#1}>(at::TensorIteratorBase&, at::native::direct_copy_kernel_cuda(at::TensorIteratorBase&)::{lambda()#3}::operator()() const::{lambda()#12}::operator()() const::{lambda(c10::BFloat16)#1} const&)::{lambda(int)#1})",125,operator_shape_matched,aten::copy_,"[[2,2,124160],[2,2,124160],[]]","[""c10::BFloat16"",""c10::BFloat16"",""Scalar""]",null,1,3.168
"void at::native::unrolled_elementwise_kernel<at::native::direct_copy_kernel_cuda(at::TensorIteratorBase&)::{lambda()#3}::operator()() const::{lambda()#7}::operator()() const::{lambda(float)#1}, std::array<char*, 2ul>, 4, TrivialOffsetCalculator<1, unsigned int>, TrivialOffsetCalculator<1, unsigned int>, at::native::memory::LoadWithCast<1>, at::native::memory::StoreWithCast<1> >(int, at::native::direct_copy_kernel_cuda(at::TensorIteratorBase&)::{lambda()#3}::operator()() const::{lambda()#7}::operator()() const::{lambda(float)#1}, std::array<char*, 2ul>, TrivialOffsetCalculator<1, unsigned int>, TrivialOffsetCalculator<1, unsigned int>, at::native::memory::LoadWithCast<1>, at::native::memory::StoreWithCast<1>)",1,operator_shape_matched,aten::copy_,"[[64,248320],[64,248320],[]]","[""float"",""c10::BFloat16"",""Scalar""]",null,991,50513.605
"void at::native::unrolled_elementwise_kernel<at::native::direct_copy_kernel_cuda(at::TensorIteratorBase&)::{lambda()#3}::operator()() const::{lambda()#7}::operator()() const::{lambda(float)#1}, std::array<char*, 2ul>, 4, TrivialOffsetCalculator<1, unsigned int>, TrivialOffsetCalculator<1, unsigned int>, at::native::memory::LoadWithCast<1>, at::native::memory::StoreWithCast<1> >(int, at::native::direct_copy_kernel_cuda(at::TensorIteratorBase&)::{lambda()#3}::operator()() const::{lambda()#7}::operator()() const::{lambda(float)#1}, std::array<char*, 2ul>, TrivialOffsetCalculator<1, unsigned int>, TrivialOffsetCalculator<1, unsigned int>, at::native::memory::LoadWithCast<1>, at::native::memory::StoreWithCast<1>)",2,operator_shape_matched,aten::copy_,"[[63,248320],[63,248320],[]]","[""float"",""c10::BFloat16"",""Scalar""]",null,3,150.819
"void at::native::unrolled_elementwise_kernel<at::native::direct_copy_kernel_cuda(at::TensorIteratorBase&)::{lambda()#3}::operator()() const::{lambda()#7}::operator()() const::{lambda(float)#1}, std::array<char*, 2ul>, 4, TrivialOffsetCalculator<1, unsigned int>, TrivialOffsetCalculator<1, unsigned int>, at::native::memory::LoadWithCast<1>, at::native::memory::StoreWithCast<1> >(int, at::native::direct_copy_kernel_cuda(at::TensorIteratorBase&)::{lambda()#3}::operator()() const::{lambda()#7}::operator()() const::{lambda(float)#1}, std::array<char*, 2ul>, TrivialOffsetCalculator<1, unsigned int>, TrivialOffsetCalculator<1, unsigned int>, at::native::memory::LoadWithCast<1>, at::native::memory::StoreWithCast<1>)",3,operator_shape_matched,aten::copy_,"[[62,248320],[62,248320],[]]","[""float"",""c10::BFloat16"",""Scalar""]",null,1,49.761
"void at::native::unrolled_elementwise_kernel<at::native::direct_copy_kernel_cuda(at::TensorIteratorBase&)::{lambda()#3}::operator()() const::{lambda()#7}::operator()() const::{lambda(float)#1}, std::array<char*, 2ul>, 4, TrivialOffsetCalculator<1, unsigned int>, TrivialOffsetCalculator<1, unsigned int>, at::native::memory::LoadWithCast<1>, at::native::memory::StoreWithCast<1> >(int, at::native::direct_copy_kernel_cuda(at::TensorIteratorBase&)::{lambda()#3}::operator()() const::{lambda()#7}::operator()() const::{lambda(float)#1}, std::array<char*, 2ul>, TrivialOffsetCalculator<1, unsigned int>, TrivialOffsetCalculator<1, unsigned int>, at::native::memory::LoadWithCast<1>, at::native::memory::StoreWithCast<1>)",4,operator_shape_matched,aten::copy_,"[[61,248320],[61,248320],[]]","[""float"",""c10::BFloat16"",""Scalar""]",null,1,48.993
"void at::native::unrolled_elementwise_kernel<at::native::direct_copy_kernel_cuda(at::TensorIteratorBase&)::{lambda()#3}::operator()() const::{lambda()#7}::operator()() const::{lambda(float)#1}, std::array<char*, 2ul>, 4, TrivialOffsetCalculator<1, unsigned int>, TrivialOffsetCalculator<1, unsigned int>, at::native::memory::LoadWithCast<1>, at::native::memory::StoreWithCast<1> >(int, at::native::direct_copy_kernel_cuda(at::TensorIteratorBase&)::{lambda()#3}::operator()() const::{lambda()#7}::operator()() const::{lambda(float)#1}, std::array<char*, 2ul>, TrivialOffsetCalculator<1, unsigned int>, TrivialOffsetCalculator<1, unsigned int>, at::native::memory::LoadWithCast<1>, at::native::memory::StoreWithCast<1>)",5,operator_shape_matched,aten::copy_,"[[60,248320],[60,248320],[]]","[""float"",""c10::BFloat16"",""Scalar""]",null,1,48.384
"void at::native::unrolled_elementwise_kernel<at::native::direct_copy_kernel_cuda(at::TensorIteratorBase&)::{lambda()#3}::operator()() const::{lambda()#7}::operator()() const::{lambda(float)#1}, std::array<char*, 2ul>, 4, TrivialOffsetCalculator<1, unsigned int>, TrivialOffsetCalculator<1, unsigned int>, at::native::memory::LoadWithCast<1>, at::native::memory::StoreWithCast<1> >(int, at::native::direct_copy_kernel_cuda(at::TensorIteratorBase&)::{lambda()#3}::operator()() const::{lambda()#7}::operator()() const::{lambda(float)#1}, std::array<char*, 2ul>, TrivialOffsetCalculator<1, unsigned int>, TrivialOffsetCalculator<1, unsigned int>, at::native::memory::LoadWithCast<1>, at::native::memory::StoreWithCast<1>)",6,operator_shape_matched,aten::copy_,"[[59,248320],[59,248320],[]]","[""float"",""c10::BFloat16"",""Scalar""]",null,1,47.072
"void at::native::unrolled_elementwise_kernel<at::native::direct_copy_kernel_cuda(at::TensorIteratorBase&)::{lambda()#3}::operator()() const::{lambda()#7}::operator()() const::{lambda(float)#1}, std::array<char*, 2ul>, 4, TrivialOffsetCalculator<1, unsigned int>, TrivialOffsetCalculator<1, unsigned int>, at::native::memory::LoadWithCast<1>, at::native::memory::StoreWithCast<1> >(int, at::native::direct_copy_kernel_cuda(at::TensorIteratorBase&)::{lambda()#3}::operator()() const::{lambda()#7}::operator()() const::{lambda(float)#1}, std::array<char*, 2ul>, TrivialOffsetCalculator<1, unsigned int>, TrivialOffsetCalculator<1, unsigned int>, at::native::memory::LoadWithCast<1>, at::native::memory::StoreWithCast<1>)",7,operator_shape_matched,aten::copy_,"[[58,248320],[58,248320],[]]","[""float"",""c10::BFloat16"",""Scalar""]",null,1,46.881
"void at::native::unrolled_elementwise_kernel<at::native::direct_copy_kernel_cuda(at::TensorIteratorBase&)::{lambda()#3}::operator()() const::{lambda()#7}::operator()() const::{lambda(float)#1}, std::array<char*, 2ul>, 4, TrivialOffsetCalculator<1, unsigned int>, TrivialOffsetCalculator<1, unsigned int>, at::native::memory::LoadWithCast<1>, at::native::memory::StoreWithCast<1> >(int, at::native::direct_copy_kernel_cuda(at::TensorIteratorBase&)::{lambda()#3}::operator()() const::{lambda()#7}::operator()() const::{lambda(float)#1}, std::array<char*, 2ul>, TrivialOffsetCalculator<1, unsigned int>, TrivialOffsetCalculator<1, unsigned int>, at::native::memory::LoadWithCast<1>, at::native::memory::StoreWithCast<1>)",8,operator_shape_matched,aten::copy_,"[[57,248320],[57,248320],[]]","[""float"",""c10::BFloat16"",""Scalar""]",null,1,46.017
"void at::native::unrolled_elementwise_kernel<at::native::direct_copy_kernel_cuda(at::TensorIteratorBase&)::{lambda()#3}::operator()() const::{lambda()#7}::operator()() const::{lambda(float)#1}, std::array<char*, 2ul>, 4, TrivialOffsetCalculator<1, unsigned int>, TrivialOffsetCalculator<1, unsigned int>, at::native::memory::LoadWithCast<1>, at::native::memory::StoreWithCast<1> >(int, at::native::direct_copy_kernel_cuda(at::TensorIteratorBase&)::{lambda()#3}::operator()() const::{lambda()#7}::operator()() const::{lambda(float)#1}, std::array<char*, 2ul>, TrivialOffsetCalculator<1, unsigned int>, TrivialOffsetCalculator<1, unsigned int>, at::native::memory::LoadWithCast<1>, at::native::memory::StoreWithCast<1>)",9,operator_shape_matched,aten::copy_,"[[56,248320],[56,248320],[]]","[""float"",""c10::BFloat16"",""Scalar""]",null,1,45.185
"void at::native::unrolled_elementwise_kernel<at::native::direct_copy_kernel_cuda(at::TensorIteratorBase&)::{lambda()#3}::operator()() const::{lambda()#7}::operator()() const::{lambda(float)#1}, std::array<char*, 2ul>, 4, TrivialOffsetCalculator<1, unsigned int>, TrivialOffsetCalculator<1, unsigned int>, at::native::memory::LoadWithCast<1>, at::native::memory::StoreWithCast<1> >(int, at::native::direct_copy_kernel_cuda(at::TensorIteratorBase&)::{lambda()#3}::operator()() const::{lambda()#7}::operator()() const::{lambda(float)#1}, std::array<char*, 2ul>, TrivialOffsetCalculator<1, unsigned int>, TrivialOffsetCalculator<1, unsigned int>, at::native::memory::LoadWithCast<1>, at::native::memory::StoreWithCast<1>)",10,operator_shape_matched,aten::copy_,"[[55,248320],[55,248320],[]]","[""float"",""c10::BFloat16"",""Scalar""]",null,1,44.32
"void at::native::unrolled_elementwise_kernel<at::native::direct_copy_kernel_cuda(at::TensorIteratorBase&)::{lambda()#3}::operator()() const::{lambda()#7}::operator()() const::{lambda(float)#1}, std::array<char*, 2ul>, 4, TrivialOffsetCalculator<1, unsigned int>, TrivialOffsetCalculator<1, unsigned int>, at::native::memory::LoadWithCast<1>, at::native::memory::StoreWithCast<1> >(int, at::native::direct_copy_kernel_cuda(at::TensorIteratorBase&)::{lambda()#3}::operator()() const::{lambda()#7}::operator()() const::{lambda(float)#1}, std::array<char*, 2ul>, TrivialOffsetCalculator<1, unsigned int>, TrivialOffsetCalculator<1, unsigned int>, at::native::memory::LoadWithCast<1>, at::native::memory::StoreWithCast<1>)",11,operator_shape_matched,aten::copy_,"[[54,248320],[54,248320],[]]","[""float"",""c10::BFloat16"",""Scalar""]",null,1,43.554
"void at::native::unrolled_elementwise_kernel<at::native::direct_copy_kernel_cuda(at::TensorIteratorBase&)::{lambda()#3}::operator()() const::{lambda()#7}::operator()() const::{lambda(float)#1}, std::array<char*, 2ul>, 4, TrivialOffsetCalculator<1, unsigned int>, TrivialOffsetCalculator<1, unsigned int>, at::native::memory::LoadWithCast<1>, at::native::memory::StoreWithCast<1> >(int, at::native::direct_copy_kernel_cuda(at::TensorIteratorBase&)::{lambda()#3}::operator()() const::{lambda()#7}::operator()() const::{lambda(float)#1}, std::array<char*, 2ul>, TrivialOffsetCalculator<1, unsigned int>, TrivialOffsetCalculator<1, unsigned int>, at::native::memory::LoadWithCast<1>, at::native::memory::StoreWithCast<1>)",12,operator_shape_matched,aten::copy_,"[[53,248320],[53,248320],[]]","[""float"",""c10::BFloat16"",""Scalar""]",null,1,42.305
"void at::native::unrolled_elementwise_kernel<at::native::direct_copy_kernel_cuda(at::TensorIteratorBase&)::{lambda()#3}::operator()() const::{lambda()#7}::operator()() const::{lambda(float)#1}, std::array<char*, 2ul>, 4, TrivialOffsetCalculator<1, unsigned int>, TrivialOffsetCalculator<1, unsigned int>, at::native::memory::LoadWithCast<1>, at::native::memory::StoreWithCast<1> >(int, at::native::direct_copy_kernel_cuda(at::TensorIteratorBase&)::{lambda()#3}::operator()() const::{lambda()#7}::operator()() const::{lambda(float)#1}, std::array<char*, 2ul>, TrivialOffsetCalculator<1, unsigned int>, TrivialOffsetCalculator<1, unsigned int>, at::native::memory::LoadWithCast<1>, at::native::memory::StoreWithCast<1>)",13,operator_shape_matched,aten::copy_,"[[52,248320],[52,248320],[]]","[""float"",""c10::BFloat16"",""Scalar""]",null,1,41.569
"void at::native::unrolled_elementwise_kernel<at::native::direct_copy_kernel_cuda(at::TensorIteratorBase&)::{lambda()#3}::operator()() const::{lambda()#7}::operator()() const::{lambda(float)#1}, std::array<char*, 2ul>, 4, TrivialOffsetCalculator<1, unsigned int>, TrivialOffsetCalculator<1, unsigned int>, at::native::memory::LoadWithCast<1>, at::native::memory::StoreWithCast<1> >(int, at::native::direct_copy_kernel_cuda(at::TensorIteratorBase&)::{lambda()#3}::operator()() const::{lambda()#7}::operator()() const::{lambda(float)#1}, std::array<char*, 2ul>, TrivialOffsetCalculator<1, unsigned int>, TrivialOffsetCalculator<1, unsigned int>, at::native::memory::LoadWithCast<1>, at::native::memory::StoreWithCast<1>)",14,operator_shape_matched,aten::copy_,"[[50,248320],[50,248320],[]]","[""float"",""c10::BFloat16"",""Scalar""]",null,1,40.865
"void at::native::unrolled_elementwise_kernel<at::native::direct_copy_kernel_cuda(at::TensorIteratorBase&)::{lambda()#3}::operator()() const::{lambda()#7}::operator()() const::{lambda(float)#1}, std::array<char*, 2ul>, 4, TrivialOffsetCalculator<1, unsigned int>, TrivialOffsetCalculator<1, unsigned int>, at::native::memory::LoadWithCast<1>, at::native::memory::StoreWithCast<1> >(int, at::native::direct_copy_kernel_cuda(at::TensorIteratorBase&)::{lambda()#3}::operator()() const::{lambda()#7}::operator()() const::{lambda(float)#1}, std::array<char*, 2ul>, TrivialOffsetCalculator<1, unsigned int>, TrivialOffsetCalculator<1, unsigned int>, at::native::memory::LoadWithCast<1>, at::native::memory::StoreWithCast<1>)",15,operator_shape_matched,aten::copy_,"[[51,248320],[51,248320],[]]","[""float"",""c10::BFloat16"",""Scalar""]",null,1,40.865
"void at::native::unrolled_elementwise_kernel<at::native::direct_copy_kernel_cuda(at::TensorIteratorBase&)::{lambda()#3}::operator()() const::{lambda()#7}::operator()() const::{lambda(float)#1}, std::array<char*, 2ul>, 4, TrivialOffsetCalculator<1, unsigned int>, TrivialOffsetCalculator<1, unsigned int>, at::native::memory::LoadWithCast<1>, at::native::memory::StoreWithCast<1> >(int, at::native::direct_copy_kernel_cuda(at::TensorIteratorBase&)::{lambda()#3}::operator()() const::{lambda()#7}::operator()() const::{lambda(float)#1}, std::array<char*, 2ul>, TrivialOffsetCalculator<1, unsigned int>, TrivialOffsetCalculator<1, unsigned int>, at::native::memory::LoadWithCast<1>, at::native::memory::StoreWithCast<1>)",16,operator_shape_matched,aten::copy_,"[[49,248320],[49,248320],[]]","[""float"",""c10::BFloat16"",""Scalar""]",null,1,39.168
"void at::native::unrolled_elementwise_kernel<at::native::direct_copy_kernel_cuda(at::TensorIteratorBase&)::{lambda()#3}::operator()() const::{lambda()#7}::operator()() const::{lambda(float)#1}, std::array<char*, 2ul>, 4, TrivialOffsetCalculator<1, unsigned int>, TrivialOffsetCalculator<1, unsigned int>, at::native::memory::LoadWithCast<1>, at::native::memory::StoreWithCast<1> >(int, at::native::direct_copy_kernel_cuda(at::TensorIteratorBase&)::{lambda()#3}::operator()() const::{lambda()#7}::operator()() const::{lambda(float)#1}, std::array<char*, 2ul>, TrivialOffsetCalculator<1, unsigned int>, TrivialOffsetCalculator<1, unsigned int>, at::native::memory::LoadWithCast<1>, at::native::memory::StoreWithCast<1>)",17,operator_shape_matched,aten::copy_,"[[48,248320],[48,248320],[]]","[""float"",""c10::BFloat16"",""Scalar""]",null,1,39.009
"void at::native::unrolled_elementwise_kernel<at::native::direct_copy_kernel_cuda(at::TensorIteratorBase&)::{lambda()#3}::operator()() const::{lambda()#7}::operator()() const::{lambda(float)#1}, std::array<char*, 2ul>, 4, TrivialOffsetCalculator<1, unsigned int>, TrivialOffsetCalculator<1, unsigned int>, at::native::memory::LoadWithCast<1>, at::native::memory::StoreWithCast<1> >(int, at::native::direct_copy_kernel_cuda(at::TensorIteratorBase&)::{lambda()#3}::operator()() const::{lambda()#7}::operator()() const::{lambda(float)#1}, std::array<char*, 2ul>, TrivialOffsetCalculator<1, unsigned int>, TrivialOffsetCalculator<1, unsigned int>, at::native::memory::LoadWithCast<1>, at::native::memory::StoreWithCast<1>)",18,operator_shape_matched,aten::copy_,"[[47,248320],[47,248320],[]]","[""float"",""c10::BFloat16"",""Scalar""]",null,1,38.305
"void at::native::unrolled_elementwise_kernel<at::native::direct_copy_kernel_cuda(at::TensorIteratorBase&)::{lambda()#3}::operator()() const::{lambda()#7}::operator()() const::{lambda(float)#1}, std::array<char*, 2ul>, 4, TrivialOffsetCalculator<1, unsigned int>, TrivialOffsetCalculator<1, unsigned int>, at::native::memory::LoadWithCast<1>, at::native::memory::StoreWithCast<1> >(int, at::native::direct_copy_kernel_cuda(at::TensorIteratorBase&)::{lambda()#3}::operator()() const::{lambda()#7}::operator()() const::{lambda(float)#1}, std::array<char*, 2ul>, TrivialOffsetCalculator<1, unsigned int>, TrivialOffsetCalculator<1, unsigned int>, at::native::memory::LoadWithCast<1>, at::native::memory::StoreWithCast<1>)",19,operator_shape_matched,aten::copy_,"[[46,248320],[46,248320],[]]","[""float"",""c10::BFloat16"",""Scalar""]",null,1,37.793
"void at::native::unrolled_elementwise_kernel<at::native::direct_copy_kernel_cuda(at::TensorIteratorBase&)::{lambda()#3}::operator()() const::{lambda()#7}::operator()() const::{lambda(float)#1}, std::array<char*, 2ul>, 4, TrivialOffsetCalculator<1, unsigned int>, TrivialOffsetCalculator<1, unsigned int>, at::native::memory::LoadWithCast<1>, at::native::memory::StoreWithCast<1> >(int, at::native::direct_copy_kernel_cuda(at::TensorIteratorBase&)::{lambda()#3}::operator()() const::{lambda()#7}::operator()() const::{lambda(float)#1}, std::array<char*, 2ul>, TrivialOffsetCalculator<1, unsigned int>, TrivialOffsetCalculator<1, unsigned int>, at::native::memory::LoadWithCast<1>, at::native::memory::StoreWithCast<1>)",20,operator_shape_matched,aten::copy_,"[[45,248320],[45,248320],[]]","[""float"",""c10::BFloat16"",""Scalar""]",null,1,36.896
"void at::native::unrolled_elementwise_kernel<at::native::direct_copy_kernel_cuda(at::TensorIteratorBase&)::{lambda()#3}::operator()() const::{lambda()#7}::operator()() const::{lambda(float)#1}, std::array<char*, 2ul>, 4, TrivialOffsetCalculator<1, unsigned int>, TrivialOffsetCalculator<1, unsigned int>, at::native::memory::LoadWithCast<1>, at::native::memory::StoreWithCast<1> >(int, at::native::direct_copy_kernel_cuda(at::TensorIteratorBase&)::{lambda()#3}::operator()() const::{lambda()#7}::operator()() const::{lambda(float)#1}, std::array<char*, 2ul>, TrivialOffsetCalculator<1, unsigned int>, TrivialOffsetCalculator<1, unsigned int>, at::native::memory::LoadWithCast<1>, at::native::memory::StoreWithCast<1>)",21,operator_shape_matched,aten::copy_,"[[44,248320],[44,248320],[]]","[""float"",""c10::BFloat16"",""Scalar""]",null,1,35.489
"void at::native::unrolled_elementwise_kernel<at::native::direct_copy_kernel_cuda(at::TensorIteratorBase&)::{lambda()#3}::operator()() const::{lambda()#7}::operator()() const::{lambda(float)#1}, std::array<char*, 2ul>, 4, TrivialOffsetCalculator<1, unsigned int>, TrivialOffsetCalculator<1, unsigned int>, at::native::memory::LoadWithCast<1>, at::native::memory::StoreWithCast<1> >(int, at::native::direct_copy_kernel_cuda(at::TensorIteratorBase&)::{lambda()#3}::operator()() const::{lambda()#7}::operator()() const::{lambda(float)#1}, std::array<char*, 2ul>, TrivialOffsetCalculator<1, unsigned int>, TrivialOffsetCalculator<1, unsigned int>, at::native::memory::LoadWithCast<1>, at::native::memory::StoreWithCast<1>)",22,operator_shape_matched,aten::copy_,"[[43,248320],[43,248320],[]]","[""float"",""c10::BFloat16"",""Scalar""]",null,1,34.4
"void at::native::unrolled_elementwise_kernel<at::native::direct_copy_kernel_cuda(at::TensorIteratorBase&)::{lambda()#3}::operator()() const::{lambda()#7}::operator()() const::{lambda(float)#1}, std::array<char*, 2ul>, 4, TrivialOffsetCalculator<1, unsigned int>, TrivialOffsetCalculator<1, unsigned int>, at::native::memory::LoadWithCast<1>, at::native::memory::StoreWithCast<1> >(int, at::native::direct_copy_kernel_cuda(at::TensorIteratorBase&)::{lambda()#3}::operator()() const::{lambda()#7}::operator()() const::{lambda(float)#1}, std::array<char*, 2ul>, TrivialOffsetCalculator<1, unsigned int>, TrivialOffsetCalculator<1, unsigned int>, at::native::memory::LoadWithCast<1>, at::native::memory::StoreWithCast<1>)",23,operator_shape_matched,aten::copy_,"[[42,248320],[42,248320],[]]","[""float"",""c10::BFloat16"",""Scalar""]",null,1,34.305
"void at::native::unrolled_elementwise_kernel<at::native::direct_copy_kernel_cuda(at::TensorIteratorBase&)::{lambda()#3}::operator()() const::{lambda()#7}::operator()() const::{lambda(float)#1}, std::array<char*, 2ul>, 4, TrivialOffsetCalculator<1, unsigned int>, TrivialOffsetCalculator<1, unsigned int>, at::native::memory::LoadWithCast<1>, at::native::memory::StoreWithCast<1> >(int, at::native::direct_copy_kernel_cuda(at::TensorIteratorBase&)::{lambda()#3}::operator()() const::{lambda()#7}::operator()() const::{lambda(float)#1}, std::array<char*, 2ul>, TrivialOffsetCalculator<1, unsigned int>, TrivialOffsetCalculator<1, unsigned int>, at::native::memory::LoadWithCast<1>, at::native::memory::StoreWithCast<1>)",24,operator_shape_matched,aten::copy_,"[[40,248320],[40,248320],[]]","[""float"",""c10::BFloat16"",""Scalar""]",null,1,32.257
"void at::native::unrolled_elementwise_kernel<at::native::direct_copy_kernel_cuda(at::TensorIteratorBase&)::{lambda()#3}::operator()() const::{lambda()#7}::operator()() const::{lambda(float)#1}, std::array<char*, 2ul>, 4, TrivialOffsetCalculator<1, unsigned int>, TrivialOffsetCalculator<1, unsigned int>, at::native::memory::LoadWithCast<1>, at::native::memory::StoreWithCast<1> >(int, at::native::direct_copy_kernel_cuda(at::TensorIteratorBase&)::{lambda()#3}::operator()() const::{lambda()#7}::operator()() const::{lambda(float)#1}, std::array<char*, 2ul>, TrivialOffsetCalculator<1, unsigned int>, TrivialOffsetCalculator<1, unsigned int>, at::native::memory::LoadWithCast<1>, at::native::memory::StoreWithCast<1>)",25,operator_shape_matched,aten::copy_,"[[41,248320],[41,248320],[]]","[""float"",""c10::BFloat16"",""Scalar""]",null,1,32.161
"void at::native::unrolled_elementwise_kernel<at::native::direct_copy_kernel_cuda(at::TensorIteratorBase&)::{lambda()#3}::operator()() const::{lambda()#7}::operator()() const::{lambda(float)#1}, std::array<char*, 2ul>, 4, TrivialOffsetCalculator<1, unsigned int>, TrivialOffsetCalculator<1, unsigned int>, at::native::memory::LoadWithCast<1>, at::native::memory::StoreWithCast<1> >(int, at::native::direct_copy_kernel_cuda(at::TensorIteratorBase&)::{lambda()#3}::operator()() const::{lambda()#7}::operator()() const::{lambda(float)#1}, std::array<char*, 2ul>, TrivialOffsetCalculator<1, unsigned int>, TrivialOffsetCalculator<1, unsigned int>, at::native::memory::LoadWithCast<1>, at::native::memory::StoreWithCast<1>)",26,operator_shape_matched,aten::copy_,"[[39,248320],[39,248320],[]]","[""float"",""c10::BFloat16"",""Scalar""]",null,1,30.081
"void at::native::unrolled_elementwise_kernel<at::native::direct_copy_kernel_cuda(at::TensorIteratorBase&)::{lambda()#3}::operator()() const::{lambda()#7}::operator()() const::{lambda(float)#1}, std::array<char*, 2ul>, 4, TrivialOffsetCalculator<1, unsigned int>, TrivialOffsetCalculator<1, unsigned int>, at::native::memory::LoadWithCast<1>, at::native::memory::StoreWithCast<1> >(int, at::native::direct_copy_kernel_cuda(at::TensorIteratorBase&)::{lambda()#3}::operator()() const::{lambda()#7}::operator()() const::{lambda(float)#1}, std::array<char*, 2ul>, TrivialOffsetCalculator<1, unsigned int>, TrivialOffsetCalculator<1, unsigned int>, at::native::memory::LoadWithCast<1>, at::native::memory::StoreWithCast<1>)",27,operator_shape_matched,aten::copy_,"[[38,248320],[38,248320],[]]","[""float"",""c10::BFloat16"",""Scalar""]",null,1,29.537
"void at::native::unrolled_elementwise_kernel<at::native::direct_copy_kernel_cuda(at::TensorIteratorBase&)::{lambda()#3}::operator()() const::{lambda()#7}::operator()() const::{lambda(float)#1}, std::array<char*, 2ul>, 4, TrivialOffsetCalculator<1, unsigned int>, TrivialOffsetCalculator<1, unsigned int>, at::native::memory::LoadWithCast<1>, at::native::memory::StoreWithCast<1> >(int, at::native::direct_copy_kernel_cuda(at::TensorIteratorBase&)::{lambda()#3}::operator()() const::{lambda()#7}::operator()() const::{lambda(float)#1}, std::array<char*, 2ul>, TrivialOffsetCalculator<1, unsigned int>, TrivialOffsetCalculator<1, unsigned int>, at::native::memory::LoadWithCast<1>, at::native::memory::StoreWithCast<1>)",28,operator_shape_matched,aten::copy_,"[[37,248320],[37,248320],[]]","[""float"",""c10::BFloat16"",""Scalar""]",null,1,28.352
"void at::native::unrolled_elementwise_kernel<at::native::direct_copy_kernel_cuda(at::TensorIteratorBase&)::{lambda()#3}::operator()() const::{lambda()#7}::operator()() const::{lambda(float)#1}, std::array<char*, 2ul>, 4, TrivialOffsetCalculator<1, unsigned int>, TrivialOffsetCalculator<1, unsigned int>, at::native::memory::LoadWithCast<1>, at::native::memory::StoreWithCast<1> >(int, at::native::direct_copy_kernel_cuda(at::TensorIteratorBase&)::{lambda()#3}::operator()() const::{lambda()#7}::operator()() const::{lambda(float)#1}, std::array<char*, 2ul>, TrivialOffsetCalculator<1, unsigned int>, TrivialOffsetCalculator<1, unsigned int>, at::native::memory::LoadWithCast<1>, at::native::memory::StoreWithCast<1>)",29,operator_shape_matched,aten::copy_,"[[36,248320],[36,248320],[]]","[""float"",""c10::BFloat16"",""Scalar""]",null,1,27.809
"void at::native::unrolled_elementwise_kernel<at::native::direct_copy_kernel_cuda(at::TensorIteratorBase&)::{lambda()#3}::operator()() const::{lambda()#7}::operator()() const::{lambda(float)#1}, std::array<char*, 2ul>, 4, TrivialOffsetCalculator<1, unsigned int>, TrivialOffsetCalculator<1, unsigned int>, at::native::memory::LoadWithCast<1>, at::native::memory::StoreWithCast<1> >(int, at::native::direct_copy_kernel_cuda(at::TensorIteratorBase&)::{lambda()#3}::operator()() const::{lambda()#7}::operator()() const::{lambda(float)#1}, std::array<char*, 2ul>, TrivialOffsetCalculator<1, unsigned int>, TrivialOffsetCalculator<1, unsigned int>, at::native::memory::LoadWithCast<1>, at::native::memory::StoreWithCast<1>)",30,operator_shape_matched,aten::copy_,"[[35,248320],[35,248320],[]]","[""float"",""c10::BFloat16"",""Scalar""]",null,1,26.368
"void at::native::unrolled_elementwise_kernel<at::native::direct_copy_kernel_cuda(at::TensorIteratorBase&)::{lambda()#3}::operator()() const::{lambda()#7}::operator()() const::{lambda(float)#1}, std::array<char*, 2ul>, 4, TrivialOffsetCalculator<1, unsigned int>, TrivialOffsetCalculator<1, unsigned int>, at::native::memory::LoadWithCast<1>, at::native::memory::StoreWithCast<1> >(int, at::native::direct_copy_kernel_cuda(at::TensorIteratorBase&)::{lambda()#3}::operator()() const::{lambda()#7}::operator()() const::{lambda(float)#1}, std::array<char*, 2ul>, TrivialOffsetCalculator<1, unsigned int>, TrivialOffsetCalculator<1, unsigned int>, at::native::memory::LoadWithCast<1>, at::native::memory::StoreWithCast<1>)",31,operator_shape_matched,aten::copy_,"[[34,248320],[34,248320],[]]","[""float"",""c10::BFloat16"",""Scalar""]",null,1,25.824
"void at::native::unrolled_elementwise_kernel<at::native::direct_copy_kernel_cuda(at::TensorIteratorBase&)::{lambda()#3}::operator()() const::{lambda()#7}::operator()() const::{lambda(float)#1}, std::array<char*, 2ul>, 4, TrivialOffsetCalculator<1, unsigned int>, TrivialOffsetCalculator<1, unsigned int>, at::native::memory::LoadWithCast<1>, at::native::memory::StoreWithCast<1> >(int, at::native::direct_copy_kernel_cuda(at::TensorIteratorBase&)::{lambda()#3}::operator()() const::{lambda()#7}::operator()() const::{lambda(float)#1}, std::array<char*, 2ul>, TrivialOffsetCalculator<1, unsigned int>, TrivialOffsetCalculator<1, unsigned int>, at::native::memory::LoadWithCast<1>, at::native::memory::StoreWithCast<1>)",32,operator_shape_matched,aten::copy_,"[[33,248320],[33,248320],[]]","[""float"",""c10::BFloat16"",""Scalar""]",null,1,23.873
"void at::native::unrolled_elementwise_kernel<at::native::direct_copy_kernel_cuda(at::TensorIteratorBase&)::{lambda()#3}::operator()() const::{lambda()#7}::operator()() const::{lambda(float)#1}, std::array<char*, 2ul>, 4, TrivialOffsetCalculator<1, unsigned int>, TrivialOffsetCalculator<1, unsigned int>, at::native::memory::LoadWithCast<1>, at::native::memory::StoreWithCast<1> >(int, at::native::direct_copy_kernel_cuda(at::TensorIteratorBase&)::{lambda()#3}::operator()() const::{lambda()#7}::operator()() const::{lambda(float)#1}, std::array<char*, 2ul>, TrivialOffsetCalculator<1, unsigned int>, TrivialOffsetCalculator<1, unsigned int>, at::native::memory::LoadWithCast<1>, at::native::memory::StoreWithCast<1>)",33,operator_shape_matched,aten::copy_,"[[32,248320],[32,248320],[]]","[""float"",""c10::BFloat16"",""Scalar""]",null,1,22.721
"void at::native::unrolled_elementwise_kernel<at::native::direct_copy_kernel_cuda(at::TensorIteratorBase&)::{lambda()#3}::operator()() const::{lambda()#7}::operator()() const::{lambda(float)#1}, std::array<char*, 2ul>, 4, TrivialOffsetCalculator<1, unsigned int>, TrivialOffsetCalculator<1, unsigned int>, at::native::memory::LoadWithCast<1>, at::native::memory::StoreWithCast<1> >(int, at::native::direct_copy_kernel_cuda(at::TensorIteratorBase&)::{lambda()#3}::operator()() const::{lambda()#7}::operator()() const::{lambda(float)#1}, std::array<char*, 2ul>, TrivialOffsetCalculator<1, unsigned int>, TrivialOffsetCalculator<1, unsigned int>, at::native::memory::LoadWithCast<1>, at::native::memory::StoreWithCast<1>)",34,operator_shape_matched,aten::copy_,"[[31,248320],[31,248320],[]]","[""float"",""c10::BFloat16"",""Scalar""]",null,1,21.344
"void at::native::unrolled_elementwise_kernel<at::native::direct_copy_kernel_cuda(at::TensorIteratorBase&)::{lambda()#3}::operator()() const::{lambda()#7}::operator()() const::{lambda(float)#1}, std::array<char*, 2ul>, 4, TrivialOffsetCalculator<1, unsigned int>, TrivialOffsetCalculator<1, unsigned int>, at::native::memory::LoadWithCast<1>, at::native::memory::StoreWithCast<1> >(int, at::native::direct_copy_kernel_cuda(at::TensorIteratorBase&)::{lambda()#3}::operator()() const::{lambda()#7}::operator()() const::{lambda(float)#1}, std::array<char*, 2ul>, TrivialOffsetCalculator<1, unsigned int>, TrivialOffsetCalculator<1, unsigned int>, at::native::memory::LoadWithCast<1>, at::native::memory::StoreWithCast<1>)",35,operator_shape_matched,aten::copy_,"[[30,248320],[30,248320],[]]","[""float"",""c10::BFloat16"",""Scalar""]",null,1,20.577
"void at::native::unrolled_elementwise_kernel<at::native::direct_copy_kernel_cuda(at::TensorIteratorBase&)::{lambda()#3}::operator()() const::{lambda()#7}::operator()() const::{lambda(float)#1}, std::array<char*, 2ul>, 4, TrivialOffsetCalculator<1, unsigned int>, TrivialOffsetCalculator<1, unsigned int>, at::native::memory::LoadWithCast<1>, at::native::memory::StoreWithCast<1> >(int, at::native::direct_copy_kernel_cuda(at::TensorIteratorBase&)::{lambda()#3}::operator()() const::{lambda()#7}::operator()() const::{lambda(float)#1}, std::array<char*, 2ul>, TrivialOffsetCalculator<1, unsigned int>, TrivialOffsetCalculator<1, unsigned int>, at::native::memory::LoadWithCast<1>, at::native::memory::StoreWithCast<1>)",36,operator_shape_matched,aten::copy_,"[[29,248320],[29,248320],[]]","[""float"",""c10::BFloat16"",""Scalar""]",null,1,19.584
"void at::native::unrolled_elementwise_kernel<at::native::direct_copy_kernel_cuda(at::TensorIteratorBase&)::{lambda()#3}::operator()() const::{lambda()#7}::operator()() const::{lambda(float)#1}, std::array<char*, 2ul>, 4, TrivialOffsetCalculator<1, unsigned int>, TrivialOffsetCalculator<1, unsigned int>, at::native::memory::LoadWithCast<1>, at::native::memory::StoreWithCast<1> >(int, at::native::direct_copy_kernel_cuda(at::TensorIteratorBase&)::{lambda()#3}::operator()() const::{lambda()#7}::operator()() const::{lambda(float)#1}, std::array<char*, 2ul>, TrivialOffsetCalculator<1, unsigned int>, TrivialOffsetCalculator<1, unsigned int>, at::native::memory::LoadWithCast<1>, at::native::memory::StoreWithCast<1>)",37,operator_shape_matched,aten::copy_,"[[28,248320],[28,248320],[]]","[""float"",""c10::BFloat16"",""Scalar""]",null,1,18.369
"void at::native::unrolled_elementwise_kernel<at::native::direct_copy_kernel_cuda(at::TensorIteratorBase&)::{lambda()#3}::operator()() const::{lambda()#7}::operator()() const::{lambda(float)#1}, std::array<char*, 2ul>, 4, TrivialOffsetCalculator<1, unsigned int>, TrivialOffsetCalculator<1, unsigned int>, at::native::memory::LoadWithCast<1>, at::native::memory::StoreWithCast<1> >(int, at::native::direct_copy_kernel_cuda(at::TensorIteratorBase&)::{lambda()#3}::operator()() const::{lambda()#7}::operator()() const::{lambda(float)#1}, std::array<char*, 2ul>, TrivialOffsetCalculator<1, unsigned int>, TrivialOffsetCalculator<1, unsigned int>, at::native::memory::LoadWithCast<1>, at::native::memory::StoreWithCast<1>)",38,operator_shape_matched,aten::copy_,"[[27,248320],[27,248320],[]]","[""float"",""c10::BFloat16"",""Scalar""]",null,1,17.152
"void at::native::unrolled_elementwise_kernel<at::native::direct_copy_kernel_cuda(at::TensorIteratorBase&)::{lambda()#3}::operator()() const::{lambda()#7}::operator()() const::{lambda(float)#1}, std::array<char*, 2ul>, 4, TrivialOffsetCalculator<1, unsigned int>, TrivialOffsetCalculator<1, unsigned int>, at::native::memory::LoadWithCast<1>, at::native::memory::StoreWithCast<1> >(int, at::native::direct_copy_kernel_cuda(at::TensorIteratorBase&)::{lambda()#3}::operator()() const::{lambda()#7}::operator()() const::{lambda(float)#1}, std::array<char*, 2ul>, TrivialOffsetCalculator<1, unsigned int>, TrivialOffsetCalculator<1, unsigned int>, at::native::memory::LoadWithCast<1>, at::native::memory::StoreWithCast<1>)",39,operator_shape_matched,aten::copy_,"[[26,248320],[26,248320],[]]","[""float"",""c10::BFloat16"",""Scalar""]",null,1,16.385
"void at::native::unrolled_elementwise_kernel<at::native::direct_copy_kernel_cuda(at::TensorIteratorBase&)::{lambda()#3}::operator()() const::{lambda()#7}::operator()() const::{lambda(float)#1}, std::array<char*, 2ul>, 4, TrivialOffsetCalculator<1, unsigned int>, TrivialOffsetCalculator<1, unsigned int>, at::native::memory::LoadWithCast<1>, at::native::memory::StoreWithCast<1> >(int, at::native::direct_copy_kernel_cuda(at::TensorIteratorBase&)::{lambda()#3}::operator()() const::{lambda()#7}::operator()() const::{lambda(float)#1}, std::array<char*, 2ul>, TrivialOffsetCalculator<1, unsigned int>, TrivialOffsetCalculator<1, unsigned int>, at::native::memory::LoadWithCast<1>, at::native::memory::StoreWithCast<1>)",40,operator_shape_matched,aten::copy_,"[[25,248320],[25,248320],[]]","[""float"",""c10::BFloat16"",""Scalar""]",null,1,16.225
"void at::native::unrolled_elementwise_kernel<at::native::direct_copy_kernel_cuda(at::TensorIteratorBase&)::{lambda()#3}::operator()() const::{lambda()#7}::operator()() const::{lambda(float)#1}, std::array<char*, 2ul>, 4, TrivialOffsetCalculator<1, unsigned int>, TrivialOffsetCalculator<1, unsigned int>, at::native::memory::LoadWithCast<1>, at::native::memory::StoreWithCast<1> >(int, at::native::direct_copy_kernel_cuda(at::TensorIteratorBase&)::{lambda()#3}::operator()() const::{lambda()#7}::operator()() const::{lambda(float)#1}, std::array<char*, 2ul>, TrivialOffsetCalculator<1, unsigned int>, TrivialOffsetCalculator<1, unsigned int>, at::native::memory::LoadWithCast<1>, at::native::memory::StoreWithCast<1>)",41,operator_shape_matched,aten::copy_,"[[24,248320],[24,248320],[]]","[""float"",""c10::BFloat16"",""Scalar""]",null,1,15.425
"void at::native::unrolled_elementwise_kernel<at::native::direct_copy_kernel_cuda(at::TensorIteratorBase&)::{lambda()#3}::operator()() const::{lambda()#7}::operator()() const::{lambda(float)#1}, std::array<char*, 2ul>, 4, TrivialOffsetCalculator<1, unsigned int>, TrivialOffsetCalculator<1, unsigned int>, at::native::memory::LoadWithCast<1>, at::native::memory::StoreWithCast<1> >(int, at::native::direct_copy_kernel_cuda(at::TensorIteratorBase&)::{lambda()#3}::operator()() const::{lambda()#7}::operator()() const::{lambda(float)#1}, std::array<char*, 2ul>, TrivialOffsetCalculator<1, unsigned int>, TrivialOffsetCalculator<1, unsigned int>, at::native::memory::LoadWithCast<1>, at::native::memory::StoreWithCast<1>)",42,operator_shape_matched,aten::copy_,"[[23,248320],[23,248320],[]]","[""float"",""c10::BFloat16"",""Scalar""]",null,1,14.849
"void at::native::unrolled_elementwise_kernel<at::native::direct_copy_kernel_cuda(at::TensorIteratorBase&)::{lambda()#3}::operator()() const::{lambda()#7}::operator()() const::{lambda(float)#1}, std::array<char*, 2ul>, 4, TrivialOffsetCalculator<1, unsigned int>, TrivialOffsetCalculator<1, unsigned int>, at::native::memory::LoadWithCast<1>, at::native::memory::StoreWithCast<1> >(int, at::native::direct_copy_kernel_cuda(at::TensorIteratorBase&)::{lambda()#3}::operator()() const::{lambda()#7}::operator()() const::{lambda(float)#1}, std::array<char*, 2ul>, TrivialOffsetCalculator<1, unsigned int>, TrivialOffsetCalculator<1, unsigned int>, at::native::memory::LoadWithCast<1>, at::native::memory::StoreWithCast<1>)",43,operator_shape_matched,aten::copy_,"[[22,248320],[22,248320],[]]","[""float"",""c10::BFloat16"",""Scalar""]",null,1,13.984
"void at::native::unrolled_elementwise_kernel<at::native::direct_copy_kernel_cuda(at::TensorIteratorBase&)::{lambda()#3}::operator()() const::{lambda()#7}::operator()() const::{lambda(float)#1}, std::array<char*, 2ul>, 4, TrivialOffsetCalculator<1, unsigned int>, TrivialOffsetCalculator<1, unsigned int>, at::native::memory::LoadWithCast<1>, at::native::memory::StoreWithCast<1> >(int, at::native::direct_copy_kernel_cuda(at::TensorIteratorBase&)::{lambda()#3}::operator()() const::{lambda()#7}::operator()() const::{lambda(float)#1}, std::array<char*, 2ul>, TrivialOffsetCalculator<1, unsigned int>, TrivialOffsetCalculator<1, unsigned int>, at::native::memory::LoadWithCast<1>, at::native::memory::StoreWithCast<1>)",44,operator_shape_matched,aten::copy_,"[[21,248320],[21,248320],[]]","[""float"",""c10::BFloat16"",""Scalar""]",null,1,13.44
"void at::native::unrolled_elementwise_kernel<at::native::direct_copy_kernel_cuda(at::TensorIteratorBase&)::{lambda()#3}::operator()() const::{lambda()#7}::operator()() const::{lambda(float)#1}, std::array<char*, 2ul>, 4, TrivialOffsetCalculator<1, unsigned int>, TrivialOffsetCalculator<1, unsigned int>, at::native::memory::LoadWithCast<1>, at::native::memory::StoreWithCast<1> >(int, at::native::direct_copy_kernel_cuda(at::TensorIteratorBase&)::{lambda()#3}::operator()() const::{lambda()#7}::operator()() const::{lambda(float)#1}, std::array<char*, 2ul>, TrivialOffsetCalculator<1, unsigned int>, TrivialOffsetCalculator<1, unsigned int>, at::native::memory::LoadWithCast<1>, at::native::memory::StoreWithCast<1>)",45,operator_shape_matched,aten::copy_,"[[20,248320],[20,248320],[]]","[""float"",""c10::BFloat16"",""Scalar""]",null,1,12.672
"void at::native::unrolled_elementwise_kernel<at::native::direct_copy_kernel_cuda(at::TensorIteratorBase&)::{lambda()#3}::operator()() const::{lambda()#7}::operator()() const::{lambda(float)#1}, std::array<char*, 2ul>, 4, TrivialOffsetCalculator<1, unsigned int>, TrivialOffsetCalculator<1, unsigned int>, at::native::memory::LoadWithCast<1>, at::native::memory::StoreWithCast<1> >(int, at::native::direct_copy_kernel_cuda(at::TensorIteratorBase&)::{lambda()#3}::operator()() const::{lambda()#7}::operator()() const::{lambda(float)#1}, std::array<char*, 2ul>, TrivialOffsetCalculator<1, unsigned int>, TrivialOffsetCalculator<1, unsigned int>, at::native::memory::LoadWithCast<1>, at::native::memory::StoreWithCast<1>)",46,operator_shape_matched,aten::copy_,"[[19,248320],[19,248320],[]]","[""float"",""c10::BFloat16"",""Scalar""]",null,1,12.321
"void at::native::unrolled_elementwise_kernel<at::native::direct_copy_kernel_cuda(at::TensorIteratorBase&)::{lambda()#3}::operator()() const::{lambda()#7}::operator()() const::{lambda(float)#1}, std::array<char*, 2ul>, 4, TrivialOffsetCalculator<1, unsigned int>, TrivialOffsetCalculator<1, unsigned int>, at::native::memory::LoadWithCast<1>, at::native::memory::StoreWithCast<1> >(int, at::native::direct_copy_kernel_cuda(at::TensorIteratorBase&)::{lambda()#3}::operator()() const::{lambda()#7}::operator()() const::{lambda(float)#1}, std::array<char*, 2ul>, TrivialOffsetCalculator<1, unsigned int>, TrivialOffsetCalculator<1, unsigned int>, at::native::memory::LoadWithCast<1>, at::native::memory::StoreWithCast<1>)",47,operator_shape_matched,aten::copy_,"[[18,248320],[18,248320],[]]","[""float"",""c10::BFloat16"",""Scalar""]",null,1,11.521
"void at::native::unrolled_elementwise_kernel<at::native::direct_copy_kernel_cuda(at::TensorIteratorBase&)::{lambda()#3}::operator()() const::{lambda()#7}::operator()() const::{lambda(float)#1}, std::array<char*, 2ul>, 4, TrivialOffsetCalculator<1, unsigned int>, TrivialOffsetCalculator<1, unsigned int>, at::native::memory::LoadWithCast<1>, at::native::memory::StoreWithCast<1> >(int, at::native::direct_copy_kernel_cuda(at::TensorIteratorBase&)::{lambda()#3}::operator()() const::{lambda()#7}::operator()() const::{lambda(float)#1}, std::array<char*, 2ul>, TrivialOffsetCalculator<1, unsigned int>, TrivialOffsetCalculator<1, unsigned int>, at::native::memory::LoadWithCast<1>, at::native::memory::StoreWithCast<1>)",48,operator_shape_matched,aten::copy_,"[[17,248320],[17,248320],[]]","[""float"",""c10::BFloat16"",""Scalar""]",null,1,10.625
"void at::native::unrolled_elementwise_kernel<at::native::direct_copy_kernel_cuda(at::TensorIteratorBase&)::{lambda()#3}::operator()() const::{lambda()#7}::operator()() const::{lambda(float)#1}, std::array<char*, 2ul>, 4, TrivialOffsetCalculator<1, unsigned int>, TrivialOffsetCalculator<1, unsigned int>, at::native::memory::LoadWithCast<1>, at::native::memory::StoreWithCast<1> >(int, at::native::direct_copy_kernel_cuda(at::TensorIteratorBase&)::{lambda()#3}::operator()() const::{lambda()#7}::operator()() const::{lambda(float)#1}, std::array<char*, 2ul>, TrivialOffsetCalculator<1, unsigned int>, TrivialOffsetCalculator<1, unsigned int>, at::native::memory::LoadWithCast<1>, at::native::memory::StoreWithCast<1>)",49,operator_shape_matched,aten::copy_,"[[16,248320],[16,248320],[]]","[""float"",""c10::BFloat16"",""Scalar""]",null,1,10.016
"void at::native::unrolled_elementwise_kernel<at::native::direct_copy_kernel_cuda(at::TensorIteratorBase&)::{lambda()#3}::operator()() const::{lambda()#7}::operator()() const::{lambda(float)#1}, std::array<char*, 2ul>, 4, TrivialOffsetCalculator<1, unsigned int>, TrivialOffsetCalculator<1, unsigned int>, at::native::memory::LoadWithCast<1>, at::native::memory::StoreWithCast<1> >(int, at::native::direct_copy_kernel_cuda(at::TensorIteratorBase&)::{lambda()#3}::operator()() const::{lambda()#7}::operator()() const::{lambda(float)#1}, std::array<char*, 2ul>, TrivialOffsetCalculator<1, unsigned int>, TrivialOffsetCalculator<1, unsigned int>, at::native::memory::LoadWithCast<1>, at::native::memory::StoreWithCast<1>)",50,operator_shape_matched,aten::copy_,"[[15,248320],[15,248320],[]]","[""float"",""c10::BFloat16"",""Scalar""]",null,1,9.6
"void at::native::unrolled_elementwise_kernel<at::native::direct_copy_kernel_cuda(at::TensorIteratorBase&)::{lambda()#3}::operator()() const::{lambda()#7}::operator()() const::{lambda(float)#1}, std::array<char*, 2ul>, 4, TrivialOffsetCalculator<1, unsigned int>, TrivialOffsetCalculator<1, unsigned int>, at::native::memory::LoadWithCast<1>, at::native::memory::StoreWithCast<1> >(int, at::native::direct_copy_kernel_cuda(at::TensorIteratorBase&)::{lambda()#3}::operator()() const::{lambda()#7}::operator()() const::{lambda(float)#1}, std::array<char*, 2ul>, TrivialOffsetCalculator<1, unsigned int>, TrivialOffsetCalculator<1, unsigned int>, at::native::memory::LoadWithCast<1>, at::native::memory::StoreWithCast<1>)",51,operator_shape_matched,aten::copy_,"[[14,248320],[14,248320],[]]","[""float"",""c10::BFloat16"",""Scalar""]",null,1,9.312
"void at::native::unrolled_elementwise_kernel<at::native::direct_copy_kernel_cuda(at::TensorIteratorBase&)::{lambda()#3}::operator()() const::{lambda()#7}::operator()() const::{lambda(float)#1}, std::array<char*, 2ul>, 4, TrivialOffsetCalculator<1, unsigned int>, TrivialOffsetCalculator<1, unsigned int>, at::native::memory::LoadWithCast<1>, at::native::memory::StoreWithCast<1> >(int, at::native::direct_copy_kernel_cuda(at::TensorIteratorBase&)::{lambda()#3}::operator()() const::{lambda()#7}::operator()() const::{lambda(float)#1}, std::array<char*, 2ul>, TrivialOffsetCalculator<1, unsigned int>, TrivialOffsetCalculator<1, unsigned int>, at::native::memory::LoadWithCast<1>, at::native::memory::StoreWithCast<1>)",52,operator_shape_matched,aten::copy_,"[[13,248320],[13,248320],[]]","[""float"",""c10::BFloat16"",""Scalar""]",null,1,8.896
"void at::native::unrolled_elementwise_kernel<at::native::direct_copy_kernel_cuda(at::TensorIteratorBase&)::{lambda()#3}::operator()() const::{lambda()#7}::operator()() const::{lambda(float)#1}, std::array<char*, 2ul>, 4, TrivialOffsetCalculator<1, unsigned int>, TrivialOffsetCalculator<1, unsigned int>, at::native::memory::LoadWithCast<1>, at::native::memory::StoreWithCast<1> >(int, at::native::direct_copy_kernel_cuda(at::TensorIteratorBase&)::{lambda()#3}::operator()() const::{lambda()#7}::operator()() const::{lambda(float)#1}, std::array<char*, 2ul>, TrivialOffsetCalculator<1, unsigned int>, TrivialOffsetCalculator<1, unsigned int>, at::native::memory::LoadWithCast<1>, at::native::memory::StoreWithCast<1>)",53,operator_shape_matched,aten::copy_,"[[12,248320],[12,248320],[]]","[""float"",""c10::BFloat16"",""Scalar""]",null,1,8.096
"void at::native::unrolled_elementwise_kernel<at::native::direct_copy_kernel_cuda(at::TensorIteratorBase&)::{lambda()#3}::operator()() const::{lambda()#7}::operator()() const::{lambda(float)#1}, std::array<char*, 2ul>, 4, TrivialOffsetCalculator<1, unsigned int>, TrivialOffsetCalculator<1, unsigned int>, at::native::memory::LoadWithCast<1>, at::native::memory::StoreWithCast<1> >(int, at::native::direct_copy_kernel_cuda(at::TensorIteratorBase&)::{lambda()#3}::operator()() const::{lambda()#7}::operator()() const::{lambda(float)#1}, std::array<char*, 2ul>, TrivialOffsetCalculator<1, unsigned int>, TrivialOffsetCalculator<1, unsigned int>, at::native::memory::LoadWithCast<1>, at::native::memory::StoreWithCast<1>)",54,operator_shape_matched,aten::copy_,"[[11,248320],[11,248320],[]]","[""float"",""c10::BFloat16"",""Scalar""]",null,1,7.68
"void at::native::unrolled_elementwise_kernel<at::native::direct_copy_kernel_cuda(at::TensorIteratorBase&)::{lambda()#3}::operator()() const::{lambda()#7}::operator()() const::{lambda(float)#1}, std::array<char*, 2ul>, 4, TrivialOffsetCalculator<1, unsigned int>, TrivialOffsetCalculator<1, unsigned int>, at::native::memory::LoadWithCast<1>, at::native::memory::StoreWithCast<1> >(int, at::native::direct_copy_kernel_cuda(at::TensorIteratorBase&)::{lambda()#3}::operator()() const::{lambda()#7}::operator()() const::{lambda(float)#1}, std::array<char*, 2ul>, TrivialOffsetCalculator<1, unsigned int>, TrivialOffsetCalculator<1, unsigned int>, at::native::memory::LoadWithCast<1>, at::native::memory::StoreWithCast<1>)",55,operator_shape_matched,aten::copy_,"[[10,248320],[10,248320],[]]","[""float"",""c10::BFloat16"",""Scalar""]",null,1,7.392
"void at::native::unrolled_elementwise_kernel<at::native::direct_copy_kernel_cuda(at::TensorIteratorBase&)::{lambda()#3}::operator()() const::{lambda()#7}::operator()() const::{lambda(float)#1}, std::array<char*, 2ul>, 4, TrivialOffsetCalculator<1, unsigned int>, TrivialOffsetCalculator<1, unsigned int>, at::native::memory::LoadWithCast<1>, at::native::memory::StoreWithCast<1> >(int, at::native::direct_copy_kernel_cuda(at::TensorIteratorBase&)::{lambda()#3}::operator()() const::{lambda()#7}::operator()() const::{lambda(float)#1}, std::array<char*, 2ul>, TrivialOffsetCalculator<1, unsigned int>, TrivialOffsetCalculator<1, unsigned int>, at::native::memory::LoadWithCast<1>, at::native::memory::StoreWithCast<1>)",56,operator_shape_matched,aten::copy_,"[[9,248320],[9,248320],[]]","[""float"",""c10::BFloat16"",""Scalar""]",null,1,7.072
"void at::native::unrolled_elementwise_kernel<at::native::direct_copy_kernel_cuda(at::TensorIteratorBase&)::{lambda()#3}::operator()() const::{lambda()#7}::operator()() const::{lambda(float)#1}, std::array<char*, 2ul>, 4, TrivialOffsetCalculator<1, unsigned int>, TrivialOffsetCalculator<1, unsigned int>, at::native::memory::LoadWithCast<1>, at::native::memory::StoreWithCast<1> >(int, at::native::direct_copy_kernel_cuda(at::TensorIteratorBase&)::{lambda()#3}::operator()() const::{lambda()#7}::operator()() const::{lambda(float)#1}, std::array<char*, 2ul>, TrivialOffsetCalculator<1, unsigned int>, TrivialOffsetCalculator<1, unsigned int>, at::native::memory::LoadWithCast<1>, at::native::memory::StoreWithCast<1>)",57,operator_shape_matched,aten::copy_,"[[8,248320],[8,248320],[]]","[""float"",""c10::BFloat16"",""Scalar""]",null,1,6.24
"void at::native::unrolled_elementwise_kernel<at::native::direct_copy_kernel_cuda(at::TensorIteratorBase&)::{lambda()#3}::operator()() const::{lambda()#7}::operator()() const::{lambda(float)#1}, std::array<char*, 2ul>, 4, TrivialOffsetCalculator<1, unsigned int>, TrivialOffsetCalculator<1, unsigned int>, at::native::memory::LoadWithCast<1>, at::native::memory::StoreWithCast<1> >(int, at::native::direct_copy_kernel_cuda(at::TensorIteratorBase&)::{lambda()#3}::operator()() const::{lambda()#7}::operator()() const::{lambda(float)#1}, std::array<char*, 2ul>, TrivialOffsetCalculator<1, unsigned int>, TrivialOffsetCalculator<1, unsigned int>, at::native::memory::LoadWithCast<1>, at::native::memory::StoreWithCast<1>)",58,operator_shape_matched,aten::copy_,"[[1,248320],[1,248320],[]]","[""float"",""c10::BFloat16"",""Scalar""]",null,2,6.145
"void at::native::unrolled_elementwise_kernel<at::native::direct_copy_kernel_cuda(at::TensorIteratorBase&)::{lambda()#3}::operator()() const::{lambda()#7}::operator()() const::{lambda(float)#1}, std::array<char*, 2ul>, 4, TrivialOffsetCalculator<1, unsigned int>, TrivialOffsetCalculator<1, unsigned int>, at::native::memory::LoadWithCast<1>, at::native::memory::StoreWithCast<1> >(int, at::native::direct_copy_kernel_cuda(at::TensorIteratorBase&)::{lambda()#3}::operator()() const::{lambda()#7}::operator()() const::{lambda(float)#1}, std::array<char*, 2ul>, TrivialOffsetCalculator<1, unsigned int>, TrivialOffsetCalculator<1, unsigned int>, at::native::memory::LoadWithCast<1>, at::native::memory::StoreWithCast<1>)",59,operator_shape_matched,aten::copy_,"[[7,248320],[7,248320],[]]","[""float"",""c10::BFloat16"",""Scalar""]",null,1,5.793
"void at::native::unrolled_elementwise_kernel<at::native::direct_copy_kernel_cuda(at::TensorIteratorBase&)::{lambda()#3}::operator()() const::{lambda()#7}::operator()() const::{lambda(float)#1}, std::array<char*, 2ul>, 4, TrivialOffsetCalculator<1, unsigned int>, TrivialOffsetCalculator<1, unsigned int>, at::native::memory::LoadWithCast<1>, at::native::memory::StoreWithCast<1> >(int, at::native::direct_copy_kernel_cuda(at::TensorIteratorBase&)::{lambda()#3}::operator()() const::{lambda()#7}::operator()() const::{lambda(float)#1}, std::array<char*, 2ul>, TrivialOffsetCalculator<1, unsigned int>, TrivialOffsetCalculator<1, unsigned int>, at::native::memory::LoadWithCast<1>, at::native::memory::StoreWithCast<1>)",60,operator_shape_matched,aten::copy_,"[[6,248320],[6,248320],[]]","[""float"",""c10::BFloat16"",""Scalar""]",null,1,5.409
"void at::native::unrolled_elementwise_kernel<at::native::direct_copy_kernel_cuda(at::TensorIteratorBase&)::{lambda()#3}::operator()() const::{lambda()#7}::operator()() const::{lambda(float)#1}, std::array<char*, 2ul>, 4, TrivialOffsetCalculator<1, unsigned int>, TrivialOffsetCalculator<1, unsigned int>, at::native::memory::LoadWithCast<1>, at::native::memory::StoreWithCast<1> >(int, at::native::direct_copy_kernel_cuda(at::TensorIteratorBase&)::{lambda()#3}::operator()() const::{lambda()#7}::operator()() const::{lambda(float)#1}, std::array<char*, 2ul>, TrivialOffsetCalculator<1, unsigned int>, TrivialOffsetCalculator<1, unsigned int>, at::native::memory::LoadWithCast<1>, at::native::memory::StoreWithCast<1>)",61,operator_shape_matched,aten::copy_,"[[5,248320],[5,248320],[]]","[""float"",""c10::BFloat16"",""Scalar""]",null,1,5.344
"void at::native::unrolled_elementwise_kernel<at::native::direct_copy_kernel_cuda(at::TensorIteratorBase&)::{lambda()#3}::operator()() const::{lambda()#7}::operator()() const::{lambda(float)#1}, std::array<char*, 2ul>, 4, TrivialOffsetCalculator<1, unsigned int>, TrivialOffsetCalculator<1, unsigned int>, at::native::memory::LoadWithCast<1>, at::native::memory::StoreWithCast<1> >(int, at::native::direct_copy_kernel_cuda(at::TensorIteratorBase&)::{lambda()#3}::operator()() const::{lambda()#7}::operator()() const::{lambda(float)#1}, std::array<char*, 2ul>, TrivialOffsetCalculator<1, unsigned int>, TrivialOffsetCalculator<1, unsigned int>, at::native::memory::LoadWithCast<1>, at::native::memory::StoreWithCast<1>)",62,operator_shape_matched,aten::copy_,"[[4,248320],[4,248320],[]]","[""float"",""c10::BFloat16"",""Scalar""]",null,1,3.872
"void at::native::unrolled_elementwise_kernel<at::native::direct_copy_kernel_cuda(at::TensorIteratorBase&)::{lambda()#3}::operator()() const::{lambda()#7}::operator()() const::{lambda(float)#1}, std::array<char*, 2ul>, 4, TrivialOffsetCalculator<1, unsigned int>, TrivialOffsetCalculator<1, unsigned int>, at::native::memory::LoadWithCast<1>, at::native::memory::StoreWithCast<1> >(int, at::native::direct_copy_kernel_cuda(at::TensorIteratorBase&)::{lambda()#3}::operator()() const::{lambda()#7}::operator()() const::{lambda(float)#1}, std::array<char*, 2ul>, TrivialOffsetCalculator<1, unsigned int>, TrivialOffsetCalculator<1, unsigned int>, at::native::memory::LoadWithCast<1>, at::native::memory::StoreWithCast<1>)",63,operator_shape_matched,aten::copy_,"[[3,248320],[3,248320],[]]","[""float"",""c10::BFloat16"",""Scalar""]",null,1,3.553
"void at::native::unrolled_elementwise_kernel<at::native::direct_copy_kernel_cuda(at::TensorIteratorBase&)::{lambda()#3}::operator()() const::{lambda()#7}::operator()() const::{lambda(float)#1}, std::array<char*, 2ul>, 4, TrivialOffsetCalculator<1, unsigned int>, TrivialOffsetCalculator<1, unsigned int>, at::native::memory::LoadWithCast<1>, at::native::memory::StoreWithCast<1> >(int, at::native::direct_copy_kernel_cuda(at::TensorIteratorBase&)::{lambda()#3}::operator()() const::{lambda()#7}::operator()() const::{lambda(float)#1}, std::array<char*, 2ul>, TrivialOffsetCalculator<1, unsigned int>, TrivialOffsetCalculator<1, unsigned int>, at::native::memory::LoadWithCast<1>, at::native::memory::StoreWithCast<1>)",64,operator_shape_matched,aten::copy_,"[[2,248320],[2,248320],[]]","[""float"",""c10::BFloat16"",""Scalar""]",null,1,3.36
triton_red_fused__to_copy_add_copy__fused_add_rms_norm_moe_forward_shared_1,1,missing_external_id,null,null,null,null,10240,26117.905
triton_red_fused__to_copy_add_copy__fused_add_rms_norm_moe_forward_shared_1,2,operator_shape_matched,triton_red_fused__to_copy_add_copy__fused_add_rms_norm_moe_forward_shared_1,"[[8192,2048],[8192,2048],[2048],[8192,2048],[8192,2048],[8192,2048],[8192,2048],[8192,2048],[],[]]","[""c10::BFloat16"",""c10::BFloat16"",""c10::BFloat16"",""c10::BFloat16"",""c10::BFloat16"",""c10::BFloat16"",""c10::BFloat16"",""c10::BFloat16"",""Scalar"",""Scalar""]",null,310,25016.681
triton_red_fused__to_copy_add_copy__fused_add_rms_norm_moe_forward_shared_1,3,operator_shape_matched,triton_red_fused__to_copy_add_copy__fused_add_rms_norm_moe_forward_shared_1,"[[5089,2048],[5089,2048],[2048],[5089,2048],[5089,2048],[5089,2048],[5089,2048],[5089,2048],[],[]]","[""c10::BFloat16"",""c10::BFloat16"",""c10::BFloat16"",""c10::BFloat16"",""c10::BFloat16"",""c10::BFloat16"",""c10::BFloat16"",""c10::BFloat16"",""Scalar"",""Scalar""]",null,10,506.027
triton_red_fused__to_copy_add_copy__fused_add_rms_norm_moe_forward_shared_1,4,operator_shape_matched,triton_red_fused__to_copy_add_copy__fused_add_rms_norm_moe_forward_shared_1,"[[4096,2048],[4096,2048],[2048],[4096,2048],[4096,2048],[4096,2048],[4096,2048],[4096,2048],[],[]]","[""c10::BFloat16"",""c10::BFloat16"",""c10::BFloat16"",""c10::BFloat16"",""c10::BFloat16"",""c10::BFloat16"",""c10::BFloat16"",""c10::BFloat16"",""Scalar"",""Scalar""]",null,10,409.703
_fused_post_conv_kernel,1,operator_shape_matched,vllm::qwen_gdn_attention_core,"[[8192,4096],[8192,16],[8192,16],[8192,16,128],[],[]]","[""c10::BFloat16"",""c10::BFloat16"",""c10::BFloat16"",""c10::BFloat16"","""",""Scalar""]",null,930,44515.885
_fused_post_conv_kernel,2,operator_shape_matched,vllm::qwen_gdn_attention_core,"[[5089,4096],[5089,16],[5089,16],[5089,16,128],[],[]]","[""c10::BFloat16"",""c10::BFloat16"",""c10::BFloat16"",""c10::BFloat16"","""",""Scalar""]",null,30,889.301
_fused_post_conv_kernel,3,operator_shape_matched,vllm::qwen_gdn_attention_core,"[[4096,4096],[4096,16],[4096,16],[4096,16,128],[],[]]","[""c10::BFloat16"",""c10::BFloat16"",""c10::BFloat16"",""c10::BFloat16"","""",""Scalar""]",null,30,706.992
triton_poi_fused_5,1,missing_external_id,null,null,null,null,30720,36226.561
triton_poi_fused_5,2,operator_shape_matched,triton_poi_fused_5,"[[8192,4608],[8192,8,256],[]]","[""c10::BFloat16"",""c10::BFloat16"",""Scalar""]",null,310,6457.812
triton_poi_fused_5,3,operator_shape_matched,triton_poi_fused_5,"[[8192,32],[8192,16],[8192,16],[],[]]","[""c10::BFloat16"",""c10::BFloat16"",""c10::BFloat16"",""Scalar"",""Scalar""]",null,620,917.605
triton_poi_fused_5,4,operator_shape_matched,triton_poi_fused_5,"[[5089,4608],[5089,8,256],[]]","[""c10::BFloat16"",""c10::BFloat16"",""Scalar""]",null,10,121.73
triton_poi_fused_5,5,operator_shape_matched,triton_poi_fused_5,"[[4096,4608],[4096,8,256],[]]","[""c10::BFloat16"",""c10::BFloat16"",""Scalar""]",null,10,98.272
triton_poi_fused_5,6,operator_shape_matched,triton_poi_fused_5,"[[5089,32],[5089,16],[5089,16],[],[]]","[""c10::BFloat16"",""c10::BFloat16"",""c10::BFloat16"",""Scalar"",""Scalar""]",null,20,28.517
triton_poi_fused_5,7,operator_shape_matched,triton_poi_fused_5,"[[4096,32],[4096,16],[4096,16],[],[]]","[""c10::BFloat16"",""c10::BFloat16"",""c10::BFloat16"",""Scalar"",""Scalar""]",null,20,27.332
triton_poi_fused_7,1,missing_external_id,null,null,null,null,10240,22648.004
triton_poi_fused_7,2,operator_shape_matched,triton_poi_fused_7,"[[8192,4608],[8192,8,1],[256],[8192,32],[8192,32],[8192,1,1],[256],[8192,8,64],[8192,8,192],[8192,1,64],[8192,1,192],[],[],[],[]]","[""c10::BFloat16"",""float"",""c10::BFloat16"",""c10::BFloat16"",""c10::BFloat16"",""float"",""c10::BFloat16"",""c10::BFloat16"",""c10::BFloat16"",""c10::BFloat16"",""c10::BFloat16"",""Scalar"",""Scalar"",""Scalar"",""Scalar""]",null,310,10610.146
triton_poi_fused_7,3,operator_shape_matched,triton_poi_fused_7,"[[5089,4608],[5089,8,1],[256],[5089,32],[5089,32],[5089,1,1],[256],[5089,8,64],[5089,8,192],[5089,1,64],[5089,1,192],[],[],[],[]]","[""c10::BFloat16"",""float"",""c10::BFloat16"",""c10::BFloat16"",""c10::BFloat16"",""float"",""c10::BFloat16"",""c10::BFloat16"",""c10::BFloat16"",""c10::BFloat16"",""c10::BFloat16"",""Scalar"",""Scalar"",""Scalar"",""Scalar""]",null,10,216.389
triton_poi_fused_7,4,operator_shape_matched,triton_poi_fused_7,"[[4096,4608],[4096,8,1],[256],[4096,32],[4096,32],[4096,1,1],[256],[4096,8,64],[4096,8,192],[4096,1,64],[4096,1,192],[],[],[],[]]","[""c10::BFloat16"",""float"",""c10::BFloat16"",""c10::BFloat16"",""c10::BFloat16"",""float"",""c10::BFloat16"",""c10::BFloat16"",""c10::BFloat16"",""c10::BFloat16"",""c10::BFloat16"",""Scalar"",""Scalar"",""Scalar"",""Scalar""]",null,10,174.372
cat_copy_func_kernel_4,1,operator_shape_matched,aten::cat,"[[[1,6,16,128],[1,8186,16,128]],[]]","[""TensorList"",""Scalar""]",null,30,919.603
cat_copy_func_kernel_4,2,operator_shape_matched,aten::cat,"[[[1,8,16,128],[1,8184,16,128]],[]]","[""TensorList"",""Scalar""]",null,30,918.581
cat_copy_func_kernel_4,3,operator_shape_matched,aten::cat,"[[[1,10,16,128],[1,8182,16,128]],[]]","[""TensorList"",""Scalar""]",null,30,917.941
cat_copy_func_kernel_4,4,operator_shape_matched,aten::cat,"[[[1,12,16,128],[1,8180,16,128]],[]]","[""TensorList"",""Scalar""]",null,30,916.694
cat_copy_func_kernel_4,5,operator_shape_matched,aten::cat,"[[[1,28,16,128],[1,8164,16,128]],[]]","[""TensorList"",""Scalar""]",null,30,916.501
cat_copy_func_kernel_4,6,operator_shape_matched,aten::cat,"[[[1,14,16,128],[1,8178,16,128]],[]]","[""TensorList"",""Scalar""]",null,30,916.082
cat_copy_func_kernel_4,7,operator_shape_matched,aten::cat,"[[[1,18,16,128],[1,8174,16,128]],[]]","[""TensorList"",""Scalar""]",null,30,914.23
cat_copy_func_kernel_4,8,operator_shape_matched,aten::cat,"[[[1,22,16,128],[1,8170,16,128]],[]]","[""TensorList"",""Scalar""]",null,30,913.876
cat_copy_func_kernel_4,9,operator_shape_matched,aten::cat,"[[[1,58,16,128],[1,8134,16,128]],[]]","[""TensorList"",""Scalar""]",null,30,913.617
cat_copy_func_kernel_4,10,operator_shape_matched,aten::cat,"[[[1,48,16,128],[1,8144,16,128]],[]]","[""TensorList"",""Scalar""]",null,30,913.56
cat_copy_func_kernel_4,11,operator_shape_matched,aten::cat,"[[[1,24,16,128],[1,8168,16,128]],[]]","[""TensorList"",""Scalar""]",null,30,913.396
cat_copy_func_kernel_4,12,operator_shape_matched,aten::cat,"[[[1,4,16,128],[1,8188,16,128]],[]]","[""TensorList"",""Scalar""]",null,30,913.331
cat_copy_func_kernel_4,13,operator_shape_matched,aten::cat,"[[[1,16,16,128],[1,8176,16,128]],[]]","[""TensorList"",""Scalar""]",null,30,913.076
cat_copy_func_kernel_4,14,operator_shape_matched,aten::cat,"[[[1,52,16,128],[1,8140,16,128]],[]]","[""TensorList"",""Scalar""]",null,30,912.688
cat_copy_func_kernel_4,15,operator_shape_matched,aten::cat,"[[[1,26,16,128],[1,8166,16,128]],[]]","[""TensorList"",""Scalar""]",null,30,912.468
cat_copy_func_kernel_4,16,operator_shape_matched,aten::cat,"[[[1,34,16,128],[1,8158,16,128]],[]]","[""TensorList"",""Scalar""]",null,30,912.338
cat_copy_func_kernel_4,17,operator_shape_matched,aten::cat,"[[[1,38,16,128],[1,8154,16,128]],[]]","[""TensorList"",""Scalar""]",null,30,912.083
cat_copy_func_kernel_4,18,operator_shape_matched,aten::cat,"[[[1,20,16,128],[1,8172,16,128]],[]]","[""TensorList"",""Scalar""]",null,30,911.956
cat_copy_func_kernel_4,19,operator_shape_matched,aten::cat,"[[[1,44,16,128],[1,8148,16,128]],[]]","[""TensorList"",""Scalar""]",null,30,911.892
cat_copy_func_kernel_4,20,operator_shape_matched,aten::cat,"[[[1,54,16,128],[1,8138,16,128]],[]]","[""TensorList"",""Scalar""]",null,30,910.897
cat_copy_func_kernel_4,21,operator_shape_matched,aten::cat,"[[[1,50,16,128],[1,8142,16,128]],[]]","[""TensorList"",""Scalar""]",null,30,910.351
cat_copy_func_kernel_4,22,operator_shape_matched,aten::cat,"[[[1,30,16,128],[1,8162,16,128]],[]]","[""TensorList"",""Scalar""]",null,30,910.099
cat_copy_func_kernel_4,23,operator_shape_matched,aten::cat,"[[[1,36,16,128],[1,8156,16,128]],[]]","[""TensorList"",""Scalar""]",null,30,909.972
cat_copy_func_kernel_4,24,operator_shape_matched,aten::cat,"[[[1,42,16,128],[1,8150,16,128]],[]]","[""TensorList"",""Scalar""]",null,30,909.776
cat_copy_func_kernel_4,25,operator_shape_matched,aten::cat,"[[[1,40,16,128],[1,8152,16,128]],[]]","[""TensorList"",""Scalar""]",null,30,909.425
cat_copy_func_kernel_4,26,operator_shape_matched,aten::cat,"[[[1,60,16,128],[1,8132,16,128]],[]]","[""TensorList"",""Scalar""]",null,30,909.201
cat_copy_func_kernel_4,27,operator_shape_matched,aten::cat,"[[[1,56,16,128],[1,8136,16,128]],[]]","[""TensorList"",""Scalar""]",null,30,909.139
cat_copy_func_kernel_4,28,operator_shape_matched,aten::cat,"[[[1,3,16,128],[1,8189,16,128]],[]]","[""TensorList"",""Scalar""]",null,30,908.881
cat_copy_func_kernel_4,29,operator_shape_matched,aten::cat,"[[[1,32,16,128],[1,8160,16,128]],[]]","[""TensorList"",""Scalar""]",null,30,908.691
cat_copy_func_kernel_4,30,operator_shape_matched,aten::cat,"[[[1,1,16,128],[1,8191,16,128]],[]]","[""TensorList"",""Scalar""]",null,30,907.984
cat_copy_func_kernel_4,31,operator_shape_matched,aten::cat,"[[[1,46,16,128],[1,8146,16,128]],[]]","[""TensorList"",""Scalar""]",null,30,906.615
cat_copy_func_kernel_4,32,operator_shape_matched,aten::cat,"[[[1,62,16,128],[1,5027,16,128]],[]]","[""TensorList"",""Scalar""]",null,30,549.164
cat_copy_func_kernel_4,33,operator_shape_matched,aten::cat,"[[[57344],[57344],[114688]],[]]","[""TensorList"",""Scalar""]",null,30,48.128
cat_copy_func_kernel_4,34,operator_shape_matched,aten::cat,"[[[63488],[63488],[126976]],[]]","[""TensorList"",""Scalar""]",null,30,48.001
cat_copy_func_kernel_4,35,operator_shape_matched,aten::cat,"[[[55296],[55296],[110592]],[]]","[""TensorList"",""Scalar""]",null,30,47.492
cat_copy_func_kernel_4,36,operator_shape_matched,aten::cat,"[[[61440],[61440],[122880]],[]]","[""TensorList"",""Scalar""]",null,30,47.423
cat_copy_func_kernel_4,37,operator_shape_matched,aten::cat,"[[[59392],[59392],[118784]],[]]","[""TensorList"",""Scalar""]",null,30,47.266
cat_copy_func_kernel_4,38,operator_shape_matched,aten::cat,"[[[53248],[53248],[106496]],[]]","[""TensorList"",""Scalar""]",null,30,47.012
cat_copy_func_kernel_4,39,operator_shape_matched,aten::cat,"[[[49152],[49152],[98304]],[]]","[""TensorList"",""Scalar""]",null,30,47.01
cat_copy_func_kernel_4,40,operator_shape_matched,aten::cat,"[[[47104],[47104],[94208]],[]]","[""TensorList"",""Scalar""]",null,30,46.657
cat_copy_func_kernel_4,41,operator_shape_matched,aten::cat,"[[[30720],[30720],[61440]],[]]","[""TensorList"",""Scalar""]",null,30,46.369
cat_copy_func_kernel_4,42,operator_shape_matched,aten::cat,"[[[51200],[51200],[102400]],[]]","[""TensorList"",""Scalar""]",null,30,46.366
cat_copy_func_kernel_4,43,operator_shape_matched,aten::cat,"[[[45056],[45056],[90112]],[]]","[""TensorList"",""Scalar""]",null,30,46.241
cat_copy_func_kernel_4,44,operator_shape_matched,aten::cat,"[[[43008],[43008],[86016]],[]]","[""TensorList"",""Scalar""]",null,30,46.209
cat_copy_func_kernel_4,45,operator_shape_matched,aten::cat,"[[[28672],[28672],[57344]],[]]","[""TensorList"",""Scalar""]",null,30,46.145
cat_copy_func_kernel_4,46,operator_shape_matched,aten::cat,"[[[40960],[40960],[81920]],[]]","[""TensorList"",""Scalar""]",null,30,46.114
cat_copy_func_kernel_4,47,operator_shape_matched,aten::cat,"[[[32768],[32768],[65536]],[]]","[""TensorList"",""Scalar""]",null,30,45.921
cat_copy_func_kernel_4,48,operator_shape_matched,aten::cat,"[[[36864],[36864],[73728]],[]]","[""TensorList"",""Scalar""]",null,30,45.889
cat_copy_func_kernel_4,49,operator_shape_matched,aten::cat,"[[[26624],[26624],[53248]],[]]","[""TensorList"",""Scalar""]",null,30,45.886
cat_copy_func_kernel_4,50,operator_shape_matched,aten::cat,"[[[1024],[1024],[2048]],[]]","[""TensorList"",""Scalar""]",null,30,45.764
cat_copy_func_kernel_4,51,operator_shape_matched,aten::cat,"[[[22528],[22528],[45056]],[]]","[""TensorList"",""Scalar""]",null,30,45.574
cat_copy_func_kernel_4,52,operator_shape_matched,aten::cat,"[[[24576],[24576],[49152]],[]]","[""TensorList"",""Scalar""]",null,30,45.537
cat_copy_func_kernel_4,53,operator_shape_matched,aten::cat,"[[[38912],[38912],[77824]],[]]","[""TensorList"",""Scalar""]",null,30,45.443
cat_copy_func_kernel_4,54,operator_shape_matched,aten::cat,"[[[34816],[34816],[69632]],[]]","[""TensorList"",""Scalar""]",null,30,44.837
cat_copy_func_kernel_4,55,operator_shape_matched,aten::cat,"[[[18432],[18432],[36864]],[]]","[""TensorList"",""Scalar""]",null,30,44.417
cat_copy_func_kernel_4,56,operator_shape_matched,aten::cat,"[[[20480],[20480],[40960]],[]]","[""TensorList"",""Scalar""]",null,30,44.194
cat_copy_func_kernel_4,57,operator_shape_matched,aten::cat,"[[[14336],[14336],[28672]],[]]","[""TensorList"",""Scalar""]",null,30,43.46
cat_copy_func_kernel_4,58,operator_shape_matched,aten::cat,"[[[16384],[16384],[32768]],[]]","[""TensorList"",""Scalar""]",null,30,43.264
cat_copy_func_kernel_4,59,operator_shape_matched,aten::cat,"[[[12288],[12288],[24576]],[]]","[""TensorList"",""Scalar""]",null,30,42.402
cat_copy_func_kernel_4,60,operator_shape_matched,aten::cat,"[[[10240],[10240],[20480]],[]]","[""TensorList"",""Scalar""]",null,30,40.861
cat_copy_func_kernel_4,61,operator_shape_matched,aten::cat,"[[[8192],[8192],[16384]],[]]","[""TensorList"",""Scalar""]",null,30,40.259
cat_copy_func_kernel_4,62,operator_shape_matched,aten::cat,"[[[6144],[6144],[12288]],[]]","[""TensorList"",""Scalar""]",null,30,39.935
cat_copy_func_kernel_4,63,operator_shape_matched,aten::cat,"[[[4096],[4096],[8192]],[]]","[""TensorList"",""Scalar""]",null,30,39.3
cat_copy_func_kernel_4,64,operator_shape_matched,aten::cat,"[[[3072],[3072],[6144]],[]]","[""TensorList"",""Scalar""]",null,30,39.234
triton_poi_fused_add_2,1,missing_external_id,null,null,null,null,10240,16389.079
triton_poi_fused_add_2,2,operator_shape_matched,triton_poi_fused_add_2,"[[8192,2048],[8192,2048],[]]","[""c10::BFloat16"",""c10::BFloat16"",""Scalar""]",null,310,10429.285
triton_poi_fused_add_2,3,operator_shape_matched,triton_poi_fused_add_2,"[[5089,2048],[5089,2048],[]]","[""c10::BFloat16"",""c10::BFloat16"",""Scalar""]",null,10,170.882
triton_poi_fused_add_2,4,operator_shape_matched,triton_poi_fused_add_2,"[[4096,2048],[4096,2048],[]]","[""c10::BFloat16"",""c10::BFloat16"",""Scalar""]",null,10,129.38
fused_sigmoid_gating_delta_rule_update_kernel,1,operator_shape_matched,vllm::qwen_gdn_attention_core,"[[8192,4096],[8192,16],[8192,16],[8192,16,128],[],[]]","[""c10::BFloat16"",""c10::BFloat16"",""c10::BFloat16"",""c10::BFloat16"","""",""Scalar""]",null,930,24779.068
fused_sigmoid_gating_delta_rule_update_kernel,2,operator_shape_matched,vllm::qwen_gdn_attention_core,"[[5089,4096],[5089,16],[5089,16],[5089,16,128],[],[]]","[""c10::BFloat16"",""c10::BFloat16"",""c10::BFloat16"",""c10::BFloat16"","""",""Scalar""]",null,30,1532.738
nvjet_tst_128x128_64x6_2x1_v_bz_TNT,1,operator_shape_matched,aten::mm,"[[8192,2048],[2048,256]]","[""c10::BFloat16"",""c10::BFloat16""]",null,1240,25164.798
nvjet_tst_128x128_64x6_2x1_v_bz_TNT,2,operator_shape_matched,aten::mm,"[[4096,2048],[2048,512]]","[""c10::BFloat16"",""c10::BFloat16""]",null,40,687.946
reshape_and_cache_kernel_flash,1,missing_external_id,null,null,null,null,10240,16891.86
reshape_and_cache_kernel_flash,2,operator_shape_matched,vllm::unified_kv_cache_update,"[[8192,1,256],[8192,1,256],[]]","[""c10::BFloat16"",""c10::BFloat16"",""""]",null,310,6887.054
reshape_and_cache_kernel_flash,3,operator_shape_matched,vllm::unified_kv_cache_update,"[[5089,1,256],[5089,1,256],[]]","[""c10::BFloat16"",""c10::BFloat16"",""""]",null,10,145.22
reshape_and_cache_kernel_flash,4,operator_shape_matched,vllm::unified_kv_cache_update,"[[4096,1,256],[4096,1,256],[]]","[""c10::BFloat16"",""c10::BFloat16"",""""]",null,10,121.122
nvjet_tst_64x8_64x16_2x1_v_bz_TNT,1,operator_shape_matched,aten::mm,"[[8192,2048],[2048,1]]","[""c10::BFloat16"",""c10::BFloat16""]",null,1240,22642.538
triton_red_fused_6,1,missing_external_id,null,null,null,null,10240,15673.721
triton_red_fused_6,2,operator_shape_matched,triton_red_fused_6,"[[8192,4608],[8192,8,1],[8192,1,1],[],[]]","[""c10::BFloat16"",""float"",""float"",""Scalar"",""Scalar""]",null,310,5159.493
triton_red_fused_6,3,operator_shape_matched,triton_red_fused_6,"[[5089,4608],[5089,8,1],[5089,1,1],[],[]]","[""c10::BFloat16"",""float"",""float"",""Scalar"",""Scalar""]",null,10,110.593
triton_red_fused_6,4,operator_shape_matched,triton_red_fused_6,"[[4096,4608],[4096,8,1],[4096,1,1],[],[]]","[""c10::BFloat16"",""float"",""float"",""Scalar"",""Scalar""]",null,10,90.305
_compute_slot_mapping_kernel,1,missing_external_id,null,null,null,null,4228,10785.493
triton_poi_fused_3,1,missing_external_id,null,null,null,null,9216,9492.284
triton_poi_fused_3,2,operator_shape_matched,triton_poi_fused_3,"[[8192,32],[8192,16],[8192,16],[],[]]","[""c10::BFloat16"",""c10::BFloat16"",""c10::BFloat16"",""Scalar"",""Scalar""]",null,279,386.604
triton_poi_fused_3,3,operator_shape_matched,triton_poi_fused_3,"[[5089,32],[5089,16],[5089,16],[],[]]","[""c10::BFloat16"",""c10::BFloat16"",""c10::BFloat16"",""Scalar"",""Scalar""]",null,9,12.927
triton_poi_fused_3,4,operator_shape_matched,triton_poi_fused_3,"[[4096,32],[4096,16],[4096,16],[],[]]","[""c10::BFloat16"",""c10::BFloat16"",""c10::BFloat16"",""Scalar"",""Scalar""]",null,9,12.385
"void at::native::unrolled_elementwise_kernel<at::native::direct_copy_kernel_cuda(at::TensorIteratorBase&)::{lambda()#3}::operator()() const::{lambda()#4}::operator()() const::{lambda(long)#1}, std::array<char*, 2ul>, 4, TrivialOffsetCalculator<1, unsigned int>, TrivialOffsetCalculator<1, unsigned int>, at::native::memory::LoadWithCast<1>, at::native::memory::StoreWithCast<1> >(int, at::native::direct_copy_kernel_cuda(at::TensorIteratorBase&)::{lambda()#3}::operator()() const::{lambda()#4}::operator()() const::{lambda(long)#1}, std::array<char*, 2ul>, TrivialOffsetCalculator<1, unsigned int>, TrivialOffsetCalculator<1, unsigned int>, at::native::memory::LoadWithCast<1>, at::native::memory::StoreWithCast<1>)",1,operator_shape_matched,aten::copy_,"[[64],[64],[]]","[""long int"",""int"",""Scalar""]",null,1981,3146.445
"void at::native::unrolled_elementwise_kernel<at::native::direct_copy_kernel_cuda(at::TensorIteratorBase&)::{lambda()#3}::operator()() const::{lambda()#4}::operator()() const::{lambda(long)#1}, std::array<char*, 2ul>, 4, TrivialOffsetCalculator<1, unsigned int>, TrivialOffsetCalculator<1, unsigned int>, at::native::memory::LoadWithCast<1>, at::native::memory::StoreWithCast<1> >(int, at::native::direct_copy_kernel_cuda(at::TensorIteratorBase&)::{lambda()#3}::operator()() const::{lambda()#4}::operator()() const::{lambda(long)#1}, std::array<char*, 2ul>, TrivialOffsetCalculator<1, unsigned int>, TrivialOffsetCalculator<1, unsigned int>, at::native::memory::LoadWithCast<1>, at::native::memory::StoreWithCast<1>)",2,operator_shape_matched,aten::copy_,"[[3],[3],[]]","[""long int"",""int"",""Scalar""]",null,1831,2747.611
"void at::native::unrolled_elementwise_kernel<at::native::direct_copy_kernel_cuda(at::TensorIteratorBase&)::{lambda()#3}::operator()() const::{lambda()#4}::operator()() const::{lambda(long)#1}, std::array<char*, 2ul>, 4, TrivialOffsetCalculator<1, unsigned int>, TrivialOffsetCalculator<1, unsigned int>, at::native::memory::LoadWithCast<1>, at::native::memory::StoreWithCast<1> >(int, at::native::direct_copy_kernel_cuda(at::TensorIteratorBase&)::{lambda()#3}::operator()() const::{lambda()#4}::operator()() const::{lambda(long)#1}, std::array<char*, 2ul>, TrivialOffsetCalculator<1, unsigned int>, TrivialOffsetCalculator<1, unsigned int>, at::native::memory::LoadWithCast<1>, at::native::memory::StoreWithCast<1>)",3,operator_shape_matched,aten::copy_,"[[4],[4],[]]","[""long int"",""int"",""Scalar""]",null,872,1371.642
"void at::native::unrolled_elementwise_kernel<at::native::direct_copy_kernel_cuda(at::TensorIteratorBase&)::{lambda()#3}::operator()() const::{lambda()#4}::operator()() const::{lambda(long)#1}, std::array<char*, 2ul>, 4, TrivialOffsetCalculator<1, unsigned int>, TrivialOffsetCalculator<1, unsigned int>, at::native::memory::LoadWithCast<1>, at::native::memory::StoreWithCast<1> >(int, at::native::direct_copy_kernel_cuda(at::TensorIteratorBase&)::{lambda()#3}::operator()() const::{lambda()#4}::operator()() const::{lambda(long)#1}, std::array<char*, 2ul>, TrivialOffsetCalculator<1, unsigned int>, TrivialOffsetCalculator<1, unsigned int>, at::native::memory::LoadWithCast<1>, at::native::memory::StoreWithCast<1>)",4,operator_shape_matched,aten::copy_,"[[2],[2],[]]","[""long int"",""int"",""Scalar""]",null,212,315.685
"void at::native::unrolled_elementwise_kernel<at::native::direct_copy_kernel_cuda(at::TensorIteratorBase&)::{lambda()#3}::operator()() const::{lambda()#4}::operator()() const::{lambda(long)#1}, std::array<char*, 2ul>, 4, TrivialOffsetCalculator<1, unsigned int>, TrivialOffsetCalculator<1, unsigned int>, at::native::memory::LoadWithCast<1>, at::native::memory::StoreWithCast<1> >(int, at::native::direct_copy_kernel_cuda(at::TensorIteratorBase&)::{lambda()#3}::operator()() const::{lambda()#4}::operator()() const::{lambda(long)#1}, std::array<char*, 2ul>, TrivialOffsetCalculator<1, unsigned int>, TrivialOffsetCalculator<1, unsigned int>, at::native::memory::LoadWithCast<1>, at::native::memory::StoreWithCast<1>)",5,operator_shape_matched,aten::copy_,"[[1],[1],[]]","[""long int"",""int"",""Scalar""]",null,63,101.821
"void at::native::unrolled_elementwise_kernel<at::native::direct_copy_kernel_cuda(at::TensorIteratorBase&)::{lambda()#3}::operator()() const::{lambda()#4}::operator()() const::{lambda(long)#1}, std::array<char*, 2ul>, 4, TrivialOffsetCalculator<1, unsigned int>, TrivialOffsetCalculator<1, unsigned int>, at::native::memory::LoadWithCast<1>, at::native::memory::StoreWithCast<1> >(int, at::native::direct_copy_kernel_cuda(at::TensorIteratorBase&)::{lambda()#3}::operator()() const::{lambda()#4}::operator()() const::{lambda(long)#1}, std::array<char*, 2ul>, TrivialOffsetCalculator<1, unsigned int>, TrivialOffsetCalculator<1, unsigned int>, at::native::memory::LoadWithCast<1>, at::native::memory::StoreWithCast<1>)",6,operator_shape_matched,aten::copy_,"[[8192],[8192],[]]","[""long int"",""int"",""Scalar""]",null,31,84.929
"void at::native::unrolled_elementwise_kernel<at::native::direct_copy_kernel_cuda(at::TensorIteratorBase&)::{lambda()#3}::operator()() const::{lambda()#4}::operator()() const::{lambda(long)#1}, std::array<char*, 2ul>, 4, TrivialOffsetCalculator<1, unsigned int>, TrivialOffsetCalculator<1, unsigned int>, at::native::memory::LoadWithCast<1>, at::native::memory::StoreWithCast<1> >(int, at::native::direct_copy_kernel_cuda(at::TensorIteratorBase&)::{lambda()#3}::operator()() const::{lambda()#4}::operator()() const::{lambda(long)#1}, std::array<char*, 2ul>, TrivialOffsetCalculator<1, unsigned int>, TrivialOffsetCalculator<1, unsigned int>, at::native::memory::LoadWithCast<1>, at::native::memory::StoreWithCast<1>)",7,operator_shape_matched,aten::copy_,"[[63],[63],[]]","[""long int"",""int"",""Scalar""]",null,5,8.258
"void at::native::unrolled_elementwise_kernel<at::native::direct_copy_kernel_cuda(at::TensorIteratorBase&)::{lambda()#3}::operator()() const::{lambda()#4}::operator()() const::{lambda(long)#1}, std::array<char*, 2ul>, 4, TrivialOffsetCalculator<1, unsigned int>, TrivialOffsetCalculator<1, unsigned int>, at::native::memory::LoadWithCast<1>, at::native::memory::StoreWithCast<1> >(int, at::native::direct_copy_kernel_cuda(at::TensorIteratorBase&)::{lambda()#3}::operator()() const::{lambda()#4}::operator()() const::{lambda(long)#1}, std::array<char*, 2ul>, TrivialOffsetCalculator<1, unsigned int>, TrivialOffsetCalculator<1, unsigned int>, at::native::memory::LoadWithCast<1>, at::native::memory::StoreWithCast<1>)",8,operator_shape_matched,aten::copy_,"[[58],[58],[]]","[""long int"",""int"",""Scalar""]",null,2,3.488
"void at::native::unrolled_elementwise_kernel<at::native::direct_copy_kernel_cuda(at::TensorIteratorBase&)::{lambda()#3}::operator()() const::{lambda()#4}::operator()() const::{lambda(long)#1}, std::array<char*, 2ul>, 4, TrivialOffsetCalculator<1, unsigned int>, TrivialOffsetCalculator<1, unsigned int>, at::native::memory::LoadWithCast<1>, at::native::memory::StoreWithCast<1> >(int, at::native::direct_copy_kernel_cuda(at::TensorIteratorBase&)::{lambda()#3}::operator()() const::{lambda()#4}::operator()() const::{lambda(long)#1}, std::array<char*, 2ul>, TrivialOffsetCalculator<1, unsigned int>, TrivialOffsetCalculator<1, unsigned int>, at::native::memory::LoadWithCast<1>, at::native::memory::StoreWithCast<1>)",9,operator_shape_matched,aten::copy_,"[[30],[30],[]]","[""long int"",""int"",""Scalar""]",null,2,3.392
"void at::native::unrolled_elementwise_kernel<at::native::direct_copy_kernel_cuda(at::TensorIteratorBase&)::{lambda()#3}::operator()() const::{lambda()#4}::operator()() const::{lambda(long)#1}, std::array<char*, 2ul>, 4, TrivialOffsetCalculator<1, unsigned int>, TrivialOffsetCalculator<1, unsigned int>, at::native::memory::LoadWithCast<1>, at::native::memory::StoreWithCast<1> >(int, at::native::direct_copy_kernel_cuda(at::TensorIteratorBase&)::{lambda()#3}::operator()() const::{lambda()#4}::operator()() const::{lambda(long)#1}, std::array<char*, 2ul>, TrivialOffsetCalculator<1, unsigned int>, TrivialOffsetCalculator<1, unsigned int>, at::native::memory::LoadWithCast<1>, at::native::memory::StoreWithCast<1>)",10,operator_shape_matched,aten::copy_,"[[62],[62],[]]","[""long int"",""int"",""Scalar""]",null,2,3.329
"void at::native::unrolled_elementwise_kernel<at::native::direct_copy_kernel_cuda(at::TensorIteratorBase&)::{lambda()#3}::operator()() const::{lambda()#4}::operator()() const::{lambda(long)#1}, std::array<char*, 2ul>, 4, TrivialOffsetCalculator<1, unsigned int>, TrivialOffsetCalculator<1, unsigned int>, at::native::memory::LoadWithCast<1>, at::native::memory::StoreWithCast<1> >(int, at::native::direct_copy_kernel_cuda(at::TensorIteratorBase&)::{lambda()#3}::operator()() const::{lambda()#4}::operator()() const::{lambda(long)#1}, std::array<char*, 2ul>, TrivialOffsetCalculator<1, unsigned int>, TrivialOffsetCalculator<1, unsigned int>, at::native::memory::LoadWithCast<1>, at::native::memory::StoreWithCast<1>)",11,operator_shape_matched,aten::copy_,"[[54],[54],[]]","[""long int"",""int"",""Scalar""]",null,2,3.327
"void at::native::unrolled_elementwise_kernel<at::native::direct_copy_kernel_cuda(at::TensorIteratorBase&)::{lambda()#3}::operator()() const::{lambda()#4}::operator()() const::{lambda(long)#1}, std::array<char*, 2ul>, 4, TrivialOffsetCalculator<1, unsigned int>, TrivialOffsetCalculator<1, unsigned int>, at::native::memory::LoadWithCast<1>, at::native::memory::StoreWithCast<1> >(int, at::native::direct_copy_kernel_cuda(at::TensorIteratorBase&)::{lambda()#3}::operator()() const::{lambda()#4}::operator()() const::{lambda(long)#1}, std::array<char*, 2ul>, TrivialOffsetCalculator<1, unsigned int>, TrivialOffsetCalculator<1, unsigned int>, at::native::memory::LoadWithCast<1>, at::native::memory::StoreWithCast<1>)",12,operator_shape_matched,aten::copy_,"[[44],[44],[]]","[""long int"",""int"",""Scalar""]",null,2,3.296
"void at::native::unrolled_elementwise_kernel<at::native::direct_copy_kernel_cuda(at::TensorIteratorBase&)::{lambda()#3}::operator()() const::{lambda()#4}::operator()() const::{lambda(long)#1}, std::array<char*, 2ul>, 4, TrivialOffsetCalculator<1, unsigned int>, TrivialOffsetCalculator<1, unsigned int>, at::native::memory::LoadWithCast<1>, at::native::memory::StoreWithCast<1> >(int, at::native::direct_copy_kernel_cuda(at::TensorIteratorBase&)::{lambda()#3}::operator()() const::{lambda()#4}::operator()() const::{lambda(long)#1}, std::array<char*, 2ul>, TrivialOffsetCalculator<1, unsigned int>, TrivialOffsetCalculator<1, unsigned int>, at::native::memory::LoadWithCast<1>, at::native::memory::StoreWithCast<1>)",13,operator_shape_matched,aten::copy_,"[[20],[20],[]]","[""long int"",""int"",""Scalar""]",null,2,3.264
"void at::native::unrolled_elementwise_kernel<at::native::direct_copy_kernel_cuda(at::TensorIteratorBase&)::{lambda()#3}::operator()() const::{lambda()#4}::operator()() const::{lambda(long)#1}, std::array<char*, 2ul>, 4, TrivialOffsetCalculator<1, unsigned int>, TrivialOffsetCalculator<1, unsigned int>, at::native::memory::LoadWithCast<1>, at::native::memory::StoreWithCast<1> >(int, at::native::direct_copy_kernel_cuda(at::TensorIteratorBase&)::{lambda()#3}::operator()() const::{lambda()#4}::operator()() const::{lambda(long)#1}, std::array<char*, 2ul>, TrivialOffsetCalculator<1, unsigned int>, TrivialOffsetCalculator<1, unsigned int>, at::native::memory::LoadWithCast<1>, at::native::memory::StoreWithCast<1>)",14,operator_shape_matched,aten::copy_,"[[22],[22],[]]","[""long int"",""int"",""Scalar""]",null,2,3.264
"void at::native::unrolled_elementwise_kernel<at::native::direct_copy_kernel_cuda(at::TensorIteratorBase&)::{lambda()#3}::operator()() const::{lambda()#4}::operator()() const::{lambda(long)#1}, std::array<char*, 2ul>, 4, TrivialOffsetCalculator<1, unsigned int>, TrivialOffsetCalculator<1, unsigned int>, at::native::memory::LoadWithCast<1>, at::native::memory::StoreWithCast<1> >(int, at::native::direct_copy_kernel_cuda(at::TensorIteratorBase&)::{lambda()#3}::operator()() const::{lambda()#4}::operator()() const::{lambda(long)#1}, std::array<char*, 2ul>, TrivialOffsetCalculator<1, unsigned int>, TrivialOffsetCalculator<1, unsigned int>, at::native::memory::LoadWithCast<1>, at::native::memory::StoreWithCast<1>)",15,operator_shape_matched,aten::copy_,"[[26],[26],[]]","[""long int"",""int"",""Scalar""]",null,2,3.264
"void at::native::unrolled_elementwise_kernel<at::native::direct_copy_kernel_cuda(at::TensorIteratorBase&)::{lambda()#3}::operator()() const::{lambda()#4}::operator()() const::{lambda(long)#1}, std::array<char*, 2ul>, 4, TrivialOffsetCalculator<1, unsigned int>, TrivialOffsetCalculator<1, unsigned int>, at::native::memory::LoadWithCast<1>, at::native::memory::StoreWithCast<1> >(int, at::native::direct_copy_kernel_cuda(at::TensorIteratorBase&)::{lambda()#3}::operator()() const::{lambda()#4}::operator()() const::{lambda(long)#1}, std::array<char*, 2ul>, TrivialOffsetCalculator<1, unsigned int>, TrivialOffsetCalculator<1, unsigned int>, at::native::memory::LoadWithCast<1>, at::native::memory::StoreWithCast<1>)",16,operator_shape_matched,aten::copy_,"[[28],[28],[]]","[""long int"",""int"",""Scalar""]",null,2,3.233
"void at::native::unrolled_elementwise_kernel<at::native::direct_copy_kernel_cuda(at::TensorIteratorBase&)::{lambda()#3}::operator()() const::{lambda()#4}::operator()() const::{lambda(long)#1}, std::array<char*, 2ul>, 4, TrivialOffsetCalculator<1, unsigned int>, TrivialOffsetCalculator<1, unsigned int>, at::native::memory::LoadWithCast<1>, at::native::memory::StoreWithCast<1> >(int, at::native::direct_copy_kernel_cuda(at::TensorIteratorBase&)::{lambda()#3}::operator()() const::{lambda()#4}::operator()() const::{lambda(long)#1}, std::array<char*, 2ul>, TrivialOffsetCalculator<1, unsigned int>, TrivialOffsetCalculator<1, unsigned int>, at::native::memory::LoadWithCast<1>, at::native::memory::StoreWithCast<1>)",17,operator_shape_matched,aten::copy_,"[[24],[24],[]]","[""long int"",""int"",""Scalar""]",null,2,3.232
"void at::native::unrolled_elementwise_kernel<at::native::direct_copy_kernel_cuda(at::TensorIteratorBase&)::{lambda()#3}::operator()() const::{lambda()#4}::operator()() const::{lambda(long)#1}, std::array<char*, 2ul>, 4, TrivialOffsetCalculator<1, unsigned int>, TrivialOffsetCalculator<1, unsigned int>, at::native::memory::LoadWithCast<1>, at::native::memory::StoreWithCast<1> >(int, at::native::direct_copy_kernel_cuda(at::TensorIteratorBase&)::{lambda()#3}::operator()() const::{lambda()#4}::operator()() const::{lambda(long)#1}, std::array<char*, 2ul>, TrivialOffsetCalculator<1, unsigned int>, TrivialOffsetCalculator<1, unsigned int>, at::native::memory::LoadWithCast<1>, at::native::memory::StoreWithCast<1>)",18,operator_shape_matched,aten::copy_,"[[34],[34],[]]","[""long int"",""int"",""Scalar""]",null,2,3.232
"void at::native::unrolled_elementwise_kernel<at::native::direct_copy_kernel_cuda(at::TensorIteratorBase&)::{lambda()#3}::operator()() const::{lambda()#4}::operator()() const::{lambda(long)#1}, std::array<char*, 2ul>, 4, TrivialOffsetCalculator<1, unsigned int>, TrivialOffsetCalculator<1, unsigned int>, at::native::memory::LoadWithCast<1>, at::native::memory::StoreWithCast<1> >(int, at::native::direct_copy_kernel_cuda(at::TensorIteratorBase&)::{lambda()#3}::operator()() const::{lambda()#4}::operator()() const::{lambda(long)#1}, std::array<char*, 2ul>, TrivialOffsetCalculator<1, unsigned int>, TrivialOffsetCalculator<1, unsigned int>, at::native::memory::LoadWithCast<1>, at::native::memory::StoreWithCast<1>)",19,operator_shape_matched,aten::copy_,"[[38],[38],[]]","[""long int"",""int"",""Scalar""]",null,2,3.232
"void at::native::unrolled_elementwise_kernel<at::native::direct_copy_kernel_cuda(at::TensorIteratorBase&)::{lambda()#3}::operator()() const::{lambda()#4}::operator()() const::{lambda(long)#1}, std::array<char*, 2ul>, 4, TrivialOffsetCalculator<1, unsigned int>, TrivialOffsetCalculator<1, unsigned int>, at::native::memory::LoadWithCast<1>, at::native::memory::StoreWithCast<1> >(int, at::native::direct_copy_kernel_cuda(at::TensorIteratorBase&)::{lambda()#3}::operator()() const::{lambda()#4}::operator()() const::{lambda(long)#1}, std::array<char*, 2ul>, TrivialOffsetCalculator<1, unsigned int>, TrivialOffsetCalculator<1, unsigned int>, at::native::memory::LoadWithCast<1>, at::native::memory::StoreWithCast<1>)",20,operator_shape_matched,aten::copy_,"[[46],[46],[]]","[""long int"",""int"",""Scalar""]",null,2,3.232
"void at::native::unrolled_elementwise_kernel<at::native::direct_copy_kernel_cuda(at::TensorIteratorBase&)::{lambda()#3}::operator()() const::{lambda()#4}::operator()() const::{lambda(long)#1}, std::array<char*, 2ul>, 4, TrivialOffsetCalculator<1, unsigned int>, TrivialOffsetCalculator<1, unsigned int>, at::native::memory::LoadWithCast<1>, at::native::memory::StoreWithCast<1> >(int, at::native::direct_copy_kernel_cuda(at::TensorIteratorBase&)::{lambda()#3}::operator()() const::{lambda()#4}::operator()() const::{lambda(long)#1}, std::array<char*, 2ul>, TrivialOffsetCalculator<1, unsigned int>, TrivialOffsetCalculator<1, unsigned int>, at::native::memory::LoadWithCast<1>, at::native::memory::StoreWithCast<1>)",21,operator_shape_matched,aten::copy_,"[[50],[50],[]]","[""long int"",""int"",""Scalar""]",null,2,3.232
"void at::native::unrolled_elementwise_kernel<at::native::direct_copy_kernel_cuda(at::TensorIteratorBase&)::{lambda()#3}::operator()() const::{lambda()#4}::operator()() const::{lambda(long)#1}, std::array<char*, 2ul>, 4, TrivialOffsetCalculator<1, unsigned int>, TrivialOffsetCalculator<1, unsigned int>, at::native::memory::LoadWithCast<1>, at::native::memory::StoreWithCast<1> >(int, at::native::direct_copy_kernel_cuda(at::TensorIteratorBase&)::{lambda()#3}::operator()() const::{lambda()#4}::operator()() const::{lambda(long)#1}, std::array<char*, 2ul>, TrivialOffsetCalculator<1, unsigned int>, TrivialOffsetCalculator<1, unsigned int>, at::native::memory::LoadWithCast<1>, at::native::memory::StoreWithCast<1>)",22,operator_shape_matched,aten::copy_,"[[60],[60],[]]","[""long int"",""int"",""Scalar""]",null,2,3.232
"void at::native::unrolled_elementwise_kernel<at::native::direct_copy_kernel_cuda(at::TensorIteratorBase&)::{lambda()#3}::operator()() const::{lambda()#4}::operator()() const::{lambda(long)#1}, std::array<char*, 2ul>, 4, TrivialOffsetCalculator<1, unsigned int>, TrivialOffsetCalculator<1, unsigned int>, at::native::memory::LoadWithCast<1>, at::native::memory::StoreWithCast<1> >(int, at::native::direct_copy_kernel_cuda(at::TensorIteratorBase&)::{lambda()#3}::operator()() const::{lambda()#4}::operator()() const::{lambda(long)#1}, std::array<char*, 2ul>, TrivialOffsetCalculator<1, unsigned int>, TrivialOffsetCalculator<1, unsigned int>, at::native::memory::LoadWithCast<1>, at::native::memory::StoreWithCast<1>)",23,operator_shape_matched,aten::copy_,"[[8],[8],[]]","[""long int"",""int"",""Scalar""]",null,2,3.232
"void at::native::unrolled_elementwise_kernel<at::native::direct_copy_kernel_cuda(at::TensorIteratorBase&)::{lambda()#3}::operator()() const::{lambda()#4}::operator()() const::{lambda(long)#1}, std::array<char*, 2ul>, 4, TrivialOffsetCalculator<1, unsigned int>, TrivialOffsetCalculator<1, unsigned int>, at::native::memory::LoadWithCast<1>, at::native::memory::StoreWithCast<1> >(int, at::native::direct_copy_kernel_cuda(at::TensorIteratorBase&)::{lambda()#3}::operator()() const::{lambda()#4}::operator()() const::{lambda(long)#1}, std::array<char*, 2ul>, TrivialOffsetCalculator<1, unsigned int>, TrivialOffsetCalculator<1, unsigned int>, at::native::memory::LoadWithCast<1>, at::native::memory::StoreWithCast<1>)",24,operator_shape_matched,aten::copy_,"[[42],[42],[]]","[""long int"",""int"",""Scalar""]",null,2,3.201
"void at::native::unrolled_elementwise_kernel<at::native::direct_copy_kernel_cuda(at::TensorIteratorBase&)::{lambda()#3}::operator()() const::{lambda()#4}::operator()() const::{lambda(long)#1}, std::array<char*, 2ul>, 4, TrivialOffsetCalculator<1, unsigned int>, TrivialOffsetCalculator<1, unsigned int>, at::native::memory::LoadWithCast<1>, at::native::memory::StoreWithCast<1> >(int, at::native::direct_copy_kernel_cuda(at::TensorIteratorBase&)::{lambda()#3}::operator()() const::{lambda()#4}::operator()() const::{lambda(long)#1}, std::array<char*, 2ul>, TrivialOffsetCalculator<1, unsigned int>, TrivialOffsetCalculator<1, unsigned int>, at::native::memory::LoadWithCast<1>, at::native::memory::StoreWithCast<1>)",25,operator_shape_matched,aten::copy_,"[[56],[56],[]]","[""long int"",""int"",""Scalar""]",null,2,3.201
"void at::native::unrolled_elementwise_kernel<at::native::direct_copy_kernel_cuda(at::TensorIteratorBase&)::{lambda()#3}::operator()() const::{lambda()#4}::operator()() const::{lambda(long)#1}, std::array<char*, 2ul>, 4, TrivialOffsetCalculator<1, unsigned int>, TrivialOffsetCalculator<1, unsigned int>, at::native::memory::LoadWithCast<1>, at::native::memory::StoreWithCast<1> >(int, at::native::direct_copy_kernel_cuda(at::TensorIteratorBase&)::{lambda()#3}::operator()() const::{lambda()#4}::operator()() const::{lambda(long)#1}, std::array<char*, 2ul>, TrivialOffsetCalculator<1, unsigned int>, TrivialOffsetCalculator<1, unsigned int>, at::native::memory::LoadWithCast<1>, at::native::memory::StoreWithCast<1>)",26,operator_shape_matched,aten::copy_,"[[18],[18],[]]","[""long int"",""int"",""Scalar""]",null,2,3.2
"void at::native::unrolled_elementwise_kernel<at::native::direct_copy_kernel_cuda(at::TensorIteratorBase&)::{lambda()#3}::operator()() const::{lambda()#4}::operator()() const::{lambda(long)#1}, std::array<char*, 2ul>, 4, TrivialOffsetCalculator<1, unsigned int>, TrivialOffsetCalculator<1, unsigned int>, at::native::memory::LoadWithCast<1>, at::native::memory::StoreWithCast<1> >(int, at::native::direct_copy_kernel_cuda(at::TensorIteratorBase&)::{lambda()#3}::operator()() const::{lambda()#4}::operator()() const::{lambda(long)#1}, std::array<char*, 2ul>, TrivialOffsetCalculator<1, unsigned int>, TrivialOffsetCalculator<1, unsigned int>, at::native::memory::LoadWithCast<1>, at::native::memory::StoreWithCast<1>)",27,operator_shape_matched,aten::copy_,"[[10],[10],[]]","[""long int"",""int"",""Scalar""]",null,2,3.168
"void at::native::unrolled_elementwise_kernel<at::native::direct_copy_kernel_cuda(at::TensorIteratorBase&)::{lambda()#3}::operator()() const::{lambda()#4}::operator()() const::{lambda(long)#1}, std::array<char*, 2ul>, 4, TrivialOffsetCalculator<1, unsigned int>, TrivialOffsetCalculator<1, unsigned int>, at::native::memory::LoadWithCast<1>, at::native::memory::StoreWithCast<1> >(int, at::native::direct_copy_kernel_cuda(at::TensorIteratorBase&)::{lambda()#3}::operator()() const::{lambda()#4}::operator()() const::{lambda(long)#1}, std::array<char*, 2ul>, TrivialOffsetCalculator<1, unsigned int>, TrivialOffsetCalculator<1, unsigned int>, at::native::memory::LoadWithCast<1>, at::native::memory::StoreWithCast<1>)",28,operator_shape_matched,aten::copy_,"[[52],[52],[]]","[""long int"",""int"",""Scalar""]",null,2,3.168
"void at::native::unrolled_elementwise_kernel<at::native::direct_copy_kernel_cuda(at::TensorIteratorBase&)::{lambda()#3}::operator()() const::{lambda()#4}::operator()() const::{lambda(long)#1}, std::array<char*, 2ul>, 4, TrivialOffsetCalculator<1, unsigned int>, TrivialOffsetCalculator<1, unsigned int>, at::native::memory::LoadWithCast<1>, at::native::memory::StoreWithCast<1> >(int, at::native::direct_copy_kernel_cuda(at::TensorIteratorBase&)::{lambda()#3}::operator()() const::{lambda()#4}::operator()() const::{lambda(long)#1}, std::array<char*, 2ul>, TrivialOffsetCalculator<1, unsigned int>, TrivialOffsetCalculator<1, unsigned int>, at::native::memory::LoadWithCast<1>, at::native::memory::StoreWithCast<1>)",29,operator_shape_matched,aten::copy_,"[[12],[12],[]]","[""long int"",""int"",""Scalar""]",null,2,3.167
"void at::native::unrolled_elementwise_kernel<at::native::direct_copy_kernel_cuda(at::TensorIteratorBase&)::{lambda()#3}::operator()() const::{lambda()#4}::operator()() const::{lambda(long)#1}, std::array<char*, 2ul>, 4, TrivialOffsetCalculator<1, unsigned int>, TrivialOffsetCalculator<1, unsigned int>, at::native::memory::LoadWithCast<1>, at::native::memory::StoreWithCast<1> >(int, at::native::direct_copy_kernel_cuda(at::TensorIteratorBase&)::{lambda()#3}::operator()() const::{lambda()#4}::operator()() const::{lambda(long)#1}, std::array<char*, 2ul>, TrivialOffsetCalculator<1, unsigned int>, TrivialOffsetCalculator<1, unsigned int>, at::native::memory::LoadWithCast<1>, at::native::memory::StoreWithCast<1>)",30,operator_shape_matched,aten::copy_,"[[14],[14],[]]","[""long int"",""int"",""Scalar""]",null,2,3.136
"void at::native::unrolled_elementwise_kernel<at::native::direct_copy_kernel_cuda(at::TensorIteratorBase&)::{lambda()#3}::operator()() const::{lambda()#4}::operator()() const::{lambda(long)#1}, std::array<char*, 2ul>, 4, TrivialOffsetCalculator<1, unsigned int>, TrivialOffsetCalculator<1, unsigned int>, at::native::memory::LoadWithCast<1>, at::native::memory::StoreWithCast<1> >(int, at::native::direct_copy_kernel_cuda(at::TensorIteratorBase&)::{lambda()#3}::operator()() const::{lambda()#4}::operator()() const::{lambda(long)#1}, std::array<char*, 2ul>, TrivialOffsetCalculator<1, unsigned int>, TrivialOffsetCalculator<1, unsigned int>, at::native::memory::LoadWithCast<1>, at::native::memory::StoreWithCast<1>)",31,operator_shape_matched,aten::copy_,"[[16],[16],[]]","[""long int"",""int"",""Scalar""]",null,2,3.136
"void at::native::unrolled_elementwise_kernel<at::native::direct_copy_kernel_cuda(at::TensorIteratorBase&)::{lambda()#3}::operator()() const::{lambda()#4}::operator()() const::{lambda(long)#1}, std::array<char*, 2ul>, 4, TrivialOffsetCalculator<1, unsigned int>, TrivialOffsetCalculator<1, unsigned int>, at::native::memory::LoadWithCast<1>, at::native::memory::StoreWithCast<1> >(int, at::native::direct_copy_kernel_cuda(at::TensorIteratorBase&)::{lambda()#3}::operator()() const::{lambda()#4}::operator()() const::{lambda(long)#1}, std::array<char*, 2ul>, TrivialOffsetCalculator<1, unsigned int>, TrivialOffsetCalculator<1, unsigned int>, at::native::memory::LoadWithCast<1>, at::native::memory::StoreWithCast<1>)",32,operator_shape_matched,aten::copy_,"[[6],[6],[]]","[""long int"",""int"",""Scalar""]",null,2,3.136
"void at::native::unrolled_elementwise_kernel<at::native::direct_copy_kernel_cuda(at::TensorIteratorBase&)::{lambda()#3}::operator()() const::{lambda()#4}::operator()() const::{lambda(long)#1}, std::array<char*, 2ul>, 4, TrivialOffsetCalculator<1, unsigned int>, TrivialOffsetCalculator<1, unsigned int>, at::native::memory::LoadWithCast<1>, at::native::memory::StoreWithCast<1> >(int, at::native::direct_copy_kernel_cuda(at::TensorIteratorBase&)::{lambda()#3}::operator()() const::{lambda()#4}::operator()() const::{lambda(long)#1}, std::array<char*, 2ul>, TrivialOffsetCalculator<1, unsigned int>, TrivialOffsetCalculator<1, unsigned int>, at::native::memory::LoadWithCast<1>, at::native::memory::StoreWithCast<1>)",33,operator_shape_matched,aten::copy_,"[[32],[32],[]]","[""long int"",""int"",""Scalar""]",null,2,3.104
"void at::native::unrolled_elementwise_kernel<at::native::direct_copy_kernel_cuda(at::TensorIteratorBase&)::{lambda()#3}::operator()() const::{lambda()#4}::operator()() const::{lambda(long)#1}, std::array<char*, 2ul>, 4, TrivialOffsetCalculator<1, unsigned int>, TrivialOffsetCalculator<1, unsigned int>, at::native::memory::LoadWithCast<1>, at::native::memory::StoreWithCast<1> >(int, at::native::direct_copy_kernel_cuda(at::TensorIteratorBase&)::{lambda()#3}::operator()() const::{lambda()#4}::operator()() const::{lambda(long)#1}, std::array<char*, 2ul>, TrivialOffsetCalculator<1, unsigned int>, TrivialOffsetCalculator<1, unsigned int>, at::native::memory::LoadWithCast<1>, at::native::memory::StoreWithCast<1>)",34,operator_shape_matched,aten::copy_,"[[40],[40],[]]","[""long int"",""int"",""Scalar""]",null,2,3.104
"void at::native::unrolled_elementwise_kernel<at::native::direct_copy_kernel_cuda(at::TensorIteratorBase&)::{lambda()#3}::operator()() const::{lambda()#4}::operator()() const::{lambda(long)#1}, std::array<char*, 2ul>, 4, TrivialOffsetCalculator<1, unsigned int>, TrivialOffsetCalculator<1, unsigned int>, at::native::memory::LoadWithCast<1>, at::native::memory::StoreWithCast<1> >(int, at::native::direct_copy_kernel_cuda(at::TensorIteratorBase&)::{lambda()#3}::operator()() const::{lambda()#4}::operator()() const::{lambda(long)#1}, std::array<char*, 2ul>, TrivialOffsetCalculator<1, unsigned int>, TrivialOffsetCalculator<1, unsigned int>, at::native::memory::LoadWithCast<1>, at::native::memory::StoreWithCast<1>)",35,operator_shape_matched,aten::copy_,"[[48],[48],[]]","[""long int"",""int"",""Scalar""]",null,2,3.104
"void at::native::unrolled_elementwise_kernel<at::native::direct_copy_kernel_cuda(at::TensorIteratorBase&)::{lambda()#3}::operator()() const::{lambda()#4}::operator()() const::{lambda(long)#1}, std::array<char*, 2ul>, 4, TrivialOffsetCalculator<1, unsigned int>, TrivialOffsetCalculator<1, unsigned int>, at::native::memory::LoadWithCast<1>, at::native::memory::StoreWithCast<1> >(int, at::native::direct_copy_kernel_cuda(at::TensorIteratorBase&)::{lambda()#3}::operator()() const::{lambda()#4}::operator()() const::{lambda(long)#1}, std::array<char*, 2ul>, TrivialOffsetCalculator<1, unsigned int>, TrivialOffsetCalculator<1, unsigned int>, at::native::memory::LoadWithCast<1>, at::native::memory::StoreWithCast<1>)",36,operator_shape_matched,aten::copy_,"[[36],[36],[]]","[""long int"",""int"",""Scalar""]",null,2,3.072
"void at::native::unrolled_elementwise_kernel<at::native::direct_copy_kernel_cuda(at::TensorIteratorBase&)::{lambda()#3}::operator()() const::{lambda()#4}::operator()() const::{lambda(long)#1}, std::array<char*, 2ul>, 4, TrivialOffsetCalculator<1, unsigned int>, TrivialOffsetCalculator<1, unsigned int>, at::native::memory::LoadWithCast<1>, at::native::memory::StoreWithCast<1> >(int, at::native::direct_copy_kernel_cuda(at::TensorIteratorBase&)::{lambda()#3}::operator()() const::{lambda()#4}::operator()() const::{lambda(long)#1}, std::array<char*, 2ul>, TrivialOffsetCalculator<1, unsigned int>, TrivialOffsetCalculator<1, unsigned int>, at::native::memory::LoadWithCast<1>, at::native::memory::StoreWithCast<1>)",37,operator_shape_matched,aten::copy_,"[[4096],[4096],[]]","[""long int"",""int"",""Scalar""]",null,1,2.72
"void at::native::unrolled_elementwise_kernel<at::native::direct_copy_kernel_cuda(at::TensorIteratorBase&)::{lambda()#3}::operator()() const::{lambda()#4}::operator()() const::{lambda(long)#1}, std::array<char*, 2ul>, 4, TrivialOffsetCalculator<1, unsigned int>, TrivialOffsetCalculator<1, unsigned int>, at::native::memory::LoadWithCast<1>, at::native::memory::StoreWithCast<1> >(int, at::native::direct_copy_kernel_cuda(at::TensorIteratorBase&)::{lambda()#3}::operator()() const::{lambda()#4}::operator()() const::{lambda(long)#1}, std::array<char*, 2ul>, TrivialOffsetCalculator<1, unsigned int>, TrivialOffsetCalculator<1, unsigned int>, at::native::memory::LoadWithCast<1>, at::native::memory::StoreWithCast<1>)",38,operator_shape_matched,aten::copy_,"[[5089],[5089],[]]","[""long int"",""int"",""Scalar""]",null,1,2.688
"void at::native::unrolled_elementwise_kernel<at::native::direct_copy_kernel_cuda(at::TensorIteratorBase&)::{lambda()#3}::operator()() const::{lambda()#4}::operator()() const::{lambda(long)#1}, std::array<char*, 2ul>, 4, TrivialOffsetCalculator<1, unsigned int>, TrivialOffsetCalculator<1, unsigned int>, at::native::memory::LoadWithCast<1>, at::native::memory::StoreWithCast<1> >(int, at::native::direct_copy_kernel_cuda(at::TensorIteratorBase&)::{lambda()#3}::operator()() const::{lambda()#4}::operator()() const::{lambda(long)#1}, std::array<char*, 2ul>, TrivialOffsetCalculator<1, unsigned int>, TrivialOffsetCalculator<1, unsigned int>, at::native::memory::LoadWithCast<1>, at::native::memory::StoreWithCast<1>)",39,operator_shape_matched,aten::copy_,"[[49],[49],[]]","[""long int"",""int"",""Scalar""]",null,1,1.952
"void at::native::unrolled_elementwise_kernel<at::native::direct_copy_kernel_cuda(at::TensorIteratorBase&)::{lambda()#3}::operator()() const::{lambda()#4}::operator()() const::{lambda(long)#1}, std::array<char*, 2ul>, 4, TrivialOffsetCalculator<1, unsigned int>, TrivialOffsetCalculator<1, unsigned int>, at::native::memory::LoadWithCast<1>, at::native::memory::StoreWithCast<1> >(int, at::native::direct_copy_kernel_cuda(at::TensorIteratorBase&)::{lambda()#3}::operator()() const::{lambda()#4}::operator()() const::{lambda(long)#1}, std::array<char*, 2ul>, TrivialOffsetCalculator<1, unsigned int>, TrivialOffsetCalculator<1, unsigned int>, at::native::memory::LoadWithCast<1>, at::native::memory::StoreWithCast<1>)",40,operator_shape_matched,aten::copy_,"[[61],[61],[]]","[""long int"",""int"",""Scalar""]",null,1,1.952
"void at::native::unrolled_elementwise_kernel<at::native::direct_copy_kernel_cuda(at::TensorIteratorBase&)::{lambda()#3}::operator()() const::{lambda()#4}::operator()() const::{lambda(long)#1}, std::array<char*, 2ul>, 4, TrivialOffsetCalculator<1, unsigned int>, TrivialOffsetCalculator<1, unsigned int>, at::native::memory::LoadWithCast<1>, at::native::memory::StoreWithCast<1> >(int, at::native::direct_copy_kernel_cuda(at::TensorIteratorBase&)::{lambda()#3}::operator()() const::{lambda()#4}::operator()() const::{lambda(long)#1}, std::array<char*, 2ul>, TrivialOffsetCalculator<1, unsigned int>, TrivialOffsetCalculator<1, unsigned int>, at::native::memory::LoadWithCast<1>, at::native::memory::StoreWithCast<1>)",41,operator_shape_matched,aten::copy_,"[[9],[9],[]]","[""long int"",""int"",""Scalar""]",null,1,1.92
"void at::native::unrolled_elementwise_kernel<at::native::direct_copy_kernel_cuda(at::TensorIteratorBase&)::{lambda()#3}::operator()() const::{lambda()#4}::operator()() const::{lambda(long)#1}, std::array<char*, 2ul>, 4, TrivialOffsetCalculator<1, unsigned int>, TrivialOffsetCalculator<1, unsigned int>, at::native::memory::LoadWithCast<1>, at::native::memory::StoreWithCast<1> >(int, at::native::direct_copy_kernel_cuda(at::TensorIteratorBase&)::{lambda()#3}::operator()() const::{lambda()#4}::operator()() const::{lambda(long)#1}, std::array<char*, 2ul>, TrivialOffsetCalculator<1, unsigned int>, TrivialOffsetCalculator<1, unsigned int>, at::native::memory::LoadWithCast<1>, at::native::memory::StoreWithCast<1>)",42,operator_shape_matched,aten::copy_,"[[37],[37],[]]","[""long int"",""int"",""Scalar""]",null,1,1.888
"void at::native::unrolled_elementwise_kernel<at::native::direct_copy_kernel_cuda(at::TensorIteratorBase&)::{lambda()#3}::operator()() const::{lambda()#4}::operator()() const::{lambda(long)#1}, std::array<char*, 2ul>, 4, TrivialOffsetCalculator<1, unsigned int>, TrivialOffsetCalculator<1, unsigned int>, at::native::memory::LoadWithCast<1>, at::native::memory::StoreWithCast<1> >(int, at::native::direct_copy_kernel_cuda(at::TensorIteratorBase&)::{lambda()#3}::operator()() const::{lambda()#4}::operator()() const::{lambda(long)#1}, std::array<char*, 2ul>, TrivialOffsetCalculator<1, unsigned int>, TrivialOffsetCalculator<1, unsigned int>, at::native::memory::LoadWithCast<1>, at::native::memory::StoreWithCast<1>)",43,operator_shape_matched,aten::copy_,"[[25],[25],[]]","[""long int"",""int"",""Scalar""]",null,1,1.824
"void at::native::unrolled_elementwise_kernel<at::native::direct_copy_kernel_cuda(at::TensorIteratorBase&)::{lambda()#3}::operator()() const::{lambda()#4}::operator()() const::{lambda(long)#1}, std::array<char*, 2ul>, 4, TrivialOffsetCalculator<1, unsigned int>, TrivialOffsetCalculator<1, unsigned int>, at::native::memory::LoadWithCast<1>, at::native::memory::StoreWithCast<1> >(int, at::native::direct_copy_kernel_cuda(at::TensorIteratorBase&)::{lambda()#3}::operator()() const::{lambda()#4}::operator()() const::{lambda(long)#1}, std::array<char*, 2ul>, TrivialOffsetCalculator<1, unsigned int>, TrivialOffsetCalculator<1, unsigned int>, at::native::memory::LoadWithCast<1>, at::native::memory::StoreWithCast<1>)",44,operator_shape_matched,aten::copy_,"[[31],[31],[]]","[""long int"",""int"",""Scalar""]",null,1,1.824
"void at::native::unrolled_elementwise_kernel<at::native::direct_copy_kernel_cuda(at::TensorIteratorBase&)::{lambda()#3}::operator()() const::{lambda()#4}::operator()() const::{lambda(long)#1}, std::array<char*, 2ul>, 4, TrivialOffsetCalculator<1, unsigned int>, TrivialOffsetCalculator<1, unsigned int>, at::native::memory::LoadWithCast<1>, at::native::memory::StoreWithCast<1> >(int, at::native::direct_copy_kernel_cuda(at::TensorIteratorBase&)::{lambda()#3}::operator()() const::{lambda()#4}::operator()() const::{lambda(long)#1}, std::array<char*, 2ul>, TrivialOffsetCalculator<1, unsigned int>, TrivialOffsetCalculator<1, unsigned int>, at::native::memory::LoadWithCast<1>, at::native::memory::StoreWithCast<1>)",45,operator_shape_matched,aten::copy_,"[[13],[13],[]]","[""long int"",""int"",""Scalar""]",null,1,1.793
"void at::native::unrolled_elementwise_kernel<at::native::direct_copy_kernel_cuda(at::TensorIteratorBase&)::{lambda()#3}::operator()() const::{lambda()#4}::operator()() const::{lambda(long)#1}, std::array<char*, 2ul>, 4, TrivialOffsetCalculator<1, unsigned int>, TrivialOffsetCalculator<1, unsigned int>, at::native::memory::LoadWithCast<1>, at::native::memory::StoreWithCast<1> >(int, at::native::direct_copy_kernel_cuda(at::TensorIteratorBase&)::{lambda()#3}::operator()() const::{lambda()#4}::operator()() const::{lambda(long)#1}, std::array<char*, 2ul>, TrivialOffsetCalculator<1, unsigned int>, TrivialOffsetCalculator<1, unsigned int>, at::native::memory::LoadWithCast<1>, at::native::memory::StoreWithCast<1>)",46,operator_shape_matched,aten::copy_,"[[23],[23],[]]","[""long int"",""int"",""Scalar""]",null,1,1.792
"void at::native::unrolled_elementwise_kernel<at::native::direct_copy_kernel_cuda(at::TensorIteratorBase&)::{lambda()#3}::operator()() const::{lambda()#4}::operator()() const::{lambda(long)#1}, std::array<char*, 2ul>, 4, TrivialOffsetCalculator<1, unsigned int>, TrivialOffsetCalculator<1, unsigned int>, at::native::memory::LoadWithCast<1>, at::native::memory::StoreWithCast<1> >(int, at::native::direct_copy_kernel_cuda(at::TensorIteratorBase&)::{lambda()#3}::operator()() const::{lambda()#4}::operator()() const::{lambda(long)#1}, std::array<char*, 2ul>, TrivialOffsetCalculator<1, unsigned int>, TrivialOffsetCalculator<1, unsigned int>, at::native::memory::LoadWithCast<1>, at::native::memory::StoreWithCast<1>)",47,operator_shape_matched,aten::copy_,"[[55],[55],[]]","[""long int"",""int"",""Scalar""]",null,1,1.792
"void at::native::unrolled_elementwise_kernel<at::native::direct_copy_kernel_cuda(at::TensorIteratorBase&)::{lambda()#3}::operator()() const::{lambda()#4}::operator()() const::{lambda(long)#1}, std::array<char*, 2ul>, 4, TrivialOffsetCalculator<1, unsigned int>, TrivialOffsetCalculator<1, unsigned int>, at::native::memory::LoadWithCast<1>, at::native::memory::StoreWithCast<1> >(int, at::native::direct_copy_kernel_cuda(at::TensorIteratorBase&)::{lambda()#3}::operator()() const::{lambda()#4}::operator()() const::{lambda(long)#1}, std::array<char*, 2ul>, TrivialOffsetCalculator<1, unsigned int>, TrivialOffsetCalculator<1, unsigned int>, at::native::memory::LoadWithCast<1>, at::native::memory::StoreWithCast<1>)",48,operator_shape_matched,aten::copy_,"[[17],[17],[]]","[""long int"",""int"",""Scalar""]",null,1,1.76
"void at::native::unrolled_elementwise_kernel<at::native::direct_copy_kernel_cuda(at::TensorIteratorBase&)::{lambda()#3}::operator()() const::{lambda()#4}::operator()() const::{lambda(long)#1}, std::array<char*, 2ul>, 4, TrivialOffsetCalculator<1, unsigned int>, TrivialOffsetCalculator<1, unsigned int>, at::native::memory::LoadWithCast<1>, at::native::memory::StoreWithCast<1> >(int, at::native::direct_copy_kernel_cuda(at::TensorIteratorBase&)::{lambda()#3}::operator()() const::{lambda()#4}::operator()() const::{lambda(long)#1}, std::array<char*, 2ul>, TrivialOffsetCalculator<1, unsigned int>, TrivialOffsetCalculator<1, unsigned int>, at::native::memory::LoadWithCast<1>, at::native::memory::StoreWithCast<1>)",49,operator_shape_matched,aten::copy_,"[[19],[19],[]]","[""long int"",""int"",""Scalar""]",null,1,1.76
"void at::native::unrolled_elementwise_kernel<at::native::direct_copy_kernel_cuda(at::TensorIteratorBase&)::{lambda()#3}::operator()() const::{lambda()#4}::operator()() const::{lambda(long)#1}, std::array<char*, 2ul>, 4, TrivialOffsetCalculator<1, unsigned int>, TrivialOffsetCalculator<1, unsigned int>, at::native::memory::LoadWithCast<1>, at::native::memory::StoreWithCast<1> >(int, at::native::direct_copy_kernel_cuda(at::TensorIteratorBase&)::{lambda()#3}::operator()() const::{lambda()#4}::operator()() const::{lambda(long)#1}, std::array<char*, 2ul>, TrivialOffsetCalculator<1, unsigned int>, TrivialOffsetCalculator<1, unsigned int>, at::native::memory::LoadWithCast<1>, at::native::memory::StoreWithCast<1>)",50,operator_shape_matched,aten::copy_,"[[39],[39],[]]","[""long int"",""int"",""Scalar""]",null,1,1.76
"void at::native::unrolled_elementwise_kernel<at::native::direct_copy_kernel_cuda(at::TensorIteratorBase&)::{lambda()#3}::operator()() const::{lambda()#4}::operator()() const::{lambda(long)#1}, std::array<char*, 2ul>, 4, TrivialOffsetCalculator<1, unsigned int>, TrivialOffsetCalculator<1, unsigned int>, at::native::memory::LoadWithCast<1>, at::native::memory::StoreWithCast<1> >(int, at::native::direct_copy_kernel_cuda(at::TensorIteratorBase&)::{lambda()#3}::operator()() const::{lambda()#4}::operator()() const::{lambda(long)#1}, std::array<char*, 2ul>, TrivialOffsetCalculator<1, unsigned int>, TrivialOffsetCalculator<1, unsigned int>, at::native::memory::LoadWithCast<1>, at::native::memory::StoreWithCast<1>)",51,operator_shape_matched,aten::copy_,"[[5],[5],[]]","[""long int"",""int"",""Scalar""]",null,1,1.76
"void at::native::unrolled_elementwise_kernel<at::native::direct_copy_kernel_cuda(at::TensorIteratorBase&)::{lambda()#3}::operator()() const::{lambda()#4}::operator()() const::{lambda(long)#1}, std::array<char*, 2ul>, 4, TrivialOffsetCalculator<1, unsigned int>, TrivialOffsetCalculator<1, unsigned int>, at::native::memory::LoadWithCast<1>, at::native::memory::StoreWithCast<1> >(int, at::native::direct_copy_kernel_cuda(at::TensorIteratorBase&)::{lambda()#3}::operator()() const::{lambda()#4}::operator()() const::{lambda(long)#1}, std::array<char*, 2ul>, TrivialOffsetCalculator<1, unsigned int>, TrivialOffsetCalculator<1, unsigned int>, at::native::memory::LoadWithCast<1>, at::native::memory::StoreWithCast<1>)",52,operator_shape_matched,aten::copy_,"[[51],[51],[]]","[""long int"",""int"",""Scalar""]",null,1,1.729
"void at::native::unrolled_elementwise_kernel<at::native::direct_copy_kernel_cuda(at::TensorIteratorBase&)::{lambda()#3}::operator()() const::{lambda()#4}::operator()() const::{lambda(long)#1}, std::array<char*, 2ul>, 4, TrivialOffsetCalculator<1, unsigned int>, TrivialOffsetCalculator<1, unsigned int>, at::native::memory::LoadWithCast<1>, at::native::memory::StoreWithCast<1> >(int, at::native::direct_copy_kernel_cuda(at::TensorIteratorBase&)::{lambda()#3}::operator()() const::{lambda()#4}::operator()() const::{lambda(long)#1}, std::array<char*, 2ul>, TrivialOffsetCalculator<1, unsigned int>, TrivialOffsetCalculator<1, unsigned int>, at::native::memory::LoadWithCast<1>, at::native::memory::StoreWithCast<1>)",53,operator_shape_matched,aten::copy_,"[[11],[11],[]]","[""long int"",""int"",""Scalar""]",null,1,1.728
"void at::native::unrolled_elementwise_kernel<at::native::direct_copy_kernel_cuda(at::TensorIteratorBase&)::{lambda()#3}::operator()() const::{lambda()#4}::operator()() const::{lambda(long)#1}, std::array<char*, 2ul>, 4, TrivialOffsetCalculator<1, unsigned int>, TrivialOffsetCalculator<1, unsigned int>, at::native::memory::LoadWithCast<1>, at::native::memory::StoreWithCast<1> >(int, at::native::direct_copy_kernel_cuda(at::TensorIteratorBase&)::{lambda()#3}::operator()() const::{lambda()#4}::operator()() const::{lambda(long)#1}, std::array<char*, 2ul>, TrivialOffsetCalculator<1, unsigned int>, TrivialOffsetCalculator<1, unsigned int>, at::native::memory::LoadWithCast<1>, at::native::memory::StoreWithCast<1>)",54,operator_shape_matched,aten::copy_,"[[21],[21],[]]","[""long int"",""int"",""Scalar""]",null,1,1.728
"void at::native::unrolled_elementwise_kernel<at::native::direct_copy_kernel_cuda(at::TensorIteratorBase&)::{lambda()#3}::operator()() const::{lambda()#4}::operator()() const::{lambda(long)#1}, std::array<char*, 2ul>, 4, TrivialOffsetCalculator<1, unsigned int>, TrivialOffsetCalculator<1, unsigned int>, at::native::memory::LoadWithCast<1>, at::native::memory::StoreWithCast<1> >(int, at::native::direct_copy_kernel_cuda(at::TensorIteratorBase&)::{lambda()#3}::operator()() const::{lambda()#4}::operator()() const::{lambda(long)#1}, std::array<char*, 2ul>, TrivialOffsetCalculator<1, unsigned int>, TrivialOffsetCalculator<1, unsigned int>, at::native::memory::LoadWithCast<1>, at::native::memory::StoreWithCast<1>)",55,operator_shape_matched,aten::copy_,"[[27],[27],[]]","[""long int"",""int"",""Scalar""]",null,1,1.728
"void at::native::unrolled_elementwise_kernel<at::native::direct_copy_kernel_cuda(at::TensorIteratorBase&)::{lambda()#3}::operator()() const::{lambda()#4}::operator()() const::{lambda(long)#1}, std::array<char*, 2ul>, 4, TrivialOffsetCalculator<1, unsigned int>, TrivialOffsetCalculator<1, unsigned int>, at::native::memory::LoadWithCast<1>, at::native::memory::StoreWithCast<1> >(int, at::native::direct_copy_kernel_cuda(at::TensorIteratorBase&)::{lambda()#3}::operator()() const::{lambda()#4}::operator()() const::{lambda(long)#1}, std::array<char*, 2ul>, TrivialOffsetCalculator<1, unsigned int>, TrivialOffsetCalculator<1, unsigned int>, at::native::memory::LoadWithCast<1>, at::native::memory::StoreWithCast<1>)",56,operator_shape_matched,aten::copy_,"[[41],[41],[]]","[""long int"",""int"",""Scalar""]",null,1,1.728
"void at::native::unrolled_elementwise_kernel<at::native::direct_copy_kernel_cuda(at::TensorIteratorBase&)::{lambda()#3}::operator()() const::{lambda()#4}::operator()() const::{lambda(long)#1}, std::array<char*, 2ul>, 4, TrivialOffsetCalculator<1, unsigned int>, TrivialOffsetCalculator<1, unsigned int>, at::native::memory::LoadWithCast<1>, at::native::memory::StoreWithCast<1> >(int, at::native::direct_copy_kernel_cuda(at::TensorIteratorBase&)::{lambda()#3}::operator()() const::{lambda()#4}::operator()() const::{lambda(long)#1}, std::array<char*, 2ul>, TrivialOffsetCalculator<1, unsigned int>, TrivialOffsetCalculator<1, unsigned int>, at::native::memory::LoadWithCast<1>, at::native::memory::StoreWithCast<1>)",57,operator_shape_matched,aten::copy_,"[[43],[43],[]]","[""long int"",""int"",""Scalar""]",null,1,1.728
"void at::native::unrolled_elementwise_kernel<at::native::direct_copy_kernel_cuda(at::TensorIteratorBase&)::{lambda()#3}::operator()() const::{lambda()#4}::operator()() const::{lambda(long)#1}, std::array<char*, 2ul>, 4, TrivialOffsetCalculator<1, unsigned int>, TrivialOffsetCalculator<1, unsigned int>, at::native::memory::LoadWithCast<1>, at::native::memory::StoreWithCast<1> >(int, at::native::direct_copy_kernel_cuda(at::TensorIteratorBase&)::{lambda()#3}::operator()() const::{lambda()#4}::operator()() const::{lambda(long)#1}, std::array<char*, 2ul>, TrivialOffsetCalculator<1, unsigned int>, TrivialOffsetCalculator<1, unsigned int>, at::native::memory::LoadWithCast<1>, at::native::memory::StoreWithCast<1>)",58,operator_shape_matched,aten::copy_,"[[47],[47],[]]","[""long int"",""int"",""Scalar""]",null,1,1.728
"void at::native::unrolled_elementwise_kernel<at::native::direct_copy_kernel_cuda(at::TensorIteratorBase&)::{lambda()#3}::operator()() const::{lambda()#4}::operator()() const::{lambda(long)#1}, std::array<char*, 2ul>, 4, TrivialOffsetCalculator<1, unsigned int>, TrivialOffsetCalculator<1, unsigned int>, at::native::memory::LoadWithCast<1>, at::native::memory::StoreWithCast<1> >(int, at::native::direct_copy_kernel_cuda(at::TensorIteratorBase&)::{lambda()#3}::operator()() const::{lambda()#4}::operator()() const::{lambda(long)#1}, std::array<char*, 2ul>, TrivialOffsetCalculator<1, unsigned int>, TrivialOffsetCalculator<1, unsigned int>, at::native::memory::LoadWithCast<1>, at::native::memory::StoreWithCast<1>)",59,operator_shape_matched,aten::copy_,"[[59],[59],[]]","[""long int"",""int"",""Scalar""]",null,1,1.728
"void at::native::unrolled_elementwise_kernel<at::native::direct_copy_kernel_cuda(at::TensorIteratorBase&)::{lambda()#3}::operator()() const::{lambda()#4}::operator()() const::{lambda(long)#1}, std::array<char*, 2ul>, 4, TrivialOffsetCalculator<1, unsigned int>, TrivialOffsetCalculator<1, unsigned int>, at::native::memory::LoadWithCast<1>, at::native::memory::StoreWithCast<1> >(int, at::native::direct_copy_kernel_cuda(at::TensorIteratorBase&)::{lambda()#3}::operator()() const::{lambda()#4}::operator()() const::{lambda(long)#1}, std::array<char*, 2ul>, TrivialOffsetCalculator<1, unsigned int>, TrivialOffsetCalculator<1, unsigned int>, at::native::memory::LoadWithCast<1>, at::native::memory::StoreWithCast<1>)",60,operator_shape_matched,aten::copy_,"[[45],[45],[]]","[""long int"",""int"",""Scalar""]",null,1,1.697
"void at::native::unrolled_elementwise_kernel<at::native::direct_copy_kernel_cuda(at::TensorIteratorBase&)::{lambda()#3}::operator()() const::{lambda()#4}::operator()() const::{lambda(long)#1}, std::array<char*, 2ul>, 4, TrivialOffsetCalculator<1, unsigned int>, TrivialOffsetCalculator<1, unsigned int>, at::native::memory::LoadWithCast<1>, at::native::memory::StoreWithCast<1> >(int, at::native::direct_copy_kernel_cuda(at::TensorIteratorBase&)::{lambda()#3}::operator()() const::{lambda()#4}::operator()() const::{lambda(long)#1}, std::array<char*, 2ul>, TrivialOffsetCalculator<1, unsigned int>, TrivialOffsetCalculator<1, unsigned int>, at::native::memory::LoadWithCast<1>, at::native::memory::StoreWithCast<1>)",61,operator_shape_matched,aten::copy_,"[[57],[57],[]]","[""long int"",""int"",""Scalar""]",null,1,1.697
"void at::native::unrolled_elementwise_kernel<at::native::direct_copy_kernel_cuda(at::TensorIteratorBase&)::{lambda()#3}::operator()() const::{lambda()#4}::operator()() const::{lambda(long)#1}, std::array<char*, 2ul>, 4, TrivialOffsetCalculator<1, unsigned int>, TrivialOffsetCalculator<1, unsigned int>, at::native::memory::LoadWithCast<1>, at::native::memory::StoreWithCast<1> >(int, at::native::direct_copy_kernel_cuda(at::TensorIteratorBase&)::{lambda()#3}::operator()() const::{lambda()#4}::operator()() const::{lambda(long)#1}, std::array<char*, 2ul>, TrivialOffsetCalculator<1, unsigned int>, TrivialOffsetCalculator<1, unsigned int>, at::native::memory::LoadWithCast<1>, at::native::memory::StoreWithCast<1>)",62,operator_shape_matched,aten::copy_,"[[15],[15],[]]","[""long int"",""int"",""Scalar""]",null,1,1.696
"void at::native::unrolled_elementwise_kernel<at::native::direct_copy_kernel_cuda(at::TensorIteratorBase&)::{lambda()#3}::operator()() const::{lambda()#4}::operator()() const::{lambda(long)#1}, std::array<char*, 2ul>, 4, TrivialOffsetCalculator<1, unsigned int>, TrivialOffsetCalculator<1, unsigned int>, at::native::memory::LoadWithCast<1>, at::native::memory::StoreWithCast<1> >(int, at::native::direct_copy_kernel_cuda(at::TensorIteratorBase&)::{lambda()#3}::operator()() const::{lambda()#4}::operator()() const::{lambda(long)#1}, std::array<char*, 2ul>, TrivialOffsetCalculator<1, unsigned int>, TrivialOffsetCalculator<1, unsigned int>, at::native::memory::LoadWithCast<1>, at::native::memory::StoreWithCast<1>)",63,operator_shape_matched,aten::copy_,"[[29],[29],[]]","[""long int"",""int"",""Scalar""]",null,1,1.696
"void at::native::unrolled_elementwise_kernel<at::native::direct_copy_kernel_cuda(at::TensorIteratorBase&)::{lambda()#3}::operator()() const::{lambda()#4}::operator()() const::{lambda(long)#1}, std::array<char*, 2ul>, 4, TrivialOffsetCalculator<1, unsigned int>, TrivialOffsetCalculator<1, unsigned int>, at::native::memory::LoadWithCast<1>, at::native::memory::StoreWithCast<1> >(int, at::native::direct_copy_kernel_cuda(at::TensorIteratorBase&)::{lambda()#3}::operator()() const::{lambda()#4}::operator()() const::{lambda(long)#1}, std::array<char*, 2ul>, TrivialOffsetCalculator<1, unsigned int>, TrivialOffsetCalculator<1, unsigned int>, at::native::memory::LoadWithCast<1>, at::native::memory::StoreWithCast<1>)",64,operator_shape_matched,aten::copy_,"[[33],[33],[]]","[""long int"",""int"",""Scalar""]",null,1,1.696
"void at::native::unrolled_elementwise_kernel<at::native::direct_copy_kernel_cuda(at::TensorIteratorBase&)::{lambda()#3}::operator()() const::{lambda()#4}::operator()() const::{lambda(long)#1}, std::array<char*, 2ul>, 4, TrivialOffsetCalculator<1, unsigned int>, TrivialOffsetCalculator<1, unsigned int>, at::native::memory::LoadWithCast<1>, at::native::memory::StoreWithCast<1> >(int, at::native::direct_copy_kernel_cuda(at::TensorIteratorBase&)::{lambda()#3}::operator()() const::{lambda()#4}::operator()() const::{lambda(long)#1}, std::array<char*, 2ul>, TrivialOffsetCalculator<1, unsigned int>, TrivialOffsetCalculator<1, unsigned int>, at::native::memory::LoadWithCast<1>, at::native::memory::StoreWithCast<1>)",65,operator_shape_matched,aten::copy_,"[[53],[53],[]]","[""long int"",""int"",""Scalar""]",null,1,1.696
"void at::native::unrolled_elementwise_kernel<at::native::direct_copy_kernel_cuda(at::TensorIteratorBase&)::{lambda()#3}::operator()() const::{lambda()#4}::operator()() const::{lambda(long)#1}, std::array<char*, 2ul>, 4, TrivialOffsetCalculator<1, unsigned int>, TrivialOffsetCalculator<1, unsigned int>, at::native::memory::LoadWithCast<1>, at::native::memory::StoreWithCast<1> >(int, at::native::direct_copy_kernel_cuda(at::TensorIteratorBase&)::{lambda()#3}::operator()() const::{lambda()#4}::operator()() const::{lambda(long)#1}, std::array<char*, 2ul>, TrivialOffsetCalculator<1, unsigned int>, TrivialOffsetCalculator<1, unsigned int>, at::native::memory::LoadWithCast<1>, at::native::memory::StoreWithCast<1>)",66,operator_shape_matched,aten::copy_,"[[7],[7],[]]","[""long int"",""int"",""Scalar""]",null,1,1.696
"void at::native::unrolled_elementwise_kernel<at::native::direct_copy_kernel_cuda(at::TensorIteratorBase&)::{lambda()#3}::operator()() const::{lambda()#4}::operator()() const::{lambda(long)#1}, std::array<char*, 2ul>, 4, TrivialOffsetCalculator<1, unsigned int>, TrivialOffsetCalculator<1, unsigned int>, at::native::memory::LoadWithCast<1>, at::native::memory::StoreWithCast<1> >(int, at::native::direct_copy_kernel_cuda(at::TensorIteratorBase&)::{lambda()#3}::operator()() const::{lambda()#4}::operator()() const::{lambda(long)#1}, std::array<char*, 2ul>, TrivialOffsetCalculator<1, unsigned int>, TrivialOffsetCalculator<1, unsigned int>, at::native::memory::LoadWithCast<1>, at::native::memory::StoreWithCast<1>)",67,operator_shape_matched,aten::copy_,"[[35],[35],[]]","[""long int"",""int"",""Scalar""]",null,1,1.632
sub_func_kernel_rank_1,1,operator_shape_matched,aten::sub,"[[64],[64],[]]","[""int"",""int"",""Scalar""]",null,6048,6087.767
sub_func_kernel_rank_1,2,operator_shape_matched,aten::sub,"[[32],[32],[]]","[""int"",""int"",""Scalar""]",null,48,47.906
sub_func_kernel_rank_1,3,operator_shape_matched,aten::sub,"[[16],[16],[]]","[""int"",""int"",""Scalar""]",null,24,24.195
sub_func_kernel_rank_1,4,operator_shape_matched,aten::sub,"[[1],[1],[]]","[""int"",""int"",""Scalar""]",null,12,12.194
sub_func_kernel_rank_1,5,operator_shape_matched,aten::sub,"[[8],[8],[]]","[""int"",""int"",""Scalar""]",null,12,12.063
sub_func_kernel_rank_1,6,operator_shape_matched,aten::sub,"[[5],[5],[]]","[""int"",""int"",""Scalar""]",null,6,6.401
sub_func_kernel_rank_1,7,operator_shape_matched,aten::sub,"[[25],[25],[]]","[""int"",""int"",""Scalar""]",null,6,6.4
sub_func_kernel_rank_1,8,operator_shape_matched,aten::sub,"[[31],[31],[]]","[""int"",""int"",""Scalar""]",null,6,6.336
sub_func_kernel_rank_1,9,operator_shape_matched,aten::sub,"[[7],[7],[]]","[""int"",""int"",""Scalar""]",null,6,6.306
sub_func_kernel_rank_1,10,operator_shape_matched,aten::sub,"[[49],[49],[]]","[""int"",""int"",""Scalar""]",null,6,6.271
sub_func_kernel_rank_1,11,operator_shape_matched,aten::sub,"[[29],[29],[]]","[""int"",""int"",""Scalar""]",null,6,6.238
sub_func_kernel_rank_1,12,operator_shape_matched,aten::sub,"[[19],[19],[]]","[""int"",""int"",""Scalar""]",null,6,6.209
sub_func_kernel_rank_1,13,operator_shape_matched,aten::sub,"[[11],[11],[]]","[""int"",""int"",""Scalar""]",null,6,6.208
sub_func_kernel_rank_1,14,operator_shape_matched,aten::sub,"[[13],[13],[]]","[""int"",""int"",""Scalar""]",null,6,6.208
sub_func_kernel_rank_1,15,operator_shape_matched,aten::sub,"[[21],[21],[]]","[""int"",""int"",""Scalar""]",null,6,6.208
sub_func_kernel_rank_1,16,operator_shape_matched,aten::sub,"[[23],[23],[]]","[""int"",""int"",""Scalar""]",null,6,6.208
sub_func_kernel_rank_1,17,operator_shape_matched,aten::sub,"[[27],[27],[]]","[""int"",""int"",""Scalar""]",null,6,6.208
sub_func_kernel_rank_1,18,operator_shape_matched,aten::sub,"[[9],[9],[]]","[""int"",""int"",""Scalar""]",null,6,6.208
sub_func_kernel_rank_1,19,operator_shape_matched,aten::sub,"[[41],[41],[]]","[""int"",""int"",""Scalar""]",null,6,6.177
sub_func_kernel_rank_1,20,operator_shape_matched,aten::sub,"[[55],[55],[]]","[""int"",""int"",""Scalar""]",null,6,6.177
sub_func_kernel_rank_1,21,operator_shape_matched,aten::sub,"[[17],[17],[]]","[""int"",""int"",""Scalar""]",null,6,6.176
sub_func_kernel_rank_1,22,operator_shape_matched,aten::sub,"[[39],[39],[]]","[""int"",""int"",""Scalar""]",null,6,6.176
sub_func_kernel_rank_1,23,operator_shape_matched,aten::sub,"[[15],[15],[]]","[""int"",""int"",""Scalar""]",null,6,6.175
sub_func_kernel_rank_1,24,operator_shape_matched,aten::sub,"[[53],[53],[]]","[""int"",""int"",""Scalar""]",null,6,6.175
sub_func_kernel_rank_1,25,operator_shape_matched,aten::sub,"[[61],[61],[]]","[""int"",""int"",""Scalar""]",null,6,6.175
sub_func_kernel_rank_1,26,operator_shape_matched,aten::sub,"[[47],[47],[]]","[""int"",""int"",""Scalar""]",null,6,6.173
sub_func_kernel_rank_1,27,operator_shape_matched,aten::sub,"[[33],[33],[]]","[""int"",""int"",""Scalar""]",null,6,6.144
sub_func_kernel_rank_1,28,operator_shape_matched,aten::sub,"[[35],[35],[]]","[""int"",""int"",""Scalar""]",null,6,6.144
sub_func_kernel_rank_1,29,operator_shape_matched,aten::sub,"[[3],[3],[]]","[""int"",""int"",""Scalar""]",null,6,6.144
sub_func_kernel_rank_1,30,operator_shape_matched,aten::sub,"[[43],[43],[]]","[""int"",""int"",""Scalar""]",null,6,6.144
sub_func_kernel_rank_1,31,operator_shape_matched,aten::sub,"[[45],[45],[]]","[""int"",""int"",""Scalar""]",null,6,6.143
sub_func_kernel_rank_1,32,operator_shape_matched,aten::sub,"[[59],[59],[]]","[""int"",""int"",""Scalar""]",null,6,6.143
sub_func_kernel_rank_1,33,operator_shape_matched,aten::sub,"[[51],[51],[]]","[""int"",""int"",""Scalar""]",null,6,6.115
sub_func_kernel_rank_1,34,operator_shape_matched,aten::sub,"[[37],[37],[]]","[""int"",""int"",""Scalar""]",null,6,6.113
sub_func_kernel_rank_1,35,operator_shape_matched,aten::sub,"[[57],[57],[]]","[""int"",""int"",""Scalar""]",null,6,6.113
sub_func_kernel_rank_1,36,operator_shape_matched,aten::sub,"[[63],[63],[]]","[""int"",""int"",""Scalar""]",null,6,6.113
sub_func_kernel_rank_1,37,operator_shape_matched,aten::sub,"[[2],[2],[]]","[""int"",""int"",""Scalar""]",null,6,6.048
sub_func_kernel_rank_1,38,operator_shape_matched,aten::sub,"[[4],[4],[]]","[""int"",""int"",""Scalar""]",null,6,6.016
"void at::native::vectorized_gather_kernel<16, long>(char*, char*, long*, int, long, long, long, long, bool)",1,operator_shape_matched,aten::index,"[[3616,16,128,128],[]]","[""float"",""""]",null,960,4272.732
"void at::native::vectorized_gather_kernel<16, long>(char*, char*, long*, int, long, long, long, long, bool)",2,operator_shape_matched,aten::index,"[[64,2048],[]]","[""c10::BFloat16"",""""]",null,1007,1679.787
"void at::native::vectorized_gather_kernel<16, long>(char*, char*, long*, int, long, long, long, long, bool)",3,operator_shape_matched,aten::index,"[[8192,2048],[]]","[""c10::BFloat16"",""""]",null,31,61.442
"void at::native::vectorized_gather_kernel<16, long>(char*, char*, long*, int, long, long, long, long, bool)",4,operator_shape_matched,aten::index,"[[32,2048],[]]","[""c10::BFloat16"",""""]",null,8,13.504
"void at::native::vectorized_gather_kernel<16, long>(char*, char*, long*, int, long, long, long, long, bool)",5,operator_shape_matched,aten::index,"[[16,2048],[]]","[""c10::BFloat16"",""""]",null,4,6.498
"void at::native::vectorized_gather_kernel<16, long>(char*, char*, long*, int, long, long, long, long, bool)",6,operator_shape_matched,aten::index,"[[8,2048],[]]","[""c10::BFloat16"",""""]",null,2,3.2
"void at::native::vectorized_gather_kernel<16, long>(char*, char*, long*, int, long, long, long, long, bool)",7,operator_shape_matched,aten::index,"[[5089,2048],[]]","[""c10::BFloat16"",""""]",null,1,2.08
"void at::native::vectorized_gather_kernel<16, long>(char*, char*, long*, int, long, long, long, long, bool)",8,operator_shape_matched,aten::index,"[[4,2048],[]]","[""c10::BFloat16"",""""]",null,1,1.729
"void at::native::vectorized_gather_kernel<16, long>(char*, char*, long*, int, long, long, long, long, bool)",9,operator_shape_matched,aten::index,"[[2,2048],[]]","[""c10::BFloat16"",""""]",null,1,1.504
"void at::native::index_elementwise_kernel<128, 4, at::native::gpu_index_kernel<at::native::index_put_kernel_impl<at::native::OpaqueType<4> >(at::TensorIterator&, c10::ArrayRef<long>, c10::ArrayRef<long>)::{lambda(char*, char const*, long)#1}>(at::TensorIteratorBase&, c10::ArrayRef<long>, c10::ArrayRef<long>, at::native::index_put_kernel_impl<at::native::OpaqueType<4> >(at::TensorIterator&, c10::ArrayRef<long>, c10::ArrayRef<long>)::{lambda(char*, char const*, long)#1} const&, bool)::{lambda(int)#1}>(long, at::native::gpu_index_kernel<at::native::index_put_kernel_impl<at::native::OpaqueType<4> >(at::TensorIterator&, c10::ArrayRef<long>, c10::ArrayRef<long>)::{lambda(char*, char const*, long)#1}>(at::TensorIteratorBase&, c10::ArrayRef<long>, c10::ArrayRef<long>, at::native::index_put_kernel_impl<at::native::OpaqueType<4> >(at::TensorIterator&, c10::ArrayRef<long>, c10::ArrayRef<long>)::{lambda(char*, char const*, long)#1} const&, bool)::{lambda(int)#1})",1,operator_shape_matched,aten::_index_put_impl_,"[[3616,16,128,128],[],[3,16,128,128],[],[]]","[""float"","""",""float"",""Scalar"",""Scalar""]",null,870,4730.273
"void at::native::index_elementwise_kernel<128, 4, at::native::gpu_index_kernel<at::native::index_put_kernel_impl<at::native::OpaqueType<4> >(at::TensorIterator&, c10::ArrayRef<long>, c10::ArrayRef<long>)::{lambda(char*, char const*, long)#1}>(at::TensorIteratorBase&, c10::ArrayRef<long>, c10::ArrayRef<long>, at::native::index_put_kernel_impl<at::native::OpaqueType<4> >(at::TensorIterator&, c10::ArrayRef<long>, c10::ArrayRef<long>)::{lambda(char*, char const*, long)#1} const&, bool)::{lambda(int)#1}>(long, at::native::gpu_index_kernel<at::native::index_put_kernel_impl<at::native::OpaqueType<4> >(at::TensorIterator&, c10::ArrayRef<long>, c10::ArrayRef<long>)::{lambda(char*, char const*, long)#1}>(at::TensorIteratorBase&, c10::ArrayRef<long>, c10::ArrayRef<long>, at::native::index_put_kernel_impl<at::native::OpaqueType<4> >(at::TensorIterator&, c10::ArrayRef<long>, c10::ArrayRef<long>)::{lambda(char*, char const*, long)#1} const&, bool)::{lambda(int)#1})",2,operator_shape_matched,aten::_index_put_impl_,"[[3616,16,128,128],[],[2,16,128,128],[],[]]","[""float"","""",""float"",""Scalar"",""Scalar""]",null,90,415.79
"void at::native::index_elementwise_kernel<128, 4, at::native::gpu_index_kernel<at::native::index_put_kernel_impl<at::native::OpaqueType<4> >(at::TensorIterator&, c10::ArrayRef<long>, c10::ArrayRef<long>)::{lambda(char*, char const*, long)#1}>(at::TensorIteratorBase&, c10::ArrayRef<long>, c10::ArrayRef<long>, at::native::index_put_kernel_impl<at::native::OpaqueType<4> >(at::TensorIterator&, c10::ArrayRef<long>, c10::ArrayRef<long>)::{lambda(char*, char const*, long)#1} const&, bool)::{lambda(int)#1}>(long, at::native::gpu_index_kernel<at::native::index_put_kernel_impl<at::native::OpaqueType<4> >(at::TensorIterator&, c10::ArrayRef<long>, c10::ArrayRef<long>)::{lambda(char*, char const*, long)#1}>(at::TensorIteratorBase&, c10::ArrayRef<long>, c10::ArrayRef<long>, at::native::index_put_kernel_impl<at::native::OpaqueType<4> >(at::TensorIterator&, c10::ArrayRef<long>, c10::ArrayRef<long>)::{lambda(char*, char const*, long)#1} const&, bool)::{lambda(int)#1})",3,operator_shape_matched,aten::_index_put_impl_,"[[3616,16,128,128],[],[16,128,128],[],[]]","[""float"","""",""float"",""Scalar"",""Scalar""]",null,30,117.792
masked_fill_kernel_kernel_rank_4,1,operator_shape_matched,aten::masked_fill_,"[[3,16,128,128],[3,1,1,1],[]]","[""float"",""bool"",""Scalar""]",null,870,2783.846
masked_fill_kernel_kernel_rank_4,2,operator_shape_matched,aten::masked_fill_,"[[2,16,128,128],[2,1,1,1],[]]","[""float"",""bool"",""Scalar""]",null,90,236.902
masked_fill_kernel_kernel_rank_4,3,operator_shape_matched,aten::masked_fill_,"[[1,16,128,128],[1,1,1,1],[]]","[""float"",""bool"",""Scalar""]",null,30,64.387
triton_red_fused_1,1,missing_external_id,null,null,null,null,1024,1979.455
triton_red_fused_1,2,operator_shape_matched,triton_red_fused_1,"[[8192,2048],[2048],[8192,2048],[],[]]","[""c10::BFloat16"",""c10::BFloat16"",""c10::BFloat16"",""Scalar"",""Scalar""]",null,31,818.192
triton_red_fused_1,3,operator_shape_matched,triton_red_fused_1,"[[5089,2048],[2048],[5089,2048],[],[]]","[""c10::BFloat16"",""c10::BFloat16"",""c10::BFloat16"",""Scalar"",""Scalar""]",null,1,17.408
triton_red_fused_1,4,operator_shape_matched,triton_red_fused_1,"[[4096,2048],[2048],[4096,2048],[],[]]","[""c10::BFloat16"",""c10::BFloat16"",""c10::BFloat16"",""Scalar"",""Scalar""]",null,1,14.4
triton_poi_fused_mul_sigmoid_view_0,1,missing_external_id,null,null,null,null,1024,1674.113
triton_poi_fused_mul_sigmoid_view_0,2,operator_shape_matched,triton_poi_fused_mul_sigmoid_view_0,"[[8192,8,256],[8192,2048],[8192,2048],[]]","[""c10::BFloat16"",""c10::BFloat16"",""c10::BFloat16"",""Scalar""]",null,31,990.483
triton_poi_fused_mul_sigmoid_view_0,3,operator_shape_matched,triton_poi_fused_mul_sigmoid_view_0,"[[5089,8,256],[5089,2048],[5089,2048],[]]","[""c10::BFloat16"",""c10::BFloat16"",""c10::BFloat16"",""Scalar""]",null,1,19.264
triton_poi_fused_mul_sigmoid_view_0,4,operator_shape_matched,triton_poi_fused_mul_sigmoid_view_0,"[[4096,8,256],[4096,2048],[4096,2048],[]]","[""c10::BFloat16"",""c10::BFloat16"",""c10::BFloat16"",""Scalar""]",null,1,15.264
add_func_kernel_rank_1,1,operator_shape_matched,aten::add,"[[64],[64],[]]","[""long int"",""long int"",""Scalar""]",null,990,1121.434
add_func_kernel_rank_1,2,operator_shape_matched,aten::add,"[[64],[64],[]]","[""int"",""int"",""Scalar""]",null,991,1117.5
add_func_kernel_rank_1,3,operator_shape_matched,aten::add,"[[8192],[8192],[]]","[""long int"",""long int"",""Scalar""]",null,31,47.455
add_func_kernel_rank_1,4,operator_shape_matched,aten::add,"[[63],[63],[]]","[""int"",""int"",""Scalar""]",null,3,3.841
add_func_kernel_rank_1,5,operator_shape_matched,aten::add,"[[1],[1],[]]","[""int"",""int"",""Scalar""]",null,2,2.722
add_func_kernel_rank_1,6,operator_shape_matched,aten::add,"[[63],[63],[]]","[""long int"",""long int"",""Scalar""]",null,2,2.719
add_func_kernel_rank_1,7,operator_shape_matched,aten::add,"[[3],[3],[]]","[""int"",""int"",""Scalar""]",null,1,1.632
add_func_kernel_rank_1,8,operator_shape_matched,aten::add,"[[4],[4],[]]","[""int"",""int"",""Scalar""]",null,1,1.568
add_func_kernel_rank_1,9,operator_shape_matched,aten::add,"[[42],[42],[]]","[""int"",""int"",""Scalar""]",null,1,1.505
add_func_kernel_rank_1,10,operator_shape_matched,aten::add,"[[5089],[5089],[]]","[""long int"",""long int"",""Scalar""]",null,1,1.472
add_func_kernel_rank_1,11,operator_shape_matched,aten::add,"[[61],[61],[]]","[""int"",""int"",""Scalar""]",null,1,1.472
add_func_kernel_rank_1,12,operator_shape_matched,aten::add,"[[31],[31],[]]","[""int"",""int"",""Scalar""]",null,1,1.44
add_func_kernel_rank_1,13,operator_shape_matched,aten::add,"[[39],[39],[]]","[""int"",""int"",""Scalar""]",null,1,1.44
add_func_kernel_rank_1,14,operator_shape_matched,aten::add,"[[58],[58],[]]","[""long int"",""long int"",""Scalar""]",null,1,1.409
add_func_kernel_rank_1,15,operator_shape_matched,aten::add,"[[25],[25],[]]","[""int"",""int"",""Scalar""]",null,1,1.408
add_func_kernel_rank_1,16,operator_shape_matched,aten::add,"[[44],[44],[]]","[""long int"",""long int"",""Scalar""]",null,1,1.407
add_func_kernel_rank_1,17,operator_shape_matched,aten::add,"[[21],[21],[]]","[""int"",""int"",""Scalar""]",null,1,1.377
add_func_kernel_rank_1,18,operator_shape_matched,aten::add,"[[35],[35],[]]","[""int"",""int"",""Scalar""]",null,1,1.377
add_func_kernel_rank_1,19,operator_shape_matched,aten::add,"[[57],[57],[]]","[""int"",""int"",""Scalar""]",null,1,1.377
add_func_kernel_rank_1,20,operator_shape_matched,aten::add,"[[8],[8],[]]","[""int"",""int"",""Scalar""]",null,1,1.376
add_func_kernel_rank_1,21,operator_shape_matched,aten::add,"[[22],[22],[]]","[""long int"",""long int"",""Scalar""]",null,1,1.344
add_func_kernel_rank_1,22,operator_shape_matched,aten::add,"[[26],[26],[]]","[""long int"",""long int"",""Scalar""]",null,1,1.344
add_func_kernel_rank_1,23,operator_shape_matched,aten::add,"[[2],[2],[]]","[""long int"",""long int"",""Scalar""]",null,1,1.344
add_func_kernel_rank_1,24,operator_shape_matched,aten::add,"[[55],[55],[]]","[""int"",""int"",""Scalar""]",null,1,1.344
add_func_kernel_rank_1,25,operator_shape_matched,aten::add,"[[50],[50],[]]","[""long int"",""long int"",""Scalar""]",null,1,1.343
add_func_kernel_rank_1,26,operator_shape_matched,aten::add,"[[5],[5],[]]","[""int"",""int"",""Scalar""]",null,1,1.343
add_func_kernel_rank_1,27,operator_shape_matched,aten::add,"[[52],[52],[]]","[""long int"",""long int"",""Scalar""]",null,1,1.313
add_func_kernel_rank_1,28,operator_shape_matched,aten::add,"[[14],[14],[]]","[""int"",""int"",""Scalar""]",null,1,1.312
add_func_kernel_rank_1,29,operator_shape_matched,aten::add,"[[28],[28],[]]","[""int"",""int"",""Scalar""]",null,1,1.312
add_func_kernel_rank_1,30,operator_shape_matched,aten::add,"[[28],[28],[]]","[""long int"",""long int"",""Scalar""]",null,1,1.312
add_func_kernel_rank_1,31,operator_shape_matched,aten::add,"[[33],[33],[]]","[""int"",""int"",""Scalar""]",null,1,1.312
add_func_kernel_rank_1,32,operator_shape_matched,aten::add,"[[36],[36],[]]","[""long int"",""long int"",""Scalar""]",null,1,1.312
add_func_kernel_rank_1,33,operator_shape_matched,aten::add,"[[38],[38],[]]","[""long int"",""long int"",""Scalar""]",null,1,1.312
add_func_kernel_rank_1,34,operator_shape_matched,aten::add,"[[40],[40],[]]","[""int"",""int"",""Scalar""]",null,1,1.312
add_func_kernel_rank_1,35,operator_shape_matched,aten::add,"[[42],[42],[]]","[""long int"",""long int"",""Scalar""]",null,1,1.312
add_func_kernel_rank_1,36,operator_shape_matched,aten::add,"[[15],[15],[]]","[""int"",""int"",""Scalar""]",null,1,1.311
add_func_kernel_rank_1,37,operator_shape_matched,aten::add,"[[10],[10],[]]","[""int"",""int"",""Scalar""]",null,1,1.28
add_func_kernel_rank_1,38,operator_shape_matched,aten::add,"[[10],[10],[]]","[""long int"",""long int"",""Scalar""]",null,1,1.28
add_func_kernel_rank_1,39,operator_shape_matched,aten::add,"[[11],[11],[]]","[""int"",""int"",""Scalar""]",null,1,1.28
add_func_kernel_rank_1,40,operator_shape_matched,aten::add,"[[13],[13],[]]","[""int"",""int"",""Scalar""]",null,1,1.28
add_func_kernel_rank_1,41,operator_shape_matched,aten::add,"[[14],[14],[]]","[""long int"",""long int"",""Scalar""]",null,1,1.28
add_func_kernel_rank_1,42,operator_shape_matched,aten::add,"[[17],[17],[]]","[""int"",""int"",""Scalar""]",null,1,1.28
add_func_kernel_rank_1,43,operator_shape_matched,aten::add,"[[18],[18],[]]","[""int"",""int"",""Scalar""]",null,1,1.28
add_func_kernel_rank_1,44,operator_shape_matched,aten::add,"[[18],[18],[]]","[""long int"",""long int"",""Scalar""]",null,1,1.28
add_func_kernel_rank_1,45,operator_shape_matched,aten::add,"[[19],[19],[]]","[""int"",""int"",""Scalar""]",null,1,1.28
add_func_kernel_rank_1,46,operator_shape_matched,aten::add,"[[1],[1],[]]","[""long int"",""long int"",""Scalar""]",null,1,1.28
add_func_kernel_rank_1,47,operator_shape_matched,aten::add,"[[20],[20],[]]","[""long int"",""long int"",""Scalar""]",null,1,1.28
add_func_kernel_rank_1,48,operator_shape_matched,aten::add,"[[22],[22],[]]","[""int"",""int"",""Scalar""]",null,1,1.28
add_func_kernel_rank_1,49,operator_shape_matched,aten::add,"[[23],[23],[]]","[""int"",""int"",""Scalar""]",null,1,1.28
add_func_kernel_rank_1,50,operator_shape_matched,aten::add,"[[27],[27],[]]","[""int"",""int"",""Scalar""]",null,1,1.28
add_func_kernel_rank_1,51,operator_shape_matched,aten::add,"[[29],[29],[]]","[""int"",""int"",""Scalar""]",null,1,1.28
add_func_kernel_rank_1,52,operator_shape_matched,aten::add,"[[32],[32],[]]","[""int"",""int"",""Scalar""]",null,1,1.28
add_func_kernel_rank_1,53,operator_shape_matched,aten::add,"[[36],[36],[]]","[""int"",""int"",""Scalar""]",null,1,1.28
add_func_kernel_rank_1,54,operator_shape_matched,aten::add,"[[43],[43],[]]","[""int"",""int"",""Scalar""]",null,1,1.28
add_func_kernel_rank_1,55,operator_shape_matched,aten::add,"[[45],[45],[]]","[""int"",""int"",""Scalar""]",null,1,1.28
add_func_kernel_rank_1,56,operator_shape_matched,aten::add,"[[46],[46],[]]","[""long int"",""long int"",""Scalar""]",null,1,1.28
add_func_kernel_rank_1,57,operator_shape_matched,aten::add,"[[47],[47],[]]","[""int"",""int"",""Scalar""]",null,1,1.28
add_func_kernel_rank_1,58,operator_shape_matched,aten::add,"[[4],[4],[]]","[""long int"",""long int"",""Scalar""]",null,1,1.28
add_func_kernel_rank_1,59,operator_shape_matched,aten::add,"[[50],[50],[]]","[""int"",""int"",""Scalar""]",null,1,1.28
add_func_kernel_rank_1,60,operator_shape_matched,aten::add,"[[52],[52],[]]","[""int"",""int"",""Scalar""]",null,1,1.28
add_func_kernel_rank_1,61,operator_shape_matched,aten::add,"[[53],[53],[]]","[""int"",""int"",""Scalar""]",null,1,1.28
add_func_kernel_rank_1,62,operator_shape_matched,aten::add,"[[54],[54],[]]","[""long int"",""long int"",""Scalar""]",null,1,1.28
add_func_kernel_rank_1,63,operator_shape_matched,aten::add,"[[56],[56],[]]","[""int"",""int"",""Scalar""]",null,1,1.28
add_func_kernel_rank_1,64,operator_shape_matched,aten::add,"[[58],[58],[]]","[""int"",""int"",""Scalar""]",null,1,1.28
add_func_kernel_rank_1,65,operator_shape_matched,aten::add,"[[59],[59],[]]","[""int"",""int"",""Scalar""]",null,1,1.28
add_func_kernel_rank_1,66,operator_shape_matched,aten::add,"[[60],[60],[]]","[""int"",""int"",""Scalar""]",null,1,1.28
add_func_kernel_rank_1,67,operator_shape_matched,aten::add,"[[62],[62],[]]","[""int"",""int"",""Scalar""]",null,1,1.28
add_func_kernel_rank_1,68,operator_shape_matched,aten::add,"[[6],[6],[]]","[""int"",""int"",""Scalar""]",null,1,1.28
add_func_kernel_rank_1,69,operator_shape_matched,aten::add,"[[9],[9],[]]","[""int"",""int"",""Scalar""]",null,1,1.28
add_func_kernel_rank_1,70,operator_shape_matched,aten::add,"[[12],[12],[]]","[""long int"",""long int"",""Scalar""]",null,1,1.249
add_func_kernel_rank_1,71,operator_shape_matched,aten::add,"[[38],[38],[]]","[""int"",""int"",""Scalar""]",null,1,1.249
add_func_kernel_rank_1,72,operator_shape_matched,aten::add,"[[12],[12],[]]","[""int"",""int"",""Scalar""]",null,1,1.248
add_func_kernel_rank_1,73,operator_shape_matched,aten::add,"[[20],[20],[]]","[""int"",""int"",""Scalar""]",null,1,1.248
add_func_kernel_rank_1,74,operator_shape_matched,aten::add,"[[24],[24],[]]","[""int"",""int"",""Scalar""]",null,1,1.248
add_func_kernel_rank_1,75,operator_shape_matched,aten::add,"[[26],[26],[]]","[""int"",""int"",""Scalar""]",null,1,1.248
add_func_kernel_rank_1,76,operator_shape_matched,aten::add,"[[2],[2],[]]","[""int"",""int"",""Scalar""]",null,1,1.248
add_func_kernel_rank_1,77,operator_shape_matched,aten::add,"[[30],[30],[]]","[""long int"",""long int"",""Scalar""]",null,1,1.248
add_func_kernel_rank_1,78,operator_shape_matched,aten::add,"[[34],[34],[]]","[""int"",""int"",""Scalar""]",null,1,1.248
add_func_kernel_rank_1,79,operator_shape_matched,aten::add,"[[34],[34],[]]","[""long int"",""long int"",""Scalar""]",null,1,1.248
add_func_kernel_rank_1,80,operator_shape_matched,aten::add,"[[37],[37],[]]","[""int"",""int"",""Scalar""]",null,1,1.248
add_func_kernel_rank_1,81,operator_shape_matched,aten::add,"[[4096],[4096],[]]","[""long int"",""long int"",""Scalar""]",null,1,1.248
add_func_kernel_rank_1,82,operator_shape_matched,aten::add,"[[41],[41],[]]","[""int"",""int"",""Scalar""]",null,1,1.248
add_func_kernel_rank_1,83,operator_shape_matched,aten::add,"[[44],[44],[]]","[""int"",""int"",""Scalar""]",null,1,1.248
add_func_kernel_rank_1,84,operator_shape_matched,aten::add,"[[46],[46],[]]","[""int"",""int"",""Scalar""]",null,1,1.248
add_func_kernel_rank_1,85,operator_shape_matched,aten::add,"[[49],[49],[]]","[""int"",""int"",""Scalar""]",null,1,1.248
add_func_kernel_rank_1,86,operator_shape_matched,aten::add,"[[51],[51],[]]","[""int"",""int"",""Scalar""]",null,1,1.248
add_func_kernel_rank_1,87,operator_shape_matched,aten::add,"[[54],[54],[]]","[""int"",""int"",""Scalar""]",null,1,1.248
add_func_kernel_rank_1,88,operator_shape_matched,aten::add,"[[60],[60],[]]","[""long int"",""long int"",""Scalar""]",null,1,1.248
add_func_kernel_rank_1,89,operator_shape_matched,aten::add,"[[62],[62],[]]","[""long int"",""long int"",""Scalar""]",null,1,1.248
add_func_kernel_rank_1,90,operator_shape_matched,aten::add,"[[6],[6],[]]","[""long int"",""long int"",""Scalar""]",null,1,1.248
add_func_kernel_rank_1,91,operator_shape_matched,aten::add,"[[7],[7],[]]","[""int"",""int"",""Scalar""]",null,1,1.248
add_func_kernel_rank_1,92,operator_shape_matched,aten::add,"[[30],[30],[]]","[""int"",""int"",""Scalar""]",null,1,1.247
add_func_kernel_rank_1,93,operator_shape_matched,aten::add,"[[16],[16],[]]","[""int"",""int"",""Scalar""]",null,1,1.216
add_func_kernel_rank_1,94,operator_shape_matched,aten::add,"[[56],[56],[]]","[""long int"",""long int"",""Scalar""]",null,1,1.152
add_func_kernel_rank_1,95,operator_shape_matched,aten::add,"[[8],[8],[]]","[""long int"",""long int"",""Scalar""]",null,1,1.121
add_func_kernel_rank_1,96,operator_shape_matched,aten::add,"[[16],[16],[]]","[""long int"",""long int"",""Scalar""]",null,1,1.12
add_func_kernel_rank_1,97,operator_shape_matched,aten::add,"[[24],[24],[]]","[""long int"",""long int"",""Scalar""]",null,1,1.12
add_func_kernel_rank_1,98,operator_shape_matched,aten::add,"[[32],[32],[]]","[""long int"",""long int"",""Scalar""]",null,1,1.12
add_func_kernel_rank_1,99,operator_shape_matched,aten::add,"[[40],[40],[]]","[""long int"",""long int"",""Scalar""]",null,1,1.12
add_func_kernel_rank_1,100,operator_shape_matched,aten::add,"[[48],[48],[]]","[""int"",""int"",""Scalar""]",null,1,1.12
add_func_kernel_rank_1,101,operator_shape_matched,aten::add,"[[48],[48],[]]","[""long int"",""long int"",""Scalar""]",null,1,1.12
masked_fill_kernel_kernel_rank_2,1,operator_shape_matched,aten::masked_fill_,"[[64,2048],[64,1],[]]","[""c10::BFloat16"",""bool"",""Scalar""]",null,990,1511.58
masked_fill_kernel_kernel_rank_2,2,operator_shape_matched,aten::masked_fill_,"[[8192,2048],[8192,1],[]]","[""c10::BFloat16"",""bool"",""Scalar""]",null,31,799.187
masked_fill_kernel_kernel_rank_2,3,operator_shape_matched,aten::masked_fill_,"[[5089,2048],[5089,1],[]]","[""c10::BFloat16"",""bool"",""Scalar""]",null,1,16.161
masked_fill_kernel_kernel_rank_2,4,operator_shape_matched,aten::masked_fill_,"[[4096,2048],[4096,1],[]]","[""c10::BFloat16"",""bool"",""Scalar""]",null,1,13.28
masked_fill_kernel_kernel_rank_2,5,operator_shape_matched,aten::masked_fill_,"[[63,2048],[63,1],[]]","[""c10::BFloat16"",""bool"",""Scalar""]",null,2,3.136
masked_fill_kernel_kernel_rank_2,6,operator_shape_matched,aten::masked_fill_,"[[46,2048],[46,1],[]]","[""c10::BFloat16"",""bool"",""Scalar""]",null,1,1.537
masked_fill_kernel_kernel_rank_2,7,operator_shape_matched,aten::masked_fill_,"[[16,2048],[16,1],[]]","[""c10::BFloat16"",""bool"",""Scalar""]",null,1,1.536
masked_fill_kernel_kernel_rank_2,8,operator_shape_matched,aten::masked_fill_,"[[54,2048],[54,1],[]]","[""c10::BFloat16"",""bool"",""Scalar""]",null,1,1.535
masked_fill_kernel_kernel_rank_2,9,operator_shape_matched,aten::masked_fill_,"[[58,2048],[58,1],[]]","[""c10::BFloat16"",""bool"",""Scalar""]",null,1,1.505
masked_fill_kernel_kernel_rank_2,10,operator_shape_matched,aten::masked_fill_,"[[60,2048],[60,1],[]]","[""c10::BFloat16"",""bool"",""Scalar""]",null,1,1.505
masked_fill_kernel_kernel_rank_2,11,operator_shape_matched,aten::masked_fill_,"[[62,2048],[62,1],[]]","[""c10::BFloat16"",""bool"",""Scalar""]",null,1,1.505
masked_fill_kernel_kernel_rank_2,12,operator_shape_matched,aten::masked_fill_,"[[34,2048],[34,1],[]]","[""c10::BFloat16"",""bool"",""Scalar""]",null,1,1.504
masked_fill_kernel_kernel_rank_2,13,operator_shape_matched,aten::masked_fill_,"[[36,2048],[36,1],[]]","[""c10::BFloat16"",""bool"",""Scalar""]",null,1,1.504
masked_fill_kernel_kernel_rank_2,14,operator_shape_matched,aten::masked_fill_,"[[38,2048],[38,1],[]]","[""c10::BFloat16"",""bool"",""Scalar""]",null,1,1.504
masked_fill_kernel_kernel_rank_2,15,operator_shape_matched,aten::masked_fill_,"[[48,2048],[48,1],[]]","[""c10::BFloat16"",""bool"",""Scalar""]",null,1,1.504
masked_fill_kernel_kernel_rank_2,16,operator_shape_matched,aten::masked_fill_,"[[56,2048],[56,1],[]]","[""c10::BFloat16"",""bool"",""Scalar""]",null,1,1.504
masked_fill_kernel_kernel_rank_2,17,operator_shape_matched,aten::masked_fill_,"[[50,2048],[50,1],[]]","[""c10::BFloat16"",""bool"",""Scalar""]",null,1,1.503
masked_fill_kernel_kernel_rank_2,18,operator_shape_matched,aten::masked_fill_,"[[52,2048],[52,1],[]]","[""c10::BFloat16"",""bool"",""Scalar""]",null,1,1.503
masked_fill_kernel_kernel_rank_2,19,operator_shape_matched,aten::masked_fill_,"[[28,2048],[28,1],[]]","[""c10::BFloat16"",""bool"",""Scalar""]",null,1,1.472
masked_fill_kernel_kernel_rank_2,20,operator_shape_matched,aten::masked_fill_,"[[30,2048],[30,1],[]]","[""c10::BFloat16"",""bool"",""Scalar""]",null,1,1.472
masked_fill_kernel_kernel_rank_2,21,operator_shape_matched,aten::masked_fill_,"[[32,2048],[32,1],[]]","[""c10::BFloat16"",""bool"",""Scalar""]",null,1,1.472
masked_fill_kernel_kernel_rank_2,22,operator_shape_matched,aten::masked_fill_,"[[40,2048],[40,1],[]]","[""c10::BFloat16"",""bool"",""Scalar""]",null,1,1.472
masked_fill_kernel_kernel_rank_2,23,operator_shape_matched,aten::masked_fill_,"[[42,2048],[42,1],[]]","[""c10::BFloat16"",""bool"",""Scalar""]",null,1,1.472
masked_fill_kernel_kernel_rank_2,24,operator_shape_matched,aten::masked_fill_,"[[44,2048],[44,1],[]]","[""c10::BFloat16"",""bool"",""Scalar""]",null,1,1.472
masked_fill_kernel_kernel_rank_2,25,operator_shape_matched,aten::masked_fill_,"[[22,2048],[22,1],[]]","[""c10::BFloat16"",""bool"",""Scalar""]",null,1,1.44
masked_fill_kernel_kernel_rank_2,26,operator_shape_matched,aten::masked_fill_,"[[24,2048],[24,1],[]]","[""c10::BFloat16"",""bool"",""Scalar""]",null,1,1.44
masked_fill_kernel_kernel_rank_2,27,operator_shape_matched,aten::masked_fill_,"[[26,2048],[26,1],[]]","[""c10::BFloat16"",""bool"",""Scalar""]",null,1,1.44
masked_fill_kernel_kernel_rank_2,28,operator_shape_matched,aten::masked_fill_,"[[1,2048],[1,1],[]]","[""c10::BFloat16"",""bool"",""Scalar""]",null,1,1.408
masked_fill_kernel_kernel_rank_2,29,operator_shape_matched,aten::masked_fill_,"[[18,2048],[18,1],[]]","[""c10::BFloat16"",""bool"",""Scalar""]",null,1,1.408
masked_fill_kernel_kernel_rank_2,30,operator_shape_matched,aten::masked_fill_,"[[20,2048],[20,1],[]]","[""c10::BFloat16"",""bool"",""Scalar""]",null,1,1.408
masked_fill_kernel_kernel_rank_2,31,operator_shape_matched,aten::masked_fill_,"[[12,2048],[12,1],[]]","[""c10::BFloat16"",""bool"",""Scalar""]",null,1,1.376
masked_fill_kernel_kernel_rank_2,32,operator_shape_matched,aten::masked_fill_,"[[4,2048],[4,1],[]]","[""c10::BFloat16"",""bool"",""Scalar""]",null,1,1.376
masked_fill_kernel_kernel_rank_2,33,operator_shape_matched,aten::masked_fill_,"[[2,2048],[2,1],[]]","[""c10::BFloat16"",""bool"",""Scalar""]",null,1,1.345
masked_fill_kernel_kernel_rank_2,34,operator_shape_matched,aten::masked_fill_,"[[10,2048],[10,1],[]]","[""c10::BFloat16"",""bool"",""Scalar""]",null,1,1.344
masked_fill_kernel_kernel_rank_2,35,operator_shape_matched,aten::masked_fill_,"[[14,2048],[14,1],[]]","[""c10::BFloat16"",""bool"",""Scalar""]",null,1,1.344
masked_fill_kernel_kernel_rank_2,36,operator_shape_matched,aten::masked_fill_,"[[8,2048],[8,1],[]]","[""c10::BFloat16"",""bool"",""Scalar""]",null,1,1.344
masked_fill_kernel_kernel_rank_2,37,operator_shape_matched,aten::masked_fill_,"[[6,2048],[6,1],[]]","[""c10::BFloat16"",""bool"",""Scalar""]",null,1,1.28
nvjet_tst_64x8_64x16_4x2_h_bz_TNT,1,missing_external_id,null,null,null,null,480,2243.271
embedding_kernel,1,operator_shape_matched,aten::embedding,"[[124160,2048],[64],[],[],[]]","[""c10::BFloat16"",""long int"",""Scalar"",""Scalar"",""Scalar""]",null,990,1811.971
embedding_kernel,2,operator_shape_matched,aten::embedding,"[[124160,2048],[8192],[],[],[]]","[""c10::BFloat16"",""long int"",""Scalar"",""Scalar"",""Scalar""]",null,31,330.12
embedding_kernel,3,operator_shape_matched,aten::embedding,"[[124160,2048],[5089],[],[],[]]","[""c10::BFloat16"",""long int"",""Scalar"",""Scalar"",""Scalar""]",null,1,7.04
embedding_kernel,4,operator_shape_matched,aten::embedding,"[[124160,2048],[4096],[],[],[]]","[""c10::BFloat16"",""long int"",""Scalar"",""Scalar"",""Scalar""]",null,1,6.08
embedding_kernel,5,operator_shape_matched,aten::embedding,"[[124160,2048],[63],[],[],[]]","[""c10::BFloat16"",""long int"",""Scalar"",""Scalar"",""Scalar""]",null,2,3.775
embedding_kernel,6,operator_shape_matched,aten::embedding,"[[124160,2048],[28],[],[],[]]","[""c10::BFloat16"",""long int"",""Scalar"",""Scalar"",""Scalar""]",null,1,2.112
embedding_kernel,7,operator_shape_matched,aten::embedding,"[[124160,2048],[58],[],[],[]]","[""c10::BFloat16"",""long int"",""Scalar"",""Scalar"",""Scalar""]",null,1,2.08
embedding_kernel,8,operator_shape_matched,aten::embedding,"[[124160,2048],[40],[],[],[]]","[""c10::BFloat16"",""long int"",""Scalar"",""Scalar"",""Scalar""]",null,1,2.016
embedding_kernel,9,operator_shape_matched,aten::embedding,"[[124160,2048],[42],[],[],[]]","[""c10::BFloat16"",""long int"",""Scalar"",""Scalar"",""Scalar""]",null,1,1.952
embedding_kernel,10,operator_shape_matched,aten::embedding,"[[124160,2048],[44],[],[],[]]","[""c10::BFloat16"",""long int"",""Scalar"",""Scalar"",""Scalar""]",null,1,1.952
embedding_kernel,11,operator_shape_matched,aten::embedding,"[[124160,2048],[4],[],[],[]]","[""c10::BFloat16"",""long int"",""Scalar"",""Scalar"",""Scalar""]",null,1,1.952
embedding_kernel,12,operator_shape_matched,aten::embedding,"[[124160,2048],[54],[],[],[]]","[""c10::BFloat16"",""long int"",""Scalar"",""Scalar"",""Scalar""]",null,1,1.952
embedding_kernel,13,operator_shape_matched,aten::embedding,"[[124160,2048],[46],[],[],[]]","[""c10::BFloat16"",""long int"",""Scalar"",""Scalar"",""Scalar""]",null,1,1.92
embedding_kernel,14,operator_shape_matched,aten::embedding,"[[124160,2048],[36],[],[],[]]","[""c10::BFloat16"",""long int"",""Scalar"",""Scalar"",""Scalar""]",null,1,1.888
embedding_kernel,15,operator_shape_matched,aten::embedding,"[[124160,2048],[50],[],[],[]]","[""c10::BFloat16"",""long int"",""Scalar"",""Scalar"",""Scalar""]",null,1,1.888
embedding_kernel,16,operator_shape_matched,aten::embedding,"[[124160,2048],[6],[],[],[]]","[""c10::BFloat16"",""long int"",""Scalar"",""Scalar"",""Scalar""]",null,1,1.888
embedding_kernel,17,operator_shape_matched,aten::embedding,"[[124160,2048],[56],[],[],[]]","[""c10::BFloat16"",""long int"",""Scalar"",""Scalar"",""Scalar""]",null,1,1.825
embedding_kernel,18,operator_shape_matched,aten::embedding,"[[124160,2048],[18],[],[],[]]","[""c10::BFloat16"",""long int"",""Scalar"",""Scalar"",""Scalar""]",null,1,1.824
embedding_kernel,19,operator_shape_matched,aten::embedding,"[[124160,2048],[32],[],[],[]]","[""c10::BFloat16"",""long int"",""Scalar"",""Scalar"",""Scalar""]",null,1,1.824
embedding_kernel,20,operator_shape_matched,aten::embedding,"[[124160,2048],[38],[],[],[]]","[""c10::BFloat16"",""long int"",""Scalar"",""Scalar"",""Scalar""]",null,1,1.823
embedding_kernel,21,operator_shape_matched,aten::embedding,"[[124160,2048],[62],[],[],[]]","[""c10::BFloat16"",""long int"",""Scalar"",""Scalar"",""Scalar""]",null,1,1.793
embedding_kernel,22,operator_shape_matched,aten::embedding,"[[124160,2048],[24],[],[],[]]","[""c10::BFloat16"",""long int"",""Scalar"",""Scalar"",""Scalar""]",null,1,1.792
embedding_kernel,23,operator_shape_matched,aten::embedding,"[[124160,2048],[26],[],[],[]]","[""c10::BFloat16"",""long int"",""Scalar"",""Scalar"",""Scalar""]",null,1,1.792
embedding_kernel,24,operator_shape_matched,aten::embedding,"[[124160,2048],[30],[],[],[]]","[""c10::BFloat16"",""long int"",""Scalar"",""Scalar"",""Scalar""]",null,1,1.792
embedding_kernel,25,operator_shape_matched,aten::embedding,"[[124160,2048],[34],[],[],[]]","[""c10::BFloat16"",""long int"",""Scalar"",""Scalar"",""Scalar""]",null,1,1.792
embedding_kernel,26,operator_shape_matched,aten::embedding,"[[124160,2048],[48],[],[],[]]","[""c10::BFloat16"",""long int"",""Scalar"",""Scalar"",""Scalar""]",null,1,1.792
embedding_kernel,27,operator_shape_matched,aten::embedding,"[[124160,2048],[60],[],[],[]]","[""c10::BFloat16"",""long int"",""Scalar"",""Scalar"",""Scalar""]",null,1,1.792
embedding_kernel,28,operator_shape_matched,aten::embedding,"[[124160,2048],[22],[],[],[]]","[""c10::BFloat16"",""long int"",""Scalar"",""Scalar"",""Scalar""]",null,1,1.76
embedding_kernel,29,operator_shape_matched,aten::embedding,"[[124160,2048],[52],[],[],[]]","[""c10::BFloat16"",""long int"",""Scalar"",""Scalar"",""Scalar""]",null,1,1.76
embedding_kernel,30,operator_shape_matched,aten::embedding,"[[124160,2048],[8],[],[],[]]","[""c10::BFloat16"",""long int"",""Scalar"",""Scalar"",""Scalar""]",null,1,1.76
embedding_kernel,31,operator_shape_matched,aten::embedding,"[[124160,2048],[16],[],[],[]]","[""c10::BFloat16"",""long int"",""Scalar"",""Scalar"",""Scalar""]",null,1,1.728
embedding_kernel,32,operator_shape_matched,aten::embedding,"[[124160,2048],[20],[],[],[]]","[""c10::BFloat16"",""long int"",""Scalar"",""Scalar"",""Scalar""]",null,1,1.728
embedding_kernel,33,operator_shape_matched,aten::embedding,"[[124160,2048],[10],[],[],[]]","[""c10::BFloat16"",""long int"",""Scalar"",""Scalar"",""Scalar""]",null,1,1.696
embedding_kernel,34,operator_shape_matched,aten::embedding,"[[124160,2048],[12],[],[],[]]","[""c10::BFloat16"",""long int"",""Scalar"",""Scalar"",""Scalar""]",null,1,1.696
embedding_kernel,35,operator_shape_matched,aten::embedding,"[[124160,2048],[14],[],[],[]]","[""c10::BFloat16"",""long int"",""Scalar"",""Scalar"",""Scalar""]",null,1,1.632
embedding_kernel,36,operator_shape_matched,aten::embedding,"[[124160,2048],[1],[],[],[]]","[""c10::BFloat16"",""long int"",""Scalar"",""Scalar"",""Scalar""]",null,1,1.441
embedding_kernel,37,operator_shape_matched,aten::embedding,"[[124160,2048],[2],[],[],[]]","[""c10::BFloat16"",""long int"",""Scalar"",""Scalar"",""Scalar""]",null,1,1.44
"void at::native::index_elementwise_kernel<128, 4, at::native::gpu_index_kernel<at::native::index_kernel_impl<at::native::OpaqueType<4> >(at::TensorIteratorBase&, c10::ArrayRef<long>, c10::ArrayRef<long>)::{lambda(char*, char const*, long)#1}>(at::TensorIteratorBase&, c10::ArrayRef<long>, c10::ArrayRef<long>, at::native::index_kernel_impl<at::native::OpaqueType<4> >(at::TensorIteratorBase&, c10::ArrayRef<long>, c10::ArrayRef<long>)::{lambda(char*, char const*, long)#1} const&, bool)::{lambda(int)#1}>(long, at::native::gpu_index_kernel<at::native::index_kernel_impl<at::native::OpaqueType<4> >(at::TensorIteratorBase&, c10::ArrayRef<long>, c10::ArrayRef<long>)::{lambda(char*, char const*, long)#1}>(at::TensorIteratorBase&, c10::ArrayRef<long>, c10::ArrayRef<long>, at::native::index_kernel_impl<at::native::OpaqueType<4> >(at::TensorIteratorBase&, c10::ArrayRef<long>, c10::ArrayRef<long>)::{lambda(char*, char const*, long)#1} const&, bool)::{lambda(int)#1})",1,operator_shape_matched,aten::index,"[[64],[]]","[""int"",""""]",null,1058,1942.35
"void at::native::index_elementwise_kernel<128, 4, at::native::gpu_index_kernel<at::native::index_kernel_impl<at::native::OpaqueType<4> >(at::TensorIteratorBase&, c10::ArrayRef<long>, c10::ArrayRef<long>)::{lambda(char*, char const*, long)#1}>(at::TensorIteratorBase&, c10::ArrayRef<long>, c10::ArrayRef<long>, at::native::index_kernel_impl<at::native::OpaqueType<4> >(at::TensorIteratorBase&, c10::ArrayRef<long>, c10::ArrayRef<long>)::{lambda(char*, char const*, long)#1} const&, bool)::{lambda(int)#1}>(long, at::native::gpu_index_kernel<at::native::index_kernel_impl<at::native::OpaqueType<4> >(at::TensorIteratorBase&, c10::ArrayRef<long>, c10::ArrayRef<long>)::{lambda(char*, char const*, long)#1}>(at::TensorIteratorBase&, c10::ArrayRef<long>, c10::ArrayRef<long>, at::native::index_kernel_impl<at::native::OpaqueType<4> >(at::TensorIteratorBase&, c10::ArrayRef<long>, c10::ArrayRef<long>)::{lambda(char*, char const*, long)#1} const&, bool)::{lambda(int)#1})",2,operator_shape_matched,aten::index,"[[3616,16,128,128],[]]","[""float"",""""]",null,30,161.091
"void at::native::index_elementwise_kernel<128, 4, at::native::gpu_index_kernel<at::native::index_kernel_impl<at::native::OpaqueType<4> >(at::TensorIteratorBase&, c10::ArrayRef<long>, c10::ArrayRef<long>)::{lambda(char*, char const*, long)#1}>(at::TensorIteratorBase&, c10::ArrayRef<long>, c10::ArrayRef<long>, at::native::index_kernel_impl<at::native::OpaqueType<4> >(at::TensorIteratorBase&, c10::ArrayRef<long>, c10::ArrayRef<long>)::{lambda(char*, char const*, long)#1} const&, bool)::{lambda(int)#1}>(long, at::native::gpu_index_kernel<at::native::index_kernel_impl<at::native::OpaqueType<4> >(at::TensorIteratorBase&, c10::ArrayRef<long>, c10::ArrayRef<long>)::{lambda(char*, char const*, long)#1}>(at::TensorIteratorBase&, c10::ArrayRef<long>, c10::ArrayRef<long>, at::native::index_kernel_impl<at::native::OpaqueType<4> >(at::TensorIteratorBase&, c10::ArrayRef<long>, c10::ArrayRef<long>)::{lambda(char*, char const*, long)#1} const&, bool)::{lambda(int)#1})",3,operator_shape_matched,aten::index,"[[34],[]]","[""int"",""""]",null,1,1.632
"void at::native::index_elementwise_kernel<128, 4, at::native::gpu_index_kernel<at::native::index_kernel_impl<at::native::OpaqueType<4> >(at::TensorIteratorBase&, c10::ArrayRef<long>, c10::ArrayRef<long>)::{lambda(char*, char const*, long)#1}>(at::TensorIteratorBase&, c10::ArrayRef<long>, c10::ArrayRef<long>, at::native::index_kernel_impl<at::native::OpaqueType<4> >(at::TensorIteratorBase&, c10::ArrayRef<long>, c10::ArrayRef<long>)::{lambda(char*, char const*, long)#1} const&, bool)::{lambda(int)#1}>(long, at::native::gpu_index_kernel<at::native::index_kernel_impl<at::native::OpaqueType<4> >(at::TensorIteratorBase&, c10::ArrayRef<long>, c10::ArrayRef<long>)::{lambda(char*, char const*, long)#1}>(at::TensorIteratorBase&, c10::ArrayRef<long>, c10::ArrayRef<long>, at::native::index_kernel_impl<at::native::OpaqueType<4> >(at::TensorIteratorBase&, c10::ArrayRef<long>, c10::ArrayRef<long>)::{lambda(char*, char const*, long)#1} const&, bool)::{lambda(int)#1})",4,operator_shape_matched,aten::index,"[[38],[]]","[""int"",""""]",null,1,1.601
"void at::native::index_elementwise_kernel<128, 4, at::native::gpu_index_kernel<at::native::index_kernel_impl<at::native::OpaqueType<4> >(at::TensorIteratorBase&, c10::ArrayRef<long>, c10::ArrayRef<long>)::{lambda(char*, char const*, long)#1}>(at::TensorIteratorBase&, c10::ArrayRef<long>, c10::ArrayRef<long>, at::native::index_kernel_impl<at::native::OpaqueType<4> >(at::TensorIteratorBase&, c10::ArrayRef<long>, c10::ArrayRef<long>)::{lambda(char*, char const*, long)#1} const&, bool)::{lambda(int)#1}>(long, at::native::gpu_index_kernel<at::native::index_kernel_impl<at::native::OpaqueType<4> >(at::TensorIteratorBase&, c10::ArrayRef<long>, c10::ArrayRef<long>)::{lambda(char*, char const*, long)#1}>(at::TensorIteratorBase&, c10::ArrayRef<long>, c10::ArrayRef<long>, at::native::index_kernel_impl<at::native::OpaqueType<4> >(at::TensorIteratorBase&, c10::ArrayRef<long>, c10::ArrayRef<long>)::{lambda(char*, char const*, long)#1} const&, bool)::{lambda(int)#1})",5,operator_shape_matched,aten::index,"[[56],[]]","[""int"",""""]",null,1,1.601
"void at::native::index_elementwise_kernel<128, 4, at::native::gpu_index_kernel<at::native::index_kernel_impl<at::native::OpaqueType<4> >(at::TensorIteratorBase&, c10::ArrayRef<long>, c10::ArrayRef<long>)::{lambda(char*, char const*, long)#1}>(at::TensorIteratorBase&, c10::ArrayRef<long>, c10::ArrayRef<long>, at::native::index_kernel_impl<at::native::OpaqueType<4> >(at::TensorIteratorBase&, c10::ArrayRef<long>, c10::ArrayRef<long>)::{lambda(char*, char const*, long)#1} const&, bool)::{lambda(int)#1}>(long, at::native::gpu_index_kernel<at::native::index_kernel_impl<at::native::OpaqueType<4> >(at::TensorIteratorBase&, c10::ArrayRef<long>, c10::ArrayRef<long>)::{lambda(char*, char const*, long)#1}>(at::TensorIteratorBase&, c10::ArrayRef<long>, c10::ArrayRef<long>, at::native::index_kernel_impl<at::native::OpaqueType<4> >(at::TensorIteratorBase&, c10::ArrayRef<long>, c10::ArrayRef<long>)::{lambda(char*, char const*, long)#1} const&, bool)::{lambda(int)#1})",6,operator_shape_matched,aten::index,"[[40],[]]","[""int"",""""]",null,1,1.6
"void at::native::index_elementwise_kernel<128, 4, at::native::gpu_index_kernel<at::native::index_kernel_impl<at::native::OpaqueType<4> >(at::TensorIteratorBase&, c10::ArrayRef<long>, c10::ArrayRef<long>)::{lambda(char*, char const*, long)#1}>(at::TensorIteratorBase&, c10::ArrayRef<long>, c10::ArrayRef<long>, at::native::index_kernel_impl<at::native::OpaqueType<4> >(at::TensorIteratorBase&, c10::ArrayRef<long>, c10::ArrayRef<long>)::{lambda(char*, char const*, long)#1} const&, bool)::{lambda(int)#1}>(long, at::native::gpu_index_kernel<at::native::index_kernel_impl<at::native::OpaqueType<4> >(at::TensorIteratorBase&, c10::ArrayRef<long>, c10::ArrayRef<long>)::{lambda(char*, char const*, long)#1}>(at::TensorIteratorBase&, c10::ArrayRef<long>, c10::ArrayRef<long>, at::native::index_kernel_impl<at::native::OpaqueType<4> >(at::TensorIteratorBase&, c10::ArrayRef<long>, c10::ArrayRef<long>)::{lambda(char*, char const*, long)#1} const&, bool)::{lambda(int)#1})",7,operator_shape_matched,aten::index,"[[42],[]]","[""int"",""""]",null,1,1.6
"void at::native::index_elementwise_kernel<128, 4, at::native::gpu_index_kernel<at::native::index_kernel_impl<at::native::OpaqueType<4> >(at::TensorIteratorBase&, c10::ArrayRef<long>, c10::ArrayRef<long>)::{lambda(char*, char const*, long)#1}>(at::TensorIteratorBase&, c10::ArrayRef<long>, c10::ArrayRef<long>, at::native::index_kernel_impl<at::native::OpaqueType<4> >(at::TensorIteratorBase&, c10::ArrayRef<long>, c10::ArrayRef<long>)::{lambda(char*, char const*, long)#1} const&, bool)::{lambda(int)#1}>(long, at::native::gpu_index_kernel<at::native::index_kernel_impl<at::native::OpaqueType<4> >(at::TensorIteratorBase&, c10::ArrayRef<long>, c10::ArrayRef<long>)::{lambda(char*, char const*, long)#1}>(at::TensorIteratorBase&, c10::ArrayRef<long>, c10::ArrayRef<long>, at::native::index_kernel_impl<at::native::OpaqueType<4> >(at::TensorIteratorBase&, c10::ArrayRef<long>, c10::ArrayRef<long>)::{lambda(char*, char const*, long)#1} const&, bool)::{lambda(int)#1})",8,operator_shape_matched,aten::index,"[[44],[]]","[""int"",""""]",null,1,1.6
"void at::native::index_elementwise_kernel<128, 4, at::native::gpu_index_kernel<at::native::index_kernel_impl<at::native::OpaqueType<4> >(at::TensorIteratorBase&, c10::ArrayRef<long>, c10::ArrayRef<long>)::{lambda(char*, char const*, long)#1}>(at::TensorIteratorBase&, c10::ArrayRef<long>, c10::ArrayRef<long>, at::native::index_kernel_impl<at::native::OpaqueType<4> >(at::TensorIteratorBase&, c10::ArrayRef<long>, c10::ArrayRef<long>)::{lambda(char*, char const*, long)#1} const&, bool)::{lambda(int)#1}>(long, at::native::gpu_index_kernel<at::native::index_kernel_impl<at::native::OpaqueType<4> >(at::TensorIteratorBase&, c10::ArrayRef<long>, c10::ArrayRef<long>)::{lambda(char*, char const*, long)#1}>(at::TensorIteratorBase&, c10::ArrayRef<long>, c10::ArrayRef<long>, at::native::index_kernel_impl<at::native::OpaqueType<4> >(at::TensorIteratorBase&, c10::ArrayRef<long>, c10::ArrayRef<long>)::{lambda(char*, char const*, long)#1} const&, bool)::{lambda(int)#1})",9,operator_shape_matched,aten::index,"[[48],[]]","[""int"",""""]",null,1,1.6
"void at::native::index_elementwise_kernel<128, 4, at::native::gpu_index_kernel<at::native::index_kernel_impl<at::native::OpaqueType<4> >(at::TensorIteratorBase&, c10::ArrayRef<long>, c10::ArrayRef<long>)::{lambda(char*, char const*, long)#1}>(at::TensorIteratorBase&, c10::ArrayRef<long>, c10::ArrayRef<long>, at::native::index_kernel_impl<at::native::OpaqueType<4> >(at::TensorIteratorBase&, c10::ArrayRef<long>, c10::ArrayRef<long>)::{lambda(char*, char const*, long)#1} const&, bool)::{lambda(int)#1}>(long, at::native::gpu_index_kernel<at::native::index_kernel_impl<at::native::OpaqueType<4> >(at::TensorIteratorBase&, c10::ArrayRef<long>, c10::ArrayRef<long>)::{lambda(char*, char const*, long)#1}>(at::TensorIteratorBase&, c10::ArrayRef<long>, c10::ArrayRef<long>, at::native::index_kernel_impl<at::native::OpaqueType<4> >(at::TensorIteratorBase&, c10::ArrayRef<long>, c10::ArrayRef<long>)::{lambda(char*, char const*, long)#1} const&, bool)::{lambda(int)#1})",10,operator_shape_matched,aten::index,"[[52],[]]","[""int"",""""]",null,1,1.6
"void at::native::index_elementwise_kernel<128, 4, at::native::gpu_index_kernel<at::native::index_kernel_impl<at::native::OpaqueType<4> >(at::TensorIteratorBase&, c10::ArrayRef<long>, c10::ArrayRef<long>)::{lambda(char*, char const*, long)#1}>(at::TensorIteratorBase&, c10::ArrayRef<long>, c10::ArrayRef<long>, at::native::index_kernel_impl<at::native::OpaqueType<4> >(at::TensorIteratorBase&, c10::ArrayRef<long>, c10::ArrayRef<long>)::{lambda(char*, char const*, long)#1} const&, bool)::{lambda(int)#1}>(long, at::native::gpu_index_kernel<at::native::index_kernel_impl<at::native::OpaqueType<4> >(at::TensorIteratorBase&, c10::ArrayRef<long>, c10::ArrayRef<long>)::{lambda(char*, char const*, long)#1}>(at::TensorIteratorBase&, c10::ArrayRef<long>, c10::ArrayRef<long>, at::native::index_kernel_impl<at::native::OpaqueType<4> >(at::TensorIteratorBase&, c10::ArrayRef<long>, c10::ArrayRef<long>)::{lambda(char*, char const*, long)#1} const&, bool)::{lambda(int)#1})",11,operator_shape_matched,aten::index,"[[58],[]]","[""int"",""""]",null,1,1.6
"void at::native::index_elementwise_kernel<128, 4, at::native::gpu_index_kernel<at::native::index_kernel_impl<at::native::OpaqueType<4> >(at::TensorIteratorBase&, c10::ArrayRef<long>, c10::ArrayRef<long>)::{lambda(char*, char const*, long)#1}>(at::TensorIteratorBase&, c10::ArrayRef<long>, c10::ArrayRef<long>, at::native::index_kernel_impl<at::native::OpaqueType<4> >(at::TensorIteratorBase&, c10::ArrayRef<long>, c10::ArrayRef<long>)::{lambda(char*, char const*, long)#1} const&, bool)::{lambda(int)#1}>(long, at::native::gpu_index_kernel<at::native::index_kernel_impl<at::native::OpaqueType<4> >(at::TensorIteratorBase&, c10::ArrayRef<long>, c10::ArrayRef<long>)::{lambda(char*, char const*, long)#1}>(at::TensorIteratorBase&, c10::ArrayRef<long>, c10::ArrayRef<long>, at::native::index_kernel_impl<at::native::OpaqueType<4> >(at::TensorIteratorBase&, c10::ArrayRef<long>, c10::ArrayRef<long>)::{lambda(char*, char const*, long)#1} const&, bool)::{lambda(int)#1})",12,operator_shape_matched,aten::index,"[[60],[]]","[""int"",""""]",null,1,1.6
"void at::native::index_elementwise_kernel<128, 4, at::native::gpu_index_kernel<at::native::index_kernel_impl<at::native::OpaqueType<4> >(at::TensorIteratorBase&, c10::ArrayRef<long>, c10::ArrayRef<long>)::{lambda(char*, char const*, long)#1}>(at::TensorIteratorBase&, c10::ArrayRef<long>, c10::ArrayRef<long>, at::native::index_kernel_impl<at::native::OpaqueType<4> >(at::TensorIteratorBase&, c10::ArrayRef<long>, c10::ArrayRef<long>)::{lambda(char*, char const*, long)#1} const&, bool)::{lambda(int)#1}>(long, at::native::gpu_index_kernel<at::native::index_kernel_impl<at::native::OpaqueType<4> >(at::TensorIteratorBase&, c10::ArrayRef<long>, c10::ArrayRef<long>)::{lambda(char*, char const*, long)#1}>(at::TensorIteratorBase&, c10::ArrayRef<long>, c10::ArrayRef<long>, at::native::index_kernel_impl<at::native::OpaqueType<4> >(at::TensorIteratorBase&, c10::ArrayRef<long>, c10::ArrayRef<long>)::{lambda(char*, char const*, long)#1} const&, bool)::{lambda(int)#1})",13,operator_shape_matched,aten::index,"[[62],[]]","[""int"",""""]",null,1,1.6
"void at::native::index_elementwise_kernel<128, 4, at::native::gpu_index_kernel<at::native::index_kernel_impl<at::native::OpaqueType<4> >(at::TensorIteratorBase&, c10::ArrayRef<long>, c10::ArrayRef<long>)::{lambda(char*, char const*, long)#1}>(at::TensorIteratorBase&, c10::ArrayRef<long>, c10::ArrayRef<long>, at::native::index_kernel_impl<at::native::OpaqueType<4> >(at::TensorIteratorBase&, c10::ArrayRef<long>, c10::ArrayRef<long>)::{lambda(char*, char const*, long)#1} const&, bool)::{lambda(int)#1}>(long, at::native::gpu_index_kernel<at::native::index_kernel_impl<at::native::OpaqueType<4> >(at::TensorIteratorBase&, c10::ArrayRef<long>, c10::ArrayRef<long>)::{lambda(char*, char const*, long)#1}>(at::TensorIteratorBase&, c10::ArrayRef<long>, c10::ArrayRef<long>, at::native::index_kernel_impl<at::native::OpaqueType<4> >(at::TensorIteratorBase&, c10::ArrayRef<long>, c10::ArrayRef<long>)::{lambda(char*, char const*, long)#1} const&, bool)::{lambda(int)#1})",14,operator_shape_matched,aten::index,"[[63],[]]","[""int"",""""]",null,1,1.6
"void at::native::index_elementwise_kernel<128, 4, at::native::gpu_index_kernel<at::native::index_kernel_impl<at::native::OpaqueType<4> >(at::TensorIteratorBase&, c10::ArrayRef<long>, c10::ArrayRef<long>)::{lambda(char*, char const*, long)#1}>(at::TensorIteratorBase&, c10::ArrayRef<long>, c10::ArrayRef<long>, at::native::index_kernel_impl<at::native::OpaqueType<4> >(at::TensorIteratorBase&, c10::ArrayRef<long>, c10::ArrayRef<long>)::{lambda(char*, char const*, long)#1} const&, bool)::{lambda(int)#1}>(long, at::native::gpu_index_kernel<at::native::index_kernel_impl<at::native::OpaqueType<4> >(at::TensorIteratorBase&, c10::ArrayRef<long>, c10::ArrayRef<long>)::{lambda(char*, char const*, long)#1}>(at::TensorIteratorBase&, c10::ArrayRef<long>, c10::ArrayRef<long>, at::native::index_kernel_impl<at::native::OpaqueType<4> >(at::TensorIteratorBase&, c10::ArrayRef<long>, c10::ArrayRef<long>)::{lambda(char*, char const*, long)#1} const&, bool)::{lambda(int)#1})",15,operator_shape_matched,aten::index,"[[36],[]]","[""int"",""""]",null,1,1.568
"void at::native::index_elementwise_kernel<128, 4, at::native::gpu_index_kernel<at::native::index_kernel_impl<at::native::OpaqueType<4> >(at::TensorIteratorBase&, c10::ArrayRef<long>, c10::ArrayRef<long>)::{lambda(char*, char const*, long)#1}>(at::TensorIteratorBase&, c10::ArrayRef<long>, c10::ArrayRef<long>, at::native::index_kernel_impl<at::native::OpaqueType<4> >(at::TensorIteratorBase&, c10::ArrayRef<long>, c10::ArrayRef<long>)::{lambda(char*, char const*, long)#1} const&, bool)::{lambda(int)#1}>(long, at::native::gpu_index_kernel<at::native::index_kernel_impl<at::native::OpaqueType<4> >(at::TensorIteratorBase&, c10::ArrayRef<long>, c10::ArrayRef<long>)::{lambda(char*, char const*, long)#1}>(at::TensorIteratorBase&, c10::ArrayRef<long>, c10::ArrayRef<long>, at::native::index_kernel_impl<at::native::OpaqueType<4> >(at::TensorIteratorBase&, c10::ArrayRef<long>, c10::ArrayRef<long>)::{lambda(char*, char const*, long)#1} const&, bool)::{lambda(int)#1})",16,operator_shape_matched,aten::index,"[[46],[]]","[""int"",""""]",null,1,1.568
"void at::native::index_elementwise_kernel<128, 4, at::native::gpu_index_kernel<at::native::index_kernel_impl<at::native::OpaqueType<4> >(at::TensorIteratorBase&, c10::ArrayRef<long>, c10::ArrayRef<long>)::{lambda(char*, char const*, long)#1}>(at::TensorIteratorBase&, c10::ArrayRef<long>, c10::ArrayRef<long>, at::native::index_kernel_impl<at::native::OpaqueType<4> >(at::TensorIteratorBase&, c10::ArrayRef<long>, c10::ArrayRef<long>)::{lambda(char*, char const*, long)#1} const&, bool)::{lambda(int)#1}>(long, at::native::gpu_index_kernel<at::native::index_kernel_impl<at::native::OpaqueType<4> >(at::TensorIteratorBase&, c10::ArrayRef<long>, c10::ArrayRef<long>)::{lambda(char*, char const*, long)#1}>(at::TensorIteratorBase&, c10::ArrayRef<long>, c10::ArrayRef<long>, at::native::index_kernel_impl<at::native::OpaqueType<4> >(at::TensorIteratorBase&, c10::ArrayRef<long>, c10::ArrayRef<long>)::{lambda(char*, char const*, long)#1} const&, bool)::{lambda(int)#1})",17,operator_shape_matched,aten::index,"[[50],[]]","[""int"",""""]",null,1,1.568
"void at::native::index_elementwise_kernel<128, 4, at::native::gpu_index_kernel<at::native::index_kernel_impl<at::native::OpaqueType<4> >(at::TensorIteratorBase&, c10::ArrayRef<long>, c10::ArrayRef<long>)::{lambda(char*, char const*, long)#1}>(at::TensorIteratorBase&, c10::ArrayRef<long>, c10::ArrayRef<long>, at::native::index_kernel_impl<at::native::OpaqueType<4> >(at::TensorIteratorBase&, c10::ArrayRef<long>, c10::ArrayRef<long>)::{lambda(char*, char const*, long)#1} const&, bool)::{lambda(int)#1}>(long, at::native::gpu_index_kernel<at::native::index_kernel_impl<at::native::OpaqueType<4> >(at::TensorIteratorBase&, c10::ArrayRef<long>, c10::ArrayRef<long>)::{lambda(char*, char const*, long)#1}>(at::TensorIteratorBase&, c10::ArrayRef<long>, c10::ArrayRef<long>, at::native::index_kernel_impl<at::native::OpaqueType<4> >(at::TensorIteratorBase&, c10::ArrayRef<long>, c10::ArrayRef<long>)::{lambda(char*, char const*, long)#1} const&, bool)::{lambda(int)#1})",18,operator_shape_matched,aten::index,"[[54],[]]","[""int"",""""]",null,1,1.568
nvjet_tst_64x8_64x16_4x1_v_bz_TNT,1,missing_external_id,null,null,null,null,280,1475.039
nvjet_tst_64x8_64x16_4x1_v_bz_TNT,2,operator_shape_matched,aten::mm,"[[4096,2048],[2048,1]]","[""c10::BFloat16"",""c10::BFloat16""]",null,40,378.723
nvjet_tst_8x64_64x16_4x1_v_bz_TNN,1,missing_external_id,null,null,null,null,320,1799.9
"void at::native::elementwise_kernel<128, 2, at::native::gpu_kernel_impl_nocast<at::native::direct_copy_kernel_cuda(at::TensorIteratorBase&)::{lambda()#3}::operator()() const::{lambda()#4}::operator()() const::{lambda(long)#1}>(at::TensorIteratorBase&, at::native::direct_copy_kernel_cuda(at::TensorIteratorBase&)::{lambda()#3}::operator()() const::{lambda()#4}::operator()() const::{lambda(long)#1} const&)::{lambda(int)#1}>(int, at::native::gpu_kernel_impl_nocast<at::native::direct_copy_kernel_cuda(at::TensorIteratorBase&)::{lambda()#3}::operator()() const::{lambda()#4}::operator()() const::{lambda(long)#1}>(at::TensorIteratorBase&, at::native::direct_copy_kernel_cuda(at::TensorIteratorBase&)::{lambda()#3}::operator()() const::{lambda()#4}::operator()() const::{lambda(long)#1} const&)::{lambda(int)#1})",1,operator_shape_matched,aten::copy_,"[[3,64],[3,64],[]]","[""long int"",""long int"",""Scalar""]",null,990,1657.842
"void at::native::elementwise_kernel<128, 2, at::native::gpu_kernel_impl_nocast<at::native::direct_copy_kernel_cuda(at::TensorIteratorBase&)::{lambda()#3}::operator()() const::{lambda()#4}::operator()() const::{lambda(long)#1}>(at::TensorIteratorBase&, at::native::direct_copy_kernel_cuda(at::TensorIteratorBase&)::{lambda()#3}::operator()() const::{lambda()#4}::operator()() const::{lambda(long)#1} const&)::{lambda(int)#1}>(int, at::native::gpu_kernel_impl_nocast<at::native::direct_copy_kernel_cuda(at::TensorIteratorBase&)::{lambda()#3}::operator()() const::{lambda()#4}::operator()() const::{lambda(long)#1}>(at::TensorIteratorBase&, at::native::direct_copy_kernel_cuda(at::TensorIteratorBase&)::{lambda()#3}::operator()() const::{lambda()#4}::operator()() const::{lambda(long)#1} const&)::{lambda(int)#1})",2,operator_shape_matched,aten::copy_,"[[3,8192],[3,8192],[]]","[""long int"",""long int"",""Scalar""]",null,31,69.185
"void at::native::elementwise_kernel<128, 2, at::native::gpu_kernel_impl_nocast<at::native::direct_copy_kernel_cuda(at::TensorIteratorBase&)::{lambda()#3}::operator()() const::{lambda()#4}::operator()() const::{lambda(long)#1}>(at::TensorIteratorBase&, at::native::direct_copy_kernel_cuda(at::TensorIteratorBase&)::{lambda()#3}::operator()() const::{lambda()#4}::operator()() const::{lambda(long)#1} const&)::{lambda(int)#1}>(int, at::native::gpu_kernel_impl_nocast<at::native::direct_copy_kernel_cuda(at::TensorIteratorBase&)::{lambda()#3}::operator()() const::{lambda()#4}::operator()() const::{lambda(long)#1}>(at::TensorIteratorBase&, at::native::direct_copy_kernel_cuda(at::TensorIteratorBase&)::{lambda()#3}::operator()() const::{lambda()#4}::operator()() const::{lambda(long)#1} const&)::{lambda(int)#1})",3,operator_shape_matched,aten::copy_,"[[3,63],[3,63],[]]","[""long int"",""long int"",""Scalar""]",null,2,3.584
"void at::native::elementwise_kernel<128, 2, at::native::gpu_kernel_impl_nocast<at::native::direct_copy_kernel_cuda(at::TensorIteratorBase&)::{lambda()#3}::operator()() const::{lambda()#4}::operator()() const::{lambda(long)#1}>(at::TensorIteratorBase&, at::native::direct_copy_kernel_cuda(at::TensorIteratorBase&)::{lambda()#3}::operator()() const::{lambda()#4}::operator()() const::{lambda(long)#1} const&)::{lambda(int)#1}>(int, at::native::gpu_kernel_impl_nocast<at::native::direct_copy_kernel_cuda(at::TensorIteratorBase&)::{lambda()#3}::operator()() const::{lambda()#4}::operator()() const::{lambda(long)#1}>(at::TensorIteratorBase&, at::native::direct_copy_kernel_cuda(at::TensorIteratorBase&)::{lambda()#3}::operator()() const::{lambda()#4}::operator()() const::{lambda(long)#1} const&)::{lambda(int)#1})",4,operator_shape_matched,aten::copy_,"[[3,5089],[3,5089],[]]","[""long int"",""long int"",""Scalar""]",null,1,2.08
"void at::native::elementwise_kernel<128, 2, at::native::gpu_kernel_impl_nocast<at::native::direct_copy_kernel_cuda(at::TensorIteratorBase&)::{lambda()#3}::operator()() const::{lambda()#4}::operator()() const::{lambda(long)#1}>(at::TensorIteratorBase&, at::native::direct_copy_kernel_cuda(at::TensorIteratorBase&)::{lambda()#3}::operator()() const::{lambda()#4}::operator()() const::{lambda(long)#1} const&)::{lambda(int)#1}>(int, at::native::gpu_kernel_impl_nocast<at::native::direct_copy_kernel_cuda(at::TensorIteratorBase&)::{lambda()#3}::operator()() const::{lambda()#4}::operator()() const::{lambda(long)#1}>(at::TensorIteratorBase&, at::native::direct_copy_kernel_cuda(at::TensorIteratorBase&)::{lambda()#3}::operator()() const::{lambda()#4}::operator()() const::{lambda(long)#1} const&)::{lambda(int)#1})",5,operator_shape_matched,aten::copy_,"[[3,60],[3,60],[]]","[""long int"",""long int"",""Scalar""]",null,1,1.984
"void at::native::elementwise_kernel<128, 2, at::native::gpu_kernel_impl_nocast<at::native::direct_copy_kernel_cuda(at::TensorIteratorBase&)::{lambda()#3}::operator()() const::{lambda()#4}::operator()() const::{lambda(long)#1}>(at::TensorIteratorBase&, at::native::direct_copy_kernel_cuda(at::TensorIteratorBase&)::{lambda()#3}::operator()() const::{lambda()#4}::operator()() const::{lambda(long)#1} const&)::{lambda(int)#1}>(int, at::native::gpu_kernel_impl_nocast<at::native::direct_copy_kernel_cuda(at::TensorIteratorBase&)::{lambda()#3}::operator()() const::{lambda()#4}::operator()() const::{lambda(long)#1}>(at::TensorIteratorBase&, at::native::direct_copy_kernel_cuda(at::TensorIteratorBase&)::{lambda()#3}::operator()() const::{lambda()#4}::operator()() const::{lambda(long)#1} const&)::{lambda(int)#1})",6,operator_shape_matched,aten::copy_,"[[3,4096],[3,4096],[]]","[""long int"",""long int"",""Scalar""]",null,1,1.952
"void at::native::elementwise_kernel<128, 2, at::native::gpu_kernel_impl_nocast<at::native::direct_copy_kernel_cuda(at::TensorIteratorBase&)::{lambda()#3}::operator()() const::{lambda()#4}::operator()() const::{lambda(long)#1}>(at::TensorIteratorBase&, at::native::direct_copy_kernel_cuda(at::TensorIteratorBase&)::{lambda()#3}::operator()() const::{lambda()#4}::operator()() const::{lambda(long)#1} const&)::{lambda(int)#1}>(int, at::native::gpu_kernel_impl_nocast<at::native::direct_copy_kernel_cuda(at::TensorIteratorBase&)::{lambda()#3}::operator()() const::{lambda()#4}::operator()() const::{lambda(long)#1}>(at::TensorIteratorBase&, at::native::direct_copy_kernel_cuda(at::TensorIteratorBase&)::{lambda()#3}::operator()() const::{lambda()#4}::operator()() const::{lambda(long)#1} const&)::{lambda(int)#1})",7,operator_shape_matched,aten::copy_,"[[3,46],[3,46],[]]","[""long int"",""long int"",""Scalar""]",null,1,1.888
"void at::native::elementwise_kernel<128, 2, at::native::gpu_kernel_impl_nocast<at::native::direct_copy_kernel_cuda(at::TensorIteratorBase&)::{lambda()#3}::operator()() const::{lambda()#4}::operator()() const::{lambda(long)#1}>(at::TensorIteratorBase&, at::native::direct_copy_kernel_cuda(at::TensorIteratorBase&)::{lambda()#3}::operator()() const::{lambda()#4}::operator()() const::{lambda(long)#1} const&)::{lambda(int)#1}>(int, at::native::gpu_kernel_impl_nocast<at::native::direct_copy_kernel_cuda(at::TensorIteratorBase&)::{lambda()#3}::operator()() const::{lambda()#4}::operator()() const::{lambda(long)#1}>(at::TensorIteratorBase&, at::native::direct_copy_kernel_cuda(at::TensorIteratorBase&)::{lambda()#3}::operator()() const::{lambda()#4}::operator()() const::{lambda(long)#1} const&)::{lambda(int)#1})",8,operator_shape_matched,aten::copy_,"[[3,52],[3,52],[]]","[""long int"",""long int"",""Scalar""]",null,1,1.888
"void at::native::elementwise_kernel<128, 2, at::native::gpu_kernel_impl_nocast<at::native::direct_copy_kernel_cuda(at::TensorIteratorBase&)::{lambda()#3}::operator()() const::{lambda()#4}::operator()() const::{lambda(long)#1}>(at::TensorIteratorBase&, at::native::direct_copy_kernel_cuda(at::TensorIteratorBase&)::{lambda()#3}::operator()() const::{lambda()#4}::operator()() const::{lambda(long)#1} const&)::{lambda(int)#1}>(int, at::native::gpu_kernel_impl_nocast<at::native::direct_copy_kernel_cuda(at::TensorIteratorBase&)::{lambda()#3}::operator()() const::{lambda()#4}::operator()() const::{lambda(long)#1}>(at::TensorIteratorBase&, at::native::direct_copy_kernel_cuda(at::TensorIteratorBase&)::{lambda()#3}::operator()() const::{lambda()#4}::operator()() const::{lambda(long)#1} const&)::{lambda(int)#1})",9,operator_shape_matched,aten::copy_,"[[3,58],[3,58],[]]","[""long int"",""long int"",""Scalar""]",null,1,1.888
"void at::native::elementwise_kernel<128, 2, at::native::gpu_kernel_impl_nocast<at::native::direct_copy_kernel_cuda(at::TensorIteratorBase&)::{lambda()#3}::operator()() const::{lambda()#4}::operator()() const::{lambda(long)#1}>(at::TensorIteratorBase&, at::native::direct_copy_kernel_cuda(at::TensorIteratorBase&)::{lambda()#3}::operator()() const::{lambda()#4}::operator()() const::{lambda(long)#1} const&)::{lambda(int)#1}>(int, at::native::gpu_kernel_impl_nocast<at::native::direct_copy_kernel_cuda(at::TensorIteratorBase&)::{lambda()#3}::operator()() const::{lambda()#4}::operator()() const::{lambda(long)#1}>(at::TensorIteratorBase&, at::native::direct_copy_kernel_cuda(at::TensorIteratorBase&)::{lambda()#3}::operator()() const::{lambda()#4}::operator()() const::{lambda(long)#1} const&)::{lambda(int)#1})",10,operator_shape_matched,aten::copy_,"[[3,62],[3,62],[]]","[""long int"",""long int"",""Scalar""]",null,1,1.888
"void at::native::elementwise_kernel<128, 2, at::native::gpu_kernel_impl_nocast<at::native::direct_copy_kernel_cuda(at::TensorIteratorBase&)::{lambda()#3}::operator()() const::{lambda()#4}::operator()() const::{lambda(long)#1}>(at::TensorIteratorBase&, at::native::direct_copy_kernel_cuda(at::TensorIteratorBase&)::{lambda()#3}::operator()() const::{lambda()#4}::operator()() const::{lambda(long)#1} const&)::{lambda(int)#1}>(int, at::native::gpu_kernel_impl_nocast<at::native::direct_copy_kernel_cuda(at::TensorIteratorBase&)::{lambda()#3}::operator()() const::{lambda()#4}::operator()() const::{lambda(long)#1}>(at::TensorIteratorBase&, at::native::direct_copy_kernel_cuda(at::TensorIteratorBase&)::{lambda()#3}::operator()() const::{lambda()#4}::operator()() const::{lambda(long)#1} const&)::{lambda(int)#1})",11,operator_shape_matched,aten::copy_,"[[3,54],[3,54],[]]","[""long int"",""long int"",""Scalar""]",null,1,1.825
"void at::native::elementwise_kernel<128, 2, at::native::gpu_kernel_impl_nocast<at::native::direct_copy_kernel_cuda(at::TensorIteratorBase&)::{lambda()#3}::operator()() const::{lambda()#4}::operator()() const::{lambda(long)#1}>(at::TensorIteratorBase&, at::native::direct_copy_kernel_cuda(at::TensorIteratorBase&)::{lambda()#3}::operator()() const::{lambda()#4}::operator()() const::{lambda(long)#1} const&)::{lambda(int)#1}>(int, at::native::gpu_kernel_impl_nocast<at::native::direct_copy_kernel_cuda(at::TensorIteratorBase&)::{lambda()#3}::operator()() const::{lambda()#4}::operator()() const::{lambda(long)#1}>(at::TensorIteratorBase&, at::native::direct_copy_kernel_cuda(at::TensorIteratorBase&)::{lambda()#3}::operator()() const::{lambda()#4}::operator()() const::{lambda(long)#1} const&)::{lambda(int)#1})",12,operator_shape_matched,aten::copy_,"[[3,50],[3,50],[]]","[""long int"",""long int"",""Scalar""]",null,1,1.824
"void at::native::elementwise_kernel<128, 2, at::native::gpu_kernel_impl_nocast<at::native::direct_copy_kernel_cuda(at::TensorIteratorBase&)::{lambda()#3}::operator()() const::{lambda()#4}::operator()() const::{lambda(long)#1}>(at::TensorIteratorBase&, at::native::direct_copy_kernel_cuda(at::TensorIteratorBase&)::{lambda()#3}::operator()() const::{lambda()#4}::operator()() const::{lambda(long)#1} const&)::{lambda(int)#1}>(int, at::native::gpu_kernel_impl_nocast<at::native::direct_copy_kernel_cuda(at::TensorIteratorBase&)::{lambda()#3}::operator()() const::{lambda()#4}::operator()() const::{lambda(long)#1}>(at::TensorIteratorBase&, at::native::direct_copy_kernel_cuda(at::TensorIteratorBase&)::{lambda()#3}::operator()() const::{lambda()#4}::operator()() const::{lambda(long)#1} const&)::{lambda(int)#1})",13,operator_shape_matched,aten::copy_,"[[3,44],[3,44],[]]","[""long int"",""long int"",""Scalar""]",null,1,1.792
"void at::native::elementwise_kernel<128, 2, at::native::gpu_kernel_impl_nocast<at::native::direct_copy_kernel_cuda(at::TensorIteratorBase&)::{lambda()#3}::operator()() const::{lambda()#4}::operator()() const::{lambda(long)#1}>(at::TensorIteratorBase&, at::native::direct_copy_kernel_cuda(at::TensorIteratorBase&)::{lambda()#3}::operator()() const::{lambda()#4}::operator()() const::{lambda(long)#1} const&)::{lambda(int)#1}>(int, at::native::gpu_kernel_impl_nocast<at::native::direct_copy_kernel_cuda(at::TensorIteratorBase&)::{lambda()#3}::operator()() const::{lambda()#4}::operator()() const::{lambda(long)#1}>(at::TensorIteratorBase&, at::native::direct_copy_kernel_cuda(at::TensorIteratorBase&)::{lambda()#3}::operator()() const::{lambda()#4}::operator()() const::{lambda(long)#1} const&)::{lambda(int)#1})",14,operator_shape_matched,aten::copy_,"[[3,56],[3,56],[]]","[""long int"",""long int"",""Scalar""]",null,1,1.696
"void at::native::elementwise_kernel<128, 2, at::native::gpu_kernel_impl_nocast<at::native::direct_copy_kernel_cuda(at::TensorIteratorBase&)::{lambda()#3}::operator()() const::{lambda()#4}::operator()() const::{lambda(long)#1}>(at::TensorIteratorBase&, at::native::direct_copy_kernel_cuda(at::TensorIteratorBase&)::{lambda()#3}::operator()() const::{lambda()#4}::operator()() const::{lambda(long)#1} const&)::{lambda(int)#1}>(int, at::native::gpu_kernel_impl_nocast<at::native::direct_copy_kernel_cuda(at::TensorIteratorBase&)::{lambda()#3}::operator()() const::{lambda()#4}::operator()() const::{lambda(long)#1}>(at::TensorIteratorBase&, at::native::direct_copy_kernel_cuda(at::TensorIteratorBase&)::{lambda()#3}::operator()() const::{lambda()#4}::operator()() const::{lambda(long)#1} const&)::{lambda(int)#1})",15,operator_shape_matched,aten::copy_,"[[3,30],[3,30],[]]","[""long int"",""long int"",""Scalar""]",null,1,1.664
"void at::native::elementwise_kernel<128, 2, at::native::gpu_kernel_impl_nocast<at::native::direct_copy_kernel_cuda(at::TensorIteratorBase&)::{lambda()#3}::operator()() const::{lambda()#4}::operator()() const::{lambda(long)#1}>(at::TensorIteratorBase&, at::native::direct_copy_kernel_cuda(at::TensorIteratorBase&)::{lambda()#3}::operator()() const::{lambda()#4}::operator()() const::{lambda(long)#1} const&)::{lambda(int)#1}>(int, at::native::gpu_kernel_impl_nocast<at::native::direct_copy_kernel_cuda(at::TensorIteratorBase&)::{lambda()#3}::operator()() const::{lambda()#4}::operator()() const::{lambda(long)#1}>(at::TensorIteratorBase&, at::native::direct_copy_kernel_cuda(at::TensorIteratorBase&)::{lambda()#3}::operator()() const::{lambda()#4}::operator()() const::{lambda(long)#1} const&)::{lambda(int)#1})",16,operator_shape_matched,aten::copy_,"[[3,48],[3,48],[]]","[""long int"",""long int"",""Scalar""]",null,1,1.664
"void at::native::elementwise_kernel<128, 2, at::native::gpu_kernel_impl_nocast<at::native::direct_copy_kernel_cuda(at::TensorIteratorBase&)::{lambda()#3}::operator()() const::{lambda()#4}::operator()() const::{lambda(long)#1}>(at::TensorIteratorBase&, at::native::direct_copy_kernel_cuda(at::TensorIteratorBase&)::{lambda()#3}::operator()() const::{lambda()#4}::operator()() const::{lambda(long)#1} const&)::{lambda(int)#1}>(int, at::native::gpu_kernel_impl_nocast<at::native::direct_copy_kernel_cuda(at::TensorIteratorBase&)::{lambda()#3}::operator()() const::{lambda()#4}::operator()() const::{lambda(long)#1}>(at::TensorIteratorBase&, at::native::direct_copy_kernel_cuda(at::TensorIteratorBase&)::{lambda()#3}::operator()() const::{lambda()#4}::operator()() const::{lambda(long)#1} const&)::{lambda(int)#1})",17,operator_shape_matched,aten::copy_,"[[3,38],[3,38],[]]","[""long int"",""long int"",""Scalar""]",null,1,1.536
"void at::native::elementwise_kernel<128, 2, at::native::gpu_kernel_impl_nocast<at::native::direct_copy_kernel_cuda(at::TensorIteratorBase&)::{lambda()#3}::operator()() const::{lambda()#4}::operator()() const::{lambda(long)#1}>(at::TensorIteratorBase&, at::native::direct_copy_kernel_cuda(at::TensorIteratorBase&)::{lambda()#3}::operator()() const::{lambda()#4}::operator()() const::{lambda(long)#1} const&)::{lambda(int)#1}>(int, at::native::gpu_kernel_impl_nocast<at::native::direct_copy_kernel_cuda(at::TensorIteratorBase&)::{lambda()#3}::operator()() const::{lambda()#4}::operator()() const::{lambda(long)#1}>(at::TensorIteratorBase&, at::native::direct_copy_kernel_cuda(at::TensorIteratorBase&)::{lambda()#3}::operator()() const::{lambda()#4}::operator()() const::{lambda(long)#1} const&)::{lambda(int)#1})",18,operator_shape_matched,aten::copy_,"[[3,26],[3,26],[]]","[""long int"",""long int"",""Scalar""]",null,1,1.504
"void at::native::elementwise_kernel<128, 2, at::native::gpu_kernel_impl_nocast<at::native::direct_copy_kernel_cuda(at::TensorIteratorBase&)::{lambda()#3}::operator()() const::{lambda()#4}::operator()() const::{lambda(long)#1}>(at::TensorIteratorBase&, at::native::direct_copy_kernel_cuda(at::TensorIteratorBase&)::{lambda()#3}::operator()() const::{lambda()#4}::operator()() const::{lambda(long)#1} const&)::{lambda(int)#1}>(int, at::native::gpu_kernel_impl_nocast<at::native::direct_copy_kernel_cuda(at::TensorIteratorBase&)::{lambda()#3}::operator()() const::{lambda()#4}::operator()() const::{lambda(long)#1}>(at::TensorIteratorBase&, at::native::direct_copy_kernel_cuda(at::TensorIteratorBase&)::{lambda()#3}::operator()() const::{lambda()#4}::operator()() const::{lambda(long)#1} const&)::{lambda(int)#1})",19,operator_shape_matched,aten::copy_,"[[3,22],[3,22],[]]","[""long int"",""long int"",""Scalar""]",null,1,1.473
"void at::native::elementwise_kernel<128, 2, at::native::gpu_kernel_impl_nocast<at::native::direct_copy_kernel_cuda(at::TensorIteratorBase&)::{lambda()#3}::operator()() const::{lambda()#4}::operator()() const::{lambda(long)#1}>(at::TensorIteratorBase&, at::native::direct_copy_kernel_cuda(at::TensorIteratorBase&)::{lambda()#3}::operator()() const::{lambda()#4}::operator()() const::{lambda(long)#1} const&)::{lambda(int)#1}>(int, at::native::gpu_kernel_impl_nocast<at::native::direct_copy_kernel_cuda(at::TensorIteratorBase&)::{lambda()#3}::operator()() const::{lambda()#4}::operator()() const::{lambda(long)#1}>(at::TensorIteratorBase&, at::native::direct_copy_kernel_cuda(at::TensorIteratorBase&)::{lambda()#3}::operator()() const::{lambda()#4}::operator()() const::{lambda(long)#1} const&)::{lambda(int)#1})",20,operator_shape_matched,aten::copy_,"[[3,34],[3,34],[]]","[""long int"",""long int"",""Scalar""]",null,1,1.472
"void at::native::elementwise_kernel<128, 2, at::native::gpu_kernel_impl_nocast<at::native::direct_copy_kernel_cuda(at::TensorIteratorBase&)::{lambda()#3}::operator()() const::{lambda()#4}::operator()() const::{lambda(long)#1}>(at::TensorIteratorBase&, at::native::direct_copy_kernel_cuda(at::TensorIteratorBase&)::{lambda()#3}::operator()() const::{lambda()#4}::operator()() const::{lambda(long)#1} const&)::{lambda(int)#1}>(int, at::native::gpu_kernel_impl_nocast<at::native::direct_copy_kernel_cuda(at::TensorIteratorBase&)::{lambda()#3}::operator()() const::{lambda()#4}::operator()() const::{lambda(long)#1}>(at::TensorIteratorBase&, at::native::direct_copy_kernel_cuda(at::TensorIteratorBase&)::{lambda()#3}::operator()() const::{lambda()#4}::operator()() const::{lambda(long)#1} const&)::{lambda(int)#1})",21,operator_shape_matched,aten::copy_,"[[3,42],[3,42],[]]","[""long int"",""long int"",""Scalar""]",null,1,1.472
"void at::native::elementwise_kernel<128, 2, at::native::gpu_kernel_impl_nocast<at::native::direct_copy_kernel_cuda(at::TensorIteratorBase&)::{lambda()#3}::operator()() const::{lambda()#4}::operator()() const::{lambda(long)#1}>(at::TensorIteratorBase&, at::native::direct_copy_kernel_cuda(at::TensorIteratorBase&)::{lambda()#3}::operator()() const::{lambda()#4}::operator()() const::{lambda(long)#1} const&)::{lambda(int)#1}>(int, at::native::gpu_kernel_impl_nocast<at::native::direct_copy_kernel_cuda(at::TensorIteratorBase&)::{lambda()#3}::operator()() const::{lambda()#4}::operator()() const::{lambda(long)#1}>(at::TensorIteratorBase&, at::native::direct_copy_kernel_cuda(at::TensorIteratorBase&)::{lambda()#3}::operator()() const::{lambda()#4}::operator()() const::{lambda(long)#1} const&)::{lambda(int)#1})",22,operator_shape_matched,aten::copy_,"[[3,6],[3,6],[]]","[""long int"",""long int"",""Scalar""]",null,1,1.472
"void at::native::elementwise_kernel<128, 2, at::native::gpu_kernel_impl_nocast<at::native::direct_copy_kernel_cuda(at::TensorIteratorBase&)::{lambda()#3}::operator()() const::{lambda()#4}::operator()() const::{lambda(long)#1}>(at::TensorIteratorBase&, at::native::direct_copy_kernel_cuda(at::TensorIteratorBase&)::{lambda()#3}::operator()() const::{lambda()#4}::operator()() const::{lambda(long)#1} const&)::{lambda(int)#1}>(int, at::native::gpu_kernel_impl_nocast<at::native::direct_copy_kernel_cuda(at::TensorIteratorBase&)::{lambda()#3}::operator()() const::{lambda()#4}::operator()() const::{lambda(long)#1}>(at::TensorIteratorBase&, at::native::direct_copy_kernel_cuda(at::TensorIteratorBase&)::{lambda()#3}::operator()() const::{lambda()#4}::operator()() const::{lambda(long)#1} const&)::{lambda(int)#1})",23,operator_shape_matched,aten::copy_,"[[3,10],[3,10],[]]","[""long int"",""long int"",""Scalar""]",null,1,1.44
"void at::native::elementwise_kernel<128, 2, at::native::gpu_kernel_impl_nocast<at::native::direct_copy_kernel_cuda(at::TensorIteratorBase&)::{lambda()#3}::operator()() const::{lambda()#4}::operator()() const::{lambda(long)#1}>(at::TensorIteratorBase&, at::native::direct_copy_kernel_cuda(at::TensorIteratorBase&)::{lambda()#3}::operator()() const::{lambda()#4}::operator()() const::{lambda(long)#1} const&)::{lambda(int)#1}>(int, at::native::gpu_kernel_impl_nocast<at::native::direct_copy_kernel_cuda(at::TensorIteratorBase&)::{lambda()#3}::operator()() const::{lambda()#4}::operator()() const::{lambda(long)#1}>(at::TensorIteratorBase&, at::native::direct_copy_kernel_cuda(at::TensorIteratorBase&)::{lambda()#3}::operator()() const::{lambda()#4}::operator()() const::{lambda(long)#1} const&)::{lambda(int)#1})",24,operator_shape_matched,aten::copy_,"[[3,2],[3,2],[]]","[""long int"",""long int"",""Scalar""]",null,1,1.408
"void at::native::elementwise_kernel<128, 2, at::native::gpu_kernel_impl_nocast<at::native::direct_copy_kernel_cuda(at::TensorIteratorBase&)::{lambda()#3}::operator()() const::{lambda()#4}::operator()() const::{lambda(long)#1}>(at::TensorIteratorBase&, at::native::direct_copy_kernel_cuda(at::TensorIteratorBase&)::{lambda()#3}::operator()() const::{lambda()#4}::operator()() const::{lambda(long)#1} const&)::{lambda(int)#1}>(int, at::native::gpu_kernel_impl_nocast<at::native::direct_copy_kernel_cuda(at::TensorIteratorBase&)::{lambda()#3}::operator()() const::{lambda()#4}::operator()() const::{lambda(long)#1}>(at::TensorIteratorBase&, at::native::direct_copy_kernel_cuda(at::TensorIteratorBase&)::{lambda()#3}::operator()() const::{lambda()#4}::operator()() const::{lambda(long)#1} const&)::{lambda(int)#1})",25,operator_shape_matched,aten::copy_,"[[3,14],[3,14],[]]","[""long int"",""long int"",""Scalar""]",null,1,1.344
"void at::native::elementwise_kernel<128, 2, at::native::gpu_kernel_impl_nocast<at::native::direct_copy_kernel_cuda(at::TensorIteratorBase&)::{lambda()#3}::operator()() const::{lambda()#4}::operator()() const::{lambda(long)#1}>(at::TensorIteratorBase&, at::native::direct_copy_kernel_cuda(at::TensorIteratorBase&)::{lambda()#3}::operator()() const::{lambda()#4}::operator()() const::{lambda(long)#1} const&)::{lambda(int)#1}>(int, at::native::gpu_kernel_impl_nocast<at::native::direct_copy_kernel_cuda(at::TensorIteratorBase&)::{lambda()#3}::operator()() const::{lambda()#4}::operator()() const::{lambda(long)#1}>(at::TensorIteratorBase&, at::native::direct_copy_kernel_cuda(at::TensorIteratorBase&)::{lambda()#3}::operator()() const::{lambda()#4}::operator()() const::{lambda(long)#1} const&)::{lambda(int)#1})",26,operator_shape_matched,aten::copy_,"[[3,18],[3,18],[]]","[""long int"",""long int"",""Scalar""]",null,1,1.344
"void at::native::elementwise_kernel<128, 2, at::native::gpu_kernel_impl_nocast<at::native::direct_copy_kernel_cuda(at::TensorIteratorBase&)::{lambda()#3}::operator()() const::{lambda()#4}::operator()() const::{lambda(long)#1}>(at::TensorIteratorBase&, at::native::direct_copy_kernel_cuda(at::TensorIteratorBase&)::{lambda()#3}::operator()() const::{lambda()#4}::operator()() const::{lambda(long)#1} const&)::{lambda(int)#1}>(int, at::native::gpu_kernel_impl_nocast<at::native::direct_copy_kernel_cuda(at::TensorIteratorBase&)::{lambda()#3}::operator()() const::{lambda()#4}::operator()() const::{lambda(long)#1}>(at::TensorIteratorBase&, at::native::direct_copy_kernel_cuda(at::TensorIteratorBase&)::{lambda()#3}::operator()() const::{lambda()#4}::operator()() const::{lambda(long)#1} const&)::{lambda(int)#1})",27,operator_shape_matched,aten::copy_,"[[3,8],[3,8],[]]","[""long int"",""long int"",""Scalar""]",null,1,1.28
"void at::native::elementwise_kernel<128, 2, at::native::gpu_kernel_impl_nocast<at::native::direct_copy_kernel_cuda(at::TensorIteratorBase&)::{lambda()#3}::operator()() const::{lambda()#4}::operator()() const::{lambda(long)#1}>(at::TensorIteratorBase&, at::native::direct_copy_kernel_cuda(at::TensorIteratorBase&)::{lambda()#3}::operator()() const::{lambda()#4}::operator()() const::{lambda(long)#1} const&)::{lambda(int)#1}>(int, at::native::gpu_kernel_impl_nocast<at::native::direct_copy_kernel_cuda(at::TensorIteratorBase&)::{lambda()#3}::operator()() const::{lambda()#4}::operator()() const::{lambda(long)#1}>(at::TensorIteratorBase&, at::native::direct_copy_kernel_cuda(at::TensorIteratorBase&)::{lambda()#3}::operator()() const::{lambda()#4}::operator()() const::{lambda(long)#1} const&)::{lambda(int)#1})",28,operator_shape_matched,aten::copy_,"[[3,20],[3,20],[]]","[""long int"",""long int"",""Scalar""]",null,1,1.248
"void at::native::elementwise_kernel<128, 2, at::native::gpu_kernel_impl_nocast<at::native::direct_copy_kernel_cuda(at::TensorIteratorBase&)::{lambda()#3}::operator()() const::{lambda()#4}::operator()() const::{lambda(long)#1}>(at::TensorIteratorBase&, at::native::direct_copy_kernel_cuda(at::TensorIteratorBase&)::{lambda()#3}::operator()() const::{lambda()#4}::operator()() const::{lambda(long)#1} const&)::{lambda(int)#1}>(int, at::native::gpu_kernel_impl_nocast<at::native::direct_copy_kernel_cuda(at::TensorIteratorBase&)::{lambda()#3}::operator()() const::{lambda()#4}::operator()() const::{lambda(long)#1}>(at::TensorIteratorBase&, at::native::direct_copy_kernel_cuda(at::TensorIteratorBase&)::{lambda()#3}::operator()() const::{lambda()#4}::operator()() const::{lambda(long)#1} const&)::{lambda(int)#1})",29,operator_shape_matched,aten::copy_,"[[3,28],[3,28],[]]","[""long int"",""long int"",""Scalar""]",null,1,1.248
"void at::native::elementwise_kernel<128, 2, at::native::gpu_kernel_impl_nocast<at::native::direct_copy_kernel_cuda(at::TensorIteratorBase&)::{lambda()#3}::operator()() const::{lambda()#4}::operator()() const::{lambda(long)#1}>(at::TensorIteratorBase&, at::native::direct_copy_kernel_cuda(at::TensorIteratorBase&)::{lambda()#3}::operator()() const::{lambda()#4}::operator()() const::{lambda(long)#1} const&)::{lambda(int)#1}>(int, at::native::gpu_kernel_impl_nocast<at::native::direct_copy_kernel_cuda(at::TensorIteratorBase&)::{lambda()#3}::operator()() const::{lambda()#4}::operator()() const::{lambda(long)#1}>(at::TensorIteratorBase&, at::native::direct_copy_kernel_cuda(at::TensorIteratorBase&)::{lambda()#3}::operator()() const::{lambda()#4}::operator()() const::{lambda(long)#1} const&)::{lambda(int)#1})",30,operator_shape_matched,aten::copy_,"[[3,32],[3,32],[]]","[""long int"",""long int"",""Scalar""]",null,1,1.248
"void at::native::elementwise_kernel<128, 2, at::native::gpu_kernel_impl_nocast<at::native::direct_copy_kernel_cuda(at::TensorIteratorBase&)::{lambda()#3}::operator()() const::{lambda()#4}::operator()() const::{lambda(long)#1}>(at::TensorIteratorBase&, at::native::direct_copy_kernel_cuda(at::TensorIteratorBase&)::{lambda()#3}::operator()() const::{lambda()#4}::operator()() const::{lambda(long)#1} const&)::{lambda(int)#1}>(int, at::native::gpu_kernel_impl_nocast<at::native::direct_copy_kernel_cuda(at::TensorIteratorBase&)::{lambda()#3}::operator()() const::{lambda()#4}::operator()() const::{lambda(long)#1}>(at::TensorIteratorBase&, at::native::direct_copy_kernel_cuda(at::TensorIteratorBase&)::{lambda()#3}::operator()() const::{lambda()#4}::operator()() const::{lambda(long)#1} const&)::{lambda(int)#1})",31,operator_shape_matched,aten::copy_,"[[3,36],[3,36],[]]","[""long int"",""long int"",""Scalar""]",null,1,1.248
"void at::native::elementwise_kernel<128, 2, at::native::gpu_kernel_impl_nocast<at::native::direct_copy_kernel_cuda(at::TensorIteratorBase&)::{lambda()#3}::operator()() const::{lambda()#4}::operator()() const::{lambda(long)#1}>(at::TensorIteratorBase&, at::native::direct_copy_kernel_cuda(at::TensorIteratorBase&)::{lambda()#3}::operator()() const::{lambda()#4}::operator()() const::{lambda(long)#1} const&)::{lambda(int)#1}>(int, at::native::gpu_kernel_impl_nocast<at::native::direct_copy_kernel_cuda(at::TensorIteratorBase&)::{lambda()#3}::operator()() const::{lambda()#4}::operator()() const::{lambda(long)#1}>(at::TensorIteratorBase&, at::native::direct_copy_kernel_cuda(at::TensorIteratorBase&)::{lambda()#3}::operator()() const::{lambda()#4}::operator()() const::{lambda(long)#1} const&)::{lambda(int)#1})",32,operator_shape_matched,aten::copy_,"[[3,40],[3,40],[]]","[""long int"",""long int"",""Scalar""]",null,1,1.248
"void at::native::elementwise_kernel<128, 2, at::native::gpu_kernel_impl_nocast<at::native::direct_copy_kernel_cuda(at::TensorIteratorBase&)::{lambda()#3}::operator()() const::{lambda()#4}::operator()() const::{lambda(long)#1}>(at::TensorIteratorBase&, at::native::direct_copy_kernel_cuda(at::TensorIteratorBase&)::{lambda()#3}::operator()() const::{lambda()#4}::operator()() const::{lambda(long)#1} const&)::{lambda(int)#1}>(int, at::native::gpu_kernel_impl_nocast<at::native::direct_copy_kernel_cuda(at::TensorIteratorBase&)::{lambda()#3}::operator()() const::{lambda()#4}::operator()() const::{lambda(long)#1}>(at::TensorIteratorBase&, at::native::direct_copy_kernel_cuda(at::TensorIteratorBase&)::{lambda()#3}::operator()() const::{lambda()#4}::operator()() const::{lambda(long)#1} const&)::{lambda(int)#1})",33,operator_shape_matched,aten::copy_,"[[3,4],[3,4],[]]","[""long int"",""long int"",""Scalar""]",null,1,1.248
"void at::native::elementwise_kernel<128, 2, at::native::gpu_kernel_impl_nocast<at::native::direct_copy_kernel_cuda(at::TensorIteratorBase&)::{lambda()#3}::operator()() const::{lambda()#4}::operator()() const::{lambda(long)#1}>(at::TensorIteratorBase&, at::native::direct_copy_kernel_cuda(at::TensorIteratorBase&)::{lambda()#3}::operator()() const::{lambda()#4}::operator()() const::{lambda(long)#1} const&)::{lambda(int)#1}>(int, at::native::gpu_kernel_impl_nocast<at::native::direct_copy_kernel_cuda(at::TensorIteratorBase&)::{lambda()#3}::operator()() const::{lambda()#4}::operator()() const::{lambda(long)#1}>(at::TensorIteratorBase&, at::native::direct_copy_kernel_cuda(at::TensorIteratorBase&)::{lambda()#3}::operator()() const::{lambda()#4}::operator()() const::{lambda(long)#1} const&)::{lambda(int)#1})",34,operator_shape_matched,aten::copy_,"[[3,16],[3,16],[]]","[""long int"",""long int"",""Scalar""]",null,1,1.217
"void at::native::elementwise_kernel<128, 2, at::native::gpu_kernel_impl_nocast<at::native::direct_copy_kernel_cuda(at::TensorIteratorBase&)::{lambda()#3}::operator()() const::{lambda()#4}::operator()() const::{lambda(long)#1}>(at::TensorIteratorBase&, at::native::direct_copy_kernel_cuda(at::TensorIteratorBase&)::{lambda()#3}::operator()() const::{lambda()#4}::operator()() const::{lambda(long)#1} const&)::{lambda(int)#1}>(int, at::native::gpu_kernel_impl_nocast<at::native::direct_copy_kernel_cuda(at::TensorIteratorBase&)::{lambda()#3}::operator()() const::{lambda()#4}::operator()() const::{lambda(long)#1}>(at::TensorIteratorBase&, at::native::direct_copy_kernel_cuda(at::TensorIteratorBase&)::{lambda()#3}::operator()() const::{lambda()#4}::operator()() const::{lambda(long)#1} const&)::{lambda(int)#1})",35,operator_shape_matched,aten::copy_,"[[3,12],[3,12],[]]","[""long int"",""long int"",""Scalar""]",null,1,1.216
"void at::native::elementwise_kernel<128, 2, at::native::gpu_kernel_impl_nocast<at::native::direct_copy_kernel_cuda(at::TensorIteratorBase&)::{lambda()#3}::operator()() const::{lambda()#4}::operator()() const::{lambda(long)#1}>(at::TensorIteratorBase&, at::native::direct_copy_kernel_cuda(at::TensorIteratorBase&)::{lambda()#3}::operator()() const::{lambda()#4}::operator()() const::{lambda(long)#1} const&)::{lambda(int)#1}>(int, at::native::gpu_kernel_impl_nocast<at::native::direct_copy_kernel_cuda(at::TensorIteratorBase&)::{lambda()#3}::operator()() const::{lambda()#4}::operator()() const::{lambda(long)#1}>(at::TensorIteratorBase&, at::native::direct_copy_kernel_cuda(at::TensorIteratorBase&)::{lambda()#3}::operator()() const::{lambda()#4}::operator()() const::{lambda(long)#1} const&)::{lambda(int)#1})",36,operator_shape_matched,aten::copy_,"[[3,1],[3,1],[]]","[""long int"",""long int"",""Scalar""]",null,1,1.216
"void at::native::elementwise_kernel<128, 2, at::native::gpu_kernel_impl_nocast<at::native::direct_copy_kernel_cuda(at::TensorIteratorBase&)::{lambda()#3}::operator()() const::{lambda()#4}::operator()() const::{lambda(long)#1}>(at::TensorIteratorBase&, at::native::direct_copy_kernel_cuda(at::TensorIteratorBase&)::{lambda()#3}::operator()() const::{lambda()#4}::operator()() const::{lambda(long)#1} const&)::{lambda(int)#1}>(int, at::native::gpu_kernel_impl_nocast<at::native::direct_copy_kernel_cuda(at::TensorIteratorBase&)::{lambda()#3}::operator()() const::{lambda()#4}::operator()() const::{lambda(long)#1}>(at::TensorIteratorBase&, at::native::direct_copy_kernel_cuda(at::TensorIteratorBase&)::{lambda()#3}::operator()() const::{lambda()#4}::operator()() const::{lambda(long)#1} const&)::{lambda(int)#1})",37,operator_shape_matched,aten::copy_,"[[3,24],[3,24],[]]","[""long int"",""long int"",""Scalar""]",null,1,1.216
exp_func_kernel_rank_1,1,operator_shape_matched,aten::exp,"[[5027,16]]","[""float""]",null,30,55.006
exp_func_kernel_rank_1,2,operator_shape_matched,aten::exp,"[[8136,16]]","[""float""]",null,30,54.657
exp_func_kernel_rank_1,3,operator_shape_matched,aten::exp,"[[8148,16]]","[""float""]",null,30,54.216
exp_func_kernel_rank_1,4,operator_shape_matched,aten::exp,"[[8140,16]]","[""float""]",null,30,54.115
exp_func_kernel_rank_1,5,operator_shape_matched,aten::exp,"[[8132,16]]","[""float""]",null,30,54.114
exp_func_kernel_rank_1,6,operator_shape_matched,aten::exp,"[[8134,16]]","[""float""]",null,30,53.89
exp_func_kernel_rank_1,7,operator_shape_matched,aten::exp,"[[8160,16]]","[""float""]",null,30,53.83
exp_func_kernel_rank_1,8,operator_shape_matched,aten::exp,"[[8138,16]]","[""float""]",null,30,53.82
exp_func_kernel_rank_1,9,operator_shape_matched,aten::exp,"[[8150,16]]","[""float""]",null,30,53.663
exp_func_kernel_rank_1,10,operator_shape_matched,aten::exp,"[[8142,16]]","[""float""]",null,30,53.439
exp_func_kernel_rank_1,11,operator_shape_matched,aten::exp,"[[8162,16]]","[""float""]",null,30,53.439
exp_func_kernel_rank_1,12,operator_shape_matched,aten::exp,"[[8146,16]]","[""float""]",null,30,53.319
exp_func_kernel_rank_1,13,operator_shape_matched,aten::exp,"[[8154,16]]","[""float""]",null,30,53.314
exp_func_kernel_rank_1,14,operator_shape_matched,aten::exp,"[[8144,16]]","[""float""]",null,30,53.251
exp_func_kernel_rank_1,15,operator_shape_matched,aten::exp,"[[8156,16]]","[""float""]",null,30,52.993
exp_func_kernel_rank_1,16,operator_shape_matched,aten::exp,"[[8158,16]]","[""float""]",null,30,52.93
exp_func_kernel_rank_1,17,operator_shape_matched,aten::exp,"[[8152,16]]","[""float""]",null,30,52.77
exp_func_kernel_rank_1,18,operator_shape_matched,aten::exp,"[[8166,16]]","[""float""]",null,30,51.935
exp_func_kernel_rank_1,19,operator_shape_matched,aten::exp,"[[8164,16]]","[""float""]",null,30,51.522
exp_func_kernel_rank_1,20,operator_shape_matched,aten::exp,"[[8168,16]]","[""float""]",null,30,51.357
exp_func_kernel_rank_1,21,operator_shape_matched,aten::exp,"[[8170,16]]","[""float""]",null,30,50.818
exp_func_kernel_rank_1,22,operator_shape_matched,aten::exp,"[[8172,16]]","[""float""]",null,30,50.496
exp_func_kernel_rank_1,23,operator_shape_matched,aten::exp,"[[8174,16]]","[""float""]",null,30,49.795
exp_func_kernel_rank_1,24,operator_shape_matched,aten::exp,"[[8176,16]]","[""float""]",null,30,48.064
exp_func_kernel_rank_1,25,operator_shape_matched,aten::exp,"[[8178,16]]","[""float""]",null,30,47.107
exp_func_kernel_rank_1,26,operator_shape_matched,aten::exp,"[[8180,16]]","[""float""]",null,30,44.991
exp_func_kernel_rank_1,27,operator_shape_matched,aten::exp,"[[8182,16]]","[""float""]",null,30,44.222
exp_func_kernel_rank_1,28,operator_shape_matched,aten::exp,"[[8184,16]]","[""float""]",null,30,43.616
exp_func_kernel_rank_1,29,operator_shape_matched,aten::exp,"[[8191,16]]","[""float""]",null,30,43.01
exp_func_kernel_rank_1,30,operator_shape_matched,aten::exp,"[[8189,16]]","[""float""]",null,30,42.209
exp_func_kernel_rank_1,31,operator_shape_matched,aten::exp,"[[8186,16]]","[""float""]",null,30,42.175
exp_func_kernel_rank_1,32,operator_shape_matched,aten::exp,"[[8188,16]]","[""float""]",null,30,42.146
exp_func_kernel_rank_1,33,operator_shape_matched,aten::exp,"[[4096,16]]","[""float""]",null,30,40.448
"void at::native::unrolled_elementwise_kernel<at::native::direct_copy_kernel_cuda(at::TensorIteratorBase&)::{lambda()#3}::operator()() const::{lambda()#3}::operator()() const::{lambda(int)#1}, std::array<char*, 2ul>, 4, TrivialOffsetCalculator<1, unsigned int>, TrivialOffsetCalculator<1, unsigned int>, at::native::memory::LoadWithCast<1>, at::native::memory::StoreWithCast<1> >(int, at::native::direct_copy_kernel_cuda(at::TensorIteratorBase&)::{lambda()#3}::operator()() const::{lambda()#3}::operator()() const::{lambda(int)#1}, std::array<char*, 2ul>, TrivialOffsetCalculator<1, unsigned int>, TrivialOffsetCalculator<1, unsigned int>, at::native::memory::LoadWithCast<1>, at::native::memory::StoreWithCast<1>)",1,operator_shape_matched,aten::copy_,"[[64],[64],[]]","[""int"",""long int"",""Scalar""]",null,991,1358.658
"void at::native::unrolled_elementwise_kernel<at::native::direct_copy_kernel_cuda(at::TensorIteratorBase&)::{lambda()#3}::operator()() const::{lambda()#3}::operator()() const::{lambda(int)#1}, std::array<char*, 2ul>, 4, TrivialOffsetCalculator<1, unsigned int>, TrivialOffsetCalculator<1, unsigned int>, at::native::memory::LoadWithCast<1>, at::native::memory::StoreWithCast<1> >(int, at::native::direct_copy_kernel_cuda(at::TensorIteratorBase&)::{lambda()#3}::operator()() const::{lambda()#3}::operator()() const::{lambda(int)#1}, std::array<char*, 2ul>, TrivialOffsetCalculator<1, unsigned int>, TrivialOffsetCalculator<1, unsigned int>, at::native::memory::LoadWithCast<1>, at::native::memory::StoreWithCast<1>)",2,operator_shape_matched,aten::copy_,"[[1074],[1074],[]]","[""int"",""long int"",""Scalar""]",null,3,5.312
"void at::native::unrolled_elementwise_kernel<at::native::direct_copy_kernel_cuda(at::TensorIteratorBase&)::{lambda()#3}::operator()() const::{lambda()#3}::operator()() const::{lambda(int)#1}, std::array<char*, 2ul>, 4, TrivialOffsetCalculator<1, unsigned int>, TrivialOffsetCalculator<1, unsigned int>, at::native::memory::LoadWithCast<1>, at::native::memory::StoreWithCast<1> >(int, at::native::direct_copy_kernel_cuda(at::TensorIteratorBase&)::{lambda()#3}::operator()() const::{lambda()#3}::operator()() const::{lambda(int)#1}, std::array<char*, 2ul>, TrivialOffsetCalculator<1, unsigned int>, TrivialOffsetCalculator<1, unsigned int>, at::native::memory::LoadWithCast<1>, at::native::memory::StoreWithCast<1>)",3,operator_shape_matched,aten::copy_,"[[1032],[1032],[]]","[""int"",""long int"",""Scalar""]",null,3,5.281
"void at::native::unrolled_elementwise_kernel<at::native::direct_copy_kernel_cuda(at::TensorIteratorBase&)::{lambda()#3}::operator()() const::{lambda()#3}::operator()() const::{lambda(int)#1}, std::array<char*, 2ul>, 4, TrivialOffsetCalculator<1, unsigned int>, TrivialOffsetCalculator<1, unsigned int>, at::native::memory::LoadWithCast<1>, at::native::memory::StoreWithCast<1> >(int, at::native::direct_copy_kernel_cuda(at::TensorIteratorBase&)::{lambda()#3}::operator()() const::{lambda()#3}::operator()() const::{lambda(int)#1}, std::array<char*, 2ul>, TrivialOffsetCalculator<1, unsigned int>, TrivialOffsetCalculator<1, unsigned int>, at::native::memory::LoadWithCast<1>, at::native::memory::StoreWithCast<1>)",4,operator_shape_matched,aten::copy_,"[[1034],[1034],[]]","[""int"",""long int"",""Scalar""]",null,3,5.28
"void at::native::unrolled_elementwise_kernel<at::native::direct_copy_kernel_cuda(at::TensorIteratorBase&)::{lambda()#3}::operator()() const::{lambda()#3}::operator()() const::{lambda(int)#1}, std::array<char*, 2ul>, 4, TrivialOffsetCalculator<1, unsigned int>, TrivialOffsetCalculator<1, unsigned int>, at::native::memory::LoadWithCast<1>, at::native::memory::StoreWithCast<1> >(int, at::native::direct_copy_kernel_cuda(at::TensorIteratorBase&)::{lambda()#3}::operator()() const::{lambda()#3}::operator()() const::{lambda(int)#1}, std::array<char*, 2ul>, TrivialOffsetCalculator<1, unsigned int>, TrivialOffsetCalculator<1, unsigned int>, at::native::memory::LoadWithCast<1>, at::native::memory::StoreWithCast<1>)",5,operator_shape_matched,aten::copy_,"[[1062],[1062],[]]","[""int"",""long int"",""Scalar""]",null,3,5.25
"void at::native::unrolled_elementwise_kernel<at::native::direct_copy_kernel_cuda(at::TensorIteratorBase&)::{lambda()#3}::operator()() const::{lambda()#3}::operator()() const::{lambda(int)#1}, std::array<char*, 2ul>, 4, TrivialOffsetCalculator<1, unsigned int>, TrivialOffsetCalculator<1, unsigned int>, at::native::memory::LoadWithCast<1>, at::native::memory::StoreWithCast<1> >(int, at::native::direct_copy_kernel_cuda(at::TensorIteratorBase&)::{lambda()#3}::operator()() const::{lambda()#3}::operator()() const::{lambda(int)#1}, std::array<char*, 2ul>, TrivialOffsetCalculator<1, unsigned int>, TrivialOffsetCalculator<1, unsigned int>, at::native::memory::LoadWithCast<1>, at::native::memory::StoreWithCast<1>)",6,operator_shape_matched,aten::copy_,"[[1060],[1060],[]]","[""int"",""long int"",""Scalar""]",null,3,5.248
"void at::native::unrolled_elementwise_kernel<at::native::direct_copy_kernel_cuda(at::TensorIteratorBase&)::{lambda()#3}::operator()() const::{lambda()#3}::operator()() const::{lambda(int)#1}, std::array<char*, 2ul>, 4, TrivialOffsetCalculator<1, unsigned int>, TrivialOffsetCalculator<1, unsigned int>, at::native::memory::LoadWithCast<1>, at::native::memory::StoreWithCast<1> >(int, at::native::direct_copy_kernel_cuda(at::TensorIteratorBase&)::{lambda()#3}::operator()() const::{lambda()#3}::operator()() const::{lambda(int)#1}, std::array<char*, 2ul>, TrivialOffsetCalculator<1, unsigned int>, TrivialOffsetCalculator<1, unsigned int>, at::native::memory::LoadWithCast<1>, at::native::memory::StoreWithCast<1>)",7,operator_shape_matched,aten::copy_,"[[512],[512],[]]","[""int"",""long int"",""Scalar""]",null,3,5.248
"void at::native::unrolled_elementwise_kernel<at::native::direct_copy_kernel_cuda(at::TensorIteratorBase&)::{lambda()#3}::operator()() const::{lambda()#3}::operator()() const::{lambda(int)#1}, std::array<char*, 2ul>, 4, TrivialOffsetCalculator<1, unsigned int>, TrivialOffsetCalculator<1, unsigned int>, at::native::memory::LoadWithCast<1>, at::native::memory::StoreWithCast<1> >(int, at::native::direct_copy_kernel_cuda(at::TensorIteratorBase&)::{lambda()#3}::operator()() const::{lambda()#3}::operator()() const::{lambda(int)#1}, std::array<char*, 2ul>, TrivialOffsetCalculator<1, unsigned int>, TrivialOffsetCalculator<1, unsigned int>, at::native::memory::LoadWithCast<1>, at::native::memory::StoreWithCast<1>)",8,operator_shape_matched,aten::copy_,"[[1029],[1029],[]]","[""int"",""long int"",""Scalar""]",null,3,5.217
"void at::native::unrolled_elementwise_kernel<at::native::direct_copy_kernel_cuda(at::TensorIteratorBase&)::{lambda()#3}::operator()() const::{lambda()#3}::operator()() const::{lambda(int)#1}, std::array<char*, 2ul>, 4, TrivialOffsetCalculator<1, unsigned int>, TrivialOffsetCalculator<1, unsigned int>, at::native::memory::LoadWithCast<1>, at::native::memory::StoreWithCast<1> >(int, at::native::direct_copy_kernel_cuda(at::TensorIteratorBase&)::{lambda()#3}::operator()() const::{lambda()#3}::operator()() const::{lambda(int)#1}, std::array<char*, 2ul>, TrivialOffsetCalculator<1, unsigned int>, TrivialOffsetCalculator<1, unsigned int>, at::native::memory::LoadWithCast<1>, at::native::memory::StoreWithCast<1>)",9,operator_shape_matched,aten::copy_,"[[1043],[1043],[]]","[""int"",""long int"",""Scalar""]",null,3,5.217
"void at::native::unrolled_elementwise_kernel<at::native::direct_copy_kernel_cuda(at::TensorIteratorBase&)::{lambda()#3}::operator()() const::{lambda()#3}::operator()() const::{lambda(int)#1}, std::array<char*, 2ul>, 4, TrivialOffsetCalculator<1, unsigned int>, TrivialOffsetCalculator<1, unsigned int>, at::native::memory::LoadWithCast<1>, at::native::memory::StoreWithCast<1> >(int, at::native::direct_copy_kernel_cuda(at::TensorIteratorBase&)::{lambda()#3}::operator()() const::{lambda()#3}::operator()() const::{lambda(int)#1}, std::array<char*, 2ul>, TrivialOffsetCalculator<1, unsigned int>, TrivialOffsetCalculator<1, unsigned int>, at::native::memory::LoadWithCast<1>, at::native::memory::StoreWithCast<1>)",10,operator_shape_matched,aten::copy_,"[[1051],[1051],[]]","[""int"",""long int"",""Scalar""]",null,3,5.217
"void at::native::unrolled_elementwise_kernel<at::native::direct_copy_kernel_cuda(at::TensorIteratorBase&)::{lambda()#3}::operator()() const::{lambda()#3}::operator()() const::{lambda(int)#1}, std::array<char*, 2ul>, 4, TrivialOffsetCalculator<1, unsigned int>, TrivialOffsetCalculator<1, unsigned int>, at::native::memory::LoadWithCast<1>, at::native::memory::StoreWithCast<1> >(int, at::native::direct_copy_kernel_cuda(at::TensorIteratorBase&)::{lambda()#3}::operator()() const::{lambda()#3}::operator()() const::{lambda(int)#1}, std::array<char*, 2ul>, TrivialOffsetCalculator<1, unsigned int>, TrivialOffsetCalculator<1, unsigned int>, at::native::memory::LoadWithCast<1>, at::native::memory::StoreWithCast<1>)",11,operator_shape_matched,aten::copy_,"[[1048],[1048],[]]","[""int"",""long int"",""Scalar""]",null,3,5.216
"void at::native::unrolled_elementwise_kernel<at::native::direct_copy_kernel_cuda(at::TensorIteratorBase&)::{lambda()#3}::operator()() const::{lambda()#3}::operator()() const::{lambda(int)#1}, std::array<char*, 2ul>, 4, TrivialOffsetCalculator<1, unsigned int>, TrivialOffsetCalculator<1, unsigned int>, at::native::memory::LoadWithCast<1>, at::native::memory::StoreWithCast<1> >(int, at::native::direct_copy_kernel_cuda(at::TensorIteratorBase&)::{lambda()#3}::operator()() const::{lambda()#3}::operator()() const::{lambda(int)#1}, std::array<char*, 2ul>, TrivialOffsetCalculator<1, unsigned int>, TrivialOffsetCalculator<1, unsigned int>, at::native::memory::LoadWithCast<1>, at::native::memory::StoreWithCast<1>)",12,operator_shape_matched,aten::copy_,"[[1065],[1065],[]]","[""int"",""long int"",""Scalar""]",null,3,5.216
"void at::native::unrolled_elementwise_kernel<at::native::direct_copy_kernel_cuda(at::TensorIteratorBase&)::{lambda()#3}::operator()() const::{lambda()#3}::operator()() const::{lambda(int)#1}, std::array<char*, 2ul>, 4, TrivialOffsetCalculator<1, unsigned int>, TrivialOffsetCalculator<1, unsigned int>, at::native::memory::LoadWithCast<1>, at::native::memory::StoreWithCast<1> >(int, at::native::direct_copy_kernel_cuda(at::TensorIteratorBase&)::{lambda()#3}::operator()() const::{lambda()#3}::operator()() const::{lambda(int)#1}, std::array<char*, 2ul>, TrivialOffsetCalculator<1, unsigned int>, TrivialOffsetCalculator<1, unsigned int>, at::native::memory::LoadWithCast<1>, at::native::memory::StoreWithCast<1>)",13,operator_shape_matched,aten::copy_,"[[1076],[1076],[]]","[""int"",""long int"",""Scalar""]",null,3,5.216
"void at::native::unrolled_elementwise_kernel<at::native::direct_copy_kernel_cuda(at::TensorIteratorBase&)::{lambda()#3}::operator()() const::{lambda()#3}::operator()() const::{lambda(int)#1}, std::array<char*, 2ul>, 4, TrivialOffsetCalculator<1, unsigned int>, TrivialOffsetCalculator<1, unsigned int>, at::native::memory::LoadWithCast<1>, at::native::memory::StoreWithCast<1> >(int, at::native::direct_copy_kernel_cuda(at::TensorIteratorBase&)::{lambda()#3}::operator()() const::{lambda()#3}::operator()() const::{lambda(int)#1}, std::array<char*, 2ul>, TrivialOffsetCalculator<1, unsigned int>, TrivialOffsetCalculator<1, unsigned int>, at::native::memory::LoadWithCast<1>, at::native::memory::StoreWithCast<1>)",14,operator_shape_matched,aten::copy_,"[[691],[691],[]]","[""int"",""long int"",""Scalar""]",null,3,5.216
"void at::native::unrolled_elementwise_kernel<at::native::direct_copy_kernel_cuda(at::TensorIteratorBase&)::{lambda()#3}::operator()() const::{lambda()#3}::operator()() const::{lambda(int)#1}, std::array<char*, 2ul>, 4, TrivialOffsetCalculator<1, unsigned int>, TrivialOffsetCalculator<1, unsigned int>, at::native::memory::LoadWithCast<1>, at::native::memory::StoreWithCast<1> >(int, at::native::direct_copy_kernel_cuda(at::TensorIteratorBase&)::{lambda()#3}::operator()() const::{lambda()#3}::operator()() const::{lambda(int)#1}, std::array<char*, 2ul>, TrivialOffsetCalculator<1, unsigned int>, TrivialOffsetCalculator<1, unsigned int>, at::native::memory::LoadWithCast<1>, at::native::memory::StoreWithCast<1>)",15,operator_shape_matched,aten::copy_,"[[1071],[1071],[]]","[""int"",""long int"",""Scalar""]",null,3,5.185
"void at::native::unrolled_elementwise_kernel<at::native::direct_copy_kernel_cuda(at::TensorIteratorBase&)::{lambda()#3}::operator()() const::{lambda()#3}::operator()() const::{lambda(int)#1}, std::array<char*, 2ul>, 4, TrivialOffsetCalculator<1, unsigned int>, TrivialOffsetCalculator<1, unsigned int>, at::native::memory::LoadWithCast<1>, at::native::memory::StoreWithCast<1> >(int, at::native::direct_copy_kernel_cuda(at::TensorIteratorBase&)::{lambda()#3}::operator()() const::{lambda()#3}::operator()() const::{lambda(int)#1}, std::array<char*, 2ul>, TrivialOffsetCalculator<1, unsigned int>, TrivialOffsetCalculator<1, unsigned int>, at::native::memory::LoadWithCast<1>, at::native::memory::StoreWithCast<1>)",16,operator_shape_matched,aten::copy_,"[[1077],[1077],[]]","[""int"",""long int"",""Scalar""]",null,3,5.185
"void at::native::unrolled_elementwise_kernel<at::native::direct_copy_kernel_cuda(at::TensorIteratorBase&)::{lambda()#3}::operator()() const::{lambda()#3}::operator()() const::{lambda(int)#1}, std::array<char*, 2ul>, 4, TrivialOffsetCalculator<1, unsigned int>, TrivialOffsetCalculator<1, unsigned int>, at::native::memory::LoadWithCast<1>, at::native::memory::StoreWithCast<1> >(int, at::native::direct_copy_kernel_cuda(at::TensorIteratorBase&)::{lambda()#3}::operator()() const::{lambda()#3}::operator()() const::{lambda(int)#1}, std::array<char*, 2ul>, TrivialOffsetCalculator<1, unsigned int>, TrivialOffsetCalculator<1, unsigned int>, at::native::memory::LoadWithCast<1>, at::native::memory::StoreWithCast<1>)",17,operator_shape_matched,aten::copy_,"[[1037],[1037],[]]","[""int"",""long int"",""Scalar""]",null,3,5.184
"void at::native::unrolled_elementwise_kernel<at::native::direct_copy_kernel_cuda(at::TensorIteratorBase&)::{lambda()#3}::operator()() const::{lambda()#3}::operator()() const::{lambda(int)#1}, std::array<char*, 2ul>, 4, TrivialOffsetCalculator<1, unsigned int>, TrivialOffsetCalculator<1, unsigned int>, at::native::memory::LoadWithCast<1>, at::native::memory::StoreWithCast<1> >(int, at::native::direct_copy_kernel_cuda(at::TensorIteratorBase&)::{lambda()#3}::operator()() const::{lambda()#3}::operator()() const::{lambda(int)#1}, std::array<char*, 2ul>, TrivialOffsetCalculator<1, unsigned int>, TrivialOffsetCalculator<1, unsigned int>, at::native::memory::LoadWithCast<1>, at::native::memory::StoreWithCast<1>)",18,operator_shape_matched,aten::copy_,"[[1046],[1046],[]]","[""int"",""long int"",""Scalar""]",null,3,5.184
"void at::native::unrolled_elementwise_kernel<at::native::direct_copy_kernel_cuda(at::TensorIteratorBase&)::{lambda()#3}::operator()() const::{lambda()#3}::operator()() const::{lambda(int)#1}, std::array<char*, 2ul>, 4, TrivialOffsetCalculator<1, unsigned int>, TrivialOffsetCalculator<1, unsigned int>, at::native::memory::LoadWithCast<1>, at::native::memory::StoreWithCast<1> >(int, at::native::direct_copy_kernel_cuda(at::TensorIteratorBase&)::{lambda()#3}::operator()() const::{lambda()#3}::operator()() const::{lambda(int)#1}, std::array<char*, 2ul>, TrivialOffsetCalculator<1, unsigned int>, TrivialOffsetCalculator<1, unsigned int>, at::native::memory::LoadWithCast<1>, at::native::memory::StoreWithCast<1>)",19,operator_shape_matched,aten::copy_,"[[1057],[1057],[]]","[""int"",""long int"",""Scalar""]",null,3,5.183
"void at::native::unrolled_elementwise_kernel<at::native::direct_copy_kernel_cuda(at::TensorIteratorBase&)::{lambda()#3}::operator()() const::{lambda()#3}::operator()() const::{lambda(int)#1}, std::array<char*, 2ul>, 4, TrivialOffsetCalculator<1, unsigned int>, TrivialOffsetCalculator<1, unsigned int>, at::native::memory::LoadWithCast<1>, at::native::memory::StoreWithCast<1> >(int, at::native::direct_copy_kernel_cuda(at::TensorIteratorBase&)::{lambda()#3}::operator()() const::{lambda()#3}::operator()() const::{lambda(int)#1}, std::array<char*, 2ul>, TrivialOffsetCalculator<1, unsigned int>, TrivialOffsetCalculator<1, unsigned int>, at::native::memory::LoadWithCast<1>, at::native::memory::StoreWithCast<1>)",20,operator_shape_matched,aten::copy_,"[[1027],[1027],[]]","[""int"",""long int"",""Scalar""]",null,3,5.153
"void at::native::unrolled_elementwise_kernel<at::native::direct_copy_kernel_cuda(at::TensorIteratorBase&)::{lambda()#3}::operator()() const::{lambda()#3}::operator()() const::{lambda(int)#1}, std::array<char*, 2ul>, 4, TrivialOffsetCalculator<1, unsigned int>, TrivialOffsetCalculator<1, unsigned int>, at::native::memory::LoadWithCast<1>, at::native::memory::StoreWithCast<1> >(int, at::native::direct_copy_kernel_cuda(at::TensorIteratorBase&)::{lambda()#3}::operator()() const::{lambda()#3}::operator()() const::{lambda(int)#1}, std::array<char*, 2ul>, TrivialOffsetCalculator<1, unsigned int>, TrivialOffsetCalculator<1, unsigned int>, at::native::memory::LoadWithCast<1>, at::native::memory::StoreWithCast<1>)",21,operator_shape_matched,aten::copy_,"[[1035],[1035],[]]","[""int"",""long int"",""Scalar""]",null,3,5.153
"void at::native::unrolled_elementwise_kernel<at::native::direct_copy_kernel_cuda(at::TensorIteratorBase&)::{lambda()#3}::operator()() const::{lambda()#3}::operator()() const::{lambda(int)#1}, std::array<char*, 2ul>, 4, TrivialOffsetCalculator<1, unsigned int>, TrivialOffsetCalculator<1, unsigned int>, at::native::memory::LoadWithCast<1>, at::native::memory::StoreWithCast<1> >(int, at::native::direct_copy_kernel_cuda(at::TensorIteratorBase&)::{lambda()#3}::operator()() const::{lambda()#3}::operator()() const::{lambda(int)#1}, std::array<char*, 2ul>, TrivialOffsetCalculator<1, unsigned int>, TrivialOffsetCalculator<1, unsigned int>, at::native::memory::LoadWithCast<1>, at::native::memory::StoreWithCast<1>)",22,operator_shape_matched,aten::copy_,"[[1049],[1049],[]]","[""int"",""long int"",""Scalar""]",null,3,5.152
"void at::native::unrolled_elementwise_kernel<at::native::direct_copy_kernel_cuda(at::TensorIteratorBase&)::{lambda()#3}::operator()() const::{lambda()#3}::operator()() const::{lambda(int)#1}, std::array<char*, 2ul>, 4, TrivialOffsetCalculator<1, unsigned int>, TrivialOffsetCalculator<1, unsigned int>, at::native::memory::LoadWithCast<1>, at::native::memory::StoreWithCast<1> >(int, at::native::direct_copy_kernel_cuda(at::TensorIteratorBase&)::{lambda()#3}::operator()() const::{lambda()#3}::operator()() const::{lambda(int)#1}, std::array<char*, 2ul>, TrivialOffsetCalculator<1, unsigned int>, TrivialOffsetCalculator<1, unsigned int>, at::native::memory::LoadWithCast<1>, at::native::memory::StoreWithCast<1>)",23,operator_shape_matched,aten::copy_,"[[1067],[1067],[]]","[""int"",""long int"",""Scalar""]",null,3,5.151
"void at::native::unrolled_elementwise_kernel<at::native::direct_copy_kernel_cuda(at::TensorIteratorBase&)::{lambda()#3}::operator()() const::{lambda()#3}::operator()() const::{lambda(int)#1}, std::array<char*, 2ul>, 4, TrivialOffsetCalculator<1, unsigned int>, TrivialOffsetCalculator<1, unsigned int>, at::native::memory::LoadWithCast<1>, at::native::memory::StoreWithCast<1> >(int, at::native::direct_copy_kernel_cuda(at::TensorIteratorBase&)::{lambda()#3}::operator()() const::{lambda()#3}::operator()() const::{lambda(int)#1}, std::array<char*, 2ul>, TrivialOffsetCalculator<1, unsigned int>, TrivialOffsetCalculator<1, unsigned int>, at::native::memory::LoadWithCast<1>, at::native::memory::StoreWithCast<1>)",24,operator_shape_matched,aten::copy_,"[[1039],[1039],[]]","[""int"",""long int"",""Scalar""]",null,3,5.121
"void at::native::unrolled_elementwise_kernel<at::native::direct_copy_kernel_cuda(at::TensorIteratorBase&)::{lambda()#3}::operator()() const::{lambda()#3}::operator()() const::{lambda(int)#1}, std::array<char*, 2ul>, 4, TrivialOffsetCalculator<1, unsigned int>, TrivialOffsetCalculator<1, unsigned int>, at::native::memory::LoadWithCast<1>, at::native::memory::StoreWithCast<1> >(int, at::native::direct_copy_kernel_cuda(at::TensorIteratorBase&)::{lambda()#3}::operator()() const::{lambda()#3}::operator()() const::{lambda(int)#1}, std::array<char*, 2ul>, TrivialOffsetCalculator<1, unsigned int>, TrivialOffsetCalculator<1, unsigned int>, at::native::memory::LoadWithCast<1>, at::native::memory::StoreWithCast<1>)",25,operator_shape_matched,aten::copy_,"[[1063],[1063],[]]","[""int"",""long int"",""Scalar""]",null,3,5.12
"void at::native::unrolled_elementwise_kernel<at::native::direct_copy_kernel_cuda(at::TensorIteratorBase&)::{lambda()#3}::operator()() const::{lambda()#3}::operator()() const::{lambda(int)#1}, std::array<char*, 2ul>, 4, TrivialOffsetCalculator<1, unsigned int>, TrivialOffsetCalculator<1, unsigned int>, at::native::memory::LoadWithCast<1>, at::native::memory::StoreWithCast<1> >(int, at::native::direct_copy_kernel_cuda(at::TensorIteratorBase&)::{lambda()#3}::operator()() const::{lambda()#3}::operator()() const::{lambda(int)#1}, std::array<char*, 2ul>, TrivialOffsetCalculator<1, unsigned int>, TrivialOffsetCalculator<1, unsigned int>, at::native::memory::LoadWithCast<1>, at::native::memory::StoreWithCast<1>)",26,operator_shape_matched,aten::copy_,"[[1069],[1069],[]]","[""int"",""long int"",""Scalar""]",null,3,5.12
"void at::native::unrolled_elementwise_kernel<at::native::direct_copy_kernel_cuda(at::TensorIteratorBase&)::{lambda()#3}::operator()() const::{lambda()#3}::operator()() const::{lambda(int)#1}, std::array<char*, 2ul>, 4, TrivialOffsetCalculator<1, unsigned int>, TrivialOffsetCalculator<1, unsigned int>, at::native::memory::LoadWithCast<1>, at::native::memory::StoreWithCast<1> >(int, at::native::direct_copy_kernel_cuda(at::TensorIteratorBase&)::{lambda()#3}::operator()() const::{lambda()#3}::operator()() const::{lambda(int)#1}, std::array<char*, 2ul>, TrivialOffsetCalculator<1, unsigned int>, TrivialOffsetCalculator<1, unsigned int>, at::native::memory::LoadWithCast<1>, at::native::memory::StoreWithCast<1>)",27,operator_shape_matched,aten::copy_,"[[1072],[1072],[]]","[""int"",""long int"",""Scalar""]",null,3,5.12
"void at::native::unrolled_elementwise_kernel<at::native::direct_copy_kernel_cuda(at::TensorIteratorBase&)::{lambda()#3}::operator()() const::{lambda()#3}::operator()() const::{lambda(int)#1}, std::array<char*, 2ul>, 4, TrivialOffsetCalculator<1, unsigned int>, TrivialOffsetCalculator<1, unsigned int>, at::native::memory::LoadWithCast<1>, at::native::memory::StoreWithCast<1> >(int, at::native::direct_copy_kernel_cuda(at::TensorIteratorBase&)::{lambda()#3}::operator()() const::{lambda()#3}::operator()() const::{lambda(int)#1}, std::array<char*, 2ul>, TrivialOffsetCalculator<1, unsigned int>, TrivialOffsetCalculator<1, unsigned int>, at::native::memory::LoadWithCast<1>, at::native::memory::StoreWithCast<1>)",28,operator_shape_matched,aten::copy_,"[[1025],[1025],[]]","[""int"",""long int"",""Scalar""]",null,3,5.089
"void at::native::unrolled_elementwise_kernel<at::native::direct_copy_kernel_cuda(at::TensorIteratorBase&)::{lambda()#3}::operator()() const::{lambda()#3}::operator()() const::{lambda(int)#1}, std::array<char*, 2ul>, 4, TrivialOffsetCalculator<1, unsigned int>, TrivialOffsetCalculator<1, unsigned int>, at::native::memory::LoadWithCast<1>, at::native::memory::StoreWithCast<1> >(int, at::native::direct_copy_kernel_cuda(at::TensorIteratorBase&)::{lambda()#3}::operator()() const::{lambda()#3}::operator()() const::{lambda(int)#1}, std::array<char*, 2ul>, TrivialOffsetCalculator<1, unsigned int>, TrivialOffsetCalculator<1, unsigned int>, at::native::memory::LoadWithCast<1>, at::native::memory::StoreWithCast<1>)",29,operator_shape_matched,aten::copy_,"[[1041],[1041],[]]","[""int"",""long int"",""Scalar""]",null,3,5.089
"void at::native::unrolled_elementwise_kernel<at::native::direct_copy_kernel_cuda(at::TensorIteratorBase&)::{lambda()#3}::operator()() const::{lambda()#3}::operator()() const::{lambda(int)#1}, std::array<char*, 2ul>, 4, TrivialOffsetCalculator<1, unsigned int>, TrivialOffsetCalculator<1, unsigned int>, at::native::memory::LoadWithCast<1>, at::native::memory::StoreWithCast<1> >(int, at::native::direct_copy_kernel_cuda(at::TensorIteratorBase&)::{lambda()#3}::operator()() const::{lambda()#3}::operator()() const::{lambda(int)#1}, std::array<char*, 2ul>, TrivialOffsetCalculator<1, unsigned int>, TrivialOffsetCalculator<1, unsigned int>, at::native::memory::LoadWithCast<1>, at::native::memory::StoreWithCast<1>)",30,operator_shape_matched,aten::copy_,"[[1053],[1053],[]]","[""int"",""long int"",""Scalar""]",null,3,5.089
"void at::native::unrolled_elementwise_kernel<at::native::direct_copy_kernel_cuda(at::TensorIteratorBase&)::{lambda()#3}::operator()() const::{lambda()#3}::operator()() const::{lambda(int)#1}, std::array<char*, 2ul>, 4, TrivialOffsetCalculator<1, unsigned int>, TrivialOffsetCalculator<1, unsigned int>, at::native::memory::LoadWithCast<1>, at::native::memory::StoreWithCast<1> >(int, at::native::direct_copy_kernel_cuda(at::TensorIteratorBase&)::{lambda()#3}::operator()() const::{lambda()#3}::operator()() const::{lambda(int)#1}, std::array<char*, 2ul>, TrivialOffsetCalculator<1, unsigned int>, TrivialOffsetCalculator<1, unsigned int>, at::native::memory::LoadWithCast<1>, at::native::memory::StoreWithCast<1>)",31,operator_shape_matched,aten::copy_,"[[1030],[1030],[]]","[""int"",""long int"",""Scalar""]",null,3,5.088
"void at::native::unrolled_elementwise_kernel<at::native::direct_copy_kernel_cuda(at::TensorIteratorBase&)::{lambda()#3}::operator()() const::{lambda()#3}::operator()() const::{lambda(int)#1}, std::array<char*, 2ul>, 4, TrivialOffsetCalculator<1, unsigned int>, TrivialOffsetCalculator<1, unsigned int>, at::native::memory::LoadWithCast<1>, at::native::memory::StoreWithCast<1> >(int, at::native::direct_copy_kernel_cuda(at::TensorIteratorBase&)::{lambda()#3}::operator()() const::{lambda()#3}::operator()() const::{lambda(int)#1}, std::array<char*, 2ul>, TrivialOffsetCalculator<1, unsigned int>, TrivialOffsetCalculator<1, unsigned int>, at::native::memory::LoadWithCast<1>, at::native::memory::StoreWithCast<1>)",32,operator_shape_matched,aten::copy_,"[[1058],[1058],[]]","[""int"",""long int"",""Scalar""]",null,3,5.088
"void at::native::unrolled_elementwise_kernel<at::native::direct_copy_kernel_cuda(at::TensorIteratorBase&)::{lambda()#3}::operator()() const::{lambda()#3}::operator()() const::{lambda(int)#1}, std::array<char*, 2ul>, 4, TrivialOffsetCalculator<1, unsigned int>, TrivialOffsetCalculator<1, unsigned int>, at::native::memory::LoadWithCast<1>, at::native::memory::StoreWithCast<1> >(int, at::native::direct_copy_kernel_cuda(at::TensorIteratorBase&)::{lambda()#3}::operator()() const::{lambda()#3}::operator()() const::{lambda(int)#1}, std::array<char*, 2ul>, TrivialOffsetCalculator<1, unsigned int>, TrivialOffsetCalculator<1, unsigned int>, at::native::memory::LoadWithCast<1>, at::native::memory::StoreWithCast<1>)",33,operator_shape_matched,aten::copy_,"[[1044],[1044],[]]","[""int"",""long int"",""Scalar""]",null,3,5.087
"void at::native::unrolled_elementwise_kernel<at::native::direct_copy_kernel_cuda(at::TensorIteratorBase&)::{lambda()#3}::operator()() const::{lambda()#3}::operator()() const::{lambda(int)#1}, std::array<char*, 2ul>, 4, TrivialOffsetCalculator<1, unsigned int>, TrivialOffsetCalculator<1, unsigned int>, at::native::memory::LoadWithCast<1>, at::native::memory::StoreWithCast<1> >(int, at::native::direct_copy_kernel_cuda(at::TensorIteratorBase&)::{lambda()#3}::operator()() const::{lambda()#3}::operator()() const::{lambda(int)#1}, std::array<char*, 2ul>, TrivialOffsetCalculator<1, unsigned int>, TrivialOffsetCalculator<1, unsigned int>, at::native::memory::LoadWithCast<1>, at::native::memory::StoreWithCast<1>)",34,operator_shape_matched,aten::copy_,"[[1055],[1055],[]]","[""int"",""long int"",""Scalar""]",null,3,5.056
"void at::native::unrolled_elementwise_kernel<at::native::direct_copy_kernel_cuda(at::TensorIteratorBase&)::{lambda()#3}::operator()() const::{lambda()#3}::operator()() const::{lambda(int)#1}, std::array<char*, 2ul>, 4, TrivialOffsetCalculator<1, unsigned int>, TrivialOffsetCalculator<1, unsigned int>, at::native::memory::LoadWithCast<1>, at::native::memory::StoreWithCast<1> >(int, at::native::direct_copy_kernel_cuda(at::TensorIteratorBase&)::{lambda()#3}::operator()() const::{lambda()#3}::operator()() const::{lambda(int)#1}, std::array<char*, 2ul>, TrivialOffsetCalculator<1, unsigned int>, TrivialOffsetCalculator<1, unsigned int>, at::native::memory::LoadWithCast<1>, at::native::memory::StoreWithCast<1>)",35,operator_shape_matched,aten::copy_,"[[63],[63],[]]","[""int"",""long int"",""Scalar""]",null,3,4.767
"void at::native::unrolled_elementwise_kernel<at::native::direct_copy_kernel_cuda(at::TensorIteratorBase&)::{lambda()#3}::operator()() const::{lambda()#3}::operator()() const::{lambda(int)#1}, std::array<char*, 2ul>, 4, TrivialOffsetCalculator<1, unsigned int>, TrivialOffsetCalculator<1, unsigned int>, at::native::memory::LoadWithCast<1>, at::native::memory::StoreWithCast<1> >(int, at::native::direct_copy_kernel_cuda(at::TensorIteratorBase&)::{lambda()#3}::operator()() const::{lambda()#3}::operator()() const::{lambda(int)#1}, std::array<char*, 2ul>, TrivialOffsetCalculator<1, unsigned int>, TrivialOffsetCalculator<1, unsigned int>, at::native::memory::LoadWithCast<1>, at::native::memory::StoreWithCast<1>)",36,operator_shape_matched,aten::copy_,"[[1],[1],[]]","[""int"",""long int"",""Scalar""]",null,2,2.944
"void at::native::unrolled_elementwise_kernel<at::native::direct_copy_kernel_cuda(at::TensorIteratorBase&)::{lambda()#3}::operator()() const::{lambda()#3}::operator()() const::{lambda(int)#1}, std::array<char*, 2ul>, 4, TrivialOffsetCalculator<1, unsigned int>, TrivialOffsetCalculator<1, unsigned int>, at::native::memory::LoadWithCast<1>, at::native::memory::StoreWithCast<1> >(int, at::native::direct_copy_kernel_cuda(at::TensorIteratorBase&)::{lambda()#3}::operator()() const::{lambda()#3}::operator()() const::{lambda(int)#1}, std::array<char*, 2ul>, TrivialOffsetCalculator<1, unsigned int>, TrivialOffsetCalculator<1, unsigned int>, at::native::memory::LoadWithCast<1>, at::native::memory::StoreWithCast<1>)",37,operator_shape_matched,aten::copy_,"[[45],[45],[]]","[""int"",""long int"",""Scalar""]",null,1,1.728
"void at::native::unrolled_elementwise_kernel<at::native::direct_copy_kernel_cuda(at::TensorIteratorBase&)::{lambda()#3}::operator()() const::{lambda()#3}::operator()() const::{lambda(int)#1}, std::array<char*, 2ul>, 4, TrivialOffsetCalculator<1, unsigned int>, TrivialOffsetCalculator<1, unsigned int>, at::native::memory::LoadWithCast<1>, at::native::memory::StoreWithCast<1> >(int, at::native::direct_copy_kernel_cuda(at::TensorIteratorBase&)::{lambda()#3}::operator()() const::{lambda()#3}::operator()() const::{lambda(int)#1}, std::array<char*, 2ul>, TrivialOffsetCalculator<1, unsigned int>, TrivialOffsetCalculator<1, unsigned int>, at::native::memory::LoadWithCast<1>, at::native::memory::StoreWithCast<1>)",38,operator_shape_matched,aten::copy_,"[[52],[52],[]]","[""int"",""long int"",""Scalar""]",null,1,1.696
"void at::native::unrolled_elementwise_kernel<at::native::direct_copy_kernel_cuda(at::TensorIteratorBase&)::{lambda()#3}::operator()() const::{lambda()#3}::operator()() const::{lambda(int)#1}, std::array<char*, 2ul>, 4, TrivialOffsetCalculator<1, unsigned int>, TrivialOffsetCalculator<1, unsigned int>, at::native::memory::LoadWithCast<1>, at::native::memory::StoreWithCast<1> >(int, at::native::direct_copy_kernel_cuda(at::TensorIteratorBase&)::{lambda()#3}::operator()() const::{lambda()#3}::operator()() const::{lambda(int)#1}, std::array<char*, 2ul>, TrivialOffsetCalculator<1, unsigned int>, TrivialOffsetCalculator<1, unsigned int>, at::native::memory::LoadWithCast<1>, at::native::memory::StoreWithCast<1>)",39,operator_shape_matched,aten::copy_,"[[31],[31],[]]","[""int"",""long int"",""Scalar""]",null,1,1.664
"void at::native::unrolled_elementwise_kernel<at::native::direct_copy_kernel_cuda(at::TensorIteratorBase&)::{lambda()#3}::operator()() const::{lambda()#3}::operator()() const::{lambda(int)#1}, std::array<char*, 2ul>, 4, TrivialOffsetCalculator<1, unsigned int>, TrivialOffsetCalculator<1, unsigned int>, at::native::memory::LoadWithCast<1>, at::native::memory::StoreWithCast<1> >(int, at::native::direct_copy_kernel_cuda(at::TensorIteratorBase&)::{lambda()#3}::operator()() const::{lambda()#3}::operator()() const::{lambda(int)#1}, std::array<char*, 2ul>, TrivialOffsetCalculator<1, unsigned int>, TrivialOffsetCalculator<1, unsigned int>, at::native::memory::LoadWithCast<1>, at::native::memory::StoreWithCast<1>)",40,operator_shape_matched,aten::copy_,"[[22],[22],[]]","[""int"",""long int"",""Scalar""]",null,1,1.6
"void at::native::unrolled_elementwise_kernel<at::native::direct_copy_kernel_cuda(at::TensorIteratorBase&)::{lambda()#3}::operator()() const::{lambda()#3}::operator()() const::{lambda(int)#1}, std::array<char*, 2ul>, 4, TrivialOffsetCalculator<1, unsigned int>, TrivialOffsetCalculator<1, unsigned int>, at::native::memory::LoadWithCast<1>, at::native::memory::StoreWithCast<1> >(int, at::native::direct_copy_kernel_cuda(at::TensorIteratorBase&)::{lambda()#3}::operator()() const::{lambda()#3}::operator()() const::{lambda(int)#1}, std::array<char*, 2ul>, TrivialOffsetCalculator<1, unsigned int>, TrivialOffsetCalculator<1, unsigned int>, at::native::memory::LoadWithCast<1>, at::native::memory::StoreWithCast<1>)",41,operator_shape_matched,aten::copy_,"[[3],[3],[]]","[""int"",""long int"",""Scalar""]",null,1,1.536
"void at::native::unrolled_elementwise_kernel<at::native::direct_copy_kernel_cuda(at::TensorIteratorBase&)::{lambda()#3}::operator()() const::{lambda()#3}::operator()() const::{lambda(int)#1}, std::array<char*, 2ul>, 4, TrivialOffsetCalculator<1, unsigned int>, TrivialOffsetCalculator<1, unsigned int>, at::native::memory::LoadWithCast<1>, at::native::memory::StoreWithCast<1> >(int, at::native::direct_copy_kernel_cuda(at::TensorIteratorBase&)::{lambda()#3}::operator()() const::{lambda()#3}::operator()() const::{lambda(int)#1}, std::array<char*, 2ul>, TrivialOffsetCalculator<1, unsigned int>, TrivialOffsetCalculator<1, unsigned int>, at::native::memory::LoadWithCast<1>, at::native::memory::StoreWithCast<1>)",42,operator_shape_matched,aten::copy_,"[[62],[62],[]]","[""int"",""long int"",""Scalar""]",null,1,1.536
"void at::native::unrolled_elementwise_kernel<at::native::direct_copy_kernel_cuda(at::TensorIteratorBase&)::{lambda()#3}::operator()() const::{lambda()#3}::operator()() const::{lambda(int)#1}, std::array<char*, 2ul>, 4, TrivialOffsetCalculator<1, unsigned int>, TrivialOffsetCalculator<1, unsigned int>, at::native::memory::LoadWithCast<1>, at::native::memory::StoreWithCast<1> >(int, at::native::direct_copy_kernel_cuda(at::TensorIteratorBase&)::{lambda()#3}::operator()() const::{lambda()#3}::operator()() const::{lambda(int)#1}, std::array<char*, 2ul>, TrivialOffsetCalculator<1, unsigned int>, TrivialOffsetCalculator<1, unsigned int>, at::native::memory::LoadWithCast<1>, at::native::memory::StoreWithCast<1>)",43,operator_shape_matched,aten::copy_,"[[61],[61],[]]","[""int"",""long int"",""Scalar""]",null,1,1.535
"void at::native::unrolled_elementwise_kernel<at::native::direct_copy_kernel_cuda(at::TensorIteratorBase&)::{lambda()#3}::operator()() const::{lambda()#3}::operator()() const::{lambda(int)#1}, std::array<char*, 2ul>, 4, TrivialOffsetCalculator<1, unsigned int>, TrivialOffsetCalculator<1, unsigned int>, at::native::memory::LoadWithCast<1>, at::native::memory::StoreWithCast<1> >(int, at::native::direct_copy_kernel_cuda(at::TensorIteratorBase&)::{lambda()#3}::operator()() const::{lambda()#3}::operator()() const::{lambda(int)#1}, std::array<char*, 2ul>, TrivialOffsetCalculator<1, unsigned int>, TrivialOffsetCalculator<1, unsigned int>, at::native::memory::LoadWithCast<1>, at::native::memory::StoreWithCast<1>)",44,operator_shape_matched,aten::copy_,"[[58],[58],[]]","[""int"",""long int"",""Scalar""]",null,1,1.505
"void at::native::unrolled_elementwise_kernel<at::native::direct_copy_kernel_cuda(at::TensorIteratorBase&)::{lambda()#3}::operator()() const::{lambda()#3}::operator()() const::{lambda(int)#1}, std::array<char*, 2ul>, 4, TrivialOffsetCalculator<1, unsigned int>, TrivialOffsetCalculator<1, unsigned int>, at::native::memory::LoadWithCast<1>, at::native::memory::StoreWithCast<1> >(int, at::native::direct_copy_kernel_cuda(at::TensorIteratorBase&)::{lambda()#3}::operator()() const::{lambda()#3}::operator()() const::{lambda(int)#1}, std::array<char*, 2ul>, TrivialOffsetCalculator<1, unsigned int>, TrivialOffsetCalculator<1, unsigned int>, at::native::memory::LoadWithCast<1>, at::native::memory::StoreWithCast<1>)",45,operator_shape_matched,aten::copy_,"[[15],[15],[]]","[""int"",""long int"",""Scalar""]",null,1,1.504
"void at::native::unrolled_elementwise_kernel<at::native::direct_copy_kernel_cuda(at::TensorIteratorBase&)::{lambda()#3}::operator()() const::{lambda()#3}::operator()() const::{lambda(int)#1}, std::array<char*, 2ul>, 4, TrivialOffsetCalculator<1, unsigned int>, TrivialOffsetCalculator<1, unsigned int>, at::native::memory::LoadWithCast<1>, at::native::memory::StoreWithCast<1> >(int, at::native::direct_copy_kernel_cuda(at::TensorIteratorBase&)::{lambda()#3}::operator()() const::{lambda()#3}::operator()() const::{lambda(int)#1}, std::array<char*, 2ul>, TrivialOffsetCalculator<1, unsigned int>, TrivialOffsetCalculator<1, unsigned int>, at::native::memory::LoadWithCast<1>, at::native::memory::StoreWithCast<1>)",46,operator_shape_matched,aten::copy_,"[[49],[49],[]]","[""int"",""long int"",""Scalar""]",null,1,1.504
"void at::native::unrolled_elementwise_kernel<at::native::direct_copy_kernel_cuda(at::TensorIteratorBase&)::{lambda()#3}::operator()() const::{lambda()#3}::operator()() const::{lambda(int)#1}, std::array<char*, 2ul>, 4, TrivialOffsetCalculator<1, unsigned int>, TrivialOffsetCalculator<1, unsigned int>, at::native::memory::LoadWithCast<1>, at::native::memory::StoreWithCast<1> >(int, at::native::direct_copy_kernel_cuda(at::TensorIteratorBase&)::{lambda()#3}::operator()() const::{lambda()#3}::operator()() const::{lambda(int)#1}, std::array<char*, 2ul>, TrivialOffsetCalculator<1, unsigned int>, TrivialOffsetCalculator<1, unsigned int>, at::native::memory::LoadWithCast<1>, at::native::memory::StoreWithCast<1>)",47,operator_shape_matched,aten::copy_,"[[55],[55],[]]","[""int"",""long int"",""Scalar""]",null,1,1.504
"void at::native::unrolled_elementwise_kernel<at::native::direct_copy_kernel_cuda(at::TensorIteratorBase&)::{lambda()#3}::operator()() const::{lambda()#3}::operator()() const::{lambda(int)#1}, std::array<char*, 2ul>, 4, TrivialOffsetCalculator<1, unsigned int>, TrivialOffsetCalculator<1, unsigned int>, at::native::memory::LoadWithCast<1>, at::native::memory::StoreWithCast<1> >(int, at::native::direct_copy_kernel_cuda(at::TensorIteratorBase&)::{lambda()#3}::operator()() const::{lambda()#3}::operator()() const::{lambda(int)#1}, std::array<char*, 2ul>, TrivialOffsetCalculator<1, unsigned int>, TrivialOffsetCalculator<1, unsigned int>, at::native::memory::LoadWithCast<1>, at::native::memory::StoreWithCast<1>)",48,operator_shape_matched,aten::copy_,"[[39],[39],[]]","[""int"",""long int"",""Scalar""]",null,1,1.503
"void at::native::unrolled_elementwise_kernel<at::native::direct_copy_kernel_cuda(at::TensorIteratorBase&)::{lambda()#3}::operator()() const::{lambda()#3}::operator()() const::{lambda(int)#1}, std::array<char*, 2ul>, 4, TrivialOffsetCalculator<1, unsigned int>, TrivialOffsetCalculator<1, unsigned int>, at::native::memory::LoadWithCast<1>, at::native::memory::StoreWithCast<1> >(int, at::native::direct_copy_kernel_cuda(at::TensorIteratorBase&)::{lambda()#3}::operator()() const::{lambda()#3}::operator()() const::{lambda(int)#1}, std::array<char*, 2ul>, TrivialOffsetCalculator<1, unsigned int>, TrivialOffsetCalculator<1, unsigned int>, at::native::memory::LoadWithCast<1>, at::native::memory::StoreWithCast<1>)",49,operator_shape_matched,aten::copy_,"[[12],[12],[]]","[""int"",""long int"",""Scalar""]",null,1,1.472
"void at::native::unrolled_elementwise_kernel<at::native::direct_copy_kernel_cuda(at::TensorIteratorBase&)::{lambda()#3}::operator()() const::{lambda()#3}::operator()() const::{lambda(int)#1}, std::array<char*, 2ul>, 4, TrivialOffsetCalculator<1, unsigned int>, TrivialOffsetCalculator<1, unsigned int>, at::native::memory::LoadWithCast<1>, at::native::memory::StoreWithCast<1> >(int, at::native::direct_copy_kernel_cuda(at::TensorIteratorBase&)::{lambda()#3}::operator()() const::{lambda()#3}::operator()() const::{lambda(int)#1}, std::array<char*, 2ul>, TrivialOffsetCalculator<1, unsigned int>, TrivialOffsetCalculator<1, unsigned int>, at::native::memory::LoadWithCast<1>, at::native::memory::StoreWithCast<1>)",50,operator_shape_matched,aten::copy_,"[[37],[37],[]]","[""int"",""long int"",""Scalar""]",null,1,1.472
"void at::native::unrolled_elementwise_kernel<at::native::direct_copy_kernel_cuda(at::TensorIteratorBase&)::{lambda()#3}::operator()() const::{lambda()#3}::operator()() const::{lambda(int)#1}, std::array<char*, 2ul>, 4, TrivialOffsetCalculator<1, unsigned int>, TrivialOffsetCalculator<1, unsigned int>, at::native::memory::LoadWithCast<1>, at::native::memory::StoreWithCast<1> >(int, at::native::direct_copy_kernel_cuda(at::TensorIteratorBase&)::{lambda()#3}::operator()() const::{lambda()#3}::operator()() const::{lambda(int)#1}, std::array<char*, 2ul>, TrivialOffsetCalculator<1, unsigned int>, TrivialOffsetCalculator<1, unsigned int>, at::native::memory::LoadWithCast<1>, at::native::memory::StoreWithCast<1>)",51,operator_shape_matched,aten::copy_,"[[47],[47],[]]","[""int"",""long int"",""Scalar""]",null,1,1.472
"void at::native::unrolled_elementwise_kernel<at::native::direct_copy_kernel_cuda(at::TensorIteratorBase&)::{lambda()#3}::operator()() const::{lambda()#3}::operator()() const::{lambda(int)#1}, std::array<char*, 2ul>, 4, TrivialOffsetCalculator<1, unsigned int>, TrivialOffsetCalculator<1, unsigned int>, at::native::memory::LoadWithCast<1>, at::native::memory::StoreWithCast<1> >(int, at::native::direct_copy_kernel_cuda(at::TensorIteratorBase&)::{lambda()#3}::operator()() const::{lambda()#3}::operator()() const::{lambda(int)#1}, std::array<char*, 2ul>, TrivialOffsetCalculator<1, unsigned int>, TrivialOffsetCalculator<1, unsigned int>, at::native::memory::LoadWithCast<1>, at::native::memory::StoreWithCast<1>)",52,operator_shape_matched,aten::copy_,"[[53],[53],[]]","[""int"",""long int"",""Scalar""]",null,1,1.472
"void at::native::unrolled_elementwise_kernel<at::native::direct_copy_kernel_cuda(at::TensorIteratorBase&)::{lambda()#3}::operator()() const::{lambda()#3}::operator()() const::{lambda(int)#1}, std::array<char*, 2ul>, 4, TrivialOffsetCalculator<1, unsigned int>, TrivialOffsetCalculator<1, unsigned int>, at::native::memory::LoadWithCast<1>, at::native::memory::StoreWithCast<1> >(int, at::native::direct_copy_kernel_cuda(at::TensorIteratorBase&)::{lambda()#3}::operator()() const::{lambda()#3}::operator()() const::{lambda(int)#1}, std::array<char*, 2ul>, TrivialOffsetCalculator<1, unsigned int>, TrivialOffsetCalculator<1, unsigned int>, at::native::memory::LoadWithCast<1>, at::native::memory::StoreWithCast<1>)",53,operator_shape_matched,aten::copy_,"[[56],[56],[]]","[""int"",""long int"",""Scalar""]",null,1,1.472
"void at::native::unrolled_elementwise_kernel<at::native::direct_copy_kernel_cuda(at::TensorIteratorBase&)::{lambda()#3}::operator()() const::{lambda()#3}::operator()() const::{lambda(int)#1}, std::array<char*, 2ul>, 4, TrivialOffsetCalculator<1, unsigned int>, TrivialOffsetCalculator<1, unsigned int>, at::native::memory::LoadWithCast<1>, at::native::memory::StoreWithCast<1> >(int, at::native::direct_copy_kernel_cuda(at::TensorIteratorBase&)::{lambda()#3}::operator()() const::{lambda()#3}::operator()() const::{lambda(int)#1}, std::array<char*, 2ul>, TrivialOffsetCalculator<1, unsigned int>, TrivialOffsetCalculator<1, unsigned int>, at::native::memory::LoadWithCast<1>, at::native::memory::StoreWithCast<1>)",54,operator_shape_matched,aten::copy_,"[[7],[7],[]]","[""int"",""long int"",""Scalar""]",null,1,1.472
"void at::native::unrolled_elementwise_kernel<at::native::direct_copy_kernel_cuda(at::TensorIteratorBase&)::{lambda()#3}::operator()() const::{lambda()#3}::operator()() const::{lambda(int)#1}, std::array<char*, 2ul>, 4, TrivialOffsetCalculator<1, unsigned int>, TrivialOffsetCalculator<1, unsigned int>, at::native::memory::LoadWithCast<1>, at::native::memory::StoreWithCast<1> >(int, at::native::direct_copy_kernel_cuda(at::TensorIteratorBase&)::{lambda()#3}::operator()() const::{lambda()#3}::operator()() const::{lambda(int)#1}, std::array<char*, 2ul>, TrivialOffsetCalculator<1, unsigned int>, TrivialOffsetCalculator<1, unsigned int>, at::native::memory::LoadWithCast<1>, at::native::memory::StoreWithCast<1>)",55,operator_shape_matched,aten::copy_,"[[11],[11],[]]","[""int"",""long int"",""Scalar""]",null,1,1.471
"void at::native::unrolled_elementwise_kernel<at::native::direct_copy_kernel_cuda(at::TensorIteratorBase&)::{lambda()#3}::operator()() const::{lambda()#3}::operator()() const::{lambda(int)#1}, std::array<char*, 2ul>, 4, TrivialOffsetCalculator<1, unsigned int>, TrivialOffsetCalculator<1, unsigned int>, at::native::memory::LoadWithCast<1>, at::native::memory::StoreWithCast<1> >(int, at::native::direct_copy_kernel_cuda(at::TensorIteratorBase&)::{lambda()#3}::operator()() const::{lambda()#3}::operator()() const::{lambda(int)#1}, std::array<char*, 2ul>, TrivialOffsetCalculator<1, unsigned int>, TrivialOffsetCalculator<1, unsigned int>, at::native::memory::LoadWithCast<1>, at::native::memory::StoreWithCast<1>)",56,operator_shape_matched,aten::copy_,"[[57],[57],[]]","[""int"",""long int"",""Scalar""]",null,1,1.441
"void at::native::unrolled_elementwise_kernel<at::native::direct_copy_kernel_cuda(at::TensorIteratorBase&)::{lambda()#3}::operator()() const::{lambda()#3}::operator()() const::{lambda(int)#1}, std::array<char*, 2ul>, 4, TrivialOffsetCalculator<1, unsigned int>, TrivialOffsetCalculator<1, unsigned int>, at::native::memory::LoadWithCast<1>, at::native::memory::StoreWithCast<1> >(int, at::native::direct_copy_kernel_cuda(at::TensorIteratorBase&)::{lambda()#3}::operator()() const::{lambda()#3}::operator()() const::{lambda(int)#1}, std::array<char*, 2ul>, TrivialOffsetCalculator<1, unsigned int>, TrivialOffsetCalculator<1, unsigned int>, at::native::memory::LoadWithCast<1>, at::native::memory::StoreWithCast<1>)",57,operator_shape_matched,aten::copy_,"[[18],[18],[]]","[""int"",""long int"",""Scalar""]",null,1,1.44
"void at::native::unrolled_elementwise_kernel<at::native::direct_copy_kernel_cuda(at::TensorIteratorBase&)::{lambda()#3}::operator()() const::{lambda()#3}::operator()() const::{lambda(int)#1}, std::array<char*, 2ul>, 4, TrivialOffsetCalculator<1, unsigned int>, TrivialOffsetCalculator<1, unsigned int>, at::native::memory::LoadWithCast<1>, at::native::memory::StoreWithCast<1> >(int, at::native::direct_copy_kernel_cuda(at::TensorIteratorBase&)::{lambda()#3}::operator()() const::{lambda()#3}::operator()() const::{lambda(int)#1}, std::array<char*, 2ul>, TrivialOffsetCalculator<1, unsigned int>, TrivialOffsetCalculator<1, unsigned int>, at::native::memory::LoadWithCast<1>, at::native::memory::StoreWithCast<1>)",58,operator_shape_matched,aten::copy_,"[[24],[24],[]]","[""int"",""long int"",""Scalar""]",null,1,1.44
"void at::native::unrolled_elementwise_kernel<at::native::direct_copy_kernel_cuda(at::TensorIteratorBase&)::{lambda()#3}::operator()() const::{lambda()#3}::operator()() const::{lambda(int)#1}, std::array<char*, 2ul>, 4, TrivialOffsetCalculator<1, unsigned int>, TrivialOffsetCalculator<1, unsigned int>, at::native::memory::LoadWithCast<1>, at::native::memory::StoreWithCast<1> >(int, at::native::direct_copy_kernel_cuda(at::TensorIteratorBase&)::{lambda()#3}::operator()() const::{lambda()#3}::operator()() const::{lambda(int)#1}, std::array<char*, 2ul>, TrivialOffsetCalculator<1, unsigned int>, TrivialOffsetCalculator<1, unsigned int>, at::native::memory::LoadWithCast<1>, at::native::memory::StoreWithCast<1>)",59,operator_shape_matched,aten::copy_,"[[25],[25],[]]","[""int"",""long int"",""Scalar""]",null,1,1.44
"void at::native::unrolled_elementwise_kernel<at::native::direct_copy_kernel_cuda(at::TensorIteratorBase&)::{lambda()#3}::operator()() const::{lambda()#3}::operator()() const::{lambda(int)#1}, std::array<char*, 2ul>, 4, TrivialOffsetCalculator<1, unsigned int>, TrivialOffsetCalculator<1, unsigned int>, at::native::memory::LoadWithCast<1>, at::native::memory::StoreWithCast<1> >(int, at::native::direct_copy_kernel_cuda(at::TensorIteratorBase&)::{lambda()#3}::operator()() const::{lambda()#3}::operator()() const::{lambda(int)#1}, std::array<char*, 2ul>, TrivialOffsetCalculator<1, unsigned int>, TrivialOffsetCalculator<1, unsigned int>, at::native::memory::LoadWithCast<1>, at::native::memory::StoreWithCast<1>)",60,operator_shape_matched,aten::copy_,"[[26],[26],[]]","[""int"",""long int"",""Scalar""]",null,1,1.44
"void at::native::unrolled_elementwise_kernel<at::native::direct_copy_kernel_cuda(at::TensorIteratorBase&)::{lambda()#3}::operator()() const::{lambda()#3}::operator()() const::{lambda(int)#1}, std::array<char*, 2ul>, 4, TrivialOffsetCalculator<1, unsigned int>, TrivialOffsetCalculator<1, unsigned int>, at::native::memory::LoadWithCast<1>, at::native::memory::StoreWithCast<1> >(int, at::native::direct_copy_kernel_cuda(at::TensorIteratorBase&)::{lambda()#3}::operator()() const::{lambda()#3}::operator()() const::{lambda(int)#1}, std::array<char*, 2ul>, TrivialOffsetCalculator<1, unsigned int>, TrivialOffsetCalculator<1, unsigned int>, at::native::memory::LoadWithCast<1>, at::native::memory::StoreWithCast<1>)",61,operator_shape_matched,aten::copy_,"[[27],[27],[]]","[""int"",""long int"",""Scalar""]",null,1,1.44
"void at::native::unrolled_elementwise_kernel<at::native::direct_copy_kernel_cuda(at::TensorIteratorBase&)::{lambda()#3}::operator()() const::{lambda()#3}::operator()() const::{lambda(int)#1}, std::array<char*, 2ul>, 4, TrivialOffsetCalculator<1, unsigned int>, TrivialOffsetCalculator<1, unsigned int>, at::native::memory::LoadWithCast<1>, at::native::memory::StoreWithCast<1> >(int, at::native::direct_copy_kernel_cuda(at::TensorIteratorBase&)::{lambda()#3}::operator()() const::{lambda()#3}::operator()() const::{lambda(int)#1}, std::array<char*, 2ul>, TrivialOffsetCalculator<1, unsigned int>, TrivialOffsetCalculator<1, unsigned int>, at::native::memory::LoadWithCast<1>, at::native::memory::StoreWithCast<1>)",62,operator_shape_matched,aten::copy_,"[[2],[2],[]]","[""int"",""long int"",""Scalar""]",null,1,1.44
"void at::native::unrolled_elementwise_kernel<at::native::direct_copy_kernel_cuda(at::TensorIteratorBase&)::{lambda()#3}::operator()() const::{lambda()#3}::operator()() const::{lambda(int)#1}, std::array<char*, 2ul>, 4, TrivialOffsetCalculator<1, unsigned int>, TrivialOffsetCalculator<1, unsigned int>, at::native::memory::LoadWithCast<1>, at::native::memory::StoreWithCast<1> >(int, at::native::direct_copy_kernel_cuda(at::TensorIteratorBase&)::{lambda()#3}::operator()() const::{lambda()#3}::operator()() const::{lambda(int)#1}, std::array<char*, 2ul>, TrivialOffsetCalculator<1, unsigned int>, TrivialOffsetCalculator<1, unsigned int>, at::native::memory::LoadWithCast<1>, at::native::memory::StoreWithCast<1>)",63,operator_shape_matched,aten::copy_,"[[43],[43],[]]","[""int"",""long int"",""Scalar""]",null,1,1.44
"void at::native::unrolled_elementwise_kernel<at::native::direct_copy_kernel_cuda(at::TensorIteratorBase&)::{lambda()#3}::operator()() const::{lambda()#3}::operator()() const::{lambda(int)#1}, std::array<char*, 2ul>, 4, TrivialOffsetCalculator<1, unsigned int>, TrivialOffsetCalculator<1, unsigned int>, at::native::memory::LoadWithCast<1>, at::native::memory::StoreWithCast<1> >(int, at::native::direct_copy_kernel_cuda(at::TensorIteratorBase&)::{lambda()#3}::operator()() const::{lambda()#3}::operator()() const::{lambda(int)#1}, std::array<char*, 2ul>, TrivialOffsetCalculator<1, unsigned int>, TrivialOffsetCalculator<1, unsigned int>, at::native::memory::LoadWithCast<1>, at::native::memory::StoreWithCast<1>)",64,operator_shape_matched,aten::copy_,"[[44],[44],[]]","[""int"",""long int"",""Scalar""]",null,1,1.44
"void at::native::unrolled_elementwise_kernel<at::native::direct_copy_kernel_cuda(at::TensorIteratorBase&)::{lambda()#3}::operator()() const::{lambda()#3}::operator()() const::{lambda(int)#1}, std::array<char*, 2ul>, 4, TrivialOffsetCalculator<1, unsigned int>, TrivialOffsetCalculator<1, unsigned int>, at::native::memory::LoadWithCast<1>, at::native::memory::StoreWithCast<1> >(int, at::native::direct_copy_kernel_cuda(at::TensorIteratorBase&)::{lambda()#3}::operator()() const::{lambda()#3}::operator()() const::{lambda(int)#1}, std::array<char*, 2ul>, TrivialOffsetCalculator<1, unsigned int>, TrivialOffsetCalculator<1, unsigned int>, at::native::memory::LoadWithCast<1>, at::native::memory::StoreWithCast<1>)",65,operator_shape_matched,aten::copy_,"[[46],[46],[]]","[""int"",""long int"",""Scalar""]",null,1,1.44
"void at::native::unrolled_elementwise_kernel<at::native::direct_copy_kernel_cuda(at::TensorIteratorBase&)::{lambda()#3}::operator()() const::{lambda()#3}::operator()() const::{lambda(int)#1}, std::array<char*, 2ul>, 4, TrivialOffsetCalculator<1, unsigned int>, TrivialOffsetCalculator<1, unsigned int>, at::native::memory::LoadWithCast<1>, at::native::memory::StoreWithCast<1> >(int, at::native::direct_copy_kernel_cuda(at::TensorIteratorBase&)::{lambda()#3}::operator()() const::{lambda()#3}::operator()() const::{lambda(int)#1}, std::array<char*, 2ul>, TrivialOffsetCalculator<1, unsigned int>, TrivialOffsetCalculator<1, unsigned int>, at::native::memory::LoadWithCast<1>, at::native::memory::StoreWithCast<1>)",66,operator_shape_matched,aten::copy_,"[[48],[48],[]]","[""int"",""long int"",""Scalar""]",null,1,1.44
"void at::native::unrolled_elementwise_kernel<at::native::direct_copy_kernel_cuda(at::TensorIteratorBase&)::{lambda()#3}::operator()() const::{lambda()#3}::operator()() const::{lambda(int)#1}, std::array<char*, 2ul>, 4, TrivialOffsetCalculator<1, unsigned int>, TrivialOffsetCalculator<1, unsigned int>, at::native::memory::LoadWithCast<1>, at::native::memory::StoreWithCast<1> >(int, at::native::direct_copy_kernel_cuda(at::TensorIteratorBase&)::{lambda()#3}::operator()() const::{lambda()#3}::operator()() const::{lambda(int)#1}, std::array<char*, 2ul>, TrivialOffsetCalculator<1, unsigned int>, TrivialOffsetCalculator<1, unsigned int>, at::native::memory::LoadWithCast<1>, at::native::memory::StoreWithCast<1>)",67,operator_shape_matched,aten::copy_,"[[54],[54],[]]","[""int"",""long int"",""Scalar""]",null,1,1.44
"void at::native::unrolled_elementwise_kernel<at::native::direct_copy_kernel_cuda(at::TensorIteratorBase&)::{lambda()#3}::operator()() const::{lambda()#3}::operator()() const::{lambda(int)#1}, std::array<char*, 2ul>, 4, TrivialOffsetCalculator<1, unsigned int>, TrivialOffsetCalculator<1, unsigned int>, at::native::memory::LoadWithCast<1>, at::native::memory::StoreWithCast<1> >(int, at::native::direct_copy_kernel_cuda(at::TensorIteratorBase&)::{lambda()#3}::operator()() const::{lambda()#3}::operator()() const::{lambda(int)#1}, std::array<char*, 2ul>, TrivialOffsetCalculator<1, unsigned int>, TrivialOffsetCalculator<1, unsigned int>, at::native::memory::LoadWithCast<1>, at::native::memory::StoreWithCast<1>)",68,operator_shape_matched,aten::copy_,"[[59],[59],[]]","[""int"",""long int"",""Scalar""]",null,1,1.44
"void at::native::unrolled_elementwise_kernel<at::native::direct_copy_kernel_cuda(at::TensorIteratorBase&)::{lambda()#3}::operator()() const::{lambda()#3}::operator()() const::{lambda(int)#1}, std::array<char*, 2ul>, 4, TrivialOffsetCalculator<1, unsigned int>, TrivialOffsetCalculator<1, unsigned int>, at::native::memory::LoadWithCast<1>, at::native::memory::StoreWithCast<1> >(int, at::native::direct_copy_kernel_cuda(at::TensorIteratorBase&)::{lambda()#3}::operator()() const::{lambda()#3}::operator()() const::{lambda(int)#1}, std::array<char*, 2ul>, TrivialOffsetCalculator<1, unsigned int>, TrivialOffsetCalculator<1, unsigned int>, at::native::memory::LoadWithCast<1>, at::native::memory::StoreWithCast<1>)",69,operator_shape_matched,aten::copy_,"[[60],[60],[]]","[""int"",""long int"",""Scalar""]",null,1,1.44
"void at::native::unrolled_elementwise_kernel<at::native::direct_copy_kernel_cuda(at::TensorIteratorBase&)::{lambda()#3}::operator()() const::{lambda()#3}::operator()() const::{lambda(int)#1}, std::array<char*, 2ul>, 4, TrivialOffsetCalculator<1, unsigned int>, TrivialOffsetCalculator<1, unsigned int>, at::native::memory::LoadWithCast<1>, at::native::memory::StoreWithCast<1> >(int, at::native::direct_copy_kernel_cuda(at::TensorIteratorBase&)::{lambda()#3}::operator()() const::{lambda()#3}::operator()() const::{lambda(int)#1}, std::array<char*, 2ul>, TrivialOffsetCalculator<1, unsigned int>, TrivialOffsetCalculator<1, unsigned int>, at::native::memory::LoadWithCast<1>, at::native::memory::StoreWithCast<1>)",70,operator_shape_matched,aten::copy_,"[[6],[6],[]]","[""int"",""long int"",""Scalar""]",null,1,1.44
"void at::native::unrolled_elementwise_kernel<at::native::direct_copy_kernel_cuda(at::TensorIteratorBase&)::{lambda()#3}::operator()() const::{lambda()#3}::operator()() const::{lambda(int)#1}, std::array<char*, 2ul>, 4, TrivialOffsetCalculator<1, unsigned int>, TrivialOffsetCalculator<1, unsigned int>, at::native::memory::LoadWithCast<1>, at::native::memory::StoreWithCast<1> >(int, at::native::direct_copy_kernel_cuda(at::TensorIteratorBase&)::{lambda()#3}::operator()() const::{lambda()#3}::operator()() const::{lambda(int)#1}, std::array<char*, 2ul>, TrivialOffsetCalculator<1, unsigned int>, TrivialOffsetCalculator<1, unsigned int>, at::native::memory::LoadWithCast<1>, at::native::memory::StoreWithCast<1>)",71,operator_shape_matched,aten::copy_,"[[10],[10],[]]","[""int"",""long int"",""Scalar""]",null,1,1.409
"void at::native::unrolled_elementwise_kernel<at::native::direct_copy_kernel_cuda(at::TensorIteratorBase&)::{lambda()#3}::operator()() const::{lambda()#3}::operator()() const::{lambda(int)#1}, std::array<char*, 2ul>, 4, TrivialOffsetCalculator<1, unsigned int>, TrivialOffsetCalculator<1, unsigned int>, at::native::memory::LoadWithCast<1>, at::native::memory::StoreWithCast<1> >(int, at::native::direct_copy_kernel_cuda(at::TensorIteratorBase&)::{lambda()#3}::operator()() const::{lambda()#3}::operator()() const::{lambda(int)#1}, std::array<char*, 2ul>, TrivialOffsetCalculator<1, unsigned int>, TrivialOffsetCalculator<1, unsigned int>, at::native::memory::LoadWithCast<1>, at::native::memory::StoreWithCast<1>)",72,operator_shape_matched,aten::copy_,"[[13],[13],[]]","[""int"",""long int"",""Scalar""]",null,1,1.409
"void at::native::unrolled_elementwise_kernel<at::native::direct_copy_kernel_cuda(at::TensorIteratorBase&)::{lambda()#3}::operator()() const::{lambda()#3}::operator()() const::{lambda(int)#1}, std::array<char*, 2ul>, 4, TrivialOffsetCalculator<1, unsigned int>, TrivialOffsetCalculator<1, unsigned int>, at::native::memory::LoadWithCast<1>, at::native::memory::StoreWithCast<1> >(int, at::native::direct_copy_kernel_cuda(at::TensorIteratorBase&)::{lambda()#3}::operator()() const::{lambda()#3}::operator()() const::{lambda(int)#1}, std::array<char*, 2ul>, TrivialOffsetCalculator<1, unsigned int>, TrivialOffsetCalculator<1, unsigned int>, at::native::memory::LoadWithCast<1>, at::native::memory::StoreWithCast<1>)",73,operator_shape_matched,aten::copy_,"[[19],[19],[]]","[""int"",""long int"",""Scalar""]",null,1,1.408
"void at::native::unrolled_elementwise_kernel<at::native::direct_copy_kernel_cuda(at::TensorIteratorBase&)::{lambda()#3}::operator()() const::{lambda()#3}::operator()() const::{lambda(int)#1}, std::array<char*, 2ul>, 4, TrivialOffsetCalculator<1, unsigned int>, TrivialOffsetCalculator<1, unsigned int>, at::native::memory::LoadWithCast<1>, at::native::memory::StoreWithCast<1> >(int, at::native::direct_copy_kernel_cuda(at::TensorIteratorBase&)::{lambda()#3}::operator()() const::{lambda()#3}::operator()() const::{lambda(int)#1}, std::array<char*, 2ul>, TrivialOffsetCalculator<1, unsigned int>, TrivialOffsetCalculator<1, unsigned int>, at::native::memory::LoadWithCast<1>, at::native::memory::StoreWithCast<1>)",74,operator_shape_matched,aten::copy_,"[[21],[21],[]]","[""int"",""long int"",""Scalar""]",null,1,1.408
"void at::native::unrolled_elementwise_kernel<at::native::direct_copy_kernel_cuda(at::TensorIteratorBase&)::{lambda()#3}::operator()() const::{lambda()#3}::operator()() const::{lambda(int)#1}, std::array<char*, 2ul>, 4, TrivialOffsetCalculator<1, unsigned int>, TrivialOffsetCalculator<1, unsigned int>, at::native::memory::LoadWithCast<1>, at::native::memory::StoreWithCast<1> >(int, at::native::direct_copy_kernel_cuda(at::TensorIteratorBase&)::{lambda()#3}::operator()() const::{lambda()#3}::operator()() const::{lambda(int)#1}, std::array<char*, 2ul>, TrivialOffsetCalculator<1, unsigned int>, TrivialOffsetCalculator<1, unsigned int>, at::native::memory::LoadWithCast<1>, at::native::memory::StoreWithCast<1>)",75,operator_shape_matched,aten::copy_,"[[23],[23],[]]","[""int"",""long int"",""Scalar""]",null,1,1.408
"void at::native::unrolled_elementwise_kernel<at::native::direct_copy_kernel_cuda(at::TensorIteratorBase&)::{lambda()#3}::operator()() const::{lambda()#3}::operator()() const::{lambda(int)#1}, std::array<char*, 2ul>, 4, TrivialOffsetCalculator<1, unsigned int>, TrivialOffsetCalculator<1, unsigned int>, at::native::memory::LoadWithCast<1>, at::native::memory::StoreWithCast<1> >(int, at::native::direct_copy_kernel_cuda(at::TensorIteratorBase&)::{lambda()#3}::operator()() const::{lambda()#3}::operator()() const::{lambda(int)#1}, std::array<char*, 2ul>, TrivialOffsetCalculator<1, unsigned int>, TrivialOffsetCalculator<1, unsigned int>, at::native::memory::LoadWithCast<1>, at::native::memory::StoreWithCast<1>)",76,operator_shape_matched,aten::copy_,"[[29],[29],[]]","[""int"",""long int"",""Scalar""]",null,1,1.408
"void at::native::unrolled_elementwise_kernel<at::native::direct_copy_kernel_cuda(at::TensorIteratorBase&)::{lambda()#3}::operator()() const::{lambda()#3}::operator()() const::{lambda(int)#1}, std::array<char*, 2ul>, 4, TrivialOffsetCalculator<1, unsigned int>, TrivialOffsetCalculator<1, unsigned int>, at::native::memory::LoadWithCast<1>, at::native::memory::StoreWithCast<1> >(int, at::native::direct_copy_kernel_cuda(at::TensorIteratorBase&)::{lambda()#3}::operator()() const::{lambda()#3}::operator()() const::{lambda(int)#1}, std::array<char*, 2ul>, TrivialOffsetCalculator<1, unsigned int>, TrivialOffsetCalculator<1, unsigned int>, at::native::memory::LoadWithCast<1>, at::native::memory::StoreWithCast<1>)",77,operator_shape_matched,aten::copy_,"[[38],[38],[]]","[""int"",""long int"",""Scalar""]",null,1,1.408
"void at::native::unrolled_elementwise_kernel<at::native::direct_copy_kernel_cuda(at::TensorIteratorBase&)::{lambda()#3}::operator()() const::{lambda()#3}::operator()() const::{lambda(int)#1}, std::array<char*, 2ul>, 4, TrivialOffsetCalculator<1, unsigned int>, TrivialOffsetCalculator<1, unsigned int>, at::native::memory::LoadWithCast<1>, at::native::memory::StoreWithCast<1> >(int, at::native::direct_copy_kernel_cuda(at::TensorIteratorBase&)::{lambda()#3}::operator()() const::{lambda()#3}::operator()() const::{lambda(int)#1}, std::array<char*, 2ul>, TrivialOffsetCalculator<1, unsigned int>, TrivialOffsetCalculator<1, unsigned int>, at::native::memory::LoadWithCast<1>, at::native::memory::StoreWithCast<1>)",78,operator_shape_matched,aten::copy_,"[[40],[40],[]]","[""int"",""long int"",""Scalar""]",null,1,1.408
"void at::native::unrolled_elementwise_kernel<at::native::direct_copy_kernel_cuda(at::TensorIteratorBase&)::{lambda()#3}::operator()() const::{lambda()#3}::operator()() const::{lambda(int)#1}, std::array<char*, 2ul>, 4, TrivialOffsetCalculator<1, unsigned int>, TrivialOffsetCalculator<1, unsigned int>, at::native::memory::LoadWithCast<1>, at::native::memory::StoreWithCast<1> >(int, at::native::direct_copy_kernel_cuda(at::TensorIteratorBase&)::{lambda()#3}::operator()() const::{lambda()#3}::operator()() const::{lambda(int)#1}, std::array<char*, 2ul>, TrivialOffsetCalculator<1, unsigned int>, TrivialOffsetCalculator<1, unsigned int>, at::native::memory::LoadWithCast<1>, at::native::memory::StoreWithCast<1>)",79,operator_shape_matched,aten::copy_,"[[41],[41],[]]","[""int"",""long int"",""Scalar""]",null,1,1.408
"void at::native::unrolled_elementwise_kernel<at::native::direct_copy_kernel_cuda(at::TensorIteratorBase&)::{lambda()#3}::operator()() const::{lambda()#3}::operator()() const::{lambda(int)#1}, std::array<char*, 2ul>, 4, TrivialOffsetCalculator<1, unsigned int>, TrivialOffsetCalculator<1, unsigned int>, at::native::memory::LoadWithCast<1>, at::native::memory::StoreWithCast<1> >(int, at::native::direct_copy_kernel_cuda(at::TensorIteratorBase&)::{lambda()#3}::operator()() const::{lambda()#3}::operator()() const::{lambda(int)#1}, std::array<char*, 2ul>, TrivialOffsetCalculator<1, unsigned int>, TrivialOffsetCalculator<1, unsigned int>, at::native::memory::LoadWithCast<1>, at::native::memory::StoreWithCast<1>)",80,operator_shape_matched,aten::copy_,"[[5],[5],[]]","[""int"",""long int"",""Scalar""]",null,1,1.408
"void at::native::unrolled_elementwise_kernel<at::native::direct_copy_kernel_cuda(at::TensorIteratorBase&)::{lambda()#3}::operator()() const::{lambda()#3}::operator()() const::{lambda(int)#1}, std::array<char*, 2ul>, 4, TrivialOffsetCalculator<1, unsigned int>, TrivialOffsetCalculator<1, unsigned int>, at::native::memory::LoadWithCast<1>, at::native::memory::StoreWithCast<1> >(int, at::native::direct_copy_kernel_cuda(at::TensorIteratorBase&)::{lambda()#3}::operator()() const::{lambda()#3}::operator()() const::{lambda(int)#1}, std::array<char*, 2ul>, TrivialOffsetCalculator<1, unsigned int>, TrivialOffsetCalculator<1, unsigned int>, at::native::memory::LoadWithCast<1>, at::native::memory::StoreWithCast<1>)",81,operator_shape_matched,aten::copy_,"[[51],[51],[]]","[""int"",""long int"",""Scalar""]",null,1,1.407
"void at::native::unrolled_elementwise_kernel<at::native::direct_copy_kernel_cuda(at::TensorIteratorBase&)::{lambda()#3}::operator()() const::{lambda()#3}::operator()() const::{lambda(int)#1}, std::array<char*, 2ul>, 4, TrivialOffsetCalculator<1, unsigned int>, TrivialOffsetCalculator<1, unsigned int>, at::native::memory::LoadWithCast<1>, at::native::memory::StoreWithCast<1> >(int, at::native::direct_copy_kernel_cuda(at::TensorIteratorBase&)::{lambda()#3}::operator()() const::{lambda()#3}::operator()() const::{lambda(int)#1}, std::array<char*, 2ul>, TrivialOffsetCalculator<1, unsigned int>, TrivialOffsetCalculator<1, unsigned int>, at::native::memory::LoadWithCast<1>, at::native::memory::StoreWithCast<1>)",82,operator_shape_matched,aten::copy_,"[[17],[17],[]]","[""int"",""long int"",""Scalar""]",null,1,1.376
"void at::native::unrolled_elementwise_kernel<at::native::direct_copy_kernel_cuda(at::TensorIteratorBase&)::{lambda()#3}::operator()() const::{lambda()#3}::operator()() const::{lambda(int)#1}, std::array<char*, 2ul>, 4, TrivialOffsetCalculator<1, unsigned int>, TrivialOffsetCalculator<1, unsigned int>, at::native::memory::LoadWithCast<1>, at::native::memory::StoreWithCast<1> >(int, at::native::direct_copy_kernel_cuda(at::TensorIteratorBase&)::{lambda()#3}::operator()() const::{lambda()#3}::operator()() const::{lambda(int)#1}, std::array<char*, 2ul>, TrivialOffsetCalculator<1, unsigned int>, TrivialOffsetCalculator<1, unsigned int>, at::native::memory::LoadWithCast<1>, at::native::memory::StoreWithCast<1>)",83,operator_shape_matched,aten::copy_,"[[33],[33],[]]","[""int"",""long int"",""Scalar""]",null,1,1.376
"void at::native::unrolled_elementwise_kernel<at::native::direct_copy_kernel_cuda(at::TensorIteratorBase&)::{lambda()#3}::operator()() const::{lambda()#3}::operator()() const::{lambda(int)#1}, std::array<char*, 2ul>, 4, TrivialOffsetCalculator<1, unsigned int>, TrivialOffsetCalculator<1, unsigned int>, at::native::memory::LoadWithCast<1>, at::native::memory::StoreWithCast<1> >(int, at::native::direct_copy_kernel_cuda(at::TensorIteratorBase&)::{lambda()#3}::operator()() const::{lambda()#3}::operator()() const::{lambda(int)#1}, std::array<char*, 2ul>, TrivialOffsetCalculator<1, unsigned int>, TrivialOffsetCalculator<1, unsigned int>, at::native::memory::LoadWithCast<1>, at::native::memory::StoreWithCast<1>)",84,operator_shape_matched,aten::copy_,"[[50],[50],[]]","[""int"",""long int"",""Scalar""]",null,1,1.376
"void at::native::unrolled_elementwise_kernel<at::native::direct_copy_kernel_cuda(at::TensorIteratorBase&)::{lambda()#3}::operator()() const::{lambda()#3}::operator()() const::{lambda(int)#1}, std::array<char*, 2ul>, 4, TrivialOffsetCalculator<1, unsigned int>, TrivialOffsetCalculator<1, unsigned int>, at::native::memory::LoadWithCast<1>, at::native::memory::StoreWithCast<1> >(int, at::native::direct_copy_kernel_cuda(at::TensorIteratorBase&)::{lambda()#3}::operator()() const::{lambda()#3}::operator()() const::{lambda(int)#1}, std::array<char*, 2ul>, TrivialOffsetCalculator<1, unsigned int>, TrivialOffsetCalculator<1, unsigned int>, at::native::memory::LoadWithCast<1>, at::native::memory::StoreWithCast<1>)",85,operator_shape_matched,aten::copy_,"[[9],[9],[]]","[""int"",""long int"",""Scalar""]",null,1,1.376
"void at::native::unrolled_elementwise_kernel<at::native::direct_copy_kernel_cuda(at::TensorIteratorBase&)::{lambda()#3}::operator()() const::{lambda()#3}::operator()() const::{lambda(int)#1}, std::array<char*, 2ul>, 4, TrivialOffsetCalculator<1, unsigned int>, TrivialOffsetCalculator<1, unsigned int>, at::native::memory::LoadWithCast<1>, at::native::memory::StoreWithCast<1> >(int, at::native::direct_copy_kernel_cuda(at::TensorIteratorBase&)::{lambda()#3}::operator()() const::{lambda()#3}::operator()() const::{lambda(int)#1}, std::array<char*, 2ul>, TrivialOffsetCalculator<1, unsigned int>, TrivialOffsetCalculator<1, unsigned int>, at::native::memory::LoadWithCast<1>, at::native::memory::StoreWithCast<1>)",86,operator_shape_matched,aten::copy_,"[[14],[14],[]]","[""int"",""long int"",""Scalar""]",null,1,1.344
"void at::native::unrolled_elementwise_kernel<at::native::direct_copy_kernel_cuda(at::TensorIteratorBase&)::{lambda()#3}::operator()() const::{lambda()#3}::operator()() const::{lambda(int)#1}, std::array<char*, 2ul>, 4, TrivialOffsetCalculator<1, unsigned int>, TrivialOffsetCalculator<1, unsigned int>, at::native::memory::LoadWithCast<1>, at::native::memory::StoreWithCast<1> >(int, at::native::direct_copy_kernel_cuda(at::TensorIteratorBase&)::{lambda()#3}::operator()() const::{lambda()#3}::operator()() const::{lambda(int)#1}, std::array<char*, 2ul>, TrivialOffsetCalculator<1, unsigned int>, TrivialOffsetCalculator<1, unsigned int>, at::native::memory::LoadWithCast<1>, at::native::memory::StoreWithCast<1>)",87,operator_shape_matched,aten::copy_,"[[20],[20],[]]","[""int"",""long int"",""Scalar""]",null,1,1.344
"void at::native::unrolled_elementwise_kernel<at::native::direct_copy_kernel_cuda(at::TensorIteratorBase&)::{lambda()#3}::operator()() const::{lambda()#3}::operator()() const::{lambda(int)#1}, std::array<char*, 2ul>, 4, TrivialOffsetCalculator<1, unsigned int>, TrivialOffsetCalculator<1, unsigned int>, at::native::memory::LoadWithCast<1>, at::native::memory::StoreWithCast<1> >(int, at::native::direct_copy_kernel_cuda(at::TensorIteratorBase&)::{lambda()#3}::operator()() const::{lambda()#3}::operator()() const::{lambda(int)#1}, std::array<char*, 2ul>, TrivialOffsetCalculator<1, unsigned int>, TrivialOffsetCalculator<1, unsigned int>, at::native::memory::LoadWithCast<1>, at::native::memory::StoreWithCast<1>)",88,operator_shape_matched,aten::copy_,"[[28],[28],[]]","[""int"",""long int"",""Scalar""]",null,1,1.344
"void at::native::unrolled_elementwise_kernel<at::native::direct_copy_kernel_cuda(at::TensorIteratorBase&)::{lambda()#3}::operator()() const::{lambda()#3}::operator()() const::{lambda(int)#1}, std::array<char*, 2ul>, 4, TrivialOffsetCalculator<1, unsigned int>, TrivialOffsetCalculator<1, unsigned int>, at::native::memory::LoadWithCast<1>, at::native::memory::StoreWithCast<1> >(int, at::native::direct_copy_kernel_cuda(at::TensorIteratorBase&)::{lambda()#3}::operator()() const::{lambda()#3}::operator()() const::{lambda(int)#1}, std::array<char*, 2ul>, TrivialOffsetCalculator<1, unsigned int>, TrivialOffsetCalculator<1, unsigned int>, at::native::memory::LoadWithCast<1>, at::native::memory::StoreWithCast<1>)",89,operator_shape_matched,aten::copy_,"[[30],[30],[]]","[""int"",""long int"",""Scalar""]",null,1,1.344
"void at::native::unrolled_elementwise_kernel<at::native::direct_copy_kernel_cuda(at::TensorIteratorBase&)::{lambda()#3}::operator()() const::{lambda()#3}::operator()() const::{lambda(int)#1}, std::array<char*, 2ul>, 4, TrivialOffsetCalculator<1, unsigned int>, TrivialOffsetCalculator<1, unsigned int>, at::native::memory::LoadWithCast<1>, at::native::memory::StoreWithCast<1> >(int, at::native::direct_copy_kernel_cuda(at::TensorIteratorBase&)::{lambda()#3}::operator()() const::{lambda()#3}::operator()() const::{lambda(int)#1}, std::array<char*, 2ul>, TrivialOffsetCalculator<1, unsigned int>, TrivialOffsetCalculator<1, unsigned int>, at::native::memory::LoadWithCast<1>, at::native::memory::StoreWithCast<1>)",90,operator_shape_matched,aten::copy_,"[[34],[34],[]]","[""int"",""long int"",""Scalar""]",null,1,1.344
"void at::native::unrolled_elementwise_kernel<at::native::direct_copy_kernel_cuda(at::TensorIteratorBase&)::{lambda()#3}::operator()() const::{lambda()#3}::operator()() const::{lambda(int)#1}, std::array<char*, 2ul>, 4, TrivialOffsetCalculator<1, unsigned int>, TrivialOffsetCalculator<1, unsigned int>, at::native::memory::LoadWithCast<1>, at::native::memory::StoreWithCast<1> >(int, at::native::direct_copy_kernel_cuda(at::TensorIteratorBase&)::{lambda()#3}::operator()() const::{lambda()#3}::operator()() const::{lambda(int)#1}, std::array<char*, 2ul>, TrivialOffsetCalculator<1, unsigned int>, TrivialOffsetCalculator<1, unsigned int>, at::native::memory::LoadWithCast<1>, at::native::memory::StoreWithCast<1>)",91,operator_shape_matched,aten::copy_,"[[35],[35],[]]","[""int"",""long int"",""Scalar""]",null,1,1.344
"void at::native::unrolled_elementwise_kernel<at::native::direct_copy_kernel_cuda(at::TensorIteratorBase&)::{lambda()#3}::operator()() const::{lambda()#3}::operator()() const::{lambda(int)#1}, std::array<char*, 2ul>, 4, TrivialOffsetCalculator<1, unsigned int>, TrivialOffsetCalculator<1, unsigned int>, at::native::memory::LoadWithCast<1>, at::native::memory::StoreWithCast<1> >(int, at::native::direct_copy_kernel_cuda(at::TensorIteratorBase&)::{lambda()#3}::operator()() const::{lambda()#3}::operator()() const::{lambda(int)#1}, std::array<char*, 2ul>, TrivialOffsetCalculator<1, unsigned int>, TrivialOffsetCalculator<1, unsigned int>, at::native::memory::LoadWithCast<1>, at::native::memory::StoreWithCast<1>)",92,operator_shape_matched,aten::copy_,"[[36],[36],[]]","[""int"",""long int"",""Scalar""]",null,1,1.344
"void at::native::unrolled_elementwise_kernel<at::native::direct_copy_kernel_cuda(at::TensorIteratorBase&)::{lambda()#3}::operator()() const::{lambda()#3}::operator()() const::{lambda(int)#1}, std::array<char*, 2ul>, 4, TrivialOffsetCalculator<1, unsigned int>, TrivialOffsetCalculator<1, unsigned int>, at::native::memory::LoadWithCast<1>, at::native::memory::StoreWithCast<1> >(int, at::native::direct_copy_kernel_cuda(at::TensorIteratorBase&)::{lambda()#3}::operator()() const::{lambda()#3}::operator()() const::{lambda(int)#1}, std::array<char*, 2ul>, TrivialOffsetCalculator<1, unsigned int>, TrivialOffsetCalculator<1, unsigned int>, at::native::memory::LoadWithCast<1>, at::native::memory::StoreWithCast<1>)",93,operator_shape_matched,aten::copy_,"[[42],[42],[]]","[""int"",""long int"",""Scalar""]",null,1,1.344
"void at::native::unrolled_elementwise_kernel<at::native::direct_copy_kernel_cuda(at::TensorIteratorBase&)::{lambda()#3}::operator()() const::{lambda()#3}::operator()() const::{lambda(int)#1}, std::array<char*, 2ul>, 4, TrivialOffsetCalculator<1, unsigned int>, TrivialOffsetCalculator<1, unsigned int>, at::native::memory::LoadWithCast<1>, at::native::memory::StoreWithCast<1> >(int, at::native::direct_copy_kernel_cuda(at::TensorIteratorBase&)::{lambda()#3}::operator()() const::{lambda()#3}::operator()() const::{lambda(int)#1}, std::array<char*, 2ul>, TrivialOffsetCalculator<1, unsigned int>, TrivialOffsetCalculator<1, unsigned int>, at::native::memory::LoadWithCast<1>, at::native::memory::StoreWithCast<1>)",94,operator_shape_matched,aten::copy_,"[[16],[16],[]]","[""int"",""long int"",""Scalar""]",null,1,1.312
"void at::native::unrolled_elementwise_kernel<at::native::direct_copy_kernel_cuda(at::TensorIteratorBase&)::{lambda()#3}::operator()() const::{lambda()#3}::operator()() const::{lambda(int)#1}, std::array<char*, 2ul>, 4, TrivialOffsetCalculator<1, unsigned int>, TrivialOffsetCalculator<1, unsigned int>, at::native::memory::LoadWithCast<1>, at::native::memory::StoreWithCast<1> >(int, at::native::direct_copy_kernel_cuda(at::TensorIteratorBase&)::{lambda()#3}::operator()() const::{lambda()#3}::operator()() const::{lambda(int)#1}, std::array<char*, 2ul>, TrivialOffsetCalculator<1, unsigned int>, TrivialOffsetCalculator<1, unsigned int>, at::native::memory::LoadWithCast<1>, at::native::memory::StoreWithCast<1>)",95,operator_shape_matched,aten::copy_,"[[32],[32],[]]","[""int"",""long int"",""Scalar""]",null,1,1.312
"void at::native::unrolled_elementwise_kernel<at::native::direct_copy_kernel_cuda(at::TensorIteratorBase&)::{lambda()#3}::operator()() const::{lambda()#3}::operator()() const::{lambda(int)#1}, std::array<char*, 2ul>, 4, TrivialOffsetCalculator<1, unsigned int>, TrivialOffsetCalculator<1, unsigned int>, at::native::memory::LoadWithCast<1>, at::native::memory::StoreWithCast<1> >(int, at::native::direct_copy_kernel_cuda(at::TensorIteratorBase&)::{lambda()#3}::operator()() const::{lambda()#3}::operator()() const::{lambda(int)#1}, std::array<char*, 2ul>, TrivialOffsetCalculator<1, unsigned int>, TrivialOffsetCalculator<1, unsigned int>, at::native::memory::LoadWithCast<1>, at::native::memory::StoreWithCast<1>)",96,operator_shape_matched,aten::copy_,"[[4],[4],[]]","[""int"",""long int"",""Scalar""]",null,1,1.312
"void at::native::unrolled_elementwise_kernel<at::native::direct_copy_kernel_cuda(at::TensorIteratorBase&)::{lambda()#3}::operator()() const::{lambda()#3}::operator()() const::{lambda(int)#1}, std::array<char*, 2ul>, 4, TrivialOffsetCalculator<1, unsigned int>, TrivialOffsetCalculator<1, unsigned int>, at::native::memory::LoadWithCast<1>, at::native::memory::StoreWithCast<1> >(int, at::native::direct_copy_kernel_cuda(at::TensorIteratorBase&)::{lambda()#3}::operator()() const::{lambda()#3}::operator()() const::{lambda(int)#1}, std::array<char*, 2ul>, TrivialOffsetCalculator<1, unsigned int>, TrivialOffsetCalculator<1, unsigned int>, at::native::memory::LoadWithCast<1>, at::native::memory::StoreWithCast<1>)",97,operator_shape_matched,aten::copy_,"[[8],[8],[]]","[""int"",""long int"",""Scalar""]",null,1,1.312
fill_scalar_kernel,1,operator_shape_matched,aten::fill_,"[[64],[]]","[""int"",""Scalar""]",null,1057,966.861
fill_scalar_kernel,2,missing_external_id,null,null,null,null,200,321.537
fill_scalar_kernel,3,operator_shape_matched,aten::fill_,"[[2],[]]","[""long int"",""Scalar""]",null,16,14.239
fill_scalar_kernel,4,operator_shape_matched,aten::fill_,"[[2,1],[]]","[""int"",""Scalar""]",null,12,11.488
fill_scalar_kernel,5,operator_shape_matched,aten::fill_,"[[4],[]]","[""long int"",""Scalar""]",null,12,11.01
fill_scalar_kernel,6,operator_shape_matched,aten::fill_,"[[6],[]]","[""long int"",""Scalar""]",null,12,10.723
fill_scalar_kernel,7,operator_shape_matched,aten::fill_,"[[6,1],[]]","[""int"",""Scalar""]",null,9,8.544
fill_scalar_kernel,8,operator_shape_matched,aten::fill_,"[[4,1],[]]","[""int"",""Scalar""]",null,9,8.513
fill_scalar_kernel,9,operator_shape_matched,aten::fill_,"[[1],[]]","[""long int"",""Scalar""]",null,8,7.204
fill_scalar_kernel,10,operator_shape_matched,aten::fill_,"[[14],[]]","[""long int"",""Scalar""]",null,8,7.171
fill_scalar_kernel,11,operator_shape_matched,aten::fill_,"[[10],[]]","[""long int"",""Scalar""]",null,8,7.17
fill_scalar_kernel,12,operator_shape_matched,aten::fill_,"[[12],[]]","[""long int"",""Scalar""]",null,8,7.17
fill_scalar_kernel,13,operator_shape_matched,aten::fill_,"[[8],[]]","[""long int"",""Scalar""]",null,8,7.166
fill_scalar_kernel,14,operator_shape_matched,aten::fill_,"[[10,1],[]]","[""int"",""Scalar""]",null,6,5.728
fill_scalar_kernel,15,operator_shape_matched,aten::fill_,"[[14,1],[]]","[""int"",""Scalar""]",null,6,5.728
fill_scalar_kernel,16,operator_shape_matched,aten::fill_,"[[8,1],[]]","[""int"",""Scalar""]",null,6,5.697
fill_scalar_kernel,17,operator_shape_matched,aten::fill_,"[[12,1],[]]","[""int"",""Scalar""]",null,6,5.665
fill_scalar_kernel,18,operator_shape_matched,aten::fill_,"[[1,1],[]]","[""int"",""Scalar""]",null,6,5.601
fill_scalar_kernel,19,operator_shape_matched,aten::fill_,"[[2,32],[]]","[""int"",""Scalar""]",null,4,3.84
fill_scalar_kernel,20,operator_shape_matched,aten::fill_,"[[20],[]]","[""long int"",""Scalar""]",null,4,3.713
fill_scalar_kernel,21,operator_shape_matched,aten::fill_,"[[16],[]]","[""long int"",""Scalar""]",null,4,3.616
fill_scalar_kernel,22,operator_shape_matched,aten::fill_,"[[30],[]]","[""long int"",""Scalar""]",null,4,3.616
fill_scalar_kernel,23,operator_shape_matched,aten::fill_,"[[18],[]]","[""long int"",""Scalar""]",null,4,3.613
fill_scalar_kernel,24,operator_shape_matched,aten::fill_,"[[24],[]]","[""long int"",""Scalar""]",null,4,3.584
fill_scalar_kernel,25,operator_shape_matched,aten::fill_,"[[28],[]]","[""long int"",""Scalar""]",null,4,3.584
fill_scalar_kernel,26,operator_shape_matched,aten::fill_,"[[22],[]]","[""long int"",""Scalar""]",null,4,3.582
fill_scalar_kernel,27,operator_shape_matched,aten::fill_,"[[26],[]]","[""long int"",""Scalar""]",null,4,3.552
fill_scalar_kernel,28,operator_shape_matched,aten::fill_,"[[18,1],[]]","[""int"",""Scalar""]",null,3,2.88
fill_scalar_kernel,29,operator_shape_matched,aten::fill_,"[[1],[]]","[""int"",""Scalar""]",null,3,2.849
fill_scalar_kernel,30,operator_shape_matched,aten::fill_,"[[24,1],[]]","[""int"",""Scalar""]",null,3,2.849
fill_scalar_kernel,31,operator_shape_matched,aten::fill_,"[[30,1],[]]","[""int"",""Scalar""]",null,3,2.849
fill_scalar_kernel,32,operator_shape_matched,aten::fill_,"[[16,1],[]]","[""int"",""Scalar""]",null,3,2.848
fill_scalar_kernel,33,operator_shape_matched,aten::fill_,"[[22,1],[]]","[""int"",""Scalar""]",null,3,2.848
fill_scalar_kernel,34,operator_shape_matched,aten::fill_,"[[26,1],[]]","[""int"",""Scalar""]",null,3,2.848
fill_scalar_kernel,35,operator_shape_matched,aten::fill_,"[[28,1],[]]","[""int"",""Scalar""]",null,3,2.848
fill_scalar_kernel,36,operator_shape_matched,aten::fill_,"[[4,32],[]]","[""int"",""Scalar""]",null,3,2.848
fill_scalar_kernel,37,operator_shape_matched,aten::fill_,"[[20,1],[]]","[""int"",""Scalar""]",null,3,2.816
fill_scalar_kernel,38,operator_shape_matched,aten::fill_,"[[6,32],[]]","[""int"",""Scalar""]",null,3,2.784
fill_scalar_kernel,39,operator_shape_matched,aten::fill_,"[[10,32],[]]","[""int"",""Scalar""]",null,2,2.049
fill_scalar_kernel,40,operator_shape_matched,aten::fill_,"[[8,32],[]]","[""int"",""Scalar""]",null,2,1.984
fill_scalar_kernel,41,operator_shape_matched,aten::fill_,"[[63],[]]","[""int"",""Scalar""]",null,2,1.889
fill_scalar_kernel,42,operator_shape_matched,aten::fill_,"[[1,32],[]]","[""int"",""Scalar""]",null,2,1.856
fill_scalar_kernel,43,operator_shape_matched,aten::fill_,"[[12,32],[]]","[""int"",""Scalar""]",null,2,1.856
fill_scalar_kernel,44,operator_shape_matched,aten::fill_,"[[14,32],[]]","[""int"",""Scalar""]",null,2,1.856
fill_scalar_kernel,45,operator_shape_matched,aten::fill_,"[[30,32],[]]","[""int"",""Scalar""]",null,1,1.152
fill_scalar_kernel,46,operator_shape_matched,aten::fill_,"[[27],[]]","[""int"",""Scalar""]",null,1,1.056
fill_scalar_kernel,47,operator_shape_matched,aten::fill_,"[[49],[]]","[""int"",""Scalar""]",null,1,1.024
fill_scalar_kernel,48,operator_shape_matched,aten::fill_,"[[22],[]]","[""int"",""Scalar""]",null,1,1.023
fill_scalar_kernel,49,operator_shape_matched,aten::fill_,"[[17],[]]","[""int"",""Scalar""]",null,1,0.961
fill_scalar_kernel,50,operator_shape_matched,aten::fill_,"[[26,32],[]]","[""int"",""Scalar""]",null,1,0.961
fill_scalar_kernel,51,operator_shape_matched,aten::fill_,"[[10],[]]","[""int"",""Scalar""]",null,1,0.96
fill_scalar_kernel,52,operator_shape_matched,aten::fill_,"[[11],[]]","[""int"",""Scalar""]",null,1,0.96
fill_scalar_kernel,53,operator_shape_matched,aten::fill_,"[[14],[]]","[""int"",""Scalar""]",null,1,0.96
fill_scalar_kernel,54,operator_shape_matched,aten::fill_,"[[15],[]]","[""int"",""Scalar""]",null,1,0.96
fill_scalar_kernel,55,operator_shape_matched,aten::fill_,"[[18,32],[]]","[""int"",""Scalar""]",null,1,0.96
fill_scalar_kernel,56,operator_shape_matched,aten::fill_,"[[18],[]]","[""int"",""Scalar""]",null,1,0.96
fill_scalar_kernel,57,operator_shape_matched,aten::fill_,"[[19],[]]","[""int"",""Scalar""]",null,1,0.96
fill_scalar_kernel,58,operator_shape_matched,aten::fill_,"[[20,32],[]]","[""int"",""Scalar""]",null,1,0.96
fill_scalar_kernel,59,operator_shape_matched,aten::fill_,"[[22,32],[]]","[""int"",""Scalar""]",null,1,0.96
fill_scalar_kernel,60,operator_shape_matched,aten::fill_,"[[23],[]]","[""int"",""Scalar""]",null,1,0.96
fill_scalar_kernel,61,operator_shape_matched,aten::fill_,"[[24,32],[]]","[""int"",""Scalar""]",null,1,0.96
fill_scalar_kernel,62,operator_shape_matched,aten::fill_,"[[24],[]]","[""int"",""Scalar""]",null,1,0.96
fill_scalar_kernel,63,operator_shape_matched,aten::fill_,"[[25],[]]","[""int"",""Scalar""]",null,1,0.96
fill_scalar_kernel,64,operator_shape_matched,aten::fill_,"[[28,32],[]]","[""int"",""Scalar""]",null,1,0.96
fill_scalar_kernel,65,operator_shape_matched,aten::fill_,"[[28],[]]","[""int"",""Scalar""]",null,1,0.96
fill_scalar_kernel,66,operator_shape_matched,aten::fill_,"[[29],[]]","[""int"",""Scalar""]",null,1,0.96
fill_scalar_kernel,67,operator_shape_matched,aten::fill_,"[[30],[]]","[""int"",""Scalar""]",null,1,0.96
fill_scalar_kernel,68,operator_shape_matched,aten::fill_,"[[32],[]]","[""int"",""Scalar""]",null,1,0.96
fill_scalar_kernel,69,operator_shape_matched,aten::fill_,"[[33],[]]","[""int"",""Scalar""]",null,1,0.96
fill_scalar_kernel,70,operator_shape_matched,aten::fill_,"[[34],[]]","[""int"",""Scalar""]",null,1,0.96
fill_scalar_kernel,71,operator_shape_matched,aten::fill_,"[[36],[]]","[""int"",""Scalar""]",null,1,0.96
fill_scalar_kernel,72,operator_shape_matched,aten::fill_,"[[40],[]]","[""int"",""Scalar""]",null,1,0.96
fill_scalar_kernel,73,operator_shape_matched,aten::fill_,"[[41],[]]","[""int"",""Scalar""]",null,1,0.96
fill_scalar_kernel,74,operator_shape_matched,aten::fill_,"[[45],[]]","[""int"",""Scalar""]",null,1,0.96
fill_scalar_kernel,75,operator_shape_matched,aten::fill_,"[[46],[]]","[""int"",""Scalar""]",null,1,0.96
fill_scalar_kernel,76,operator_shape_matched,aten::fill_,"[[52],[]]","[""int"",""Scalar""]",null,1,0.96
fill_scalar_kernel,77,operator_shape_matched,aten::fill_,"[[56],[]]","[""int"",""Scalar""]",null,1,0.96
fill_scalar_kernel,78,operator_shape_matched,aten::fill_,"[[57],[]]","[""int"",""Scalar""]",null,1,0.96
fill_scalar_kernel,79,operator_shape_matched,aten::fill_,"[[59],[]]","[""int"",""Scalar""]",null,1,0.96
fill_scalar_kernel,80,operator_shape_matched,aten::fill_,"[[6],[]]","[""int"",""Scalar""]",null,1,0.96
fill_scalar_kernel,81,operator_shape_matched,aten::fill_,"[[7],[]]","[""int"",""Scalar""]",null,1,0.96
fill_scalar_kernel,82,operator_shape_matched,aten::fill_,"[[8],[]]","[""int"",""Scalar""]",null,1,0.96
fill_scalar_kernel,83,operator_shape_matched,aten::fill_,"[[12],[]]","[""int"",""Scalar""]",null,1,0.929
fill_scalar_kernel,84,operator_shape_matched,aten::fill_,"[[4],[]]","[""int"",""Scalar""]",null,1,0.929
fill_scalar_kernel,85,operator_shape_matched,aten::fill_,"[[61],[]]","[""int"",""Scalar""]",null,1,0.929
fill_scalar_kernel,86,operator_shape_matched,aten::fill_,"[[13],[]]","[""int"",""Scalar""]",null,1,0.928
fill_scalar_kernel,87,operator_shape_matched,aten::fill_,"[[16],[]]","[""int"",""Scalar""]",null,1,0.928
fill_scalar_kernel,88,operator_shape_matched,aten::fill_,"[[20],[]]","[""int"",""Scalar""]",null,1,0.928
fill_scalar_kernel,89,operator_shape_matched,aten::fill_,"[[21],[]]","[""int"",""Scalar""]",null,1,0.928
fill_scalar_kernel,90,operator_shape_matched,aten::fill_,"[[26],[]]","[""int"",""Scalar""]",null,1,0.928
fill_scalar_kernel,91,operator_shape_matched,aten::fill_,"[[2],[]]","[""int"",""Scalar""]",null,1,0.928
fill_scalar_kernel,92,operator_shape_matched,aten::fill_,"[[31],[]]","[""int"",""Scalar""]",null,1,0.928
fill_scalar_kernel,93,operator_shape_matched,aten::fill_,"[[35],[]]","[""int"",""Scalar""]",null,1,0.928
fill_scalar_kernel,94,operator_shape_matched,aten::fill_,"[[37],[]]","[""int"",""Scalar""]",null,1,0.928
fill_scalar_kernel,95,operator_shape_matched,aten::fill_,"[[38],[]]","[""int"",""Scalar""]",null,1,0.928
fill_scalar_kernel,96,operator_shape_matched,aten::fill_,"[[39],[]]","[""int"",""Scalar""]",null,1,0.928
fill_scalar_kernel,97,operator_shape_matched,aten::fill_,"[[3],[]]","[""int"",""Scalar""]",null,1,0.928
fill_scalar_kernel,98,operator_shape_matched,aten::fill_,"[[42],[]]","[""int"",""Scalar""]",null,1,0.928
fill_scalar_kernel,99,operator_shape_matched,aten::fill_,"[[43],[]]","[""int"",""Scalar""]",null,1,0.928
fill_scalar_kernel,100,operator_shape_matched,aten::fill_,"[[44],[]]","[""int"",""Scalar""]",null,1,0.928
fill_scalar_kernel,101,operator_shape_matched,aten::fill_,"[[47],[]]","[""int"",""Scalar""]",null,1,0.928
fill_scalar_kernel,102,operator_shape_matched,aten::fill_,"[[48],[]]","[""int"",""Scalar""]",null,1,0.928
fill_scalar_kernel,103,operator_shape_matched,aten::fill_,"[[50],[]]","[""int"",""Scalar""]",null,1,0.928
fill_scalar_kernel,104,operator_shape_matched,aten::fill_,"[[51],[]]","[""int"",""Scalar""]",null,1,0.928
fill_scalar_kernel,105,operator_shape_matched,aten::fill_,"[[53],[]]","[""int"",""Scalar""]",null,1,0.928
fill_scalar_kernel,106,operator_shape_matched,aten::fill_,"[[54],[]]","[""int"",""Scalar""]",null,1,0.928
fill_scalar_kernel,107,operator_shape_matched,aten::fill_,"[[55],[]]","[""int"",""Scalar""]",null,1,0.928
fill_scalar_kernel,108,operator_shape_matched,aten::fill_,"[[5],[]]","[""int"",""Scalar""]",null,1,0.928
fill_scalar_kernel,109,operator_shape_matched,aten::fill_,"[[60],[]]","[""int"",""Scalar""]",null,1,0.928
fill_scalar_kernel,110,operator_shape_matched,aten::fill_,"[[62],[]]","[""int"",""Scalar""]",null,1,0.928
fill_scalar_kernel,111,operator_shape_matched,aten::fill_,"[[9],[]]","[""int"",""Scalar""]",null,1,0.928
fill_scalar_kernel,112,operator_shape_matched,aten::fill_,"[[58],[]]","[""int"",""Scalar""]",null,1,0.927
fill_scalar_kernel,113,operator_shape_matched,aten::fill_,"[[16,32],[]]","[""int"",""Scalar""]",null,1,0.896
nvjet_tst_256x8_64x6_2x1_v_bz_TNT,1,operator_shape_matched,aten::mm,"[[1,2048],[2048,124160]]","[""c10::BFloat16"",""c10::BFloat16""]",null,2,345.511
nvjet_tst_256x8_64x6_2x1_v_bz_TNT,2,operator_shape_matched,aten::mm,"[[3,2048],[2048,124160]]","[""c10::BFloat16"",""c10::BFloat16""]",null,1,176.836
nvjet_tst_256x8_64x6_2x1_v_bz_TNT,3,operator_shape_matched,aten::mm,"[[7,2048],[2048,124160]]","[""c10::BFloat16"",""c10::BFloat16""]",null,1,176.068
nvjet_tst_256x8_64x6_2x1_v_bz_TNT,4,operator_shape_matched,aten::mm,"[[5,2048],[2048,124160]]","[""c10::BFloat16"",""c10::BFloat16""]",null,1,176.036
nvjet_tst_256x8_64x6_2x1_v_bz_TNT,5,operator_shape_matched,aten::mm,"[[8,2048],[2048,124160]]","[""c10::BFloat16"",""c10::BFloat16""]",null,1,169.571
nvjet_tst_256x8_64x6_2x1_v_bz_TNT,6,operator_shape_matched,aten::mm,"[[6,2048],[2048,124160]]","[""c10::BFloat16"",""c10::BFloat16""]",null,1,168.644
nvjet_tst_256x8_64x6_2x1_v_bz_TNT,7,operator_shape_matched,aten::mm,"[[4,2048],[2048,124160]]","[""c10::BFloat16"",""c10::BFloat16""]",null,1,167.619
nvjet_tst_256x8_64x6_2x1_v_bz_TNT,8,operator_shape_matched,aten::mm,"[[2,2048],[2048,124160]]","[""c10::BFloat16"",""c10::BFloat16""]",null,1,166.276
nvjet_tst_256x56_64x5_2x1_v_bz_TNT,1,operator_shape_matched,aten::mm,"[[51,2048],[2048,124160]]","[""c10::BFloat16"",""c10::BFloat16""]",null,1,184.195
nvjet_tst_256x56_64x5_2x1_v_bz_TNT,2,operator_shape_matched,aten::mm,"[[49,2048],[2048,124160]]","[""c10::BFloat16"",""c10::BFloat16""]",null,1,183.844
nvjet_tst_256x56_64x5_2x1_v_bz_TNT,3,operator_shape_matched,aten::mm,"[[55,2048],[2048,124160]]","[""c10::BFloat16"",""c10::BFloat16""]",null,1,183.012
nvjet_tst_256x56_64x5_2x1_v_bz_TNT,4,operator_shape_matched,aten::mm,"[[53,2048],[2048,124160]]","[""c10::BFloat16"",""c10::BFloat16""]",null,1,182.5
nvjet_tst_256x56_64x5_2x1_v_bz_TNT,5,operator_shape_matched,aten::mm,"[[50,2048],[2048,124160]]","[""c10::BFloat16"",""c10::BFloat16""]",null,1,179.78
nvjet_tst_256x56_64x5_2x1_v_bz_TNT,6,operator_shape_matched,aten::mm,"[[54,2048],[2048,124160]]","[""c10::BFloat16"",""c10::BFloat16""]",null,1,179.652
nvjet_tst_256x56_64x5_2x1_v_bz_TNT,7,operator_shape_matched,aten::mm,"[[56,2048],[2048,124160]]","[""c10::BFloat16"",""c10::BFloat16""]",null,1,179.076
nvjet_tst_256x56_64x5_2x1_v_bz_TNT,8,operator_shape_matched,aten::mm,"[[52,2048],[2048,124160]]","[""c10::BFloat16"",""c10::BFloat16""]",null,1,178.66
nvjet_tst_256x48_64x5_2x1_v_bz_TNT,1,operator_shape_matched,aten::mm,"[[43,2048],[2048,124160]]","[""c10::BFloat16"",""c10::BFloat16""]",null,1,184.836
nvjet_tst_256x48_64x5_2x1_v_bz_TNT,2,operator_shape_matched,aten::mm,"[[47,2048],[2048,124160]]","[""c10::BFloat16"",""c10::BFloat16""]",null,1,183.652
nvjet_tst_256x48_64x5_2x1_v_bz_TNT,3,operator_shape_matched,aten::mm,"[[41,2048],[2048,124160]]","[""c10::BFloat16"",""c10::BFloat16""]",null,1,181.54
nvjet_tst_256x48_64x5_2x1_v_bz_TNT,4,operator_shape_matched,aten::mm,"[[45,2048],[2048,124160]]","[""c10::BFloat16"",""c10::BFloat16""]",null,1,181.22
nvjet_tst_256x48_64x5_2x1_v_bz_TNT,5,operator_shape_matched,aten::mm,"[[44,2048],[2048,124160]]","[""c10::BFloat16"",""c10::BFloat16""]",null,1,180.292
nvjet_tst_256x48_64x5_2x1_v_bz_TNT,6,operator_shape_matched,aten::mm,"[[46,2048],[2048,124160]]","[""c10::BFloat16"",""c10::BFloat16""]",null,1,177.828
nvjet_tst_256x48_64x5_2x1_v_bz_TNT,7,operator_shape_matched,aten::mm,"[[48,2048],[2048,124160]]","[""c10::BFloat16"",""c10::BFloat16""]",null,1,177.06
nvjet_tst_256x48_64x5_2x1_v_bz_TNT,8,operator_shape_matched,aten::mm,"[[42,2048],[2048,124160]]","[""c10::BFloat16"",""c10::BFloat16""]",null,1,176.197
nvjet_tst_256x40_64x5_2x1_v_bz_TNT,1,operator_shape_matched,aten::mm,"[[39,2048],[2048,124160]]","[""c10::BFloat16"",""c10::BFloat16""]",null,1,181.572
nvjet_tst_256x40_64x5_2x1_v_bz_TNT,2,operator_shape_matched,aten::mm,"[[33,2048],[2048,124160]]","[""c10::BFloat16"",""c10::BFloat16""]",null,1,181.156
nvjet_tst_256x40_64x5_2x1_v_bz_TNT,3,operator_shape_matched,aten::mm,"[[35,2048],[2048,124160]]","[""c10::BFloat16"",""c10::BFloat16""]",null,1,180.932
nvjet_tst_256x40_64x5_2x1_v_bz_TNT,4,operator_shape_matched,aten::mm,"[[37,2048],[2048,124160]]","[""c10::BFloat16"",""c10::BFloat16""]",null,1,180.708
nvjet_tst_256x40_64x5_2x1_v_bz_TNT,5,operator_shape_matched,aten::mm,"[[40,2048],[2048,124160]]","[""c10::BFloat16"",""c10::BFloat16""]",null,1,177.508
nvjet_tst_256x40_64x5_2x1_v_bz_TNT,6,operator_shape_matched,aten::mm,"[[36,2048],[2048,124160]]","[""c10::BFloat16"",""c10::BFloat16""]",null,1,177.028
nvjet_tst_256x40_64x5_2x1_v_bz_TNT,7,operator_shape_matched,aten::mm,"[[38,2048],[2048,124160]]","[""c10::BFloat16"",""c10::BFloat16""]",null,1,176.771
nvjet_tst_256x40_64x5_2x1_v_bz_TNT,8,operator_shape_matched,aten::mm,"[[34,2048],[2048,124160]]","[""c10::BFloat16"",""c10::BFloat16""]",null,1,175.684
nvjet_tst_256x32_64x5_2x1_v_bz_TNT,1,operator_shape_matched,aten::mm,"[[29,2048],[2048,124160]]","[""c10::BFloat16"",""c10::BFloat16""]",null,1,181.38
nvjet_tst_256x32_64x5_2x1_v_bz_TNT,2,operator_shape_matched,aten::mm,"[[31,2048],[2048,124160]]","[""c10::BFloat16"",""c10::BFloat16""]",null,1,181.251
nvjet_tst_256x32_64x5_2x1_v_bz_TNT,3,operator_shape_matched,aten::mm,"[[27,2048],[2048,124160]]","[""c10::BFloat16"",""c10::BFloat16""]",null,1,179.331
nvjet_tst_256x32_64x5_2x1_v_bz_TNT,4,operator_shape_matched,aten::mm,"[[25,2048],[2048,124160]]","[""c10::BFloat16"",""c10::BFloat16""]",null,1,178.563
nvjet_tst_256x32_64x5_2x1_v_bz_TNT,5,operator_shape_matched,aten::mm,"[[32,2048],[2048,124160]]","[""c10::BFloat16"",""c10::BFloat16""]",null,1,174.595
nvjet_tst_256x32_64x5_2x1_v_bz_TNT,6,operator_shape_matched,aten::mm,"[[30,2048],[2048,124160]]","[""c10::BFloat16"",""c10::BFloat16""]",null,1,174.148
nvjet_tst_256x32_64x5_2x1_v_bz_TNT,7,operator_shape_matched,aten::mm,"[[28,2048],[2048,124160]]","[""c10::BFloat16"",""c10::BFloat16""]",null,1,174.116
nvjet_tst_256x32_64x5_2x1_v_bz_TNT,8,operator_shape_matched,aten::mm,"[[26,2048],[2048,124160]]","[""c10::BFloat16"",""c10::BFloat16""]",null,1,173.604
nvjet_tst_256x24_64x6_2x1_v_bz_TNT,1,operator_shape_matched,aten::mm,"[[21,2048],[2048,124160]]","[""c10::BFloat16"",""c10::BFloat16""]",null,1,180.1
nvjet_tst_256x24_64x6_2x1_v_bz_TNT,2,operator_shape_matched,aten::mm,"[[19,2048],[2048,124160]]","[""c10::BFloat16"",""c10::BFloat16""]",null,1,179.875
nvjet_tst_256x24_64x6_2x1_v_bz_TNT,3,operator_shape_matched,aten::mm,"[[23,2048],[2048,124160]]","[""c10::BFloat16"",""c10::BFloat16""]",null,1,179.3
nvjet_tst_256x24_64x6_2x1_v_bz_TNT,4,operator_shape_matched,aten::mm,"[[17,2048],[2048,124160]]","[""c10::BFloat16"",""c10::BFloat16""]",null,1,178.788
nvjet_tst_256x24_64x6_2x1_v_bz_TNT,5,operator_shape_matched,aten::mm,"[[24,2048],[2048,124160]]","[""c10::BFloat16"",""c10::BFloat16""]",null,1,174.468
nvjet_tst_256x24_64x6_2x1_v_bz_TNT,6,operator_shape_matched,aten::mm,"[[22,2048],[2048,124160]]","[""c10::BFloat16"",""c10::BFloat16""]",null,1,174.147
nvjet_tst_256x24_64x6_2x1_v_bz_TNT,7,operator_shape_matched,aten::mm,"[[20,2048],[2048,124160]]","[""c10::BFloat16"",""c10::BFloat16""]",null,1,174.052
nvjet_tst_256x24_64x6_2x1_v_bz_TNT,8,operator_shape_matched,aten::mm,"[[18,2048],[2048,124160]]","[""c10::BFloat16"",""c10::BFloat16""]",null,1,173.636
nvjet_tst_256x16_64x6_2x1_v_bz_TNT,1,operator_shape_matched,aten::mm,"[[13,2048],[2048,124160]]","[""c10::BFloat16"",""c10::BFloat16""]",null,1,178.788
nvjet_tst_256x16_64x6_2x1_v_bz_TNT,2,operator_shape_matched,aten::mm,"[[15,2048],[2048,124160]]","[""c10::BFloat16"",""c10::BFloat16""]",null,1,178.212
nvjet_tst_256x16_64x6_2x1_v_bz_TNT,3,operator_shape_matched,aten::mm,"[[11,2048],[2048,124160]]","[""c10::BFloat16"",""c10::BFloat16""]",null,1,177.571
nvjet_tst_256x16_64x6_2x1_v_bz_TNT,4,operator_shape_matched,aten::mm,"[[9,2048],[2048,124160]]","[""c10::BFloat16"",""c10::BFloat16""]",null,1,176.772
nvjet_tst_256x16_64x6_2x1_v_bz_TNT,5,operator_shape_matched,aten::mm,"[[16,2048],[2048,124160]]","[""c10::BFloat16"",""c10::BFloat16""]",null,1,171.94
nvjet_tst_256x16_64x6_2x1_v_bz_TNT,6,operator_shape_matched,aten::mm,"[[14,2048],[2048,124160]]","[""c10::BFloat16"",""c10::BFloat16""]",null,1,171.62
nvjet_tst_256x16_64x6_2x1_v_bz_TNT,7,operator_shape_matched,aten::mm,"[[12,2048],[2048,124160]]","[""c10::BFloat16"",""c10::BFloat16""]",null,1,170.852
nvjet_tst_256x16_64x6_2x1_v_bz_TNT,8,operator_shape_matched,aten::mm,"[[10,2048],[2048,124160]]","[""c10::BFloat16"",""c10::BFloat16""]",null,1,169.988
triton_poi_fused_2,1,missing_external_id,null,null,null,null,1024,1336.917
triton_poi_fused_2,2,operator_shape_matched,triton_poi_fused_2,"[[8192,32],[8192,16],[8192,16],[],[]]","[""c10::BFloat16"",""c10::BFloat16"",""c10::BFloat16"",""Scalar"",""Scalar""]",null,31,46.116
triton_poi_fused_2,3,operator_shape_matched,triton_poi_fused_2,"[[4096,32],[4096,16],[4096,16],[],[]]","[""c10::BFloat16"",""c10::BFloat16"",""c10::BFloat16"",""Scalar"",""Scalar""]",null,1,1.408
triton_poi_fused_2,4,operator_shape_matched,triton_poi_fused_2,"[[5089,32],[5089,16],[5089,16],[],[]]","[""c10::BFloat16"",""c10::BFloat16"",""c10::BFloat16"",""Scalar"",""Scalar""]",null,1,1.376
bitwise_not_func_kernel_rank_1,1,operator_shape_matched,aten::bitwise_not,[[3]],"[""bool""]",null,870,1085.206
bitwise_not_func_kernel_rank_1,2,operator_shape_matched,aten::bitwise_not,[[2]],"[""bool""]",null,90,112.995
bitwise_not_func_kernel_rank_1,3,operator_shape_matched,aten::bitwise_not,[[1]],"[""bool""]",null,30,37.409
sub_func_tensor_scalar_kernel_rank_1,1,operator_shape_matched,aten::sub,"[[64],[],[]]","[""int"",""long int"",""Scalar""]",null,991,1025.385
sub_func_tensor_scalar_kernel_rank_1,2,operator_shape_matched,aten::sub,"[[4],[],[]]","[""int"",""long int"",""Scalar""]",null,88,88.799
sub_func_tensor_scalar_kernel_rank_1,3,operator_shape_matched,aten::sub,"[[3],[],[]]","[""int"",""long int"",""Scalar""]",null,10,9.984
sub_func_tensor_scalar_kernel_rank_1,4,operator_shape_matched,aten::sub,"[[63],[],[]]","[""int"",""long int"",""Scalar""]",null,3,3.201
sub_func_tensor_scalar_kernel_rank_1,5,operator_shape_matched,aten::sub,"[[1],[],[]]","[""int"",""long int"",""Scalar""]",null,2,2.016
sub_func_tensor_scalar_kernel_rank_1,6,operator_shape_matched,aten::sub,"[[10],[],[]]","[""int"",""long int"",""Scalar""]",null,1,1.28
sub_func_tensor_scalar_kernel_rank_1,7,operator_shape_matched,aten::sub,"[[46],[],[]]","[""int"",""long int"",""Scalar""]",null,1,1.216
sub_func_tensor_scalar_kernel_rank_1,8,operator_shape_matched,aten::sub,"[[2],[],[]]","[""int"",""long int"",""Scalar""]",null,1,1.184
sub_func_tensor_scalar_kernel_rank_1,9,operator_shape_matched,aten::sub,"[[37],[],[]]","[""int"",""long int"",""Scalar""]",null,1,1.184
sub_func_tensor_scalar_kernel_rank_1,10,operator_shape_matched,aten::sub,"[[47],[],[]]","[""int"",""long int"",""Scalar""]",null,1,1.184
sub_func_tensor_scalar_kernel_rank_1,11,operator_shape_matched,aten::sub,"[[59],[],[]]","[""int"",""long int"",""Scalar""]",null,1,1.152
sub_func_tensor_scalar_kernel_rank_1,12,operator_shape_matched,aten::sub,"[[16],[],[]]","[""int"",""long int"",""Scalar""]",null,1,1.12
sub_func_tensor_scalar_kernel_rank_1,13,operator_shape_matched,aten::sub,"[[28],[],[]]","[""int"",""long int"",""Scalar""]",null,1,1.12
sub_func_tensor_scalar_kernel_rank_1,14,operator_shape_matched,aten::sub,"[[44],[],[]]","[""int"",""long int"",""Scalar""]",null,1,1.12
sub_func_tensor_scalar_kernel_rank_1,15,operator_shape_matched,aten::sub,"[[57],[],[]]","[""int"",""long int"",""Scalar""]",null,1,1.088
sub_func_tensor_scalar_kernel_rank_1,16,operator_shape_matched,aten::sub,"[[11],[],[]]","[""int"",""long int"",""Scalar""]",null,1,1.056
sub_func_tensor_scalar_kernel_rank_1,17,operator_shape_matched,aten::sub,"[[29],[],[]]","[""int"",""long int"",""Scalar""]",null,1,1.025
sub_func_tensor_scalar_kernel_rank_1,18,operator_shape_matched,aten::sub,"[[33],[],[]]","[""int"",""long int"",""Scalar""]",null,1,1.025
sub_func_tensor_scalar_kernel_rank_1,19,operator_shape_matched,aten::sub,"[[14],[],[]]","[""int"",""long int"",""Scalar""]",null,1,1.024
sub_func_tensor_scalar_kernel_rank_1,20,operator_shape_matched,aten::sub,"[[15],[],[]]","[""int"",""long int"",""Scalar""]",null,1,1.024
sub_func_tensor_scalar_kernel_rank_1,21,operator_shape_matched,aten::sub,"[[17],[],[]]","[""int"",""long int"",""Scalar""]",null,1,1.024
sub_func_tensor_scalar_kernel_rank_1,22,operator_shape_matched,aten::sub,"[[18],[],[]]","[""int"",""long int"",""Scalar""]",null,1,1.024
sub_func_tensor_scalar_kernel_rank_1,23,operator_shape_matched,aten::sub,"[[21],[],[]]","[""int"",""long int"",""Scalar""]",null,1,1.024
sub_func_tensor_scalar_kernel_rank_1,24,operator_shape_matched,aten::sub,"[[25],[],[]]","[""int"",""long int"",""Scalar""]",null,1,1.024
sub_func_tensor_scalar_kernel_rank_1,25,operator_shape_matched,aten::sub,"[[26],[],[]]","[""int"",""long int"",""Scalar""]",null,1,1.024
sub_func_tensor_scalar_kernel_rank_1,26,operator_shape_matched,aten::sub,"[[30],[],[]]","[""int"",""long int"",""Scalar""]",null,1,1.024
sub_func_tensor_scalar_kernel_rank_1,27,operator_shape_matched,aten::sub,"[[31],[],[]]","[""int"",""long int"",""Scalar""]",null,1,1.024
sub_func_tensor_scalar_kernel_rank_1,28,operator_shape_matched,aten::sub,"[[35],[],[]]","[""int"",""long int"",""Scalar""]",null,1,1.024
sub_func_tensor_scalar_kernel_rank_1,29,operator_shape_matched,aten::sub,"[[40],[],[]]","[""int"",""long int"",""Scalar""]",null,1,1.024
sub_func_tensor_scalar_kernel_rank_1,30,operator_shape_matched,aten::sub,"[[42],[],[]]","[""int"",""long int"",""Scalar""]",null,1,1.024
sub_func_tensor_scalar_kernel_rank_1,31,operator_shape_matched,aten::sub,"[[48],[],[]]","[""int"",""long int"",""Scalar""]",null,1,1.024
sub_func_tensor_scalar_kernel_rank_1,32,operator_shape_matched,aten::sub,"[[49],[],[]]","[""int"",""long int"",""Scalar""]",null,1,1.024
sub_func_tensor_scalar_kernel_rank_1,33,operator_shape_matched,aten::sub,"[[51],[],[]]","[""int"",""long int"",""Scalar""]",null,1,1.024
sub_func_tensor_scalar_kernel_rank_1,34,operator_shape_matched,aten::sub,"[[53],[],[]]","[""int"",""long int"",""Scalar""]",null,1,1.024
sub_func_tensor_scalar_kernel_rank_1,35,operator_shape_matched,aten::sub,"[[60],[],[]]","[""int"",""long int"",""Scalar""]",null,1,1.024
sub_func_tensor_scalar_kernel_rank_1,36,operator_shape_matched,aten::sub,"[[61],[],[]]","[""int"",""long int"",""Scalar""]",null,1,1.024
sub_func_tensor_scalar_kernel_rank_1,37,operator_shape_matched,aten::sub,"[[6],[],[]]","[""int"",""long int"",""Scalar""]",null,1,1.024
sub_func_tensor_scalar_kernel_rank_1,38,operator_shape_matched,aten::sub,"[[7],[],[]]","[""int"",""long int"",""Scalar""]",null,1,1.024
sub_func_tensor_scalar_kernel_rank_1,39,operator_shape_matched,aten::sub,"[[8],[],[]]","[""int"",""long int"",""Scalar""]",null,1,1.024
sub_func_tensor_scalar_kernel_rank_1,40,operator_shape_matched,aten::sub,"[[5],[],[]]","[""int"",""long int"",""Scalar""]",null,1,0.993
sub_func_tensor_scalar_kernel_rank_1,41,operator_shape_matched,aten::sub,"[[12],[],[]]","[""int"",""long int"",""Scalar""]",null,1,0.992
sub_func_tensor_scalar_kernel_rank_1,42,operator_shape_matched,aten::sub,"[[13],[],[]]","[""int"",""long int"",""Scalar""]",null,1,0.992
sub_func_tensor_scalar_kernel_rank_1,43,operator_shape_matched,aten::sub,"[[19],[],[]]","[""int"",""long int"",""Scalar""]",null,1,0.992
sub_func_tensor_scalar_kernel_rank_1,44,operator_shape_matched,aten::sub,"[[20],[],[]]","[""int"",""long int"",""Scalar""]",null,1,0.992
sub_func_tensor_scalar_kernel_rank_1,45,operator_shape_matched,aten::sub,"[[22],[],[]]","[""int"",""long int"",""Scalar""]",null,1,0.992
sub_func_tensor_scalar_kernel_rank_1,46,operator_shape_matched,aten::sub,"[[23],[],[]]","[""int"",""long int"",""Scalar""]",null,1,0.992
sub_func_tensor_scalar_kernel_rank_1,47,operator_shape_matched,aten::sub,"[[24],[],[]]","[""int"",""long int"",""Scalar""]",null,1,0.992
sub_func_tensor_scalar_kernel_rank_1,48,operator_shape_matched,aten::sub,"[[27],[],[]]","[""int"",""long int"",""Scalar""]",null,1,0.992
sub_func_tensor_scalar_kernel_rank_1,49,operator_shape_matched,aten::sub,"[[32],[],[]]","[""int"",""long int"",""Scalar""]",null,1,0.992
sub_func_tensor_scalar_kernel_rank_1,50,operator_shape_matched,aten::sub,"[[34],[],[]]","[""int"",""long int"",""Scalar""]",null,1,0.992
sub_func_tensor_scalar_kernel_rank_1,51,operator_shape_matched,aten::sub,"[[36],[],[]]","[""int"",""long int"",""Scalar""]",null,1,0.992
sub_func_tensor_scalar_kernel_rank_1,52,operator_shape_matched,aten::sub,"[[38],[],[]]","[""int"",""long int"",""Scalar""]",null,1,0.992
sub_func_tensor_scalar_kernel_rank_1,53,operator_shape_matched,aten::sub,"[[39],[],[]]","[""int"",""long int"",""Scalar""]",null,1,0.992
sub_func_tensor_scalar_kernel_rank_1,54,operator_shape_matched,aten::sub,"[[41],[],[]]","[""int"",""long int"",""Scalar""]",null,1,0.992
sub_func_tensor_scalar_kernel_rank_1,55,operator_shape_matched,aten::sub,"[[43],[],[]]","[""int"",""long int"",""Scalar""]",null,1,0.992
sub_func_tensor_scalar_kernel_rank_1,56,operator_shape_matched,aten::sub,"[[45],[],[]]","[""int"",""long int"",""Scalar""]",null,1,0.992
sub_func_tensor_scalar_kernel_rank_1,57,operator_shape_matched,aten::sub,"[[50],[],[]]","[""int"",""long int"",""Scalar""]",null,1,0.992
sub_func_tensor_scalar_kernel_rank_1,58,operator_shape_matched,aten::sub,"[[52],[],[]]","[""int"",""long int"",""Scalar""]",null,1,0.992
sub_func_tensor_scalar_kernel_rank_1,59,operator_shape_matched,aten::sub,"[[54],[],[]]","[""int"",""long int"",""Scalar""]",null,1,0.992
sub_func_tensor_scalar_kernel_rank_1,60,operator_shape_matched,aten::sub,"[[55],[],[]]","[""int"",""long int"",""Scalar""]",null,1,0.992
sub_func_tensor_scalar_kernel_rank_1,61,operator_shape_matched,aten::sub,"[[56],[],[]]","[""int"",""long int"",""Scalar""]",null,1,0.992
sub_func_tensor_scalar_kernel_rank_1,62,operator_shape_matched,aten::sub,"[[58],[],[]]","[""int"",""long int"",""Scalar""]",null,1,0.992
sub_func_tensor_scalar_kernel_rank_1,63,operator_shape_matched,aten::sub,"[[9],[],[]]","[""int"",""long int"",""Scalar""]",null,1,0.992
sub_func_tensor_scalar_kernel_rank_1,64,operator_shape_matched,aten::sub,"[[62],[],[]]","[""int"",""long int"",""Scalar""]",null,1,0.991
triton_poi_fused___and_____or___add_bitwise_not_ge_lt_mul_sub_0,1,operator_shape_matched,triton_poi_fused___and_____or___add_bitwise_not_ge_lt_mul_sub_0,"[[64],[64],[64],[],[],[],[],[],[]]","[""int"",""long int"",""bool"",""Scalar"",""Scalar"",""Scalar"",""Scalar"",""Scalar"",""Scalar""]",null,990,1086.841
triton_poi_fused___and_____or___add_bitwise_not_ge_lt_mul_sub_0,2,operator_shape_matched,triton_poi_fused___and_____or___add_bitwise_not_ge_lt_mul_sub_0,"[[8192],[8192],[8192],[],[],[],[],[],[]]","[""int"",""long int"",""bool"",""Scalar"",""Scalar"",""Scalar"",""Scalar"",""Scalar"",""Scalar""]",null,31,44.579
triton_poi_fused___and_____or___add_bitwise_not_ge_lt_mul_sub_0,3,operator_shape_matched,triton_poi_fused___and_____or___add_bitwise_not_ge_lt_mul_sub_0,"[[63],[63],[63],[],[],[],[],[],[]]","[""int"",""long int"",""bool"",""Scalar"",""Scalar"",""Scalar"",""Scalar"",""Scalar"",""Scalar""]",null,2,2.432
triton_poi_fused___and_____or___add_bitwise_not_ge_lt_mul_sub_0,4,operator_shape_matched,triton_poi_fused___and_____or___add_bitwise_not_ge_lt_mul_sub_0,"[[20],[20],[20],[],[],[],[],[],[]]","[""int"",""long int"",""bool"",""Scalar"",""Scalar"",""Scalar"",""Scalar"",""Scalar"",""Scalar""]",null,1,1.44
triton_poi_fused___and_____or___add_bitwise_not_ge_lt_mul_sub_0,5,operator_shape_matched,triton_poi_fused___and_____or___add_bitwise_not_ge_lt_mul_sub_0,"[[42],[42],[42],[],[],[],[],[],[]]","[""int"",""long int"",""bool"",""Scalar"",""Scalar"",""Scalar"",""Scalar"",""Scalar"",""Scalar""]",null,1,1.408
triton_poi_fused___and_____or___add_bitwise_not_ge_lt_mul_sub_0,6,operator_shape_matched,triton_poi_fused___and_____or___add_bitwise_not_ge_lt_mul_sub_0,"[[14],[14],[14],[],[],[],[],[],[]]","[""int"",""long int"",""bool"",""Scalar"",""Scalar"",""Scalar"",""Scalar"",""Scalar"",""Scalar""]",null,1,1.376
triton_poi_fused___and_____or___add_bitwise_not_ge_lt_mul_sub_0,7,operator_shape_matched,triton_poi_fused___and_____or___add_bitwise_not_ge_lt_mul_sub_0,"[[26],[26],[26],[],[],[],[],[],[]]","[""int"",""long int"",""bool"",""Scalar"",""Scalar"",""Scalar"",""Scalar"",""Scalar"",""Scalar""]",null,1,1.344
triton_poi_fused___and_____or___add_bitwise_not_ge_lt_mul_sub_0,8,operator_shape_matched,triton_poi_fused___and_____or___add_bitwise_not_ge_lt_mul_sub_0,"[[34],[34],[34],[],[],[],[],[],[]]","[""int"",""long int"",""bool"",""Scalar"",""Scalar"",""Scalar"",""Scalar"",""Scalar"",""Scalar""]",null,1,1.344
triton_poi_fused___and_____or___add_bitwise_not_ge_lt_mul_sub_0,9,operator_shape_matched,triton_poi_fused___and_____or___add_bitwise_not_ge_lt_mul_sub_0,"[[48],[48],[48],[],[],[],[],[],[]]","[""int"",""long int"",""bool"",""Scalar"",""Scalar"",""Scalar"",""Scalar"",""Scalar"",""Scalar""]",null,1,1.28
triton_poi_fused___and_____or___add_bitwise_not_ge_lt_mul_sub_0,10,operator_shape_matched,triton_poi_fused___and_____or___add_bitwise_not_ge_lt_mul_sub_0,"[[6],[6],[6],[],[],[],[],[],[]]","[""int"",""long int"",""bool"",""Scalar"",""Scalar"",""Scalar"",""Scalar"",""Scalar"",""Scalar""]",null,1,1.28
triton_poi_fused___and_____or___add_bitwise_not_ge_lt_mul_sub_0,11,operator_shape_matched,triton_poi_fused___and_____or___add_bitwise_not_ge_lt_mul_sub_0,"[[58],[58],[58],[],[],[],[],[],[]]","[""int"",""long int"",""bool"",""Scalar"",""Scalar"",""Scalar"",""Scalar"",""Scalar"",""Scalar""]",null,1,1.249
triton_poi_fused___and_____or___add_bitwise_not_ge_lt_mul_sub_0,12,operator_shape_matched,triton_poi_fused___and_____or___add_bitwise_not_ge_lt_mul_sub_0,"[[10],[10],[10],[],[],[],[],[],[]]","[""int"",""long int"",""bool"",""Scalar"",""Scalar"",""Scalar"",""Scalar"",""Scalar"",""Scalar""]",null,1,1.248
triton_poi_fused___and_____or___add_bitwise_not_ge_lt_mul_sub_0,13,operator_shape_matched,triton_poi_fused___and_____or___add_bitwise_not_ge_lt_mul_sub_0,"[[18],[18],[18],[],[],[],[],[],[]]","[""int"",""long int"",""bool"",""Scalar"",""Scalar"",""Scalar"",""Scalar"",""Scalar"",""Scalar""]",null,1,1.248
triton_poi_fused___and_____or___add_bitwise_not_ge_lt_mul_sub_0,14,operator_shape_matched,triton_poi_fused___and_____or___add_bitwise_not_ge_lt_mul_sub_0,"[[22],[22],[22],[],[],[],[],[],[]]","[""int"",""long int"",""bool"",""Scalar"",""Scalar"",""Scalar"",""Scalar"",""Scalar"",""Scalar""]",null,1,1.248
triton_poi_fused___and_____or___add_bitwise_not_ge_lt_mul_sub_0,15,operator_shape_matched,triton_poi_fused___and_____or___add_bitwise_not_ge_lt_mul_sub_0,"[[28],[28],[28],[],[],[],[],[],[]]","[""int"",""long int"",""bool"",""Scalar"",""Scalar"",""Scalar"",""Scalar"",""Scalar"",""Scalar""]",null,1,1.248
triton_poi_fused___and_____or___add_bitwise_not_ge_lt_mul_sub_0,16,operator_shape_matched,triton_poi_fused___and_____or___add_bitwise_not_ge_lt_mul_sub_0,"[[2],[2],[2],[],[],[],[],[],[]]","[""int"",""long int"",""bool"",""Scalar"",""Scalar"",""Scalar"",""Scalar"",""Scalar"",""Scalar""]",null,1,1.248
triton_poi_fused___and_____or___add_bitwise_not_ge_lt_mul_sub_0,17,operator_shape_matched,triton_poi_fused___and_____or___add_bitwise_not_ge_lt_mul_sub_0,"[[38],[38],[38],[],[],[],[],[],[]]","[""int"",""long int"",""bool"",""Scalar"",""Scalar"",""Scalar"",""Scalar"",""Scalar"",""Scalar""]",null,1,1.248
triton_poi_fused___and_____or___add_bitwise_not_ge_lt_mul_sub_0,18,operator_shape_matched,triton_poi_fused___and_____or___add_bitwise_not_ge_lt_mul_sub_0,"[[4096],[4096],[4096],[],[],[],[],[],[]]","[""int"",""long int"",""bool"",""Scalar"",""Scalar"",""Scalar"",""Scalar"",""Scalar"",""Scalar""]",null,1,1.248
triton_poi_fused___and_____or___add_bitwise_not_ge_lt_mul_sub_0,19,operator_shape_matched,triton_poi_fused___and_____or___add_bitwise_not_ge_lt_mul_sub_0,"[[44],[44],[44],[],[],[],[],[],[]]","[""int"",""long int"",""bool"",""Scalar"",""Scalar"",""Scalar"",""Scalar"",""Scalar"",""Scalar""]",null,1,1.248
triton_poi_fused___and_____or___add_bitwise_not_ge_lt_mul_sub_0,20,operator_shape_matched,triton_poi_fused___and_____or___add_bitwise_not_ge_lt_mul_sub_0,"[[46],[46],[46],[],[],[],[],[],[]]","[""int"",""long int"",""bool"",""Scalar"",""Scalar"",""Scalar"",""Scalar"",""Scalar"",""Scalar""]",null,1,1.248
triton_poi_fused___and_____or___add_bitwise_not_ge_lt_mul_sub_0,21,operator_shape_matched,triton_poi_fused___and_____or___add_bitwise_not_ge_lt_mul_sub_0,"[[4],[4],[4],[],[],[],[],[],[]]","[""int"",""long int"",""bool"",""Scalar"",""Scalar"",""Scalar"",""Scalar"",""Scalar"",""Scalar""]",null,1,1.248
triton_poi_fused___and_____or___add_bitwise_not_ge_lt_mul_sub_0,22,operator_shape_matched,triton_poi_fused___and_____or___add_bitwise_not_ge_lt_mul_sub_0,"[[5089],[5089],[5089],[],[],[],[],[],[]]","[""int"",""long int"",""bool"",""Scalar"",""Scalar"",""Scalar"",""Scalar"",""Scalar"",""Scalar""]",null,1,1.248
triton_poi_fused___and_____or___add_bitwise_not_ge_lt_mul_sub_0,23,operator_shape_matched,triton_poi_fused___and_____or___add_bitwise_not_ge_lt_mul_sub_0,"[[50],[50],[50],[],[],[],[],[],[]]","[""int"",""long int"",""bool"",""Scalar"",""Scalar"",""Scalar"",""Scalar"",""Scalar"",""Scalar""]",null,1,1.248
triton_poi_fused___and_____or___add_bitwise_not_ge_lt_mul_sub_0,24,operator_shape_matched,triton_poi_fused___and_____or___add_bitwise_not_ge_lt_mul_sub_0,"[[52],[52],[52],[],[],[],[],[],[]]","[""int"",""long int"",""bool"",""Scalar"",""Scalar"",""Scalar"",""Scalar"",""Scalar"",""Scalar""]",null,1,1.248
triton_poi_fused___and_____or___add_bitwise_not_ge_lt_mul_sub_0,25,operator_shape_matched,triton_poi_fused___and_____or___add_bitwise_not_ge_lt_mul_sub_0,"[[54],[54],[54],[],[],[],[],[],[]]","[""int"",""long int"",""bool"",""Scalar"",""Scalar"",""Scalar"",""Scalar"",""Scalar"",""Scalar""]",null,1,1.248
triton_poi_fused___and_____or___add_bitwise_not_ge_lt_mul_sub_0,26,operator_shape_matched,triton_poi_fused___and_____or___add_bitwise_not_ge_lt_mul_sub_0,"[[60],[60],[60],[],[],[],[],[],[]]","[""int"",""long int"",""bool"",""Scalar"",""Scalar"",""Scalar"",""Scalar"",""Scalar"",""Scalar""]",null,1,1.248
triton_poi_fused___and_____or___add_bitwise_not_ge_lt_mul_sub_0,27,operator_shape_matched,triton_poi_fused___and_____or___add_bitwise_not_ge_lt_mul_sub_0,"[[62],[62],[62],[],[],[],[],[],[]]","[""int"",""long int"",""bool"",""Scalar"",""Scalar"",""Scalar"",""Scalar"",""Scalar"",""Scalar""]",null,1,1.248
triton_poi_fused___and_____or___add_bitwise_not_ge_lt_mul_sub_0,28,operator_shape_matched,triton_poi_fused___and_____or___add_bitwise_not_ge_lt_mul_sub_0,"[[12],[12],[12],[],[],[],[],[],[]]","[""int"",""long int"",""bool"",""Scalar"",""Scalar"",""Scalar"",""Scalar"",""Scalar"",""Scalar""]",null,1,1.216
triton_poi_fused___and_____or___add_bitwise_not_ge_lt_mul_sub_0,29,operator_shape_matched,triton_poi_fused___and_____or___add_bitwise_not_ge_lt_mul_sub_0,"[[30],[30],[30],[],[],[],[],[],[]]","[""int"",""long int"",""bool"",""Scalar"",""Scalar"",""Scalar"",""Scalar"",""Scalar"",""Scalar""]",null,1,1.216
triton_poi_fused___and_____or___add_bitwise_not_ge_lt_mul_sub_0,30,operator_shape_matched,triton_poi_fused___and_____or___add_bitwise_not_ge_lt_mul_sub_0,"[[36],[36],[36],[],[],[],[],[],[]]","[""int"",""long int"",""bool"",""Scalar"",""Scalar"",""Scalar"",""Scalar"",""Scalar"",""Scalar""]",null,1,1.216
triton_poi_fused___and_____or___add_bitwise_not_ge_lt_mul_sub_0,31,operator_shape_matched,triton_poi_fused___and_____or___add_bitwise_not_ge_lt_mul_sub_0,"[[24],[24],[24],[],[],[],[],[],[]]","[""int"",""long int"",""bool"",""Scalar"",""Scalar"",""Scalar"",""Scalar"",""Scalar"",""Scalar""]",null,1,1.12
triton_poi_fused___and_____or___add_bitwise_not_ge_lt_mul_sub_0,32,operator_shape_matched,triton_poi_fused___and_____or___add_bitwise_not_ge_lt_mul_sub_0,"[[8],[8],[8],[],[],[],[],[],[]]","[""int"",""long int"",""bool"",""Scalar"",""Scalar"",""Scalar"",""Scalar"",""Scalar"",""Scalar""]",null,1,1.12
triton_poi_fused___and_____or___add_bitwise_not_ge_lt_mul_sub_0,33,operator_shape_matched,triton_poi_fused___and_____or___add_bitwise_not_ge_lt_mul_sub_0,"[[16],[16],[16],[],[],[],[],[],[]]","[""int"",""long int"",""bool"",""Scalar"",""Scalar"",""Scalar"",""Scalar"",""Scalar"",""Scalar""]",null,1,1.088
triton_poi_fused___and_____or___add_bitwise_not_ge_lt_mul_sub_0,34,operator_shape_matched,triton_poi_fused___and_____or___add_bitwise_not_ge_lt_mul_sub_0,"[[32],[32],[32],[],[],[],[],[],[]]","[""int"",""long int"",""bool"",""Scalar"",""Scalar"",""Scalar"",""Scalar"",""Scalar"",""Scalar""]",null,1,1.088
triton_poi_fused___and_____or___add_bitwise_not_ge_lt_mul_sub_0,35,operator_shape_matched,triton_poi_fused___and_____or___add_bitwise_not_ge_lt_mul_sub_0,"[[40],[40],[40],[],[],[],[],[],[]]","[""int"",""long int"",""bool"",""Scalar"",""Scalar"",""Scalar"",""Scalar"",""Scalar"",""Scalar""]",null,1,1.088
triton_poi_fused___and_____or___add_bitwise_not_ge_lt_mul_sub_0,36,operator_shape_matched,triton_poi_fused___and_____or___add_bitwise_not_ge_lt_mul_sub_0,"[[56],[56],[56],[],[],[],[],[],[]]","[""int"",""long int"",""bool"",""Scalar"",""Scalar"",""Scalar"",""Scalar"",""Scalar"",""Scalar""]",null,1,1.088
nvjet_tst_64x16_64x16_4x2_h_bz_TNT,1,missing_external_id,null,null,null,null,320,1150.108
nvjet_tst_128x160_64x5_2x1_v_bz_TNT,1,operator_shape_matched,aten::mm,"[[5089,2048],[2048,512]]","[""c10::BFloat16"",""c10::BFloat16""]",null,40,782.066
"void gemv2T_kernel_val<int, int, __nv_bfloat16, __nv_bfloat16, __nv_bfloat16, float, 128, 16, 4, 4, false, false, cublasGemvParamsEx<int, cublasGemvTensorStridedBatched<__nv_bfloat16 const>, cublasGemvTensorStridedBatched<__nv_bfloat16 const>, cublasGemvTensorStridedBatched<__nv_bfloat16>, float> >(cublasGemvParamsEx<int, cublasGemvTensorStridedBatched<__nv_bfloat16 const>, cublasGemvTensorStridedBatched<__nv_bfloat16 const>, cublasGemvTensorStridedBatched<__nv_bfloat16>, float>, float, float)",1,operator_shape_matched,aten::mm,"[[5089,2048],[2048,1]]","[""c10::BFloat16"",""c10::BFloat16""]",null,40,661.26
nvjet_tst_128x80_64x8_1x2_h_bz_TNT,1,operator_shape_matched,aten::mm,"[[5089,2048],[2048,256]]","[""c10::BFloat16"",""c10::BFloat16""]",null,40,585.45
nvjet_tst_256x160_64x4_1x2_h_bz_coopA_TNT,1,operator_shape_matched,aten::mm,"[[5089,256],[256,2048]]","[""c10::BFloat16"",""c10::BFloat16""]",null,40,556.392
nvjet_tst_128x64_64x8_1x2_h_bz_TNT,1,operator_shape_matched,aten::mm,"[[4096,2048],[2048,256]]","[""c10::BFloat16"",""c10::BFloat16""]",null,40,517.518
"void reduce_1Block_kernel<float, 128, 7, cublasGemvTensorStridedBatched<float>, cublasGemvTensorStridedBatched<__nv_bfloat16 const>, cublasGemvTensorStridedBatched<__nv_bfloat16> >(float const*, float, cublasGemvTensorStridedBatched<float>, int, float const*, float, cublasGemvTensorStridedBatched<__nv_bfloat16 const>, cublasGemvTensorStridedBatched<__nv_bfloat16>, cublasPointerMode_t, cublasLtEpilogue_t, cublasGemvTensorStridedBatched<biasType<cublasGemvTensorStridedBatched<__nv_bfloat16>::value_type, float>::type const>)",1,missing_external_id,null,null,null,null,120,468.269
_silu_and_mul_kernel_kernel_rank_2,1,missing_external_id,null,null,null,null,200,369.194
"void dot_kernel<float, 128, 0, cublasDotParams<cublasGemvTensorStridedBatched<__nv_bfloat16 const>, cublasGemvTensorStridedBatched<float> > >(cublasDotParams<cublasGemvTensorStridedBatched<__nv_bfloat16 const>, cublasGemvTensorStridedBatched<float> >)",1,missing_external_id,null,null,null,null,120,336.234
full_func_scalar_kernel_rank_1,1,operator_shape_matched,aten::full,"[[],[],[],[],[],[]]","[""ScalarList"",""Scalar"",""Scalar"","""","""",""Scalar""]",null,198,192.328
gt_func_scalar_kernel_rank_1,1,operator_shape_matched,aten::gt,"[[13],[]]","[""int"",""Scalar""]",null,3,3.169
gt_func_scalar_kernel_rank_1,2,operator_shape_matched,aten::gt,"[[41],[]]","[""int"",""Scalar""]",null,3,3.169
gt_func_scalar_kernel_rank_1,3,operator_shape_matched,aten::gt,"[[23],[]]","[""int"",""Scalar""]",null,3,3.168
gt_func_scalar_kernel_rank_1,4,operator_shape_matched,aten::gt,"[[47],[]]","[""int"",""Scalar""]",null,3,3.167
gt_func_scalar_kernel_rank_1,5,operator_shape_matched,aten::gt,"[[15],[]]","[""int"",""Scalar""]",null,3,3.137
gt_func_scalar_kernel_rank_1,6,operator_shape_matched,aten::gt,"[[53],[]]","[""int"",""Scalar""]",null,3,3.137
gt_func_scalar_kernel_rank_1,7,operator_shape_matched,aten::gt,"[[17],[]]","[""int"",""Scalar""]",null,3,3.136
gt_func_scalar_kernel_rank_1,8,operator_shape_matched,aten::gt,"[[21],[]]","[""int"",""Scalar""]",null,3,3.136
gt_func_scalar_kernel_rank_1,9,operator_shape_matched,aten::gt,"[[33],[]]","[""int"",""Scalar""]",null,3,3.136
gt_func_scalar_kernel_rank_1,10,operator_shape_matched,aten::gt,"[[45],[]]","[""int"",""Scalar""]",null,3,3.136
gt_func_scalar_kernel_rank_1,11,operator_shape_matched,aten::gt,"[[51],[]]","[""int"",""Scalar""]",null,3,3.136
gt_func_scalar_kernel_rank_1,12,operator_shape_matched,aten::gt,"[[19],[]]","[""int"",""Scalar""]",null,3,3.135
gt_func_scalar_kernel_rank_1,13,operator_shape_matched,aten::gt,"[[31],[]]","[""int"",""Scalar""]",null,3,3.135
gt_func_scalar_kernel_rank_1,14,operator_shape_matched,aten::gt,"[[7],[]]","[""int"",""Scalar""]",null,3,3.135
gt_func_scalar_kernel_rank_1,15,operator_shape_matched,aten::gt,"[[25],[]]","[""int"",""Scalar""]",null,3,3.106
gt_func_scalar_kernel_rank_1,16,operator_shape_matched,aten::gt,"[[29],[]]","[""int"",""Scalar""]",null,3,3.105
gt_func_scalar_kernel_rank_1,17,operator_shape_matched,aten::gt,"[[3],[]]","[""int"",""Scalar""]",null,3,3.104
gt_func_scalar_kernel_rank_1,18,operator_shape_matched,aten::gt,"[[63],[]]","[""int"",""Scalar""]",null,3,3.104
gt_func_scalar_kernel_rank_1,19,operator_shape_matched,aten::gt,"[[61],[]]","[""int"",""Scalar""]",null,3,3.103
gt_func_scalar_kernel_rank_1,20,operator_shape_matched,aten::gt,"[[11],[]]","[""int"",""Scalar""]",null,3,3.073
gt_func_scalar_kernel_rank_1,21,operator_shape_matched,aten::gt,"[[57],[]]","[""int"",""Scalar""]",null,3,3.073
gt_func_scalar_kernel_rank_1,22,operator_shape_matched,aten::gt,"[[59],[]]","[""int"",""Scalar""]",null,3,3.073
gt_func_scalar_kernel_rank_1,23,operator_shape_matched,aten::gt,"[[27],[]]","[""int"",""Scalar""]",null,3,3.072
gt_func_scalar_kernel_rank_1,24,operator_shape_matched,aten::gt,"[[55],[]]","[""int"",""Scalar""]",null,3,3.072
gt_func_scalar_kernel_rank_1,25,operator_shape_matched,aten::gt,"[[37],[]]","[""int"",""Scalar""]",null,3,3.07
gt_func_scalar_kernel_rank_1,26,operator_shape_matched,aten::gt,"[[43],[]]","[""int"",""Scalar""]",null,3,3.04
gt_func_scalar_kernel_rank_1,27,operator_shape_matched,aten::gt,"[[49],[]]","[""int"",""Scalar""]",null,3,3.04
gt_func_scalar_kernel_rank_1,28,operator_shape_matched,aten::gt,"[[5],[]]","[""int"",""Scalar""]",null,3,3.04
gt_func_scalar_kernel_rank_1,29,operator_shape_matched,aten::gt,"[[9],[]]","[""int"",""Scalar""]",null,3,3.039
gt_func_scalar_kernel_rank_1,30,operator_shape_matched,aten::gt,"[[1],[]]","[""int"",""Scalar""]",null,3,3.009
gt_func_scalar_kernel_rank_1,31,operator_shape_matched,aten::gt,"[[39],[]]","[""int"",""Scalar""]",null,3,3.009
gt_func_scalar_kernel_rank_1,32,operator_shape_matched,aten::gt,"[[35],[]]","[""int"",""Scalar""]",null,3,3.008
gt_func_scalar_kernel_rank_1,33,operator_shape_matched,aten::gt,"[[64],[]]","[""int"",""Scalar""]",null,3,3.008
_scatter_jit_function,1,operator_shape_matched,aten::scatter_,"[[8192],[],[42],[42]]","[""int"",""Scalar"",""long int"",""int""]",null,1,1.632
_scatter_jit_function,2,operator_shape_matched,aten::scatter_,"[[8192],[],[34],[34]]","[""int"",""Scalar"",""long int"",""int""]",null,1,1.6
_scatter_jit_function,3,operator_shape_matched,aten::scatter_,"[[8192],[],[36],[36]]","[""int"",""Scalar"",""long int"",""int""]",null,1,1.6
_scatter_jit_function,4,operator_shape_matched,aten::scatter_,"[[8192],[],[46],[46]]","[""int"",""Scalar"",""long int"",""int""]",null,1,1.472
_scatter_jit_function,5,operator_shape_matched,aten::scatter_,"[[8192],[],[52],[52]]","[""int"",""Scalar"",""long int"",""int""]",null,1,1.472
_scatter_jit_function,6,operator_shape_matched,aten::scatter_,"[[8192],[],[38],[38]]","[""int"",""Scalar"",""long int"",""int""]",null,1,1.44
_scatter_jit_function,7,operator_shape_matched,aten::scatter_,"[[8192],[],[44],[44]]","[""int"",""Scalar"",""long int"",""int""]",null,1,1.44
_scatter_jit_function,8,operator_shape_matched,aten::scatter_,"[[8192],[],[50],[50]]","[""int"",""Scalar"",""long int"",""int""]",null,1,1.44
_scatter_jit_function,9,operator_shape_matched,aten::scatter_,"[[8192],[],[54],[54]]","[""int"",""Scalar"",""long int"",""int""]",null,1,1.44
_scatter_jit_function,10,operator_shape_matched,aten::scatter_,"[[8192],[],[58],[58]]","[""int"",""Scalar"",""long int"",""int""]",null,1,1.44
_scatter_jit_function,11,operator_shape_matched,aten::scatter_,"[[8192],[],[60],[60]]","[""int"",""Scalar"",""long int"",""int""]",null,1,1.44
_scatter_jit_function,12,operator_shape_matched,aten::scatter_,"[[8192],[],[62],[62]]","[""int"",""Scalar"",""long int"",""int""]",null,1,1.44
_scatter_jit_function,13,operator_shape_matched,aten::scatter_,"[[8192],[],[63],[63]]","[""int"",""Scalar"",""long int"",""int""]",null,1,1.44
_scatter_jit_function,14,operator_shape_matched,aten::scatter_,"[[8192],[],[48],[48]]","[""int"",""Scalar"",""long int"",""int""]",null,1,1.28
_scatter_jit_function,15,operator_shape_matched,aten::scatter_,"[[8192],[],[32],[32]]","[""int"",""Scalar"",""long int"",""int""]",null,1,1.248
_scatter_jit_function,16,operator_shape_matched,aten::scatter_,"[[8192],[],[40],[40]]","[""int"",""Scalar"",""long int"",""int""]",null,1,1.248
_scatter_jit_function,17,operator_shape_matched,aten::scatter_,"[[8192],[],[56],[56]]","[""int"",""Scalar"",""long int"",""int""]",null,1,1.248
"void at::native::index_elementwise_kernel<128, 4, at::native::gpu_index_kernel<at::native::index_kernel_impl<at::native::OpaqueType<2> >(at::TensorIteratorBase&, c10::ArrayRef<long>, c10::ArrayRef<long>)::{lambda(char*, char const*, long)#1}>(at::TensorIteratorBase&, c10::ArrayRef<long>, c10::ArrayRef<long>, at::native::index_kernel_impl<at::native::OpaqueType<2> >(at::TensorIteratorBase&, c10::ArrayRef<long>, c10::ArrayRef<long>)::{lambda(char*, char const*, long)#1} const&, bool)::{lambda(int)#1}>(long, at::native::gpu_index_kernel<at::native::index_kernel_impl<at::native::OpaqueType<2> >(at::TensorIteratorBase&, c10::ArrayRef<long>, c10::ArrayRef<long>)::{lambda(char*, char const*, long)#1}>(at::TensorIteratorBase&, c10::ArrayRef<long>, c10::ArrayRef<long>, at::native::index_kernel_impl<at::native::OpaqueType<2> >(at::TensorIteratorBase&, c10::ArrayRef<long>, c10::ArrayRef<long>)::{lambda(char*, char const*, long)#1} const&, bool)::{lambda(int)#1})",1,operator_shape_matched,aten::index,"[[1,2048],[]]","[""c10::BFloat16"",""""]",null,1,3.904
"void at::native::index_elementwise_kernel<128, 4, at::native::gpu_index_kernel<at::native::index_kernel_impl<at::native::OpaqueType<2> >(at::TensorIteratorBase&, c10::ArrayRef<long>, c10::ArrayRef<long>)::{lambda(char*, char const*, long)#1}>(at::TensorIteratorBase&, c10::ArrayRef<long>, c10::ArrayRef<long>, at::native::index_kernel_impl<at::native::OpaqueType<2> >(at::TensorIteratorBase&, c10::ArrayRef<long>, c10::ArrayRef<long>)::{lambda(char*, char const*, long)#1} const&, bool)::{lambda(int)#1}>(long, at::native::gpu_index_kernel<at::native::index_kernel_impl<at::native::OpaqueType<2> >(at::TensorIteratorBase&, c10::ArrayRef<long>, c10::ArrayRef<long>)::{lambda(char*, char const*, long)#1}>(at::TensorIteratorBase&, c10::ArrayRef<long>, c10::ArrayRef<long>, at::native::index_kernel_impl<at::native::OpaqueType<2> >(at::TensorIteratorBase&, c10::ArrayRef<long>, c10::ArrayRef<long>)::{lambda(char*, char const*, long)#1} const&, bool)::{lambda(int)#1})",2,operator_shape_matched,aten::index,"[[4096,2048],[]]","[""c10::BFloat16"",""""]",null,1,3.616
triton_poi_fused___and_____or___add_ge_lt_mul_sub_0,1,operator_shape_matched,triton_poi_fused___and_____or___add_ge_lt_mul_sub_0,"[[1],[1],[],[],[],[],[],[]]","[""int"",""long int"",""Scalar"",""Scalar"",""Scalar"",""Scalar"",""Scalar"",""Scalar""]",null,1,1.215
triton_poi_fused___and_____or___bitwise_not_ge_lt_1,1,operator_shape_matched,triton_poi_fused___and_____or___bitwise_not_ge_lt_1,"[[1],[1],[],[],[],[],[]]","[""int"",""bool"",""Scalar"",""Scalar"",""Scalar"",""Scalar"",""Scalar""]",null,1,1.056
