operator_name,input_shapes,input_dtypes,presence,left_mapping_statuses,right_mapping_statuses,left_kernel_type_count,right_kernel_type_count,left_event_count,right_event_count,left_time_us,right_time_us,left_percent,right_percent,percent_point_delta
_C::cooperative_topk,"[[1,8192],[1,1],[1,512],[1048576],[],[]]","[""float"",""int"",""int"",""unsigned char"",""Scalar"",""Scalar""]",both,"[""operator_shape_matched""]","[""operator_shape_matched""]",1,1,21,21,114.594,106.531,0.000905,0.000864,-4.1e-05
_C::cooperative_topk,"[[10,8192],[10,1],[10,512],[1048576],[],[]]","[""float"",""int"",""int"",""unsigned char"",""Scalar"",""Scalar""]",both,"[""operator_shape_matched""]","[""operator_shape_matched""]",1,1,21,21,106.595,106.207,0.000842,0.000861,1.9e-05
_C::cooperative_topk,"[[12,8192],[12,1],[12,512],[1048576],[],[]]","[""float"",""int"",""int"",""unsigned char"",""Scalar"",""Scalar""]",both,"[""operator_shape_matched""]","[""operator_shape_matched""]",1,1,21,21,108.257,104.42,0.000855,0.000847,-8e-06
_C::cooperative_topk,"[[14,8192],[14,1],[14,512],[1048576],[],[]]","[""float"",""int"",""int"",""unsigned char"",""Scalar"",""Scalar""]",both,"[""operator_shape_matched""]","[""operator_shape_matched""]",1,1,21,21,106.435,105.824,0.000841,0.000858,1.8e-05
_C::cooperative_topk,"[[16,8192],[16,1],[16,512],[1048576],[],[]]","[""float"",""int"",""int"",""unsigned char"",""Scalar"",""Scalar""]",both,"[""operator_shape_matched""]","[""operator_shape_matched""]",1,1,21,21,106.564,104.388,0.000842,0.000847,5e-06
_C::cooperative_topk,"[[18,8192],[18,1],[18,512],[1048576],[],[]]","[""float"",""int"",""int"",""unsigned char"",""Scalar"",""Scalar""]",both,"[""operator_shape_matched""]","[""operator_shape_matched""]",1,1,21,21,106.977,105.921,0.000845,0.000859,1.4e-05
_C::cooperative_topk,"[[20,8192],[20,1],[20,512],[1048576],[],[]]","[""float"",""int"",""int"",""unsigned char"",""Scalar"",""Scalar""]",both,"[""operator_shape_matched""]","[""operator_shape_matched""]",1,1,21,21,106.881,105.026,0.000844,0.000852,8e-06
_C::cooperative_topk,"[[22,8192],[22,1],[22,512],[1048576],[],[]]","[""float"",""int"",""int"",""unsigned char"",""Scalar"",""Scalar""]",both,"[""operator_shape_matched""]","[""operator_shape_matched""]",1,1,21,21,107.397,105.601,0.000848,0.000857,8e-06
_C::cooperative_topk,"[[24,8192],[24,1],[24,512],[1048576],[],[]]","[""float"",""int"",""int"",""unsigned char"",""Scalar"",""Scalar""]",both,"[""operator_shape_matched""]","[""operator_shape_matched""]",1,1,21,21,105.824,105.737,0.000836,0.000858,2.2e-05
_C::cooperative_topk,"[[26,8192],[26,1],[26,512],[1048576],[],[]]","[""float"",""int"",""int"",""unsigned char"",""Scalar"",""Scalar""]",both,"[""operator_shape_matched""]","[""operator_shape_matched""]",1,1,21,21,106.439,106.112,0.000841,0.000861,2e-05
_C::cooperative_topk,"[[28,8192],[28,1],[28,512],[1048576],[],[]]","[""float"",""int"",""int"",""unsigned char"",""Scalar"",""Scalar""]",both,"[""operator_shape_matched""]","[""operator_shape_matched""]",1,1,21,21,107.621,105.665,0.00085,0.000857,7e-06
_C::cooperative_topk,"[[3,8192],[3,1],[3,512],[1048576],[],[]]","[""float"",""int"",""int"",""unsigned char"",""Scalar"",""Scalar""]",both,"[""operator_shape_matched""]","[""operator_shape_matched""]",1,1,21,21,112.291,110.945,0.000887,0.0009,1.3e-05
_C::cooperative_topk,"[[30,8192],[30,1],[30,512],[1048576],[],[]]","[""float"",""int"",""int"",""unsigned char"",""Scalar"",""Scalar""]",both,"[""operator_shape_matched""]","[""operator_shape_matched""]",1,1,21,21,106.435,106.143,0.000841,0.000861,2e-05
_C::cooperative_topk,"[[32,8192],[32,1],[32,512],[1048576],[],[]]","[""float"",""int"",""int"",""unsigned char"",""Scalar"",""Scalar""]",both,"[""operator_shape_matched""]","[""operator_shape_matched""]",1,1,21,21,107.555,106.94,0.00085,0.000867,1.8e-05
_C::cooperative_topk,"[[4,8192],[4,1],[4,512],[1048576],[],[]]","[""float"",""int"",""int"",""unsigned char"",""Scalar"",""Scalar""]",both,"[""operator_shape_matched""]","[""operator_shape_matched""]",1,1,21,21,113.664,110.91,0.000898,0.0009,2e-06
_C::cooperative_topk,"[[6,8192],[6,1],[6,512],[1048576],[],[]]","[""float"",""int"",""int"",""unsigned char"",""Scalar"",""Scalar""]",both,"[""operator_shape_matched""]","[""operator_shape_matched""]",1,1,21,21,110.211,111.33,0.000871,0.000903,3.2e-05
_C::cooperative_topk,"[[8,8192],[8,1],[8,512],[1048576],[],[]]","[""float"",""int"",""int"",""unsigned char"",""Scalar"",""Scalar""]",both,"[""operator_shape_matched""]","[""operator_shape_matched""]",1,1,21,21,111.364,110.753,0.00088,0.000898,1.9e-05
_C::fused_deepseek_v4_qnorm_rope_kv_rope_quant_insert,"[[4096,8,512],[4096,512],[50314,37376],[4096],[4096],[1048576,64],[],[],[]]","[""c10::BFloat16"",""c10::BFloat16"",""unsigned char"",""long int"",""long int"",""float"",""Scalar"",""Scalar"",""Scalar""]",left_only,"[""operator_shape_matched""]",[],1,0,43,0,5220.461,0.0,0.041236,0.0,-0.041236
_C::fused_deepseek_v4_qnorm_rope_kv_rope_quant_insert,"[[4096,8,512],[4096,512],[50438,37376],[4096],[4096],[1048576,64],[],[],[]]","[""c10::BFloat16"",""c10::BFloat16"",""unsigned char"",""long int"",""long int"",""float"",""Scalar"",""Scalar"",""Scalar""]",right_only,[],"[""operator_shape_matched""]",0,1,0,43,0.0,5032.94,0.0,0.040822,0.040822
_C::fused_deepseek_v4_qnorm_rope_kv_rope_quant_insert,"[[5089,8,512],[5089,512],[50314,37376],[5089],[5089],[1048576,64],[],[],[]]","[""c10::BFloat16"",""c10::BFloat16"",""unsigned char"",""long int"",""long int"",""float"",""Scalar"",""Scalar"",""Scalar""]",left_only,"[""operator_shape_matched""]",[],1,0,43,0,6205.094,0.0,0.049013,0.0,-0.049013
_C::fused_deepseek_v4_qnorm_rope_kv_rope_quant_insert,"[[5089,8,512],[5089,512],[50438,37376],[5089],[5089],[1048576,64],[],[],[]]","[""c10::BFloat16"",""c10::BFloat16"",""unsigned char"",""long int"",""long int"",""float"",""Scalar"",""Scalar"",""Scalar""]",right_only,[],"[""operator_shape_matched""]",0,1,0,43,0.0,6433.131,0.0,0.052179,0.052179
_C::fused_deepseek_v4_qnorm_rope_kv_rope_quant_insert,"[[8192,8,512],[8192,512],[50314,37376],[8192],[8192],[1048576,64],[],[],[]]","[""c10::BFloat16"",""c10::BFloat16"",""unsigned char"",""long int"",""long int"",""float"",""Scalar"",""Scalar"",""Scalar""]",left_only,"[""operator_shape_matched""]",[],1,0,1333,0,314395.962,0.0,2.483373,0.0,-2.483373
_C::fused_deepseek_v4_qnorm_rope_kv_rope_quant_insert,"[[8192,8,512],[8192,512],[50438,37376],[8192],[8192],[1048576,64],[],[],[]]","[""c10::BFloat16"",""c10::BFloat16"",""unsigned char"",""long int"",""long int"",""float"",""Scalar"",""Scalar"",""Scalar""]",right_only,[],"[""operator_shape_matched""]",0,1,0,1333,0.0,315482.966,0.0,2.558859,2.558859
_C::per_token_group_fp8_quant,"[[4096,1024],[4096,1024],[4096,8],[],[],[],[],[],[],[]]","[""c10::BFloat16"",""c10::Float8_e4m3fn"",""float"",""Scalar"",""Scalar"",""Scalar"",""Scalar"",""Scalar"",""Scalar"",""Scalar""]",both,"[""operator_shape_matched""]","[""operator_shape_matched""]",1,1,107,107,1331.74,1182.592,0.010519,0.009592,-0.000927
_C::per_token_group_fp8_quant,"[[4096,256],[4096,256],[4096,2],[],[],[],[],[],[],[]]","[""c10::BFloat16"",""c10::Float8_e4m3fn"",""float"",""Scalar"",""Scalar"",""Scalar"",""Scalar"",""Scalar"",""Scalar"",""Scalar""]",both,"[""operator_shape_matched""]","[""operator_shape_matched""]",1,1,43,43,167.459,163.01,0.001323,0.001322,-1e-06
_C::per_token_group_fp8_quant,"[[4096,4096],[4096,4096],[4096,32],[],[],[],[],[],[],[]]","[""c10::BFloat16"",""c10::Float8_e4m3fn"",""float"",""Scalar"",""Scalar"",""Scalar"",""Scalar"",""Scalar"",""Scalar"",""Scalar""]",both,"[""operator_shape_matched""]","[""operator_shape_matched""]",1,1,86,86,3321.287,3313.123,0.026234,0.026872,0.000638
_C::per_token_group_fp8_quant,"[[5089,1024],[5089,1024],[5089,8],[],[],[],[],[],[],[]]","[""c10::BFloat16"",""c10::Float8_e4m3fn"",""float"",""Scalar"",""Scalar"",""Scalar"",""Scalar"",""Scalar"",""Scalar"",""Scalar""]",both,"[""operator_shape_matched""]","[""operator_shape_matched""]",1,1,107,107,1545.064,1616.68,0.012204,0.013113,0.000909
_C::per_token_group_fp8_quant,"[[5089,256],[5089,256],[5089,2],[],[],[],[],[],[],[]]","[""c10::BFloat16"",""c10::Float8_e4m3fn"",""float"",""Scalar"",""Scalar"",""Scalar"",""Scalar"",""Scalar"",""Scalar"",""Scalar""]",both,"[""operator_shape_matched""]","[""operator_shape_matched""]",1,1,43,43,242.214,242.087,0.001913,0.001964,5e-05
_C::per_token_group_fp8_quant,"[[5089,4096],[5089,4096],[5089,32],[],[],[],[],[],[],[]]","[""c10::BFloat16"",""c10::Float8_e4m3fn"",""float"",""Scalar"",""Scalar"",""Scalar"",""Scalar"",""Scalar"",""Scalar"",""Scalar""]",both,"[""operator_shape_matched""]","[""operator_shape_matched""]",1,1,86,86,4100.99,4095.508,0.032393,0.033218,0.000825
_C::per_token_group_fp8_quant,"[[8192,1024],[8192,1024],[8192,8],[],[],[],[],[],[],[]]","[""c10::BFloat16"",""c10::Float8_e4m3fn"",""float"",""Scalar"",""Scalar"",""Scalar"",""Scalar"",""Scalar"",""Scalar"",""Scalar""]",both,"[""operator_shape_matched""]","[""operator_shape_matched""]",1,1,3317,3317,78702.441,79430.079,0.62166,0.644252,0.022591
_C::per_token_group_fp8_quant,"[[8192,256],[8192,256],[8192,2],[],[],[],[],[],[],[]]","[""c10::BFloat16"",""c10::Float8_e4m3fn"",""float"",""Scalar"",""Scalar"",""Scalar"",""Scalar"",""Scalar"",""Scalar"",""Scalar""]",both,"[""operator_shape_matched""]","[""operator_shape_matched""]",1,1,1333,1333,8364.03,8317.284,0.066066,0.067461,0.001394
_C::per_token_group_fp8_quant,"[[8192,4096],[8192,4096],[8192,32],[],[],[],[],[],[],[]]","[""c10::BFloat16"",""c10::Float8_e4m3fn"",""float"",""Scalar"",""Scalar"",""Scalar"",""Scalar"",""Scalar"",""Scalar"",""Scalar""]",both,"[""operator_shape_matched""]","[""operator_shape_matched""]",1,1,2666,2666,201599.8,201502.552,1.592411,1.634372,0.041962
_C::persistent_topk,"[[34,8192],[34,1],[34,512],[1048576],[],[]]","[""float"",""int"",""int"",""unsigned char"",""Scalar"",""Scalar""]",both,"[""operator_shape_matched""]","[""operator_shape_matched""]",1,1,21,21,111.745,112.033,0.000883,0.000909,2.6e-05
_C::persistent_topk,"[[36,8192],[36,1],[36,512],[1048576],[],[]]","[""float"",""int"",""int"",""unsigned char"",""Scalar"",""Scalar""]",both,"[""operator_shape_matched""]","[""operator_shape_matched""]",1,1,21,21,112.898,110.755,0.000892,0.000898,7e-06
_C::persistent_topk,"[[38,8192],[38,1],[38,512],[1048576],[],[]]","[""float"",""int"",""int"",""unsigned char"",""Scalar"",""Scalar""]",both,"[""operator_shape_matched""]","[""operator_shape_matched""]",1,1,21,21,111.904,109.573,0.000884,0.000889,5e-06
_C::persistent_topk,"[[40,8192],[40,1],[40,512],[1048576],[],[]]","[""float"",""int"",""int"",""unsigned char"",""Scalar"",""Scalar""]",both,"[""operator_shape_matched""]","[""operator_shape_matched""]",1,1,21,21,111.267,111.329,0.000879,0.000903,2.4e-05
_C::persistent_topk,"[[42,8192],[42,1],[42,512],[1048576],[],[]]","[""float"",""int"",""int"",""unsigned char"",""Scalar"",""Scalar""]",both,"[""operator_shape_matched""]","[""operator_shape_matched""]",1,1,21,21,112.388,112.581,0.000888,0.000913,2.5e-05
_C::persistent_topk,"[[44,8192],[44,1],[44,512],[1048576],[],[]]","[""float"",""int"",""int"",""unsigned char"",""Scalar"",""Scalar""]",both,"[""operator_shape_matched""]","[""operator_shape_matched""]",1,1,21,21,111.68,111.047,0.000882,0.000901,1.9e-05
_C::persistent_topk,"[[46,8192],[46,1],[46,512],[1048576],[],[]]","[""float"",""int"",""int"",""unsigned char"",""Scalar"",""Scalar""]",both,"[""operator_shape_matched""]","[""operator_shape_matched""]",1,1,21,21,112.771,109.988,0.000891,0.000892,1e-06
_C::persistent_topk,"[[48,8192],[48,1],[48,512],[1048576],[],[]]","[""float"",""int"",""int"",""unsigned char"",""Scalar"",""Scalar""]",both,"[""operator_shape_matched""]","[""operator_shape_matched""]",1,1,21,21,110.786,109.251,0.000875,0.000886,1.1e-05
_C::persistent_topk,"[[50,8192],[50,1],[50,512],[1048576],[],[]]","[""float"",""int"",""int"",""unsigned char"",""Scalar"",""Scalar""]",both,"[""operator_shape_matched""]","[""operator_shape_matched""]",1,1,21,21,111.904,112.257,0.000884,0.000911,2.7e-05
_C::persistent_topk,"[[52,8192],[52,1],[52,512],[1048576],[],[]]","[""float"",""int"",""int"",""unsigned char"",""Scalar"",""Scalar""]",both,"[""operator_shape_matched""]","[""operator_shape_matched""]",1,1,21,21,113.023,111.587,0.000893,0.000905,1.2e-05
_C::persistent_topk,"[[54,8192],[54,1],[54,512],[1048576],[],[]]","[""float"",""int"",""int"",""unsigned char"",""Scalar"",""Scalar""]",both,"[""operator_shape_matched""]","[""operator_shape_matched""]",1,1,21,21,113.088,111.042,0.000893,0.000901,7e-06
_C::persistent_topk,"[[56,8192],[56,1],[56,512],[1048576],[],[]]","[""float"",""int"",""int"",""unsigned char"",""Scalar"",""Scalar""]",both,"[""operator_shape_matched""]","[""operator_shape_matched""]",1,1,21,21,111.235,111.461,0.000879,0.000904,2.5e-05
_C::persistent_topk,"[[58,8192],[58,1],[58,512],[1048576],[],[]]","[""float"",""int"",""int"",""unsigned char"",""Scalar"",""Scalar""]",both,"[""operator_shape_matched""]","[""operator_shape_matched""]",1,1,21,21,111.427,113.953,0.00088,0.000924,4.4e-05
_C::persistent_topk,"[[60,8192],[60,1],[60,512],[1048576],[],[]]","[""float"",""int"",""int"",""unsigned char"",""Scalar"",""Scalar""]",both,"[""operator_shape_matched""]","[""operator_shape_matched""]",1,1,21,21,111.359,111.844,0.00088,0.000907,2.8e-05
_C::persistent_topk,"[[62,8192],[62,1],[62,512],[1048576],[],[]]","[""float"",""int"",""int"",""unsigned char"",""Scalar"",""Scalar""]",both,"[""operator_shape_matched""]","[""operator_shape_matched""]",1,1,21,21,111.105,112.512,0.000878,0.000913,3.5e-05
_C::silu_and_mul_with_clamp,"[[24576,256],[24576,512],[],[],[]]","[""c10::BFloat16"",""c10::BFloat16"",""Scalar"",""Scalar"",""Scalar""]",both,"[""operator_shape_matched""]","[""operator_shape_matched""]",1,1,43,43,718.162,720.114,0.005673,0.005841,0.000168
_C::silu_and_mul_with_clamp,"[[30534,256],[30534,512],[],[],[]]","[""c10::BFloat16"",""c10::BFloat16"",""Scalar"",""Scalar"",""Scalar""]",both,"[""operator_shape_matched""]","[""operator_shape_matched""]",1,1,43,43,872.531,875.985,0.006892,0.007105,0.000213
_C::silu_and_mul_with_clamp,"[[49152,256],[49152,512],[],[],[]]","[""c10::BFloat16"",""c10::BFloat16"",""Scalar"",""Scalar"",""Scalar""]",both,"[""operator_shape_matched""]","[""operator_shape_matched""]",1,1,1333,1333,42024.304,42151.603,0.331945,0.341889,0.009944
_C::top_k_per_row_prefill,"[[4096,1024],[4096],[4096],[4096,512],[],[],[],[]]","[""float"",""int"",""int"",""int"",""Scalar"",""Scalar"",""Scalar"",""Scalar""]",both,"[""operator_shape_matched""]","[""operator_shape_matched""]",1,1,21,21,743.727,713.329,0.005875,0.005786,-8.9e-05
_C::top_k_per_row_prefill,"[[5027,2048],[5027],[5027],[5027,512],[],[],[],[]]","[""float"",""int"",""int"",""int"",""Scalar"",""Scalar"",""Scalar"",""Scalar""]",both,"[""operator_shape_matched""]","[""operator_shape_matched""]",1,1,21,21,1011.761,1013.722,0.007992,0.008222,0.00023
_C::top_k_per_row_prefill,"[[8132,2839],[8132],[8132],[8132,512],[],[],[],[]]","[""float"",""int"",""int"",""int"",""Scalar"",""Scalar"",""Scalar"",""Scalar""]",both,"[""operator_shape_matched""]","[""operator_shape_matched""]",1,1,21,21,1389.149,1392.026,0.010973,0.011291,0.000318
_C::top_k_per_row_prefill,"[[8134,2854],[8134],[8134],[8134,512],[],[],[],[]]","[""float"",""int"",""int"",""int"",""Scalar"",""Scalar"",""Scalar"",""Scalar""]",both,"[""operator_shape_matched""]","[""operator_shape_matched""]",1,1,21,21,1379.423,1387.07,0.010896,0.01125,0.000355
_C::top_k_per_row_prefill,"[[8136,2868],[8136],[8136],[8136,512],[],[],[],[]]","[""float"",""int"",""int"",""int"",""Scalar"",""Scalar"",""Scalar"",""Scalar""]",both,"[""operator_shape_matched""]","[""operator_shape_matched""]",1,1,21,21,1410.752,1413.758,0.011143,0.011467,0.000324
_C::top_k_per_row_prefill,"[[8138,2882],[8138],[8138],[8138,512],[],[],[],[]]","[""float"",""int"",""int"",""int"",""Scalar"",""Scalar"",""Scalar"",""Scalar""]",both,"[""operator_shape_matched""]","[""operator_shape_matched""]",1,1,21,21,1409.116,1410.013,0.01113,0.011437,0.000306
_C::top_k_per_row_prefill,"[[8140,2896],[8140],[8140],[8140,512],[],[],[],[]]","[""float"",""int"",""int"",""int"",""Scalar"",""Scalar"",""Scalar"",""Scalar""]",both,"[""operator_shape_matched""]","[""operator_shape_matched""]",1,1,21,21,1401.919,1404.704,0.011074,0.011393,0.00032
_C::top_k_per_row_prefill,"[[8142,2909],[8142],[8142],[8142,512],[],[],[],[]]","[""float"",""int"",""int"",""int"",""Scalar"",""Scalar"",""Scalar"",""Scalar""]",both,"[""operator_shape_matched""]","[""operator_shape_matched""]",1,1,21,21,1397.629,1398.556,0.01104,0.011344,0.000304
_C::top_k_per_row_prefill,"[[8144,2921],[8144],[8144],[8144,512],[],[],[],[]]","[""float"",""int"",""int"",""int"",""Scalar"",""Scalar"",""Scalar"",""Scalar""]",both,"[""operator_shape_matched""]","[""operator_shape_matched""]",1,1,21,21,1397.819,1396.412,0.011041,0.011326,0.000285
_C::top_k_per_row_prefill,"[[8146,2933],[8146],[8146],[8146,512],[],[],[],[]]","[""float"",""int"",""int"",""int"",""Scalar"",""Scalar"",""Scalar"",""Scalar""]",both,"[""operator_shape_matched""]","[""operator_shape_matched""]",1,1,21,21,1395.713,1394.078,0.011025,0.011307,0.000283
_C::top_k_per_row_prefill,"[[8148,2945],[8148],[8148],[8148,512],[],[],[],[]]","[""float"",""int"",""int"",""int"",""Scalar"",""Scalar"",""Scalar"",""Scalar""]",both,"[""operator_shape_matched""]","[""operator_shape_matched""]",1,1,21,21,1386.267,1391.549,0.01095,0.011287,0.000337
_C::top_k_per_row_prefill,"[[8150,2956],[8150],[8150],[8150,512],[],[],[],[]]","[""float"",""int"",""int"",""int"",""Scalar"",""Scalar"",""Scalar"",""Scalar""]",both,"[""operator_shape_matched""]","[""operator_shape_matched""]",1,1,21,21,1386.079,1389.436,0.010948,0.01127,0.000321
_C::top_k_per_row_prefill,"[[8152,2966],[8152],[8152],[8152,512],[],[],[],[]]","[""float"",""int"",""int"",""int"",""Scalar"",""Scalar"",""Scalar"",""Scalar""]",both,"[""operator_shape_matched""]","[""operator_shape_matched""]",1,1,21,21,1410.075,1414.848,0.011138,0.011476,0.000338
_C::top_k_per_row_prefill,"[[8154,2976],[8154],[8154],[8154,512],[],[],[],[]]","[""float"",""int"",""int"",""int"",""Scalar"",""Scalar"",""Scalar"",""Scalar""]",both,"[""operator_shape_matched""]","[""operator_shape_matched""]",1,1,21,21,1405.341,1405.341,0.011101,0.011399,0.000298
_C::top_k_per_row_prefill,"[[8156,2986],[8156],[8156],[8156,512],[],[],[],[]]","[""float"",""int"",""int"",""int"",""Scalar"",""Scalar"",""Scalar"",""Scalar""]",both,"[""operator_shape_matched""]","[""operator_shape_matched""]",1,1,21,21,1407.007,1404.861,0.011114,0.011395,0.000281
_C::top_k_per_row_prefill,"[[8158,2995],[8158],[8158],[8158,512],[],[],[],[]]","[""float"",""int"",""int"",""int"",""Scalar"",""Scalar"",""Scalar"",""Scalar""]",both,"[""operator_shape_matched""]","[""operator_shape_matched""]",1,1,21,21,1408.287,1410.17,0.011124,0.011438,0.000314
_C::top_k_per_row_prefill,"[[8160,3003],[8160],[8160],[8160,512],[],[],[],[]]","[""float"",""int"",""int"",""int"",""Scalar"",""Scalar"",""Scalar"",""Scalar""]",both,"[""operator_shape_matched""]","[""operator_shape_matched""]",1,1,21,21,1398.395,1398.751,0.011046,0.011345,0.000299
_C::top_k_per_row_prefill,"[[8162,3011],[8162],[8162],[8162,512],[],[],[],[]]","[""float"",""int"",""int"",""int"",""Scalar"",""Scalar"",""Scalar"",""Scalar""]",both,"[""operator_shape_matched""]","[""operator_shape_matched""]",1,1,21,21,1402.076,1402.009,0.011075,0.011372,0.000297
_C::top_k_per_row_prefill,"[[8164,3019],[8164],[8164],[8164,512],[],[],[],[]]","[""float"",""int"",""int"",""int"",""Scalar"",""Scalar"",""Scalar"",""Scalar""]",both,"[""operator_shape_matched""]","[""operator_shape_matched""]",1,1,21,21,1397.755,1401.25,0.011041,0.011365,0.000325
_C::top_k_per_row_prefill,"[[8166,3026],[8166],[8166],[8166,512],[],[],[],[]]","[""float"",""int"",""int"",""int"",""Scalar"",""Scalar"",""Scalar"",""Scalar""]",both,"[""operator_shape_matched""]","[""operator_shape_matched""]",1,1,21,21,1401.724,1400.315,0.011072,0.011358,0.000286
_C::top_k_per_row_prefill,"[[8168,3032],[8168],[8168],[8168,512],[],[],[],[]]","[""float"",""int"",""int"",""int"",""Scalar"",""Scalar"",""Scalar"",""Scalar""]",both,"[""operator_shape_matched""]","[""operator_shape_matched""]",1,1,21,21,1397.535,1397.464,0.011039,0.011335,0.000296
_C::top_k_per_row_prefill,"[[8170,3038],[8170],[8170],[8170,512],[],[],[],[]]","[""float"",""int"",""int"",""int"",""Scalar"",""Scalar"",""Scalar"",""Scalar""]",both,"[""operator_shape_matched""]","[""operator_shape_matched""]",1,1,21,21,1391.81,1390.588,0.010994,0.011279,0.000285
_C::top_k_per_row_prefill,"[[8172,3044],[8172],[8172],[8172,512],[],[],[],[]]","[""float"",""int"",""int"",""int"",""Scalar"",""Scalar"",""Scalar"",""Scalar""]",both,"[""operator_shape_matched""]","[""operator_shape_matched""]",1,1,21,21,1392.344,1392.507,0.010998,0.011295,0.000297
_C::top_k_per_row_prefill,"[[8174,3049],[8174],[8174],[8174,512],[],[],[],[]]","[""float"",""int"",""int"",""int"",""Scalar"",""Scalar"",""Scalar"",""Scalar""]",both,"[""operator_shape_matched""]","[""operator_shape_matched""]",1,1,21,21,1388.607,1393.211,0.010968,0.0113,0.000332
_C::top_k_per_row_prefill,"[[8176,3053],[8176],[8176],[8176,512],[],[],[],[]]","[""float"",""int"",""int"",""int"",""Scalar"",""Scalar"",""Scalar"",""Scalar""]",both,"[""operator_shape_matched""]","[""operator_shape_matched""]",1,1,21,21,1390.619,1390.976,0.010984,0.011282,0.000298
_C::top_k_per_row_prefill,"[[8178,3057],[8178],[8178],[8178,512],[],[],[],[]]","[""float"",""int"",""int"",""int"",""Scalar"",""Scalar"",""Scalar"",""Scalar""]",both,"[""operator_shape_matched""]","[""operator_shape_matched""]",1,1,21,21,1403.168,1404.737,0.011083,0.011394,0.00031
_C::top_k_per_row_prefill,"[[8180,3061],[8180],[8180],[8180,512],[],[],[],[]]","[""float"",""int"",""int"",""int"",""Scalar"",""Scalar"",""Scalar"",""Scalar""]",both,"[""operator_shape_matched""]","[""operator_shape_matched""]",1,1,21,21,1415.322,1412.604,0.011179,0.011458,0.000278
_C::top_k_per_row_prefill,"[[8182,3064],[8182],[8182],[8182,512],[],[],[],[]]","[""float"",""int"",""int"",""int"",""Scalar"",""Scalar"",""Scalar"",""Scalar""]",both,"[""operator_shape_matched""]","[""operator_shape_matched""]",1,1,21,21,1410.299,1412.926,0.01114,0.01146,0.00032
_C::top_k_per_row_prefill,"[[8184,3066],[8184],[8184],[8184,512],[],[],[],[]]","[""float"",""int"",""int"",""int"",""Scalar"",""Scalar"",""Scalar"",""Scalar""]",both,"[""operator_shape_matched""]","[""operator_shape_matched""]",1,1,21,21,1409.721,1409.47,0.011135,0.011432,0.000297
_C::top_k_per_row_prefill,"[[8186,3068],[8186],[8186],[8186,512],[],[],[],[]]","[""float"",""int"",""int"",""int"",""Scalar"",""Scalar"",""Scalar"",""Scalar""]",both,"[""operator_shape_matched""]","[""operator_shape_matched""]",1,1,21,21,1405.185,1407.457,0.011099,0.011416,0.000316
_C::top_k_per_row_prefill,"[[8188,3070],[8188],[8188],[8188,512],[],[],[],[]]","[""float"",""int"",""int"",""int"",""Scalar"",""Scalar"",""Scalar"",""Scalar""]",both,"[""operator_shape_matched""]","[""operator_shape_matched""]",1,1,21,21,1403.422,1407.488,0.011085,0.011416,0.000331
_C::top_k_per_row_prefill,"[[8189,2047],[8189],[8189],[8189,512],[],[],[],[]]","[""float"",""int"",""int"",""int"",""Scalar"",""Scalar"",""Scalar"",""Scalar""]",both,"[""operator_shape_matched""]","[""operator_shape_matched""]",1,1,21,21,1400.76,1405.183,0.011064,0.011397,0.000333
_C::top_k_per_row_prefill,"[[8191,2047],[8191],[8191],[8191,512],[],[],[],[]]","[""float"",""int"",""int"",""int"",""Scalar"",""Scalar"",""Scalar"",""Scalar""]",both,"[""operator_shape_matched""]","[""operator_shape_matched""]",1,1,21,21,1414.813,1398.653,0.011175,0.011344,0.000169
_C_cache_ops::cp_gather_indexer_k_quant_cache,"[[50314,64,132],[1024,128],[1024,4],[1,128],[2]]","[""unsigned char"",""c10::Float8_e4m3fn"",""unsigned char"",""int"",""int""]",left_only,"[""operator_shape_matched""]",[],1,0,21,0,63.905,0.0,0.000505,0.0,-0.000505
_C_cache_ops::cp_gather_indexer_k_quant_cache,"[[50314,64,132],[2047,128],[2047,4],[2,128],[3]]","[""unsigned char"",""c10::Float8_e4m3fn"",""unsigned char"",""int"",""int""]",left_only,"[""operator_shape_matched""]",[],1,0,42,0,143.331,0.0,0.001132,0.0,-0.001132
_C_cache_ops::cp_gather_indexer_k_quant_cache,"[[50314,64,132],[2048,128],[2048,4],[2,128],[3]]","[""unsigned char"",""c10::Float8_e4m3fn"",""unsigned char"",""int"",""int""]",left_only,"[""operator_shape_matched""]",[],1,0,21,0,70.275,0.0,0.000555,0.0,-0.000555
_C_cache_ops::cp_gather_indexer_k_quant_cache,"[[50314,64,132],[2839,128],[2839,4],[3,128],[4]]","[""unsigned char"",""c10::Float8_e4m3fn"",""unsigned char"",""int"",""int""]",left_only,"[""operator_shape_matched""]",[],1,0,21,0,74.913,0.0,0.000592,0.0,-0.000592
_C_cache_ops::cp_gather_indexer_k_quant_cache,"[[50314,64,132],[2854,128],[2854,4],[3,128],[4]]","[""unsigned char"",""c10::Float8_e4m3fn"",""unsigned char"",""int"",""int""]",left_only,"[""operator_shape_matched""]",[],1,0,21,0,72.926,0.0,0.000576,0.0,-0.000576
_C_cache_ops::cp_gather_indexer_k_quant_cache,"[[50314,64,132],[2868,128],[2868,4],[3,128],[4]]","[""unsigned char"",""c10::Float8_e4m3fn"",""unsigned char"",""int"",""int""]",left_only,"[""operator_shape_matched""]",[],1,0,21,0,75.232,0.0,0.000594,0.0,-0.000594
_C_cache_ops::cp_gather_indexer_k_quant_cache,"[[50314,64,132],[2882,128],[2882,4],[3,128],[4]]","[""unsigned char"",""c10::Float8_e4m3fn"",""unsigned char"",""int"",""int""]",left_only,"[""operator_shape_matched""]",[],1,0,21,0,75.108,0.0,0.000593,0.0,-0.000593
_C_cache_ops::cp_gather_indexer_k_quant_cache,"[[50314,64,132],[2896,128],[2896,4],[3,128],[4]]","[""unsigned char"",""c10::Float8_e4m3fn"",""unsigned char"",""int"",""int""]",left_only,"[""operator_shape_matched""]",[],1,0,21,0,74.241,0.0,0.000586,0.0,-0.000586
_C_cache_ops::cp_gather_indexer_k_quant_cache,"[[50314,64,132],[2909,128],[2909,4],[3,128],[4]]","[""unsigned char"",""c10::Float8_e4m3fn"",""unsigned char"",""int"",""int""]",left_only,"[""operator_shape_matched""]",[],1,0,21,0,77.442,0.0,0.000612,0.0,-0.000612
_C_cache_ops::cp_gather_indexer_k_quant_cache,"[[50314,64,132],[2921,128],[2921,4],[3,128],[4]]","[""unsigned char"",""c10::Float8_e4m3fn"",""unsigned char"",""int"",""int""]",left_only,"[""operator_shape_matched""]",[],1,0,21,0,74.21,0.0,0.000586,0.0,-0.000586
_C_cache_ops::cp_gather_indexer_k_quant_cache,"[[50314,64,132],[2933,128],[2933,4],[3,128],[4]]","[""unsigned char"",""c10::Float8_e4m3fn"",""unsigned char"",""int"",""int""]",left_only,"[""operator_shape_matched""]",[],1,0,21,0,75.267,0.0,0.000595,0.0,-0.000595
_C_cache_ops::cp_gather_indexer_k_quant_cache,"[[50314,64,132],[2945,128],[2945,4],[3,128],[4]]","[""unsigned char"",""c10::Float8_e4m3fn"",""unsigned char"",""int"",""int""]",left_only,"[""operator_shape_matched""]",[],1,0,21,0,73.986,0.0,0.000584,0.0,-0.000584
_C_cache_ops::cp_gather_indexer_k_quant_cache,"[[50314,64,132],[2956,128],[2956,4],[3,128],[4]]","[""unsigned char"",""c10::Float8_e4m3fn"",""unsigned char"",""int"",""int""]",left_only,"[""operator_shape_matched""]",[],1,0,21,0,75.042,0.0,0.000593,0.0,-0.000593
_C_cache_ops::cp_gather_indexer_k_quant_cache,"[[50314,64,132],[2966,128],[2966,4],[3,128],[4]]","[""unsigned char"",""c10::Float8_e4m3fn"",""unsigned char"",""int"",""int""]",left_only,"[""operator_shape_matched""]",[],1,0,21,0,74.688,0.0,0.00059,0.0,-0.00059
_C_cache_ops::cp_gather_indexer_k_quant_cache,"[[50314,64,132],[2976,128],[2976,4],[3,128],[4]]","[""unsigned char"",""c10::Float8_e4m3fn"",""unsigned char"",""int"",""int""]",left_only,"[""operator_shape_matched""]",[],1,0,21,0,75.551,0.0,0.000597,0.0,-0.000597
_C_cache_ops::cp_gather_indexer_k_quant_cache,"[[50314,64,132],[2986,128],[2986,4],[3,128],[4]]","[""unsigned char"",""c10::Float8_e4m3fn"",""unsigned char"",""int"",""int""]",left_only,"[""operator_shape_matched""]",[],1,0,21,0,75.134,0.0,0.000593,0.0,-0.000593
_C_cache_ops::cp_gather_indexer_k_quant_cache,"[[50314,64,132],[2995,128],[2995,4],[3,128],[4]]","[""unsigned char"",""c10::Float8_e4m3fn"",""unsigned char"",""int"",""int""]",left_only,"[""operator_shape_matched""]",[],1,0,21,0,74.338,0.0,0.000587,0.0,-0.000587
_C_cache_ops::cp_gather_indexer_k_quant_cache,"[[50314,64,132],[3003,128],[3003,4],[3,128],[4]]","[""unsigned char"",""c10::Float8_e4m3fn"",""unsigned char"",""int"",""int""]",left_only,"[""operator_shape_matched""]",[],1,0,21,0,75.65,0.0,0.000598,0.0,-0.000598
_C_cache_ops::cp_gather_indexer_k_quant_cache,"[[50314,64,132],[3011,128],[3011,4],[3,128],[4]]","[""unsigned char"",""c10::Float8_e4m3fn"",""unsigned char"",""int"",""int""]",left_only,"[""operator_shape_matched""]",[],1,0,21,0,73.861,0.0,0.000583,0.0,-0.000583
_C_cache_ops::cp_gather_indexer_k_quant_cache,"[[50314,64,132],[3019,128],[3019,4],[3,128],[4]]","[""unsigned char"",""c10::Float8_e4m3fn"",""unsigned char"",""int"",""int""]",left_only,"[""operator_shape_matched""]",[],1,0,21,0,73.952,0.0,0.000584,0.0,-0.000584
_C_cache_ops::cp_gather_indexer_k_quant_cache,"[[50314,64,132],[3026,128],[3026,4],[3,128],[4]]","[""unsigned char"",""c10::Float8_e4m3fn"",""unsigned char"",""int"",""int""]",left_only,"[""operator_shape_matched""]",[],1,0,21,0,74.208,0.0,0.000586,0.0,-0.000586
_C_cache_ops::cp_gather_indexer_k_quant_cache,"[[50314,64,132],[3032,128],[3032,4],[3,128],[4]]","[""unsigned char"",""c10::Float8_e4m3fn"",""unsigned char"",""int"",""int""]",left_only,"[""operator_shape_matched""]",[],1,0,21,0,72.993,0.0,0.000577,0.0,-0.000577
_C_cache_ops::cp_gather_indexer_k_quant_cache,"[[50314,64,132],[3038,128],[3038,4],[3,128],[4]]","[""unsigned char"",""c10::Float8_e4m3fn"",""unsigned char"",""int"",""int""]",left_only,"[""operator_shape_matched""]",[],1,0,21,0,77.408,0.0,0.000611,0.0,-0.000611
_C_cache_ops::cp_gather_indexer_k_quant_cache,"[[50314,64,132],[3044,128],[3044,4],[3,128],[4]]","[""unsigned char"",""c10::Float8_e4m3fn"",""unsigned char"",""int"",""int""]",left_only,"[""operator_shape_matched""]",[],1,0,21,0,75.17,0.0,0.000594,0.0,-0.000594
_C_cache_ops::cp_gather_indexer_k_quant_cache,"[[50314,64,132],[3049,128],[3049,4],[3,128],[4]]","[""unsigned char"",""c10::Float8_e4m3fn"",""unsigned char"",""int"",""int""]",left_only,"[""operator_shape_matched""]",[],1,0,21,0,75.203,0.0,0.000594,0.0,-0.000594
_C_cache_ops::cp_gather_indexer_k_quant_cache,"[[50314,64,132],[3053,128],[3053,4],[3,128],[4]]","[""unsigned char"",""c10::Float8_e4m3fn"",""unsigned char"",""int"",""int""]",left_only,"[""operator_shape_matched""]",[],1,0,21,0,76.16,0.0,0.000602,0.0,-0.000602
_C_cache_ops::cp_gather_indexer_k_quant_cache,"[[50314,64,132],[3057,128],[3057,4],[3,128],[4]]","[""unsigned char"",""c10::Float8_e4m3fn"",""unsigned char"",""int"",""int""]",left_only,"[""operator_shape_matched""]",[],1,0,21,0,75.137,0.0,0.000593,0.0,-0.000593
_C_cache_ops::cp_gather_indexer_k_quant_cache,"[[50314,64,132],[3061,128],[3061,4],[3,128],[4]]","[""unsigned char"",""c10::Float8_e4m3fn"",""unsigned char"",""int"",""int""]",left_only,"[""operator_shape_matched""]",[],1,0,21,0,77.697,0.0,0.000614,0.0,-0.000614
_C_cache_ops::cp_gather_indexer_k_quant_cache,"[[50314,64,132],[3064,128],[3064,4],[3,128],[4]]","[""unsigned char"",""c10::Float8_e4m3fn"",""unsigned char"",""int"",""int""]",left_only,"[""operator_shape_matched""]",[],1,0,21,0,83.713,0.0,0.000661,0.0,-0.000661
_C_cache_ops::cp_gather_indexer_k_quant_cache,"[[50314,64,132],[3066,128],[3066,4],[3,128],[4]]","[""unsigned char"",""c10::Float8_e4m3fn"",""unsigned char"",""int"",""int""]",left_only,"[""operator_shape_matched""]",[],1,0,21,0,74.369,0.0,0.000587,0.0,-0.000587
_C_cache_ops::cp_gather_indexer_k_quant_cache,"[[50314,64,132],[3068,128],[3068,4],[3,128],[4]]","[""unsigned char"",""c10::Float8_e4m3fn"",""unsigned char"",""int"",""int""]",left_only,"[""operator_shape_matched""]",[],1,0,21,0,74.34,0.0,0.000587,0.0,-0.000587
_C_cache_ops::cp_gather_indexer_k_quant_cache,"[[50314,64,132],[3070,128],[3070,4],[3,128],[4]]","[""unsigned char"",""c10::Float8_e4m3fn"",""unsigned char"",""int"",""int""]",left_only,"[""operator_shape_matched""]",[],1,0,21,0,74.24,0.0,0.000586,0.0,-0.000586
_C_cache_ops::cp_gather_indexer_k_quant_cache,"[[50438,64,132],[1024,128],[1024,4],[1,128],[2]]","[""unsigned char"",""c10::Float8_e4m3fn"",""unsigned char"",""int"",""int""]",right_only,[],"[""operator_shape_matched""]",0,1,0,21,0.0,57.181,0.0,0.000464,0.000464
_C_cache_ops::cp_gather_indexer_k_quant_cache,"[[50438,64,132],[2047,128],[2047,4],[2,128],[3]]","[""unsigned char"",""c10::Float8_e4m3fn"",""unsigned char"",""int"",""int""]",right_only,[],"[""operator_shape_matched""]",0,1,0,42,0.0,145.638,0.0,0.001181,0.001181
_C_cache_ops::cp_gather_indexer_k_quant_cache,"[[50438,64,132],[2048,128],[2048,4],[2,128],[3]]","[""unsigned char"",""c10::Float8_e4m3fn"",""unsigned char"",""int"",""int""]",right_only,[],"[""operator_shape_matched""]",0,1,0,21,0.0,72.001,0.0,0.000584,0.000584
_C_cache_ops::cp_gather_indexer_k_quant_cache,"[[50438,64,132],[2839,128],[2839,4],[3,128],[4]]","[""unsigned char"",""c10::Float8_e4m3fn"",""unsigned char"",""int"",""int""]",right_only,[],"[""operator_shape_matched""]",0,1,0,21,0.0,75.746,0.0,0.000614,0.000614
_C_cache_ops::cp_gather_indexer_k_quant_cache,"[[50438,64,132],[2854,128],[2854,4],[3,128],[4]]","[""unsigned char"",""c10::Float8_e4m3fn"",""unsigned char"",""int"",""int""]",right_only,[],"[""operator_shape_matched""]",0,1,0,21,0.0,74.849,0.0,0.000607,0.000607
_C_cache_ops::cp_gather_indexer_k_quant_cache,"[[50438,64,132],[2868,128],[2868,4],[3,128],[4]]","[""unsigned char"",""c10::Float8_e4m3fn"",""unsigned char"",""int"",""int""]",right_only,[],"[""operator_shape_matched""]",0,1,0,21,0.0,77.379,0.0,0.000628,0.000628
_C_cache_ops::cp_gather_indexer_k_quant_cache,"[[50438,64,132],[2882,128],[2882,4],[3,128],[4]]","[""unsigned char"",""c10::Float8_e4m3fn"",""unsigned char"",""int"",""int""]",right_only,[],"[""operator_shape_matched""]",0,1,0,21,0.0,73.601,0.0,0.000597,0.000597
_C_cache_ops::cp_gather_indexer_k_quant_cache,"[[50438,64,132],[2896,128],[2896,4],[3,128],[4]]","[""unsigned char"",""c10::Float8_e4m3fn"",""unsigned char"",""int"",""int""]",right_only,[],"[""operator_shape_matched""]",0,1,0,21,0.0,75.456,0.0,0.000612,0.000612
_C_cache_ops::cp_gather_indexer_k_quant_cache,"[[50438,64,132],[2909,128],[2909,4],[3,128],[4]]","[""unsigned char"",""c10::Float8_e4m3fn"",""unsigned char"",""int"",""int""]",right_only,[],"[""operator_shape_matched""]",0,1,0,21,0.0,74.948,0.0,0.000608,0.000608
_C_cache_ops::cp_gather_indexer_k_quant_cache,"[[50438,64,132],[2921,128],[2921,4],[3,128],[4]]","[""unsigned char"",""c10::Float8_e4m3fn"",""unsigned char"",""int"",""int""]",right_only,[],"[""operator_shape_matched""]",0,1,0,21,0.0,74.463,0.0,0.000604,0.000604
_C_cache_ops::cp_gather_indexer_k_quant_cache,"[[50438,64,132],[2933,128],[2933,4],[3,128],[4]]","[""unsigned char"",""c10::Float8_e4m3fn"",""unsigned char"",""int"",""int""]",right_only,[],"[""operator_shape_matched""]",0,1,0,21,0.0,73.634,0.0,0.000597,0.000597
_C_cache_ops::cp_gather_indexer_k_quant_cache,"[[50438,64,132],[2945,128],[2945,4],[3,128],[4]]","[""unsigned char"",""c10::Float8_e4m3fn"",""unsigned char"",""int"",""int""]",right_only,[],"[""operator_shape_matched""]",0,1,0,21,0.0,72.897,0.0,0.000591,0.000591
_C_cache_ops::cp_gather_indexer_k_quant_cache,"[[50438,64,132],[2956,128],[2956,4],[3,128],[4]]","[""unsigned char"",""c10::Float8_e4m3fn"",""unsigned char"",""int"",""int""]",right_only,[],"[""operator_shape_matched""]",0,1,0,21,0.0,73.796,0.0,0.000599,0.000599
_C_cache_ops::cp_gather_indexer_k_quant_cache,"[[50438,64,132],[2966,128],[2966,4],[3,128],[4]]","[""unsigned char"",""c10::Float8_e4m3fn"",""unsigned char"",""int"",""int""]",right_only,[],"[""operator_shape_matched""]",0,1,0,21,0.0,74.818,0.0,0.000607,0.000607
_C_cache_ops::cp_gather_indexer_k_quant_cache,"[[50438,64,132],[2976,128],[2976,4],[3,128],[4]]","[""unsigned char"",""c10::Float8_e4m3fn"",""unsigned char"",""int"",""int""]",right_only,[],"[""operator_shape_matched""]",0,1,0,21,0.0,75.171,0.0,0.00061,0.00061
_C_cache_ops::cp_gather_indexer_k_quant_cache,"[[50438,64,132],[2986,128],[2986,4],[3,128],[4]]","[""unsigned char"",""c10::Float8_e4m3fn"",""unsigned char"",""int"",""int""]",right_only,[],"[""operator_shape_matched""]",0,1,0,21,0.0,73.475,0.0,0.000596,0.000596
_C_cache_ops::cp_gather_indexer_k_quant_cache,"[[50438,64,132],[2995,128],[2995,4],[3,128],[4]]","[""unsigned char"",""c10::Float8_e4m3fn"",""unsigned char"",""int"",""int""]",right_only,[],"[""operator_shape_matched""]",0,1,0,21,0.0,73.856,0.0,0.000599,0.000599
_C_cache_ops::cp_gather_indexer_k_quant_cache,"[[50438,64,132],[3003,128],[3003,4],[3,128],[4]]","[""unsigned char"",""c10::Float8_e4m3fn"",""unsigned char"",""int"",""int""]",right_only,[],"[""operator_shape_matched""]",0,1,0,21,0.0,74.497,0.0,0.000604,0.000604
_C_cache_ops::cp_gather_indexer_k_quant_cache,"[[50438,64,132],[3011,128],[3011,4],[3,128],[4]]","[""unsigned char"",""c10::Float8_e4m3fn"",""unsigned char"",""int"",""int""]",right_only,[],"[""operator_shape_matched""]",0,1,0,21,0.0,75.136,0.0,0.000609,0.000609
_C_cache_ops::cp_gather_indexer_k_quant_cache,"[[50438,64,132],[3019,128],[3019,4],[3,128],[4]]","[""unsigned char"",""c10::Float8_e4m3fn"",""unsigned char"",""int"",""int""]",right_only,[],"[""operator_shape_matched""]",0,1,0,21,0.0,73.758,0.0,0.000598,0.000598
_C_cache_ops::cp_gather_indexer_k_quant_cache,"[[50438,64,132],[3026,128],[3026,4],[3,128],[4]]","[""unsigned char"",""c10::Float8_e4m3fn"",""unsigned char"",""int"",""int""]",right_only,[],"[""operator_shape_matched""]",0,1,0,21,0.0,76.835,0.0,0.000623,0.000623
_C_cache_ops::cp_gather_indexer_k_quant_cache,"[[50438,64,132],[3032,128],[3032,4],[3,128],[4]]","[""unsigned char"",""c10::Float8_e4m3fn"",""unsigned char"",""int"",""int""]",right_only,[],"[""operator_shape_matched""]",0,1,0,21,0.0,74.398,0.0,0.000603,0.000603
_C_cache_ops::cp_gather_indexer_k_quant_cache,"[[50438,64,132],[3038,128],[3038,4],[3,128],[4]]","[""unsigned char"",""c10::Float8_e4m3fn"",""unsigned char"",""int"",""int""]",right_only,[],"[""operator_shape_matched""]",0,1,0,21,0.0,73.986,0.0,0.0006,0.0006
_C_cache_ops::cp_gather_indexer_k_quant_cache,"[[50438,64,132],[3044,128],[3044,4],[3,128],[4]]","[""unsigned char"",""c10::Float8_e4m3fn"",""unsigned char"",""int"",""int""]",right_only,[],"[""operator_shape_matched""]",0,1,0,21,0.0,74.563,0.0,0.000605,0.000605
_C_cache_ops::cp_gather_indexer_k_quant_cache,"[[50438,64,132],[3049,128],[3049,4],[3,128],[4]]","[""unsigned char"",""c10::Float8_e4m3fn"",""unsigned char"",""int"",""int""]",right_only,[],"[""operator_shape_matched""]",0,1,0,21,0.0,75.681,0.0,0.000614,0.000614
_C_cache_ops::cp_gather_indexer_k_quant_cache,"[[50438,64,132],[3053,128],[3053,4],[3,128],[4]]","[""unsigned char"",""c10::Float8_e4m3fn"",""unsigned char"",""int"",""int""]",right_only,[],"[""operator_shape_matched""]",0,1,0,21,0.0,74.495,0.0,0.000604,0.000604
_C_cache_ops::cp_gather_indexer_k_quant_cache,"[[50438,64,132],[3057,128],[3057,4],[3,128],[4]]","[""unsigned char"",""c10::Float8_e4m3fn"",""unsigned char"",""int"",""int""]",right_only,[],"[""operator_shape_matched""]",0,1,0,21,0.0,74.34,0.0,0.000603,0.000603
_C_cache_ops::cp_gather_indexer_k_quant_cache,"[[50438,64,132],[3061,128],[3061,4],[3,128],[4]]","[""unsigned char"",""c10::Float8_e4m3fn"",""unsigned char"",""int"",""int""]",right_only,[],"[""operator_shape_matched""]",0,1,0,21,0.0,76.994,0.0,0.000624,0.000624
_C_cache_ops::cp_gather_indexer_k_quant_cache,"[[50438,64,132],[3064,128],[3064,4],[3,128],[4]]","[""unsigned char"",""c10::Float8_e4m3fn"",""unsigned char"",""int"",""int""]",right_only,[],"[""operator_shape_matched""]",0,1,0,21,0.0,73.472,0.0,0.000596,0.000596
_C_cache_ops::cp_gather_indexer_k_quant_cache,"[[50438,64,132],[3066,128],[3066,4],[3,128],[4]]","[""unsigned char"",""c10::Float8_e4m3fn"",""unsigned char"",""int"",""int""]",right_only,[],"[""operator_shape_matched""]",0,1,0,21,0.0,74.756,0.0,0.000606,0.000606
_C_cache_ops::cp_gather_indexer_k_quant_cache,"[[50438,64,132],[3068,128],[3068,4],[3,128],[4]]","[""unsigned char"",""c10::Float8_e4m3fn"",""unsigned char"",""int"",""int""]",right_only,[],"[""operator_shape_matched""]",0,1,0,21,0.0,74.499,0.0,0.000604,0.000604
_C_cache_ops::cp_gather_indexer_k_quant_cache,"[[50438,64,132],[3070,128],[3070,4],[3,128],[4]]","[""unsigned char"",""c10::Float8_e4m3fn"",""unsigned char"",""int"",""int""]",right_only,[],"[""operator_shape_matched""]",0,1,0,21,0.0,75.043,0.0,0.000609,0.000609
_flashmla_C::sparse_decode_fwd,"[[1,1,64,512],[50314,64,1,584],[1,1,128],[1],[64],[132,8],[2],[50314,2,1,584],[1,1,256],[1],[],[],[1,1,64,512]]","[""c10::BFloat16"",""unsigned char"",""int"",""int"",""float"",""int"",""int"",""unsigned char"",""int"",""int"",""Scalar"",""Scalar"",""c10::BFloat16""]",left_only,"[""operator_shape_matched""]",[],2,0,38,0,428.365,0.0,0.003384,0.0,-0.003384
_flashmla_C::sparse_decode_fwd,"[[1,1,64,512],[50314,64,1,584],[1,1,128],[1],[64],[132,8],[2],[50314,64,1,584],[1,1,512],[1],[],[],[1,1,64,512]]","[""c10::BFloat16"",""unsigned char"",""int"",""int"",""float"",""int"",""int"",""unsigned char"",""int"",""int"",""Scalar"",""Scalar"",""c10::BFloat16""]",left_only,"[""operator_shape_matched""]",[],2,0,40,0,477.134,0.0,0.003769,0.0,-0.003769
_flashmla_C::sparse_decode_fwd,"[[1,1,64,512],[50314,64,1,584],[1,1,128],[1],[64],[],[],[50314,2,1,584],[1,1,256],[1],[],[],[1,1,64,512]]","[""c10::BFloat16"",""unsigned char"",""int"",""int"",""float"","""","""",""unsigned char"",""int"",""int"",""Scalar"",""Scalar"",""c10::BFloat16""]",left_only,"[""operator_shape_matched""]",[],3,0,3,0,48.481,0.0,0.000383,0.0,-0.000383
_flashmla_C::sparse_decode_fwd,"[[1,1,64,512],[50314,64,1,584],[1,1,128],[1],[64],[],[],[50314,64,1,584],[1,1,512],[1],[],[],[1,1,64,512]]","[""c10::BFloat16"",""unsigned char"",""int"",""int"",""float"","""","""",""unsigned char"",""int"",""int"",""Scalar"",""Scalar"",""c10::BFloat16""]",left_only,"[""operator_shape_matched""]",[],3,0,3,0,49.408,0.0,0.00039,0.0,-0.00039
_flashmla_C::sparse_decode_fwd,"[[1,1,64,512],[50314,64,1,584],[1,1,128],[1],[64],[],[],[],[],[],[],[],[1,1,64,512]]","[""c10::BFloat16"",""unsigned char"",""int"",""int"",""float"","""","""","""","""","""",""Scalar"",""Scalar"",""c10::BFloat16""]",left_only,"[""operator_shape_matched""]",[],3,0,6,0,97.026,0.0,0.000766,0.0,-0.000766
_flashmla_C::sparse_decode_fwd,"[[1,1,64,512],[50438,64,1,584],[1,1,128],[1],[64],[132,8],[2],[50438,2,1,584],[1,1,256],[1],[],[],[1,1,64,512]]","[""c10::BFloat16"",""unsigned char"",""int"",""int"",""float"",""int"",""int"",""unsigned char"",""int"",""int"",""Scalar"",""Scalar"",""c10::BFloat16""]",right_only,[],"[""operator_shape_matched""]",0,2,0,38,0.0,428.39,0.0,0.003475,0.003475
_flashmla_C::sparse_decode_fwd,"[[1,1,64,512],[50438,64,1,584],[1,1,128],[1],[64],[132,8],[2],[50438,64,1,584],[1,1,512],[1],[],[],[1,1,64,512]]","[""c10::BFloat16"",""unsigned char"",""int"",""int"",""float"",""int"",""int"",""unsigned char"",""int"",""int"",""Scalar"",""Scalar"",""c10::BFloat16""]",right_only,[],"[""operator_shape_matched""]",0,2,0,40,0.0,477.294,0.0,0.003871,0.003871
_flashmla_C::sparse_decode_fwd,"[[1,1,64,512],[50438,64,1,584],[1,1,128],[1],[64],[],[],[50438,2,1,584],[1,1,256],[1],[],[],[1,1,64,512]]","[""c10::BFloat16"",""unsigned char"",""int"",""int"",""float"","""","""",""unsigned char"",""int"",""int"",""Scalar"",""Scalar"",""c10::BFloat16""]",right_only,[],"[""operator_shape_matched""]",0,3,0,3,0.0,48.641,0.0,0.000395,0.000395
_flashmla_C::sparse_decode_fwd,"[[1,1,64,512],[50438,64,1,584],[1,1,128],[1],[64],[],[],[50438,64,1,584],[1,1,512],[1],[],[],[1,1,64,512]]","[""c10::BFloat16"",""unsigned char"",""int"",""int"",""float"","""","""",""unsigned char"",""int"",""int"",""Scalar"",""Scalar"",""c10::BFloat16""]",right_only,[],"[""operator_shape_matched""]",0,3,0,3,0.0,49.153,0.0,0.000399,0.000399
_flashmla_C::sparse_decode_fwd,"[[1,1,64,512],[50438,64,1,584],[1,1,128],[1],[64],[],[],[],[],[],[],[],[1,1,64,512]]","[""c10::BFloat16"",""unsigned char"",""int"",""int"",""float"","""","""","""","""","""",""Scalar"",""Scalar"",""c10::BFloat16""]",right_only,[],"[""operator_shape_matched""]",0,3,0,6,0.0,95.076,0.0,0.000771,0.000771
_flashmla_C::sparse_decode_fwd,"[[10,1,64,512],[50314,64,1,584],[10,1,128],[10],[64],[132,8],[11],[50314,2,1,584],[10,1,256],[10],[],[],[10,1,64,512]]","[""c10::BFloat16"",""unsigned char"",""int"",""int"",""float"",""int"",""int"",""unsigned char"",""int"",""int"",""Scalar"",""Scalar"",""c10::BFloat16""]",left_only,"[""operator_shape_matched""]",[],2,0,38,0,436.173,0.0,0.003445,0.0,-0.003445
_flashmla_C::sparse_decode_fwd,"[[10,1,64,512],[50314,64,1,584],[10,1,128],[10],[64],[132,8],[11],[50314,64,1,584],[10,1,512],[10],[],[],[10,1,64,512]]","[""c10::BFloat16"",""unsigned char"",""int"",""int"",""float"",""int"",""int"",""unsigned char"",""int"",""int"",""Scalar"",""Scalar"",""c10::BFloat16""]",left_only,"[""operator_shape_matched""]",[],2,0,40,0,563.308,0.0,0.004449,0.0,-0.004449
_flashmla_C::sparse_decode_fwd,"[[10,1,64,512],[50314,64,1,584],[10,1,128],[10],[64],[],[],[50314,2,1,584],[10,1,256],[10],[],[],[10,1,64,512]]","[""c10::BFloat16"",""unsigned char"",""int"",""int"",""float"","""","""",""unsigned char"",""int"",""int"",""Scalar"",""Scalar"",""c10::BFloat16""]",left_only,"[""operator_shape_matched""]",[],3,0,3,0,49.857,0.0,0.000394,0.0,-0.000394
_flashmla_C::sparse_decode_fwd,"[[10,1,64,512],[50314,64,1,584],[10,1,128],[10],[64],[],[],[50314,64,1,584],[10,1,512],[10],[],[],[10,1,64,512]]","[""c10::BFloat16"",""unsigned char"",""int"",""int"",""float"","""","""",""unsigned char"",""int"",""int"",""Scalar"",""Scalar"",""c10::BFloat16""]",left_only,"[""operator_shape_matched""]",[],3,0,3,0,55.073,0.0,0.000435,0.0,-0.000435
_flashmla_C::sparse_decode_fwd,"[[10,1,64,512],[50314,64,1,584],[10,1,128],[10],[64],[],[],[],[],[],[],[],[10,1,64,512]]","[""c10::BFloat16"",""unsigned char"",""int"",""int"",""float"","""","""","""","""","""",""Scalar"",""Scalar"",""c10::BFloat16""]",left_only,"[""operator_shape_matched""]",[],3,0,6,0,98.658,0.0,0.000779,0.0,-0.000779
_flashmla_C::sparse_decode_fwd,"[[10,1,64,512],[50438,64,1,584],[10,1,128],[10],[64],[132,8],[11],[50438,2,1,584],[10,1,256],[10],[],[],[10,1,64,512]]","[""c10::BFloat16"",""unsigned char"",""int"",""int"",""float"",""int"",""int"",""unsigned char"",""int"",""int"",""Scalar"",""Scalar"",""c10::BFloat16""]",right_only,[],"[""operator_shape_matched""]",0,2,0,38,0.0,436.874,0.0,0.003543,0.003543
_flashmla_C::sparse_decode_fwd,"[[10,1,64,512],[50438,64,1,584],[10,1,128],[10],[64],[132,8],[11],[50438,64,1,584],[10,1,512],[10],[],[],[10,1,64,512]]","[""c10::BFloat16"",""unsigned char"",""int"",""int"",""float"",""int"",""int"",""unsigned char"",""int"",""int"",""Scalar"",""Scalar"",""c10::BFloat16""]",right_only,[],"[""operator_shape_matched""]",0,2,0,40,0.0,555.786,0.0,0.004508,0.004508
_flashmla_C::sparse_decode_fwd,"[[10,1,64,512],[50438,64,1,584],[10,1,128],[10],[64],[],[],[50438,2,1,584],[10,1,256],[10],[],[],[10,1,64,512]]","[""c10::BFloat16"",""unsigned char"",""int"",""int"",""float"","""","""",""unsigned char"",""int"",""int"",""Scalar"",""Scalar"",""c10::BFloat16""]",right_only,[],"[""operator_shape_matched""]",0,3,0,3,0.0,49.762,0.0,0.000404,0.000404
_flashmla_C::sparse_decode_fwd,"[[10,1,64,512],[50438,64,1,584],[10,1,128],[10],[64],[],[],[50438,64,1,584],[10,1,512],[10],[],[],[10,1,64,512]]","[""c10::BFloat16"",""unsigned char"",""int"",""int"",""float"","""","""",""unsigned char"",""int"",""int"",""Scalar"",""Scalar"",""c10::BFloat16""]",right_only,[],"[""operator_shape_matched""]",0,3,0,3,0.0,55.104,0.0,0.000447,0.000447
_flashmla_C::sparse_decode_fwd,"[[10,1,64,512],[50438,64,1,584],[10,1,128],[10],[64],[],[],[],[],[],[],[],[10,1,64,512]]","[""c10::BFloat16"",""unsigned char"",""int"",""int"",""float"","""","""","""","""","""",""Scalar"",""Scalar"",""c10::BFloat16""]",right_only,[],"[""operator_shape_matched""]",0,3,0,6,0.0,98.53,0.0,0.000799,0.000799
_flashmla_C::sparse_decode_fwd,"[[12,1,64,512],[50314,64,1,584],[12,1,128],[12],[64],[132,8],[13],[50314,2,1,584],[12,1,256],[12],[],[],[12,1,64,512]]","[""c10::BFloat16"",""unsigned char"",""int"",""int"",""float"",""int"",""int"",""unsigned char"",""int"",""int"",""Scalar"",""Scalar"",""c10::BFloat16""]",left_only,"[""operator_shape_matched""]",[],2,0,38,0,443.886,0.0,0.003506,0.0,-0.003506
_flashmla_C::sparse_decode_fwd,"[[12,1,64,512],[50314,64,1,584],[12,1,128],[12],[64],[132,8],[13],[50314,64,1,584],[12,1,512],[12],[],[],[12,1,64,512]]","[""c10::BFloat16"",""unsigned char"",""int"",""int"",""float"",""int"",""int"",""unsigned char"",""int"",""int"",""Scalar"",""Scalar"",""c10::BFloat16""]",left_only,"[""operator_shape_matched""]",[],2,0,40,0,589.615,0.0,0.004657,0.0,-0.004657
_flashmla_C::sparse_decode_fwd,"[[12,1,64,512],[50314,64,1,584],[12,1,128],[12],[64],[],[],[50314,2,1,584],[12,1,256],[12],[],[],[12,1,64,512]]","[""c10::BFloat16"",""unsigned char"",""int"",""int"",""float"","""","""",""unsigned char"",""int"",""int"",""Scalar"",""Scalar"",""c10::BFloat16""]",left_only,"[""operator_shape_matched""]",[],3,0,3,0,50.273,0.0,0.000397,0.0,-0.000397
_flashmla_C::sparse_decode_fwd,"[[12,1,64,512],[50314,64,1,584],[12,1,128],[12],[64],[],[],[50314,64,1,584],[12,1,512],[12],[],[],[12,1,64,512]]","[""c10::BFloat16"",""unsigned char"",""int"",""int"",""float"","""","""",""unsigned char"",""int"",""int"",""Scalar"",""Scalar"",""c10::BFloat16""]",left_only,"[""operator_shape_matched""]",[],3,0,3,0,56.865,0.0,0.000449,0.0,-0.000449
_flashmla_C::sparse_decode_fwd,"[[12,1,64,512],[50314,64,1,584],[12,1,128],[12],[64],[],[],[],[],[],[],[],[12,1,64,512]]","[""c10::BFloat16"",""unsigned char"",""int"",""int"",""float"","""","""","""","""","""",""Scalar"",""Scalar"",""c10::BFloat16""]",left_only,"[""operator_shape_matched""]",[],3,0,6,0,99.746,0.0,0.000788,0.0,-0.000788
_flashmla_C::sparse_decode_fwd,"[[12,1,64,512],[50438,64,1,584],[12,1,128],[12],[64],[132,8],[13],[50438,2,1,584],[12,1,256],[12],[],[],[12,1,64,512]]","[""c10::BFloat16"",""unsigned char"",""int"",""int"",""float"",""int"",""int"",""unsigned char"",""int"",""int"",""Scalar"",""Scalar"",""c10::BFloat16""]",right_only,[],"[""operator_shape_matched""]",0,2,0,38,0.0,448.33,0.0,0.003636,0.003636
_flashmla_C::sparse_decode_fwd,"[[12,1,64,512],[50438,64,1,584],[12,1,128],[12],[64],[132,8],[13],[50438,64,1,584],[12,1,512],[12],[],[],[12,1,64,512]]","[""c10::BFloat16"",""unsigned char"",""int"",""int"",""float"",""int"",""int"",""unsigned char"",""int"",""int"",""Scalar"",""Scalar"",""c10::BFloat16""]",right_only,[],"[""operator_shape_matched""]",0,2,0,40,0.0,578.797,0.0,0.004695,0.004695
_flashmla_C::sparse_decode_fwd,"[[12,1,64,512],[50438,64,1,584],[12,1,128],[12],[64],[],[],[50438,2,1,584],[12,1,256],[12],[],[],[12,1,64,512]]","[""c10::BFloat16"",""unsigned char"",""int"",""int"",""float"","""","""",""unsigned char"",""int"",""int"",""Scalar"",""Scalar"",""c10::BFloat16""]",right_only,[],"[""operator_shape_matched""]",0,3,0,3,0.0,50.784,0.0,0.000412,0.000412
_flashmla_C::sparse_decode_fwd,"[[12,1,64,512],[50438,64,1,584],[12,1,128],[12],[64],[],[],[50438,64,1,584],[12,1,512],[12],[],[],[12,1,64,512]]","[""c10::BFloat16"",""unsigned char"",""int"",""int"",""float"","""","""",""unsigned char"",""int"",""int"",""Scalar"",""Scalar"",""c10::BFloat16""]",right_only,[],"[""operator_shape_matched""]",0,3,0,3,0.0,55.971,0.0,0.000454,0.000454
_flashmla_C::sparse_decode_fwd,"[[12,1,64,512],[50438,64,1,584],[12,1,128],[12],[64],[],[],[],[],[],[],[],[12,1,64,512]]","[""c10::BFloat16"",""unsigned char"",""int"",""int"",""float"","""","""","""","""","""",""Scalar"",""Scalar"",""c10::BFloat16""]",right_only,[],"[""operator_shape_matched""]",0,3,0,6,0.0,98.883,0.0,0.000802,0.000802
_flashmla_C::sparse_decode_fwd,"[[14,1,64,512],[50314,64,1,584],[14,1,128],[14],[64],[132,8],[15],[50314,2,1,584],[14,1,256],[14],[],[],[14,1,64,512]]","[""c10::BFloat16"",""unsigned char"",""int"",""int"",""float"",""int"",""int"",""unsigned char"",""int"",""int"",""Scalar"",""Scalar"",""c10::BFloat16""]",left_only,"[""operator_shape_matched""]",[],2,0,38,0,451.529,0.0,0.003567,0.0,-0.003567
_flashmla_C::sparse_decode_fwd,"[[14,1,64,512],[50314,64,1,584],[14,1,128],[14],[64],[132,8],[15],[50314,64,1,584],[14,1,512],[14],[],[],[14,1,64,512]]","[""c10::BFloat16"",""unsigned char"",""int"",""int"",""float"",""int"",""int"",""unsigned char"",""int"",""int"",""Scalar"",""Scalar"",""c10::BFloat16""]",left_only,"[""operator_shape_matched""]",[],2,0,40,0,603.851,0.0,0.00477,0.0,-0.00477
_flashmla_C::sparse_decode_fwd,"[[14,1,64,512],[50314,64,1,584],[14,1,128],[14],[64],[],[],[50314,2,1,584],[14,1,256],[14],[],[],[14,1,64,512]]","[""c10::BFloat16"",""unsigned char"",""int"",""int"",""float"","""","""",""unsigned char"",""int"",""int"",""Scalar"",""Scalar"",""c10::BFloat16""]",left_only,"[""operator_shape_matched""]",[],3,0,3,0,50.784,0.0,0.000401,0.0,-0.000401
_flashmla_C::sparse_decode_fwd,"[[14,1,64,512],[50314,64,1,584],[14,1,128],[14],[64],[],[],[50314,64,1,584],[14,1,512],[14],[],[],[14,1,64,512]]","[""c10::BFloat16"",""unsigned char"",""int"",""int"",""float"","""","""",""unsigned char"",""int"",""int"",""Scalar"",""Scalar"",""c10::BFloat16""]",left_only,"[""operator_shape_matched""]",[],3,0,3,0,57.376,0.0,0.000453,0.0,-0.000453
_flashmla_C::sparse_decode_fwd,"[[14,1,64,512],[50314,64,1,584],[14,1,128],[14],[64],[],[],[],[],[],[],[],[14,1,64,512]]","[""c10::BFloat16"",""unsigned char"",""int"",""int"",""float"","""","""","""","""","""",""Scalar"",""Scalar"",""c10::BFloat16""]",left_only,"[""operator_shape_matched""]",[],3,0,6,0,101.249,0.0,0.0008,0.0,-0.0008
_flashmla_C::sparse_decode_fwd,"[[14,1,64,512],[50438,64,1,584],[14,1,128],[14],[64],[132,8],[15],[50438,2,1,584],[14,1,256],[14],[],[],[14,1,64,512]]","[""c10::BFloat16"",""unsigned char"",""int"",""int"",""float"",""int"",""int"",""unsigned char"",""int"",""int"",""Scalar"",""Scalar"",""c10::BFloat16""]",right_only,[],"[""operator_shape_matched""]",0,2,0,38,0.0,454.183,0.0,0.003684,0.003684
_flashmla_C::sparse_decode_fwd,"[[14,1,64,512],[50438,64,1,584],[14,1,128],[14],[64],[132,8],[15],[50438,64,1,584],[14,1,512],[14],[],[],[14,1,64,512]]","[""c10::BFloat16"",""unsigned char"",""int"",""int"",""float"",""int"",""int"",""unsigned char"",""int"",""int"",""Scalar"",""Scalar"",""c10::BFloat16""]",right_only,[],"[""operator_shape_matched""]",0,2,0,40,0.0,599.726,0.0,0.004864,0.004864
_flashmla_C::sparse_decode_fwd,"[[14,1,64,512],[50438,64,1,584],[14,1,128],[14],[64],[],[],[50438,2,1,584],[14,1,256],[14],[],[],[14,1,64,512]]","[""c10::BFloat16"",""unsigned char"",""int"",""int"",""float"","""","""",""unsigned char"",""int"",""int"",""Scalar"",""Scalar"",""c10::BFloat16""]",right_only,[],"[""operator_shape_matched""]",0,3,0,3,0.0,50.657,0.0,0.000411,0.000411
_flashmla_C::sparse_decode_fwd,"[[14,1,64,512],[50438,64,1,584],[14,1,128],[14],[64],[],[],[50438,64,1,584],[14,1,512],[14],[],[],[14,1,64,512]]","[""c10::BFloat16"",""unsigned char"",""int"",""int"",""float"","""","""",""unsigned char"",""int"",""int"",""Scalar"",""Scalar"",""c10::BFloat16""]",right_only,[],"[""operator_shape_matched""]",0,3,0,3,0.0,56.802,0.0,0.000461,0.000461
_flashmla_C::sparse_decode_fwd,"[[14,1,64,512],[50438,64,1,584],[14,1,128],[14],[64],[],[],[],[],[],[],[],[14,1,64,512]]","[""c10::BFloat16"",""unsigned char"",""int"",""int"",""float"","""","""","""","""","""",""Scalar"",""Scalar"",""c10::BFloat16""]",right_only,[],"[""operator_shape_matched""]",0,3,0,6,0.0,102.402,0.0,0.000831,0.000831
_flashmla_C::sparse_decode_fwd,"[[16,1,64,512],[50314,64,1,584],[16,1,128],[16],[64],[132,8],[17],[50314,2,1,584],[16,1,256],[16],[],[],[16,1,64,512]]","[""c10::BFloat16"",""unsigned char"",""int"",""int"",""float"",""int"",""int"",""unsigned char"",""int"",""int"",""Scalar"",""Scalar"",""c10::BFloat16""]",left_only,"[""operator_shape_matched""]",[],2,0,38,0,465.514,0.0,0.003677,0.0,-0.003677
_flashmla_C::sparse_decode_fwd,"[[16,1,64,512],[50314,64,1,584],[16,1,128],[16],[64],[132,8],[17],[50314,64,1,584],[16,1,512],[16],[],[],[16,1,64,512]]","[""c10::BFloat16"",""unsigned char"",""int"",""int"",""float"",""int"",""int"",""unsigned char"",""int"",""int"",""Scalar"",""Scalar"",""c10::BFloat16""]",left_only,"[""operator_shape_matched""]",[],2,0,40,0,626.764,0.0,0.004951,0.0,-0.004951
_flashmla_C::sparse_decode_fwd,"[[16,1,64,512],[50314,64,1,584],[16,1,128],[16],[64],[],[],[50314,2,1,584],[16,1,256],[16],[],[],[16,1,64,512]]","[""c10::BFloat16"",""unsigned char"",""int"",""int"",""float"","""","""",""unsigned char"",""int"",""int"",""Scalar"",""Scalar"",""c10::BFloat16""]",left_only,"[""operator_shape_matched""]",[],3,0,3,0,51.106,0.0,0.000404,0.0,-0.000404
_flashmla_C::sparse_decode_fwd,"[[16,1,64,512],[50314,64,1,584],[16,1,128],[16],[64],[],[],[50314,64,1,584],[16,1,512],[16],[],[],[16,1,64,512]]","[""c10::BFloat16"",""unsigned char"",""int"",""int"",""float"","""","""",""unsigned char"",""int"",""int"",""Scalar"",""Scalar"",""c10::BFloat16""]",left_only,"[""operator_shape_matched""]",[],3,0,3,0,58.242,0.0,0.00046,0.0,-0.00046
_flashmla_C::sparse_decode_fwd,"[[16,1,64,512],[50314,64,1,584],[16,1,128],[16],[64],[],[],[],[],[],[],[],[16,1,64,512]]","[""c10::BFloat16"",""unsigned char"",""int"",""int"",""float"","""","""","""","""","""",""Scalar"",""Scalar"",""c10::BFloat16""]",left_only,"[""operator_shape_matched""]",[],3,0,6,0,101.572,0.0,0.000802,0.0,-0.000802
_flashmla_C::sparse_decode_fwd,"[[16,1,64,512],[50438,64,1,584],[16,1,128],[16],[64],[132,8],[17],[50438,2,1,584],[16,1,256],[16],[],[],[16,1,64,512]]","[""c10::BFloat16"",""unsigned char"",""int"",""int"",""float"",""int"",""int"",""unsigned char"",""int"",""int"",""Scalar"",""Scalar"",""c10::BFloat16""]",right_only,[],"[""operator_shape_matched""]",0,2,0,38,0.0,459.114,0.0,0.003724,0.003724
_flashmla_C::sparse_decode_fwd,"[[16,1,64,512],[50438,64,1,584],[16,1,128],[16],[64],[132,8],[17],[50438,64,1,584],[16,1,512],[16],[],[],[16,1,64,512]]","[""c10::BFloat16"",""unsigned char"",""int"",""int"",""float"",""int"",""int"",""unsigned char"",""int"",""int"",""Scalar"",""Scalar"",""c10::BFloat16""]",right_only,[],"[""operator_shape_matched""]",0,2,0,40,0.0,619.594,0.0,0.005025,0.005025
_flashmla_C::sparse_decode_fwd,"[[16,1,64,512],[50438,64,1,584],[16,1,128],[16],[64],[],[],[50438,2,1,584],[16,1,256],[16],[],[],[16,1,64,512]]","[""c10::BFloat16"",""unsigned char"",""int"",""int"",""float"","""","""",""unsigned char"",""int"",""int"",""Scalar"",""Scalar"",""c10::BFloat16""]",right_only,[],"[""operator_shape_matched""]",0,3,0,3,0.0,51.201,0.0,0.000415,0.000415
_flashmla_C::sparse_decode_fwd,"[[16,1,64,512],[50438,64,1,584],[16,1,128],[16],[64],[],[],[50438,64,1,584],[16,1,512],[16],[],[],[16,1,64,512]]","[""c10::BFloat16"",""unsigned char"",""int"",""int"",""float"","""","""",""unsigned char"",""int"",""int"",""Scalar"",""Scalar"",""c10::BFloat16""]",right_only,[],"[""operator_shape_matched""]",0,3,0,3,0.0,59.392,0.0,0.000482,0.000482
_flashmla_C::sparse_decode_fwd,"[[16,1,64,512],[50438,64,1,584],[16,1,128],[16],[64],[],[],[],[],[],[],[],[16,1,64,512]]","[""c10::BFloat16"",""unsigned char"",""int"",""int"",""float"","""","""","""","""","""",""Scalar"",""Scalar"",""c10::BFloat16""]",right_only,[],"[""operator_shape_matched""]",0,3,0,6,0.0,102.305,0.0,0.00083,0.00083
_flashmla_C::sparse_decode_fwd,"[[18,1,64,512],[50314,64,1,584],[18,1,128],[18],[64],[132,8],[19],[50314,2,1,584],[18,1,256],[18],[],[],[18,1,64,512]]","[""c10::BFloat16"",""unsigned char"",""int"",""int"",""float"",""int"",""int"",""unsigned char"",""int"",""int"",""Scalar"",""Scalar"",""c10::BFloat16""]",left_only,"[""operator_shape_matched""]",[],2,0,38,0,446.343,0.0,0.003526,0.0,-0.003526
_flashmla_C::sparse_decode_fwd,"[[18,1,64,512],[50314,64,1,584],[18,1,128],[18],[64],[132,8],[19],[50314,64,1,584],[18,1,512],[18],[],[],[18,1,64,512]]","[""c10::BFloat16"",""unsigned char"",""int"",""int"",""float"",""int"",""int"",""unsigned char"",""int"",""int"",""Scalar"",""Scalar"",""c10::BFloat16""]",left_only,"[""operator_shape_matched""]",[],2,0,40,0,615.437,0.0,0.004861,0.0,-0.004861
_flashmla_C::sparse_decode_fwd,"[[18,1,64,512],[50314,64,1,584],[18,1,128],[18],[64],[],[],[50314,2,1,584],[18,1,256],[18],[],[],[18,1,64,512]]","[""c10::BFloat16"",""unsigned char"",""int"",""int"",""float"","""","""",""unsigned char"",""int"",""int"",""Scalar"",""Scalar"",""c10::BFloat16""]",left_only,"[""operator_shape_matched""]",[],3,0,3,0,51.201,0.0,0.000404,0.0,-0.000404
_flashmla_C::sparse_decode_fwd,"[[18,1,64,512],[50314,64,1,584],[18,1,128],[18],[64],[],[],[50314,64,1,584],[18,1,512],[18],[],[],[18,1,64,512]]","[""c10::BFloat16"",""unsigned char"",""int"",""int"",""float"","""","""",""unsigned char"",""int"",""int"",""Scalar"",""Scalar"",""c10::BFloat16""]",left_only,"[""operator_shape_matched""]",[],3,0,3,0,57.889,0.0,0.000457,0.0,-0.000457
_flashmla_C::sparse_decode_fwd,"[[18,1,64,512],[50314,64,1,584],[18,1,128],[18],[64],[],[],[],[],[],[],[],[18,1,64,512]]","[""c10::BFloat16"",""unsigned char"",""int"",""int"",""float"","""","""","""","""","""",""Scalar"",""Scalar"",""c10::BFloat16""]",left_only,"[""operator_shape_matched""]",[],3,0,6,0,102.785,0.0,0.000812,0.0,-0.000812
_flashmla_C::sparse_decode_fwd,"[[18,1,64,512],[50438,64,1,584],[18,1,128],[18],[64],[132,8],[19],[50438,2,1,584],[18,1,256],[18],[],[],[18,1,64,512]]","[""c10::BFloat16"",""unsigned char"",""int"",""int"",""float"",""int"",""int"",""unsigned char"",""int"",""int"",""Scalar"",""Scalar"",""c10::BFloat16""]",right_only,[],"[""operator_shape_matched""]",0,2,0,38,0.0,448.812,0.0,0.00364,0.00364
_flashmla_C::sparse_decode_fwd,"[[18,1,64,512],[50438,64,1,584],[18,1,128],[18],[64],[132,8],[19],[50438,64,1,584],[18,1,512],[18],[],[],[18,1,64,512]]","[""c10::BFloat16"",""unsigned char"",""int"",""int"",""float"",""int"",""int"",""unsigned char"",""int"",""int"",""Scalar"",""Scalar"",""c10::BFloat16""]",right_only,[],"[""operator_shape_matched""]",0,2,0,40,0.0,616.363,0.0,0.004999,0.004999
_flashmla_C::sparse_decode_fwd,"[[18,1,64,512],[50438,64,1,584],[18,1,128],[18],[64],[],[],[50438,2,1,584],[18,1,256],[18],[],[],[18,1,64,512]]","[""c10::BFloat16"",""unsigned char"",""int"",""int"",""float"","""","""",""unsigned char"",""int"",""int"",""Scalar"",""Scalar"",""c10::BFloat16""]",right_only,[],"[""operator_shape_matched""]",0,3,0,3,0.0,50.85,0.0,0.000412,0.000412
_flashmla_C::sparse_decode_fwd,"[[18,1,64,512],[50438,64,1,584],[18,1,128],[18],[64],[],[],[50438,64,1,584],[18,1,512],[18],[],[],[18,1,64,512]]","[""c10::BFloat16"",""unsigned char"",""int"",""int"",""float"","""","""",""unsigned char"",""int"",""int"",""Scalar"",""Scalar"",""c10::BFloat16""]",right_only,[],"[""operator_shape_matched""]",0,3,0,3,0.0,58.336,0.0,0.000473,0.000473
_flashmla_C::sparse_decode_fwd,"[[18,1,64,512],[50438,64,1,584],[18,1,128],[18],[64],[],[],[],[],[],[],[],[18,1,64,512]]","[""c10::BFloat16"",""unsigned char"",""int"",""int"",""float"","""","""","""","""","""",""Scalar"",""Scalar"",""c10::BFloat16""]",right_only,[],"[""operator_shape_matched""]",0,3,0,6,0.0,102.626,0.0,0.000832,0.000832
_flashmla_C::sparse_decode_fwd,"[[20,1,64,512],[50314,64,1,584],[20,1,128],[20],[64],[132,8],[21],[50314,2,1,584],[20,1,256],[20],[],[],[20,1,64,512]]","[""c10::BFloat16"",""unsigned char"",""int"",""int"",""float"",""int"",""int"",""unsigned char"",""int"",""int"",""Scalar"",""Scalar"",""c10::BFloat16""]",left_only,"[""operator_shape_matched""]",[],2,0,38,0,451.908,0.0,0.00357,0.0,-0.00357
_flashmla_C::sparse_decode_fwd,"[[20,1,64,512],[50314,64,1,584],[20,1,128],[20],[64],[132,8],[21],[50314,64,1,584],[20,1,512],[20],[],[],[20,1,64,512]]","[""c10::BFloat16"",""unsigned char"",""int"",""int"",""float"",""int"",""int"",""unsigned char"",""int"",""int"",""Scalar"",""Scalar"",""c10::BFloat16""]",left_only,"[""operator_shape_matched""]",[],2,0,40,0,637.457,0.0,0.005035,0.0,-0.005035
_flashmla_C::sparse_decode_fwd,"[[20,1,64,512],[50314,64,1,584],[20,1,128],[20],[64],[],[],[50314,2,1,584],[20,1,256],[20],[],[],[20,1,64,512]]","[""c10::BFloat16"",""unsigned char"",""int"",""int"",""float"","""","""",""unsigned char"",""int"",""int"",""Scalar"",""Scalar"",""c10::BFloat16""]",left_only,"[""operator_shape_matched""]",[],3,0,3,0,51.969,0.0,0.00041,0.0,-0.00041
_flashmla_C::sparse_decode_fwd,"[[20,1,64,512],[50314,64,1,584],[20,1,128],[20],[64],[],[],[50314,64,1,584],[20,1,512],[20],[],[],[20,1,64,512]]","[""c10::BFloat16"",""unsigned char"",""int"",""int"",""float"","""","""",""unsigned char"",""int"",""int"",""Scalar"",""Scalar"",""c10::BFloat16""]",left_only,"[""operator_shape_matched""]",[],3,0,3,0,60.193,0.0,0.000475,0.0,-0.000475
_flashmla_C::sparse_decode_fwd,"[[20,1,64,512],[50314,64,1,584],[20,1,128],[20],[64],[],[],[],[],[],[],[],[20,1,64,512]]","[""c10::BFloat16"",""unsigned char"",""int"",""int"",""float"","""","""","""","""","""",""Scalar"",""Scalar"",""c10::BFloat16""]",left_only,"[""operator_shape_matched""]",[],3,0,6,0,104.036,0.0,0.000822,0.0,-0.000822
_flashmla_C::sparse_decode_fwd,"[[20,1,64,512],[50438,64,1,584],[20,1,128],[20],[64],[132,8],[21],[50438,2,1,584],[20,1,256],[20],[],[],[20,1,64,512]]","[""c10::BFloat16"",""unsigned char"",""int"",""int"",""float"",""int"",""int"",""unsigned char"",""int"",""int"",""Scalar"",""Scalar"",""c10::BFloat16""]",right_only,[],"[""operator_shape_matched""]",0,2,0,38,0.0,451.947,0.0,0.003666,0.003666
_flashmla_C::sparse_decode_fwd,"[[20,1,64,512],[50438,64,1,584],[20,1,128],[20],[64],[132,8],[21],[50438,64,1,584],[20,1,512],[20],[],[],[20,1,64,512]]","[""c10::BFloat16"",""unsigned char"",""int"",""int"",""float"",""int"",""int"",""unsigned char"",""int"",""int"",""Scalar"",""Scalar"",""c10::BFloat16""]",right_only,[],"[""operator_shape_matched""]",0,2,0,40,0.0,637.739,0.0,0.005173,0.005173
_flashmla_C::sparse_decode_fwd,"[[20,1,64,512],[50438,64,1,584],[20,1,128],[20],[64],[],[],[50438,2,1,584],[20,1,256],[20],[],[],[20,1,64,512]]","[""c10::BFloat16"",""unsigned char"",""int"",""int"",""float"","""","""",""unsigned char"",""int"",""int"",""Scalar"",""Scalar"",""c10::BFloat16""]",right_only,[],"[""operator_shape_matched""]",0,3,0,3,0.0,51.617,0.0,0.000419,0.000419
_flashmla_C::sparse_decode_fwd,"[[20,1,64,512],[50438,64,1,584],[20,1,128],[20],[64],[],[],[50438,64,1,584],[20,1,512],[20],[],[],[20,1,64,512]]","[""c10::BFloat16"",""unsigned char"",""int"",""int"",""float"","""","""",""unsigned char"",""int"",""int"",""Scalar"",""Scalar"",""c10::BFloat16""]",right_only,[],"[""operator_shape_matched""]",0,3,0,3,0.0,59.905,0.0,0.000486,0.000486
_flashmla_C::sparse_decode_fwd,"[[20,1,64,512],[50438,64,1,584],[20,1,128],[20],[64],[],[],[],[],[],[],[],[20,1,64,512]]","[""c10::BFloat16"",""unsigned char"",""int"",""int"",""float"","""","""","""","""","""",""Scalar"",""Scalar"",""c10::BFloat16""]",right_only,[],"[""operator_shape_matched""]",0,3,0,6,0.0,103.426,0.0,0.000839,0.000839
_flashmla_C::sparse_decode_fwd,"[[22,1,64,512],[50314,64,1,584],[22,1,128],[22],[64],[132,8],[23],[50314,2,1,584],[22,1,256],[22],[],[],[22,1,64,512]]","[""c10::BFloat16"",""unsigned char"",""int"",""int"",""float"",""int"",""int"",""unsigned char"",""int"",""int"",""Scalar"",""Scalar"",""c10::BFloat16""]",left_only,"[""operator_shape_matched""]",[],2,0,38,0,462.984,0.0,0.003657,0.0,-0.003657
_flashmla_C::sparse_decode_fwd,"[[22,1,64,512],[50314,64,1,584],[22,1,128],[22],[64],[132,8],[23],[50314,64,1,584],[22,1,512],[22],[],[],[22,1,64,512]]","[""c10::BFloat16"",""unsigned char"",""int"",""int"",""float"",""int"",""int"",""unsigned char"",""int"",""int"",""Scalar"",""Scalar"",""c10::BFloat16""]",left_only,"[""operator_shape_matched""]",[],2,0,40,0,645.225,0.0,0.005097,0.0,-0.005097
_flashmla_C::sparse_decode_fwd,"[[22,1,64,512],[50314,64,1,584],[22,1,128],[22],[64],[],[],[50314,2,1,584],[22,1,256],[22],[],[],[22,1,64,512]]","[""c10::BFloat16"",""unsigned char"",""int"",""int"",""float"","""","""",""unsigned char"",""int"",""int"",""Scalar"",""Scalar"",""c10::BFloat16""]",left_only,"[""operator_shape_matched""]",[],3,0,3,0,51.52,0.0,0.000407,0.0,-0.000407
_flashmla_C::sparse_decode_fwd,"[[22,1,64,512],[50314,64,1,584],[22,1,128],[22],[64],[],[],[50314,64,1,584],[22,1,512],[22],[],[],[22,1,64,512]]","[""c10::BFloat16"",""unsigned char"",""int"",""int"",""float"","""","""",""unsigned char"",""int"",""int"",""Scalar"",""Scalar"",""c10::BFloat16""]",left_only,"[""operator_shape_matched""]",[],3,0,3,0,60.673,0.0,0.000479,0.0,-0.000479
_flashmla_C::sparse_decode_fwd,"[[22,1,64,512],[50314,64,1,584],[22,1,128],[22],[64],[],[],[],[],[],[],[],[22,1,64,512]]","[""c10::BFloat16"",""unsigned char"",""int"",""int"",""float"","""","""","""","""","""",""Scalar"",""Scalar"",""c10::BFloat16""]",left_only,"[""operator_shape_matched""]",[],3,0,6,0,103.234,0.0,0.000815,0.0,-0.000815
_flashmla_C::sparse_decode_fwd,"[[22,1,64,512],[50438,64,1,584],[22,1,128],[22],[64],[132,8],[23],[50438,2,1,584],[22,1,256],[22],[],[],[22,1,64,512]]","[""c10::BFloat16"",""unsigned char"",""int"",""int"",""float"",""int"",""int"",""unsigned char"",""int"",""int"",""Scalar"",""Scalar"",""c10::BFloat16""]",right_only,[],"[""operator_shape_matched""]",0,2,0,38,0.0,461.677,0.0,0.003745,0.003745
_flashmla_C::sparse_decode_fwd,"[[22,1,64,512],[50438,64,1,584],[22,1,128],[22],[64],[132,8],[23],[50438,64,1,584],[22,1,512],[22],[],[],[22,1,64,512]]","[""c10::BFloat16"",""unsigned char"",""int"",""int"",""float"",""int"",""int"",""unsigned char"",""int"",""int"",""Scalar"",""Scalar"",""c10::BFloat16""]",right_only,[],"[""operator_shape_matched""]",0,2,0,40,0.0,644.56,0.0,0.005228,0.005228
_flashmla_C::sparse_decode_fwd,"[[22,1,64,512],[50438,64,1,584],[22,1,128],[22],[64],[],[],[50438,2,1,584],[22,1,256],[22],[],[],[22,1,64,512]]","[""c10::BFloat16"",""unsigned char"",""int"",""int"",""float"","""","""",""unsigned char"",""int"",""int"",""Scalar"",""Scalar"",""c10::BFloat16""]",right_only,[],"[""operator_shape_matched""]",0,3,0,3,0.0,51.969,0.0,0.000422,0.000422
_flashmla_C::sparse_decode_fwd,"[[22,1,64,512],[50438,64,1,584],[22,1,128],[22],[64],[],[],[50438,64,1,584],[22,1,512],[22],[],[],[22,1,64,512]]","[""c10::BFloat16"",""unsigned char"",""int"",""int"",""float"","""","""",""unsigned char"",""int"",""int"",""Scalar"",""Scalar"",""c10::BFloat16""]",right_only,[],"[""operator_shape_matched""]",0,3,0,3,0.0,60.802,0.0,0.000493,0.000493
_flashmla_C::sparse_decode_fwd,"[[22,1,64,512],[50438,64,1,584],[22,1,128],[22],[64],[],[],[],[],[],[],[],[22,1,64,512]]","[""c10::BFloat16"",""unsigned char"",""int"",""int"",""float"","""","""","""","""","""",""Scalar"",""Scalar"",""c10::BFloat16""]",right_only,[],"[""operator_shape_matched""]",0,3,0,6,0.0,102.979,0.0,0.000835,0.000835
_flashmla_C::sparse_decode_fwd,"[[24,1,64,512],[50314,64,1,584],[24,1,128],[24],[64],[132,8],[25],[50314,2,1,584],[24,1,256],[24],[],[],[24,1,64,512]]","[""c10::BFloat16"",""unsigned char"",""int"",""int"",""float"",""int"",""int"",""unsigned char"",""int"",""int"",""Scalar"",""Scalar"",""c10::BFloat16""]",left_only,"[""operator_shape_matched""]",[],2,0,38,0,462.027,0.0,0.003649,0.0,-0.003649
_flashmla_C::sparse_decode_fwd,"[[24,1,64,512],[50314,64,1,584],[24,1,128],[24],[64],[132,8],[25],[50314,64,1,584],[24,1,512],[24],[],[],[24,1,64,512]]","[""c10::BFloat16"",""unsigned char"",""int"",""int"",""float"",""int"",""int"",""unsigned char"",""int"",""int"",""Scalar"",""Scalar"",""c10::BFloat16""]",left_only,"[""operator_shape_matched""]",[],2,0,40,0,672.918,0.0,0.005315,0.0,-0.005315
_flashmla_C::sparse_decode_fwd,"[[24,1,64,512],[50314,64,1,584],[24,1,128],[24],[64],[],[],[50314,2,1,584],[24,1,256],[24],[],[],[24,1,64,512]]","[""c10::BFloat16"",""unsigned char"",""int"",""int"",""float"","""","""",""unsigned char"",""int"",""int"",""Scalar"",""Scalar"",""c10::BFloat16""]",left_only,"[""operator_shape_matched""]",[],3,0,3,0,52.417,0.0,0.000414,0.0,-0.000414
_flashmla_C::sparse_decode_fwd,"[[24,1,64,512],[50314,64,1,584],[24,1,128],[24],[64],[],[],[50314,64,1,584],[24,1,512],[24],[],[],[24,1,64,512]]","[""c10::BFloat16"",""unsigned char"",""int"",""int"",""float"","""","""",""unsigned char"",""int"",""int"",""Scalar"",""Scalar"",""c10::BFloat16""]",left_only,"[""operator_shape_matched""]",[],3,0,3,0,63.137,0.0,0.000499,0.0,-0.000499
_flashmla_C::sparse_decode_fwd,"[[24,1,64,512],[50314,64,1,584],[24,1,128],[24],[64],[],[],[],[],[],[],[],[24,1,64,512]]","[""c10::BFloat16"",""unsigned char"",""int"",""int"",""float"","""","""","""","""","""",""Scalar"",""Scalar"",""c10::BFloat16""]",left_only,"[""operator_shape_matched""]",[],3,0,6,0,103.811,0.0,0.00082,0.0,-0.00082
_flashmla_C::sparse_decode_fwd,"[[24,1,64,512],[50438,64,1,584],[24,1,128],[24],[64],[132,8],[25],[50438,2,1,584],[24,1,256],[24],[],[],[24,1,64,512]]","[""c10::BFloat16"",""unsigned char"",""int"",""int"",""float"",""int"",""int"",""unsigned char"",""int"",""int"",""Scalar"",""Scalar"",""c10::BFloat16""]",right_only,[],"[""operator_shape_matched""]",0,2,0,38,0.0,463.178,0.0,0.003757,0.003757
_flashmla_C::sparse_decode_fwd,"[[24,1,64,512],[50438,64,1,584],[24,1,128],[24],[64],[132,8],[25],[50438,64,1,584],[24,1,512],[24],[],[],[24,1,64,512]]","[""c10::BFloat16"",""unsigned char"",""int"",""int"",""float"",""int"",""int"",""unsigned char"",""int"",""int"",""Scalar"",""Scalar"",""c10::BFloat16""]",right_only,[],"[""operator_shape_matched""]",0,2,0,40,0.0,672.426,0.0,0.005454,0.005454
_flashmla_C::sparse_decode_fwd,"[[24,1,64,512],[50438,64,1,584],[24,1,128],[24],[64],[],[],[50438,2,1,584],[24,1,256],[24],[],[],[24,1,64,512]]","[""c10::BFloat16"",""unsigned char"",""int"",""int"",""float"","""","""",""unsigned char"",""int"",""int"",""Scalar"",""Scalar"",""c10::BFloat16""]",right_only,[],"[""operator_shape_matched""]",0,3,0,3,0.0,52.545,0.0,0.000426,0.000426
_flashmla_C::sparse_decode_fwd,"[[24,1,64,512],[50438,64,1,584],[24,1,128],[24],[64],[],[],[50438,64,1,584],[24,1,512],[24],[],[],[24,1,64,512]]","[""c10::BFloat16"",""unsigned char"",""int"",""int"",""float"","""","""",""unsigned char"",""int"",""int"",""Scalar"",""Scalar"",""c10::BFloat16""]",right_only,[],"[""operator_shape_matched""]",0,3,0,3,0.0,62.177,0.0,0.000504,0.000504
_flashmla_C::sparse_decode_fwd,"[[24,1,64,512],[50438,64,1,584],[24,1,128],[24],[64],[],[],[],[],[],[],[],[24,1,64,512]]","[""c10::BFloat16"",""unsigned char"",""int"",""int"",""float"","""","""","""","""","""",""Scalar"",""Scalar"",""c10::BFloat16""]",right_only,[],"[""operator_shape_matched""]",0,3,0,6,0.0,104.099,0.0,0.000844,0.000844
_flashmla_C::sparse_decode_fwd,"[[26,1,64,512],[50314,64,1,584],[26,1,128],[26],[64],[132,8],[27],[50314,2,1,584],[26,1,256],[26],[],[],[26,1,64,512]]","[""c10::BFloat16"",""unsigned char"",""int"",""int"",""float"",""int"",""int"",""unsigned char"",""int"",""int"",""Scalar"",""Scalar"",""c10::BFloat16""]",left_only,"[""operator_shape_matched""]",[],2,0,38,0,466.986,0.0,0.003689,0.0,-0.003689
_flashmla_C::sparse_decode_fwd,"[[26,1,64,512],[50314,64,1,584],[26,1,128],[26],[64],[132,8],[27],[50314,64,1,584],[26,1,512],[26],[],[],[26,1,64,512]]","[""c10::BFloat16"",""unsigned char"",""int"",""int"",""float"",""int"",""int"",""unsigned char"",""int"",""int"",""Scalar"",""Scalar"",""c10::BFloat16""]",left_only,"[""operator_shape_matched""]",[],2,0,40,0,691.251,0.0,0.00546,0.0,-0.00546
_flashmla_C::sparse_decode_fwd,"[[26,1,64,512],[50314,64,1,584],[26,1,128],[26],[64],[],[],[50314,2,1,584],[26,1,256],[26],[],[],[26,1,64,512]]","[""c10::BFloat16"",""unsigned char"",""int"",""int"",""float"","""","""",""unsigned char"",""int"",""int"",""Scalar"",""Scalar"",""c10::BFloat16""]",left_only,"[""operator_shape_matched""]",[],3,0,3,0,52.641,0.0,0.000416,0.0,-0.000416
_flashmla_C::sparse_decode_fwd,"[[26,1,64,512],[50314,64,1,584],[26,1,128],[26],[64],[],[],[50314,64,1,584],[26,1,512],[26],[],[],[26,1,64,512]]","[""c10::BFloat16"",""unsigned char"",""int"",""int"",""float"","""","""",""unsigned char"",""int"",""int"",""Scalar"",""Scalar"",""c10::BFloat16""]",left_only,"[""operator_shape_matched""]",[],3,0,3,0,62.562,0.0,0.000494,0.0,-0.000494
_flashmla_C::sparse_decode_fwd,"[[26,1,64,512],[50314,64,1,584],[26,1,128],[26],[64],[],[],[],[],[],[],[],[26,1,64,512]]","[""c10::BFloat16"",""unsigned char"",""int"",""int"",""float"","""","""","""","""","""",""Scalar"",""Scalar"",""c10::BFloat16""]",left_only,"[""operator_shape_matched""]",[],3,0,6,0,104.994,0.0,0.000829,0.0,-0.000829
_flashmla_C::sparse_decode_fwd,"[[26,1,64,512],[50438,64,1,584],[26,1,128],[26],[64],[132,8],[27],[50438,2,1,584],[26,1,256],[26],[],[],[26,1,64,512]]","[""c10::BFloat16"",""unsigned char"",""int"",""int"",""float"",""int"",""int"",""unsigned char"",""int"",""int"",""Scalar"",""Scalar"",""c10::BFloat16""]",right_only,[],"[""operator_shape_matched""]",0,2,0,38,0.0,470.471,0.0,0.003816,0.003816
_flashmla_C::sparse_decode_fwd,"[[26,1,64,512],[50438,64,1,584],[26,1,128],[26],[64],[132,8],[27],[50438,64,1,584],[26,1,512],[26],[],[],[26,1,64,512]]","[""c10::BFloat16"",""unsigned char"",""int"",""int"",""float"",""int"",""int"",""unsigned char"",""int"",""int"",""Scalar"",""Scalar"",""c10::BFloat16""]",right_only,[],"[""operator_shape_matched""]",0,2,0,40,0.0,688.783,0.0,0.005587,0.005587
_flashmla_C::sparse_decode_fwd,"[[26,1,64,512],[50438,64,1,584],[26,1,128],[26],[64],[],[],[50438,2,1,584],[26,1,256],[26],[],[],[26,1,64,512]]","[""c10::BFloat16"",""unsigned char"",""int"",""int"",""float"","""","""",""unsigned char"",""int"",""int"",""Scalar"",""Scalar"",""c10::BFloat16""]",right_only,[],"[""operator_shape_matched""]",0,3,0,3,0.0,52.833,0.0,0.000429,0.000429
_flashmla_C::sparse_decode_fwd,"[[26,1,64,512],[50438,64,1,584],[26,1,128],[26],[64],[],[],[50438,64,1,584],[26,1,512],[26],[],[],[26,1,64,512]]","[""c10::BFloat16"",""unsigned char"",""int"",""int"",""float"","""","""",""unsigned char"",""int"",""int"",""Scalar"",""Scalar"",""c10::BFloat16""]",right_only,[],"[""operator_shape_matched""]",0,3,0,3,0.0,61.953,0.0,0.000502,0.000502
_flashmla_C::sparse_decode_fwd,"[[26,1,64,512],[50438,64,1,584],[26,1,128],[26],[64],[],[],[],[],[],[],[],[26,1,64,512]]","[""c10::BFloat16"",""unsigned char"",""int"",""int"",""float"","""","""","""","""","""",""Scalar"",""Scalar"",""c10::BFloat16""]",right_only,[],"[""operator_shape_matched""]",0,3,0,6,0.0,105.122,0.0,0.000853,0.000853
_flashmla_C::sparse_decode_fwd,"[[28,1,64,512],[50314,64,1,584],[28,1,128],[28],[64],[132,8],[29],[50314,2,1,584],[28,1,256],[28],[],[],[28,1,64,512]]","[""c10::BFloat16"",""unsigned char"",""int"",""int"",""float"",""int"",""int"",""unsigned char"",""int"",""int"",""Scalar"",""Scalar"",""c10::BFloat16""]",left_only,"[""operator_shape_matched""]",[],2,0,38,0,479.817,0.0,0.00379,0.0,-0.00379
_flashmla_C::sparse_decode_fwd,"[[28,1,64,512],[50314,64,1,584],[28,1,128],[28],[64],[132,8],[29],[50314,64,1,584],[28,1,512],[28],[],[],[28,1,64,512]]","[""c10::BFloat16"",""unsigned char"",""int"",""int"",""float"",""int"",""int"",""unsigned char"",""int"",""int"",""Scalar"",""Scalar"",""c10::BFloat16""]",left_only,"[""operator_shape_matched""]",[],2,0,40,0,704.105,0.0,0.005562,0.0,-0.005562
_flashmla_C::sparse_decode_fwd,"[[28,1,64,512],[50314,64,1,584],[28,1,128],[28],[64],[],[],[50314,2,1,584],[28,1,256],[28],[],[],[28,1,64,512]]","[""c10::BFloat16"",""unsigned char"",""int"",""int"",""float"","""","""",""unsigned char"",""int"",""int"",""Scalar"",""Scalar"",""c10::BFloat16""]",left_only,"[""operator_shape_matched""]",[],3,0,3,0,53.505,0.0,0.000423,0.0,-0.000423
_flashmla_C::sparse_decode_fwd,"[[28,1,64,512],[50314,64,1,584],[28,1,128],[28],[64],[],[],[50314,64,1,584],[28,1,512],[28],[],[],[28,1,64,512]]","[""c10::BFloat16"",""unsigned char"",""int"",""int"",""float"","""","""",""unsigned char"",""int"",""int"",""Scalar"",""Scalar"",""c10::BFloat16""]",left_only,"[""operator_shape_matched""]",[],3,0,3,0,64.385,0.0,0.000509,0.0,-0.000509
_flashmla_C::sparse_decode_fwd,"[[28,1,64,512],[50314,64,1,584],[28,1,128],[28],[64],[],[],[],[],[],[],[],[28,1,64,512]]","[""c10::BFloat16"",""unsigned char"",""int"",""int"",""float"","""","""","""","""","""",""Scalar"",""Scalar"",""c10::BFloat16""]",left_only,"[""operator_shape_matched""]",[],3,0,6,0,105.633,0.0,0.000834,0.0,-0.000834
_flashmla_C::sparse_decode_fwd,"[[28,1,64,512],[50438,64,1,584],[28,1,128],[28],[64],[132,8],[29],[50438,2,1,584],[28,1,256],[28],[],[],[28,1,64,512]]","[""c10::BFloat16"",""unsigned char"",""int"",""int"",""float"",""int"",""int"",""unsigned char"",""int"",""int"",""Scalar"",""Scalar"",""c10::BFloat16""]",right_only,[],"[""operator_shape_matched""]",0,2,0,38,0.0,476.618,0.0,0.003866,0.003866
_flashmla_C::sparse_decode_fwd,"[[28,1,64,512],[50438,64,1,584],[28,1,128],[28],[64],[132,8],[29],[50438,64,1,584],[28,1,512],[28],[],[],[28,1,64,512]]","[""c10::BFloat16"",""unsigned char"",""int"",""int"",""float"",""int"",""int"",""unsigned char"",""int"",""int"",""Scalar"",""Scalar"",""c10::BFloat16""]",right_only,[],"[""operator_shape_matched""]",0,2,0,40,0.0,704.975,0.0,0.005718,0.005718
_flashmla_C::sparse_decode_fwd,"[[28,1,64,512],[50438,64,1,584],[28,1,128],[28],[64],[],[],[50438,2,1,584],[28,1,256],[28],[],[],[28,1,64,512]]","[""c10::BFloat16"",""unsigned char"",""int"",""int"",""float"","""","""",""unsigned char"",""int"",""int"",""Scalar"",""Scalar"",""c10::BFloat16""]",right_only,[],"[""operator_shape_matched""]",0,3,0,3,0.0,53.73,0.0,0.000436,0.000436
_flashmla_C::sparse_decode_fwd,"[[28,1,64,512],[50438,64,1,584],[28,1,128],[28],[64],[],[],[50438,64,1,584],[28,1,512],[28],[],[],[28,1,64,512]]","[""c10::BFloat16"",""unsigned char"",""int"",""int"",""float"","""","""",""unsigned char"",""int"",""int"",""Scalar"",""Scalar"",""c10::BFloat16""]",right_only,[],"[""operator_shape_matched""]",0,3,0,3,0.0,64.225,0.0,0.000521,0.000521
_flashmla_C::sparse_decode_fwd,"[[28,1,64,512],[50438,64,1,584],[28,1,128],[28],[64],[],[],[],[],[],[],[],[28,1,64,512]]","[""c10::BFloat16"",""unsigned char"",""int"",""int"",""float"","""","""","""","""","""",""Scalar"",""Scalar"",""c10::BFloat16""]",right_only,[],"[""operator_shape_matched""]",0,3,0,6,0.0,104.769,0.0,0.00085,0.00085
_flashmla_C::sparse_decode_fwd,"[[3,1,64,512],[50314,64,1,584],[3,1,128],[3],[64],[132,8],[4],[50314,2,1,584],[3,1,256],[3],[],[],[3,1,64,512]]","[""c10::BFloat16"",""unsigned char"",""int"",""int"",""float"",""int"",""int"",""unsigned char"",""int"",""int"",""Scalar"",""Scalar"",""c10::BFloat16""]",left_only,"[""operator_shape_matched""]",[],2,0,38,0,422.73,0.0,0.003339,0.0,-0.003339
_flashmla_C::sparse_decode_fwd,"[[3,1,64,512],[50314,64,1,584],[3,1,128],[3],[64],[132,8],[4],[50314,64,1,584],[3,1,512],[3],[],[],[3,1,64,512]]","[""c10::BFloat16"",""unsigned char"",""int"",""int"",""float"",""int"",""int"",""unsigned char"",""int"",""int"",""Scalar"",""Scalar"",""c10::BFloat16""]",left_only,"[""operator_shape_matched""]",[],2,0,40,0,498.065,0.0,0.003934,0.0,-0.003934
_flashmla_C::sparse_decode_fwd,"[[3,1,64,512],[50314,64,1,584],[3,1,128],[3],[64],[],[],[50314,2,1,584],[3,1,256],[3],[],[],[3,1,64,512]]","[""c10::BFloat16"",""unsigned char"",""int"",""int"",""float"","""","""",""unsigned char"",""int"",""int"",""Scalar"",""Scalar"",""c10::BFloat16""]",left_only,"[""operator_shape_matched""]",[],3,0,3,0,48.193,0.0,0.000381,0.0,-0.000381
_flashmla_C::sparse_decode_fwd,"[[3,1,64,512],[50314,64,1,584],[3,1,128],[3],[64],[],[],[50314,64,1,584],[3,1,512],[3],[],[],[3,1,64,512]]","[""c10::BFloat16"",""unsigned char"",""int"",""int"",""float"","""","""",""unsigned char"",""int"",""int"",""Scalar"",""Scalar"",""c10::BFloat16""]",left_only,"[""operator_shape_matched""]",[],3,0,3,0,50.24,0.0,0.000397,0.0,-0.000397
_flashmla_C::sparse_decode_fwd,"[[3,1,64,512],[50314,64,1,584],[3,1,128],[3],[64],[],[],[],[],[],[],[],[3,1,64,512]]","[""c10::BFloat16"",""unsigned char"",""int"",""int"",""float"","""","""","""","""","""",""Scalar"",""Scalar"",""c10::BFloat16""]",left_only,"[""operator_shape_matched""]",[],3,0,6,0,97.345,0.0,0.000769,0.0,-0.000769
_flashmla_C::sparse_decode_fwd,"[[3,1,64,512],[50438,64,1,584],[3,1,128],[3],[64],[132,8],[4],[50438,2,1,584],[3,1,256],[3],[],[],[3,1,64,512]]","[""c10::BFloat16"",""unsigned char"",""int"",""int"",""float"",""int"",""int"",""unsigned char"",""int"",""int"",""Scalar"",""Scalar"",""c10::BFloat16""]",right_only,[],"[""operator_shape_matched""]",0,2,0,38,0.0,421.862,0.0,0.003422,0.003422
_flashmla_C::sparse_decode_fwd,"[[3,1,64,512],[50438,64,1,584],[3,1,128],[3],[64],[132,8],[4],[50438,64,1,584],[3,1,512],[3],[],[],[3,1,64,512]]","[""c10::BFloat16"",""unsigned char"",""int"",""int"",""float"",""int"",""int"",""unsigned char"",""int"",""int"",""Scalar"",""Scalar"",""c10::BFloat16""]",right_only,[],"[""operator_shape_matched""]",0,2,0,40,0.0,501.517,0.0,0.004068,0.004068
_flashmla_C::sparse_decode_fwd,"[[3,1,64,512],[50438,64,1,584],[3,1,128],[3],[64],[],[],[50438,2,1,584],[3,1,256],[3],[],[],[3,1,64,512]]","[""c10::BFloat16"",""unsigned char"",""int"",""int"",""float"","""","""",""unsigned char"",""int"",""int"",""Scalar"",""Scalar"",""c10::BFloat16""]",right_only,[],"[""operator_shape_matched""]",0,3,0,3,0.0,48.736,0.0,0.000395,0.000395
_flashmla_C::sparse_decode_fwd,"[[3,1,64,512],[50438,64,1,584],[3,1,128],[3],[64],[],[],[50438,64,1,584],[3,1,512],[3],[],[],[3,1,64,512]]","[""c10::BFloat16"",""unsigned char"",""int"",""int"",""float"","""","""",""unsigned char"",""int"",""int"",""Scalar"",""Scalar"",""c10::BFloat16""]",right_only,[],"[""operator_shape_matched""]",0,3,0,3,0.0,51.329,0.0,0.000416,0.000416
_flashmla_C::sparse_decode_fwd,"[[3,1,64,512],[50438,64,1,584],[3,1,128],[3],[64],[],[],[],[],[],[],[],[3,1,64,512]]","[""c10::BFloat16"",""unsigned char"",""int"",""int"",""float"","""","""","""","""","""",""Scalar"",""Scalar"",""c10::BFloat16""]",right_only,[],"[""operator_shape_matched""]",0,3,0,6,0.0,97.25,0.0,0.000789,0.000789
_flashmla_C::sparse_decode_fwd,"[[30,1,64,512],[50314,64,1,584],[30,1,128],[30],[64],[132,8],[31],[50314,2,1,584],[30,1,256],[30],[],[],[30,1,64,512]]","[""c10::BFloat16"",""unsigned char"",""int"",""int"",""float"",""int"",""int"",""unsigned char"",""int"",""int"",""Scalar"",""Scalar"",""c10::BFloat16""]",left_only,"[""operator_shape_matched""]",[],2,0,38,0,483.015,0.0,0.003815,0.0,-0.003815
_flashmla_C::sparse_decode_fwd,"[[30,1,64,512],[50314,64,1,584],[30,1,128],[30],[64],[132,8],[31],[50314,64,1,584],[30,1,512],[30],[],[],[30,1,64,512]]","[""c10::BFloat16"",""unsigned char"",""int"",""int"",""float"",""int"",""int"",""unsigned char"",""int"",""int"",""Scalar"",""Scalar"",""c10::BFloat16""]",left_only,"[""operator_shape_matched""]",[],2,0,40,0,718.094,0.0,0.005672,0.0,-0.005672
_flashmla_C::sparse_decode_fwd,"[[30,1,64,512],[50314,64,1,584],[30,1,128],[30],[64],[],[],[50314,2,1,584],[30,1,256],[30],[],[],[30,1,64,512]]","[""c10::BFloat16"",""unsigned char"",""int"",""int"",""float"","""","""",""unsigned char"",""int"",""int"",""Scalar"",""Scalar"",""c10::BFloat16""]",left_only,"[""operator_shape_matched""]",[],3,0,3,0,54.626,0.0,0.000431,0.0,-0.000431
_flashmla_C::sparse_decode_fwd,"[[30,1,64,512],[50314,64,1,584],[30,1,128],[30],[64],[],[],[50314,64,1,584],[30,1,512],[30],[],[],[30,1,64,512]]","[""c10::BFloat16"",""unsigned char"",""int"",""int"",""float"","""","""",""unsigned char"",""int"",""int"",""Scalar"",""Scalar"",""c10::BFloat16""]",left_only,"[""operator_shape_matched""]",[],3,0,3,0,64.515,0.0,0.00051,0.0,-0.00051
_flashmla_C::sparse_decode_fwd,"[[30,1,64,512],[50314,64,1,584],[30,1,128],[30],[64],[],[],[],[],[],[],[],[30,1,64,512]]","[""c10::BFloat16"",""unsigned char"",""int"",""int"",""float"","""","""","""","""","""",""Scalar"",""Scalar"",""c10::BFloat16""]",left_only,"[""operator_shape_matched""]",[],3,0,6,0,105.668,0.0,0.000835,0.0,-0.000835
_flashmla_C::sparse_decode_fwd,"[[30,1,64,512],[50438,64,1,584],[30,1,128],[30],[64],[132,8],[31],[50438,2,1,584],[30,1,256],[30],[],[],[30,1,64,512]]","[""c10::BFloat16"",""unsigned char"",""int"",""int"",""float"",""int"",""int"",""unsigned char"",""int"",""int"",""Scalar"",""Scalar"",""c10::BFloat16""]",right_only,[],"[""operator_shape_matched""]",0,2,0,38,0.0,480.399,0.0,0.003896,0.003896
_flashmla_C::sparse_decode_fwd,"[[30,1,64,512],[50438,64,1,584],[30,1,128],[30],[64],[132,8],[31],[50438,64,1,584],[30,1,512],[30],[],[],[30,1,64,512]]","[""c10::BFloat16"",""unsigned char"",""int"",""int"",""float"",""int"",""int"",""unsigned char"",""int"",""int"",""Scalar"",""Scalar"",""c10::BFloat16""]",right_only,[],"[""operator_shape_matched""]",0,2,0,40,0.0,709.802,0.0,0.005757,0.005757
_flashmla_C::sparse_decode_fwd,"[[30,1,64,512],[50438,64,1,584],[30,1,128],[30],[64],[],[],[50438,2,1,584],[30,1,256],[30],[],[],[30,1,64,512]]","[""c10::BFloat16"",""unsigned char"",""int"",""int"",""float"","""","""",""unsigned char"",""int"",""int"",""Scalar"",""Scalar"",""c10::BFloat16""]",right_only,[],"[""operator_shape_matched""]",0,3,0,3,0.0,53.73,0.0,0.000436,0.000436
_flashmla_C::sparse_decode_fwd,"[[30,1,64,512],[50438,64,1,584],[30,1,128],[30],[64],[],[],[50438,64,1,584],[30,1,512],[30],[],[],[30,1,64,512]]","[""c10::BFloat16"",""unsigned char"",""int"",""int"",""float"","""","""",""unsigned char"",""int"",""int"",""Scalar"",""Scalar"",""c10::BFloat16""]",right_only,[],"[""operator_shape_matched""]",0,3,0,3,0.0,64.481,0.0,0.000523,0.000523
_flashmla_C::sparse_decode_fwd,"[[30,1,64,512],[50438,64,1,584],[30,1,128],[30],[64],[],[],[],[],[],[],[],[30,1,64,512]]","[""c10::BFloat16"",""unsigned char"",""int"",""int"",""float"","""","""","""","""","""",""Scalar"",""Scalar"",""c10::BFloat16""]",right_only,[],"[""operator_shape_matched""]",0,3,0,6,0.0,105.54,0.0,0.000856,0.000856
_flashmla_C::sparse_decode_fwd,"[[32,1,64,512],[50314,64,1,584],[32,1,128],[32],[64],[132,8],[33],[50314,2,1,584],[32,1,256],[32],[],[],[32,1,64,512]]","[""c10::BFloat16"",""unsigned char"",""int"",""int"",""float"",""int"",""int"",""unsigned char"",""int"",""int"",""Scalar"",""Scalar"",""c10::BFloat16""]",left_only,"[""operator_shape_matched""]",[],2,0,38,0,485.485,0.0,0.003835,0.0,-0.003835
_flashmla_C::sparse_decode_fwd,"[[32,1,64,512],[50314,64,1,584],[32,1,128],[32],[64],[132,8],[33],[50314,64,1,584],[32,1,512],[32],[],[],[32,1,64,512]]","[""c10::BFloat16"",""unsigned char"",""int"",""int"",""float"",""int"",""int"",""unsigned char"",""int"",""int"",""Scalar"",""Scalar"",""c10::BFloat16""]",left_only,"[""operator_shape_matched""]",[],2,0,40,0,737.233,0.0,0.005823,0.0,-0.005823
_flashmla_C::sparse_decode_fwd,"[[32,1,64,512],[50314,64,1,584],[32,1,128],[32],[64],[],[],[50314,2,1,584],[32,1,256],[32],[],[],[32,1,64,512]]","[""c10::BFloat16"",""unsigned char"",""int"",""int"",""float"","""","""",""unsigned char"",""int"",""int"",""Scalar"",""Scalar"",""c10::BFloat16""]",left_only,"[""operator_shape_matched""]",[],3,0,3,0,54.337,0.0,0.000429,0.0,-0.000429
_flashmla_C::sparse_decode_fwd,"[[32,1,64,512],[50314,64,1,584],[32,1,128],[32],[64],[],[],[50314,64,1,584],[32,1,512],[32],[],[],[32,1,64,512]]","[""c10::BFloat16"",""unsigned char"",""int"",""int"",""float"","""","""",""unsigned char"",""int"",""int"",""Scalar"",""Scalar"",""c10::BFloat16""]",left_only,"[""operator_shape_matched""]",[],3,0,3,0,64.961,0.0,0.000513,0.0,-0.000513
_flashmla_C::sparse_decode_fwd,"[[32,1,64,512],[50314,64,1,584],[32,1,128],[32],[64],[],[],[],[],[],[],[],[32,1,64,512]]","[""c10::BFloat16"",""unsigned char"",""int"",""int"",""float"","""","""","""","""","""",""Scalar"",""Scalar"",""c10::BFloat16""]",left_only,"[""operator_shape_matched""]",[],3,0,6,0,106.146,0.0,0.000838,0.0,-0.000838
_flashmla_C::sparse_decode_fwd,"[[32,1,64,512],[50438,64,1,584],[32,1,128],[32],[64],[132,8],[33],[50438,2,1,584],[32,1,256],[32],[],[],[32,1,64,512]]","[""c10::BFloat16"",""unsigned char"",""int"",""int"",""float"",""int"",""int"",""unsigned char"",""int"",""int"",""Scalar"",""Scalar"",""c10::BFloat16""]",right_only,[],"[""operator_shape_matched""]",0,2,0,38,0.0,484.424,0.0,0.003929,0.003929
_flashmla_C::sparse_decode_fwd,"[[32,1,64,512],[50438,64,1,584],[32,1,128],[32],[64],[132,8],[33],[50438,64,1,584],[32,1,512],[32],[],[],[32,1,64,512]]","[""c10::BFloat16"",""unsigned char"",""int"",""int"",""float"",""int"",""int"",""unsigned char"",""int"",""int"",""Scalar"",""Scalar"",""c10::BFloat16""]",right_only,[],"[""operator_shape_matched""]",0,2,0,40,0.0,723.534,0.0,0.005869,0.005869
_flashmla_C::sparse_decode_fwd,"[[32,1,64,512],[50438,64,1,584],[32,1,128],[32],[64],[],[],[50438,2,1,584],[32,1,256],[32],[],[],[32,1,64,512]]","[""c10::BFloat16"",""unsigned char"",""int"",""int"",""float"","""","""",""unsigned char"",""int"",""int"",""Scalar"",""Scalar"",""c10::BFloat16""]",right_only,[],"[""operator_shape_matched""]",0,3,0,3,0.0,54.592,0.0,0.000443,0.000443
_flashmla_C::sparse_decode_fwd,"[[32,1,64,512],[50438,64,1,584],[32,1,128],[32],[64],[],[],[50438,64,1,584],[32,1,512],[32],[],[],[32,1,64,512]]","[""c10::BFloat16"",""unsigned char"",""int"",""int"",""float"","""","""",""unsigned char"",""int"",""int"",""Scalar"",""Scalar"",""c10::BFloat16""]",right_only,[],"[""operator_shape_matched""]",0,3,0,3,0.0,65.281,0.0,0.000529,0.000529
_flashmla_C::sparse_decode_fwd,"[[32,1,64,512],[50438,64,1,584],[32,1,128],[32],[64],[],[],[],[],[],[],[],[32,1,64,512]]","[""c10::BFloat16"",""unsigned char"",""int"",""int"",""float"","""","""","""","""","""",""Scalar"",""Scalar"",""c10::BFloat16""]",right_only,[],"[""operator_shape_matched""]",0,3,0,6,0.0,106.079,0.0,0.00086,0.00086
_flashmla_C::sparse_decode_fwd,"[[34,1,64,512],[50314,64,1,584],[34,1,128],[34],[64],[132,8],[35],[50314,2,1,584],[34,1,256],[34],[],[],[34,1,64,512]]","[""c10::BFloat16"",""unsigned char"",""int"",""int"",""float"",""int"",""int"",""unsigned char"",""int"",""int"",""Scalar"",""Scalar"",""c10::BFloat16""]",left_only,"[""operator_shape_matched""]",[],2,0,38,0,537.672,0.0,0.004247,0.0,-0.004247
_flashmla_C::sparse_decode_fwd,"[[34,1,64,512],[50314,64,1,584],[34,1,128],[34],[64],[132,8],[35],[50314,64,1,584],[34,1,512],[34],[],[],[34,1,64,512]]","[""c10::BFloat16"",""unsigned char"",""int"",""int"",""float"",""int"",""int"",""unsigned char"",""int"",""int"",""Scalar"",""Scalar"",""c10::BFloat16""]",left_only,"[""operator_shape_matched""]",[],2,0,40,0,748.564,0.0,0.005913,0.0,-0.005913
_flashmla_C::sparse_decode_fwd,"[[34,1,64,512],[50314,64,1,584],[34,1,128],[34],[64],[],[],[50314,2,1,584],[34,1,256],[34],[],[],[34,1,64,512]]","[""c10::BFloat16"",""unsigned char"",""int"",""int"",""float"","""","""",""unsigned char"",""int"",""int"",""Scalar"",""Scalar"",""c10::BFloat16""]",left_only,"[""operator_shape_matched""]",[],3,0,3,0,57.121,0.0,0.000451,0.0,-0.000451
_flashmla_C::sparse_decode_fwd,"[[34,1,64,512],[50314,64,1,584],[34,1,128],[34],[64],[],[],[50314,64,1,584],[34,1,512],[34],[],[],[34,1,64,512]]","[""c10::BFloat16"",""unsigned char"",""int"",""int"",""float"","""","""",""unsigned char"",""int"",""int"",""Scalar"",""Scalar"",""c10::BFloat16""]",left_only,"[""operator_shape_matched""]",[],3,0,3,0,67.616,0.0,0.000534,0.0,-0.000534
_flashmla_C::sparse_decode_fwd,"[[34,1,64,512],[50314,64,1,584],[34,1,128],[34],[64],[],[],[],[],[],[],[],[34,1,64,512]]","[""c10::BFloat16"",""unsigned char"",""int"",""int"",""float"","""","""","""","""","""",""Scalar"",""Scalar"",""c10::BFloat16""]",left_only,"[""operator_shape_matched""]",[],3,0,6,0,107.682,0.0,0.000851,0.0,-0.000851
_flashmla_C::sparse_decode_fwd,"[[34,1,64,512],[50438,64,1,584],[34,1,128],[34],[64],[132,8],[35],[50438,2,1,584],[34,1,256],[34],[],[],[34,1,64,512]]","[""c10::BFloat16"",""unsigned char"",""int"",""int"",""float"",""int"",""int"",""unsigned char"",""int"",""int"",""Scalar"",""Scalar"",""c10::BFloat16""]",right_only,[],"[""operator_shape_matched""]",0,2,0,38,0.0,537.647,0.0,0.004361,0.004361
_flashmla_C::sparse_decode_fwd,"[[34,1,64,512],[50438,64,1,584],[34,1,128],[34],[64],[132,8],[35],[50438,64,1,584],[34,1,512],[34],[],[],[34,1,64,512]]","[""c10::BFloat16"",""unsigned char"",""int"",""int"",""float"",""int"",""int"",""unsigned char"",""int"",""int"",""Scalar"",""Scalar"",""c10::BFloat16""]",right_only,[],"[""operator_shape_matched""]",0,2,0,40,0.0,743.053,0.0,0.006027,0.006027
_flashmla_C::sparse_decode_fwd,"[[34,1,64,512],[50438,64,1,584],[34,1,128],[34],[64],[],[],[50438,2,1,584],[34,1,256],[34],[],[],[34,1,64,512]]","[""c10::BFloat16"",""unsigned char"",""int"",""int"",""float"","""","""",""unsigned char"",""int"",""int"",""Scalar"",""Scalar"",""c10::BFloat16""]",right_only,[],"[""operator_shape_matched""]",0,3,0,3,0.0,57.601,0.0,0.000467,0.000467
_flashmla_C::sparse_decode_fwd,"[[34,1,64,512],[50438,64,1,584],[34,1,128],[34],[64],[],[],[50438,64,1,584],[34,1,512],[34],[],[],[34,1,64,512]]","[""c10::BFloat16"",""unsigned char"",""int"",""int"",""float"","""","""",""unsigned char"",""int"",""int"",""Scalar"",""Scalar"",""c10::BFloat16""]",right_only,[],"[""operator_shape_matched""]",0,3,0,3,0.0,67.169,0.0,0.000545,0.000545
_flashmla_C::sparse_decode_fwd,"[[34,1,64,512],[50438,64,1,584],[34,1,128],[34],[64],[],[],[],[],[],[],[],[34,1,64,512]]","[""c10::BFloat16"",""unsigned char"",""int"",""int"",""float"","""","""","""","""","""",""Scalar"",""Scalar"",""c10::BFloat16""]",right_only,[],"[""operator_shape_matched""]",0,3,0,6,0.0,106.818,0.0,0.000866,0.000866
_flashmla_C::sparse_decode_fwd,"[[36,1,64,512],[50314,64,1,584],[36,1,128],[36],[64],[132,8],[37],[50314,2,1,584],[36,1,256],[36],[],[],[36,1,64,512]]","[""c10::BFloat16"",""unsigned char"",""int"",""int"",""float"",""int"",""int"",""unsigned char"",""int"",""int"",""Scalar"",""Scalar"",""c10::BFloat16""]",left_only,"[""operator_shape_matched""]",[],2,0,38,0,541.676,0.0,0.004279,0.0,-0.004279
_flashmla_C::sparse_decode_fwd,"[[36,1,64,512],[50314,64,1,584],[36,1,128],[36],[64],[132,8],[37],[50314,64,1,584],[36,1,512],[36],[],[],[36,1,64,512]]","[""c10::BFloat16"",""unsigned char"",""int"",""int"",""float"",""int"",""int"",""unsigned char"",""int"",""int"",""Scalar"",""Scalar"",""c10::BFloat16""]",left_only,"[""operator_shape_matched""]",[],2,0,40,0,821.52,0.0,0.006489,0.0,-0.006489
_flashmla_C::sparse_decode_fwd,"[[36,1,64,512],[50314,64,1,584],[36,1,128],[36],[64],[],[],[50314,2,1,584],[36,1,256],[36],[],[],[36,1,64,512]]","[""c10::BFloat16"",""unsigned char"",""int"",""int"",""float"","""","""",""unsigned char"",""int"",""int"",""Scalar"",""Scalar"",""c10::BFloat16""]",left_only,"[""operator_shape_matched""]",[],3,0,3,0,57.537,0.0,0.000454,0.0,-0.000454
_flashmla_C::sparse_decode_fwd,"[[36,1,64,512],[50314,64,1,584],[36,1,128],[36],[64],[],[],[50314,64,1,584],[36,1,512],[36],[],[],[36,1,64,512]]","[""c10::BFloat16"",""unsigned char"",""int"",""int"",""float"","""","""",""unsigned char"",""int"",""int"",""Scalar"",""Scalar"",""c10::BFloat16""]",left_only,"[""operator_shape_matched""]",[],3,0,3,0,71.041,0.0,0.000561,0.0,-0.000561
_flashmla_C::sparse_decode_fwd,"[[36,1,64,512],[50314,64,1,584],[36,1,128],[36],[64],[],[],[],[],[],[],[],[36,1,64,512]]","[""c10::BFloat16"",""unsigned char"",""int"",""int"",""float"","""","""","""","""","""",""Scalar"",""Scalar"",""c10::BFloat16""]",left_only,"[""operator_shape_matched""]",[],3,0,6,0,107.715,0.0,0.000851,0.0,-0.000851
_flashmla_C::sparse_decode_fwd,"[[36,1,64,512],[50438,64,1,584],[36,1,128],[36],[64],[132,8],[37],[50438,2,1,584],[36,1,256],[36],[],[],[36,1,64,512]]","[""c10::BFloat16"",""unsigned char"",""int"",""int"",""float"",""int"",""int"",""unsigned char"",""int"",""int"",""Scalar"",""Scalar"",""c10::BFloat16""]",right_only,[],"[""operator_shape_matched""]",0,2,0,38,0.0,533.997,0.0,0.004331,0.004331
_flashmla_C::sparse_decode_fwd,"[[36,1,64,512],[50438,64,1,584],[36,1,128],[36],[64],[132,8],[37],[50438,64,1,584],[36,1,512],[36],[],[],[36,1,64,512]]","[""c10::BFloat16"",""unsigned char"",""int"",""int"",""float"",""int"",""int"",""unsigned char"",""int"",""int"",""Scalar"",""Scalar"",""c10::BFloat16""]",right_only,[],"[""operator_shape_matched""]",0,2,0,40,0.0,815.823,0.0,0.006617,0.006617
_flashmla_C::sparse_decode_fwd,"[[36,1,64,512],[50438,64,1,584],[36,1,128],[36],[64],[],[],[50438,2,1,584],[36,1,256],[36],[],[],[36,1,64,512]]","[""c10::BFloat16"",""unsigned char"",""int"",""int"",""float"","""","""",""unsigned char"",""int"",""int"",""Scalar"",""Scalar"",""c10::BFloat16""]",right_only,[],"[""operator_shape_matched""]",0,3,0,3,0.0,57.249,0.0,0.000464,0.000464
_flashmla_C::sparse_decode_fwd,"[[36,1,64,512],[50438,64,1,584],[36,1,128],[36],[64],[],[],[50438,64,1,584],[36,1,512],[36],[],[],[36,1,64,512]]","[""c10::BFloat16"",""unsigned char"",""int"",""int"",""float"","""","""",""unsigned char"",""int"",""int"",""Scalar"",""Scalar"",""c10::BFloat16""]",right_only,[],"[""operator_shape_matched""]",0,3,0,3,0.0,71.49,0.0,0.00058,0.00058
_flashmla_C::sparse_decode_fwd,"[[36,1,64,512],[50438,64,1,584],[36,1,128],[36],[64],[],[],[],[],[],[],[],[36,1,64,512]]","[""c10::BFloat16"",""unsigned char"",""int"",""int"",""float"","""","""","""","""","""",""Scalar"",""Scalar"",""c10::BFloat16""]",right_only,[],"[""operator_shape_matched""]",0,3,0,6,0.0,107.522,0.0,0.000872,0.000872
_flashmla_C::sparse_decode_fwd,"[[38,1,64,512],[50314,64,1,584],[38,1,128],[38],[64],[132,8],[39],[50314,2,1,584],[38,1,256],[38],[],[],[38,1,64,512]]","[""c10::BFloat16"",""unsigned char"",""int"",""int"",""float"",""int"",""int"",""unsigned char"",""int"",""int"",""Scalar"",""Scalar"",""c10::BFloat16""]",left_only,"[""operator_shape_matched""]",[],2,0,38,0,541.711,0.0,0.004279,0.0,-0.004279
_flashmla_C::sparse_decode_fwd,"[[38,1,64,512],[50314,64,1,584],[38,1,128],[38],[64],[132,8],[39],[50314,64,1,584],[38,1,512],[38],[],[],[38,1,64,512]]","[""c10::BFloat16"",""unsigned char"",""int"",""int"",""float"",""int"",""int"",""unsigned char"",""int"",""int"",""Scalar"",""Scalar"",""c10::BFloat16""]",left_only,"[""operator_shape_matched""]",[],2,0,40,0,831.031,0.0,0.006564,0.0,-0.006564
_flashmla_C::sparse_decode_fwd,"[[38,1,64,512],[50314,64,1,584],[38,1,128],[38],[64],[],[],[50314,2,1,584],[38,1,256],[38],[],[],[38,1,64,512]]","[""c10::BFloat16"",""unsigned char"",""int"",""int"",""float"","""","""",""unsigned char"",""int"",""int"",""Scalar"",""Scalar"",""c10::BFloat16""]",left_only,"[""operator_shape_matched""]",[],3,0,3,0,57.473,0.0,0.000454,0.0,-0.000454
_flashmla_C::sparse_decode_fwd,"[[38,1,64,512],[50314,64,1,584],[38,1,128],[38],[64],[],[],[50314,64,1,584],[38,1,512],[38],[],[],[38,1,64,512]]","[""c10::BFloat16"",""unsigned char"",""int"",""int"",""float"","""","""",""unsigned char"",""int"",""int"",""Scalar"",""Scalar"",""c10::BFloat16""]",left_only,"[""operator_shape_matched""]",[],3,0,3,0,71.65,0.0,0.000566,0.0,-0.000566
_flashmla_C::sparse_decode_fwd,"[[38,1,64,512],[50314,64,1,584],[38,1,128],[38],[64],[],[],[],[],[],[],[],[38,1,64,512]]","[""c10::BFloat16"",""unsigned char"",""int"",""int"",""float"","""","""","""","""","""",""Scalar"",""Scalar"",""c10::BFloat16""]",left_only,"[""operator_shape_matched""]",[],3,0,6,0,108.418,0.0,0.000856,0.0,-0.000856
_flashmla_C::sparse_decode_fwd,"[[38,1,64,512],[50438,64,1,584],[38,1,128],[38],[64],[132,8],[39],[50438,2,1,584],[38,1,256],[38],[],[],[38,1,64,512]]","[""c10::BFloat16"",""unsigned char"",""int"",""int"",""float"",""int"",""int"",""unsigned char"",""int"",""int"",""Scalar"",""Scalar"",""c10::BFloat16""]",right_only,[],"[""operator_shape_matched""]",0,2,0,38,0.0,535.981,0.0,0.004347,0.004347
_flashmla_C::sparse_decode_fwd,"[[38,1,64,512],[50438,64,1,584],[38,1,128],[38],[64],[132,8],[39],[50438,64,1,584],[38,1,512],[38],[],[],[38,1,64,512]]","[""c10::BFloat16"",""unsigned char"",""int"",""int"",""float"",""int"",""int"",""unsigned char"",""int"",""int"",""Scalar"",""Scalar"",""c10::BFloat16""]",right_only,[],"[""operator_shape_matched""]",0,2,0,40,0.0,831.087,0.0,0.006741,0.006741
_flashmla_C::sparse_decode_fwd,"[[38,1,64,512],[50438,64,1,584],[38,1,128],[38],[64],[],[],[50438,2,1,584],[38,1,256],[38],[],[],[38,1,64,512]]","[""c10::BFloat16"",""unsigned char"",""int"",""int"",""float"","""","""",""unsigned char"",""int"",""int"",""Scalar"",""Scalar"",""c10::BFloat16""]",right_only,[],"[""operator_shape_matched""]",0,3,0,3,0.0,57.665,0.0,0.000468,0.000468
_flashmla_C::sparse_decode_fwd,"[[38,1,64,512],[50438,64,1,584],[38,1,128],[38],[64],[],[],[50438,64,1,584],[38,1,512],[38],[],[],[38,1,64,512]]","[""c10::BFloat16"",""unsigned char"",""int"",""int"",""float"","""","""",""unsigned char"",""int"",""int"",""Scalar"",""Scalar"",""c10::BFloat16""]",right_only,[],"[""operator_shape_matched""]",0,3,0,3,0.0,69.761,0.0,0.000566,0.000566
_flashmla_C::sparse_decode_fwd,"[[38,1,64,512],[50438,64,1,584],[38,1,128],[38],[64],[],[],[],[],[],[],[],[38,1,64,512]]","[""c10::BFloat16"",""unsigned char"",""int"",""int"",""float"","""","""","""","""","""",""Scalar"",""Scalar"",""c10::BFloat16""]",right_only,[],"[""operator_shape_matched""]",0,3,0,6,0.0,108.868,0.0,0.000883,0.000883
_flashmla_C::sparse_decode_fwd,"[[4,1,64,512],[50314,64,1,584],[4,1,128],[4],[64],[132,8],[5],[50314,2,1,584],[4,1,256],[4],[],[],[4,1,64,512]]","[""c10::BFloat16"",""unsigned char"",""int"",""int"",""float"",""int"",""int"",""unsigned char"",""int"",""int"",""Scalar"",""Scalar"",""c10::BFloat16""]",left_only,"[""operator_shape_matched""]",[],2,0,38,0,424.202,0.0,0.003351,0.0,-0.003351
_flashmla_C::sparse_decode_fwd,"[[4,1,64,512],[50314,64,1,584],[4,1,128],[4],[64],[132,8],[5],[50314,64,1,584],[4,1,512],[4],[],[],[4,1,64,512]]","[""c10::BFloat16"",""unsigned char"",""int"",""int"",""float"",""int"",""int"",""unsigned char"",""int"",""int"",""Scalar"",""Scalar"",""c10::BFloat16""]",left_only,"[""operator_shape_matched""]",[],2,0,40,0,507.567,0.0,0.004009,0.0,-0.004009
_flashmla_C::sparse_decode_fwd,"[[4,1,64,512],[50314,64,1,584],[4,1,128],[4],[64],[],[],[50314,2,1,584],[4,1,256],[4],[],[],[4,1,64,512]]","[""c10::BFloat16"",""unsigned char"",""int"",""int"",""float"","""","""",""unsigned char"",""int"",""int"",""Scalar"",""Scalar"",""c10::BFloat16""]",left_only,"[""operator_shape_matched""]",[],3,0,3,0,48.738,0.0,0.000385,0.0,-0.000385
_flashmla_C::sparse_decode_fwd,"[[4,1,64,512],[50314,64,1,584],[4,1,128],[4],[64],[],[],[50314,64,1,584],[4,1,512],[4],[],[],[4,1,64,512]]","[""c10::BFloat16"",""unsigned char"",""int"",""int"",""float"","""","""",""unsigned char"",""int"",""int"",""Scalar"",""Scalar"",""c10::BFloat16""]",left_only,"[""operator_shape_matched""]",[],3,0,3,0,51.489,0.0,0.000407,0.0,-0.000407
_flashmla_C::sparse_decode_fwd,"[[4,1,64,512],[50314,64,1,584],[4,1,128],[4],[64],[],[],[],[],[],[],[],[4,1,64,512]]","[""c10::BFloat16"",""unsigned char"",""int"",""int"",""float"","""","""","""","""","""",""Scalar"",""Scalar"",""c10::BFloat16""]",left_only,"[""operator_shape_matched""]",[],3,0,6,0,96.29,0.0,0.000761,0.0,-0.000761
_flashmla_C::sparse_decode_fwd,"[[4,1,64,512],[50438,64,1,584],[4,1,128],[4],[64],[132,8],[5],[50438,2,1,584],[4,1,256],[4],[],[],[4,1,64,512]]","[""c10::BFloat16"",""unsigned char"",""int"",""int"",""float"",""int"",""int"",""unsigned char"",""int"",""int"",""Scalar"",""Scalar"",""c10::BFloat16""]",right_only,[],"[""operator_shape_matched""]",0,2,0,38,0.0,421.038,0.0,0.003415,0.003415
_flashmla_C::sparse_decode_fwd,"[[4,1,64,512],[50438,64,1,584],[4,1,128],[4],[64],[132,8],[5],[50438,64,1,584],[4,1,512],[4],[],[],[4,1,64,512]]","[""c10::BFloat16"",""unsigned char"",""int"",""int"",""float"",""int"",""int"",""unsigned char"",""int"",""int"",""Scalar"",""Scalar"",""c10::BFloat16""]",right_only,[],"[""operator_shape_matched""]",0,2,0,40,0.0,504.268,0.0,0.00409,0.00409
_flashmla_C::sparse_decode_fwd,"[[4,1,64,512],[50438,64,1,584],[4,1,128],[4],[64],[],[],[50438,2,1,584],[4,1,256],[4],[],[],[4,1,64,512]]","[""c10::BFloat16"",""unsigned char"",""int"",""int"",""float"","""","""",""unsigned char"",""int"",""int"",""Scalar"",""Scalar"",""c10::BFloat16""]",right_only,[],"[""operator_shape_matched""]",0,3,0,3,0.0,48.321,0.0,0.000392,0.000392
_flashmla_C::sparse_decode_fwd,"[[4,1,64,512],[50438,64,1,584],[4,1,128],[4],[64],[],[],[50438,64,1,584],[4,1,512],[4],[],[],[4,1,64,512]]","[""c10::BFloat16"",""unsigned char"",""int"",""int"",""float"","""","""",""unsigned char"",""int"",""int"",""Scalar"",""Scalar"",""c10::BFloat16""]",right_only,[],"[""operator_shape_matched""]",0,3,0,3,0.0,50.881,0.0,0.000413,0.000413
_flashmla_C::sparse_decode_fwd,"[[4,1,64,512],[50438,64,1,584],[4,1,128],[4],[64],[],[],[],[],[],[],[],[4,1,64,512]]","[""c10::BFloat16"",""unsigned char"",""int"",""int"",""float"","""","""","""","""","""",""Scalar"",""Scalar"",""c10::BFloat16""]",right_only,[],"[""operator_shape_matched""]",0,3,0,6,0.0,96.865,0.0,0.000786,0.000786
_flashmla_C::sparse_decode_fwd,"[[40,1,64,512],[50314,64,1,584],[40,1,128],[40],[64],[132,8],[41],[50314,2,1,584],[40,1,256],[40],[],[],[40,1,64,512]]","[""c10::BFloat16"",""unsigned char"",""int"",""int"",""float"",""int"",""int"",""unsigned char"",""int"",""int"",""Scalar"",""Scalar"",""c10::BFloat16""]",left_only,"[""operator_shape_matched""]",[],2,0,38,0,543.624,0.0,0.004294,0.0,-0.004294
_flashmla_C::sparse_decode_fwd,"[[40,1,64,512],[50314,64,1,584],[40,1,128],[40],[64],[132,8],[41],[50314,64,1,584],[40,1,512],[40],[],[],[40,1,64,512]]","[""c10::BFloat16"",""unsigned char"",""int"",""int"",""float"",""int"",""int"",""unsigned char"",""int"",""int"",""Scalar"",""Scalar"",""c10::BFloat16""]",left_only,"[""operator_shape_matched""]",[],2,0,40,0,838.449,0.0,0.006623,0.0,-0.006623
_flashmla_C::sparse_decode_fwd,"[[40,1,64,512],[50314,64,1,584],[40,1,128],[40],[64],[],[],[50314,2,1,584],[40,1,256],[40],[],[],[40,1,64,512]]","[""c10::BFloat16"",""unsigned char"",""int"",""int"",""float"","""","""",""unsigned char"",""int"",""int"",""Scalar"",""Scalar"",""c10::BFloat16""]",left_only,"[""operator_shape_matched""]",[],3,0,3,0,57.827,0.0,0.000457,0.0,-0.000457
_flashmla_C::sparse_decode_fwd,"[[40,1,64,512],[50314,64,1,584],[40,1,128],[40],[64],[],[],[50314,64,1,584],[40,1,512],[40],[],[],[40,1,64,512]]","[""c10::BFloat16"",""unsigned char"",""int"",""int"",""float"","""","""",""unsigned char"",""int"",""int"",""Scalar"",""Scalar"",""c10::BFloat16""]",left_only,"[""operator_shape_matched""]",[],3,0,3,0,71.361,0.0,0.000564,0.0,-0.000564
_flashmla_C::sparse_decode_fwd,"[[40,1,64,512],[50314,64,1,584],[40,1,128],[40],[64],[],[],[],[],[],[],[],[40,1,64,512]]","[""c10::BFloat16"",""unsigned char"",""int"",""int"",""float"","""","""","""","""","""",""Scalar"",""Scalar"",""c10::BFloat16""]",left_only,"[""operator_shape_matched""]",[],3,0,6,0,108.994,0.0,0.000861,0.0,-0.000861
_flashmla_C::sparse_decode_fwd,"[[40,1,64,512],[50438,64,1,584],[40,1,128],[40],[64],[132,8],[41],[50438,2,1,584],[40,1,256],[40],[],[],[40,1,64,512]]","[""c10::BFloat16"",""unsigned char"",""int"",""int"",""float"",""int"",""int"",""unsigned char"",""int"",""int"",""Scalar"",""Scalar"",""c10::BFloat16""]",right_only,[],"[""operator_shape_matched""]",0,2,0,38,0.0,535.854,0.0,0.004346,0.004346
_flashmla_C::sparse_decode_fwd,"[[40,1,64,512],[50438,64,1,584],[40,1,128],[40],[64],[132,8],[41],[50438,64,1,584],[40,1,512],[40],[],[],[40,1,64,512]]","[""c10::BFloat16"",""unsigned char"",""int"",""int"",""float"",""int"",""int"",""unsigned char"",""int"",""int"",""Scalar"",""Scalar"",""c10::BFloat16""]",right_only,[],"[""operator_shape_matched""]",0,2,0,40,0.0,838.453,0.0,0.006801,0.006801
_flashmla_C::sparse_decode_fwd,"[[40,1,64,512],[50438,64,1,584],[40,1,128],[40],[64],[],[],[50438,2,1,584],[40,1,256],[40],[],[],[40,1,64,512]]","[""c10::BFloat16"",""unsigned char"",""int"",""int"",""float"","""","""",""unsigned char"",""int"",""int"",""Scalar"",""Scalar"",""c10::BFloat16""]",right_only,[],"[""operator_shape_matched""]",0,3,0,3,0.0,57.731,0.0,0.000468,0.000468
_flashmla_C::sparse_decode_fwd,"[[40,1,64,512],[50438,64,1,584],[40,1,128],[40],[64],[],[],[50438,64,1,584],[40,1,512],[40],[],[],[40,1,64,512]]","[""c10::BFloat16"",""unsigned char"",""int"",""int"",""float"","""","""",""unsigned char"",""int"",""int"",""Scalar"",""Scalar"",""c10::BFloat16""]",right_only,[],"[""operator_shape_matched""]",0,3,0,3,0.0,72.833,0.0,0.000591,0.000591
_flashmla_C::sparse_decode_fwd,"[[40,1,64,512],[50438,64,1,584],[40,1,128],[40],[64],[],[],[],[],[],[],[],[40,1,64,512]]","[""c10::BFloat16"",""unsigned char"",""int"",""int"",""float"","""","""","""","""","""",""Scalar"",""Scalar"",""c10::BFloat16""]",right_only,[],"[""operator_shape_matched""]",0,3,0,6,0.0,108.066,0.0,0.000877,0.000877
_flashmla_C::sparse_decode_fwd,"[[42,1,64,512],[50314,64,1,584],[42,1,128],[42],[64],[132,8],[43],[50314,2,1,584],[42,1,256],[42],[],[],[42,1,64,512]]","[""c10::BFloat16"",""unsigned char"",""int"",""int"",""float"",""int"",""int"",""unsigned char"",""int"",""int"",""Scalar"",""Scalar"",""c10::BFloat16""]",left_only,"[""operator_shape_matched""]",[],2,0,38,0,542.954,0.0,0.004289,0.0,-0.004289
_flashmla_C::sparse_decode_fwd,"[[42,1,64,512],[50314,64,1,584],[42,1,128],[42],[64],[132,8],[43],[50314,64,1,584],[42,1,512],[42],[],[],[42,1,64,512]]","[""c10::BFloat16"",""unsigned char"",""int"",""int"",""float"",""int"",""int"",""unsigned char"",""int"",""int"",""Scalar"",""Scalar"",""c10::BFloat16""]",left_only,"[""operator_shape_matched""]",[],2,0,40,0,854.869,0.0,0.006752,0.0,-0.006752
_flashmla_C::sparse_decode_fwd,"[[42,1,64,512],[50314,64,1,584],[42,1,128],[42],[64],[],[],[50314,2,1,584],[42,1,256],[42],[],[],[42,1,64,512]]","[""c10::BFloat16"",""unsigned char"",""int"",""int"",""float"","""","""",""unsigned char"",""int"",""int"",""Scalar"",""Scalar"",""c10::BFloat16""]",left_only,"[""operator_shape_matched""]",[],3,0,3,0,58.529,0.0,0.000462,0.0,-0.000462
_flashmla_C::sparse_decode_fwd,"[[42,1,64,512],[50314,64,1,584],[42,1,128],[42],[64],[],[],[50314,64,1,584],[42,1,512],[42],[],[],[42,1,64,512]]","[""c10::BFloat16"",""unsigned char"",""int"",""int"",""float"","""","""",""unsigned char"",""int"",""int"",""Scalar"",""Scalar"",""c10::BFloat16""]",left_only,"[""operator_shape_matched""]",[],3,0,3,0,73.377,0.0,0.00058,0.0,-0.00058
_flashmla_C::sparse_decode_fwd,"[[42,1,64,512],[50314,64,1,584],[42,1,128],[42],[64],[],[],[],[],[],[],[],[42,1,64,512]]","[""c10::BFloat16"",""unsigned char"",""int"",""int"",""float"","""","""","""","""","""",""Scalar"",""Scalar"",""c10::BFloat16""]",left_only,"[""operator_shape_matched""]",[],3,0,6,0,108.834,0.0,0.00086,0.0,-0.00086
_flashmla_C::sparse_decode_fwd,"[[42,1,64,512],[50438,64,1,584],[42,1,128],[42],[64],[132,8],[43],[50438,2,1,584],[42,1,256],[42],[],[],[42,1,64,512]]","[""c10::BFloat16"",""unsigned char"",""int"",""int"",""float"",""int"",""int"",""unsigned char"",""int"",""int"",""Scalar"",""Scalar"",""c10::BFloat16""]",right_only,[],"[""operator_shape_matched""]",0,2,0,38,0.0,535.307,0.0,0.004342,0.004342
_flashmla_C::sparse_decode_fwd,"[[42,1,64,512],[50438,64,1,584],[42,1,128],[42],[64],[132,8],[43],[50438,64,1,584],[42,1,512],[42],[],[],[42,1,64,512]]","[""c10::BFloat16"",""unsigned char"",""int"",""int"",""float"",""int"",""int"",""unsigned char"",""int"",""int"",""Scalar"",""Scalar"",""c10::BFloat16""]",right_only,[],"[""operator_shape_matched""]",0,2,0,40,0.0,848.276,0.0,0.00688,0.00688
_flashmla_C::sparse_decode_fwd,"[[42,1,64,512],[50438,64,1,584],[42,1,128],[42],[64],[],[],[50438,2,1,584],[42,1,256],[42],[],[],[42,1,64,512]]","[""c10::BFloat16"",""unsigned char"",""int"",""int"",""float"","""","""",""unsigned char"",""int"",""int"",""Scalar"",""Scalar"",""c10::BFloat16""]",right_only,[],"[""operator_shape_matched""]",0,3,0,3,0.0,57.792,0.0,0.000469,0.000469
_flashmla_C::sparse_decode_fwd,"[[42,1,64,512],[50438,64,1,584],[42,1,128],[42],[64],[],[],[50438,64,1,584],[42,1,512],[42],[],[],[42,1,64,512]]","[""c10::BFloat16"",""unsigned char"",""int"",""int"",""float"","""","""",""unsigned char"",""int"",""int"",""Scalar"",""Scalar"",""c10::BFloat16""]",right_only,[],"[""operator_shape_matched""]",0,3,0,3,0.0,71.778,0.0,0.000582,0.000582
_flashmla_C::sparse_decode_fwd,"[[42,1,64,512],[50438,64,1,584],[42,1,128],[42],[64],[],[],[],[],[],[],[],[42,1,64,512]]","[""c10::BFloat16"",""unsigned char"",""int"",""int"",""float"","""","""","""","""","""",""Scalar"",""Scalar"",""c10::BFloat16""]",right_only,[],"[""operator_shape_matched""]",0,3,0,6,0.0,109.345,0.0,0.000887,0.000887
_flashmla_C::sparse_decode_fwd,"[[44,1,64,512],[50314,64,1,584],[44,1,128],[44],[64],[132,8],[45],[50314,2,1,584],[44,1,256],[44],[],[],[44,1,64,512]]","[""c10::BFloat16"",""unsigned char"",""int"",""int"",""float"",""int"",""int"",""unsigned char"",""int"",""int"",""Scalar"",""Scalar"",""c10::BFloat16""]",left_only,"[""operator_shape_matched""]",[],2,0,38,0,545.582,0.0,0.004309,0.0,-0.004309
_flashmla_C::sparse_decode_fwd,"[[44,1,64,512],[50314,64,1,584],[44,1,128],[44],[64],[132,8],[45],[50314,64,1,584],[44,1,512],[44],[],[],[44,1,64,512]]","[""c10::BFloat16"",""unsigned char"",""int"",""int"",""float"",""int"",""int"",""unsigned char"",""int"",""int"",""Scalar"",""Scalar"",""c10::BFloat16""]",left_only,"[""operator_shape_matched""]",[],2,0,40,0,866.961,0.0,0.006848,0.0,-0.006848
_flashmla_C::sparse_decode_fwd,"[[44,1,64,512],[50314,64,1,584],[44,1,128],[44],[64],[],[],[50314,2,1,584],[44,1,256],[44],[],[],[44,1,64,512]]","[""c10::BFloat16"",""unsigned char"",""int"",""int"",""float"","""","""",""unsigned char"",""int"",""int"",""Scalar"",""Scalar"",""c10::BFloat16""]",left_only,"[""operator_shape_matched""]",[],3,0,3,0,58.976,0.0,0.000466,0.0,-0.000466
_flashmla_C::sparse_decode_fwd,"[[44,1,64,512],[50314,64,1,584],[44,1,128],[44],[64],[],[],[50314,64,1,584],[44,1,512],[44],[],[],[44,1,64,512]]","[""c10::BFloat16"",""unsigned char"",""int"",""int"",""float"","""","""",""unsigned char"",""int"",""int"",""Scalar"",""Scalar"",""c10::BFloat16""]",left_only,"[""operator_shape_matched""]",[],3,0,3,0,73.954,0.0,0.000584,0.0,-0.000584
_flashmla_C::sparse_decode_fwd,"[[44,1,64,512],[50314,64,1,584],[44,1,128],[44],[64],[],[],[],[],[],[],[],[44,1,64,512]]","[""c10::BFloat16"",""unsigned char"",""int"",""int"",""float"","""","""","""","""","""",""Scalar"",""Scalar"",""c10::BFloat16""]",left_only,"[""operator_shape_matched""]",[],3,0,6,0,110.498,0.0,0.000873,0.0,-0.000873
_flashmla_C::sparse_decode_fwd,"[[44,1,64,512],[50438,64,1,584],[44,1,128],[44],[64],[132,8],[45],[50438,2,1,584],[44,1,256],[44],[],[],[44,1,64,512]]","[""c10::BFloat16"",""unsigned char"",""int"",""int"",""float"",""int"",""int"",""unsigned char"",""int"",""int"",""Scalar"",""Scalar"",""c10::BFloat16""]",right_only,[],"[""operator_shape_matched""]",0,2,0,38,0.0,545.87,0.0,0.004428,0.004428
_flashmla_C::sparse_decode_fwd,"[[44,1,64,512],[50438,64,1,584],[44,1,128],[44],[64],[132,8],[45],[50438,64,1,584],[44,1,512],[44],[],[],[44,1,64,512]]","[""c10::BFloat16"",""unsigned char"",""int"",""int"",""float"",""int"",""int"",""unsigned char"",""int"",""int"",""Scalar"",""Scalar"",""c10::BFloat16""]",right_only,[],"[""operator_shape_matched""]",0,2,0,40,0.0,859.22,0.0,0.006969,0.006969
_flashmla_C::sparse_decode_fwd,"[[44,1,64,512],[50438,64,1,584],[44,1,128],[44],[64],[],[],[50438,2,1,584],[44,1,256],[44],[],[],[44,1,64,512]]","[""c10::BFloat16"",""unsigned char"",""int"",""int"",""float"","""","""",""unsigned char"",""int"",""int"",""Scalar"",""Scalar"",""c10::BFloat16""]",right_only,[],"[""operator_shape_matched""]",0,3,0,3,0.0,58.274,0.0,0.000473,0.000473
_flashmla_C::sparse_decode_fwd,"[[44,1,64,512],[50438,64,1,584],[44,1,128],[44],[64],[],[],[50438,64,1,584],[44,1,512],[44],[],[],[44,1,64,512]]","[""c10::BFloat16"",""unsigned char"",""int"",""int"",""float"","""","""",""unsigned char"",""int"",""int"",""Scalar"",""Scalar"",""c10::BFloat16""]",right_only,[],"[""operator_shape_matched""]",0,3,0,3,0.0,75.138,0.0,0.000609,0.000609
_flashmla_C::sparse_decode_fwd,"[[44,1,64,512],[50438,64,1,584],[44,1,128],[44],[64],[],[],[],[],[],[],[],[44,1,64,512]]","[""c10::BFloat16"",""unsigned char"",""int"",""int"",""float"","""","""","""","""","""",""Scalar"",""Scalar"",""c10::BFloat16""]",right_only,[],"[""operator_shape_matched""]",0,3,0,6,0.0,109.506,0.0,0.000888,0.000888
_flashmla_C::sparse_decode_fwd,"[[46,1,64,512],[50314,64,1,584],[46,1,128],[46],[64],[132,8],[47],[50314,2,1,584],[46,1,256],[46],[],[],[46,1,64,512]]","[""c10::BFloat16"",""unsigned char"",""int"",""int"",""float"",""int"",""int"",""unsigned char"",""int"",""int"",""Scalar"",""Scalar"",""c10::BFloat16""]",left_only,"[""operator_shape_matched""]",[],2,0,38,0,547.216,0.0,0.004322,0.0,-0.004322
_flashmla_C::sparse_decode_fwd,"[[46,1,64,512],[50314,64,1,584],[46,1,128],[46],[64],[132,8],[47],[50314,64,1,584],[46,1,512],[46],[],[],[46,1,64,512]]","[""c10::BFloat16"",""unsigned char"",""int"",""int"",""float"",""int"",""int"",""unsigned char"",""int"",""int"",""Scalar"",""Scalar"",""c10::BFloat16""]",left_only,"[""operator_shape_matched""]",[],2,0,40,0,884.628,0.0,0.006988,0.0,-0.006988
_flashmla_C::sparse_decode_fwd,"[[46,1,64,512],[50314,64,1,584],[46,1,128],[46],[64],[],[],[50314,2,1,584],[46,1,256],[46],[],[],[46,1,64,512]]","[""c10::BFloat16"",""unsigned char"",""int"",""int"",""float"","""","""",""unsigned char"",""int"",""int"",""Scalar"",""Scalar"",""c10::BFloat16""]",left_only,"[""operator_shape_matched""]",[],3,0,3,0,59.041,0.0,0.000466,0.0,-0.000466
_flashmla_C::sparse_decode_fwd,"[[46,1,64,512],[50314,64,1,584],[46,1,128],[46],[64],[],[],[50314,64,1,584],[46,1,512],[46],[],[],[46,1,64,512]]","[""c10::BFloat16"",""unsigned char"",""int"",""int"",""float"","""","""",""unsigned char"",""int"",""int"",""Scalar"",""Scalar"",""c10::BFloat16""]",left_only,"[""operator_shape_matched""]",[],3,0,3,0,74.433,0.0,0.000588,0.0,-0.000588
_flashmla_C::sparse_decode_fwd,"[[46,1,64,512],[50314,64,1,584],[46,1,128],[46],[64],[],[],[],[],[],[],[],[46,1,64,512]]","[""c10::BFloat16"",""unsigned char"",""int"",""int"",""float"","""","""","""","""","""",""Scalar"",""Scalar"",""c10::BFloat16""]",left_only,"[""operator_shape_matched""]",[],3,0,6,0,111.617,0.0,0.000882,0.0,-0.000882
_flashmla_C::sparse_decode_fwd,"[[46,1,64,512],[50438,64,1,584],[46,1,128],[46],[64],[132,8],[47],[50438,2,1,584],[46,1,256],[46],[],[],[46,1,64,512]]","[""c10::BFloat16"",""unsigned char"",""int"",""int"",""float"",""int"",""int"",""unsigned char"",""int"",""int"",""Scalar"",""Scalar"",""c10::BFloat16""]",right_only,[],"[""operator_shape_matched""]",0,2,0,38,0.0,549.133,0.0,0.004454,0.004454
_flashmla_C::sparse_decode_fwd,"[[46,1,64,512],[50438,64,1,584],[46,1,128],[46],[64],[132,8],[47],[50438,64,1,584],[46,1,512],[46],[],[],[46,1,64,512]]","[""c10::BFloat16"",""unsigned char"",""int"",""int"",""float"",""int"",""int"",""unsigned char"",""int"",""int"",""Scalar"",""Scalar"",""c10::BFloat16""]",right_only,[],"[""operator_shape_matched""]",0,2,0,40,0.0,883.666,0.0,0.007167,0.007167
_flashmla_C::sparse_decode_fwd,"[[46,1,64,512],[50438,64,1,584],[46,1,128],[46],[64],[],[],[50438,2,1,584],[46,1,256],[46],[],[],[46,1,64,512]]","[""c10::BFloat16"",""unsigned char"",""int"",""int"",""float"","""","""",""unsigned char"",""int"",""int"",""Scalar"",""Scalar"",""c10::BFloat16""]",right_only,[],"[""operator_shape_matched""]",0,3,0,3,0.0,58.562,0.0,0.000475,0.000475
_flashmla_C::sparse_decode_fwd,"[[46,1,64,512],[50438,64,1,584],[46,1,128],[46],[64],[],[],[50438,64,1,584],[46,1,512],[46],[],[],[46,1,64,512]]","[""c10::BFloat16"",""unsigned char"",""int"",""int"",""float"","""","""",""unsigned char"",""int"",""int"",""Scalar"",""Scalar"",""c10::BFloat16""]",right_only,[],"[""operator_shape_matched""]",0,3,0,3,0.0,75.137,0.0,0.000609,0.000609
_flashmla_C::sparse_decode_fwd,"[[46,1,64,512],[50438,64,1,584],[46,1,128],[46],[64],[],[],[],[],[],[],[],[46,1,64,512]]","[""c10::BFloat16"",""unsigned char"",""int"",""int"",""float"","""","""","""","""","""",""Scalar"",""Scalar"",""c10::BFloat16""]",right_only,[],"[""operator_shape_matched""]",0,3,0,6,0.0,109.987,0.0,0.000892,0.000892
_flashmla_C::sparse_decode_fwd,"[[48,1,64,512],[50314,64,1,584],[48,1,128],[48],[64],[132,8],[49],[50314,2,1,584],[48,1,256],[48],[],[],[48,1,64,512]]","[""c10::BFloat16"",""unsigned char"",""int"",""int"",""float"",""int"",""int"",""unsigned char"",""int"",""int"",""Scalar"",""Scalar"",""c10::BFloat16""]",left_only,"[""operator_shape_matched""]",[],2,0,38,0,551.725,0.0,0.004358,0.0,-0.004358
_flashmla_C::sparse_decode_fwd,"[[48,1,64,512],[50314,64,1,584],[48,1,128],[48],[64],[132,8],[49],[50314,64,1,584],[48,1,512],[48],[],[],[48,1,64,512]]","[""c10::BFloat16"",""unsigned char"",""int"",""int"",""float"",""int"",""int"",""unsigned char"",""int"",""int"",""Scalar"",""Scalar"",""c10::BFloat16""]",left_only,"[""operator_shape_matched""]",[],2,0,40,0,892.98,0.0,0.007054,0.0,-0.007054
_flashmla_C::sparse_decode_fwd,"[[48,1,64,512],[50314,64,1,584],[48,1,128],[48],[64],[],[],[50314,2,1,584],[48,1,256],[48],[],[],[48,1,64,512]]","[""c10::BFloat16"",""unsigned char"",""int"",""int"",""float"","""","""",""unsigned char"",""int"",""int"",""Scalar"",""Scalar"",""c10::BFloat16""]",left_only,"[""operator_shape_matched""]",[],3,0,3,0,59.648,0.0,0.000471,0.0,-0.000471
_flashmla_C::sparse_decode_fwd,"[[48,1,64,512],[50314,64,1,584],[48,1,128],[48],[64],[],[],[50314,64,1,584],[48,1,512],[48],[],[],[48,1,64,512]]","[""c10::BFloat16"",""unsigned char"",""int"",""int"",""float"","""","""",""unsigned char"",""int"",""int"",""Scalar"",""Scalar"",""c10::BFloat16""]",left_only,"[""operator_shape_matched""]",[],3,0,3,0,75.201,0.0,0.000594,0.0,-0.000594
_flashmla_C::sparse_decode_fwd,"[[48,1,64,512],[50314,64,1,584],[48,1,128],[48],[64],[],[],[],[],[],[],[],[48,1,64,512]]","[""c10::BFloat16"",""unsigned char"",""int"",""int"",""float"","""","""","""","""","""",""Scalar"",""Scalar"",""c10::BFloat16""]",left_only,"[""operator_shape_matched""]",[],3,0,6,0,112.099,0.0,0.000885,0.0,-0.000885
_flashmla_C::sparse_decode_fwd,"[[48,1,64,512],[50438,64,1,584],[48,1,128],[48],[64],[132,8],[49],[50438,2,1,584],[48,1,256],[48],[],[],[48,1,64,512]]","[""c10::BFloat16"",""unsigned char"",""int"",""int"",""float"",""int"",""int"",""unsigned char"",""int"",""int"",""Scalar"",""Scalar"",""c10::BFloat16""]",right_only,[],"[""operator_shape_matched""]",0,2,0,38,0.0,551.624,0.0,0.004474,0.004474
_flashmla_C::sparse_decode_fwd,"[[48,1,64,512],[50438,64,1,584],[48,1,128],[48],[64],[132,8],[49],[50438,64,1,584],[48,1,512],[48],[],[],[48,1,64,512]]","[""c10::BFloat16"",""unsigned char"",""int"",""int"",""float"",""int"",""int"",""unsigned char"",""int"",""int"",""Scalar"",""Scalar"",""c10::BFloat16""]",right_only,[],"[""operator_shape_matched""]",0,2,0,40,0.0,888.086,0.0,0.007203,0.007203
_flashmla_C::sparse_decode_fwd,"[[48,1,64,512],[50438,64,1,584],[48,1,128],[48],[64],[],[],[50438,2,1,584],[48,1,256],[48],[],[],[48,1,64,512]]","[""c10::BFloat16"",""unsigned char"",""int"",""int"",""float"","""","""",""unsigned char"",""int"",""int"",""Scalar"",""Scalar"",""c10::BFloat16""]",right_only,[],"[""operator_shape_matched""]",0,3,0,3,0.0,58.848,0.0,0.000477,0.000477
_flashmla_C::sparse_decode_fwd,"[[48,1,64,512],[50438,64,1,584],[48,1,128],[48],[64],[],[],[50438,64,1,584],[48,1,512],[48],[],[],[48,1,64,512]]","[""c10::BFloat16"",""unsigned char"",""int"",""int"",""float"","""","""",""unsigned char"",""int"",""int"",""Scalar"",""Scalar"",""c10::BFloat16""]",right_only,[],"[""operator_shape_matched""]",0,3,0,3,0.0,76.29,0.0,0.000619,0.000619
_flashmla_C::sparse_decode_fwd,"[[48,1,64,512],[50438,64,1,584],[48,1,128],[48],[64],[],[],[],[],[],[],[],[48,1,64,512]]","[""c10::BFloat16"",""unsigned char"",""int"",""int"",""float"","""","""","""","""","""",""Scalar"",""Scalar"",""c10::BFloat16""]",right_only,[],"[""operator_shape_matched""]",0,3,0,6,0.0,110.275,0.0,0.000894,0.000894
_flashmla_C::sparse_decode_fwd,"[[50,1,64,512],[50314,64,1,584],[50,1,128],[50],[64],[132,8],[51],[50314,2,1,584],[50,1,256],[50],[],[],[50,1,64,512]]","[""c10::BFloat16"",""unsigned char"",""int"",""int"",""float"",""int"",""int"",""unsigned char"",""int"",""int"",""Scalar"",""Scalar"",""c10::BFloat16""]",left_only,"[""operator_shape_matched""]",[],2,0,38,0,551.888,0.0,0.004359,0.0,-0.004359
_flashmla_C::sparse_decode_fwd,"[[50,1,64,512],[50314,64,1,584],[50,1,128],[50],[64],[132,8],[51],[50314,64,1,584],[50,1,512],[50],[],[],[50,1,64,512]]","[""c10::BFloat16"",""unsigned char"",""int"",""int"",""float"",""int"",""int"",""unsigned char"",""int"",""int"",""Scalar"",""Scalar"",""c10::BFloat16""]",left_only,"[""operator_shape_matched""]",[],2,0,40,0,905.08,0.0,0.007149,0.0,-0.007149
_flashmla_C::sparse_decode_fwd,"[[50,1,64,512],[50314,64,1,584],[50,1,128],[50],[64],[],[],[50314,2,1,584],[50,1,256],[50],[],[],[50,1,64,512]]","[""c10::BFloat16"",""unsigned char"",""int"",""int"",""float"","""","""",""unsigned char"",""int"",""int"",""Scalar"",""Scalar"",""c10::BFloat16""]",left_only,"[""operator_shape_matched""]",[],3,0,3,0,59.362,0.0,0.000469,0.0,-0.000469
_flashmla_C::sparse_decode_fwd,"[[50,1,64,512],[50314,64,1,584],[50,1,128],[50],[64],[],[],[50314,64,1,584],[50,1,512],[50],[],[],[50,1,64,512]]","[""c10::BFloat16"",""unsigned char"",""int"",""int"",""float"","""","""",""unsigned char"",""int"",""int"",""Scalar"",""Scalar"",""c10::BFloat16""]",left_only,"[""operator_shape_matched""]",[],3,0,3,0,76.641,0.0,0.000605,0.0,-0.000605
_flashmla_C::sparse_decode_fwd,"[[50,1,64,512],[50314,64,1,584],[50,1,128],[50],[64],[],[],[],[],[],[],[],[50,1,64,512]]","[""c10::BFloat16"",""unsigned char"",""int"",""int"",""float"","""","""","""","""","""",""Scalar"",""Scalar"",""c10::BFloat16""]",left_only,"[""operator_shape_matched""]",[],3,0,6,0,111.266,0.0,0.000879,0.0,-0.000879
_flashmla_C::sparse_decode_fwd,"[[50,1,64,512],[50438,64,1,584],[50,1,128],[50],[64],[132,8],[51],[50438,2,1,584],[50,1,256],[50],[],[],[50,1,64,512]]","[""c10::BFloat16"",""unsigned char"",""int"",""int"",""float"",""int"",""int"",""unsigned char"",""int"",""int"",""Scalar"",""Scalar"",""c10::BFloat16""]",right_only,[],"[""operator_shape_matched""]",0,2,0,38,0.0,554.473,0.0,0.004497,0.004497
_flashmla_C::sparse_decode_fwd,"[[50,1,64,512],[50438,64,1,584],[50,1,128],[50],[64],[132,8],[51],[50438,64,1,584],[50,1,512],[50],[],[],[50,1,64,512]]","[""c10::BFloat16"",""unsigned char"",""int"",""int"",""float"",""int"",""int"",""unsigned char"",""int"",""int"",""Scalar"",""Scalar"",""c10::BFloat16""]",right_only,[],"[""operator_shape_matched""]",0,2,0,40,0.0,899.766,0.0,0.007298,0.007298
_flashmla_C::sparse_decode_fwd,"[[50,1,64,512],[50438,64,1,584],[50,1,128],[50],[64],[],[],[50438,2,1,584],[50,1,256],[50],[],[],[50,1,64,512]]","[""c10::BFloat16"",""unsigned char"",""int"",""int"",""float"","""","""",""unsigned char"",""int"",""int"",""Scalar"",""Scalar"",""c10::BFloat16""]",right_only,[],"[""operator_shape_matched""]",0,3,0,3,0.0,58.819,0.0,0.000477,0.000477
_flashmla_C::sparse_decode_fwd,"[[50,1,64,512],[50438,64,1,584],[50,1,128],[50],[64],[],[],[50438,64,1,584],[50,1,512],[50],[],[],[50,1,64,512]]","[""c10::BFloat16"",""unsigned char"",""int"",""int"",""float"","""","""",""unsigned char"",""int"",""int"",""Scalar"",""Scalar"",""c10::BFloat16""]",right_only,[],"[""operator_shape_matched""]",0,3,0,3,0.0,76.161,0.0,0.000618,0.000618
_flashmla_C::sparse_decode_fwd,"[[50,1,64,512],[50438,64,1,584],[50,1,128],[50],[64],[],[],[],[],[],[],[],[50,1,64,512]]","[""c10::BFloat16"",""unsigned char"",""int"",""int"",""float"","""","""","""","""","""",""Scalar"",""Scalar"",""c10::BFloat16""]",right_only,[],"[""operator_shape_matched""]",0,3,0,6,0.0,110.979,0.0,0.0009,0.0009
_flashmla_C::sparse_decode_fwd,"[[52,1,64,512],[50314,64,1,584],[52,1,128],[52],[64],[132,8],[53],[50314,2,1,584],[52,1,256],[52],[],[],[52,1,64,512]]","[""c10::BFloat16"",""unsigned char"",""int"",""int"",""float"",""int"",""int"",""unsigned char"",""int"",""int"",""Scalar"",""Scalar"",""c10::BFloat16""]",left_only,"[""operator_shape_matched""]",[],2,0,38,0,567.503,0.0,0.004483,0.0,-0.004483
_flashmla_C::sparse_decode_fwd,"[[52,1,64,512],[50314,64,1,584],[52,1,128],[52],[64],[132,8],[53],[50314,64,1,584],[52,1,512],[52],[],[],[52,1,64,512]]","[""c10::BFloat16"",""unsigned char"",""int"",""int"",""float"",""int"",""int"",""unsigned char"",""int"",""int"",""Scalar"",""Scalar"",""c10::BFloat16""]",left_only,"[""operator_shape_matched""]",[],2,0,40,0,910.259,0.0,0.00719,0.0,-0.00719
_flashmla_C::sparse_decode_fwd,"[[52,1,64,512],[50314,64,1,584],[52,1,128],[52],[64],[],[],[50314,2,1,584],[52,1,256],[52],[],[],[52,1,64,512]]","[""c10::BFloat16"",""unsigned char"",""int"",""int"",""float"","""","""",""unsigned char"",""int"",""int"",""Scalar"",""Scalar"",""c10::BFloat16""]",left_only,"[""operator_shape_matched""]",[],3,0,3,0,59.873,0.0,0.000473,0.0,-0.000473
_flashmla_C::sparse_decode_fwd,"[[52,1,64,512],[50314,64,1,584],[52,1,128],[52],[64],[],[],[50314,64,1,584],[52,1,512],[52],[],[],[52,1,64,512]]","[""c10::BFloat16"",""unsigned char"",""int"",""int"",""float"","""","""",""unsigned char"",""int"",""int"",""Scalar"",""Scalar"",""c10::BFloat16""]",left_only,"[""operator_shape_matched""]",[],3,0,3,0,76.929,0.0,0.000608,0.0,-0.000608
_flashmla_C::sparse_decode_fwd,"[[52,1,64,512],[50314,64,1,584],[52,1,128],[52],[64],[],[],[],[],[],[],[],[52,1,64,512]]","[""c10::BFloat16"",""unsigned char"",""int"",""int"",""float"","""","""","""","""","""",""Scalar"",""Scalar"",""c10::BFloat16""]",left_only,"[""operator_shape_matched""]",[],3,0,6,0,115.01,0.0,0.000908,0.0,-0.000908
_flashmla_C::sparse_decode_fwd,"[[52,1,64,512],[50438,64,1,584],[52,1,128],[52],[64],[132,8],[53],[50438,2,1,584],[52,1,256],[52],[],[],[52,1,64,512]]","[""c10::BFloat16"",""unsigned char"",""int"",""int"",""float"",""int"",""int"",""unsigned char"",""int"",""int"",""Scalar"",""Scalar"",""c10::BFloat16""]",right_only,[],"[""operator_shape_matched""]",0,2,0,38,0.0,560.684,0.0,0.004548,0.004548
_flashmla_C::sparse_decode_fwd,"[[52,1,64,512],[50438,64,1,584],[52,1,128],[52],[64],[132,8],[53],[50438,64,1,584],[52,1,512],[52],[],[],[52,1,64,512]]","[""c10::BFloat16"",""unsigned char"",""int"",""int"",""float"",""int"",""int"",""unsigned char"",""int"",""int"",""Scalar"",""Scalar"",""c10::BFloat16""]",right_only,[],"[""operator_shape_matched""]",0,2,0,40,0.0,907.253,0.0,0.007359,0.007359
_flashmla_C::sparse_decode_fwd,"[[52,1,64,512],[50438,64,1,584],[52,1,128],[52],[64],[],[],[50438,2,1,584],[52,1,256],[52],[],[],[52,1,64,512]]","[""c10::BFloat16"",""unsigned char"",""int"",""int"",""float"","""","""",""unsigned char"",""int"",""int"",""Scalar"",""Scalar"",""c10::BFloat16""]",right_only,[],"[""operator_shape_matched""]",0,3,0,3,0.0,60.352,0.0,0.00049,0.00049
_flashmla_C::sparse_decode_fwd,"[[52,1,64,512],[50438,64,1,584],[52,1,128],[52],[64],[],[],[50438,64,1,584],[52,1,512],[52],[],[],[52,1,64,512]]","[""c10::BFloat16"",""unsigned char"",""int"",""int"",""float"","""","""",""unsigned char"",""int"",""int"",""Scalar"",""Scalar"",""c10::BFloat16""]",right_only,[],"[""operator_shape_matched""]",0,3,0,3,0.0,77.506,0.0,0.000629,0.000629
_flashmla_C::sparse_decode_fwd,"[[52,1,64,512],[50438,64,1,584],[52,1,128],[52],[64],[],[],[],[],[],[],[],[52,1,64,512]]","[""c10::BFloat16"",""unsigned char"",""int"",""int"",""float"","""","""","""","""","""",""Scalar"",""Scalar"",""c10::BFloat16""]",right_only,[],"[""operator_shape_matched""]",0,3,0,6,0.0,112.164,0.0,0.00091,0.00091
_flashmla_C::sparse_decode_fwd,"[[54,1,64,512],[50314,64,1,584],[54,1,128],[54],[64],[132,8],[55],[50314,2,1,584],[54,1,256],[54],[],[],[54,1,64,512]]","[""c10::BFloat16"",""unsigned char"",""int"",""int"",""float"",""int"",""int"",""unsigned char"",""int"",""int"",""Scalar"",""Scalar"",""c10::BFloat16""]",left_only,"[""operator_shape_matched""]",[],2,0,38,0,569.708,0.0,0.0045,0.0,-0.0045
_flashmla_C::sparse_decode_fwd,"[[54,1,64,512],[50314,64,1,584],[54,1,128],[54],[64],[132,8],[55],[50314,64,1,584],[54,1,512],[54],[],[],[54,1,64,512]]","[""c10::BFloat16"",""unsigned char"",""int"",""int"",""float"",""int"",""int"",""unsigned char"",""int"",""int"",""Scalar"",""Scalar"",""c10::BFloat16""]",left_only,"[""operator_shape_matched""]",[],2,0,40,0,990.419,0.0,0.007823,0.0,-0.007823
_flashmla_C::sparse_decode_fwd,"[[54,1,64,512],[50314,64,1,584],[54,1,128],[54],[64],[],[],[50314,2,1,584],[54,1,256],[54],[],[],[54,1,64,512]]","[""c10::BFloat16"",""unsigned char"",""int"",""int"",""float"","""","""",""unsigned char"",""int"",""int"",""Scalar"",""Scalar"",""c10::BFloat16""]",left_only,"[""operator_shape_matched""]",[],3,0,3,0,61.122,0.0,0.000483,0.0,-0.000483
_flashmla_C::sparse_decode_fwd,"[[54,1,64,512],[50314,64,1,584],[54,1,128],[54],[64],[],[],[50314,64,1,584],[54,1,512],[54],[],[],[54,1,64,512]]","[""c10::BFloat16"",""unsigned char"",""int"",""int"",""float"","""","""",""unsigned char"",""int"",""int"",""Scalar"",""Scalar"",""c10::BFloat16""]",left_only,"[""operator_shape_matched""]",[],3,0,3,0,81.538,0.0,0.000644,0.0,-0.000644
_flashmla_C::sparse_decode_fwd,"[[54,1,64,512],[50314,64,1,584],[54,1,128],[54],[64],[],[],[],[],[],[],[],[54,1,64,512]]","[""c10::BFloat16"",""unsigned char"",""int"",""int"",""float"","""","""","""","""","""",""Scalar"",""Scalar"",""c10::BFloat16""]",left_only,"[""operator_shape_matched""]",[],3,0,6,0,114.881,0.0,0.000907,0.0,-0.000907
_flashmla_C::sparse_decode_fwd,"[[54,1,64,512],[50438,64,1,584],[54,1,128],[54],[64],[132,8],[55],[50438,2,1,584],[54,1,256],[54],[],[],[54,1,64,512]]","[""c10::BFloat16"",""unsigned char"",""int"",""int"",""float"",""int"",""int"",""unsigned char"",""int"",""int"",""Scalar"",""Scalar"",""c10::BFloat16""]",right_only,[],"[""operator_shape_matched""]",0,2,0,38,0.0,564.593,0.0,0.004579,0.004579
_flashmla_C::sparse_decode_fwd,"[[54,1,64,512],[50438,64,1,584],[54,1,128],[54],[64],[132,8],[55],[50438,64,1,584],[54,1,512],[54],[],[],[54,1,64,512]]","[""c10::BFloat16"",""unsigned char"",""int"",""int"",""float"",""int"",""int"",""unsigned char"",""int"",""int"",""Scalar"",""Scalar"",""c10::BFloat16""]",right_only,[],"[""operator_shape_matched""]",0,2,0,40,0.0,983.638,0.0,0.007978,0.007978
_flashmla_C::sparse_decode_fwd,"[[54,1,64,512],[50438,64,1,584],[54,1,128],[54],[64],[],[],[50438,2,1,584],[54,1,256],[54],[],[],[54,1,64,512]]","[""c10::BFloat16"",""unsigned char"",""int"",""int"",""float"","""","""",""unsigned char"",""int"",""int"",""Scalar"",""Scalar"",""c10::BFloat16""]",right_only,[],"[""operator_shape_matched""]",0,3,0,3,0.0,59.363,0.0,0.000481,0.000481
_flashmla_C::sparse_decode_fwd,"[[54,1,64,512],[50438,64,1,584],[54,1,128],[54],[64],[],[],[50438,64,1,584],[54,1,512],[54],[],[],[54,1,64,512]]","[""c10::BFloat16"",""unsigned char"",""int"",""int"",""float"","""","""",""unsigned char"",""int"",""int"",""Scalar"",""Scalar"",""c10::BFloat16""]",right_only,[],"[""operator_shape_matched""]",0,3,0,3,0.0,79.906,0.0,0.000648,0.000648
_flashmla_C::sparse_decode_fwd,"[[54,1,64,512],[50438,64,1,584],[54,1,128],[54],[64],[],[],[],[],[],[],[],[54,1,64,512]]","[""c10::BFloat16"",""unsigned char"",""int"",""int"",""float"","""","""","""","""","""",""Scalar"",""Scalar"",""c10::BFloat16""]",right_only,[],"[""operator_shape_matched""]",0,3,0,6,0.0,114.818,0.0,0.000931,0.000931
_flashmla_C::sparse_decode_fwd,"[[56,1,64,512],[50314,64,1,584],[56,1,128],[56],[64],[132,8],[57],[50314,2,1,584],[56,1,256],[56],[],[],[56,1,64,512]]","[""c10::BFloat16"",""unsigned char"",""int"",""int"",""float"",""int"",""int"",""unsigned char"",""int"",""int"",""Scalar"",""Scalar"",""c10::BFloat16""]",left_only,"[""operator_shape_matched""]",[],2,0,38,0,571.949,0.0,0.004518,0.0,-0.004518
_flashmla_C::sparse_decode_fwd,"[[56,1,64,512],[50314,64,1,584],[56,1,128],[56],[64],[132,8],[57],[50314,64,1,584],[56,1,512],[56],[],[],[56,1,64,512]]","[""c10::BFloat16"",""unsigned char"",""int"",""int"",""float"",""int"",""int"",""unsigned char"",""int"",""int"",""Scalar"",""Scalar"",""c10::BFloat16""]",left_only,"[""operator_shape_matched""]",[],2,0,40,0,1001.017,0.0,0.007907,0.0,-0.007907
_flashmla_C::sparse_decode_fwd,"[[56,1,64,512],[50314,64,1,584],[56,1,128],[56],[64],[],[],[50314,2,1,584],[56,1,256],[56],[],[],[56,1,64,512]]","[""c10::BFloat16"",""unsigned char"",""int"",""int"",""float"","""","""",""unsigned char"",""int"",""int"",""Scalar"",""Scalar"",""c10::BFloat16""]",left_only,"[""operator_shape_matched""]",[],3,0,3,0,60.832,0.0,0.000481,0.0,-0.000481
_flashmla_C::sparse_decode_fwd,"[[56,1,64,512],[50314,64,1,584],[56,1,128],[56],[64],[],[],[50314,64,1,584],[56,1,512],[56],[],[],[56,1,64,512]]","[""c10::BFloat16"",""unsigned char"",""int"",""int"",""float"","""","""",""unsigned char"",""int"",""int"",""Scalar"",""Scalar"",""c10::BFloat16""]",left_only,"[""operator_shape_matched""]",[],3,0,3,0,81.762,0.0,0.000646,0.0,-0.000646
_flashmla_C::sparse_decode_fwd,"[[56,1,64,512],[50314,64,1,584],[56,1,128],[56],[64],[],[],[],[],[],[],[],[56,1,64,512]]","[""c10::BFloat16"",""unsigned char"",""int"",""int"",""float"","""","""","""","""","""",""Scalar"",""Scalar"",""c10::BFloat16""]",left_only,"[""operator_shape_matched""]",[],3,0,6,0,114.53,0.0,0.000905,0.0,-0.000905
_flashmla_C::sparse_decode_fwd,"[[56,1,64,512],[50438,64,1,584],[56,1,128],[56],[64],[132,8],[57],[50438,2,1,584],[56,1,256],[56],[],[],[56,1,64,512]]","[""c10::BFloat16"",""unsigned char"",""int"",""int"",""float"",""int"",""int"",""unsigned char"",""int"",""int"",""Scalar"",""Scalar"",""c10::BFloat16""]",right_only,[],"[""operator_shape_matched""]",0,2,0,38,0.0,563.434,0.0,0.00457,0.00457
_flashmla_C::sparse_decode_fwd,"[[56,1,64,512],[50438,64,1,584],[56,1,128],[56],[64],[132,8],[57],[50438,64,1,584],[56,1,512],[56],[],[],[56,1,64,512]]","[""c10::BFloat16"",""unsigned char"",""int"",""int"",""float"",""int"",""int"",""unsigned char"",""int"",""int"",""Scalar"",""Scalar"",""c10::BFloat16""]",right_only,[],"[""operator_shape_matched""]",0,2,0,40,0.0,996.501,0.0,0.008083,0.008083
_flashmla_C::sparse_decode_fwd,"[[56,1,64,512],[50438,64,1,584],[56,1,128],[56],[64],[],[],[50438,2,1,584],[56,1,256],[56],[],[],[56,1,64,512]]","[""c10::BFloat16"",""unsigned char"",""int"",""int"",""float"","""","""",""unsigned char"",""int"",""int"",""Scalar"",""Scalar"",""c10::BFloat16""]",right_only,[],"[""operator_shape_matched""]",0,3,0,3,0.0,61.25,0.0,0.000497,0.000497
_flashmla_C::sparse_decode_fwd,"[[56,1,64,512],[50438,64,1,584],[56,1,128],[56],[64],[],[],[50438,64,1,584],[56,1,512],[56],[],[],[56,1,64,512]]","[""c10::BFloat16"",""unsigned char"",""int"",""int"",""float"","""","""",""unsigned char"",""int"",""int"",""Scalar"",""Scalar"",""c10::BFloat16""]",right_only,[],"[""operator_shape_matched""]",0,3,0,3,0.0,82.529,0.0,0.000669,0.000669
_flashmla_C::sparse_decode_fwd,"[[56,1,64,512],[50438,64,1,584],[56,1,128],[56],[64],[],[],[],[],[],[],[],[56,1,64,512]]","[""c10::BFloat16"",""unsigned char"",""int"",""int"",""float"","""","""","""","""","""",""Scalar"",""Scalar"",""c10::BFloat16""]",right_only,[],"[""operator_shape_matched""]",0,3,0,6,0.0,114.628,0.0,0.00093,0.00093
_flashmla_C::sparse_decode_fwd,"[[58,1,64,512],[50314,64,1,584],[58,1,128],[58],[64],[132,8],[59],[50314,2,1,584],[58,1,256],[58],[],[],[58,1,64,512]]","[""c10::BFloat16"",""unsigned char"",""int"",""int"",""float"",""int"",""int"",""unsigned char"",""int"",""int"",""Scalar"",""Scalar"",""c10::BFloat16""]",left_only,"[""operator_shape_matched""]",[],2,0,38,0,578.061,0.0,0.004566,0.0,-0.004566
_flashmla_C::sparse_decode_fwd,"[[58,1,64,512],[50314,64,1,584],[58,1,128],[58],[64],[132,8],[59],[50314,64,1,584],[58,1,512],[58],[],[],[58,1,64,512]]","[""c10::BFloat16"",""unsigned char"",""int"",""int"",""float"",""int"",""int"",""unsigned char"",""int"",""int"",""Scalar"",""Scalar"",""c10::BFloat16""]",left_only,"[""operator_shape_matched""]",[],2,0,40,0,1012.41,0.0,0.007997,0.0,-0.007997
_flashmla_C::sparse_decode_fwd,"[[58,1,64,512],[50314,64,1,584],[58,1,128],[58],[64],[],[],[50314,2,1,584],[58,1,256],[58],[],[],[58,1,64,512]]","[""c10::BFloat16"",""unsigned char"",""int"",""int"",""float"","""","""",""unsigned char"",""int"",""int"",""Scalar"",""Scalar"",""c10::BFloat16""]",left_only,"[""operator_shape_matched""]",[],3,0,3,0,60.673,0.0,0.000479,0.0,-0.000479
_flashmla_C::sparse_decode_fwd,"[[58,1,64,512],[50314,64,1,584],[58,1,128],[58],[64],[],[],[50314,64,1,584],[58,1,512],[58],[],[],[58,1,64,512]]","[""c10::BFloat16"",""unsigned char"",""int"",""int"",""float"","""","""",""unsigned char"",""int"",""int"",""Scalar"",""Scalar"",""c10::BFloat16""]",left_only,"[""operator_shape_matched""]",[],3,0,3,0,81.121,0.0,0.000641,0.0,-0.000641
_flashmla_C::sparse_decode_fwd,"[[58,1,64,512],[50314,64,1,584],[58,1,128],[58],[64],[],[],[],[],[],[],[],[58,1,64,512]]","[""c10::BFloat16"",""unsigned char"",""int"",""int"",""float"","""","""","""","""","""",""Scalar"",""Scalar"",""c10::BFloat16""]",left_only,"[""operator_shape_matched""]",[],3,0,6,0,114.05,0.0,0.000901,0.0,-0.000901
_flashmla_C::sparse_decode_fwd,"[[58,1,64,512],[50438,64,1,584],[58,1,128],[58],[64],[132,8],[59],[50438,2,1,584],[58,1,256],[58],[],[],[58,1,64,512]]","[""c10::BFloat16"",""unsigned char"",""int"",""int"",""float"",""int"",""int"",""unsigned char"",""int"",""int"",""Scalar"",""Scalar"",""c10::BFloat16""]",right_only,[],"[""operator_shape_matched""]",0,2,0,38,0.0,571.694,0.0,0.004637,0.004637
_flashmla_C::sparse_decode_fwd,"[[58,1,64,512],[50438,64,1,584],[58,1,128],[58],[64],[132,8],[59],[50438,64,1,584],[58,1,512],[58],[],[],[58,1,64,512]]","[""c10::BFloat16"",""unsigned char"",""int"",""int"",""float"",""int"",""int"",""unsigned char"",""int"",""int"",""Scalar"",""Scalar"",""c10::BFloat16""]",right_only,[],"[""operator_shape_matched""]",0,2,0,40,0.0,1000.82,0.0,0.008118,0.008118
_flashmla_C::sparse_decode_fwd,"[[58,1,64,512],[50438,64,1,584],[58,1,128],[58],[64],[],[],[50438,2,1,584],[58,1,256],[58],[],[],[58,1,64,512]]","[""c10::BFloat16"",""unsigned char"",""int"",""int"",""float"","""","""",""unsigned char"",""int"",""int"",""Scalar"",""Scalar"",""c10::BFloat16""]",right_only,[],"[""operator_shape_matched""]",0,3,0,3,0.0,61.442,0.0,0.000498,0.000498
_flashmla_C::sparse_decode_fwd,"[[58,1,64,512],[50438,64,1,584],[58,1,128],[58],[64],[],[],[50438,64,1,584],[58,1,512],[58],[],[],[58,1,64,512]]","[""c10::BFloat16"",""unsigned char"",""int"",""int"",""float"","""","""",""unsigned char"",""int"",""int"",""Scalar"",""Scalar"",""c10::BFloat16""]",right_only,[],"[""operator_shape_matched""]",0,3,0,3,0.0,81.41,0.0,0.00066,0.00066
_flashmla_C::sparse_decode_fwd,"[[58,1,64,512],[50438,64,1,584],[58,1,128],[58],[64],[],[],[],[],[],[],[],[58,1,64,512]]","[""c10::BFloat16"",""unsigned char"",""int"",""int"",""float"","""","""","""","""","""",""Scalar"",""Scalar"",""c10::BFloat16""]",right_only,[],"[""operator_shape_matched""]",0,3,0,6,0.0,115.458,0.0,0.000936,0.000936
_flashmla_C::sparse_decode_fwd,"[[6,1,64,512],[50314,64,1,584],[6,1,128],[6],[64],[132,8],[7],[50314,2,1,584],[6,1,256],[6],[],[],[6,1,64,512]]","[""c10::BFloat16"",""unsigned char"",""int"",""int"",""float"",""int"",""int"",""unsigned char"",""int"",""int"",""Scalar"",""Scalar"",""c10::BFloat16""]",left_only,"[""operator_shape_matched""]",[],2,0,38,0,422.821,0.0,0.00334,0.0,-0.00334
_flashmla_C::sparse_decode_fwd,"[[6,1,64,512],[50314,64,1,584],[6,1,128],[6],[64],[132,8],[7],[50314,64,1,584],[6,1,512],[6],[],[],[6,1,64,512]]","[""c10::BFloat16"",""unsigned char"",""int"",""int"",""float"",""int"",""int"",""unsigned char"",""int"",""int"",""Scalar"",""Scalar"",""c10::BFloat16""]",left_only,"[""operator_shape_matched""]",[],2,0,40,0,533.483,0.0,0.004214,0.0,-0.004214
_flashmla_C::sparse_decode_fwd,"[[6,1,64,512],[50314,64,1,584],[6,1,128],[6],[64],[],[],[50314,2,1,584],[6,1,256],[6],[],[],[6,1,64,512]]","[""c10::BFloat16"",""unsigned char"",""int"",""int"",""float"","""","""",""unsigned char"",""int"",""int"",""Scalar"",""Scalar"",""c10::BFloat16""]",left_only,"[""operator_shape_matched""]",[],3,0,3,0,47.937,0.0,0.000379,0.0,-0.000379
_flashmla_C::sparse_decode_fwd,"[[6,1,64,512],[50314,64,1,584],[6,1,128],[6],[64],[],[],[50314,64,1,584],[6,1,512],[6],[],[],[6,1,64,512]]","[""c10::BFloat16"",""unsigned char"",""int"",""int"",""float"","""","""",""unsigned char"",""int"",""int"",""Scalar"",""Scalar"",""c10::BFloat16""]",left_only,"[""operator_shape_matched""]",[],3,0,3,0,52.737,0.0,0.000417,0.0,-0.000417
_flashmla_C::sparse_decode_fwd,"[[6,1,64,512],[50314,64,1,584],[6,1,128],[6],[64],[],[],[],[],[],[],[],[6,1,64,512]]","[""c10::BFloat16"",""unsigned char"",""int"",""int"",""float"","""","""","""","""","""",""Scalar"",""Scalar"",""c10::BFloat16""]",left_only,"[""operator_shape_matched""]",[],3,0,6,0,96.355,0.0,0.000761,0.0,-0.000761
_flashmla_C::sparse_decode_fwd,"[[6,1,64,512],[50438,64,1,584],[6,1,128],[6],[64],[132,8],[7],[50438,2,1,584],[6,1,256],[6],[],[],[6,1,64,512]]","[""c10::BFloat16"",""unsigned char"",""int"",""int"",""float"",""int"",""int"",""unsigned char"",""int"",""int"",""Scalar"",""Scalar"",""c10::BFloat16""]",right_only,[],"[""operator_shape_matched""]",0,2,0,38,0.0,433.034,0.0,0.003512,0.003512
_flashmla_C::sparse_decode_fwd,"[[6,1,64,512],[50438,64,1,584],[6,1,128],[6],[64],[132,8],[7],[50438,64,1,584],[6,1,512],[6],[],[],[6,1,64,512]]","[""c10::BFloat16"",""unsigned char"",""int"",""int"",""float"",""int"",""int"",""unsigned char"",""int"",""int"",""Scalar"",""Scalar"",""c10::BFloat16""]",right_only,[],"[""operator_shape_matched""]",0,2,0,40,0.0,528.943,0.0,0.00429,0.00429
_flashmla_C::sparse_decode_fwd,"[[6,1,64,512],[50438,64,1,584],[6,1,128],[6],[64],[],[],[50438,2,1,584],[6,1,256],[6],[],[],[6,1,64,512]]","[""c10::BFloat16"",""unsigned char"",""int"",""int"",""float"","""","""",""unsigned char"",""int"",""int"",""Scalar"",""Scalar"",""c10::BFloat16""]",right_only,[],"[""operator_shape_matched""]",0,3,0,3,0.0,48.738,0.0,0.000395,0.000395
_flashmla_C::sparse_decode_fwd,"[[6,1,64,512],[50438,64,1,584],[6,1,128],[6],[64],[],[],[50438,64,1,584],[6,1,512],[6],[],[],[6,1,64,512]]","[""c10::BFloat16"",""unsigned char"",""int"",""int"",""float"","""","""",""unsigned char"",""int"",""int"",""Scalar"",""Scalar"",""c10::BFloat16""]",right_only,[],"[""operator_shape_matched""]",0,3,0,3,0.0,52.449,0.0,0.000425,0.000425
_flashmla_C::sparse_decode_fwd,"[[6,1,64,512],[50438,64,1,584],[6,1,128],[6],[64],[],[],[],[],[],[],[],[6,1,64,512]]","[""c10::BFloat16"",""unsigned char"",""int"",""int"",""float"","""","""","""","""","""",""Scalar"",""Scalar"",""c10::BFloat16""]",right_only,[],"[""operator_shape_matched""]",0,3,0,6,0.0,98.723,0.0,0.000801,0.000801
_flashmla_C::sparse_decode_fwd,"[[60,1,64,512],[50314,64,1,584],[60,1,128],[60],[64],[132,8],[61],[50314,2,1,584],[60,1,256],[60],[],[],[60,1,64,512]]","[""c10::BFloat16"",""unsigned char"",""int"",""int"",""float"",""int"",""int"",""unsigned char"",""int"",""int"",""Scalar"",""Scalar"",""c10::BFloat16""]",left_only,"[""operator_shape_matched""]",[],2,0,38,0,579.947,0.0,0.004581,0.0,-0.004581
_flashmla_C::sparse_decode_fwd,"[[60,1,64,512],[50314,64,1,584],[60,1,128],[60],[64],[132,8],[61],[50314,64,1,584],[60,1,512],[60],[],[],[60,1,64,512]]","[""c10::BFloat16"",""unsigned char"",""int"",""int"",""float"",""int"",""int"",""unsigned char"",""int"",""int"",""Scalar"",""Scalar"",""c10::BFloat16""]",left_only,"[""operator_shape_matched""]",[],2,0,40,0,1016.855,0.0,0.008032,0.0,-0.008032
_flashmla_C::sparse_decode_fwd,"[[60,1,64,512],[50314,64,1,584],[60,1,128],[60],[64],[],[],[50314,2,1,584],[60,1,256],[60],[],[],[60,1,64,512]]","[""c10::BFloat16"",""unsigned char"",""int"",""int"",""float"","""","""",""unsigned char"",""int"",""int"",""Scalar"",""Scalar"",""c10::BFloat16""]",left_only,"[""operator_shape_matched""]",[],3,0,3,0,61.314,0.0,0.000484,0.0,-0.000484
_flashmla_C::sparse_decode_fwd,"[[60,1,64,512],[50314,64,1,584],[60,1,128],[60],[64],[],[],[50314,64,1,584],[60,1,512],[60],[],[],[60,1,64,512]]","[""c10::BFloat16"",""unsigned char"",""int"",""int"",""float"","""","""",""unsigned char"",""int"",""int"",""Scalar"",""Scalar"",""c10::BFloat16""]",left_only,"[""operator_shape_matched""]",[],3,0,3,0,82.625,0.0,0.000653,0.0,-0.000653
_flashmla_C::sparse_decode_fwd,"[[60,1,64,512],[50314,64,1,584],[60,1,128],[60],[64],[],[],[],[],[],[],[],[60,1,64,512]]","[""c10::BFloat16"",""unsigned char"",""int"",""int"",""float"","""","""","""","""","""",""Scalar"",""Scalar"",""c10::BFloat16""]",left_only,"[""operator_shape_matched""]",[],3,0,6,0,116.291,0.0,0.000919,0.0,-0.000919
_flashmla_C::sparse_decode_fwd,"[[60,1,64,512],[50438,64,1,584],[60,1,128],[60],[64],[132,8],[61],[50438,2,1,584],[60,1,256],[60],[],[],[60,1,64,512]]","[""c10::BFloat16"",""unsigned char"",""int"",""int"",""float"",""int"",""int"",""unsigned char"",""int"",""int"",""Scalar"",""Scalar"",""c10::BFloat16""]",right_only,[],"[""operator_shape_matched""]",0,2,0,38,0.0,573.325,0.0,0.00465,0.00465
_flashmla_C::sparse_decode_fwd,"[[60,1,64,512],[50438,64,1,584],[60,1,128],[60],[64],[132,8],[61],[50438,64,1,584],[60,1,512],[60],[],[],[60,1,64,512]]","[""c10::BFloat16"",""unsigned char"",""int"",""int"",""float"",""int"",""int"",""unsigned char"",""int"",""int"",""Scalar"",""Scalar"",""c10::BFloat16""]",right_only,[],"[""operator_shape_matched""]",0,2,0,40,0.0,1017.3,0.0,0.008251,0.008251
_flashmla_C::sparse_decode_fwd,"[[60,1,64,512],[50438,64,1,584],[60,1,128],[60],[64],[],[],[50438,2,1,584],[60,1,256],[60],[],[],[60,1,64,512]]","[""c10::BFloat16"",""unsigned char"",""int"",""int"",""float"","""","""",""unsigned char"",""int"",""int"",""Scalar"",""Scalar"",""c10::BFloat16""]",right_only,[],"[""operator_shape_matched""]",0,3,0,3,0.0,61.312,0.0,0.000497,0.000497
_flashmla_C::sparse_decode_fwd,"[[60,1,64,512],[50438,64,1,584],[60,1,128],[60],[64],[],[],[50438,64,1,584],[60,1,512],[60],[],[],[60,1,64,512]]","[""c10::BFloat16"",""unsigned char"",""int"",""int"",""float"","""","""",""unsigned char"",""int"",""int"",""Scalar"",""Scalar"",""c10::BFloat16""]",right_only,[],"[""operator_shape_matched""]",0,3,0,3,0.0,82.658,0.0,0.00067,0.00067
_flashmla_C::sparse_decode_fwd,"[[60,1,64,512],[50438,64,1,584],[60,1,128],[60],[64],[],[],[],[],[],[],[],[60,1,64,512]]","[""c10::BFloat16"",""unsigned char"",""int"",""int"",""float"","""","""","""","""","""",""Scalar"",""Scalar"",""c10::BFloat16""]",right_only,[],"[""operator_shape_matched""]",0,3,0,6,0.0,115.396,0.0,0.000936,0.000936
_flashmla_C::sparse_decode_fwd,"[[62,1,64,512],[50314,64,1,584],[62,1,128],[62],[64],[132,8],[63],[50314,2,1,584],[62,1,256],[62],[],[],[62,1,64,512]]","[""c10::BFloat16"",""unsigned char"",""int"",""int"",""float"",""int"",""int"",""unsigned char"",""int"",""int"",""Scalar"",""Scalar"",""c10::BFloat16""]",left_only,"[""operator_shape_matched""]",[],2,0,38,0,587.127,0.0,0.004638,0.0,-0.004638
_flashmla_C::sparse_decode_fwd,"[[62,1,64,512],[50314,64,1,584],[62,1,128],[62],[64],[132,8],[63],[50314,64,1,584],[62,1,512],[62],[],[],[62,1,64,512]]","[""c10::BFloat16"",""unsigned char"",""int"",""int"",""float"",""int"",""int"",""unsigned char"",""int"",""int"",""Scalar"",""Scalar"",""c10::BFloat16""]",left_only,"[""operator_shape_matched""]",[],2,0,40,0,1106.426,0.0,0.00874,0.0,-0.00874
_flashmla_C::sparse_decode_fwd,"[[62,1,64,512],[50314,64,1,584],[62,1,128],[62],[64],[],[],[50314,2,1,584],[62,1,256],[62],[],[],[62,1,64,512]]","[""c10::BFloat16"",""unsigned char"",""int"",""int"",""float"","""","""",""unsigned char"",""int"",""int"",""Scalar"",""Scalar"",""c10::BFloat16""]",left_only,"[""operator_shape_matched""]",[],3,0,3,0,60.898,0.0,0.000481,0.0,-0.000481
_flashmla_C::sparse_decode_fwd,"[[62,1,64,512],[50314,64,1,584],[62,1,128],[62],[64],[],[],[50314,64,1,584],[62,1,512],[62],[],[],[62,1,64,512]]","[""c10::BFloat16"",""unsigned char"",""int"",""int"",""float"","""","""",""unsigned char"",""int"",""int"",""Scalar"",""Scalar"",""c10::BFloat16""]",left_only,"[""operator_shape_matched""]",[],3,0,3,0,85.731,0.0,0.000677,0.0,-0.000677
_flashmla_C::sparse_decode_fwd,"[[62,1,64,512],[50314,64,1,584],[62,1,128],[62],[64],[],[],[],[],[],[],[],[62,1,64,512]]","[""c10::BFloat16"",""unsigned char"",""int"",""int"",""float"","""","""","""","""","""",""Scalar"",""Scalar"",""c10::BFloat16""]",left_only,"[""operator_shape_matched""]",[],3,0,6,0,115.555,0.0,0.000913,0.0,-0.000913
_flashmla_C::sparse_decode_fwd,"[[62,1,64,512],[50438,64,1,584],[62,1,128],[62],[64],[132,8],[63],[50438,2,1,584],[62,1,256],[62],[],[],[62,1,64,512]]","[""c10::BFloat16"",""unsigned char"",""int"",""int"",""float"",""int"",""int"",""unsigned char"",""int"",""int"",""Scalar"",""Scalar"",""c10::BFloat16""]",right_only,[],"[""operator_shape_matched""]",0,2,0,38,0.0,587.239,0.0,0.004763,0.004763
_flashmla_C::sparse_decode_fwd,"[[62,1,64,512],[50438,64,1,584],[62,1,128],[62],[64],[132,8],[63],[50438,64,1,584],[62,1,512],[62],[],[],[62,1,64,512]]","[""c10::BFloat16"",""unsigned char"",""int"",""int"",""float"",""int"",""int"",""unsigned char"",""int"",""int"",""Scalar"",""Scalar"",""c10::BFloat16""]",right_only,[],"[""operator_shape_matched""]",0,2,0,40,0.0,1101.752,0.0,0.008936,0.008936
_flashmla_C::sparse_decode_fwd,"[[62,1,64,512],[50438,64,1,584],[62,1,128],[62],[64],[],[],[50438,2,1,584],[62,1,256],[62],[],[],[62,1,64,512]]","[""c10::BFloat16"",""unsigned char"",""int"",""int"",""float"","""","""",""unsigned char"",""int"",""int"",""Scalar"",""Scalar"",""c10::BFloat16""]",right_only,[],"[""operator_shape_matched""]",0,3,0,3,0.0,61.313,0.0,0.000497,0.000497
_flashmla_C::sparse_decode_fwd,"[[62,1,64,512],[50438,64,1,584],[62,1,128],[62],[64],[],[],[50438,64,1,584],[62,1,512],[62],[],[],[62,1,64,512]]","[""c10::BFloat16"",""unsigned char"",""int"",""int"",""float"","""","""",""unsigned char"",""int"",""int"",""Scalar"",""Scalar"",""c10::BFloat16""]",right_only,[],"[""operator_shape_matched""]",0,3,0,3,0.0,86.018,0.0,0.000698,0.000698
_flashmla_C::sparse_decode_fwd,"[[62,1,64,512],[50438,64,1,584],[62,1,128],[62],[64],[],[],[],[],[],[],[],[62,1,64,512]]","[""c10::BFloat16"",""unsigned char"",""int"",""int"",""float"","""","""","""","""","""",""Scalar"",""Scalar"",""c10::BFloat16""]",right_only,[],"[""operator_shape_matched""]",0,3,0,6,0.0,118.276,0.0,0.000959,0.000959
_flashmla_C::sparse_decode_fwd,"[[8,1,64,512],[50314,64,1,584],[8,1,128],[8],[64],[132,8],[9],[50314,2,1,584],[8,1,256],[8],[],[],[8,1,64,512]]","[""c10::BFloat16"",""unsigned char"",""int"",""int"",""float"",""int"",""int"",""unsigned char"",""int"",""int"",""Scalar"",""Scalar"",""c10::BFloat16""]",left_only,"[""operator_shape_matched""]",[],2,0,38,0,434.669,0.0,0.003433,0.0,-0.003433
_flashmla_C::sparse_decode_fwd,"[[8,1,64,512],[50314,64,1,584],[8,1,128],[8],[64],[132,8],[9],[50314,64,1,584],[8,1,512],[8],[],[],[8,1,64,512]]","[""c10::BFloat16"",""unsigned char"",""int"",""int"",""float"",""int"",""int"",""unsigned char"",""int"",""int"",""Scalar"",""Scalar"",""c10::BFloat16""]",left_only,"[""operator_shape_matched""]",[],2,0,40,0,567.085,0.0,0.004479,0.0,-0.004479
_flashmla_C::sparse_decode_fwd,"[[8,1,64,512],[50314,64,1,584],[8,1,128],[8],[64],[],[],[50314,2,1,584],[8,1,256],[8],[],[],[8,1,64,512]]","[""c10::BFloat16"",""unsigned char"",""int"",""int"",""float"","""","""",""unsigned char"",""int"",""int"",""Scalar"",""Scalar"",""c10::BFloat16""]",left_only,"[""operator_shape_matched""]",[],3,0,3,0,49.314,0.0,0.00039,0.0,-0.00039
_flashmla_C::sparse_decode_fwd,"[[8,1,64,512],[50314,64,1,584],[8,1,128],[8],[64],[],[],[50314,64,1,584],[8,1,512],[8],[],[],[8,1,64,512]]","[""c10::BFloat16"",""unsigned char"",""int"",""int"",""float"","""","""",""unsigned char"",""int"",""int"",""Scalar"",""Scalar"",""c10::BFloat16""]",left_only,"[""operator_shape_matched""]",[],3,0,3,0,54.945,0.0,0.000434,0.0,-0.000434
_flashmla_C::sparse_decode_fwd,"[[8,1,64,512],[50314,64,1,584],[8,1,128],[8],[64],[],[],[],[],[],[],[],[8,1,64,512]]","[""c10::BFloat16"",""unsigned char"",""int"",""int"",""float"","""","""","""","""","""",""Scalar"",""Scalar"",""c10::BFloat16""]",left_only,"[""operator_shape_matched""]",[],3,0,6,0,98.082,0.0,0.000775,0.0,-0.000775
_flashmla_C::sparse_decode_fwd,"[[8,1,64,512],[50438,64,1,584],[8,1,128],[8],[64],[132,8],[9],[50438,2,1,584],[8,1,256],[8],[],[],[8,1,64,512]]","[""c10::BFloat16"",""unsigned char"",""int"",""int"",""float"",""int"",""int"",""unsigned char"",""int"",""int"",""Scalar"",""Scalar"",""c10::BFloat16""]",right_only,[],"[""operator_shape_matched""]",0,2,0,38,0.0,434.664,0.0,0.003526,0.003526
_flashmla_C::sparse_decode_fwd,"[[8,1,64,512],[50438,64,1,584],[8,1,128],[8],[64],[132,8],[9],[50438,64,1,584],[8,1,512],[8],[],[],[8,1,64,512]]","[""c10::BFloat16"",""unsigned char"",""int"",""int"",""float"",""int"",""int"",""unsigned char"",""int"",""int"",""Scalar"",""Scalar"",""c10::BFloat16""]",right_only,[],"[""operator_shape_matched""]",0,2,0,40,0.0,562.987,0.0,0.004566,0.004566
_flashmla_C::sparse_decode_fwd,"[[8,1,64,512],[50438,64,1,584],[8,1,128],[8],[64],[],[],[50438,2,1,584],[8,1,256],[8],[],[],[8,1,64,512]]","[""c10::BFloat16"",""unsigned char"",""int"",""int"",""float"","""","""",""unsigned char"",""int"",""int"",""Scalar"",""Scalar"",""c10::BFloat16""]",right_only,[],"[""operator_shape_matched""]",0,3,0,3,0.0,49.154,0.0,0.000399,0.000399
_flashmla_C::sparse_decode_fwd,"[[8,1,64,512],[50438,64,1,584],[8,1,128],[8],[64],[],[],[50438,64,1,584],[8,1,512],[8],[],[],[8,1,64,512]]","[""c10::BFloat16"",""unsigned char"",""int"",""int"",""float"","""","""",""unsigned char"",""int"",""int"",""Scalar"",""Scalar"",""c10::BFloat16""]",right_only,[],"[""operator_shape_matched""]",0,3,0,3,0.0,54.881,0.0,0.000445,0.000445
_flashmla_C::sparse_decode_fwd,"[[8,1,64,512],[50438,64,1,584],[8,1,128],[8],[64],[],[],[],[],[],[],[],[8,1,64,512]]","[""c10::BFloat16"",""unsigned char"",""int"",""int"",""float"","""","""","""","""","""",""Scalar"",""Scalar"",""c10::BFloat16""]",right_only,[],"[""operator_shape_matched""]",0,3,0,6,0.0,97.569,0.0,0.000791,0.000791
_flashmla_C::sparse_prefill_fwd,"[[4096,64,512],[4096,1,512],[4096,1,128],[],[],[64],[4096],[4096,64,512]]","[""c10::BFloat16"",""c10::BFloat16"",""int"",""Scalar"",""Scalar"",""float"",""int"",""c10::BFloat16""]",both,"[""operator_shape_matched""]","[""operator_shape_matched""]",1,1,2,2,593.645,578.765,0.004689,0.004694,5e-06
_flashmla_C::sparse_prefill_fwd,"[[4096,64,512],[4128,1,512],[4096,1,384],[],[],[64],[4096],[4096,64,512]]","[""c10::BFloat16"",""c10::BFloat16"",""int"",""Scalar"",""Scalar"",""float"",""int"",""c10::BFloat16""]",both,"[""operator_shape_matched""]","[""operator_shape_matched""]",1,1,20,20,7421.788,7388.444,0.058624,0.059927,0.001303
_flashmla_C::sparse_prefill_fwd,"[[4096,64,512],[5120,1,512],[4096,1,640],[],[],[64],[4096],[4096,64,512]]","[""c10::BFloat16"",""c10::BFloat16"",""int"",""Scalar"",""Scalar"",""float"",""int"",""c10::BFloat16""]",both,"[""operator_shape_matched""]","[""operator_shape_matched""]",1,1,21,21,12071.455,12021.949,0.095351,0.097509,0.002158
_flashmla_C::sparse_prefill_fwd,"[[5027,64,512],[10240,1,512],[5027,1,640],[],[],[64],[5027],[5027,64,512]]","[""c10::BFloat16"",""c10::BFloat16"",""int"",""Scalar"",""Scalar"",""float"",""int"",""c10::BFloat16""]",both,"[""operator_shape_matched""]","[""operator_shape_matched""]",1,1,21,21,15331.085,15179.972,0.121098,0.123124,0.002025
_flashmla_C::sparse_prefill_fwd,"[[5027,64,512],[8192,1,512],[5027,1,128],[],[],[64],[5027],[5027,64,512]]","[""c10::BFloat16"",""c10::BFloat16"",""int"",""Scalar"",""Scalar"",""float"",""int"",""c10::BFloat16""]",both,"[""operator_shape_matched""]","[""operator_shape_matched""]",1,1,2,2,725.04,717.327,0.005727,0.005818,9.1e-05
_flashmla_C::sparse_prefill_fwd,"[[5027,64,512],[8256,1,512],[5027,1,384],[],[],[64],[5027],[5027,64,512]]","[""c10::BFloat16"",""c10::BFloat16"",""int"",""Scalar"",""Scalar"",""float"",""int"",""c10::BFloat16""]",both,"[""operator_shape_matched""]","[""operator_shape_matched""]",1,1,20,20,9082.982,9035.682,0.071745,0.073288,0.001542
_flashmla_C::sparse_prefill_fwd,"[[8132,64,512],[12288,1,512],[8132,1,128],[],[],[64],[8132],[8132,64,512]]","[""c10::BFloat16"",""c10::BFloat16"",""int"",""Scalar"",""Scalar"",""float"",""int"",""c10::BFloat16""]",both,"[""operator_shape_matched""]","[""operator_shape_matched""]",1,1,2,2,1168.666,1149.337,0.009231,0.009322,9.1e-05
_flashmla_C::sparse_prefill_fwd,"[[8132,64,512],[12384,1,512],[8132,1,384],[],[],[64],[8132],[8132,64,512]]","[""c10::BFloat16"",""c10::BFloat16"",""int"",""Scalar"",""Scalar"",""float"",""int"",""c10::BFloat16""]",both,"[""operator_shape_matched""]","[""operator_shape_matched""]",1,1,20,20,14770.656,14625.983,0.116671,0.11863,0.001959
_flashmla_C::sparse_prefill_fwd,"[[8132,64,512],[15360,1,512],[8132,1,640],[],[],[64],[8132],[8132,64,512]]","[""c10::BFloat16"",""c10::BFloat16"",""int"",""Scalar"",""Scalar"",""float"",""int"",""c10::BFloat16""]",both,"[""operator_shape_matched""]","[""operator_shape_matched""]",1,1,21,21,23816.936,23647.683,0.188127,0.191805,0.003678
_flashmla_C::sparse_prefill_fwd,"[[8134,64,512],[12288,1,512],[8134,1,128],[],[],[64],[8134],[8134,64,512]]","[""c10::BFloat16"",""c10::BFloat16"",""int"",""Scalar"",""Scalar"",""float"",""int"",""c10::BFloat16""]",both,"[""operator_shape_matched""]","[""operator_shape_matched""]",1,1,2,2,1143.736,1147.352,0.009034,0.009306,0.000272
_flashmla_C::sparse_prefill_fwd,"[[8134,64,512],[12384,1,512],[8134,1,384],[],[],[64],[8134],[8134,64,512]]","[""c10::BFloat16"",""c10::BFloat16"",""int"",""Scalar"",""Scalar"",""float"",""int"",""c10::BFloat16""]",both,"[""operator_shape_matched""]","[""operator_shape_matched""]",1,1,20,20,14625.023,14545.272,0.115521,0.117976,0.002454
_flashmla_C::sparse_prefill_fwd,"[[8134,64,512],[15360,1,512],[8134,1,640],[],[],[64],[8134],[8134,64,512]]","[""c10::BFloat16"",""c10::BFloat16"",""int"",""Scalar"",""Scalar"",""float"",""int"",""c10::BFloat16""]",both,"[""operator_shape_matched""]","[""operator_shape_matched""]",1,1,21,21,23845.96,23626.686,0.188356,0.191634,0.003278
_flashmla_C::sparse_prefill_fwd,"[[8136,64,512],[12288,1,512],[8136,1,128],[],[],[64],[8136],[8136,64,512]]","[""c10::BFloat16"",""c10::BFloat16"",""int"",""Scalar"",""Scalar"",""float"",""int"",""c10::BFloat16""]",both,"[""operator_shape_matched""]","[""operator_shape_matched""]",1,1,2,2,1164.824,1154.265,0.009201,0.009362,0.000161
_flashmla_C::sparse_prefill_fwd,"[[8136,64,512],[12384,1,512],[8136,1,384],[],[],[64],[8136],[8136,64,512]]","[""c10::BFloat16"",""c10::BFloat16"",""int"",""Scalar"",""Scalar"",""float"",""int"",""c10::BFloat16""]",both,"[""operator_shape_matched""]","[""operator_shape_matched""]",1,1,20,20,14728.386,14669.466,0.116338,0.118983,0.002645
_flashmla_C::sparse_prefill_fwd,"[[8136,64,512],[15360,1,512],[8136,1,640],[],[],[64],[8136],[8136,64,512]]","[""c10::BFloat16"",""c10::BFloat16"",""int"",""Scalar"",""Scalar"",""float"",""int"",""c10::BFloat16""]",both,"[""operator_shape_matched""]","[""operator_shape_matched""]",1,1,21,21,23943.238,23740.22,0.189125,0.192555,0.003431
_flashmla_C::sparse_prefill_fwd,"[[8138,64,512],[12288,1,512],[8138,1,128],[],[],[64],[8138],[8138,64,512]]","[""c10::BFloat16"",""c10::BFloat16"",""int"",""Scalar"",""Scalar"",""float"",""int"",""c10::BFloat16""]",both,"[""operator_shape_matched""]","[""operator_shape_matched""]",1,1,2,2,1153.528,1140.312,0.009112,0.009249,0.000137
_flashmla_C::sparse_prefill_fwd,"[[8138,64,512],[12384,1,512],[8138,1,384],[],[],[64],[8138],[8138,64,512]]","[""c10::BFloat16"",""c10::BFloat16"",""int"",""Scalar"",""Scalar"",""float"",""int"",""c10::BFloat16""]",both,"[""operator_shape_matched""]","[""operator_shape_matched""]",1,1,20,20,14811.42,14692.347,0.116993,0.119169,0.002175
_flashmla_C::sparse_prefill_fwd,"[[8138,64,512],[15360,1,512],[8138,1,640],[],[],[64],[8138],[8138,64,512]]","[""c10::BFloat16"",""c10::BFloat16"",""int"",""Scalar"",""Scalar"",""float"",""int"",""c10::BFloat16""]",both,"[""operator_shape_matched""]","[""operator_shape_matched""]",1,1,21,21,23889.116,23699.738,0.188697,0.192227,0.00353
_flashmla_C::sparse_prefill_fwd,"[[8140,64,512],[12288,1,512],[8140,1,128],[],[],[64],[8140],[8140,64,512]]","[""c10::BFloat16"",""c10::BFloat16"",""int"",""Scalar"",""Scalar"",""float"",""int"",""c10::BFloat16""]",both,"[""operator_shape_matched""]","[""operator_shape_matched""]",1,1,2,2,1145.304,1153.273,0.009047,0.009354,0.000308
_flashmla_C::sparse_prefill_fwd,"[[8140,64,512],[12384,1,512],[8140,1,384],[],[],[64],[8140],[8140,64,512]]","[""c10::BFloat16"",""c10::BFloat16"",""int"",""Scalar"",""Scalar"",""float"",""int"",""c10::BFloat16""]",both,"[""operator_shape_matched""]","[""operator_shape_matched""]",1,1,20,20,14579.605,14533.748,0.115162,0.117882,0.00272
_flashmla_C::sparse_prefill_fwd,"[[8140,64,512],[15360,1,512],[8140,1,640],[],[],[64],[8140],[8140,64,512]]","[""c10::BFloat16"",""c10::BFloat16"",""int"",""Scalar"",""Scalar"",""float"",""int"",""c10::BFloat16""]",both,"[""operator_shape_matched""]","[""operator_shape_matched""]",1,1,21,21,23899.352,23724.315,0.188778,0.192426,0.003648
_flashmla_C::sparse_prefill_fwd,"[[8142,64,512],[12288,1,512],[8142,1,128],[],[],[64],[8142],[8142,64,512]]","[""c10::BFloat16"",""c10::BFloat16"",""int"",""Scalar"",""Scalar"",""float"",""int"",""c10::BFloat16""]",both,"[""operator_shape_matched""]","[""operator_shape_matched""]",1,1,2,2,1161.561,1152.793,0.009175,0.00935,0.000175
_flashmla_C::sparse_prefill_fwd,"[[8142,64,512],[12384,1,512],[8142,1,384],[],[],[64],[8142],[8142,64,512]]","[""c10::BFloat16"",""c10::BFloat16"",""int"",""Scalar"",""Scalar"",""float"",""int"",""c10::BFloat16""]",both,"[""operator_shape_matched""]","[""operator_shape_matched""]",1,1,20,20,14797.179,14670.775,0.116881,0.118994,0.002113
_flashmla_C::sparse_prefill_fwd,"[[8142,64,512],[15360,1,512],[8142,1,640],[],[],[64],[8142],[8142,64,512]]","[""c10::BFloat16"",""c10::BFloat16"",""int"",""Scalar"",""Scalar"",""float"",""int"",""c10::BFloat16""]",both,"[""operator_shape_matched""]","[""operator_shape_matched""]",1,1,21,21,23888.54,23660.661,0.188692,0.19191,0.003217
_flashmla_C::sparse_prefill_fwd,"[[8144,64,512],[12288,1,512],[8144,1,128],[],[],[64],[8144],[8144,64,512]]","[""c10::BFloat16"",""c10::BFloat16"",""int"",""Scalar"",""Scalar"",""float"",""int"",""c10::BFloat16""]",both,"[""operator_shape_matched""]","[""operator_shape_matched""]",1,1,2,2,1148.377,1159.258,0.009071,0.009403,0.000332
_flashmla_C::sparse_prefill_fwd,"[[8144,64,512],[12384,1,512],[8144,1,384],[],[],[64],[8144],[8144,64,512]]","[""c10::BFloat16"",""c10::BFloat16"",""int"",""Scalar"",""Scalar"",""float"",""int"",""c10::BFloat16""]",both,"[""operator_shape_matched""]","[""operator_shape_matched""]",1,1,20,20,14630.233,14621.141,0.115562,0.118591,0.003029
_flashmla_C::sparse_prefill_fwd,"[[8144,64,512],[15360,1,512],[8144,1,640],[],[],[64],[8144],[8144,64,512]]","[""c10::BFloat16"",""c10::BFloat16"",""int"",""Scalar"",""Scalar"",""float"",""int"",""c10::BFloat16""]",both,"[""operator_shape_matched""]","[""operator_shape_matched""]",1,1,21,21,23849.918,23622.613,0.188387,0.191601,0.003214
_flashmla_C::sparse_prefill_fwd,"[[8146,64,512],[12288,1,512],[8146,1,128],[],[],[64],[8146],[8146,64,512]]","[""c10::BFloat16"",""c10::BFloat16"",""int"",""Scalar"",""Scalar"",""float"",""int"",""c10::BFloat16""]",both,"[""operator_shape_matched""]","[""operator_shape_matched""]",1,1,2,2,1165.241,1155.352,0.009204,0.009371,0.000167
_flashmla_C::sparse_prefill_fwd,"[[8146,64,512],[12384,1,512],[8146,1,384],[],[],[64],[8146],[8146,64,512]]","[""c10::BFloat16"",""c10::BFloat16"",""int"",""Scalar"",""Scalar"",""float"",""int"",""c10::BFloat16""]",both,"[""operator_shape_matched""]","[""operator_shape_matched""]",1,1,20,20,14604.21,14585.746,0.115357,0.118304,0.002947
_flashmla_C::sparse_prefill_fwd,"[[8146,64,512],[15360,1,512],[8146,1,640],[],[],[64],[8146],[8146,64,512]]","[""c10::BFloat16"",""c10::BFloat16"",""int"",""Scalar"",""Scalar"",""float"",""int"",""c10::BFloat16""]",both,"[""operator_shape_matched""]","[""operator_shape_matched""]",1,1,21,21,23874.041,23684.888,0.188578,0.192106,0.003528
_flashmla_C::sparse_prefill_fwd,"[[8148,64,512],[12288,1,512],[8148,1,128],[],[],[64],[8148],[8148,64,512]]","[""c10::BFloat16"",""c10::BFloat16"",""int"",""Scalar"",""Scalar"",""float"",""int"",""c10::BFloat16""]",both,"[""operator_shape_matched""]","[""operator_shape_matched""]",1,1,2,2,1163.641,1153.882,0.009191,0.009359,0.000168
_flashmla_C::sparse_prefill_fwd,"[[8148,64,512],[12384,1,512],[8148,1,384],[],[],[64],[8148],[8148,64,512]]","[""c10::BFloat16"",""c10::BFloat16"",""int"",""Scalar"",""Scalar"",""float"",""int"",""c10::BFloat16""]",both,"[""operator_shape_matched""]","[""operator_shape_matched""]",1,1,20,20,14712.469,14674.77,0.116212,0.119026,0.002814
_flashmla_C::sparse_prefill_fwd,"[[8148,64,512],[15360,1,512],[8148,1,640],[],[],[64],[8148],[8148,64,512]]","[""c10::BFloat16"",""c10::BFloat16"",""int"",""Scalar"",""Scalar"",""float"",""int"",""c10::BFloat16""]",both,"[""operator_shape_matched""]","[""operator_shape_matched""]",1,1,21,21,23900.984,23673.722,0.188791,0.192016,0.003225
_flashmla_C::sparse_prefill_fwd,"[[8150,64,512],[12288,1,512],[8150,1,128],[],[],[64],[8150],[8150,64,512]]","[""c10::BFloat16"",""c10::BFloat16"",""int"",""Scalar"",""Scalar"",""float"",""int"",""c10::BFloat16""]",both,"[""operator_shape_matched""]","[""operator_shape_matched""]",1,1,2,2,1158.456,1147.737,0.00915,0.009309,0.000159
_flashmla_C::sparse_prefill_fwd,"[[8150,64,512],[12384,1,512],[8150,1,384],[],[],[64],[8150],[8150,64,512]]","[""c10::BFloat16"",""c10::BFloat16"",""int"",""Scalar"",""Scalar"",""float"",""int"",""c10::BFloat16""]",both,"[""operator_shape_matched""]","[""operator_shape_matched""]",1,1,20,20,14700.855,14717.877,0.11612,0.119376,0.003255
_flashmla_C::sparse_prefill_fwd,"[[8150,64,512],[15360,1,512],[8150,1,640],[],[],[64],[8150],[8150,64,512]]","[""c10::BFloat16"",""c10::BFloat16"",""int"",""Scalar"",""Scalar"",""float"",""int"",""c10::BFloat16""]",both,"[""operator_shape_matched""]","[""operator_shape_matched""]",1,1,21,21,23832.089,23657.111,0.188247,0.191881,0.003635
_flashmla_C::sparse_prefill_fwd,"[[8152,64,512],[12288,1,512],[8152,1,128],[],[],[64],[8152],[8152,64,512]]","[""c10::BFloat16"",""c10::BFloat16"",""int"",""Scalar"",""Scalar"",""float"",""int"",""c10::BFloat16""]",both,"[""operator_shape_matched""]","[""operator_shape_matched""]",1,1,2,2,1169.05,1154.809,0.009234,0.009367,0.000132
_flashmla_C::sparse_prefill_fwd,"[[8152,64,512],[12384,1,512],[8152,1,384],[],[],[64],[8152],[8152,64,512]]","[""c10::BFloat16"",""c10::BFloat16"",""int"",""Scalar"",""Scalar"",""float"",""int"",""c10::BFloat16""]",both,"[""operator_shape_matched""]","[""operator_shape_matched""]",1,1,20,20,14645.306,14670.812,0.115681,0.118994,0.003313
_flashmla_C::sparse_prefill_fwd,"[[8152,64,512],[15360,1,512],[8152,1,640],[],[],[64],[8152],[8152,64,512]]","[""c10::BFloat16"",""c10::BFloat16"",""int"",""Scalar"",""Scalar"",""float"",""int"",""c10::BFloat16""]",both,"[""operator_shape_matched""]","[""operator_shape_matched""]",1,1,21,21,23943.324,23694.555,0.189125,0.192185,0.00306
_flashmla_C::sparse_prefill_fwd,"[[8154,64,512],[12288,1,512],[8154,1,128],[],[],[64],[8154],[8154,64,512]]","[""c10::BFloat16"",""c10::BFloat16"",""int"",""Scalar"",""Scalar"",""float"",""int"",""c10::BFloat16""]",both,"[""operator_shape_matched""]","[""operator_shape_matched""]",1,1,2,2,1158.393,1149.913,0.00915,0.009327,0.000177
_flashmla_C::sparse_prefill_fwd,"[[8154,64,512],[12384,1,512],[8154,1,384],[],[],[64],[8154],[8154,64,512]]","[""c10::BFloat16"",""c10::BFloat16"",""int"",""Scalar"",""Scalar"",""float"",""int"",""c10::BFloat16""]",both,"[""operator_shape_matched""]","[""operator_shape_matched""]",1,1,20,20,14678.456,14406.195,0.115943,0.116848,0.000904
_flashmla_C::sparse_prefill_fwd,"[[8154,64,512],[15360,1,512],[8154,1,640],[],[],[64],[8154],[8154,64,512]]","[""c10::BFloat16"",""c10::BFloat16"",""int"",""Scalar"",""Scalar"",""float"",""int"",""c10::BFloat16""]",both,"[""operator_shape_matched""]","[""operator_shape_matched""]",1,1,21,21,23947.806,23754.681,0.189161,0.192672,0.003512
_flashmla_C::sparse_prefill_fwd,"[[8156,64,512],[12288,1,512],[8156,1,128],[],[],[64],[8156],[8156,64,512]]","[""c10::BFloat16"",""c10::BFloat16"",""int"",""Scalar"",""Scalar"",""float"",""int"",""c10::BFloat16""]",both,"[""operator_shape_matched""]","[""operator_shape_matched""]",1,1,2,2,1155.098,1160.536,0.009124,0.009413,0.000289
_flashmla_C::sparse_prefill_fwd,"[[8156,64,512],[12384,1,512],[8156,1,384],[],[],[64],[8156],[8156,64,512]]","[""c10::BFloat16"",""c10::BFloat16"",""int"",""Scalar"",""Scalar"",""float"",""int"",""c10::BFloat16""]",both,"[""operator_shape_matched""]","[""operator_shape_matched""]",1,1,20,20,14797.85,14757.37,0.116886,0.119696,0.00281
_flashmla_C::sparse_prefill_fwd,"[[8156,64,512],[15360,1,512],[8156,1,640],[],[],[64],[8156],[8156,64,512]]","[""c10::BFloat16"",""c10::BFloat16"",""int"",""Scalar"",""Scalar"",""float"",""int"",""c10::BFloat16""]",both,"[""operator_shape_matched""]","[""operator_shape_matched""]",1,1,21,21,23900.51,23737.21,0.188787,0.192531,0.003744
_flashmla_C::sparse_prefill_fwd,"[[8158,64,512],[12288,1,512],[8158,1,128],[],[],[64],[8158],[8158,64,512]]","[""c10::BFloat16"",""c10::BFloat16"",""int"",""Scalar"",""Scalar"",""float"",""int"",""c10::BFloat16""]",both,"[""operator_shape_matched""]","[""operator_shape_matched""]",1,1,2,2,1150.361,1159.96,0.009087,0.009408,0.000322
_flashmla_C::sparse_prefill_fwd,"[[8158,64,512],[12384,1,512],[8158,1,384],[],[],[64],[8158],[8158,64,512]]","[""c10::BFloat16"",""c10::BFloat16"",""int"",""Scalar"",""Scalar"",""float"",""int"",""c10::BFloat16""]",both,"[""operator_shape_matched""]","[""operator_shape_matched""]",1,1,20,20,14693.337,14639.769,0.116061,0.118742,0.002681
_flashmla_C::sparse_prefill_fwd,"[[8158,64,512],[15360,1,512],[8158,1,640],[],[],[64],[8158],[8158,64,512]]","[""c10::BFloat16"",""c10::BFloat16"",""int"",""Scalar"",""Scalar"",""float"",""int"",""c10::BFloat16""]",both,"[""operator_shape_matched""]","[""operator_shape_matched""]",1,1,21,21,23842.585,23699.732,0.188329,0.192227,0.003897
_flashmla_C::sparse_prefill_fwd,"[[8160,64,512],[12288,1,512],[8160,1,128],[],[],[64],[8160],[8160,64,512]]","[""c10::BFloat16"",""c10::BFloat16"",""int"",""Scalar"",""Scalar"",""float"",""int"",""c10::BFloat16""]",both,"[""operator_shape_matched""]","[""operator_shape_matched""]",1,1,2,2,1155.673,1151.641,0.009129,0.009341,0.000212
_flashmla_C::sparse_prefill_fwd,"[[8160,64,512],[12384,1,512],[8160,1,384],[],[],[64],[8160],[8160,64,512]]","[""c10::BFloat16"",""c10::BFloat16"",""int"",""Scalar"",""Scalar"",""float"",""int"",""c10::BFloat16""]",both,"[""operator_shape_matched""]","[""operator_shape_matched""]",1,1,20,20,14676.822,14607.987,0.11593,0.118484,0.002554
_flashmla_C::sparse_prefill_fwd,"[[8160,64,512],[15360,1,512],[8160,1,640],[],[],[64],[8160],[8160,64,512]]","[""c10::BFloat16"",""c10::BFloat16"",""int"",""Scalar"",""Scalar"",""float"",""int"",""c10::BFloat16""]",both,"[""operator_shape_matched""]","[""operator_shape_matched""]",1,1,21,21,23955.644,23719.805,0.189223,0.19239,0.003167
_flashmla_C::sparse_prefill_fwd,"[[8162,64,512],[12288,1,512],[8162,1,128],[],[],[64],[8162],[8162,64,512]]","[""c10::BFloat16"",""c10::BFloat16"",""int"",""Scalar"",""Scalar"",""float"",""int"",""c10::BFloat16""]",both,"[""operator_shape_matched""]","[""operator_shape_matched""]",1,1,2,2,1159.032,1144.888,0.009155,0.009286,0.000131
_flashmla_C::sparse_prefill_fwd,"[[8162,64,512],[12384,1,512],[8162,1,384],[],[],[64],[8162],[8162,64,512]]","[""c10::BFloat16"",""c10::BFloat16"",""int"",""Scalar"",""Scalar"",""float"",""int"",""c10::BFloat16""]",both,"[""operator_shape_matched""]","[""operator_shape_matched""]",1,1,20,20,14465.298,14534.899,0.11426,0.117891,0.003632
_flashmla_C::sparse_prefill_fwd,"[[8162,64,512],[15360,1,512],[8162,1,640],[],[],[64],[8162],[8162,64,512]]","[""c10::BFloat16"",""c10::BFloat16"",""int"",""Scalar"",""Scalar"",""float"",""int"",""c10::BFloat16""]",both,"[""operator_shape_matched""]","[""operator_shape_matched""]",1,1,21,21,23906.458,23739.253,0.188834,0.192547,0.003713
_flashmla_C::sparse_prefill_fwd,"[[8164,64,512],[12288,1,512],[8164,1,128],[],[],[64],[8164],[8164,64,512]]","[""c10::BFloat16"",""c10::BFloat16"",""int"",""Scalar"",""Scalar"",""float"",""int"",""c10::BFloat16""]",both,"[""operator_shape_matched""]","[""operator_shape_matched""]",1,1,2,2,1159.833,1142.263,0.009161,0.009265,0.000103
_flashmla_C::sparse_prefill_fwd,"[[8164,64,512],[12384,1,512],[8164,1,384],[],[],[64],[8164],[8164,64,512]]","[""c10::BFloat16"",""c10::BFloat16"",""int"",""Scalar"",""Scalar"",""float"",""int"",""c10::BFloat16""]",both,"[""operator_shape_matched""]","[""operator_shape_matched""]",1,1,20,20,14783.127,14661.556,0.11677,0.118919,0.002149
_flashmla_C::sparse_prefill_fwd,"[[8164,64,512],[15360,1,512],[8164,1,640],[],[],[64],[8164],[8164,64,512]]","[""c10::BFloat16"",""c10::BFloat16"",""int"",""Scalar"",""Scalar"",""float"",""int"",""c10::BFloat16""]",both,"[""operator_shape_matched""]","[""operator_shape_matched""]",1,1,21,21,23891.927,23719.059,0.188719,0.192384,0.003664
_flashmla_C::sparse_prefill_fwd,"[[8166,64,512],[12288,1,512],[8166,1,128],[],[],[64],[8166],[8166,64,512]]","[""c10::BFloat16"",""c10::BFloat16"",""int"",""Scalar"",""Scalar"",""float"",""int"",""c10::BFloat16""]",both,"[""operator_shape_matched""]","[""operator_shape_matched""]",1,1,2,2,1154.968,1147.064,0.009123,0.009304,0.000181
_flashmla_C::sparse_prefill_fwd,"[[8166,64,512],[12384,1,512],[8166,1,384],[],[],[64],[8166],[8166,64,512]]","[""c10::BFloat16"",""c10::BFloat16"",""int"",""Scalar"",""Scalar"",""float"",""int"",""c10::BFloat16""]",both,"[""operator_shape_matched""]","[""operator_shape_matched""]",1,1,20,20,14780.119,14627.219,0.116746,0.11864,0.001894
_flashmla_C::sparse_prefill_fwd,"[[8166,64,512],[15360,1,512],[8166,1,640],[],[],[64],[8166],[8166,64,512]]","[""c10::BFloat16"",""c10::BFloat16"",""int"",""Scalar"",""Scalar"",""float"",""int"",""c10::BFloat16""]",both,"[""operator_shape_matched""]","[""operator_shape_matched""]",1,1,21,21,23930.875,23709.04,0.189027,0.192302,0.003275
_flashmla_C::sparse_prefill_fwd,"[[8168,64,512],[12288,1,512],[8168,1,128],[],[],[64],[8168],[8168,64,512]]","[""c10::BFloat16"",""c10::BFloat16"",""int"",""Scalar"",""Scalar"",""float"",""int"",""c10::BFloat16""]",both,"[""operator_shape_matched""]","[""operator_shape_matched""]",1,1,2,2,1156.281,1162.136,0.009133,0.009426,0.000293
_flashmla_C::sparse_prefill_fwd,"[[8168,64,512],[12384,1,512],[8168,1,384],[],[],[64],[8168],[8168,64,512]]","[""c10::BFloat16"",""c10::BFloat16"",""int"",""Scalar"",""Scalar"",""float"",""int"",""c10::BFloat16""]",both,"[""operator_shape_matched""]","[""operator_shape_matched""]",1,1,20,20,14663.477,14590.833,0.115825,0.118345,0.00252
_flashmla_C::sparse_prefill_fwd,"[[8168,64,512],[15360,1,512],[8168,1,640],[],[],[64],[8168],[8168,64,512]]","[""c10::BFloat16"",""c10::BFloat16"",""int"",""Scalar"",""Scalar"",""float"",""int"",""c10::BFloat16""]",both,"[""operator_shape_matched""]","[""operator_shape_matched""]",1,1,21,21,23889.11,23690.065,0.188697,0.192148,0.003451
_flashmla_C::sparse_prefill_fwd,"[[8170,64,512],[12288,1,512],[8170,1,128],[],[],[64],[8170],[8170,64,512]]","[""c10::BFloat16"",""c10::BFloat16"",""int"",""Scalar"",""Scalar"",""float"",""int"",""c10::BFloat16""]",both,"[""operator_shape_matched""]","[""operator_shape_matched""]",1,1,2,2,1173.24,1155.672,0.009267,0.009374,0.000106
_flashmla_C::sparse_prefill_fwd,"[[8170,64,512],[12384,1,512],[8170,1,384],[],[],[64],[8170],[8170,64,512]]","[""c10::BFloat16"",""c10::BFloat16"",""int"",""Scalar"",""Scalar"",""float"",""int"",""c10::BFloat16""]",both,"[""operator_shape_matched""]","[""operator_shape_matched""]",1,1,20,20,14575.25,14487.567,0.115128,0.117508,0.00238
_flashmla_C::sparse_prefill_fwd,"[[8170,64,512],[15360,1,512],[8170,1,640],[],[],[64],[8170],[8170,64,512]]","[""c10::BFloat16"",""c10::BFloat16"",""int"",""Scalar"",""Scalar"",""float"",""int"",""c10::BFloat16""]",both,"[""operator_shape_matched""]","[""operator_shape_matched""]",1,1,21,21,23956.408,23720.5,0.189229,0.192395,0.003167
_flashmla_C::sparse_prefill_fwd,"[[8172,64,512],[12288,1,512],[8172,1,128],[],[],[64],[8172],[8172,64,512]]","[""c10::BFloat16"",""c10::BFloat16"",""int"",""Scalar"",""Scalar"",""float"",""int"",""c10::BFloat16""]",both,"[""operator_shape_matched""]","[""operator_shape_matched""]",1,1,2,2,1159.097,1167.32,0.009156,0.009468,0.000312
_flashmla_C::sparse_prefill_fwd,"[[8172,64,512],[12384,1,512],[8172,1,384],[],[],[64],[8172],[8172,64,512]]","[""c10::BFloat16"",""c10::BFloat16"",""int"",""Scalar"",""Scalar"",""float"",""int"",""c10::BFloat16""]",both,"[""operator_shape_matched""]","[""operator_shape_matched""]",1,1,20,20,14594.898,14552.785,0.115283,0.118037,0.002753
_flashmla_C::sparse_prefill_fwd,"[[8172,64,512],[15360,1,512],[8172,1,640],[],[],[64],[8172],[8172,64,512]]","[""c10::BFloat16"",""c10::BFloat16"",""int"",""Scalar"",""Scalar"",""float"",""int"",""c10::BFloat16""]",both,"[""operator_shape_matched""]","[""operator_shape_matched""]",1,1,21,21,23893.11,23728.277,0.188729,0.192458,0.00373
_flashmla_C::sparse_prefill_fwd,"[[8174,64,512],[12288,1,512],[8174,1,128],[],[],[64],[8174],[8174,64,512]]","[""c10::BFloat16"",""c10::BFloat16"",""int"",""Scalar"",""Scalar"",""float"",""int"",""c10::BFloat16""]",both,"[""operator_shape_matched""]","[""operator_shape_matched""]",1,1,2,2,1172.632,1167.064,0.009262,0.009466,0.000204
_flashmla_C::sparse_prefill_fwd,"[[8174,64,512],[12384,1,512],[8174,1,384],[],[],[64],[8174],[8174,64,512]]","[""c10::BFloat16"",""c10::BFloat16"",""int"",""Scalar"",""Scalar"",""float"",""int"",""c10::BFloat16""]",both,"[""operator_shape_matched""]","[""operator_shape_matched""]",1,1,20,20,14595.344,14463.022,0.115287,0.117309,0.002022
_flashmla_C::sparse_prefill_fwd,"[[8174,64,512],[15360,1,512],[8174,1,640],[],[],[64],[8174],[8174,64,512]]","[""c10::BFloat16"",""c10::BFloat16"",""int"",""Scalar"",""Scalar"",""float"",""int"",""c10::BFloat16""]",both,"[""operator_shape_matched""]","[""operator_shape_matched""]",1,1,21,21,23861.974,23661.775,0.188483,0.191919,0.003436
_flashmla_C::sparse_prefill_fwd,"[[8176,64,512],[12288,1,512],[8176,1,128],[],[],[64],[8176],[8176,64,512]]","[""c10::BFloat16"",""c10::BFloat16"",""int"",""Scalar"",""Scalar"",""float"",""int"",""c10::BFloat16""]",both,"[""operator_shape_matched""]","[""operator_shape_matched""]",1,1,2,2,1158.713,1150.744,0.009153,0.009334,0.000181
_flashmla_C::sparse_prefill_fwd,"[[8176,64,512],[12384,1,512],[8176,1,384],[],[],[64],[8176],[8176,64,512]]","[""c10::BFloat16"",""c10::BFloat16"",""int"",""Scalar"",""Scalar"",""float"",""int"",""c10::BFloat16""]",both,"[""operator_shape_matched""]","[""operator_shape_matched""]",1,1,20,20,14608.082,14454.349,0.115387,0.117238,0.001851
_flashmla_C::sparse_prefill_fwd,"[[8176,64,512],[15360,1,512],[8176,1,640],[],[],[64],[8176],[8176,64,512]]","[""c10::BFloat16"",""c10::BFloat16"",""int"",""Scalar"",""Scalar"",""float"",""int"",""c10::BFloat16""]",both,"[""operator_shape_matched""]","[""operator_shape_matched""]",1,1,21,21,23868.725,23652.05,0.188536,0.19184,0.003304
_flashmla_C::sparse_prefill_fwd,"[[8178,64,512],[12288,1,512],[8178,1,128],[],[],[64],[8178],[8178,64,512]]","[""c10::BFloat16"",""c10::BFloat16"",""int"",""Scalar"",""Scalar"",""float"",""int"",""c10::BFloat16""]",both,"[""operator_shape_matched""]","[""operator_shape_matched""]",1,1,2,2,1165.945,1161.592,0.00921,0.009422,0.000212
_flashmla_C::sparse_prefill_fwd,"[[8178,64,512],[12384,1,512],[8178,1,384],[],[],[64],[8178],[8178,64,512]]","[""c10::BFloat16"",""c10::BFloat16"",""int"",""Scalar"",""Scalar"",""float"",""int"",""c10::BFloat16""]",both,"[""operator_shape_matched""]","[""operator_shape_matched""]",1,1,20,20,14750.486,14641.879,0.116512,0.118759,0.002247
_flashmla_C::sparse_prefill_fwd,"[[8178,64,512],[15360,1,512],[8178,1,640],[],[],[64],[8178],[8178,64,512]]","[""c10::BFloat16"",""c10::BFloat16"",""int"",""Scalar"",""Scalar"",""float"",""int"",""c10::BFloat16""]",both,"[""operator_shape_matched""]","[""operator_shape_matched""]",1,1,21,21,23962.873,23746.774,0.18928,0.192608,0.003329
_flashmla_C::sparse_prefill_fwd,"[[8180,64,512],[12288,1,512],[8180,1,128],[],[],[64],[8180],[8180,64,512]]","[""c10::BFloat16"",""c10::BFloat16"",""int"",""Scalar"",""Scalar"",""float"",""int"",""c10::BFloat16""]",both,"[""operator_shape_matched""]","[""operator_shape_matched""]",1,1,2,2,1167.864,1164.697,0.009225,0.009447,0.000222
_flashmla_C::sparse_prefill_fwd,"[[8180,64,512],[12384,1,512],[8180,1,384],[],[],[64],[8180],[8180,64,512]]","[""c10::BFloat16"",""c10::BFloat16"",""int"",""Scalar"",""Scalar"",""float"",""int"",""c10::BFloat16""]",both,"[""operator_shape_matched""]","[""operator_shape_matched""]",1,1,20,20,14703.574,14747.413,0.116142,0.119615,0.003474
_flashmla_C::sparse_prefill_fwd,"[[8180,64,512],[15360,1,512],[8180,1,640],[],[],[64],[8180],[8180,64,512]]","[""c10::BFloat16"",""c10::BFloat16"",""int"",""Scalar"",""Scalar"",""float"",""int"",""c10::BFloat16""]",both,"[""operator_shape_matched""]","[""operator_shape_matched""]",1,1,21,21,23999.256,23919.547,0.189567,0.19401,0.004443
_flashmla_C::sparse_prefill_fwd,"[[8182,64,512],[12288,1,512],[8182,1,128],[],[],[64],[8182],[8182,64,512]]","[""c10::BFloat16"",""c10::BFloat16"",""int"",""Scalar"",""Scalar"",""float"",""int"",""c10::BFloat16""]",both,"[""operator_shape_matched""]","[""operator_shape_matched""]",1,1,2,2,1165.593,1164.889,0.009207,0.009448,0.000241
_flashmla_C::sparse_prefill_fwd,"[[8182,64,512],[12384,1,512],[8182,1,384],[],[],[64],[8182],[8182,64,512]]","[""c10::BFloat16"",""c10::BFloat16"",""int"",""Scalar"",""Scalar"",""float"",""int"",""c10::BFloat16""]",both,"[""operator_shape_matched""]","[""operator_shape_matched""]",1,1,20,20,14676.241,14719.381,0.115926,0.119388,0.003462
_flashmla_C::sparse_prefill_fwd,"[[8182,64,512],[15360,1,512],[8182,1,640],[],[],[64],[8182],[8182,64,512]]","[""c10::BFloat16"",""c10::BFloat16"",""int"",""Scalar"",""Scalar"",""float"",""int"",""c10::BFloat16""]",both,"[""operator_shape_matched""]","[""operator_shape_matched""]",1,1,21,21,23978.039,23925.557,0.189399,0.194058,0.004659
_flashmla_C::sparse_prefill_fwd,"[[8184,64,512],[12288,1,512],[8184,1,128],[],[],[64],[8184],[8184,64,512]]","[""c10::BFloat16"",""c10::BFloat16"",""int"",""Scalar"",""Scalar"",""float"",""int"",""c10::BFloat16""]",both,"[""operator_shape_matched""]","[""operator_shape_matched""]",1,1,2,2,1158.52,1167.993,0.009151,0.009474,0.000323
_flashmla_C::sparse_prefill_fwd,"[[8184,64,512],[12384,1,512],[8184,1,384],[],[],[64],[8184],[8184,64,512]]","[""c10::BFloat16"",""c10::BFloat16"",""int"",""Scalar"",""Scalar"",""float"",""int"",""c10::BFloat16""]",both,"[""operator_shape_matched""]","[""operator_shape_matched""]",1,1,20,20,14693.811,14742.035,0.116065,0.119572,0.003507
_flashmla_C::sparse_prefill_fwd,"[[8184,64,512],[15360,1,512],[8184,1,640],[],[],[64],[8184],[8184,64,512]]","[""c10::BFloat16"",""c10::BFloat16"",""int"",""Scalar"",""Scalar"",""float"",""int"",""c10::BFloat16""]",both,"[""operator_shape_matched""]","[""operator_shape_matched""]",1,1,21,21,24037.913,23920.505,0.189872,0.194017,0.004145
_flashmla_C::sparse_prefill_fwd,"[[8186,64,512],[12288,1,512],[8186,1,128],[],[],[64],[8186],[8186,64,512]]","[""c10::BFloat16"",""c10::BFloat16"",""int"",""Scalar"",""Scalar"",""float"",""int"",""c10::BFloat16""]",both,"[""operator_shape_matched""]","[""operator_shape_matched""]",1,1,2,2,1169.593,1150.841,0.009238,0.009334,9.6e-05
_flashmla_C::sparse_prefill_fwd,"[[8186,64,512],[12384,1,512],[8186,1,384],[],[],[64],[8186],[8186,64,512]]","[""c10::BFloat16"",""c10::BFloat16"",""int"",""Scalar"",""Scalar"",""float"",""int"",""c10::BFloat16""]",both,"[""operator_shape_matched""]","[""operator_shape_matched""]",1,1,20,20,14712.79,14693.268,0.116214,0.119176,0.002962
_flashmla_C::sparse_prefill_fwd,"[[8186,64,512],[15360,1,512],[8186,1,640],[],[],[64],[8186],[8186,64,512]]","[""c10::BFloat16"",""c10::BFloat16"",""int"",""Scalar"",""Scalar"",""float"",""int"",""c10::BFloat16""]",both,"[""operator_shape_matched""]","[""operator_shape_matched""]",1,1,21,21,24003.607,23927.321,0.189601,0.194073,0.004471
_flashmla_C::sparse_prefill_fwd,"[[8188,64,512],[12288,1,512],[8188,1,128],[],[],[64],[8188],[8188,64,512]]","[""c10::BFloat16"",""c10::BFloat16"",""int"",""Scalar"",""Scalar"",""float"",""int"",""c10::BFloat16""]",both,"[""operator_shape_matched""]","[""operator_shape_matched""]",1,1,2,2,1162.008,1166.554,0.009179,0.009462,0.000283
_flashmla_C::sparse_prefill_fwd,"[[8188,64,512],[12384,1,512],[8188,1,384],[],[],[64],[8188],[8188,64,512]]","[""c10::BFloat16"",""c10::BFloat16"",""int"",""Scalar"",""Scalar"",""float"",""int"",""c10::BFloat16""]",both,"[""operator_shape_matched""]","[""operator_shape_matched""]",1,1,20,20,14690.898,14729.238,0.116041,0.119468,0.003426
_flashmla_C::sparse_prefill_fwd,"[[8188,64,512],[15360,1,512],[8188,1,640],[],[],[64],[8188],[8188,64,512]]","[""c10::BFloat16"",""c10::BFloat16"",""int"",""Scalar"",""Scalar"",""float"",""int"",""c10::BFloat16""]",both,"[""operator_shape_matched""]","[""operator_shape_matched""]",1,1,21,21,23851.64,23931.513,0.188401,0.194107,0.005706
_flashmla_C::sparse_prefill_fwd,"[[8189,64,512],[10240,1,512],[8189,1,640],[],[],[64],[8189],[8189,64,512]]","[""c10::BFloat16"",""c10::BFloat16"",""int"",""Scalar"",""Scalar"",""float"",""int"",""c10::BFloat16""]",both,"[""operator_shape_matched""]","[""operator_shape_matched""]",1,1,21,21,23790.77,23926.455,0.18792,0.194066,0.006146
_flashmla_C::sparse_prefill_fwd,"[[8189,64,512],[8192,1,512],[8189,1,128],[],[],[64],[8189],[8189,64,512]]","[""c10::BFloat16"",""c10::BFloat16"",""int"",""Scalar"",""Scalar"",""float"",""int"",""c10::BFloat16""]",both,"[""operator_shape_matched""]","[""operator_shape_matched""]",1,1,2,2,1132.44,1158.616,0.008945,0.009397,0.000452
_flashmla_C::sparse_prefill_fwd,"[[8189,64,512],[8256,1,512],[8189,1,384],[],[],[64],[8189],[8189,64,512]]","[""c10::BFloat16"",""c10::BFloat16"",""int"",""Scalar"",""Scalar"",""float"",""int"",""c10::BFloat16""]",both,"[""operator_shape_matched""]","[""operator_shape_matched""]",1,1,20,20,14658.678,14744.631,0.115787,0.119593,0.003806
_flashmla_C::sparse_prefill_fwd,"[[8191,64,512],[10240,1,512],[8191,1,640],[],[],[64],[8191],[8191,64,512]]","[""c10::BFloat16"",""c10::BFloat16"",""int"",""Scalar"",""Scalar"",""float"",""int"",""c10::BFloat16""]",both,"[""operator_shape_matched""]","[""operator_shape_matched""]",1,1,21,21,23791.732,23742.74,0.187928,0.192576,0.004648
_flashmla_C::sparse_prefill_fwd,"[[8191,64,512],[8192,1,512],[8191,1,128],[],[],[64],[8191],[8191,64,512]]","[""c10::BFloat16"",""c10::BFloat16"",""int"",""Scalar"",""Scalar"",""float"",""int"",""c10::BFloat16""]",both,"[""operator_shape_matched""]","[""operator_shape_matched""]",1,1,2,2,1155.864,1156.599,0.00913,0.009381,0.000251
_flashmla_C::sparse_prefill_fwd,"[[8191,64,512],[8256,1,512],[8191,1,384],[],[],[64],[8191],[8191,64,512]]","[""c10::BFloat16"",""c10::BFloat16"",""int"",""Scalar"",""Scalar"",""float"",""int"",""c10::BFloat16""]",both,"[""operator_shape_matched""]","[""operator_shape_matched""]",1,1,20,20,14622.196,14668.792,0.115499,0.118977,0.003479
_moe_C::moe_align_block_size,"[[4096,6],[],[],[40704],[636],[1],[]]","[""int"",""Scalar"",""Scalar"",""int"",""int"",""int"",""""]",both,"[""operator_shape_matched""]","[""operator_shape_matched""]",2,2,86,86,642.511,634.766,0.005075,0.005149,7.3e-05
_moe_C::moe_align_block_size,"[[5089,6],[],[],[46662],[730],[1],[]]","[""int"",""Scalar"",""Scalar"",""int"",""int"",""int"",""""]",both,"[""operator_shape_matched""]","[""operator_shape_matched""]",2,2,86,86,755.73,742.797,0.005969,0.006025,5.5e-05
_moe_C::moe_align_block_size,"[[8192,6],[],[],[65280],[1020],[1],[]]","[""int"",""Scalar"",""Scalar"",""int"",""int"",""int"",""""]",both,"[""operator_shape_matched""]","[""operator_shape_matched""]",2,2,2666,2666,33796.228,33711.2,0.266952,0.273429,0.006477
_moe_C::moe_wna16_marlin_gemm,"[[24576,256],[24576,4096],[256,16,8192],[],[256,8,4096],[],[],[],[],[],[528],[40704],[636],[1],[4096,6],[],[],[],[],[],[],[],[],[],[],[],[],[],[]]","[""c10::BFloat16"",""c10::BFloat16"",""int"","""",""c10::Float8_e8m0fnu"","""","""","""","""","""",""int"",""int"",""int"",""int"",""float"",""Scalar"",""Scalar"",""Scalar"",""Scalar"",""Scalar"",""Scalar"",""Scalar"",""Scalar"",""Scalar"",""Scalar"",""Scalar"",""Scalar"",""Scalar"",""Scalar""]",both,"[""operator_shape_matched""]","[""operator_shape_matched""]",1,1,43,43,21979.627,21912.782,0.173614,0.177733,0.004119
_moe_C::moe_wna16_marlin_gemm,"[[30534,256],[30534,4096],[256,16,8192],[],[256,8,4096],[],[],[],[],[],[528],[46662],[730],[1],[5089,6],[],[],[],[],[],[],[],[],[],[],[],[],[],[]]","[""c10::BFloat16"",""c10::BFloat16"",""int"","""",""c10::Float8_e8m0fnu"","""","""","""","""","""",""int"",""int"",""int"",""int"",""float"",""Scalar"",""Scalar"",""Scalar"",""Scalar"",""Scalar"",""Scalar"",""Scalar"",""Scalar"",""Scalar"",""Scalar"",""Scalar"",""Scalar"",""Scalar"",""Scalar""]",both,"[""operator_shape_matched""]","[""operator_shape_matched""]",1,1,43,43,26263.003,26036.147,0.207448,0.211177,0.003729
_moe_C::moe_wna16_marlin_gemm,"[[4096,4096],[24576,512],[256,256,1024],[],[256,128,512],[],[],[],[],[],[528],[40704],[636],[1],[4096,6],[],[],[],[],[],[],[],[],[],[],[],[],[],[]]","[""c10::BFloat16"",""c10::BFloat16"",""int"","""",""c10::Float8_e8m0fnu"","""","""","""","""","""",""int"",""int"",""int"",""int"",""float"",""Scalar"",""Scalar"",""Scalar"",""Scalar"",""Scalar"",""Scalar"",""Scalar"",""Scalar"",""Scalar"",""Scalar"",""Scalar"",""Scalar"",""Scalar"",""Scalar""]",both,"[""operator_shape_matched""]","[""operator_shape_matched""]",1,1,43,43,21782.151,21819.338,0.172054,0.176975,0.004921
_moe_C::moe_wna16_marlin_gemm,"[[49152,256],[49152,4096],[256,16,8192],[],[256,8,4096],[],[],[],[],[],[528],[65280],[1020],[1],[8192,6],[],[],[],[],[],[],[],[],[],[],[],[],[],[]]","[""c10::BFloat16"",""c10::BFloat16"",""int"","""",""c10::Float8_e8m0fnu"","""","""","""","""","""",""int"",""int"",""int"",""int"",""float"",""Scalar"",""Scalar"",""Scalar"",""Scalar"",""Scalar"",""Scalar"",""Scalar"",""Scalar"",""Scalar"",""Scalar"",""Scalar"",""Scalar"",""Scalar"",""Scalar""]",both,"[""operator_shape_matched""]","[""operator_shape_matched""]",1,1,1333,1333,1213761.652,1206690.573,9.587345,9.787379,0.200033
_moe_C::moe_wna16_marlin_gemm,"[[5089,4096],[30534,512],[256,256,1024],[],[256,128,512],[],[],[],[],[],[528],[46662],[730],[1],[5089,6],[],[],[],[],[],[],[],[],[],[],[],[],[],[]]","[""c10::BFloat16"",""c10::BFloat16"",""int"","""",""c10::Float8_e8m0fnu"","""","""","""","""","""",""int"",""int"",""int"",""int"",""float"",""Scalar"",""Scalar"",""Scalar"",""Scalar"",""Scalar"",""Scalar"",""Scalar"",""Scalar"",""Scalar"",""Scalar"",""Scalar"",""Scalar"",""Scalar"",""Scalar""]",both,"[""operator_shape_matched""]","[""operator_shape_matched""]",1,1,43,43,26109.015,25647.83,0.206232,0.208028,0.001796
_moe_C::moe_wna16_marlin_gemm,"[[8192,4096],[49152,512],[256,256,1024],[],[256,128,512],[],[],[],[],[],[528],[65280],[1020],[1],[8192,6],[],[],[],[],[],[],[],[],[],[],[],[],[],[]]","[""c10::BFloat16"",""c10::BFloat16"",""int"","""",""c10::Float8_e8m0fnu"","""","""","""","""","""",""int"",""int"",""int"",""int"",""float"",""Scalar"",""Scalar"",""Scalar"",""Scalar"",""Scalar"",""Scalar"",""Scalar"",""Scalar"",""Scalar"",""Scalar"",""Scalar"",""Scalar"",""Scalar"",""Scalar""]",both,"[""operator_shape_matched""]","[""operator_shape_matched""]",1,1,1333,1333,1184875.464,1173261.762,9.359177,9.51624,0.157063
_moe_C::topk_softplus_sqrt,"[[4096,6],[4096,6],[4096,6],[4096,256],[],[],[256],[4096],[]]","[""float"",""int"",""int"",""float"",""Scalar"",""Scalar"",""float"",""int"",""""]",right_only,[],"[""operator_shape_matched""]",0,1,0,40,0.0,433.828,0.0,0.003519,0.003519
_moe_C::topk_softplus_sqrt,"[[4096,6],[4096,6],[4096,6],[4096,256],[],[],[256],[],[]]","[""float"",""int"",""int"",""float"",""Scalar"",""Scalar"",""float"","""",""""]",left_only,"[""operator_shape_matched""]",[],1,0,40,0,440.104,0.0,0.003476,0.0,-0.003476
_moe_C::topk_softplus_sqrt,"[[4096,6],[4096,6],[4096,6],[4096,256],[],[],[],[4096],[129280,6]]","[""float"",""int"",""int"",""float"",""Scalar"",""Scalar"","""",""int"",""int""]",right_only,[],"[""operator_shape_matched""]",0,1,0,3,0.0,24.448,0.0,0.000198,0.000198
_moe_C::topk_softplus_sqrt,"[[4096,6],[4096,6],[4096,6],[4096,256],[],[],[],[],[]]","[""float"",""int"",""int"",""float"",""Scalar"",""Scalar"","""","""",""""]",left_only,"[""operator_shape_matched""]",[],1,0,3,0,32.512,0.0,0.000257,0.0,-0.000257
_moe_C::topk_softplus_sqrt,"[[5089,6],[5089,6],[5089,6],[5089,256],[],[],[256],[5089],[]]","[""float"",""int"",""int"",""float"",""Scalar"",""Scalar"",""float"",""int"",""""]",right_only,[],"[""operator_shape_matched""]",0,1,0,40,0.0,508.201,0.0,0.004122,0.004122
_moe_C::topk_softplus_sqrt,"[[5089,6],[5089,6],[5089,6],[5089,256],[],[],[256],[],[]]","[""float"",""int"",""int"",""float"",""Scalar"",""Scalar"",""float"","""",""""]",left_only,"[""operator_shape_matched""]",[],1,0,40,0,506.632,0.0,0.004002,0.0,-0.004002
_moe_C::topk_softplus_sqrt,"[[5089,6],[5089,6],[5089,6],[5089,256],[],[],[],[5089],[129280,6]]","[""float"",""int"",""int"",""float"",""Scalar"",""Scalar"","""",""int"",""int""]",right_only,[],"[""operator_shape_matched""]",0,1,0,3,0.0,28.128,0.0,0.000228,0.000228
_moe_C::topk_softplus_sqrt,"[[5089,6],[5089,6],[5089,6],[5089,256],[],[],[],[],[]]","[""float"",""int"",""int"",""float"",""Scalar"",""Scalar"","""","""",""""]",left_only,"[""operator_shape_matched""]",[],1,0,3,0,36.897,0.0,0.000291,0.0,-0.000291
_moe_C::topk_softplus_sqrt,"[[8192,6],[8192,6],[8192,6],[8192,256],[],[],[256],[8192],[]]","[""float"",""int"",""int"",""float"",""Scalar"",""Scalar"",""float"",""int"",""""]",right_only,[],"[""operator_shape_matched""]",0,1,0,1240,0.0,21886.921,0.0,0.177523,0.177523
_moe_C::topk_softplus_sqrt,"[[8192,6],[8192,6],[8192,6],[8192,256],[],[],[256],[],[]]","[""float"",""int"",""int"",""float"",""Scalar"",""Scalar"",""float"","""",""""]",left_only,"[""operator_shape_matched""]",[],1,0,1240,0,21973.563,0.0,0.173566,0.0,-0.173566
_moe_C::topk_softplus_sqrt,"[[8192,6],[8192,6],[8192,6],[8192,256],[],[],[],[8192],[129280,6]]","[""float"",""int"",""int"",""float"",""Scalar"",""Scalar"","""",""int"",""int""]",right_only,[],"[""operator_shape_matched""]",0,1,0,93,0.0,1185.432,0.0,0.009615,0.009615
_moe_C::topk_softplus_sqrt,"[[8192,6],[8192,6],[8192,6],[8192,256],[],[],[],[],[]]","[""float"",""int"",""int"",""float"",""Scalar"",""Scalar"","""","""",""""]",left_only,"[""operator_shape_matched""]",[],1,0,93,0,1533.758,0.0,0.012115,0.0,-0.012115
aten::add,"[[10],[10],[]]","[""int"",""int"",""Scalar""]",both,"[""operator_shape_matched""]","[""operator_shape_matched""]",1,1,1,1,1.184,1.28,9e-06,1e-05,1e-06
aten::add,"[[10],[10],[]]","[""long int"",""long int"",""Scalar""]",both,"[""operator_shape_matched""]","[""operator_shape_matched""]",1,1,1,1,1.28,1.537,1e-05,1.2e-05,2e-06
aten::add,"[[11],[11],[]]","[""int"",""int"",""Scalar""]",both,"[""operator_shape_matched""]","[""operator_shape_matched""]",1,1,1,1,1.152,1.313,9e-06,1.1e-05,2e-06
aten::add,"[[12],[12],[]]","[""int"",""int"",""Scalar""]",both,"[""operator_shape_matched""]","[""operator_shape_matched""]",1,1,1,1,1.184,1.28,9e-06,1e-05,1e-06
aten::add,"[[12],[12],[]]","[""long int"",""long int"",""Scalar""]",both,"[""operator_shape_matched""]","[""operator_shape_matched""]",1,1,1,1,1.248,1.505,1e-05,1.2e-05,2e-06
aten::add,"[[13],[13],[]]","[""int"",""int"",""Scalar""]",both,"[""operator_shape_matched""]","[""operator_shape_matched""]",1,1,1,1,1.152,1.344,9e-06,1.1e-05,2e-06
aten::add,"[[14],[14],[]]","[""int"",""int"",""Scalar""]",both,"[""operator_shape_matched""]","[""operator_shape_matched""]",1,1,1,1,1.152,1.344,9e-06,1.1e-05,2e-06
aten::add,"[[14],[14],[]]","[""long int"",""long int"",""Scalar""]",both,"[""operator_shape_matched""]","[""operator_shape_matched""]",1,1,1,1,1.28,1.505,1e-05,1.2e-05,2e-06
aten::add,"[[15],[15],[]]","[""int"",""int"",""Scalar""]",both,"[""operator_shape_matched""]","[""operator_shape_matched""]",1,1,1,1,1.151,1.28,9e-06,1e-05,1e-06
aten::add,"[[16],[16],[]]","[""int"",""int"",""Scalar""]",both,"[""operator_shape_matched""]","[""operator_shape_matched""]",1,1,1,1,1.024,1.184,8e-06,1e-05,2e-06
aten::add,"[[16],[16],[]]","[""long int"",""long int"",""Scalar""]",both,"[""operator_shape_matched""]","[""operator_shape_matched""]",1,1,1,1,1.12,1.344,9e-06,1.1e-05,2e-06
aten::add,"[[17],[17],[]]","[""int"",""int"",""Scalar""]",both,"[""operator_shape_matched""]","[""operator_shape_matched""]",1,1,1,1,1.152,1.28,9e-06,1e-05,1e-06
aten::add,"[[18],[18],[]]","[""int"",""int"",""Scalar""]",both,"[""operator_shape_matched""]","[""operator_shape_matched""]",1,1,1,1,1.184,1.6,9e-06,1.3e-05,4e-06
aten::add,"[[18],[18],[]]","[""long int"",""long int"",""Scalar""]",both,"[""operator_shape_matched""]","[""operator_shape_matched""]",1,1,1,1,1.28,1.6,1e-05,1.3e-05,3e-06
aten::add,"[[19],[19],[]]","[""int"",""int"",""Scalar""]",both,"[""operator_shape_matched""]","[""operator_shape_matched""]",1,1,1,1,1.216,1.376,1e-05,1.1e-05,2e-06
aten::add,"[[1],[1],[]]","[""int"",""int"",""Scalar""]",both,"[""operator_shape_matched""]","[""operator_shape_matched""]",1,1,1,1,1.184,1.28,9e-06,1e-05,1e-06
aten::add,"[[20],[20],[]]","[""int"",""int"",""Scalar""]",both,"[""operator_shape_matched""]","[""operator_shape_matched""]",1,1,1,1,1.184,1.376,9e-06,1.1e-05,2e-06
aten::add,"[[20],[20],[]]","[""long int"",""long int"",""Scalar""]",both,"[""operator_shape_matched""]","[""operator_shape_matched""]",1,1,1,1,1.28,1.504,1e-05,1.2e-05,2e-06
aten::add,"[[21],[21],[]]","[""int"",""int"",""Scalar""]",both,"[""operator_shape_matched""]","[""operator_shape_matched""]",1,1,1,1,1.184,1.281,9e-06,1e-05,1e-06
aten::add,"[[22],[22],[]]","[""int"",""int"",""Scalar""]",both,"[""operator_shape_matched""]","[""operator_shape_matched""]",1,1,1,1,1.152,1.312,9e-06,1.1e-05,2e-06
aten::add,"[[22],[22],[]]","[""long int"",""long int"",""Scalar""]",both,"[""operator_shape_matched""]","[""operator_shape_matched""]",1,1,1,1,1.28,1.504,1e-05,1.2e-05,2e-06
aten::add,"[[23],[23],[]]","[""int"",""int"",""Scalar""]",both,"[""operator_shape_matched""]","[""operator_shape_matched""]",1,1,1,1,1.216,1.407,1e-05,1.1e-05,2e-06
aten::add,"[[24],[24],[]]","[""int"",""int"",""Scalar""]",both,"[""operator_shape_matched""]","[""operator_shape_matched""]",1,1,1,1,1.024,1.153,8e-06,9e-06,1e-06
aten::add,"[[24],[24],[]]","[""long int"",""long int"",""Scalar""]",both,"[""operator_shape_matched""]","[""operator_shape_matched""]",1,1,1,1,1.248,1.376,1e-05,1.1e-05,1e-06
aten::add,"[[25],[25],[]]","[""int"",""int"",""Scalar""]",both,"[""operator_shape_matched""]","[""operator_shape_matched""]",1,1,1,1,1.152,1.311,9e-06,1.1e-05,2e-06
aten::add,"[[26],[26],[]]","[""int"",""int"",""Scalar""]",both,"[""operator_shape_matched""]","[""operator_shape_matched""]",1,1,1,1,1.184,1.311,9e-06,1.1e-05,1e-06
aten::add,"[[26],[26],[]]","[""long int"",""long int"",""Scalar""]",both,"[""operator_shape_matched""]","[""operator_shape_matched""]",1,1,1,1,1.28,1.6,1e-05,1.3e-05,3e-06
aten::add,"[[27],[27],[]]","[""int"",""int"",""Scalar""]",both,"[""operator_shape_matched""]","[""operator_shape_matched""]",1,1,1,1,1.152,1.28,9e-06,1e-05,1e-06
aten::add,"[[28],[28],[]]","[""int"",""int"",""Scalar""]",both,"[""operator_shape_matched""]","[""operator_shape_matched""]",1,1,1,1,1.216,1.28,1e-05,1e-05,1e-06
aten::add,"[[28],[28],[]]","[""long int"",""long int"",""Scalar""]",both,"[""operator_shape_matched""]","[""operator_shape_matched""]",1,1,1,1,1.247,1.728,1e-05,1.4e-05,4e-06
aten::add,"[[29],[29],[]]","[""int"",""int"",""Scalar""]",both,"[""operator_shape_matched""]","[""operator_shape_matched""]",1,1,1,1,1.377,1.312,1.1e-05,1.1e-05,-0.0
aten::add,"[[2],[2],[]]","[""int"",""int"",""Scalar""]",both,"[""operator_shape_matched""]","[""operator_shape_matched""]",1,1,1,1,1.153,1.28,9e-06,1e-05,1e-06
aten::add,"[[2],[2],[]]","[""long int"",""long int"",""Scalar""]",both,"[""operator_shape_matched""]","[""operator_shape_matched""]",1,1,1,1,1.28,1.472,1e-05,1.2e-05,2e-06
aten::add,"[[30],[30],[]]","[""int"",""int"",""Scalar""]",both,"[""operator_shape_matched""]","[""operator_shape_matched""]",1,1,1,1,1.183,1.472,9e-06,1.2e-05,3e-06
aten::add,"[[30],[30],[]]","[""long int"",""long int"",""Scalar""]",both,"[""operator_shape_matched""]","[""operator_shape_matched""]",1,1,1,1,1.249,1.536,1e-05,1.2e-05,3e-06
aten::add,"[[31],[31],[]]","[""int"",""int"",""Scalar""]",both,"[""operator_shape_matched""]","[""operator_shape_matched""]",1,1,1,1,1.184,1.409,9e-06,1.1e-05,2e-06
aten::add,"[[32],[32],[]]","[""int"",""int"",""Scalar""]",both,"[""operator_shape_matched""]","[""operator_shape_matched""]",1,1,1,1,1.024,1.185,8e-06,1e-05,2e-06
aten::add,"[[32],[32],[]]","[""long int"",""long int"",""Scalar""]",both,"[""operator_shape_matched""]","[""operator_shape_matched""]",1,1,1,1,1.12,1.376,9e-06,1.1e-05,2e-06
aten::add,"[[33],[33],[]]","[""int"",""int"",""Scalar""]",both,"[""operator_shape_matched""]","[""operator_shape_matched""]",1,1,1,1,1.344,1.28,1.1e-05,1e-05,-0.0
aten::add,"[[34],[34],[]]","[""int"",""int"",""Scalar""]",both,"[""operator_shape_matched""]","[""operator_shape_matched""]",1,1,1,1,1.152,1.28,9e-06,1e-05,1e-06
aten::add,"[[34],[34],[]]","[""long int"",""long int"",""Scalar""]",both,"[""operator_shape_matched""]","[""operator_shape_matched""]",1,1,1,1,1.248,1.696,1e-05,1.4e-05,4e-06
aten::add,"[[35],[35],[]]","[""int"",""int"",""Scalar""]",both,"[""operator_shape_matched""]","[""operator_shape_matched""]",1,1,1,1,1.312,1.28,1e-05,1e-05,0.0
aten::add,"[[36],[36],[]]","[""int"",""int"",""Scalar""]",both,"[""operator_shape_matched""]","[""operator_shape_matched""]",1,1,1,1,1.184,1.28,9e-06,1e-05,1e-06
aten::add,"[[36],[36],[]]","[""long int"",""long int"",""Scalar""]",both,"[""operator_shape_matched""]","[""operator_shape_matched""]",1,1,1,1,1.248,1.472,1e-05,1.2e-05,2e-06
aten::add,"[[37],[37],[]]","[""int"",""int"",""Scalar""]",both,"[""operator_shape_matched""]","[""operator_shape_matched""]",1,1,1,1,1.184,1.28,9e-06,1e-05,1e-06
aten::add,"[[38],[38],[]]","[""int"",""int"",""Scalar""]",both,"[""operator_shape_matched""]","[""operator_shape_matched""]",1,1,1,1,1.248,1.28,1e-05,1e-05,1e-06
aten::add,"[[38],[38],[]]","[""long int"",""long int"",""Scalar""]",both,"[""operator_shape_matched""]","[""operator_shape_matched""]",1,1,1,1,1.248,1.6,1e-05,1.3e-05,3e-06
aten::add,"[[39],[39],[]]","[""int"",""int"",""Scalar""]",both,"[""operator_shape_matched""]","[""operator_shape_matched""]",1,1,1,1,1.153,1.28,9e-06,1e-05,1e-06
aten::add,"[[3],[3],[]]","[""int"",""int"",""Scalar""]",both,"[""operator_shape_matched""]","[""operator_shape_matched""]",1,1,1,1,1.184,1.505,9e-06,1.2e-05,3e-06
aten::add,"[[4096,1],[],[]]","[""float"",""double"",""Scalar""]",both,"[""operator_shape_matched""]","[""operator_shape_matched""]",1,1,1,1,1.312,1.216,1e-05,1e-05,-1e-06
aten::add,"[[4096,4096],[4096,4096],[]]","[""c10::BFloat16"",""c10::BFloat16"",""Scalar""]",both,"[""operator_shape_matched""]","[""operator_shape_matched""]",1,1,43,43,1519.138,1511.487,0.011999,0.01226,0.00026
aten::add,"[[4096],[4096],[]]","[""long int"",""long int"",""Scalar""]",both,"[""operator_shape_matched""]","[""operator_shape_matched""]",1,1,1,1,1.44,1.601,1.1e-05,1.3e-05,2e-06
aten::add,"[[40],[40],[]]","[""int"",""int"",""Scalar""]",both,"[""operator_shape_matched""]","[""operator_shape_matched""]",1,1,1,1,1.025,1.152,8e-06,9e-06,1e-06
aten::add,"[[40],[40],[]]","[""long int"",""long int"",""Scalar""]",both,"[""operator_shape_matched""]","[""operator_shape_matched""]",1,1,1,1,1.12,1.408,9e-06,1.1e-05,3e-06
aten::add,"[[41],[41],[]]","[""int"",""int"",""Scalar""]",both,"[""operator_shape_matched""]","[""operator_shape_matched""]",1,1,1,1,1.184,1.28,9e-06,1e-05,1e-06
aten::add,"[[42],[42],[]]","[""int"",""int"",""Scalar""]",both,"[""operator_shape_matched""]","[""operator_shape_matched""]",1,1,1,1,1.184,1.247,9e-06,1e-05,1e-06
aten::add,"[[42],[42],[]]","[""long int"",""long int"",""Scalar""]",both,"[""operator_shape_matched""]","[""operator_shape_matched""]",1,1,1,1,1.249,1.535,1e-05,1.2e-05,3e-06
aten::add,"[[43],[43],[]]","[""int"",""int"",""Scalar""]",both,"[""operator_shape_matched""]","[""operator_shape_matched""]",1,1,1,1,1.152,1.28,9e-06,1e-05,1e-06
aten::add,"[[44],[44],[]]","[""int"",""int"",""Scalar""]",both,"[""operator_shape_matched""]","[""operator_shape_matched""]",1,1,1,1,1.151,1.28,9e-06,1e-05,1e-06
aten::add,"[[44],[44],[]]","[""long int"",""long int"",""Scalar""]",both,"[""operator_shape_matched""]","[""operator_shape_matched""]",1,1,1,1,1.215,1.472,1e-05,1.2e-05,2e-06
aten::add,"[[45],[45],[]]","[""int"",""int"",""Scalar""]",both,"[""operator_shape_matched""]","[""operator_shape_matched""]",1,1,1,1,1.312,1.345,1e-05,1.1e-05,1e-06
aten::add,"[[46],[46],[]]","[""int"",""int"",""Scalar""]",both,"[""operator_shape_matched""]","[""operator_shape_matched""]",1,1,1,1,1.152,1.28,9e-06,1e-05,1e-06
aten::add,"[[46],[46],[]]","[""long int"",""long int"",""Scalar""]",both,"[""operator_shape_matched""]","[""operator_shape_matched""]",1,1,1,1,1.248,1.504,1e-05,1.2e-05,2e-06
aten::add,"[[47],[47],[]]","[""int"",""int"",""Scalar""]",both,"[""operator_shape_matched""]","[""operator_shape_matched""]",1,1,1,1,1.248,1.28,1e-05,1e-05,1e-06
aten::add,"[[48],[48],[]]","[""int"",""int"",""Scalar""]",both,"[""operator_shape_matched""]","[""operator_shape_matched""]",1,1,1,1,1.024,1.152,8e-06,9e-06,1e-06
aten::add,"[[48],[48],[]]","[""long int"",""long int"",""Scalar""]",both,"[""operator_shape_matched""]","[""operator_shape_matched""]",1,1,1,1,1.088,1.376,9e-06,1.1e-05,3e-06
aten::add,"[[49],[49],[]]","[""int"",""int"",""Scalar""]",both,"[""operator_shape_matched""]","[""operator_shape_matched""]",1,1,1,1,1.216,1.44,1e-05,1.2e-05,2e-06
aten::add,"[[4],[4],[]]","[""int"",""int"",""Scalar""]",both,"[""operator_shape_matched""]","[""operator_shape_matched""]",1,1,1,1,1.376,1.312,1.1e-05,1.1e-05,-0.0
aten::add,"[[4],[4],[]]","[""long int"",""long int"",""Scalar""]",both,"[""operator_shape_matched""]","[""operator_shape_matched""]",1,1,1,1,1.249,1.504,1e-05,1.2e-05,2e-06
aten::add,"[[5089,1],[],[]]","[""float"",""double"",""Scalar""]",both,"[""operator_shape_matched""]","[""operator_shape_matched""]",1,1,1,1,1.344,1.632,1.1e-05,1.3e-05,3e-06
aten::add,"[[5089,4096],[5089,4096],[]]","[""c10::BFloat16"",""c10::BFloat16"",""Scalar""]",both,"[""operator_shape_matched""]","[""operator_shape_matched""]",1,1,43,43,1884.52,1866.183,0.014886,0.015136,0.000251
aten::add,"[[5089],[5089],[]]","[""long int"",""long int"",""Scalar""]",both,"[""operator_shape_matched""]","[""operator_shape_matched""]",1,1,1,1,1.376,1.856,1.1e-05,1.5e-05,4e-06
aten::add,"[[50],[50],[]]","[""int"",""int"",""Scalar""]",both,"[""operator_shape_matched""]","[""operator_shape_matched""]",1,1,1,1,1.152,1.248,9e-06,1e-05,1e-06
aten::add,"[[50],[50],[]]","[""long int"",""long int"",""Scalar""]",both,"[""operator_shape_matched""]","[""operator_shape_matched""]",1,1,1,1,1.248,1.536,1e-05,1.2e-05,3e-06
aten::add,"[[51],[51],[]]","[""int"",""int"",""Scalar""]",both,"[""operator_shape_matched""]","[""operator_shape_matched""]",1,1,1,1,1.183,1.28,9e-06,1e-05,1e-06
aten::add,"[[52],[52],[]]","[""int"",""int"",""Scalar""]",both,"[""operator_shape_matched""]","[""operator_shape_matched""]",1,1,1,1,1.152,1.28,9e-06,1e-05,1e-06
aten::add,"[[52],[52],[]]","[""long int"",""long int"",""Scalar""]",both,"[""operator_shape_matched""]","[""operator_shape_matched""]",1,1,1,1,1.248,1.473,1e-05,1.2e-05,2e-06
aten::add,"[[53],[53],[]]","[""int"",""int"",""Scalar""]",both,"[""operator_shape_matched""]","[""operator_shape_matched""]",1,1,1,1,1.184,1.28,9e-06,1e-05,1e-06
aten::add,"[[54],[54],[]]","[""int"",""int"",""Scalar""]",both,"[""operator_shape_matched""]","[""operator_shape_matched""]",1,1,1,1,1.184,1.28,9e-06,1e-05,1e-06
aten::add,"[[54],[54],[]]","[""long int"",""long int"",""Scalar""]",both,"[""operator_shape_matched""]","[""operator_shape_matched""]",1,1,1,1,1.28,1.472,1e-05,1.2e-05,2e-06
aten::add,"[[55],[55],[]]","[""int"",""int"",""Scalar""]",both,"[""operator_shape_matched""]","[""operator_shape_matched""]",1,1,1,1,1.408,1.281,1.1e-05,1e-05,-1e-06
aten::add,"[[56],[56],[]]","[""int"",""int"",""Scalar""]",both,"[""operator_shape_matched""]","[""operator_shape_matched""]",1,1,1,1,1.056,1.152,8e-06,9e-06,1e-06
aten::add,"[[56],[56],[]]","[""long int"",""long int"",""Scalar""]",both,"[""operator_shape_matched""]","[""operator_shape_matched""]",1,1,1,1,1.12,1.376,9e-06,1.1e-05,2e-06
aten::add,"[[57],[57],[]]","[""int"",""int"",""Scalar""]",both,"[""operator_shape_matched""]","[""operator_shape_matched""]",1,1,1,1,1.153,1.248,9e-06,1e-05,1e-06
aten::add,"[[58],[58],[]]","[""int"",""int"",""Scalar""]",both,"[""operator_shape_matched""]","[""operator_shape_matched""]",1,1,1,1,1.185,1.28,9e-06,1e-05,1e-06
aten::add,"[[58],[58],[]]","[""long int"",""long int"",""Scalar""]",both,"[""operator_shape_matched""]","[""operator_shape_matched""]",1,1,1,1,1.472,1.6,1.2e-05,1.3e-05,1e-06
aten::add,"[[59],[59],[]]","[""int"",""int"",""Scalar""]",both,"[""operator_shape_matched""]","[""operator_shape_matched""]",1,1,1,1,1.217,1.472,1e-05,1.2e-05,2e-06
aten::add,"[[5],[5],[]]","[""int"",""int"",""Scalar""]",both,"[""operator_shape_matched""]","[""operator_shape_matched""]",1,1,1,1,1.375,1.28,1.1e-05,1e-05,-0.0
aten::add,"[[60],[60],[]]","[""int"",""int"",""Scalar""]",both,"[""operator_shape_matched""]","[""operator_shape_matched""]",1,1,1,1,1.152,1.472,9e-06,1.2e-05,3e-06
aten::add,"[[60],[60],[]]","[""long int"",""long int"",""Scalar""]",both,"[""operator_shape_matched""]","[""operator_shape_matched""]",1,1,1,1,1.248,1.472,1e-05,1.2e-05,2e-06
aten::add,"[[61],[61],[]]","[""int"",""int"",""Scalar""]",both,"[""operator_shape_matched""]","[""operator_shape_matched""]",1,1,1,1,1.183,1.44,9e-06,1.2e-05,2e-06
aten::add,"[[62],[62],[]]","[""int"",""int"",""Scalar""]",both,"[""operator_shape_matched""]","[""operator_shape_matched""]",1,1,1,1,1.312,1.28,1e-05,1e-05,0.0
aten::add,"[[62],[62],[]]","[""long int"",""long int"",""Scalar""]",both,"[""operator_shape_matched""]","[""operator_shape_matched""]",1,1,1,1,1.248,1.472,1e-05,1.2e-05,2e-06
aten::add,"[[63],[63],[]]","[""int"",""int"",""Scalar""]",both,"[""operator_shape_matched""]","[""operator_shape_matched""]",1,1,2,2,2.464,2.624,1.9e-05,2.1e-05,2e-06
aten::add,"[[63],[63],[]]","[""long int"",""long int"",""Scalar""]",both,"[""operator_shape_matched""]","[""operator_shape_matched""]",1,1,1,1,1.216,1.537,1e-05,1.2e-05,3e-06
aten::add,"[[64],[64],[]]","[""int"",""int"",""Scalar""]",both,"[""operator_shape_matched""]","[""operator_shape_matched""]",1,1,224,224,235.328,259.778,0.001859,0.002107,0.000248
aten::add,"[[64],[64],[]]","[""long int"",""long int"",""Scalar""]",both,"[""operator_shape_matched""]","[""operator_shape_matched""]",1,1,223,223,251.456,309.245,0.001986,0.002508,0.000522
aten::add,"[[6],[6],[]]","[""int"",""int"",""Scalar""]",both,"[""operator_shape_matched""]","[""operator_shape_matched""]",1,1,1,1,1.185,1.504,9e-06,1.2e-05,3e-06
aten::add,"[[6],[6],[]]","[""long int"",""long int"",""Scalar""]",both,"[""operator_shape_matched""]","[""operator_shape_matched""]",1,1,1,1,1.28,1.503,1e-05,1.2e-05,2e-06
aten::add,"[[7],[7],[]]","[""int"",""int"",""Scalar""]",both,"[""operator_shape_matched""]","[""operator_shape_matched""]",1,1,1,1,1.184,1.281,9e-06,1e-05,1e-06
aten::add,"[[8192,1],[],[]]","[""float"",""double"",""Scalar""]",both,"[""operator_shape_matched""]","[""operator_shape_matched""]",1,1,31,31,46.689,40.416,0.000369,0.000328,-4.1e-05
aten::add,"[[8192,4096],[8192,4096],[]]","[""c10::BFloat16"",""c10::BFloat16"",""Scalar""]",both,"[""operator_shape_matched""]","[""operator_shape_matched""]",1,1,1333,1333,90593.857,90777.329,0.715589,0.736288,0.020699
aten::add,"[[8192],[8192],[]]","[""long int"",""long int"",""Scalar""]",both,"[""operator_shape_matched""]","[""operator_shape_matched""]",1,1,31,31,47.235,52.45,0.000373,0.000425,5.2e-05
aten::add,"[[8],[8],[]]","[""int"",""int"",""Scalar""]",both,"[""operator_shape_matched""]","[""operator_shape_matched""]",1,1,1,1,1.024,1.184,8e-06,1e-05,2e-06
aten::add,"[[8],[8],[]]","[""long int"",""long int"",""Scalar""]",both,"[""operator_shape_matched""]","[""operator_shape_matched""]",1,1,1,1,1.12,1.376,9e-06,1.1e-05,2e-06
aten::add,"[[9],[9],[]]","[""int"",""int"",""Scalar""]",both,"[""operator_shape_matched""]","[""operator_shape_matched""]",1,1,1,1,1.184,1.28,9e-06,1e-05,1e-06
aten::argmax,"[[1,129280],[],[]]","[""float"",""Scalar"",""Scalar""]",both,"[""operator_shape_matched""]","[""operator_shape_matched""]",1,1,1,1,22.209,27.873,0.000175,0.000226,5.1e-05
aten::argmax,"[[10,129280],[],[]]","[""float"",""Scalar"",""Scalar""]",both,"[""operator_shape_matched""]","[""operator_shape_matched""]",1,1,1,1,22.944,27.393,0.000181,0.000222,4.1e-05
aten::argmax,"[[11,129280],[],[]]","[""float"",""Scalar"",""Scalar""]",both,"[""operator_shape_matched""]","[""operator_shape_matched""]",1,1,1,1,22.624,27.233,0.000179,0.000221,4.2e-05
aten::argmax,"[[12,129280],[],[]]","[""float"",""Scalar"",""Scalar""]",both,"[""operator_shape_matched""]","[""operator_shape_matched""]",1,1,1,1,22.976,27.425,0.000181,0.000222,4.1e-05
aten::argmax,"[[13,129280],[],[]]","[""float"",""Scalar"",""Scalar""]",both,"[""operator_shape_matched""]","[""operator_shape_matched""]",1,1,1,1,22.752,27.584,0.00018,0.000224,4.4e-05
aten::argmax,"[[14,129280],[],[]]","[""float"",""Scalar"",""Scalar""]",both,"[""operator_shape_matched""]","[""operator_shape_matched""]",1,1,1,1,22.625,27.104,0.000179,0.00022,4.1e-05
aten::argmax,"[[15,129280],[],[]]","[""float"",""Scalar"",""Scalar""]",both,"[""operator_shape_matched""]","[""operator_shape_matched""]",1,1,1,1,22.72,27.84,0.000179,0.000226,4.6e-05
aten::argmax,"[[16,129280],[],[]]","[""float"",""Scalar"",""Scalar""]",both,"[""operator_shape_matched""]","[""operator_shape_matched""]",1,1,1,1,22.656,27.393,0.000179,0.000222,4.3e-05
aten::argmax,"[[17,129280],[],[]]","[""float"",""Scalar"",""Scalar""]",both,"[""operator_shape_matched""]","[""operator_shape_matched""]",1,1,1,1,22.721,27.041,0.000179,0.000219,4e-05
aten::argmax,"[[18,129280],[],[]]","[""float"",""Scalar"",""Scalar""]",both,"[""operator_shape_matched""]","[""operator_shape_matched""]",1,1,1,1,22.849,27.553,0.00018,0.000223,4.3e-05
aten::argmax,"[[19,129280],[],[]]","[""float"",""Scalar"",""Scalar""]",both,"[""operator_shape_matched""]","[""operator_shape_matched""]",1,1,1,1,22.945,27.009,0.000181,0.000219,3.8e-05
aten::argmax,"[[2,129280],[],[]]","[""float"",""Scalar"",""Scalar""]",both,"[""operator_shape_matched""]","[""operator_shape_matched""]",1,1,1,1,22.336,27.392,0.000176,0.000222,4.6e-05
aten::argmax,"[[20,129280],[],[]]","[""float"",""Scalar"",""Scalar""]",both,"[""operator_shape_matched""]","[""operator_shape_matched""]",1,1,1,1,22.976,27.105,0.000181,0.00022,3.8e-05
aten::argmax,"[[21,129280],[],[]]","[""float"",""Scalar"",""Scalar""]",both,"[""operator_shape_matched""]","[""operator_shape_matched""]",1,1,1,1,22.912,27.617,0.000181,0.000224,4.3e-05
aten::argmax,"[[22,129280],[],[]]","[""float"",""Scalar"",""Scalar""]",both,"[""operator_shape_matched""]","[""operator_shape_matched""]",1,1,1,1,22.945,27.52,0.000181,0.000223,4.2e-05
aten::argmax,"[[23,129280],[],[]]","[""float"",""Scalar"",""Scalar""]",both,"[""operator_shape_matched""]","[""operator_shape_matched""]",1,1,1,1,23.04,27.105,0.000182,0.00022,3.8e-05
aten::argmax,"[[24,129280],[],[]]","[""float"",""Scalar"",""Scalar""]",both,"[""operator_shape_matched""]","[""operator_shape_matched""]",1,1,1,1,22.977,27.617,0.000181,0.000224,4.3e-05
aten::argmax,"[[25,129280],[],[]]","[""float"",""Scalar"",""Scalar""]",both,"[""operator_shape_matched""]","[""operator_shape_matched""]",1,1,1,1,22.944,27.489,0.000181,0.000223,4.2e-05
aten::argmax,"[[26,129280],[],[]]","[""float"",""Scalar"",""Scalar""]",both,"[""operator_shape_matched""]","[""operator_shape_matched""]",1,1,1,1,23.137,27.68,0.000183,0.000225,4.2e-05
aten::argmax,"[[27,129280],[],[]]","[""float"",""Scalar"",""Scalar""]",both,"[""operator_shape_matched""]","[""operator_shape_matched""]",1,1,1,1,23.136,27.553,0.000183,0.000223,4.1e-05
aten::argmax,"[[28,129280],[],[]]","[""float"",""Scalar"",""Scalar""]",both,"[""operator_shape_matched""]","[""operator_shape_matched""]",1,1,1,1,23.008,27.648,0.000182,0.000224,4.3e-05
aten::argmax,"[[29,129280],[],[]]","[""float"",""Scalar"",""Scalar""]",both,"[""operator_shape_matched""]","[""operator_shape_matched""]",1,1,1,1,23.104,27.105,0.000182,0.00022,3.7e-05
aten::argmax,"[[3,129280],[],[]]","[""float"",""Scalar"",""Scalar""]",both,"[""operator_shape_matched""]","[""operator_shape_matched""]",1,1,1,1,22.688,28.192,0.000179,0.000229,4.9e-05
aten::argmax,"[[30,129280],[],[]]","[""float"",""Scalar"",""Scalar""]",both,"[""operator_shape_matched""]","[""operator_shape_matched""]",1,1,1,1,23.008,27.329,0.000182,0.000222,4e-05
aten::argmax,"[[31,129280],[],[]]","[""float"",""Scalar"",""Scalar""]",both,"[""operator_shape_matched""]","[""operator_shape_matched""]",1,1,1,1,23.008,27.585,0.000182,0.000224,4.2e-05
aten::argmax,"[[32,129280],[],[]]","[""float"",""Scalar"",""Scalar""]",both,"[""operator_shape_matched""]","[""operator_shape_matched""]",1,1,1,1,23.041,27.233,0.000182,0.000221,3.9e-05
aten::argmax,"[[33,129280],[],[]]","[""float"",""Scalar"",""Scalar""]",both,"[""operator_shape_matched""]","[""operator_shape_matched""]",1,1,1,1,23.552,27.52,0.000186,0.000223,3.7e-05
aten::argmax,"[[34,129280],[],[]]","[""float"",""Scalar"",""Scalar""]",both,"[""operator_shape_matched""]","[""operator_shape_matched""]",1,1,1,1,23.969,27.552,0.000189,0.000223,3.4e-05
aten::argmax,"[[35,129280],[],[]]","[""float"",""Scalar"",""Scalar""]",both,"[""operator_shape_matched""]","[""operator_shape_matched""]",1,1,1,1,23.296,27.297,0.000184,0.000221,3.7e-05
aten::argmax,"[[36,129280],[],[]]","[""float"",""Scalar"",""Scalar""]",both,"[""operator_shape_matched""]","[""operator_shape_matched""]",1,1,1,1,23.137,27.296,0.000183,0.000221,3.9e-05
aten::argmax,"[[37,129280],[],[]]","[""float"",""Scalar"",""Scalar""]",both,"[""operator_shape_matched""]","[""operator_shape_matched""]",1,1,1,1,25.345,27.072,0.0002,0.00022,1.9e-05
aten::argmax,"[[38,129280],[],[]]","[""float"",""Scalar"",""Scalar""]",both,"[""operator_shape_matched""]","[""operator_shape_matched""]",1,1,1,1,24.48,27.745,0.000193,0.000225,3.2e-05
aten::argmax,"[[39,129280],[],[]]","[""float"",""Scalar"",""Scalar""]",both,"[""operator_shape_matched""]","[""operator_shape_matched""]",1,1,1,1,26.24,29.441,0.000207,0.000239,3.2e-05
aten::argmax,"[[4,129280],[],[]]","[""float"",""Scalar"",""Scalar""]",both,"[""operator_shape_matched""]","[""operator_shape_matched""]",1,1,1,1,22.496,27.392,0.000178,0.000222,4.4e-05
aten::argmax,"[[40,129280],[],[]]","[""float"",""Scalar"",""Scalar""]",both,"[""operator_shape_matched""]","[""operator_shape_matched""]",1,1,1,1,26.817,28.321,0.000212,0.00023,1.8e-05
aten::argmax,"[[41,129280],[],[]]","[""float"",""Scalar"",""Scalar""]",both,"[""operator_shape_matched""]","[""operator_shape_matched""]",1,1,1,1,27.008,28.193,0.000213,0.000229,1.5e-05
aten::argmax,"[[42,129280],[],[]]","[""float"",""Scalar"",""Scalar""]",both,"[""operator_shape_matched""]","[""operator_shape_matched""]",1,1,1,1,27.457,29.377,0.000217,0.000238,2.1e-05
aten::argmax,"[[43,129280],[],[]]","[""float"",""Scalar"",""Scalar""]",both,"[""operator_shape_matched""]","[""operator_shape_matched""]",1,1,1,1,28.8,30.432,0.000227,0.000247,1.9e-05
aten::argmax,"[[44,129280],[],[]]","[""float"",""Scalar"",""Scalar""]",both,"[""operator_shape_matched""]","[""operator_shape_matched""]",1,1,1,1,28.097,31.137,0.000222,0.000253,3.1e-05
aten::argmax,"[[45,129280],[],[]]","[""float"",""Scalar"",""Scalar""]",both,"[""operator_shape_matched""]","[""operator_shape_matched""]",1,1,1,1,27.937,31.809,0.000221,0.000258,3.7e-05
aten::argmax,"[[46,129280],[],[]]","[""float"",""Scalar"",""Scalar""]",both,"[""operator_shape_matched""]","[""operator_shape_matched""]",1,1,1,1,29.569,34.625,0.000234,0.000281,4.7e-05
aten::argmax,"[[47,129280],[],[]]","[""float"",""Scalar"",""Scalar""]",both,"[""operator_shape_matched""]","[""operator_shape_matched""]",1,1,1,1,29.985,35.169,0.000237,0.000285,4.8e-05
aten::argmax,"[[48,129280],[],[]]","[""float"",""Scalar"",""Scalar""]",both,"[""operator_shape_matched""]","[""operator_shape_matched""]",1,1,1,1,29.952,35.265,0.000237,0.000286,4.9e-05
aten::argmax,"[[49,129280],[],[]]","[""float"",""Scalar"",""Scalar""]",both,"[""operator_shape_matched""]","[""operator_shape_matched""]",1,1,1,1,30.848,36.289,0.000244,0.000294,5.1e-05
aten::argmax,"[[5,129280],[],[]]","[""float"",""Scalar"",""Scalar""]",both,"[""operator_shape_matched""]","[""operator_shape_matched""]",1,1,1,1,22.336,27.809,0.000176,0.000226,4.9e-05
aten::argmax,"[[50,129280],[],[]]","[""float"",""Scalar"",""Scalar""]",both,"[""operator_shape_matched""]","[""operator_shape_matched""]",1,1,1,1,31.489,36.481,0.000249,0.000296,4.7e-05
aten::argmax,"[[51,129280],[],[]]","[""float"",""Scalar"",""Scalar""]",both,"[""operator_shape_matched""]","[""operator_shape_matched""]",1,1,1,1,31.361,37.761,0.000248,0.000306,5.9e-05
aten::argmax,"[[52,129280],[],[]]","[""float"",""Scalar"",""Scalar""]",both,"[""operator_shape_matched""]","[""operator_shape_matched""]",1,1,1,1,31.137,38.049,0.000246,0.000309,6.3e-05
aten::argmax,"[[53,129280],[],[]]","[""float"",""Scalar"",""Scalar""]",both,"[""operator_shape_matched""]","[""operator_shape_matched""]",1,1,1,1,32.032,38.497,0.000253,0.000312,5.9e-05
aten::argmax,"[[54,129280],[],[]]","[""float"",""Scalar"",""Scalar""]",both,"[""operator_shape_matched""]","[""operator_shape_matched""]",1,1,1,1,32.097,38.625,0.000254,0.000313,6e-05
aten::argmax,"[[55,129280],[],[]]","[""float"",""Scalar"",""Scalar""]",both,"[""operator_shape_matched""]","[""operator_shape_matched""]",1,1,1,1,31.777,38.817,0.000251,0.000315,6.4e-05
aten::argmax,"[[56,129280],[],[]]","[""float"",""Scalar"",""Scalar""]",both,"[""operator_shape_matched""]","[""operator_shape_matched""]",1,1,1,1,33.057,38.945,0.000261,0.000316,5.5e-05
aten::argmax,"[[57,129280],[],[]]","[""float"",""Scalar"",""Scalar""]",both,"[""operator_shape_matched""]","[""operator_shape_matched""]",1,1,1,1,32.704,39.521,0.000258,0.000321,6.2e-05
aten::argmax,"[[58,129280],[],[]]","[""float"",""Scalar"",""Scalar""]",both,"[""operator_shape_matched""]","[""operator_shape_matched""]",1,1,1,1,32.897,40.001,0.00026,0.000324,6.5e-05
aten::argmax,"[[59,129280],[],[]]","[""float"",""Scalar"",""Scalar""]",both,"[""operator_shape_matched""]","[""operator_shape_matched""]",1,1,1,1,33.025,39.873,0.000261,0.000323,6.3e-05
aten::argmax,"[[6,129280],[],[]]","[""float"",""Scalar"",""Scalar""]",both,"[""operator_shape_matched""]","[""operator_shape_matched""]",1,1,1,1,22.688,28.096,0.000179,0.000228,4.9e-05
aten::argmax,"[[60,129280],[],[]]","[""float"",""Scalar"",""Scalar""]",both,"[""operator_shape_matched""]","[""operator_shape_matched""]",1,1,1,1,33.377,40.577,0.000264,0.000329,6.5e-05
aten::argmax,"[[61,129280],[],[]]","[""float"",""Scalar"",""Scalar""]",both,"[""operator_shape_matched""]","[""operator_shape_matched""]",1,1,1,1,33.664,40.257,0.000266,0.000327,6.1e-05
aten::argmax,"[[62,129280],[],[]]","[""float"",""Scalar"",""Scalar""]",both,"[""operator_shape_matched""]","[""operator_shape_matched""]",1,1,1,1,33.857,40.609,0.000267,0.000329,6.2e-05
aten::argmax,"[[63,129280],[],[]]","[""float"",""Scalar"",""Scalar""]",both,"[""operator_shape_matched""]","[""operator_shape_matched""]",1,1,2,2,68.417,81.41,0.00054,0.00066,0.00012
aten::argmax,"[[64,129280],[],[]]","[""float"",""Scalar"",""Scalar""]",both,"[""operator_shape_matched""]","[""operator_shape_matched""]",1,1,224,224,7683.405,9188.902,0.06069,0.074531,0.01384
aten::argmax,"[[7,129280],[],[]]","[""float"",""Scalar"",""Scalar""]",both,"[""operator_shape_matched""]","[""operator_shape_matched""]",1,1,1,1,22.657,27.969,0.000179,0.000227,4.8e-05
aten::argmax,"[[8,129280],[],[]]","[""float"",""Scalar"",""Scalar""]",both,"[""operator_shape_matched""]","[""operator_shape_matched""]",1,1,1,1,22.657,27.489,0.000179,0.000223,4.4e-05
aten::argmax,"[[9,129280],[],[]]","[""float"",""Scalar"",""Scalar""]",both,"[""operator_shape_matched""]","[""operator_shape_matched""]",1,1,1,1,22.529,27.297,0.000178,0.000221,4.3e-05
aten::clamp,"[[1,128],[],[]]","[""int"",""Scalar"",""""]",both,"[""operator_shape_matched""]","[""operator_shape_matched""]",1,1,2,2,2.176,2.4,1.7e-05,1.9e-05,2e-06
aten::clamp,"[[11,128],[],[]]","[""int"",""Scalar"",""""]",both,"[""operator_shape_matched""]","[""operator_shape_matched""]",1,1,2,2,2.24,2.816,1.8e-05,2.3e-05,5e-06
aten::clamp,"[[13,128],[],[]]","[""int"",""Scalar"",""""]",both,"[""operator_shape_matched""]","[""operator_shape_matched""]",1,1,2,2,2.24,2.752,1.8e-05,2.2e-05,5e-06
aten::clamp,"[[15,128],[],[]]","[""int"",""Scalar"",""""]",both,"[""operator_shape_matched""]","[""operator_shape_matched""]",1,1,2,2,2.273,2.816,1.8e-05,2.3e-05,5e-06
aten::clamp,"[[16,128],[],[]]","[""int"",""Scalar"",""""]",both,"[""operator_shape_matched""]","[""operator_shape_matched""]",1,1,8,8,8.928,9.408,7.1e-05,7.6e-05,6e-06
aten::clamp,"[[17,128],[],[]]","[""int"",""Scalar"",""""]",both,"[""operator_shape_matched""]","[""operator_shape_matched""]",1,1,2,2,2.272,2.432,1.8e-05,2e-05,2e-06
aten::clamp,"[[19,128],[],[]]","[""int"",""Scalar"",""""]",both,"[""operator_shape_matched""]","[""operator_shape_matched""]",1,1,2,2,2.24,2.593,1.8e-05,2.1e-05,3e-06
aten::clamp,"[[2,128],[],[]]","[""int"",""Scalar"",""""]",both,"[""operator_shape_matched""]","[""operator_shape_matched""]",1,1,2,2,2.176,2.496,1.7e-05,2e-05,3e-06
aten::clamp,"[[21,128],[],[]]","[""int"",""Scalar"",""""]",both,"[""operator_shape_matched""]","[""operator_shape_matched""]",1,1,2,2,2.24,2.689,1.8e-05,2.2e-05,4e-06
aten::clamp,"[[23,128],[],[]]","[""int"",""Scalar"",""""]",both,"[""operator_shape_matched""]","[""operator_shape_matched""]",1,1,2,2,2.24,2.88,1.8e-05,2.3e-05,6e-06
aten::clamp,"[[25,128],[],[]]","[""int"",""Scalar"",""""]",both,"[""operator_shape_matched""]","[""operator_shape_matched""]",1,1,2,2,2.273,2.4,1.8e-05,1.9e-05,2e-06
aten::clamp,"[[27,128],[],[]]","[""int"",""Scalar"",""""]",both,"[""operator_shape_matched""]","[""operator_shape_matched""]",1,1,2,2,2.272,2.656,1.8e-05,2.2e-05,4e-06
aten::clamp,"[[29,128],[],[]]","[""int"",""Scalar"",""""]",both,"[""operator_shape_matched""]","[""operator_shape_matched""]",1,1,2,2,2.304,2.592,1.8e-05,2.1e-05,3e-06
aten::clamp,"[[3,128],[],[]]","[""int"",""Scalar"",""""]",both,"[""operator_shape_matched""]","[""operator_shape_matched""]",1,1,2,2,2.272,2.562,1.8e-05,2.1e-05,3e-06
aten::clamp,"[[31,128],[],[]]","[""int"",""Scalar"",""""]",both,"[""operator_shape_matched""]","[""operator_shape_matched""]",1,1,2,2,2.305,2.688,1.8e-05,2.2e-05,4e-06
aten::clamp,"[[32,128],[],[]]","[""int"",""Scalar"",""""]",both,"[""operator_shape_matched""]","[""operator_shape_matched""]",1,1,16,16,18.401,19.585,0.000145,0.000159,1.4e-05
aten::clamp,"[[33,128],[],[]]","[""int"",""Scalar"",""""]",both,"[""operator_shape_matched""]","[""operator_shape_matched""]",1,1,2,2,2.304,2.432,1.8e-05,2e-05,2e-06
aten::clamp,"[[35,128],[],[]]","[""int"",""Scalar"",""""]",both,"[""operator_shape_matched""]","[""operator_shape_matched""]",1,1,2,2,2.304,2.528,1.8e-05,2.1e-05,2e-06
aten::clamp,"[[37,128],[],[]]","[""int"",""Scalar"",""""]",both,"[""operator_shape_matched""]","[""operator_shape_matched""]",1,1,2,2,2.304,2.593,1.8e-05,2.1e-05,3e-06
aten::clamp,"[[39,128],[],[]]","[""int"",""Scalar"",""""]",both,"[""operator_shape_matched""]","[""operator_shape_matched""]",1,1,2,2,2.305,2.688,1.8e-05,2.2e-05,4e-06
aten::clamp,"[[4,128],[],[]]","[""int"",""Scalar"",""""]",both,"[""operator_shape_matched""]","[""operator_shape_matched""]",1,1,2,2,2.208,2.624,1.7e-05,2.1e-05,4e-06
aten::clamp,"[[41,128],[],[]]","[""int"",""Scalar"",""""]",both,"[""operator_shape_matched""]","[""operator_shape_matched""]",1,1,2,2,2.304,2.463,1.8e-05,2e-05,2e-06
aten::clamp,"[[43,128],[],[]]","[""int"",""Scalar"",""""]",both,"[""operator_shape_matched""]","[""operator_shape_matched""]",1,1,2,2,2.304,2.624,1.8e-05,2.1e-05,3e-06
aten::clamp,"[[45,128],[],[]]","[""int"",""Scalar"",""""]",both,"[""operator_shape_matched""]","[""operator_shape_matched""]",1,1,2,2,2.303,2.72,1.8e-05,2.2e-05,4e-06
aten::clamp,"[[47,128],[],[]]","[""int"",""Scalar"",""""]",both,"[""operator_shape_matched""]","[""operator_shape_matched""]",1,1,2,2,2.336,2.848,1.8e-05,2.3e-05,5e-06
aten::clamp,"[[49,128],[],[]]","[""int"",""Scalar"",""""]",both,"[""operator_shape_matched""]","[""operator_shape_matched""]",1,1,2,2,2.528,2.625,2e-05,2.1e-05,1e-06
aten::clamp,"[[5,128],[],[]]","[""int"",""Scalar"",""""]",both,"[""operator_shape_matched""]","[""operator_shape_matched""]",1,1,2,2,2.304,2.656,1.8e-05,2.2e-05,3e-06
aten::clamp,"[[51,128],[],[]]","[""int"",""Scalar"",""""]",both,"[""operator_shape_matched""]","[""operator_shape_matched""]",1,1,2,2,2.464,2.847,1.9e-05,2.3e-05,4e-06
aten::clamp,"[[53,128],[],[]]","[""int"",""Scalar"",""""]",both,"[""operator_shape_matched""]","[""operator_shape_matched""]",1,1,2,2,2.432,2.848,1.9e-05,2.3e-05,4e-06
aten::clamp,"[[55,128],[],[]]","[""int"",""Scalar"",""""]",both,"[""operator_shape_matched""]","[""operator_shape_matched""]",1,1,2,2,2.464,2.976,1.9e-05,2.4e-05,5e-06
aten::clamp,"[[57,128],[],[]]","[""int"",""Scalar"",""""]",both,"[""operator_shape_matched""]","[""operator_shape_matched""]",1,1,2,2,2.528,2.72,2e-05,2.2e-05,2e-06
aten::clamp,"[[59,128],[],[]]","[""int"",""Scalar"",""""]",both,"[""operator_shape_matched""]","[""operator_shape_matched""]",1,1,2,2,2.464,2.688,1.9e-05,2.2e-05,2e-06
aten::clamp,"[[61,128],[],[]]","[""int"",""Scalar"",""""]",both,"[""operator_shape_matched""]","[""operator_shape_matched""]",1,1,2,2,2.72,2.816,2.1e-05,2.3e-05,1e-06
aten::clamp,"[[63,128],[],[]]","[""int"",""Scalar"",""""]",both,"[""operator_shape_matched""]","[""operator_shape_matched""]",1,1,2,2,2.497,2.817,2e-05,2.3e-05,3e-06
aten::clamp,"[[64,128],[],[]]","[""int"",""Scalar"",""""]",both,"[""operator_shape_matched""]","[""operator_shape_matched""]",1,1,480,480,615.177,628.905,0.004859,0.005101,0.000242
aten::clamp,"[[7,128],[],[]]","[""int"",""Scalar"",""""]",both,"[""operator_shape_matched""]","[""operator_shape_matched""]",1,1,2,2,2.239,2.816,1.8e-05,2.3e-05,5e-06
aten::clamp,"[[8,128],[],[]]","[""int"",""Scalar"",""""]",both,"[""operator_shape_matched""]","[""operator_shape_matched""]",1,1,4,4,4.545,4.448,3.6e-05,3.6e-05,0.0
aten::clamp,"[[9,128],[],[]]","[""int"",""Scalar"",""""]",both,"[""operator_shape_matched""]","[""operator_shape_matched""]",1,1,2,2,2.24,2.53,1.8e-05,2.1e-05,3e-06
aten::clamp_,"[[1,4096],[],[]]","[""int"",""Scalar"",""""]",both,"[""operator_shape_matched""]","[""operator_shape_matched""]",1,1,1,1,1.216,1.184,1e-05,1e-05,-0.0
aten::clamp_,"[[1,8192],[],[]]","[""int"",""Scalar"",""""]",both,"[""operator_shape_matched""]","[""operator_shape_matched""]",1,1,2,2,2.528,2.56,2e-05,2.1e-05,1e-06
aten::clamp_,"[[11,4096],[],[]]","[""int"",""Scalar"",""""]",both,"[""operator_shape_matched""]","[""operator_shape_matched""]",1,1,1,1,1.6,1.568,1.3e-05,1.3e-05,0.0
aten::clamp_,"[[11,8192],[],[]]","[""int"",""Scalar"",""""]",both,"[""operator_shape_matched""]","[""operator_shape_matched""]",1,1,2,2,3.007,2.88,2.4e-05,2.3e-05,-0.0
aten::clamp_,"[[13,4096],[],[]]","[""int"",""Scalar"",""""]",both,"[""operator_shape_matched""]","[""operator_shape_matched""]",1,1,1,1,1.632,1.6,1.3e-05,1.3e-05,0.0
aten::clamp_,"[[13,8192],[],[]]","[""int"",""Scalar"",""""]",both,"[""operator_shape_matched""]","[""operator_shape_matched""]",1,1,2,2,3.103,3.008,2.5e-05,2.4e-05,-0.0
aten::clamp_,"[[15,4096],[],[]]","[""int"",""Scalar"",""""]",both,"[""operator_shape_matched""]","[""operator_shape_matched""]",1,1,1,1,1.632,1.568,1.3e-05,1.3e-05,-0.0
aten::clamp_,"[[15,8192],[],[]]","[""int"",""Scalar"",""""]",both,"[""operator_shape_matched""]","[""operator_shape_matched""]",1,1,2,2,3.071,3.104,2.4e-05,2.5e-05,1e-06
aten::clamp_,"[[16,4096],[],[]]","[""int"",""Scalar"",""""]",both,"[""operator_shape_matched""]","[""operator_shape_matched""]",1,1,4,4,6.623,6.431,5.2e-05,5.2e-05,-0.0
aten::clamp_,"[[16,8192],[],[]]","[""int"",""Scalar"",""""]",both,"[""operator_shape_matched""]","[""operator_shape_matched""]",1,1,8,8,12.479,11.968,9.9e-05,9.7e-05,-1e-06
aten::clamp_,"[[17,4096],[],[]]","[""int"",""Scalar"",""""]",both,"[""operator_shape_matched""]","[""operator_shape_matched""]",1,1,1,1,1.695,1.6,1.3e-05,1.3e-05,-0.0
aten::clamp_,"[[17,8192],[],[]]","[""int"",""Scalar"",""""]",both,"[""operator_shape_matched""]","[""operator_shape_matched""]",1,1,2,2,3.169,3.2,2.5e-05,2.6e-05,1e-06
aten::clamp_,"[[19,4096],[],[]]","[""int"",""Scalar"",""""]",both,"[""operator_shape_matched""]","[""operator_shape_matched""]",1,1,1,1,1.793,1.569,1.4e-05,1.3e-05,-1e-06
aten::clamp_,"[[19,8192],[],[]]","[""int"",""Scalar"",""""]",both,"[""operator_shape_matched""]","[""operator_shape_matched""]",1,1,2,2,3.2,3.264,2.5e-05,2.6e-05,1e-06
aten::clamp_,"[[2,4096],[],[]]","[""int"",""Scalar"",""""]",both,"[""operator_shape_matched""]","[""operator_shape_matched""]",1,1,1,1,1.344,1.408,1.1e-05,1.1e-05,1e-06
aten::clamp_,"[[2,8192],[],[]]","[""int"",""Scalar"",""""]",both,"[""operator_shape_matched""]","[""operator_shape_matched""]",1,1,2,2,2.496,2.624,2e-05,2.1e-05,2e-06
aten::clamp_,"[[21,4096],[],[]]","[""int"",""Scalar"",""""]",both,"[""operator_shape_matched""]","[""operator_shape_matched""]",1,1,1,1,1.728,1.6,1.4e-05,1.3e-05,-1e-06
aten::clamp_,"[[21,8192],[],[]]","[""int"",""Scalar"",""""]",both,"[""operator_shape_matched""]","[""operator_shape_matched""]",1,1,2,2,3.296,3.359,2.6e-05,2.7e-05,1e-06
aten::clamp_,"[[23,4096],[],[]]","[""int"",""Scalar"",""""]",both,"[""operator_shape_matched""]","[""operator_shape_matched""]",1,1,1,1,1.824,1.504,1.4e-05,1.2e-05,-2e-06
aten::clamp_,"[[23,8192],[],[]]","[""int"",""Scalar"",""""]",both,"[""operator_shape_matched""]","[""operator_shape_matched""]",1,1,2,2,3.392,3.457,2.7e-05,2.8e-05,1e-06
aten::clamp_,"[[25,4096],[],[]]","[""int"",""Scalar"",""""]",both,"[""operator_shape_matched""]","[""operator_shape_matched""]",1,1,1,1,1.793,1.6,1.4e-05,1.3e-05,-1e-06
aten::clamp_,"[[25,8192],[],[]]","[""int"",""Scalar"",""""]",both,"[""operator_shape_matched""]","[""operator_shape_matched""]",1,1,2,2,3.392,3.424,2.7e-05,2.8e-05,1e-06
aten::clamp_,"[[27,4096],[],[]]","[""int"",""Scalar"",""""]",both,"[""operator_shape_matched""]","[""operator_shape_matched""]",1,1,1,1,1.824,1.664,1.4e-05,1.3e-05,-1e-06
aten::clamp_,"[[27,8192],[],[]]","[""int"",""Scalar"",""""]",both,"[""operator_shape_matched""]","[""operator_shape_matched""]",1,1,2,2,3.392,3.487,2.7e-05,2.8e-05,1e-06
aten::clamp_,"[[29,4096],[],[]]","[""int"",""Scalar"",""""]",both,"[""operator_shape_matched""]","[""operator_shape_matched""]",1,1,1,1,1.76,1.632,1.4e-05,1.3e-05,-1e-06
aten::clamp_,"[[29,8192],[],[]]","[""int"",""Scalar"",""""]",both,"[""operator_shape_matched""]","[""operator_shape_matched""]",1,1,2,2,3.552,3.552,2.8e-05,2.9e-05,1e-06
aten::clamp_,"[[3,4096],[],[]]","[""int"",""Scalar"",""""]",both,"[""operator_shape_matched""]","[""operator_shape_matched""]",1,1,1,1,1.536,1.376,1.2e-05,1.1e-05,-1e-06
aten::clamp_,"[[3,8192],[],[]]","[""int"",""Scalar"",""""]",both,"[""operator_shape_matched""]","[""operator_shape_matched""]",1,1,2,2,2.592,2.56,2e-05,2.1e-05,0.0
aten::clamp_,"[[31,4096],[],[]]","[""int"",""Scalar"",""""]",both,"[""operator_shape_matched""]","[""operator_shape_matched""]",1,1,1,1,1.824,1.632,1.4e-05,1.3e-05,-1e-06
aten::clamp_,"[[31,8192],[],[]]","[""int"",""Scalar"",""""]",both,"[""operator_shape_matched""]","[""operator_shape_matched""]",1,1,2,2,3.552,3.584,2.8e-05,2.9e-05,1e-06
aten::clamp_,"[[32,4096],[],[]]","[""int"",""Scalar"",""""]",both,"[""operator_shape_matched""]","[""operator_shape_matched""]",1,1,8,8,14.176,14.528,0.000112,0.000118,6e-06
aten::clamp_,"[[32,8192],[],[]]","[""int"",""Scalar"",""""]",both,"[""operator_shape_matched""]","[""operator_shape_matched""]",1,1,16,16,27.361,26.91,0.000216,0.000218,2e-06
aten::clamp_,"[[33,4096],[],[]]","[""int"",""Scalar"",""""]",both,"[""operator_shape_matched""]","[""operator_shape_matched""]",1,1,1,1,1.824,1.601,1.4e-05,1.3e-05,-1e-06
aten::clamp_,"[[33,8192],[],[]]","[""int"",""Scalar"",""""]",both,"[""operator_shape_matched""]","[""operator_shape_matched""]",1,1,2,2,3.681,3.807,2.9e-05,3.1e-05,2e-06
aten::clamp_,"[[35,4096],[],[]]","[""int"",""Scalar"",""""]",both,"[""operator_shape_matched""]","[""operator_shape_matched""]",1,1,1,1,1.856,1.664,1.5e-05,1.3e-05,-1e-06
aten::clamp_,"[[35,8192],[],[]]","[""int"",""Scalar"",""""]",both,"[""operator_shape_matched""]","[""operator_shape_matched""]",1,1,2,2,3.648,3.808,2.9e-05,3.1e-05,2e-06
aten::clamp_,"[[37,4096],[],[]]","[""int"",""Scalar"",""""]",both,"[""operator_shape_matched""]","[""operator_shape_matched""]",1,1,1,1,1.824,1.728,1.4e-05,1.4e-05,-0.0
aten::clamp_,"[[37,8192],[],[]]","[""int"",""Scalar"",""""]",both,"[""operator_shape_matched""]","[""operator_shape_matched""]",1,1,2,2,3.776,3.809,3e-05,3.1e-05,1e-06
aten::clamp_,"[[39,4096],[],[]]","[""int"",""Scalar"",""""]",both,"[""operator_shape_matched""]","[""operator_shape_matched""]",1,1,1,1,1.76,1.632,1.4e-05,1.3e-05,-1e-06
aten::clamp_,"[[39,8192],[],[]]","[""int"",""Scalar"",""""]",both,"[""operator_shape_matched""]","[""operator_shape_matched""]",1,1,2,2,3.776,3.905,3e-05,3.2e-05,2e-06
aten::clamp_,"[[4,4096],[],[]]","[""int"",""Scalar"",""""]",both,"[""operator_shape_matched""]","[""operator_shape_matched""]",1,1,1,1,1.344,1.408,1.1e-05,1.1e-05,1e-06
aten::clamp_,"[[4,8192],[],[]]","[""int"",""Scalar"",""""]",both,"[""operator_shape_matched""]","[""operator_shape_matched""]",1,1,2,2,2.496,2.624,2e-05,2.1e-05,2e-06
aten::clamp_,"[[41,4096],[],[]]","[""int"",""Scalar"",""""]",both,"[""operator_shape_matched""]","[""operator_shape_matched""]",1,1,1,1,1.952,1.792,1.5e-05,1.5e-05,-1e-06
aten::clamp_,"[[41,8192],[],[]]","[""int"",""Scalar"",""""]",both,"[""operator_shape_matched""]","[""operator_shape_matched""]",1,1,2,2,4.001,3.968,3.2e-05,3.2e-05,1e-06
aten::clamp_,"[[43,4096],[],[]]","[""int"",""Scalar"",""""]",both,"[""operator_shape_matched""]","[""operator_shape_matched""]",1,1,1,1,1.728,1.856,1.4e-05,1.5e-05,1e-06
aten::clamp_,"[[43,8192],[],[]]","[""int"",""Scalar"",""""]",both,"[""operator_shape_matched""]","[""operator_shape_matched""]",1,1,2,2,4.704,3.968,3.7e-05,3.2e-05,-5e-06
aten::clamp_,"[[45,4096],[],[]]","[""int"",""Scalar"",""""]",both,"[""operator_shape_matched""]","[""operator_shape_matched""]",1,1,1,1,1.792,1.728,1.4e-05,1.4e-05,-0.0
aten::clamp_,"[[45,8192],[],[]]","[""int"",""Scalar"",""""]",both,"[""operator_shape_matched""]","[""operator_shape_matched""]",1,1,2,2,4.0,4.224,3.2e-05,3.4e-05,3e-06
aten::clamp_,"[[47,4096],[],[]]","[""int"",""Scalar"",""""]",both,"[""operator_shape_matched""]","[""operator_shape_matched""]",1,1,1,1,1.6,1.888,1.3e-05,1.5e-05,3e-06
aten::clamp_,"[[47,8192],[],[]]","[""int"",""Scalar"",""""]",both,"[""operator_shape_matched""]","[""operator_shape_matched""]",1,1,2,2,4.256,4.032,3.4e-05,3.3e-05,-1e-06
aten::clamp_,"[[49,4096],[],[]]","[""int"",""Scalar"",""""]",both,"[""operator_shape_matched""]","[""operator_shape_matched""]",1,1,1,1,1.728,1.855,1.4e-05,1.5e-05,1e-06
aten::clamp_,"[[49,8192],[],[]]","[""int"",""Scalar"",""""]",both,"[""operator_shape_matched""]","[""operator_shape_matched""]",1,1,2,2,4.257,4.096,3.4e-05,3.3e-05,-0.0
aten::clamp_,"[[5,4096],[],[]]","[""int"",""Scalar"",""""]",both,"[""operator_shape_matched""]","[""operator_shape_matched""]",1,1,1,1,1.504,1.536,1.2e-05,1.2e-05,1e-06
aten::clamp_,"[[5,8192],[],[]]","[""int"",""Scalar"",""""]",both,"[""operator_shape_matched""]","[""operator_shape_matched""]",1,1,2,2,2.72,2.688,2.1e-05,2.2e-05,0.0
aten::clamp_,"[[51,4096],[],[]]","[""int"",""Scalar"",""""]",both,"[""operator_shape_matched""]","[""operator_shape_matched""]",1,1,1,1,1.76,1.856,1.4e-05,1.5e-05,1e-06
aten::clamp_,"[[51,8192],[],[]]","[""int"",""Scalar"",""""]",both,"[""operator_shape_matched""]","[""operator_shape_matched""]",1,1,2,2,4.224,4.351,3.3e-05,3.5e-05,2e-06
aten::clamp_,"[[53,4096],[],[]]","[""int"",""Scalar"",""""]",both,"[""operator_shape_matched""]","[""operator_shape_matched""]",1,1,1,1,1.664,1.856,1.3e-05,1.5e-05,2e-06
aten::clamp_,"[[53,8192],[],[]]","[""int"",""Scalar"",""""]",both,"[""operator_shape_matched""]","[""operator_shape_matched""]",1,1,2,2,4.256,4.351,3.4e-05,3.5e-05,2e-06
aten::clamp_,"[[55,4096],[],[]]","[""int"",""Scalar"",""""]",both,"[""operator_shape_matched""]","[""operator_shape_matched""]",1,1,1,1,1.76,1.824,1.4e-05,1.5e-05,1e-06
aten::clamp_,"[[55,8192],[],[]]","[""int"",""Scalar"",""""]",both,"[""operator_shape_matched""]","[""operator_shape_matched""]",1,1,2,2,4.449,4.288,3.5e-05,3.5e-05,-0.0
aten::clamp_,"[[57,4096],[],[]]","[""int"",""Scalar"",""""]",both,"[""operator_shape_matched""]","[""operator_shape_matched""]",1,1,1,1,1.824,2.016,1.4e-05,1.6e-05,2e-06
aten::clamp_,"[[57,8192],[],[]]","[""int"",""Scalar"",""""]",both,"[""operator_shape_matched""]","[""operator_shape_matched""]",1,1,2,2,4.48,4.224,3.5e-05,3.4e-05,-1e-06
aten::clamp_,"[[59,4096],[],[]]","[""int"",""Scalar"",""""]",both,"[""operator_shape_matched""]","[""operator_shape_matched""]",1,1,1,1,1.857,1.984,1.5e-05,1.6e-05,1e-06
aten::clamp_,"[[59,8192],[],[]]","[""int"",""Scalar"",""""]",both,"[""operator_shape_matched""]","[""operator_shape_matched""]",1,1,2,2,4.576,4.385,3.6e-05,3.6e-05,-1e-06
aten::clamp_,"[[61,4096],[],[]]","[""int"",""Scalar"",""""]",both,"[""operator_shape_matched""]","[""operator_shape_matched""]",1,1,1,1,1.984,1.953,1.6e-05,1.6e-05,0.0
aten::clamp_,"[[61,8192],[],[]]","[""int"",""Scalar"",""""]",both,"[""operator_shape_matched""]","[""operator_shape_matched""]",1,1,2,2,4.608,4.447,3.6e-05,3.6e-05,-0.0
aten::clamp_,"[[63,4096],[],[]]","[""int"",""Scalar"",""""]",both,"[""operator_shape_matched""]","[""operator_shape_matched""]",1,1,1,1,1.952,2.112,1.5e-05,1.7e-05,2e-06
aten::clamp_,"[[63,8192],[],[]]","[""int"",""Scalar"",""""]",both,"[""operator_shape_matched""]","[""operator_shape_matched""]",1,1,2,2,4.672,4.512,3.7e-05,3.7e-05,-0.0
aten::clamp_,"[[64,4096],[],[]]","[""int"",""Scalar"",""""]",both,"[""operator_shape_matched""]","[""operator_shape_matched""]",1,1,240,240,483.298,488.681,0.003818,0.003964,0.000146
aten::clamp_,"[[64,8192],[],[]]","[""int"",""Scalar"",""""]",both,"[""operator_shape_matched""]","[""operator_shape_matched""]",1,1,480,480,1031.171,981.387,0.008145,0.00796,-0.000185
aten::clamp_,"[[7,4096],[],[]]","[""int"",""Scalar"",""""]",both,"[""operator_shape_matched""]","[""operator_shape_matched""]",1,1,1,1,1.536,1.6,1.2e-05,1.3e-05,1e-06
aten::clamp_,"[[7,8192],[],[]]","[""int"",""Scalar"",""""]",both,"[""operator_shape_matched""]","[""operator_shape_matched""]",1,1,2,2,3.04,2.72,2.4e-05,2.2e-05,-2e-06
aten::clamp_,"[[8,4096],[],[]]","[""int"",""Scalar"",""""]",both,"[""operator_shape_matched""]","[""operator_shape_matched""]",1,1,2,2,3.199,2.88,2.5e-05,2.3e-05,-2e-06
aten::clamp_,"[[8,8192],[],[]]","[""int"",""Scalar"",""""]",both,"[""operator_shape_matched""]","[""operator_shape_matched""]",1,1,4,4,5.983,5.729,4.7e-05,4.6e-05,-1e-06
aten::clamp_,"[[9,4096],[],[]]","[""int"",""Scalar"",""""]",both,"[""operator_shape_matched""]","[""operator_shape_matched""]",1,1,1,1,1.568,1.472,1.2e-05,1.2e-05,-0.0
aten::clamp_,"[[9,8192],[],[]]","[""int"",""Scalar"",""""]",both,"[""operator_shape_matched""]","[""operator_shape_matched""]",1,1,2,2,3.008,2.752,2.4e-05,2.2e-05,-1e-06
aten::copy_,"[[1,129280],[1,129280],[]]","[""float"",""c10::BFloat16"",""Scalar""]",both,"[""operator_shape_matched""]","[""operator_shape_matched""]",1,1,1,1,2.688,2.976,2.1e-05,2.4e-05,3e-06
aten::copy_,"[[1,1],[1,1],[]]","[""long int"",""int"",""Scalar""]",both,"[""operator_shape_matched""]","[""operator_shape_matched""]",1,1,1,1,1.696,1.696,1.3e-05,1.4e-05,0.0
aten::copy_,"[[1,4,1,4096,1,4096],[1,4,1,4096,1,4096],[]]","[""c10::BFloat16"",""c10::BFloat16"",""Scalar""]",right_only,[],"[""operator_shape_matched""]",0,1,0,1,0.0,159.907,0.0,0.001297,0.001297
aten::copy_,"[[1,4,1,5089,1,4096],[1,4,1,5089,1,4096],[]]","[""c10::BFloat16"",""c10::BFloat16"",""Scalar""]",right_only,[],"[""operator_shape_matched""]",0,1,0,1,0.0,198.148,0.0,0.001607,0.001607
aten::copy_,"[[1,4,1,8192,1,4096],[1,4,1,8192,1,4096],[]]","[""c10::BFloat16"",""c10::BFloat16"",""Scalar""]",right_only,[],"[""operator_shape_matched""]",0,1,0,31,0.0,9850.195,0.0,0.079894,0.079894
aten::copy_,"[[1,5089,2],[1,5089,2],[]]","[""float"",""float"",""Scalar""]",both,"[""operator_shape_matched""]","[""operator_shape_matched""]",1,1,43,43,75.395,79.393,0.000596,0.000644,4.8e-05
aten::copy_,"[[1,5089,32],[1,5089,32],[]]","[""float"",""float"",""Scalar""]",both,"[""operator_shape_matched""]","[""operator_shape_matched""]",1,1,86,86,243.914,250.656,0.001927,0.002033,0.000106
aten::copy_,"[[1,5089,8],[1,5089,8],[]]","[""float"",""float"",""Scalar""]",both,"[""operator_shape_matched""]","[""operator_shape_matched""]",1,1,107,107,275.624,475.151,0.002177,0.003854,0.001677
aten::copy_,"[[10,129280],[10,129280],[]]","[""float"",""c10::BFloat16"",""Scalar""]",both,"[""operator_shape_matched""]","[""operator_shape_matched""]",1,1,1,1,5.473,5.344,4.3e-05,4.3e-05,0.0
aten::copy_,"[[10,1],[10,1],[]]","[""long int"",""int"",""Scalar""]",both,"[""operator_shape_matched""]","[""operator_shape_matched""]",1,1,1,1,1.856,1.888,1.5e-05,1.5e-05,1e-06
aten::copy_,"[[10,8,16160],[10,8,16160],[]]","[""c10::BFloat16"",""c10::BFloat16"",""Scalar""]",both,"[""operator_shape_matched""]","[""operator_shape_matched""]",1,1,1,1,5.056,5.056,4e-05,4.1e-05,1e-06
aten::copy_,"[[10],[10],[]]","[""int"",""long int"",""Scalar""]",both,"[""operator_shape_matched""]","[""operator_shape_matched""]",1,1,6,6,7.808,7.903,6.2e-05,6.4e-05,2e-06
aten::copy_,"[[10],[10],[]]","[""long int"",""int"",""Scalar""]",both,"[""operator_shape_matched""]","[""operator_shape_matched""]",1,1,2,2,3.008,3.136,2.4e-05,2.5e-05,2e-06
aten::copy_,"[[11,129280],[11,129280],[]]","[""float"",""c10::BFloat16"",""Scalar""]",both,"[""operator_shape_matched""]","[""operator_shape_matched""]",1,1,1,1,5.632,5.312,4.4e-05,4.3e-05,-1e-06
aten::copy_,"[[11,1],[11,1],[]]","[""long int"",""int"",""Scalar""]",both,"[""operator_shape_matched""]","[""operator_shape_matched""]",1,1,1,1,1.76,1.952,1.4e-05,1.6e-05,2e-06
aten::copy_,"[[11,8,16160],[11,8,16160],[]]","[""c10::BFloat16"",""c10::BFloat16"",""Scalar""]",both,"[""operator_shape_matched""]","[""operator_shape_matched""]",1,1,1,1,5.152,5.216,4.1e-05,4.2e-05,2e-06
aten::copy_,"[[11],[11],[]]","[""int"",""long int"",""Scalar""]",both,"[""operator_shape_matched""]","[""operator_shape_matched""]",1,1,1,1,1.408,1.504,1.1e-05,1.2e-05,1e-06
aten::copy_,"[[11],[11],[]]","[""long int"",""int"",""Scalar""]",both,"[""operator_shape_matched""]","[""operator_shape_matched""]",1,1,1,1,1.92,1.824,1.5e-05,1.5e-05,-0.0
aten::copy_,"[[12,129280],[12,129280],[]]","[""float"",""c10::BFloat16"",""Scalar""]",both,"[""operator_shape_matched""]","[""operator_shape_matched""]",1,1,1,1,5.889,5.44,4.7e-05,4.4e-05,-2e-06
aten::copy_,"[[12,1],[12,1],[]]","[""long int"",""int"",""Scalar""]",both,"[""operator_shape_matched""]","[""operator_shape_matched""]",1,1,1,1,1.856,1.697,1.5e-05,1.4e-05,-1e-06
aten::copy_,"[[12,8,16160],[12,8,16160],[]]","[""c10::BFloat16"",""c10::BFloat16"",""Scalar""]",both,"[""operator_shape_matched""]","[""operator_shape_matched""]",1,1,1,1,5.376,5.377,4.2e-05,4.4e-05,1e-06
aten::copy_,"[[12],[12],[]]","[""int"",""long int"",""Scalar""]",both,"[""operator_shape_matched""]","[""operator_shape_matched""]",1,1,6,6,7.903,8.32,6.2e-05,6.7e-05,5e-06
aten::copy_,"[[12],[12],[]]","[""long int"",""int"",""Scalar""]",both,"[""operator_shape_matched""]","[""operator_shape_matched""]",1,1,2,2,3.072,3.072,2.4e-05,2.5e-05,1e-06
aten::copy_,"[[13,129280],[13,129280],[]]","[""float"",""c10::BFloat16"",""Scalar""]",both,"[""operator_shape_matched""]","[""operator_shape_matched""]",1,1,1,1,6.048,5.632,4.8e-05,4.6e-05,-2e-06
aten::copy_,"[[13,1],[13,1],[]]","[""long int"",""int"",""Scalar""]",both,"[""operator_shape_matched""]","[""operator_shape_matched""]",1,1,1,1,1.632,1.696,1.3e-05,1.4e-05,1e-06
aten::copy_,"[[13,8,16160],[13,8,16160],[]]","[""c10::BFloat16"",""c10::BFloat16"",""Scalar""]",both,"[""operator_shape_matched""]","[""operator_shape_matched""]",1,1,1,1,5.568,5.504,4.4e-05,4.5e-05,1e-06
aten::copy_,"[[13],[13],[]]","[""int"",""long int"",""Scalar""]",both,"[""operator_shape_matched""]","[""operator_shape_matched""]",1,1,1,1,1.408,1.504,1.1e-05,1.2e-05,1e-06
aten::copy_,"[[13],[13],[]]","[""long int"",""int"",""Scalar""]",both,"[""operator_shape_matched""]","[""operator_shape_matched""]",1,1,1,1,1.664,1.792,1.3e-05,1.5e-05,1e-06
aten::copy_,"[[14,129280],[14,129280],[]]","[""float"",""c10::BFloat16"",""Scalar""]",both,"[""operator_shape_matched""]","[""operator_shape_matched""]",1,1,1,1,6.112,5.952,4.8e-05,4.8e-05,-0.0
aten::copy_,"[[14,1],[14,1],[]]","[""long int"",""int"",""Scalar""]",both,"[""operator_shape_matched""]","[""operator_shape_matched""]",1,1,1,1,1.696,1.728,1.3e-05,1.4e-05,1e-06
aten::copy_,"[[14,8,16160],[14,8,16160],[]]","[""c10::BFloat16"",""c10::BFloat16"",""Scalar""]",both,"[""operator_shape_matched""]","[""operator_shape_matched""]",1,1,1,1,5.792,5.664,4.6e-05,4.6e-05,0.0
aten::copy_,"[[14],[14],[]]","[""int"",""long int"",""Scalar""]",both,"[""operator_shape_matched""]","[""operator_shape_matched""]",1,1,6,6,7.776,7.968,6.1e-05,6.5e-05,3e-06
aten::copy_,"[[14],[14],[]]","[""long int"",""int"",""Scalar""]",both,"[""operator_shape_matched""]","[""operator_shape_matched""]",1,1,2,2,3.105,3.233,2.5e-05,2.6e-05,2e-06
aten::copy_,"[[15,129280],[15,129280],[]]","[""float"",""c10::BFloat16"",""Scalar""]",both,"[""operator_shape_matched""]","[""operator_shape_matched""]",1,1,1,1,6.304,6.176,5e-05,5e-05,0.0
aten::copy_,"[[15,1],[15,1],[]]","[""long int"",""int"",""Scalar""]",both,"[""operator_shape_matched""]","[""operator_shape_matched""]",1,1,1,1,1.664,1.728,1.3e-05,1.4e-05,1e-06
aten::copy_,"[[15,8,16160],[15,8,16160],[]]","[""c10::BFloat16"",""c10::BFloat16"",""Scalar""]",both,"[""operator_shape_matched""]","[""operator_shape_matched""]",1,1,1,1,5.984,5.983,4.7e-05,4.9e-05,1e-06
aten::copy_,"[[15],[15],[]]","[""int"",""long int"",""Scalar""]",both,"[""operator_shape_matched""]","[""operator_shape_matched""]",1,1,1,1,1.472,1.504,1.2e-05,1.2e-05,1e-06
aten::copy_,"[[15],[15],[]]","[""long int"",""int"",""Scalar""]",both,"[""operator_shape_matched""]","[""operator_shape_matched""]",1,1,1,1,1.697,1.824,1.3e-05,1.5e-05,1e-06
aten::copy_,"[[16,129280],[16,129280],[]]","[""float"",""c10::BFloat16"",""Scalar""]",both,"[""operator_shape_matched""]","[""operator_shape_matched""]",1,1,1,1,6.496,6.432,5.1e-05,5.2e-05,1e-06
aten::copy_,"[[16,1],[16,1],[]]","[""long int"",""int"",""Scalar""]",both,"[""operator_shape_matched""]","[""operator_shape_matched""]",1,1,1,1,1.343,1.504,1.1e-05,1.2e-05,2e-06
aten::copy_,"[[16,8,16160],[16,8,16160],[]]","[""c10::BFloat16"",""c10::BFloat16"",""Scalar""]",both,"[""operator_shape_matched""]","[""operator_shape_matched""]",1,1,1,1,6.304,6.336,5e-05,5.1e-05,2e-06
aten::copy_,"[[16],[16],[]]","[""int"",""long int"",""Scalar""]",both,"[""operator_shape_matched""]","[""operator_shape_matched""]",1,1,6,6,7.618,7.807,6e-05,6.3e-05,3e-06
aten::copy_,"[[16],[16],[]]","[""long int"",""int"",""Scalar""]",both,"[""operator_shape_matched""]","[""operator_shape_matched""]",1,1,2,2,3.136,3.264,2.5e-05,2.6e-05,2e-06
aten::copy_,"[[17,129280],[17,129280],[]]","[""float"",""c10::BFloat16"",""Scalar""]",both,"[""operator_shape_matched""]","[""operator_shape_matched""]",1,1,1,1,7.2,7.008,5.7e-05,5.7e-05,-0.0
aten::copy_,"[[17,1],[17,1],[]]","[""long int"",""int"",""Scalar""]",both,"[""operator_shape_matched""]","[""operator_shape_matched""]",1,1,1,1,1.633,1.824,1.3e-05,1.5e-05,2e-06
aten::copy_,"[[17,8,16160],[17,8,16160],[]]","[""c10::BFloat16"",""c10::BFloat16"",""Scalar""]",both,"[""operator_shape_matched""]","[""operator_shape_matched""]",1,1,1,1,6.624,6.624,5.2e-05,5.4e-05,1e-06
aten::copy_,"[[17],[17],[]]","[""int"",""long int"",""Scalar""]",both,"[""operator_shape_matched""]","[""operator_shape_matched""]",1,1,1,1,1.376,1.535,1.1e-05,1.2e-05,2e-06
aten::copy_,"[[17],[17],[]]","[""long int"",""int"",""Scalar""]",both,"[""operator_shape_matched""]","[""operator_shape_matched""]",1,1,1,1,1.665,1.857,1.3e-05,1.5e-05,2e-06
aten::copy_,"[[18,129280],[18,129280],[]]","[""float"",""c10::BFloat16"",""Scalar""]",both,"[""operator_shape_matched""]","[""operator_shape_matched""]",1,1,1,1,7.296,7.2,5.8e-05,5.8e-05,1e-06
aten::copy_,"[[18,1],[18,1],[]]","[""long int"",""int"",""Scalar""]",both,"[""operator_shape_matched""]","[""operator_shape_matched""]",1,1,1,1,1.76,1.76,1.4e-05,1.4e-05,0.0
aten::copy_,"[[18,8,16160],[18,8,16160],[]]","[""c10::BFloat16"",""c10::BFloat16"",""Scalar""]",both,"[""operator_shape_matched""]","[""operator_shape_matched""]",1,1,1,1,6.945,6.848,5.5e-05,5.6e-05,1e-06
aten::copy_,"[[18],[18],[]]","[""int"",""long int"",""Scalar""]",both,"[""operator_shape_matched""]","[""operator_shape_matched""]",1,1,6,6,7.713,7.999,6.1e-05,6.5e-05,4e-06
aten::copy_,"[[18],[18],[]]","[""long int"",""int"",""Scalar""]",both,"[""operator_shape_matched""]","[""operator_shape_matched""]",1,1,2,2,3.008,3.264,2.4e-05,2.6e-05,3e-06
aten::copy_,"[[19,129280],[19,129280],[]]","[""float"",""c10::BFloat16"",""Scalar""]",both,"[""operator_shape_matched""]","[""operator_shape_matched""]",1,1,1,1,7.457,7.328,5.9e-05,5.9e-05,1e-06
aten::copy_,"[[19,1],[19,1],[]]","[""long int"",""int"",""Scalar""]",both,"[""operator_shape_matched""]","[""operator_shape_matched""]",1,1,1,1,1.792,1.984,1.4e-05,1.6e-05,2e-06
aten::copy_,"[[19,8,16160],[19,8,16160],[]]","[""c10::BFloat16"",""c10::BFloat16"",""Scalar""]",both,"[""operator_shape_matched""]","[""operator_shape_matched""]",1,1,1,1,7.168,6.976,5.7e-05,5.7e-05,-0.0
aten::copy_,"[[19],[19],[]]","[""int"",""long int"",""Scalar""]",both,"[""operator_shape_matched""]","[""operator_shape_matched""]",1,1,1,1,1.472,1.664,1.2e-05,1.3e-05,2e-06
aten::copy_,"[[19],[19],[]]","[""long int"",""int"",""Scalar""]",both,"[""operator_shape_matched""]","[""operator_shape_matched""]",1,1,1,1,1.792,1.856,1.4e-05,1.5e-05,1e-06
aten::copy_,"[[1],[1],[]]","[""int"",""long int"",""Scalar""]",both,"[""operator_shape_matched""]","[""operator_shape_matched""]",1,1,1,1,1.664,1.504,1.3e-05,1.2e-05,-1e-06
aten::copy_,"[[1],[1],[]]","[""long int"",""int"",""Scalar""]",both,"[""operator_shape_matched""]","[""operator_shape_matched""]",1,1,1,1,1.696,1.696,1.3e-05,1.4e-05,0.0
aten::copy_,"[[2,129280],[2,129280],[]]","[""float"",""c10::BFloat16"",""Scalar""]",both,"[""operator_shape_matched""]","[""operator_shape_matched""]",1,1,1,1,3.168,3.105,2.5e-05,2.5e-05,0.0
aten::copy_,"[[2,1],[2,1],[]]","[""long int"",""int"",""Scalar""]",both,"[""operator_shape_matched""]","[""operator_shape_matched""]",1,1,1,1,1.568,1.696,1.2e-05,1.4e-05,1e-06
aten::copy_,"[[2,8,16160],[2,8,16160],[]]","[""c10::BFloat16"",""c10::BFloat16"",""Scalar""]",both,"[""operator_shape_matched""]","[""operator_shape_matched""]",1,1,1,1,2.848,2.912,2.2e-05,2.4e-05,1e-06
aten::copy_,"[[20,129280],[20,129280],[]]","[""float"",""c10::BFloat16"",""Scalar""]",both,"[""operator_shape_matched""]","[""operator_shape_matched""]",1,1,1,1,7.616,7.457,6e-05,6e-05,0.0
aten::copy_,"[[20,1],[20,1],[]]","[""long int"",""int"",""Scalar""]",both,"[""operator_shape_matched""]","[""operator_shape_matched""]",1,1,1,1,1.792,1.728,1.4e-05,1.4e-05,-0.0
aten::copy_,"[[20,8,16160],[20,8,16160],[]]","[""c10::BFloat16"",""c10::BFloat16"",""Scalar""]",both,"[""operator_shape_matched""]","[""operator_shape_matched""]",1,1,1,1,7.104,6.944,5.6e-05,5.6e-05,0.0
aten::copy_,"[[20],[20],[]]","[""int"",""long int"",""Scalar""]",both,"[""operator_shape_matched""]","[""operator_shape_matched""]",1,1,6,6,7.968,8.032,6.3e-05,6.5e-05,2e-06
aten::copy_,"[[20],[20],[]]","[""long int"",""int"",""Scalar""]",both,"[""operator_shape_matched""]","[""operator_shape_matched""]",1,1,2,2,3.168,3.105,2.5e-05,2.5e-05,0.0
aten::copy_,"[[21,129280],[21,129280],[]]","[""float"",""c10::BFloat16"",""Scalar""]",both,"[""operator_shape_matched""]","[""operator_shape_matched""]",1,1,1,1,7.649,7.649,6e-05,6.2e-05,2e-06
aten::copy_,"[[21,1],[21,1],[]]","[""long int"",""int"",""Scalar""]",both,"[""operator_shape_matched""]","[""operator_shape_matched""]",1,1,1,1,1.888,1.76,1.5e-05,1.4e-05,-1e-06
aten::copy_,"[[21,8,16160],[21,8,16160],[]]","[""c10::BFloat16"",""c10::BFloat16"",""Scalar""]",both,"[""operator_shape_matched""]","[""operator_shape_matched""]",1,1,1,1,7.713,7.616,6.1e-05,6.2e-05,1e-06
aten::copy_,"[[21],[21],[]]","[""int"",""long int"",""Scalar""]",both,"[""operator_shape_matched""]","[""operator_shape_matched""]",1,1,1,1,1.408,1.504,1.1e-05,1.2e-05,1e-06
aten::copy_,"[[21],[21],[]]","[""long int"",""int"",""Scalar""]",both,"[""operator_shape_matched""]","[""operator_shape_matched""]",1,1,1,1,1.664,1.824,1.3e-05,1.5e-05,2e-06
aten::copy_,"[[22,129280],[22,129280],[]]","[""float"",""c10::BFloat16"",""Scalar""]",both,"[""operator_shape_matched""]","[""operator_shape_matched""]",1,1,1,1,7.904,7.904,6.2e-05,6.4e-05,2e-06
aten::copy_,"[[22,1],[22,1],[]]","[""long int"",""int"",""Scalar""]",both,"[""operator_shape_matched""]","[""operator_shape_matched""]",1,1,1,1,1.76,1.728,1.4e-05,1.4e-05,0.0
aten::copy_,"[[22,8,16160],[22,8,16160],[]]","[""c10::BFloat16"",""c10::BFloat16"",""Scalar""]",both,"[""operator_shape_matched""]","[""operator_shape_matched""]",1,1,1,1,8.0,7.872,6.3e-05,6.4e-05,1e-06
aten::copy_,"[[22],[22],[]]","[""int"",""long int"",""Scalar""]",both,"[""operator_shape_matched""]","[""operator_shape_matched""]",1,1,6,6,7.839,7.903,6.2e-05,6.4e-05,2e-06
aten::copy_,"[[22],[22],[]]","[""long int"",""int"",""Scalar""]",both,"[""operator_shape_matched""]","[""operator_shape_matched""]",1,1,2,2,3.103,3.296,2.5e-05,2.7e-05,2e-06
aten::copy_,"[[23,129280],[23,129280],[]]","[""float"",""c10::BFloat16"",""Scalar""]",both,"[""operator_shape_matched""]","[""operator_shape_matched""]",1,1,1,1,8.032,8.032,6.3e-05,6.5e-05,2e-06
aten::copy_,"[[23,1],[23,1],[]]","[""long int"",""int"",""Scalar""]",both,"[""operator_shape_matched""]","[""operator_shape_matched""]",1,1,1,1,1.823,1.76,1.4e-05,1.4e-05,-0.0
aten::copy_,"[[23,8,16160],[23,8,16160],[]]","[""c10::BFloat16"",""c10::BFloat16"",""Scalar""]",both,"[""operator_shape_matched""]","[""operator_shape_matched""]",1,1,1,1,7.809,7.808,6.2e-05,6.3e-05,2e-06
aten::copy_,"[[23],[23],[]]","[""int"",""long int"",""Scalar""]",both,"[""operator_shape_matched""]","[""operator_shape_matched""]",1,1,1,1,1.44,1.536,1.1e-05,1.2e-05,1e-06
aten::copy_,"[[23],[23],[]]","[""long int"",""int"",""Scalar""]",both,"[""operator_shape_matched""]","[""operator_shape_matched""]",1,1,1,1,1.823,1.856,1.4e-05,1.5e-05,1e-06
aten::copy_,"[[24,129280],[24,129280],[]]","[""float"",""c10::BFloat16"",""Scalar""]",both,"[""operator_shape_matched""]","[""operator_shape_matched""]",1,1,1,1,8.416,8.608,6.6e-05,7e-05,3e-06
aten::copy_,"[[24,1],[24,1],[]]","[""long int"",""int"",""Scalar""]",both,"[""operator_shape_matched""]","[""operator_shape_matched""]",1,1,1,1,1.408,1.504,1.1e-05,1.2e-05,1e-06
aten::copy_,"[[24,8,16160],[24,8,16160],[]]","[""c10::BFloat16"",""c10::BFloat16"",""Scalar""]",both,"[""operator_shape_matched""]","[""operator_shape_matched""]",1,1,1,1,8.48,8.512,6.7e-05,6.9e-05,2e-06
aten::copy_,"[[24],[24],[]]","[""int"",""long int"",""Scalar""]",both,"[""operator_shape_matched""]","[""operator_shape_matched""]",1,1,6,6,7.744,7.872,6.1e-05,6.4e-05,3e-06
aten::copy_,"[[24],[24],[]]","[""long int"",""int"",""Scalar""]",both,"[""operator_shape_matched""]","[""operator_shape_matched""]",1,1,2,2,3.041,3.296,2.4e-05,2.7e-05,3e-06
aten::copy_,"[[25,129280],[25,129280],[]]","[""float"",""c10::BFloat16"",""Scalar""]",both,"[""operator_shape_matched""]","[""operator_shape_matched""]",1,1,1,1,8.864,8.672,7e-05,7e-05,0.0
aten::copy_,"[[25,1],[25,1],[]]","[""long int"",""int"",""Scalar""]",both,"[""operator_shape_matched""]","[""operator_shape_matched""]",1,1,1,1,1.696,1.76,1.3e-05,1.4e-05,1e-06
aten::copy_,"[[25,8,16160],[25,8,16160],[]]","[""c10::BFloat16"",""c10::BFloat16"",""Scalar""]",both,"[""operator_shape_matched""]","[""operator_shape_matched""]",1,1,1,1,8.96,8.737,7.1e-05,7.1e-05,0.0
aten::copy_,"[[25],[25],[]]","[""int"",""long int"",""Scalar""]",both,"[""operator_shape_matched""]","[""operator_shape_matched""]",1,1,1,1,1.408,1.536,1.1e-05,1.2e-05,1e-06
aten::copy_,"[[25],[25],[]]","[""long int"",""int"",""Scalar""]",both,"[""operator_shape_matched""]","[""operator_shape_matched""]",1,1,1,1,1.696,1.888,1.3e-05,1.5e-05,2e-06
aten::copy_,"[[26,129280],[26,129280],[]]","[""float"",""c10::BFloat16"",""Scalar""]",both,"[""operator_shape_matched""]","[""operator_shape_matched""]",1,1,1,1,9.249,9.089,7.3e-05,7.4e-05,1e-06
aten::copy_,"[[26,1],[26,1],[]]","[""long int"",""int"",""Scalar""]",both,"[""operator_shape_matched""]","[""operator_shape_matched""]",1,1,1,1,1.728,1.728,1.4e-05,1.4e-05,0.0
aten::copy_,"[[26,8,16160],[26,8,16160],[]]","[""c10::BFloat16"",""c10::BFloat16"",""Scalar""]",both,"[""operator_shape_matched""]","[""operator_shape_matched""]",1,1,1,1,8.576,8.737,6.8e-05,7.1e-05,3e-06
aten::copy_,"[[26],[26],[]]","[""int"",""long int"",""Scalar""]",both,"[""operator_shape_matched""]","[""operator_shape_matched""]",1,1,6,6,7.745,7.968,6.1e-05,6.5e-05,3e-06
aten::copy_,"[[26],[26],[]]","[""long int"",""int"",""Scalar""]",both,"[""operator_shape_matched""]","[""operator_shape_matched""]",1,1,2,2,3.072,3.296,2.4e-05,2.7e-05,2e-06
aten::copy_,"[[27,129280],[27,129280],[]]","[""float"",""c10::BFloat16"",""Scalar""]",both,"[""operator_shape_matched""]","[""operator_shape_matched""]",1,1,1,1,9.312,9.344,7.4e-05,7.6e-05,2e-06
aten::copy_,"[[27,1],[27,1],[]]","[""long int"",""int"",""Scalar""]",both,"[""operator_shape_matched""]","[""operator_shape_matched""]",1,1,1,1,1.76,1.76,1.4e-05,1.4e-05,0.0
aten::copy_,"[[27,8,16160],[27,8,16160],[]]","[""c10::BFloat16"",""c10::BFloat16"",""Scalar""]",both,"[""operator_shape_matched""]","[""operator_shape_matched""]",1,1,1,1,9.248,9.44,7.3e-05,7.7e-05,4e-06
aten::copy_,"[[27],[27],[]]","[""int"",""long int"",""Scalar""]",both,"[""operator_shape_matched""]","[""operator_shape_matched""]",1,1,1,1,1.472,1.536,1.2e-05,1.2e-05,1e-06
aten::copy_,"[[27],[27],[]]","[""long int"",""int"",""Scalar""]",both,"[""operator_shape_matched""]","[""operator_shape_matched""]",1,1,1,1,1.792,2.048,1.4e-05,1.7e-05,2e-06
aten::copy_,"[[28,129280],[28,129280],[]]","[""float"",""c10::BFloat16"",""Scalar""]",both,"[""operator_shape_matched""]","[""operator_shape_matched""]",1,1,1,1,9.568,9.504,7.6e-05,7.7e-05,2e-06
aten::copy_,"[[28,1],[28,1],[]]","[""long int"",""int"",""Scalar""]",both,"[""operator_shape_matched""]","[""operator_shape_matched""]",1,1,1,1,1.76,1.728,1.4e-05,1.4e-05,0.0
aten::copy_,"[[28,8,16160],[28,8,16160],[]]","[""c10::BFloat16"",""c10::BFloat16"",""Scalar""]",both,"[""operator_shape_matched""]","[""operator_shape_matched""]",1,1,1,1,9.728,9.44,7.7e-05,7.7e-05,-0.0
aten::copy_,"[[28],[28],[]]","[""int"",""long int"",""Scalar""]",both,"[""operator_shape_matched""]","[""operator_shape_matched""]",1,1,6,6,7.936,8.064,6.3e-05,6.5e-05,3e-06
aten::copy_,"[[28],[28],[]]","[""long int"",""int"",""Scalar""]",both,"[""operator_shape_matched""]","[""operator_shape_matched""]",1,1,2,2,3.103,3.104,2.5e-05,2.5e-05,1e-06
aten::copy_,"[[29,129280],[29,129280],[]]","[""float"",""c10::BFloat16"",""Scalar""]",both,"[""operator_shape_matched""]","[""operator_shape_matched""]",1,1,1,1,9.824,9.696,7.8e-05,7.9e-05,1e-06
aten::copy_,"[[29,1],[29,1],[]]","[""long int"",""int"",""Scalar""]",both,"[""operator_shape_matched""]","[""operator_shape_matched""]",1,1,1,1,1.856,1.728,1.5e-05,1.4e-05,-1e-06
aten::copy_,"[[29,8,16160],[29,8,16160],[]]","[""c10::BFloat16"",""c10::BFloat16"",""Scalar""]",both,"[""operator_shape_matched""]","[""operator_shape_matched""]",1,1,1,1,9.856,9.856,7.8e-05,8e-05,2e-06
aten::copy_,"[[29],[29],[]]","[""int"",""long int"",""Scalar""]",both,"[""operator_shape_matched""]","[""operator_shape_matched""]",1,1,1,1,1.6,1.728,1.3e-05,1.4e-05,1e-06
aten::copy_,"[[29],[29],[]]","[""long int"",""int"",""Scalar""]",both,"[""operator_shape_matched""]","[""operator_shape_matched""]",1,1,1,1,1.664,1.856,1.3e-05,1.5e-05,2e-06
aten::copy_,"[[2],[2],[]]","[""int"",""long int"",""Scalar""]",both,"[""operator_shape_matched""]","[""operator_shape_matched""]",1,1,6,6,7.744,7.744,6.1e-05,6.3e-05,2e-06
aten::copy_,"[[2],[2],[]]","[""long int"",""int"",""Scalar""]",both,"[""operator_shape_matched""]","[""operator_shape_matched""]",1,1,2,2,2.912,3.392,2.3e-05,2.8e-05,5e-06
aten::copy_,"[[3,129280],[3,129280],[]]","[""float"",""c10::BFloat16"",""Scalar""]",both,"[""operator_shape_matched""]","[""operator_shape_matched""]",1,1,1,1,3.36,3.136,2.7e-05,2.5e-05,-1e-06
aten::copy_,"[[3,1],[3,1],[]]","[""long int"",""int"",""Scalar""]",both,"[""operator_shape_matched""]","[""operator_shape_matched""]",1,1,1,1,1.728,1.76,1.4e-05,1.4e-05,1e-06
aten::copy_,"[[3,8,16160],[3,8,16160],[]]","[""c10::BFloat16"",""c10::BFloat16"",""Scalar""]",both,"[""operator_shape_matched""]","[""operator_shape_matched""]",1,1,1,1,2.687,3.008,2.1e-05,2.4e-05,3e-06
aten::copy_,"[[30,129280],[30,129280],[]]","[""float"",""c10::BFloat16"",""Scalar""]",both,"[""operator_shape_matched""]","[""operator_shape_matched""]",1,1,1,1,9.952,9.952,7.9e-05,8.1e-05,2e-06
aten::copy_,"[[30,1],[30,1],[]]","[""long int"",""int"",""Scalar""]",both,"[""operator_shape_matched""]","[""operator_shape_matched""]",1,1,1,1,1.664,1.856,1.3e-05,1.5e-05,2e-06
aten::copy_,"[[30,8,16160],[30,8,16160],[]]","[""c10::BFloat16"",""c10::BFloat16"",""Scalar""]",both,"[""operator_shape_matched""]","[""operator_shape_matched""]",1,1,1,1,10.496,10.176,8.3e-05,8.3e-05,-0.0
aten::copy_,"[[30],[30],[]]","[""int"",""long int"",""Scalar""]",both,"[""operator_shape_matched""]","[""operator_shape_matched""]",1,1,6,6,7.744,8.0,6.1e-05,6.5e-05,4e-06
aten::copy_,"[[30],[30],[]]","[""long int"",""int"",""Scalar""]",both,"[""operator_shape_matched""]","[""operator_shape_matched""]",1,1,2,2,3.168,3.105,2.5e-05,2.5e-05,0.0
aten::copy_,"[[31,129280],[31,129280],[]]","[""float"",""c10::BFloat16"",""Scalar""]",both,"[""operator_shape_matched""]","[""operator_shape_matched""]",1,1,1,1,10.336,10.048,8.2e-05,8.1e-05,-0.0
aten::copy_,"[[31,1],[31,1],[]]","[""long int"",""int"",""Scalar""]",both,"[""operator_shape_matched""]","[""operator_shape_matched""]",1,1,1,1,1.664,1.856,1.3e-05,1.5e-05,2e-06
aten::copy_,"[[31,8,16160],[31,8,16160],[]]","[""c10::BFloat16"",""c10::BFloat16"",""Scalar""]",both,"[""operator_shape_matched""]","[""operator_shape_matched""]",1,1,1,1,10.464,10.912,8.3e-05,8.9e-05,6e-06
aten::copy_,"[[31],[31],[]]","[""int"",""long int"",""Scalar""]",both,"[""operator_shape_matched""]","[""operator_shape_matched""]",1,1,1,1,1.408,1.535,1.1e-05,1.2e-05,1e-06
aten::copy_,"[[31],[31],[]]","[""long int"",""int"",""Scalar""]",both,"[""operator_shape_matched""]","[""operator_shape_matched""]",1,1,1,1,1.76,1.856,1.4e-05,1.5e-05,1e-06
aten::copy_,"[[32,129280],[32,129280],[]]","[""float"",""c10::BFloat16"",""Scalar""]",both,"[""operator_shape_matched""]","[""operator_shape_matched""]",1,1,1,1,10.496,10.464,8.3e-05,8.5e-05,2e-06
aten::copy_,"[[32,1],[32,1],[]]","[""long int"",""int"",""Scalar""]",both,"[""operator_shape_matched""]","[""operator_shape_matched""]",1,1,1,1,1.408,1.504,1.1e-05,1.2e-05,1e-06
aten::copy_,"[[32,8,16160],[32,8,16160],[]]","[""c10::BFloat16"",""c10::BFloat16"",""Scalar""]",both,"[""operator_shape_matched""]","[""operator_shape_matched""]",1,1,1,1,10.625,10.593,8.4e-05,8.6e-05,2e-06
aten::copy_,"[[32],[32],[]]","[""int"",""long int"",""Scalar""]",both,"[""operator_shape_matched""]","[""operator_shape_matched""]",1,1,6,6,7.52,7.776,5.9e-05,6.3e-05,4e-06
aten::copy_,"[[32],[32],[]]","[""long int"",""int"",""Scalar""]",both,"[""operator_shape_matched""]","[""operator_shape_matched""]",1,1,2,2,3.04,3.136,2.4e-05,2.5e-05,1e-06
aten::copy_,"[[33,129280],[33,129280],[]]","[""float"",""c10::BFloat16"",""Scalar""]",both,"[""operator_shape_matched""]","[""operator_shape_matched""]",1,1,1,1,10.72,10.688,8.5e-05,8.7e-05,2e-06
aten::copy_,"[[33,1],[33,1],[]]","[""long int"",""int"",""Scalar""]",both,"[""operator_shape_matched""]","[""operator_shape_matched""]",1,1,1,1,1.568,2.048,1.2e-05,1.7e-05,4e-06
aten::copy_,"[[33,8,16160],[33,8,16160],[]]","[""c10::BFloat16"",""c10::BFloat16"",""Scalar""]",both,"[""operator_shape_matched""]","[""operator_shape_matched""]",1,1,1,1,11.232,11.297,8.9e-05,9.2e-05,3e-06
aten::copy_,"[[33],[33],[]]","[""int"",""long int"",""Scalar""]",both,"[""operator_shape_matched""]","[""operator_shape_matched""]",1,1,1,1,1.6,1.503,1.3e-05,1.2e-05,-0.0
aten::copy_,"[[33],[33],[]]","[""long int"",""int"",""Scalar""]",both,"[""operator_shape_matched""]","[""operator_shape_matched""]",1,1,1,1,1.824,1.824,1.4e-05,1.5e-05,0.0
aten::copy_,"[[34,129280],[34,129280],[]]","[""float"",""c10::BFloat16"",""Scalar""]",both,"[""operator_shape_matched""]","[""operator_shape_matched""]",1,1,1,1,12.0,11.168,9.5e-05,9.1e-05,-4e-06
aten::copy_,"[[34,1],[34,1],[]]","[""long int"",""int"",""Scalar""]",both,"[""operator_shape_matched""]","[""operator_shape_matched""]",1,1,1,1,1.665,1.696,1.3e-05,1.4e-05,1e-06
aten::copy_,"[[34,8,16160],[34,8,16160],[]]","[""c10::BFloat16"",""c10::BFloat16"",""Scalar""]",both,"[""operator_shape_matched""]","[""operator_shape_matched""]",1,1,1,1,11.521,11.616,9.1e-05,9.4e-05,3e-06
aten::copy_,"[[34],[34],[]]","[""int"",""long int"",""Scalar""]",both,"[""operator_shape_matched""]","[""operator_shape_matched""]",1,1,6,6,7.774,7.935,6.1e-05,6.4e-05,3e-06
aten::copy_,"[[34],[34],[]]","[""long int"",""int"",""Scalar""]",both,"[""operator_shape_matched""]","[""operator_shape_matched""]",1,1,2,2,3.137,3.168,2.5e-05,2.6e-05,1e-06
aten::copy_,"[[35,129280],[35,129280],[]]","[""float"",""c10::BFloat16"",""Scalar""]",both,"[""operator_shape_matched""]","[""operator_shape_matched""]",1,1,1,1,12.096,11.232,9.6e-05,9.1e-05,-4e-06
aten::copy_,"[[35,1],[35,1],[]]","[""long int"",""int"",""Scalar""]",both,"[""operator_shape_matched""]","[""operator_shape_matched""]",1,1,1,1,1.696,1.728,1.3e-05,1.4e-05,1e-06
aten::copy_,"[[35,8,16160],[35,8,16160],[]]","[""c10::BFloat16"",""c10::BFloat16"",""Scalar""]",both,"[""operator_shape_matched""]","[""operator_shape_matched""]",1,1,1,1,11.968,11.872,9.5e-05,9.6e-05,2e-06
aten::copy_,"[[35],[35],[]]","[""int"",""long int"",""Scalar""]",both,"[""operator_shape_matched""]","[""operator_shape_matched""]",1,1,1,1,1.44,1.504,1.1e-05,1.2e-05,1e-06
aten::copy_,"[[35],[35],[]]","[""long int"",""int"",""Scalar""]",both,"[""operator_shape_matched""]","[""operator_shape_matched""]",1,1,1,1,1.855,1.825,1.5e-05,1.5e-05,0.0
aten::copy_,"[[36,129280],[36,129280],[]]","[""float"",""c10::BFloat16"",""Scalar""]",both,"[""operator_shape_matched""]","[""operator_shape_matched""]",1,1,1,1,11.712,11.585,9.3e-05,9.4e-05,1e-06
aten::copy_,"[[36,1],[36,1],[]]","[""long int"",""int"",""Scalar""]",both,"[""operator_shape_matched""]","[""operator_shape_matched""]",1,1,1,1,1.632,1.728,1.3e-05,1.4e-05,1e-06
aten::copy_,"[[36,8,16160],[36,8,16160],[]]","[""c10::BFloat16"",""c10::BFloat16"",""Scalar""]",both,"[""operator_shape_matched""]","[""operator_shape_matched""]",1,1,1,1,12.096,12.544,9.6e-05,0.000102,6e-06
aten::copy_,"[[36],[36],[]]","[""int"",""long int"",""Scalar""]",both,"[""operator_shape_matched""]","[""operator_shape_matched""]",1,1,6,6,7.873,8.032,6.2e-05,6.5e-05,3e-06
aten::copy_,"[[36],[36],[]]","[""long int"",""int"",""Scalar""]",both,"[""operator_shape_matched""]","[""operator_shape_matched""]",1,1,2,2,3.2,3.679,2.5e-05,3e-05,5e-06
aten::copy_,"[[37,129280],[37,129280],[]]","[""float"",""c10::BFloat16"",""Scalar""]",both,"[""operator_shape_matched""]","[""operator_shape_matched""]",1,1,1,1,12.736,11.648,0.000101,9.4e-05,-6e-06
aten::copy_,"[[37,1],[37,1],[]]","[""long int"",""int"",""Scalar""]",both,"[""operator_shape_matched""]","[""operator_shape_matched""]",1,1,1,1,1.6,1.695,1.3e-05,1.4e-05,1e-06
aten::copy_,"[[37,8,16160],[37,8,16160],[]]","[""c10::BFloat16"",""c10::BFloat16"",""Scalar""]",both,"[""operator_shape_matched""]","[""operator_shape_matched""]",1,1,1,1,12.288,12.672,9.7e-05,0.000103,6e-06
aten::copy_,"[[37],[37],[]]","[""int"",""long int"",""Scalar""]",both,"[""operator_shape_matched""]","[""operator_shape_matched""]",1,1,1,1,1.568,1.472,1.2e-05,1.2e-05,-0.0
aten::copy_,"[[37],[37],[]]","[""long int"",""int"",""Scalar""]",both,"[""operator_shape_matched""]","[""operator_shape_matched""]",1,1,1,1,1.664,1.824,1.3e-05,1.5e-05,2e-06
aten::copy_,"[[38,129280],[38,129280],[]]","[""float"",""c10::BFloat16"",""Scalar""]",both,"[""operator_shape_matched""]","[""operator_shape_matched""]",1,1,1,1,12.609,12.576,0.0001,0.000102,2e-06
aten::copy_,"[[38,1],[38,1],[]]","[""long int"",""int"",""Scalar""]",both,"[""operator_shape_matched""]","[""operator_shape_matched""]",1,1,1,1,1.632,1.76,1.3e-05,1.4e-05,1e-06
aten::copy_,"[[38,8,16160],[38,8,16160],[]]","[""c10::BFloat16"",""c10::BFloat16"",""Scalar""]",both,"[""operator_shape_matched""]","[""operator_shape_matched""]",1,1,1,1,12.8,13.217,0.000101,0.000107,6e-06
aten::copy_,"[[38],[38],[]]","[""int"",""long int"",""Scalar""]",both,"[""operator_shape_matched""]","[""operator_shape_matched""]",1,1,6,6,7.934,7.874,6.3e-05,6.4e-05,1e-06
aten::copy_,"[[38],[38],[]]","[""long int"",""int"",""Scalar""]",both,"[""operator_shape_matched""]","[""operator_shape_matched""]",1,1,2,2,3.169,3.232,2.5e-05,2.6e-05,1e-06
aten::copy_,"[[39,129280],[39,129280],[]]","[""float"",""c10::BFloat16"",""Scalar""]",both,"[""operator_shape_matched""]","[""operator_shape_matched""]",1,1,1,1,12.896,12.384,0.000102,0.0001,-1e-06
aten::copy_,"[[39,1],[39,1],[]]","[""long int"",""int"",""Scalar""]",both,"[""operator_shape_matched""]","[""operator_shape_matched""]",1,1,1,1,1.632,1.728,1.3e-05,1.4e-05,1e-06
aten::copy_,"[[39,8,16160],[39,8,16160],[]]","[""c10::BFloat16"",""c10::BFloat16"",""Scalar""]",both,"[""operator_shape_matched""]","[""operator_shape_matched""]",1,1,1,1,13.056,13.056,0.000103,0.000106,3e-06
aten::copy_,"[[39],[39],[]]","[""int"",""long int"",""Scalar""]",both,"[""operator_shape_matched""]","[""operator_shape_matched""]",1,1,1,1,1.44,1.664,1.1e-05,1.3e-05,2e-06
aten::copy_,"[[39],[39],[]]","[""long int"",""int"",""Scalar""]",both,"[""operator_shape_matched""]","[""operator_shape_matched""]",1,1,1,1,1.76,2.368,1.4e-05,1.9e-05,5e-06
aten::copy_,"[[3],[3],[]]","[""int"",""long int"",""Scalar""]",both,"[""operator_shape_matched""]","[""operator_shape_matched""]",1,1,1,1,1.408,1.505,1.1e-05,1.2e-05,1e-06
aten::copy_,"[[3],[3],[]]","[""long int"",""int"",""Scalar""]",both,"[""operator_shape_matched""]","[""operator_shape_matched""]",1,1,1,1,1.728,1.984,1.4e-05,1.6e-05,2e-06
aten::copy_,"[[4,129280],[4,129280],[]]","[""float"",""c10::BFloat16"",""Scalar""]",both,"[""operator_shape_matched""]","[""operator_shape_matched""]",1,1,1,1,3.424,3.423,2.7e-05,2.8e-05,1e-06
aten::copy_,"[[4,1],[4,1],[]]","[""long int"",""int"",""Scalar""]",both,"[""operator_shape_matched""]","[""operator_shape_matched""]",1,1,1,1,1.6,1.728,1.3e-05,1.4e-05,1e-06
aten::copy_,"[[4,8,16160],[4,8,16160],[]]","[""c10::BFloat16"",""c10::BFloat16"",""Scalar""]",both,"[""operator_shape_matched""]","[""operator_shape_matched""]",1,1,1,1,2.752,3.009,2.2e-05,2.4e-05,3e-06
aten::copy_,"[[40,129280],[40,129280],[]]","[""float"",""c10::BFloat16"",""Scalar""]",both,"[""operator_shape_matched""]","[""operator_shape_matched""]",1,1,1,1,13.28,12.768,0.000105,0.000104,-1e-06
aten::copy_,"[[40,1],[40,1],[]]","[""long int"",""int"",""Scalar""]",both,"[""operator_shape_matched""]","[""operator_shape_matched""]",1,1,1,1,1.471,1.664,1.2e-05,1.3e-05,2e-06
aten::copy_,"[[40,8,16160],[40,8,16160],[]]","[""c10::BFloat16"",""c10::BFloat16"",""Scalar""]",both,"[""operator_shape_matched""]","[""operator_shape_matched""]",1,1,1,1,13.441,13.345,0.000106,0.000108,2e-06
aten::copy_,"[[4096,4096],[4096,4096],[]]","[""c10::BFloat16"",""float"",""Scalar""]",both,"[""operator_shape_matched""]","[""operator_shape_matched""]",1,1,1,1,35.329,33.696,0.000279,0.000273,-6e-06
aten::copy_,"[[4096,4096],[4096,4096],[]]","[""float"",""c10::BFloat16"",""Scalar""]",both,"[""operator_shape_matched""]","[""operator_shape_matched""]",1,1,1,1,52.384,52.737,0.000414,0.000428,1.4e-05
aten::copy_,"[[4096],[4096],[]]","[""int"",""long int"",""Scalar""]",both,"[""operator_shape_matched""]","[""operator_shape_matched""]",1,1,5,5,8.927,9.056,7.1e-05,7.3e-05,3e-06
aten::copy_,"[[4096],[4096],[]]","[""long int"",""int"",""Scalar""]",both,"[""operator_shape_matched""]","[""operator_shape_matched""]",1,1,1,1,2.623,2.72,2.1e-05,2.2e-05,1e-06
aten::copy_,"[[40],[40],[]]","[""int"",""long int"",""Scalar""]",both,"[""operator_shape_matched""]","[""operator_shape_matched""]",1,1,6,6,7.583,7.809,6e-05,6.3e-05,3e-06
aten::copy_,"[[40],[40],[]]","[""long int"",""int"",""Scalar""]",both,"[""operator_shape_matched""]","[""operator_shape_matched""]",1,1,2,2,3.167,3.04,2.5e-05,2.5e-05,-0.0
aten::copy_,"[[41,129280],[41,129280],[]]","[""float"",""c10::BFloat16"",""Scalar""]",both,"[""operator_shape_matched""]","[""operator_shape_matched""]",1,1,1,1,13.28,13.344,0.000105,0.000108,3e-06
aten::copy_,"[[41,1],[41,1],[]]","[""long int"",""int"",""Scalar""]",both,"[""operator_shape_matched""]","[""operator_shape_matched""]",1,1,1,1,1.664,1.728,1.3e-05,1.4e-05,1e-06
aten::copy_,"[[41,8,16160],[41,8,16160],[]]","[""c10::BFloat16"",""c10::BFloat16"",""Scalar""]",both,"[""operator_shape_matched""]","[""operator_shape_matched""]",1,1,1,1,13.536,14.208,0.000107,0.000115,8e-06
aten::copy_,"[[41],[41],[]]","[""int"",""long int"",""Scalar""]",both,"[""operator_shape_matched""]","[""operator_shape_matched""]",1,1,1,1,1.6,1.504,1.3e-05,1.2e-05,-0.0
aten::copy_,"[[41],[41],[]]","[""long int"",""int"",""Scalar""]",both,"[""operator_shape_matched""]","[""operator_shape_matched""]",1,1,1,1,1.664,1.824,1.3e-05,1.5e-05,2e-06
aten::copy_,"[[42,129280],[42,129280],[]]","[""float"",""c10::BFloat16"",""Scalar""]",both,"[""operator_shape_matched""]","[""operator_shape_matched""]",1,1,1,1,14.304,14.081,0.000113,0.000114,1e-06
aten::copy_,"[[42,1],[42,1],[]]","[""long int"",""int"",""Scalar""]",both,"[""operator_shape_matched""]","[""operator_shape_matched""]",1,1,1,1,1.824,1.728,1.4e-05,1.4e-05,-0.0
aten::copy_,"[[42,8,16160],[42,8,16160],[]]","[""c10::BFloat16"",""c10::BFloat16"",""Scalar""]",both,"[""operator_shape_matched""]","[""operator_shape_matched""]",1,1,1,1,14.177,14.24,0.000112,0.000115,4e-06
aten::copy_,"[[42],[42],[]]","[""int"",""long int"",""Scalar""]",both,"[""operator_shape_matched""]","[""operator_shape_matched""]",1,1,6,6,7.648,7.872,6e-05,6.4e-05,3e-06
aten::copy_,"[[42],[42],[]]","[""long int"",""int"",""Scalar""]",both,"[""operator_shape_matched""]","[""operator_shape_matched""]",1,1,2,2,3.008,3.2,2.4e-05,2.6e-05,2e-06
aten::copy_,"[[43,129280],[43,129280],[]]","[""float"",""c10::BFloat16"",""Scalar""]",both,"[""operator_shape_matched""]","[""operator_shape_matched""]",1,1,1,1,14.528,14.144,0.000115,0.000115,-0.0
aten::copy_,"[[43,1],[43,1],[]]","[""long int"",""int"",""Scalar""]",both,"[""operator_shape_matched""]","[""operator_shape_matched""]",1,1,1,1,1.696,1.696,1.3e-05,1.4e-05,0.0
aten::copy_,"[[43,8,16160],[43,8,16160],[]]","[""c10::BFloat16"",""c10::BFloat16"",""Scalar""]",both,"[""operator_shape_matched""]","[""operator_shape_matched""]",1,1,1,1,14.304,14.272,0.000113,0.000116,3e-06
aten::copy_,"[[43],[43],[]]","[""int"",""long int"",""Scalar""]",both,"[""operator_shape_matched""]","[""operator_shape_matched""]",1,1,1,1,1.376,1.505,1.1e-05,1.2e-05,1e-06
aten::copy_,"[[43],[43],[]]","[""long int"",""int"",""Scalar""]",both,"[""operator_shape_matched""]","[""operator_shape_matched""]",1,1,1,1,1.728,1.825,1.4e-05,1.5e-05,1e-06
aten::copy_,"[[44,129280],[44,129280],[]]","[""float"",""c10::BFloat16"",""Scalar""]",both,"[""operator_shape_matched""]","[""operator_shape_matched""]",1,1,1,1,15.009,14.401,0.000119,0.000117,-2e-06
aten::copy_,"[[44,1],[44,1],[]]","[""long int"",""int"",""Scalar""]",both,"[""operator_shape_matched""]","[""operator_shape_matched""]",1,1,1,1,1.696,1.697,1.3e-05,1.4e-05,0.0
aten::copy_,"[[44,8,16160],[44,8,16160],[]]","[""c10::BFloat16"",""c10::BFloat16"",""Scalar""]",both,"[""operator_shape_matched""]","[""operator_shape_matched""]",1,1,1,1,14.784,14.977,0.000117,0.000121,5e-06
aten::copy_,"[[44],[44],[]]","[""int"",""long int"",""Scalar""]",both,"[""operator_shape_matched""]","[""operator_shape_matched""]",1,1,6,6,7.776,8.033,6.1e-05,6.5e-05,4e-06
aten::copy_,"[[44],[44],[]]","[""long int"",""int"",""Scalar""]",both,"[""operator_shape_matched""]","[""operator_shape_matched""]",1,1,2,2,3.042,3.264,2.4e-05,2.6e-05,2e-06
aten::copy_,"[[45,129280],[45,129280],[]]","[""float"",""c10::BFloat16"",""Scalar""]",both,"[""operator_shape_matched""]","[""operator_shape_matched""]",1,1,1,1,14.913,14.848,0.000118,0.00012,3e-06
aten::copy_,"[[45,1],[45,1],[]]","[""long int"",""int"",""Scalar""]",both,"[""operator_shape_matched""]","[""operator_shape_matched""]",1,1,1,1,1.664,1.728,1.3e-05,1.4e-05,1e-06
aten::copy_,"[[45,8,16160],[45,8,16160],[]]","[""c10::BFloat16"",""c10::BFloat16"",""Scalar""]",both,"[""operator_shape_matched""]","[""operator_shape_matched""]",1,1,1,1,15.04,14.848,0.000119,0.00012,2e-06
aten::copy_,"[[45],[45],[]]","[""int"",""long int"",""Scalar""]",both,"[""operator_shape_matched""]","[""operator_shape_matched""]",1,1,1,1,1.408,1.473,1.1e-05,1.2e-05,1e-06
aten::copy_,"[[45],[45],[]]","[""long int"",""int"",""Scalar""]",both,"[""operator_shape_matched""]","[""operator_shape_matched""]",1,1,1,1,1.728,1.792,1.4e-05,1.5e-05,1e-06
aten::copy_,"[[46,129280],[46,129280],[]]","[""float"",""c10::BFloat16"",""Scalar""]",both,"[""operator_shape_matched""]","[""operator_shape_matched""]",1,1,1,1,15.584,15.296,0.000123,0.000124,1e-06
aten::copy_,"[[46,1],[46,1],[]]","[""long int"",""int"",""Scalar""]",both,"[""operator_shape_matched""]","[""operator_shape_matched""]",1,1,1,1,1.664,1.664,1.3e-05,1.3e-05,0.0
aten::copy_,"[[46,8,16160],[46,8,16160],[]]","[""c10::BFloat16"",""c10::BFloat16"",""Scalar""]",both,"[""operator_shape_matched""]","[""operator_shape_matched""]",1,1,1,1,15.52,15.136,0.000123,0.000123,0.0
aten::copy_,"[[46],[46],[]]","[""int"",""long int"",""Scalar""]",both,"[""operator_shape_matched""]","[""operator_shape_matched""]",1,1,6,6,7.809,7.871,6.2e-05,6.4e-05,2e-06
aten::copy_,"[[46],[46],[]]","[""long int"",""int"",""Scalar""]",both,"[""operator_shape_matched""]","[""operator_shape_matched""]",1,1,2,2,3.232,3.231,2.6e-05,2.6e-05,1e-06
aten::copy_,"[[47,129280],[47,129280],[]]","[""float"",""c10::BFloat16"",""Scalar""]",both,"[""operator_shape_matched""]","[""operator_shape_matched""]",1,1,1,1,15.713,15.424,0.000124,0.000125,1e-06
aten::copy_,"[[47,1],[47,1],[]]","[""long int"",""int"",""Scalar""]",both,"[""operator_shape_matched""]","[""operator_shape_matched""]",1,1,1,1,1.664,1.728,1.3e-05,1.4e-05,1e-06
aten::copy_,"[[47,8,16160],[47,8,16160],[]]","[""c10::BFloat16"",""c10::BFloat16"",""Scalar""]",both,"[""operator_shape_matched""]","[""operator_shape_matched""]",1,1,1,1,15.616,15.328,0.000123,0.000124,1e-06
aten::copy_,"[[47],[47],[]]","[""int"",""long int"",""Scalar""]",both,"[""operator_shape_matched""]","[""operator_shape_matched""]",1,1,1,1,1.408,1.728,1.1e-05,1.4e-05,3e-06
aten::copy_,"[[47],[47],[]]","[""long int"",""int"",""Scalar""]",both,"[""operator_shape_matched""]","[""operator_shape_matched""]",1,1,1,1,1.76,1.92,1.4e-05,1.6e-05,2e-06
aten::copy_,"[[48,129280],[48,129280],[]]","[""float"",""c10::BFloat16"",""Scalar""]",both,"[""operator_shape_matched""]","[""operator_shape_matched""]",1,1,1,1,16.033,16.001,0.000127,0.00013,3e-06
aten::copy_,"[[48,1],[48,1],[]]","[""long int"",""int"",""Scalar""]",both,"[""operator_shape_matched""]","[""operator_shape_matched""]",1,1,1,1,1.408,1.504,1.1e-05,1.2e-05,1e-06
aten::copy_,"[[48,8,16160],[48,8,16160],[]]","[""c10::BFloat16"",""c10::BFloat16"",""Scalar""]",both,"[""operator_shape_matched""]","[""operator_shape_matched""]",1,1,1,1,16.032,16.16,0.000127,0.000131,4e-06
aten::copy_,"[[48],[48],[]]","[""int"",""long int"",""Scalar""]",both,"[""operator_shape_matched""]","[""operator_shape_matched""]",1,1,6,6,7.648,7.745,6e-05,6.3e-05,2e-06
aten::copy_,"[[48],[48],[]]","[""long int"",""int"",""Scalar""]",both,"[""operator_shape_matched""]","[""operator_shape_matched""]",1,1,2,2,3.168,3.104,2.5e-05,2.5e-05,0.0
aten::copy_,"[[49,129280],[49,129280],[]]","[""float"",""c10::BFloat16"",""Scalar""]",both,"[""operator_shape_matched""]","[""operator_shape_matched""]",1,1,1,1,16.353,16.225,0.000129,0.000132,2e-06
aten::copy_,"[[49,1],[49,1],[]]","[""long int"",""int"",""Scalar""]",both,"[""operator_shape_matched""]","[""operator_shape_matched""]",1,1,1,1,1.663,2.016,1.3e-05,1.6e-05,3e-06
aten::copy_,"[[49,8,16160],[49,8,16160],[]]","[""c10::BFloat16"",""c10::BFloat16"",""Scalar""]",both,"[""operator_shape_matched""]","[""operator_shape_matched""]",1,1,1,1,16.416,16.065,0.00013,0.00013,1e-06
aten::copy_,"[[49],[49],[]]","[""int"",""long int"",""Scalar""]",both,"[""operator_shape_matched""]","[""operator_shape_matched""]",1,1,1,1,1.409,1.536,1.1e-05,1.2e-05,1e-06
aten::copy_,"[[49],[49],[]]","[""long int"",""int"",""Scalar""]",both,"[""operator_shape_matched""]","[""operator_shape_matched""]",1,1,1,1,1.697,1.856,1.3e-05,1.5e-05,2e-06
aten::copy_,"[[4],[4],[]]","[""int"",""long int"",""Scalar""]",both,"[""operator_shape_matched""]","[""operator_shape_matched""]",1,1,6,6,7.615,8.097,6e-05,6.6e-05,6e-06
aten::copy_,"[[4],[4],[]]","[""long int"",""int"",""Scalar""]",both,"[""operator_shape_matched""]","[""operator_shape_matched""]",1,1,2,2,2.976,3.168,2.4e-05,2.6e-05,2e-06
aten::copy_,"[[5,129280],[5,129280],[]]","[""float"",""c10::BFloat16"",""Scalar""]",both,"[""operator_shape_matched""]","[""operator_shape_matched""]",1,1,1,1,3.585,3.425,2.8e-05,2.8e-05,-1e-06
aten::copy_,"[[5,1],[5,1],[]]","[""long int"",""int"",""Scalar""]",both,"[""operator_shape_matched""]","[""operator_shape_matched""]",1,1,1,1,1.569,1.727,1.2e-05,1.4e-05,2e-06
aten::copy_,"[[5,8,16160],[5,8,16160],[]]","[""c10::BFloat16"",""c10::BFloat16"",""Scalar""]",both,"[""operator_shape_matched""]","[""operator_shape_matched""]",1,1,1,1,2.912,3.296,2.3e-05,2.7e-05,4e-06
aten::copy_,"[[50,129280],[50,129280],[]]","[""float"",""c10::BFloat16"",""Scalar""]",both,"[""operator_shape_matched""]","[""operator_shape_matched""]",1,1,1,1,16.96,16.641,0.000134,0.000135,1e-06
aten::copy_,"[[50,1],[50,1],[]]","[""long int"",""int"",""Scalar""]",both,"[""operator_shape_matched""]","[""operator_shape_matched""]",1,1,1,1,1.664,1.76,1.3e-05,1.4e-05,1e-06
aten::copy_,"[[50,8,16160],[50,8,16160],[]]","[""c10::BFloat16"",""c10::BFloat16"",""Scalar""]",both,"[""operator_shape_matched""]","[""operator_shape_matched""]",1,1,1,1,16.64,16.576,0.000131,0.000134,3e-06
aten::copy_,"[[5089,4096],[5089,4096],[]]","[""c10::BFloat16"",""float"",""Scalar""]",both,"[""operator_shape_matched""]","[""operator_shape_matched""]",1,1,1,1,44.193,42.689,0.000349,0.000346,-3e-06
aten::copy_,"[[5089,4096],[5089,4096],[]]","[""float"",""c10::BFloat16"",""Scalar""]",both,"[""operator_shape_matched""]","[""operator_shape_matched""]",1,1,1,1,64.961,65.378,0.000513,0.00053,1.7e-05
aten::copy_,"[[5089],[5089],[]]","[""int"",""long int"",""Scalar""]",both,"[""operator_shape_matched""]","[""operator_shape_matched""]",1,1,5,5,9.12,9.024,7.2e-05,7.3e-05,1e-06
aten::copy_,"[[5089],[5089],[]]","[""long int"",""int"",""Scalar""]",both,"[""operator_shape_matched""]","[""operator_shape_matched""]",1,1,1,1,2.656,2.656,2.1e-05,2.2e-05,1e-06
aten::copy_,"[[50],[50],[]]","[""int"",""long int"",""Scalar""]",both,"[""operator_shape_matched""]","[""operator_shape_matched""]",1,1,6,6,7.648,8.16,6e-05,6.6e-05,6e-06
aten::copy_,"[[50],[50],[]]","[""long int"",""int"",""Scalar""]",both,"[""operator_shape_matched""]","[""operator_shape_matched""]",1,1,2,2,3.071,3.266,2.4e-05,2.6e-05,2e-06
aten::copy_,"[[51,129280],[51,129280],[]]","[""float"",""c10::BFloat16"",""Scalar""]",both,"[""operator_shape_matched""]","[""operator_shape_matched""]",1,1,1,1,17.152,17.024,0.000135,0.000138,3e-06
aten::copy_,"[[51,1],[51,1],[]]","[""long int"",""int"",""Scalar""]",both,"[""operator_shape_matched""]","[""operator_shape_matched""]",1,1,1,1,1.888,1.76,1.5e-05,1.4e-05,-1e-06
aten::copy_,"[[51,8,16160],[51,8,16160],[]]","[""c10::BFloat16"",""c10::BFloat16"",""Scalar""]",both,"[""operator_shape_matched""]","[""operator_shape_matched""]",1,1,1,1,16.801,16.641,0.000133,0.000135,2e-06
aten::copy_,"[[51],[51],[]]","[""int"",""long int"",""Scalar""]",both,"[""operator_shape_matched""]","[""operator_shape_matched""]",1,1,1,1,1.44,1.536,1.1e-05,1.2e-05,1e-06
aten::copy_,"[[51],[51],[]]","[""long int"",""int"",""Scalar""]",both,"[""operator_shape_matched""]","[""operator_shape_matched""]",1,1,1,1,1.856,1.888,1.5e-05,1.5e-05,1e-06
aten::copy_,"[[52,129280],[52,129280],[]]","[""float"",""c10::BFloat16"",""Scalar""]",both,"[""operator_shape_matched""]","[""operator_shape_matched""]",1,1,1,1,17.44,17.568,0.000138,0.000142,5e-06
aten::copy_,"[[52,1],[52,1],[]]","[""long int"",""int"",""Scalar""]",both,"[""operator_shape_matched""]","[""operator_shape_matched""]",1,1,1,1,1.696,1.76,1.3e-05,1.4e-05,1e-06
aten::copy_,"[[52,8,16160],[52,8,16160],[]]","[""c10::BFloat16"",""c10::BFloat16"",""Scalar""]",both,"[""operator_shape_matched""]","[""operator_shape_matched""]",1,1,1,1,17.089,16.992,0.000135,0.000138,3e-06
aten::copy_,"[[52],[52],[]]","[""int"",""long int"",""Scalar""]",both,"[""operator_shape_matched""]","[""operator_shape_matched""]",1,1,6,6,7.808,7.937,6.2e-05,6.4e-05,3e-06
aten::copy_,"[[52],[52],[]]","[""long int"",""int"",""Scalar""]",both,"[""operator_shape_matched""]","[""operator_shape_matched""]",1,1,2,2,3.36,3.328,2.7e-05,2.7e-05,0.0
aten::copy_,"[[53,129280],[53,129280],[]]","[""float"",""c10::BFloat16"",""Scalar""]",both,"[""operator_shape_matched""]","[""operator_shape_matched""]",1,1,1,1,17.984,17.984,0.000142,0.000146,4e-06
aten::copy_,"[[53,1],[53,1],[]]","[""long int"",""int"",""Scalar""]",both,"[""operator_shape_matched""]","[""operator_shape_matched""]",1,1,1,1,1.664,1.888,1.3e-05,1.5e-05,2e-06
aten::copy_,"[[53,8,16160],[53,8,16160],[]]","[""c10::BFloat16"",""c10::BFloat16"",""Scalar""]",both,"[""operator_shape_matched""]","[""operator_shape_matched""]",1,1,1,1,17.6,17.504,0.000139,0.000142,3e-06
aten::copy_,"[[53],[53],[]]","[""int"",""long int"",""Scalar""]",both,"[""operator_shape_matched""]","[""operator_shape_matched""]",1,1,1,1,1.536,1.504,1.2e-05,1.2e-05,0.0
aten::copy_,"[[53],[53],[]]","[""long int"",""int"",""Scalar""]",both,"[""operator_shape_matched""]","[""operator_shape_matched""]",1,1,1,1,1.696,2.208,1.3e-05,1.8e-05,5e-06
aten::copy_,"[[54,129280],[54,129280],[]]","[""float"",""c10::BFloat16"",""Scalar""]",both,"[""operator_shape_matched""]","[""operator_shape_matched""]",1,1,1,1,18.368,18.56,0.000145,0.000151,5e-06
aten::copy_,"[[54,1],[54,1],[]]","[""long int"",""int"",""Scalar""]",both,"[""operator_shape_matched""]","[""operator_shape_matched""]",1,1,1,1,1.664,1.728,1.3e-05,1.4e-05,1e-06
aten::copy_,"[[54,8,16160],[54,8,16160],[]]","[""c10::BFloat16"",""c10::BFloat16"",""Scalar""]",both,"[""operator_shape_matched""]","[""operator_shape_matched""]",1,1,1,1,17.632,17.793,0.000139,0.000144,5e-06
aten::copy_,"[[54],[54],[]]","[""int"",""long int"",""Scalar""]",both,"[""operator_shape_matched""]","[""operator_shape_matched""]",1,1,6,6,7.84,8.063,6.2e-05,6.5e-05,3e-06
aten::copy_,"[[54],[54],[]]","[""long int"",""int"",""Scalar""]",both,"[""operator_shape_matched""]","[""operator_shape_matched""]",1,1,2,2,3.297,3.327,2.6e-05,2.7e-05,1e-06
aten::copy_,"[[55,129280],[55,129280],[]]","[""float"",""c10::BFloat16"",""Scalar""]",both,"[""operator_shape_matched""]","[""operator_shape_matched""]",1,1,1,1,19.136,18.944,0.000151,0.000154,3e-06
aten::copy_,"[[55,1],[55,1],[]]","[""long int"",""int"",""Scalar""]",both,"[""operator_shape_matched""]","[""operator_shape_matched""]",1,1,1,1,1.824,1.984,1.4e-05,1.6e-05,2e-06
aten::copy_,"[[55,8,16160],[55,8,16160],[]]","[""c10::BFloat16"",""c10::BFloat16"",""Scalar""]",both,"[""operator_shape_matched""]","[""operator_shape_matched""]",1,1,1,1,17.984,17.984,0.000142,0.000146,4e-06
aten::copy_,"[[55],[55],[]]","[""int"",""long int"",""Scalar""]",both,"[""operator_shape_matched""]","[""operator_shape_matched""]",1,1,1,1,1.44,1.504,1.1e-05,1.2e-05,1e-06
aten::copy_,"[[55],[55],[]]","[""long int"",""int"",""Scalar""]",both,"[""operator_shape_matched""]","[""operator_shape_matched""]",1,1,1,1,1.76,1.888,1.4e-05,1.5e-05,1e-06
aten::copy_,"[[56,129280],[56,129280],[]]","[""float"",""c10::BFloat16"",""Scalar""]",both,"[""operator_shape_matched""]","[""operator_shape_matched""]",1,1,1,1,19.489,19.52,0.000154,0.000158,4e-06
aten::copy_,"[[56,1],[56,1],[]]","[""long int"",""int"",""Scalar""]",both,"[""operator_shape_matched""]","[""operator_shape_matched""]",1,1,1,1,1.535,1.537,1.2e-05,1.2e-05,0.0
aten::copy_,"[[56,8,16160],[56,8,16160],[]]","[""c10::BFloat16"",""c10::BFloat16"",""Scalar""]",both,"[""operator_shape_matched""]","[""operator_shape_matched""]",1,1,1,1,18.4,18.4,0.000145,0.000149,4e-06
aten::copy_,"[[56],[56],[]]","[""int"",""long int"",""Scalar""]",both,"[""operator_shape_matched""]","[""operator_shape_matched""]",1,1,6,6,7.617,7.872,6e-05,6.4e-05,4e-06
aten::copy_,"[[56],[56],[]]","[""long int"",""int"",""Scalar""]",both,"[""operator_shape_matched""]","[""operator_shape_matched""]",1,1,2,2,3.392,3.073,2.7e-05,2.5e-05,-2e-06
aten::copy_,"[[57,129280],[57,129280],[]]","[""float"",""c10::BFloat16"",""Scalar""]",both,"[""operator_shape_matched""]","[""operator_shape_matched""]",1,1,1,1,19.904,20.065,0.000157,0.000163,6e-06
aten::copy_,"[[57,1],[57,1],[]]","[""long int"",""int"",""Scalar""]",both,"[""operator_shape_matched""]","[""operator_shape_matched""]",1,1,1,1,1.76,1.728,1.4e-05,1.4e-05,0.0
aten::copy_,"[[57,8,16160],[57,8,16160],[]]","[""c10::BFloat16"",""c10::BFloat16"",""Scalar""]",both,"[""operator_shape_matched""]","[""operator_shape_matched""]",1,1,1,1,18.784,18.656,0.000148,0.000151,3e-06
aten::copy_,"[[57],[57],[]]","[""int"",""long int"",""Scalar""]",both,"[""operator_shape_matched""]","[""operator_shape_matched""]",1,1,1,1,1.408,1.537,1.1e-05,1.2e-05,1e-06
aten::copy_,"[[57],[57],[]]","[""long int"",""int"",""Scalar""]",both,"[""operator_shape_matched""]","[""operator_shape_matched""]",1,1,1,1,1.76,2.048,1.4e-05,1.7e-05,3e-06
aten::copy_,"[[58,129280],[58,129280],[]]","[""float"",""c10::BFloat16"",""Scalar""]",both,"[""operator_shape_matched""]","[""operator_shape_matched""]",1,1,1,1,20.672,20.416,0.000163,0.000166,2e-06
aten::copy_,"[[58,1],[58,1],[]]","[""long int"",""int"",""Scalar""]",both,"[""operator_shape_matched""]","[""operator_shape_matched""]",1,1,1,1,1.696,1.984,1.3e-05,1.6e-05,3e-06
aten::copy_,"[[58,8,16160],[58,8,16160],[]]","[""c10::BFloat16"",""c10::BFloat16"",""Scalar""]",both,"[""operator_shape_matched""]","[""operator_shape_matched""]",1,1,1,1,19.137,19.201,0.000151,0.000156,5e-06
aten::copy_,"[[58],[58],[]]","[""int"",""long int"",""Scalar""]",both,"[""operator_shape_matched""]","[""operator_shape_matched""]",1,1,6,6,7.712,7.936,6.1e-05,6.4e-05,3e-06
aten::copy_,"[[58],[58],[]]","[""long int"",""int"",""Scalar""]",both,"[""operator_shape_matched""]","[""operator_shape_matched""]",1,1,2,2,3.295,3.296,2.6e-05,2.7e-05,1e-06
aten::copy_,"[[59,129280],[59,129280],[]]","[""float"",""c10::BFloat16"",""Scalar""]",both,"[""operator_shape_matched""]","[""operator_shape_matched""]",1,1,1,1,21.12,20.832,0.000167,0.000169,2e-06
aten::copy_,"[[59,1],[59,1],[]]","[""long int"",""int"",""Scalar""]",both,"[""operator_shape_matched""]","[""operator_shape_matched""]",1,1,1,1,1.728,1.76,1.4e-05,1.4e-05,1e-06
aten::copy_,"[[59,8,16160],[59,8,16160],[]]","[""c10::BFloat16"",""c10::BFloat16"",""Scalar""]",both,"[""operator_shape_matched""]","[""operator_shape_matched""]",1,1,1,1,19.425,19.296,0.000153,0.000157,3e-06
aten::copy_,"[[59],[59],[]]","[""int"",""long int"",""Scalar""]",both,"[""operator_shape_matched""]","[""operator_shape_matched""]",1,1,1,1,1.472,1.536,1.2e-05,1.2e-05,1e-06
aten::copy_,"[[59],[59],[]]","[""long int"",""int"",""Scalar""]",both,"[""operator_shape_matched""]","[""operator_shape_matched""]",1,1,1,1,1.824,1.888,1.4e-05,1.5e-05,1e-06
aten::copy_,"[[5],[5],[]]","[""int"",""long int"",""Scalar""]",both,"[""operator_shape_matched""]","[""operator_shape_matched""]",1,1,1,1,1.632,1.471,1.3e-05,1.2e-05,-1e-06
aten::copy_,"[[5],[5],[]]","[""long int"",""int"",""Scalar""]",both,"[""operator_shape_matched""]","[""operator_shape_matched""]",1,1,1,1,1.632,1.856,1.3e-05,1.5e-05,2e-06
aten::copy_,"[[6,129280],[6,129280],[]]","[""float"",""c10::BFloat16"",""Scalar""]",both,"[""operator_shape_matched""]","[""operator_shape_matched""]",1,1,1,1,3.744,3.617,3e-05,2.9e-05,-0.0
aten::copy_,"[[6,1],[6,1],[]]","[""long int"",""int"",""Scalar""]",both,"[""operator_shape_matched""]","[""operator_shape_matched""]",1,1,1,1,1.6,1.92,1.3e-05,1.6e-05,3e-06
aten::copy_,"[[6,8,16160],[6,8,16160],[]]","[""c10::BFloat16"",""c10::BFloat16"",""Scalar""]",both,"[""operator_shape_matched""]","[""operator_shape_matched""]",1,1,1,1,3.584,3.456,2.8e-05,2.8e-05,-0.0
aten::copy_,"[[60,129280],[60,129280],[]]","[""float"",""c10::BFloat16"",""Scalar""]",both,"[""operator_shape_matched""]","[""operator_shape_matched""]",1,1,1,1,22.017,21.568,0.000174,0.000175,1e-06
aten::copy_,"[[60,1],[60,1],[]]","[""long int"",""int"",""Scalar""]",both,"[""operator_shape_matched""]","[""operator_shape_matched""]",1,1,1,1,1.825,1.728,1.4e-05,1.4e-05,-0.0
aten::copy_,"[[60,8,16160],[60,8,16160],[]]","[""c10::BFloat16"",""c10::BFloat16"",""Scalar""]",both,"[""operator_shape_matched""]","[""operator_shape_matched""]",1,1,1,1,19.84,20.256,0.000157,0.000164,8e-06
aten::copy_,"[[60],[60],[]]","[""int"",""long int"",""Scalar""]",both,"[""operator_shape_matched""]","[""operator_shape_matched""]",1,1,6,6,7.777,8.032,6.1e-05,6.5e-05,4e-06
aten::copy_,"[[60],[60],[]]","[""long int"",""int"",""Scalar""]",both,"[""operator_shape_matched""]","[""operator_shape_matched""]",1,1,2,2,3.104,3.2,2.5e-05,2.6e-05,1e-06
aten::copy_,"[[61,129280],[61,129280],[]]","[""float"",""c10::BFloat16"",""Scalar""]",both,"[""operator_shape_matched""]","[""operator_shape_matched""]",1,1,1,1,22.465,21.825,0.000177,0.000177,-0.0
aten::copy_,"[[61,1],[61,1],[]]","[""long int"",""int"",""Scalar""]",both,"[""operator_shape_matched""]","[""operator_shape_matched""]",1,1,1,1,1.793,1.76,1.4e-05,1.4e-05,0.0
aten::copy_,"[[61,8,16160],[61,8,16160],[]]","[""c10::BFloat16"",""c10::BFloat16"",""Scalar""]",both,"[""operator_shape_matched""]","[""operator_shape_matched""]",1,1,1,1,20.416,20.096,0.000161,0.000163,2e-06
aten::copy_,"[[61],[61],[]]","[""int"",""long int"",""Scalar""]",both,"[""operator_shape_matched""]","[""operator_shape_matched""]",1,1,1,1,1.407,1.504,1.1e-05,1.2e-05,1e-06
aten::copy_,"[[61],[61],[]]","[""long int"",""int"",""Scalar""]",both,"[""operator_shape_matched""]","[""operator_shape_matched""]",1,1,1,1,1.728,1.888,1.4e-05,1.5e-05,2e-06
aten::copy_,"[[62,129280],[62,129280],[]]","[""float"",""c10::BFloat16"",""Scalar""]",both,"[""operator_shape_matched""]","[""operator_shape_matched""]",1,1,1,1,22.56,23.361,0.000178,0.000189,1.1e-05
aten::copy_,"[[62,1],[62,1],[]]","[""long int"",""int"",""Scalar""]",both,"[""operator_shape_matched""]","[""operator_shape_matched""]",1,1,1,1,1.792,1.824,1.4e-05,1.5e-05,1e-06
aten::copy_,"[[62,8,16160],[62,8,16160],[]]","[""c10::BFloat16"",""c10::BFloat16"",""Scalar""]",both,"[""operator_shape_matched""]","[""operator_shape_matched""]",1,1,1,1,20.513,20.385,0.000162,0.000165,3e-06
aten::copy_,"[[62],[62],[]]","[""int"",""long int"",""Scalar""]",both,"[""operator_shape_matched""]","[""operator_shape_matched""]",1,1,6,6,7.84,8.098,6.2e-05,6.6e-05,4e-06
aten::copy_,"[[62],[62],[]]","[""long int"",""int"",""Scalar""]",both,"[""operator_shape_matched""]","[""operator_shape_matched""]",1,1,2,2,3.199,3.136,2.5e-05,2.5e-05,0.0
aten::copy_,"[[63,129280],[63,129280],[]]","[""float"",""c10::BFloat16"",""Scalar""]",both,"[""operator_shape_matched""]","[""operator_shape_matched""]",1,1,2,2,46.945,46.785,0.000371,0.000379,9e-06
aten::copy_,"[[63,1],[63,1],[]]","[""long int"",""int"",""Scalar""]",both,"[""operator_shape_matched""]","[""operator_shape_matched""]",1,1,2,2,3.393,3.488,2.7e-05,2.8e-05,1e-06
aten::copy_,"[[63,8,16160],[63,8,16160],[]]","[""c10::BFloat16"",""c10::BFloat16"",""Scalar""]",both,"[""operator_shape_matched""]","[""operator_shape_matched""]",1,1,2,2,41.696,41.504,0.000329,0.000337,7e-06
aten::copy_,"[[63],[63],[]]","[""int"",""long int"",""Scalar""]",both,"[""operator_shape_matched""]","[""operator_shape_matched""]",1,1,7,7,9.155,9.568,7.2e-05,7.8e-05,5e-06
aten::copy_,"[[63],[63],[]]","[""long int"",""int"",""Scalar""]",both,"[""operator_shape_matched""]","[""operator_shape_matched""]",1,1,3,3,4.96,4.993,3.9e-05,4e-05,1e-06
aten::copy_,"[[64,129280],[64,129280],[]]","[""float"",""c10::BFloat16"",""Scalar""]",both,"[""operator_shape_matched""]","[""operator_shape_matched""]",1,1,224,224,5392.918,5324.836,0.042598,0.043189,0.000591
aten::copy_,"[[64,1],[64,1],[]]","[""long int"",""int"",""Scalar""]",both,"[""operator_shape_matched""]","[""operator_shape_matched""]",1,1,224,224,320.411,333.511,0.002531,0.002705,0.000174
aten::copy_,"[[64,8,16160],[64,8,16160],[]]","[""c10::BFloat16"",""c10::BFloat16"",""Scalar""]",both,"[""operator_shape_matched""]","[""operator_shape_matched""]",1,1,224,224,4765.844,4765.61,0.037645,0.038654,0.001009
aten::copy_,"[[64],[64],[]]","[""int"",""long int"",""Scalar""]",both,"[""operator_shape_matched""]","[""operator_shape_matched""]",1,1,1339,1339,1702.773,1731.641,0.01345,0.014045,0.000595
aten::copy_,"[[64],[64],[]]","[""long int"",""int"",""Scalar""]",both,"[""operator_shape_matched""]","[""operator_shape_matched""]",1,1,447,447,694.773,714.42,0.005488,0.005795,0.000307
aten::copy_,"[[6],[6],[]]","[""int"",""long int"",""Scalar""]",both,"[""operator_shape_matched""]","[""operator_shape_matched""]",1,1,6,6,7.936,7.936,6.3e-05,6.4e-05,2e-06
aten::copy_,"[[6],[6],[]]","[""long int"",""int"",""Scalar""]",both,"[""operator_shape_matched""]","[""operator_shape_matched""]",1,1,2,2,3.008,3.264,2.4e-05,2.6e-05,3e-06
aten::copy_,"[[7,129280],[7,129280],[]]","[""float"",""c10::BFloat16"",""Scalar""]",both,"[""operator_shape_matched""]","[""operator_shape_matched""]",1,1,1,1,3.905,3.744,3.1e-05,3e-05,-0.0
aten::copy_,"[[7,1],[7,1],[]]","[""long int"",""int"",""Scalar""]",both,"[""operator_shape_matched""]","[""operator_shape_matched""]",1,1,1,1,1.632,1.728,1.3e-05,1.4e-05,1e-06
aten::copy_,"[[7,8,16160],[7,8,16160],[]]","[""c10::BFloat16"",""c10::BFloat16"",""Scalar""]",both,"[""operator_shape_matched""]","[""operator_shape_matched""]",1,1,1,1,4.192,3.904,3.3e-05,3.2e-05,-1e-06
aten::copy_,"[[7],[7],[]]","[""int"",""long int"",""Scalar""]",both,"[""operator_shape_matched""]","[""operator_shape_matched""]",1,1,1,1,1.44,1.632,1.1e-05,1.3e-05,2e-06
aten::copy_,"[[7],[7],[]]","[""long int"",""int"",""Scalar""]",both,"[""operator_shape_matched""]","[""operator_shape_matched""]",1,1,1,1,1.729,1.856,1.4e-05,1.5e-05,1e-06
aten::copy_,"[[8,129280],[8,129280],[]]","[""float"",""c10::BFloat16"",""Scalar""]",both,"[""operator_shape_matched""]","[""operator_shape_matched""]",1,1,1,1,4.16,4.128,3.3e-05,3.3e-05,1e-06
aten::copy_,"[[8,1],[8,1],[]]","[""long int"",""int"",""Scalar""]",both,"[""operator_shape_matched""]","[""operator_shape_matched""]",1,1,1,1,1.472,1.472,1.2e-05,1.2e-05,0.0
aten::copy_,"[[8,8,16160],[8,8,16160],[]]","[""c10::BFloat16"",""c10::BFloat16"",""Scalar""]",both,"[""operator_shape_matched""]","[""operator_shape_matched""]",1,1,1,1,3.968,4.192,3.1e-05,3.4e-05,3e-06
aten::copy_,"[[8192,4096],[8192,4096],[]]","[""c10::BFloat16"",""float"",""Scalar""]",both,"[""operator_shape_matched""]","[""operator_shape_matched""]",1,1,31,31,2111.563,2059.015,0.016679,0.016701,2.2e-05
aten::copy_,"[[8192,4096],[8192,4096],[]]","[""float"",""c10::BFloat16"",""Scalar""]",both,"[""operator_shape_matched""]","[""operator_shape_matched""]",1,1,31,31,3230.435,3230.597,0.025517,0.026203,0.000686
aten::copy_,"[[8192],[8192],[]]","[""int"",""long int"",""Scalar""]",both,"[""operator_shape_matched""]","[""operator_shape_matched""]",1,1,155,155,288.55,282.408,0.002279,0.002291,1.1e-05
aten::copy_,"[[8192],[8192],[]]","[""long int"",""int"",""Scalar""]",both,"[""operator_shape_matched""]","[""operator_shape_matched""]",1,1,31,31,82.405,82.405,0.000651,0.000668,1.7e-05
aten::copy_,"[[8],[8],[]]","[""int"",""long int"",""Scalar""]",both,"[""operator_shape_matched""]","[""operator_shape_matched""]",1,1,6,6,7.808,7.744,6.2e-05,6.3e-05,1e-06
aten::copy_,"[[8],[8],[]]","[""long int"",""int"",""Scalar""]",both,"[""operator_shape_matched""]","[""operator_shape_matched""]",1,1,2,2,3.009,3.105,2.4e-05,2.5e-05,1e-06
aten::copy_,"[[9,129280],[9,129280],[]]","[""float"",""c10::BFloat16"",""Scalar""]",both,"[""operator_shape_matched""]","[""operator_shape_matched""]",1,1,1,1,5.28,5.216,4.2e-05,4.2e-05,1e-06
aten::copy_,"[[9,1],[9,1],[]]","[""long int"",""int"",""Scalar""]",both,"[""operator_shape_matched""]","[""operator_shape_matched""]",1,1,1,1,1.6,1.728,1.3e-05,1.4e-05,1e-06
aten::copy_,"[[9,8,16160],[9,8,16160],[]]","[""c10::BFloat16"",""c10::BFloat16"",""Scalar""]",both,"[""operator_shape_matched""]","[""operator_shape_matched""]",1,1,1,1,4.672,4.704,3.7e-05,3.8e-05,1e-06
aten::copy_,"[[9],[9],[]]","[""int"",""long int"",""Scalar""]",both,"[""operator_shape_matched""]","[""operator_shape_matched""]",1,1,1,1,1.343,1.728,1.1e-05,1.4e-05,3e-06
aten::copy_,"[[9],[9],[]]","[""long int"",""int"",""Scalar""]",both,"[""operator_shape_matched""]","[""operator_shape_matched""]",1,1,1,1,1.76,1.824,1.4e-05,1.5e-05,1e-06
aten::cumsum,"[[1],[],[],[1]]","[""int"",""Scalar"","""",""int""]",both,"[""operator_shape_matched""]","[""operator_shape_matched""]",1,2,1,2,1.057,2.593,8e-06,2.1e-05,1.3e-05
aten::cumsum,"[[2],[],[],[2]]","[""int"",""Scalar"","""",""int""]",both,"[""operator_shape_matched""]","[""operator_shape_matched""]",1,2,3,6,3.103,7.905,2.5e-05,6.4e-05,4e-05
aten::cumsum,"[[3],[],[],[3]]","[""int"",""Scalar"","""",""int""]",both,"[""operator_shape_matched""]","[""operator_shape_matched""]",1,2,29,58,31.458,78.718,0.000248,0.000638,0.00039
aten::embedding,"[[16160,4096],[4096],[],[],[]]","[""c10::BFloat16"",""long int"",""Scalar"",""Scalar"",""Scalar""]",left_only,"[""operator_shape_matched""]",[],1,0,1,0,11.872,0.0,9.4e-05,0.0,-9.4e-05
aten::embedding,"[[16160,4096],[5089],[],[],[]]","[""c10::BFloat16"",""long int"",""Scalar"",""Scalar"",""Scalar""]",left_only,"[""operator_shape_matched""]",[],1,0,1,0,13.664,0.0,0.000108,0.0,-0.000108
aten::embedding,"[[16160,4096],[8192],[],[],[]]","[""c10::BFloat16"",""long int"",""Scalar"",""Scalar"",""Scalar""]",left_only,"[""operator_shape_matched""]",[],1,0,31,0,692.979,0.0,0.005474,0.0,-0.005474
aten::fill_,"[[1,128],[]]","[""int"",""Scalar""]",both,"[""operator_shape_matched""]","[""operator_shape_matched""]",1,1,1,1,0.928,0.992,7e-06,8e-06,1e-06
aten::fill_,"[[1,4096],[]]","[""int"",""Scalar""]",both,"[""operator_shape_matched""]","[""operator_shape_matched""]",1,1,1,1,0.96,0.96,8e-06,8e-06,0.0
aten::fill_,"[[1,512],[]]","[""int"",""Scalar""]",both,"[""operator_shape_matched""]","[""operator_shape_matched""]",1,1,2,2,1.792,2.081,1.4e-05,1.7e-05,3e-06
aten::fill_,"[[1,8192],[]]","[""int"",""Scalar""]",both,"[""operator_shape_matched""]","[""operator_shape_matched""]",1,1,1,1,0.96,0.96,8e-06,8e-06,0.0
aten::fill_,"[[10,128],[]]","[""int"",""Scalar""]",both,"[""operator_shape_matched""]","[""operator_shape_matched""]",1,1,2,2,1.92,2.048,1.5e-05,1.7e-05,1e-06
aten::fill_,"[[10,4096],[]]","[""int"",""Scalar""]",both,"[""operator_shape_matched""]","[""operator_shape_matched""]",1,1,2,2,1.984,1.92,1.6e-05,1.6e-05,-0.0
aten::fill_,"[[10,512],[]]","[""int"",""Scalar""]",both,"[""operator_shape_matched""]","[""operator_shape_matched""]",1,1,4,4,3.873,3.776,3.1e-05,3.1e-05,0.0
aten::fill_,"[[10,8192],[]]","[""int"",""Scalar""]",both,"[""operator_shape_matched""]","[""operator_shape_matched""]",1,1,2,2,2.048,2.048,1.6e-05,1.7e-05,0.0
aten::fill_,"[[10],[]]","[""int"",""Scalar""]",both,"[""operator_shape_matched""]","[""operator_shape_matched""]",1,1,1,1,0.928,1.025,7e-06,8e-06,1e-06
aten::fill_,"[[10],[]]","[""long int"",""Scalar""]",both,"[""operator_shape_matched""]","[""operator_shape_matched""]",1,1,10,12,8.96,11.967,7.1e-05,9.7e-05,2.6e-05
aten::fill_,"[[11],[]]","[""int"",""Scalar""]",both,"[""operator_shape_matched""]","[""operator_shape_matched""]",1,1,1,1,0.96,0.929,8e-06,8e-06,-0.0
aten::fill_,"[[12,128],[]]","[""int"",""Scalar""]",both,"[""operator_shape_matched""]","[""operator_shape_matched""]",1,1,2,2,2.016,2.112,1.6e-05,1.7e-05,1e-06
aten::fill_,"[[12,4096],[]]","[""int"",""Scalar""]",both,"[""operator_shape_matched""]","[""operator_shape_matched""]",1,1,2,2,1.952,1.92,1.5e-05,1.6e-05,0.0
aten::fill_,"[[12,512],[]]","[""int"",""Scalar""]",both,"[""operator_shape_matched""]","[""operator_shape_matched""]",1,1,4,4,3.904,3.808,3.1e-05,3.1e-05,0.0
aten::fill_,"[[12,8192],[]]","[""int"",""Scalar""]",both,"[""operator_shape_matched""]","[""operator_shape_matched""]",1,1,2,2,2.112,2.176,1.7e-05,1.8e-05,1e-06
aten::fill_,"[[12],[]]","[""int"",""Scalar""]",both,"[""operator_shape_matched""]","[""operator_shape_matched""]",1,1,1,1,0.96,0.992,8e-06,8e-06,0.0
aten::fill_,"[[12],[]]","[""long int"",""Scalar""]",both,"[""operator_shape_matched""]","[""operator_shape_matched""]",1,1,10,12,8.993,12.031,7.1e-05,9.8e-05,2.7e-05
aten::fill_,"[[13],[]]","[""int"",""Scalar""]",both,"[""operator_shape_matched""]","[""operator_shape_matched""]",1,1,1,1,0.96,0.896,8e-06,7e-06,-0.0
aten::fill_,"[[14,128],[]]","[""int"",""Scalar""]",both,"[""operator_shape_matched""]","[""operator_shape_matched""]",1,1,2,2,1.92,2.24,1.5e-05,1.8e-05,3e-06
aten::fill_,"[[14,4096],[]]","[""int"",""Scalar""]",both,"[""operator_shape_matched""]","[""operator_shape_matched""]",1,1,2,2,1.952,1.952,1.5e-05,1.6e-05,0.0
aten::fill_,"[[14,512],[]]","[""int"",""Scalar""]",both,"[""operator_shape_matched""]","[""operator_shape_matched""]",1,1,4,4,3.904,3.84,3.1e-05,3.1e-05,0.0
aten::fill_,"[[14,8192],[]]","[""int"",""Scalar""]",both,"[""operator_shape_matched""]","[""operator_shape_matched""]",1,1,2,2,2.112,2.144,1.7e-05,1.7e-05,1e-06
aten::fill_,"[[14],[]]","[""int"",""Scalar""]",both,"[""operator_shape_matched""]","[""operator_shape_matched""]",1,1,1,1,0.96,0.991,8e-06,8e-06,0.0
aten::fill_,"[[14],[]]","[""long int"",""Scalar""]",both,"[""operator_shape_matched""]","[""operator_shape_matched""]",1,1,10,12,9.09,11.937,7.2e-05,9.7e-05,2.5e-05
aten::fill_,"[[15],[]]","[""int"",""Scalar""]",both,"[""operator_shape_matched""]","[""operator_shape_matched""]",1,1,1,1,0.96,0.896,8e-06,7e-06,-0.0
aten::fill_,"[[16,128],[]]","[""int"",""Scalar""]",both,"[""operator_shape_matched""]","[""operator_shape_matched""]",1,1,1,1,0.96,0.96,8e-06,8e-06,0.0
aten::fill_,"[[16,4096],[]]","[""int"",""Scalar""]",both,"[""operator_shape_matched""]","[""operator_shape_matched""]",1,1,1,1,0.992,0.96,8e-06,8e-06,-0.0
aten::fill_,"[[16,512],[]]","[""int"",""Scalar""]",both,"[""operator_shape_matched""]","[""operator_shape_matched""]",1,1,2,2,1.983,1.92,1.6e-05,1.6e-05,-0.0
aten::fill_,"[[16,8192],[]]","[""int"",""Scalar""]",both,"[""operator_shape_matched""]","[""operator_shape_matched""]",1,1,1,1,1.12,1.12,9e-06,9e-06,0.0
aten::fill_,"[[16],[]]","[""int"",""Scalar""]",both,"[""operator_shape_matched""]","[""operator_shape_matched""]",1,1,1,1,0.928,0.992,7e-06,8e-06,1e-06
aten::fill_,"[[16],[]]","[""long int"",""Scalar""]",both,"[""operator_shape_matched""]","[""operator_shape_matched""]",1,1,5,6,4.479,6.016,3.5e-05,4.9e-05,1.3e-05
aten::fill_,"[[17],[]]","[""int"",""Scalar""]",both,"[""operator_shape_matched""]","[""operator_shape_matched""]",1,1,1,1,1.024,0.897,8e-06,7e-06,-1e-06
aten::fill_,"[[18,128],[]]","[""int"",""Scalar""]",both,"[""operator_shape_matched""]","[""operator_shape_matched""]",1,1,1,1,0.96,1.055,8e-06,9e-06,1e-06
aten::fill_,"[[18,4096],[]]","[""int"",""Scalar""]",both,"[""operator_shape_matched""]","[""operator_shape_matched""]",1,1,1,1,0.992,0.96,8e-06,8e-06,-0.0
aten::fill_,"[[18,512],[]]","[""int"",""Scalar""]",both,"[""operator_shape_matched""]","[""operator_shape_matched""]",1,1,2,2,1.952,1.92,1.5e-05,1.6e-05,0.0
aten::fill_,"[[18,8192],[]]","[""int"",""Scalar""]",both,"[""operator_shape_matched""]","[""operator_shape_matched""]",1,1,1,1,1.12,1.12,9e-06,9e-06,0.0
aten::fill_,"[[18],[]]","[""int"",""Scalar""]",both,"[""operator_shape_matched""]","[""operator_shape_matched""]",1,1,1,1,0.928,0.991,7e-06,8e-06,1e-06
aten::fill_,"[[18],[]]","[""long int"",""Scalar""]",both,"[""operator_shape_matched""]","[""operator_shape_matched""]",1,1,5,6,4.416,5.983,3.5e-05,4.9e-05,1.4e-05
aten::fill_,"[[19],[]]","[""int"",""Scalar""]",both,"[""operator_shape_matched""]","[""operator_shape_matched""]",1,1,1,1,0.992,0.929,8e-06,8e-06,-0.0
aten::fill_,"[[1],[]]","[""int"",""Scalar""]",both,"[""operator_shape_matched""]","[""operator_shape_matched""]",1,1,2,2,1.856,1.856,1.5e-05,1.5e-05,0.0
aten::fill_,"[[1],[]]","[""int"",""int""]",both,"[""operator_shape_matched""]","[""operator_shape_matched""]",1,1,33,33,31.427,32.927,0.000248,0.000267,1.9e-05
aten::fill_,"[[1],[]]","[""long int"",""Scalar""]",both,"[""operator_shape_matched""]","[""operator_shape_matched""]",1,1,5,6,4.45,5.47,3.5e-05,4.4e-05,9e-06
aten::fill_,"[[2,128],[]]","[""int"",""Scalar""]",both,"[""operator_shape_matched""]","[""operator_shape_matched""]",1,1,4,4,3.776,4.097,3e-05,3.3e-05,3e-06
aten::fill_,"[[2,4096],[]]","[""int"",""Scalar""]",both,"[""operator_shape_matched""]","[""operator_shape_matched""]",1,1,4,4,3.936,3.872,3.1e-05,3.1e-05,0.0
aten::fill_,"[[2,512],[]]","[""int"",""Scalar""]",both,"[""operator_shape_matched""]","[""operator_shape_matched""]",1,1,8,8,7.517,7.425,5.9e-05,6e-05,1e-06
aten::fill_,"[[2,8192],[]]","[""int"",""Scalar""]",both,"[""operator_shape_matched""]","[""operator_shape_matched""]",1,1,4,4,3.905,3.84,3.1e-05,3.1e-05,0.0
aten::fill_,"[[20,128],[]]","[""int"",""Scalar""]",both,"[""operator_shape_matched""]","[""operator_shape_matched""]",1,1,1,1,1.152,1.089,9e-06,9e-06,-0.0
aten::fill_,"[[20,4096],[]]","[""int"",""Scalar""]",both,"[""operator_shape_matched""]","[""operator_shape_matched""]",1,1,1,1,0.96,0.96,8e-06,8e-06,0.0
aten::fill_,"[[20,512],[]]","[""int"",""Scalar""]",both,"[""operator_shape_matched""]","[""operator_shape_matched""]",1,1,2,2,1.952,1.888,1.5e-05,1.5e-05,-0.0
aten::fill_,"[[20,8192],[]]","[""int"",""Scalar""]",both,"[""operator_shape_matched""]","[""operator_shape_matched""]",1,1,1,1,1.12,1.152,9e-06,9e-06,0.0
aten::fill_,"[[20],[]]","[""int"",""Scalar""]",both,"[""operator_shape_matched""]","[""operator_shape_matched""]",1,1,1,1,1.056,0.992,8e-06,8e-06,-0.0
aten::fill_,"[[20],[]]","[""long int"",""Scalar""]",both,"[""operator_shape_matched""]","[""operator_shape_matched""]",1,1,5,6,4.479,5.985,3.5e-05,4.9e-05,1.3e-05
aten::fill_,"[[21],[]]","[""int"",""Scalar""]",both,"[""operator_shape_matched""]","[""operator_shape_matched""]",1,1,1,1,0.928,0.897,7e-06,7e-06,-0.0
aten::fill_,"[[22,128],[]]","[""int"",""Scalar""]",both,"[""operator_shape_matched""]","[""operator_shape_matched""]",1,1,1,1,0.993,1.152,8e-06,9e-06,2e-06
aten::fill_,"[[22,4096],[]]","[""int"",""Scalar""]",both,"[""operator_shape_matched""]","[""operator_shape_matched""]",1,1,1,1,1.024,0.96,8e-06,8e-06,-0.0
aten::fill_,"[[22,512],[]]","[""int"",""Scalar""]",both,"[""operator_shape_matched""]","[""operator_shape_matched""]",1,1,2,2,1.952,1.92,1.5e-05,1.6e-05,0.0
aten::fill_,"[[22,8192],[]]","[""int"",""Scalar""]",both,"[""operator_shape_matched""]","[""operator_shape_matched""]",1,1,1,1,1.12,1.152,9e-06,9e-06,0.0
aten::fill_,"[[22],[]]","[""int"",""Scalar""]",both,"[""operator_shape_matched""]","[""operator_shape_matched""]",1,1,1,1,0.96,0.992,8e-06,8e-06,0.0
aten::fill_,"[[22],[]]","[""long int"",""Scalar""]",both,"[""operator_shape_matched""]","[""operator_shape_matched""]",1,1,5,6,4.512,5.951,3.6e-05,4.8e-05,1.3e-05
aten::fill_,"[[23],[]]","[""int"",""Scalar""]",both,"[""operator_shape_matched""]","[""operator_shape_matched""]",1,1,1,1,0.96,0.928,8e-06,8e-06,-0.0
aten::fill_,"[[24,128],[]]","[""int"",""Scalar""]",both,"[""operator_shape_matched""]","[""operator_shape_matched""]",1,1,1,1,1.088,0.96,9e-06,8e-06,-1e-06
aten::fill_,"[[24,4096],[]]","[""int"",""Scalar""]",both,"[""operator_shape_matched""]","[""operator_shape_matched""]",1,1,1,1,0.992,0.96,8e-06,8e-06,-0.0
aten::fill_,"[[24,512],[]]","[""int"",""Scalar""]",both,"[""operator_shape_matched""]","[""operator_shape_matched""]",1,1,2,2,1.92,1.92,1.5e-05,1.6e-05,0.0
aten::fill_,"[[24,8192],[]]","[""int"",""Scalar""]",both,"[""operator_shape_matched""]","[""operator_shape_matched""]",1,1,1,1,1.12,1.152,9e-06,9e-06,0.0
aten::fill_,"[[24],[]]","[""int"",""Scalar""]",both,"[""operator_shape_matched""]","[""operator_shape_matched""]",1,1,1,1,0.96,0.992,8e-06,8e-06,0.0
aten::fill_,"[[24],[]]","[""long int"",""Scalar""]",both,"[""operator_shape_matched""]","[""operator_shape_matched""]",1,1,5,6,4.48,5.952,3.5e-05,4.8e-05,1.3e-05
aten::fill_,"[[25],[]]","[""int"",""Scalar""]",both,"[""operator_shape_matched""]","[""operator_shape_matched""]",1,1,1,1,0.96,1.056,8e-06,9e-06,1e-06
aten::fill_,"[[26,128],[]]","[""int"",""Scalar""]",both,"[""operator_shape_matched""]","[""operator_shape_matched""]",1,1,1,1,1.12,1.057,9e-06,9e-06,-0.0
aten::fill_,"[[26,4096],[]]","[""int"",""Scalar""]",both,"[""operator_shape_matched""]","[""operator_shape_matched""]",1,1,1,1,0.992,0.992,8e-06,8e-06,0.0
aten::fill_,"[[26,512],[]]","[""int"",""Scalar""]",both,"[""operator_shape_matched""]","[""operator_shape_matched""]",1,1,2,2,1.984,1.92,1.6e-05,1.6e-05,-0.0
aten::fill_,"[[26,8192],[]]","[""int"",""Scalar""]",both,"[""operator_shape_matched""]","[""operator_shape_matched""]",1,1,1,1,1.152,1.152,9e-06,9e-06,0.0
aten::fill_,"[[26],[]]","[""int"",""Scalar""]",both,"[""operator_shape_matched""]","[""operator_shape_matched""]",1,1,1,1,1.024,0.992,8e-06,8e-06,-0.0
aten::fill_,"[[26],[]]","[""long int"",""Scalar""]",both,"[""operator_shape_matched""]","[""operator_shape_matched""]",1,1,5,6,4.481,5.92,3.5e-05,4.8e-05,1.3e-05
aten::fill_,"[[27],[]]","[""int"",""Scalar""]",both,"[""operator_shape_matched""]","[""operator_shape_matched""]",1,1,1,1,0.96,1.024,8e-06,8e-06,1e-06
aten::fill_,"[[28,128],[]]","[""int"",""Scalar""]",both,"[""operator_shape_matched""]","[""operator_shape_matched""]",1,1,1,1,0.992,1.087,8e-06,9e-06,1e-06
aten::fill_,"[[28,4096],[]]","[""int"",""Scalar""]",both,"[""operator_shape_matched""]","[""operator_shape_matched""]",1,1,1,1,1.024,0.992,8e-06,8e-06,-0.0
aten::fill_,"[[28,512],[]]","[""int"",""Scalar""]",both,"[""operator_shape_matched""]","[""operator_shape_matched""]",1,1,2,2,1.952,1.92,1.5e-05,1.6e-05,0.0
aten::fill_,"[[28,8192],[]]","[""int"",""Scalar""]",both,"[""operator_shape_matched""]","[""operator_shape_matched""]",1,1,1,1,1.152,1.152,9e-06,9e-06,0.0
aten::fill_,"[[28],[]]","[""int"",""Scalar""]",both,"[""operator_shape_matched""]","[""operator_shape_matched""]",1,1,1,1,0.96,0.992,8e-06,8e-06,0.0
aten::fill_,"[[28],[]]","[""long int"",""Scalar""]",both,"[""operator_shape_matched""]","[""operator_shape_matched""]",1,1,5,6,4.545,6.017,3.6e-05,4.9e-05,1.3e-05
aten::fill_,"[[29],[]]","[""int"",""Scalar""]",both,"[""operator_shape_matched""]","[""operator_shape_matched""]",1,1,1,1,0.992,0.896,8e-06,7e-06,-1e-06
aten::fill_,"[[2],[]]","[""int"",""Scalar""]",both,"[""operator_shape_matched""]","[""operator_shape_matched""]",1,1,1,1,0.928,0.992,7e-06,8e-06,1e-06
aten::fill_,"[[2],[]]","[""long int"",""Scalar""]",both,"[""operator_shape_matched""]","[""operator_shape_matched""]",1,1,20,24,17.918,24.13,0.000142,0.000196,5.4e-05
aten::fill_,"[[30,128],[]]","[""int"",""Scalar""]",both,"[""operator_shape_matched""]","[""operator_shape_matched""]",1,1,1,1,0.992,1.152,8e-06,9e-06,2e-06
aten::fill_,"[[30,4096],[]]","[""int"",""Scalar""]",both,"[""operator_shape_matched""]","[""operator_shape_matched""]",1,1,1,1,1.024,0.991,8e-06,8e-06,-0.0
aten::fill_,"[[30,512],[]]","[""int"",""Scalar""]",both,"[""operator_shape_matched""]","[""operator_shape_matched""]",1,1,2,2,1.952,1.92,1.5e-05,1.6e-05,0.0
aten::fill_,"[[30,8192],[]]","[""int"",""Scalar""]",both,"[""operator_shape_matched""]","[""operator_shape_matched""]",1,1,1,1,1.152,1.152,9e-06,9e-06,0.0
aten::fill_,"[[30],[]]","[""int"",""Scalar""]",both,"[""operator_shape_matched""]","[""operator_shape_matched""]",1,1,1,1,0.96,0.993,8e-06,8e-06,0.0
aten::fill_,"[[30],[]]","[""long int"",""Scalar""]",both,"[""operator_shape_matched""]","[""operator_shape_matched""]",1,1,5,6,4.479,5.952,3.5e-05,4.8e-05,1.3e-05
aten::fill_,"[[31],[]]","[""int"",""Scalar""]",both,"[""operator_shape_matched""]","[""operator_shape_matched""]",1,1,1,1,0.96,0.928,8e-06,8e-06,-0.0
aten::fill_,"[[32],[]]","[""int"",""Scalar""]",both,"[""operator_shape_matched""]","[""operator_shape_matched""]",1,1,1,1,0.928,0.992,7e-06,8e-06,1e-06
aten::fill_,"[[33],[]]","[""int"",""Scalar""]",both,"[""operator_shape_matched""]","[""operator_shape_matched""]",1,1,1,1,0.928,0.896,7e-06,7e-06,-0.0
aten::fill_,"[[34],[]]","[""int"",""Scalar""]",both,"[""operator_shape_matched""]","[""operator_shape_matched""]",1,1,1,1,0.96,0.991,8e-06,8e-06,0.0
aten::fill_,"[[35],[]]","[""int"",""Scalar""]",both,"[""operator_shape_matched""]","[""operator_shape_matched""]",1,1,1,1,0.928,0.928,7e-06,8e-06,0.0
aten::fill_,"[[36],[]]","[""int"",""Scalar""]",both,"[""operator_shape_matched""]","[""operator_shape_matched""]",1,1,1,1,0.928,0.96,7e-06,8e-06,0.0
aten::fill_,"[[37],[]]","[""int"",""Scalar""]",both,"[""operator_shape_matched""]","[""operator_shape_matched""]",1,1,1,1,0.928,0.896,7e-06,7e-06,-0.0
aten::fill_,"[[38],[]]","[""int"",""Scalar""]",both,"[""operator_shape_matched""]","[""operator_shape_matched""]",1,1,1,1,0.992,0.96,8e-06,8e-06,-0.0
aten::fill_,"[[39],[]]","[""int"",""Scalar""]",both,"[""operator_shape_matched""]","[""operator_shape_matched""]",1,1,1,1,0.927,0.928,7e-06,8e-06,0.0
aten::fill_,"[[3],[]]","[""int"",""Scalar""]",both,"[""operator_shape_matched""]","[""operator_shape_matched""]",1,1,1,1,0.96,0.896,8e-06,7e-06,-0.0
aten::fill_,"[[4,128],[]]","[""int"",""Scalar""]",both,"[""operator_shape_matched""]","[""operator_shape_matched""]",1,1,3,3,2.784,3.136,2.2e-05,2.5e-05,3e-06
aten::fill_,"[[4,4096],[]]","[""int"",""Scalar""]",both,"[""operator_shape_matched""]","[""operator_shape_matched""]",1,1,3,3,2.912,2.88,2.3e-05,2.3e-05,0.0
aten::fill_,"[[4,512],[]]","[""int"",""Scalar""]",both,"[""operator_shape_matched""]","[""operator_shape_matched""]",1,1,6,6,5.632,5.471,4.4e-05,4.4e-05,-0.0
aten::fill_,"[[4,8192],[]]","[""int"",""Scalar""]",both,"[""operator_shape_matched""]","[""operator_shape_matched""]",1,1,3,3,3.039,2.976,2.4e-05,2.4e-05,0.0
aten::fill_,"[[4096,128],[]]","[""int"",""Scalar""]",right_only,[],"[""operator_shape_matched""]",0,1,0,2,0.0,2.88,0.0,2.3e-05,2.3e-05
aten::fill_,"[[4096,384],[]]","[""int"",""Scalar""]",right_only,[],"[""operator_shape_matched""]",0,1,0,20,0.0,52.066,0.0,0.000422,0.000422
aten::fill_,"[[4096,512],[]]","[""int"",""int""]",both,"[""operator_shape_matched""]","[""operator_shape_matched""]",1,1,21,21,113.76,66.303,0.000899,0.000538,-0.000361
aten::fill_,"[[4096,640],[]]","[""int"",""Scalar""]",right_only,[],"[""operator_shape_matched""]",0,1,0,21,0.0,81.378,0.0,0.00066,0.00066
aten::fill_,"[[40],[]]","[""int"",""Scalar""]",both,"[""operator_shape_matched""]","[""operator_shape_matched""]",1,1,1,1,0.928,0.992,7e-06,8e-06,1e-06
aten::fill_,"[[41],[]]","[""int"",""Scalar""]",both,"[""operator_shape_matched""]","[""operator_shape_matched""]",1,1,1,1,1.056,0.928,8e-06,8e-06,-1e-06
aten::fill_,"[[42],[]]","[""int"",""Scalar""]",both,"[""operator_shape_matched""]","[""operator_shape_matched""]",1,1,1,1,0.991,0.992,8e-06,8e-06,0.0
aten::fill_,"[[43],[]]","[""int"",""Scalar""]",both,"[""operator_shape_matched""]","[""operator_shape_matched""]",1,1,1,1,0.928,0.928,7e-06,8e-06,0.0
aten::fill_,"[[44],[]]","[""int"",""Scalar""]",both,"[""operator_shape_matched""]","[""operator_shape_matched""]",1,1,1,1,0.928,0.992,7e-06,8e-06,1e-06
aten::fill_,"[[45],[]]","[""int"",""Scalar""]",both,"[""operator_shape_matched""]","[""operator_shape_matched""]",1,1,1,1,0.96,0.96,8e-06,8e-06,0.0
aten::fill_,"[[46],[]]","[""int"",""Scalar""]",both,"[""operator_shape_matched""]","[""operator_shape_matched""]",1,1,1,1,0.96,0.993,8e-06,8e-06,0.0
aten::fill_,"[[47],[]]","[""int"",""Scalar""]",both,"[""operator_shape_matched""]","[""operator_shape_matched""]",1,1,1,1,0.928,0.896,7e-06,7e-06,-0.0
aten::fill_,"[[48],[]]","[""int"",""Scalar""]",both,"[""operator_shape_matched""]","[""operator_shape_matched""]",1,1,1,1,0.929,0.992,7e-06,8e-06,1e-06
aten::fill_,"[[49],[]]","[""int"",""Scalar""]",both,"[""operator_shape_matched""]","[""operator_shape_matched""]",1,1,1,1,0.928,0.927,7e-06,8e-06,0.0
aten::fill_,"[[4],[]]","[""int"",""Scalar""]",both,"[""operator_shape_matched""]","[""operator_shape_matched""]",1,1,1,1,0.96,0.992,8e-06,8e-06,0.0
aten::fill_,"[[4],[]]","[""long int"",""Scalar""]",both,"[""operator_shape_matched""]","[""operator_shape_matched""]",1,1,15,18,13.47,18.014,0.000106,0.000146,4e-05
aten::fill_,"[[5027,128],[]]","[""int"",""Scalar""]",right_only,[],"[""operator_shape_matched""]",0,1,0,2,0.0,3.167,0.0,2.6e-05,2.6e-05
aten::fill_,"[[5027,384],[]]","[""int"",""Scalar""]",right_only,[],"[""operator_shape_matched""]",0,1,0,20,0.0,61.507,0.0,0.000499,0.000499
aten::fill_,"[[5027,640],[]]","[""int"",""Scalar""]",right_only,[],"[""operator_shape_matched""]",0,1,0,21,0.0,89.632,0.0,0.000727,0.000727
aten::fill_,"[[5089,512],[]]","[""int"",""int""]",both,"[""operator_shape_matched""]","[""operator_shape_matched""]",1,1,21,21,78.017,175.013,0.000616,0.00142,0.000803
aten::fill_,"[[50],[]]","[""int"",""Scalar""]",both,"[""operator_shape_matched""]","[""operator_shape_matched""]",1,1,1,1,0.927,0.992,7e-06,8e-06,1e-06
aten::fill_,"[[51],[]]","[""int"",""Scalar""]",both,"[""operator_shape_matched""]","[""operator_shape_matched""]",1,1,1,1,0.928,0.895,7e-06,7e-06,-0.0
aten::fill_,"[[528],[]]","[""int"",""Scalar""]",right_only,[],"[""operator_shape_matched""]",0,1,0,1419,0.0,1617.73,0.0,0.013121,0.013121
aten::fill_,"[[52],[]]","[""int"",""Scalar""]",both,"[""operator_shape_matched""]","[""operator_shape_matched""]",1,1,1,1,0.96,0.992,8e-06,8e-06,0.0
aten::fill_,"[[53],[]]","[""int"",""Scalar""]",both,"[""operator_shape_matched""]","[""operator_shape_matched""]",1,1,1,1,0.928,0.928,7e-06,8e-06,0.0
aten::fill_,"[[54],[]]","[""int"",""Scalar""]",both,"[""operator_shape_matched""]","[""operator_shape_matched""]",1,1,1,1,0.96,0.992,8e-06,8e-06,0.0
aten::fill_,"[[55],[]]","[""int"",""Scalar""]",both,"[""operator_shape_matched""]","[""operator_shape_matched""]",1,1,1,1,0.992,0.928,8e-06,8e-06,-0.0
aten::fill_,"[[56],[]]","[""int"",""Scalar""]",both,"[""operator_shape_matched""]","[""operator_shape_matched""]",1,1,1,1,0.928,0.993,7e-06,8e-06,1e-06
aten::fill_,"[[57],[]]","[""int"",""Scalar""]",both,"[""operator_shape_matched""]","[""operator_shape_matched""]",1,1,1,1,0.928,0.896,7e-06,7e-06,-0.0
aten::fill_,"[[58],[]]","[""int"",""Scalar""]",both,"[""operator_shape_matched""]","[""operator_shape_matched""]",1,1,1,1,0.96,0.992,8e-06,8e-06,0.0
aten::fill_,"[[59],[]]","[""int"",""Scalar""]",both,"[""operator_shape_matched""]","[""operator_shape_matched""]",1,1,1,1,0.928,0.928,7e-06,8e-06,0.0
aten::fill_,"[[5],[]]","[""int"",""Scalar""]",both,"[""operator_shape_matched""]","[""operator_shape_matched""]",1,1,1,1,0.928,0.928,7e-06,8e-06,0.0
aten::fill_,"[[6,128],[]]","[""int"",""Scalar""]",both,"[""operator_shape_matched""]","[""operator_shape_matched""]",1,1,3,3,2.88,3.36,2.3e-05,2.7e-05,5e-06
aten::fill_,"[[6,4096],[]]","[""int"",""Scalar""]",both,"[""operator_shape_matched""]","[""operator_shape_matched""]",1,1,3,3,2.944,2.849,2.3e-05,2.3e-05,-0.0
aten::fill_,"[[6,512],[]]","[""int"",""Scalar""]",both,"[""operator_shape_matched""]","[""operator_shape_matched""]",1,1,6,6,5.89,5.695,4.7e-05,4.6e-05,-0.0
aten::fill_,"[[6,8192],[]]","[""int"",""Scalar""]",both,"[""operator_shape_matched""]","[""operator_shape_matched""]",1,1,3,3,3.071,3.04,2.4e-05,2.5e-05,0.0
aten::fill_,"[[60],[]]","[""int"",""Scalar""]",both,"[""operator_shape_matched""]","[""operator_shape_matched""]",1,1,1,1,0.928,0.992,7e-06,8e-06,1e-06
aten::fill_,"[[61],[]]","[""int"",""Scalar""]",both,"[""operator_shape_matched""]","[""operator_shape_matched""]",1,1,1,1,0.928,0.928,7e-06,8e-06,0.0
aten::fill_,"[[62],[]]","[""int"",""Scalar""]",both,"[""operator_shape_matched""]","[""operator_shape_matched""]",1,1,1,1,0.929,0.992,7e-06,8e-06,1e-06
aten::fill_,"[[63],[]]","[""int"",""Scalar""]",both,"[""operator_shape_matched""]","[""operator_shape_matched""]",1,1,1,1,0.928,0.928,7e-06,8e-06,0.0
aten::fill_,"[[64],[]]","[""int"",""Scalar""]",both,"[""operator_shape_matched""]","[""operator_shape_matched""]",1,1,288,288,261.442,293.122,0.002065,0.002377,0.000312
aten::fill_,"[[6],[]]","[""int"",""Scalar""]",both,"[""operator_shape_matched""]","[""operator_shape_matched""]",1,1,1,1,0.96,0.992,8e-06,8e-06,0.0
aten::fill_,"[[6],[]]","[""long int"",""Scalar""]",both,"[""operator_shape_matched""]","[""operator_shape_matched""]",1,1,15,18,13.44,18.08,0.000106,0.000147,4e-05
aten::fill_,"[[7],[]]","[""int"",""Scalar""]",both,"[""operator_shape_matched""]","[""operator_shape_matched""]",1,1,1,1,0.992,0.928,8e-06,8e-06,-0.0
aten::fill_,"[[8,128],[]]","[""int"",""Scalar""]",both,"[""operator_shape_matched""]","[""operator_shape_matched""]",1,1,2,2,1.92,1.856,1.5e-05,1.5e-05,-0.0
aten::fill_,"[[8,4096],[]]","[""int"",""Scalar""]",both,"[""operator_shape_matched""]","[""operator_shape_matched""]",1,1,2,2,1.952,1.92,1.5e-05,1.6e-05,0.0
aten::fill_,"[[8,512],[]]","[""int"",""Scalar""]",both,"[""operator_shape_matched""]","[""operator_shape_matched""]",1,1,4,4,3.873,3.808,3.1e-05,3.1e-05,0.0
aten::fill_,"[[8,8192],[]]","[""int"",""Scalar""]",both,"[""operator_shape_matched""]","[""operator_shape_matched""]",1,1,2,2,2.113,2.05,1.7e-05,1.7e-05,-0.0
aten::fill_,"[[8128],[]]","[""int"",""int""]",both,"[""operator_shape_matched""]","[""operator_shape_matched""]",1,1,478,478,464.105,543.56,0.003666,0.004409,0.000743
aten::fill_,"[[8130],[]]","[""int"",""int""]",both,"[""operator_shape_matched""]","[""operator_shape_matched""]",1,1,2,2,2.016,2.24,1.6e-05,1.8e-05,2e-06
aten::fill_,"[[8132,128],[]]","[""int"",""Scalar""]",right_only,[],"[""operator_shape_matched""]",0,1,0,2,0.0,4.064,0.0,3.3e-05,3.3e-05
aten::fill_,"[[8132,384],[]]","[""int"",""Scalar""]",right_only,[],"[""operator_shape_matched""]",0,1,0,20,0.0,89.187,0.0,0.000723,0.000723
aten::fill_,"[[8132,640],[]]","[""int"",""Scalar""]",right_only,[],"[""operator_shape_matched""]",0,1,0,21,0.0,131.904,0.0,0.00107,0.00107
aten::fill_,"[[8132],[]]","[""int"",""int""]",both,"[""operator_shape_matched""]","[""operator_shape_matched""]",1,1,2,2,2.016,2.272,1.6e-05,1.8e-05,3e-06
aten::fill_,"[[8134,128],[]]","[""int"",""Scalar""]",right_only,[],"[""operator_shape_matched""]",0,1,0,2,0.0,4.096,0.0,3.3e-05,3.3e-05
aten::fill_,"[[8134,384],[]]","[""int"",""Scalar""]",right_only,[],"[""operator_shape_matched""]",0,1,0,20,0.0,90.403,0.0,0.000733,0.000733
aten::fill_,"[[8134,640],[]]","[""int"",""Scalar""]",right_only,[],"[""operator_shape_matched""]",0,1,0,21,0.0,133.187,0.0,0.00108,0.00108
aten::fill_,"[[8134],[]]","[""int"",""int""]",both,"[""operator_shape_matched""]","[""operator_shape_matched""]",1,1,2,2,1.984,2.272,1.6e-05,1.8e-05,3e-06
aten::fill_,"[[8136,128],[]]","[""int"",""Scalar""]",right_only,[],"[""operator_shape_matched""]",0,1,0,2,0.0,4.16,0.0,3.4e-05,3.4e-05
aten::fill_,"[[8136,384],[]]","[""int"",""Scalar""]",right_only,[],"[""operator_shape_matched""]",0,1,0,20,0.0,90.337,0.0,0.000733,0.000733
aten::fill_,"[[8136,640],[]]","[""int"",""Scalar""]",right_only,[],"[""operator_shape_matched""]",0,1,0,21,0.0,131.298,0.0,0.001065,0.001065
aten::fill_,"[[8136],[]]","[""int"",""int""]",both,"[""operator_shape_matched""]","[""operator_shape_matched""]",1,1,2,2,2.047,2.24,1.6e-05,1.8e-05,2e-06
aten::fill_,"[[8138,128],[]]","[""int"",""Scalar""]",right_only,[],"[""operator_shape_matched""]",0,1,0,2,0.0,4.064,0.0,3.3e-05,3.3e-05
aten::fill_,"[[8138,384],[]]","[""int"",""Scalar""]",right_only,[],"[""operator_shape_matched""]",0,1,0,20,0.0,91.523,0.0,0.000742,0.000742
aten::fill_,"[[8138,640],[]]","[""int"",""Scalar""]",right_only,[],"[""operator_shape_matched""]",0,1,0,21,0.0,132.609,0.0,0.001076,0.001076
aten::fill_,"[[8138],[]]","[""int"",""int""]",both,"[""operator_shape_matched""]","[""operator_shape_matched""]",1,1,2,2,1.984,2.304,1.6e-05,1.9e-05,3e-06
aten::fill_,"[[8140,128],[]]","[""int"",""Scalar""]",right_only,[],"[""operator_shape_matched""]",0,1,0,2,0.0,4.064,0.0,3.3e-05,3.3e-05
aten::fill_,"[[8140,384],[]]","[""int"",""Scalar""]",right_only,[],"[""operator_shape_matched""]",0,1,0,20,0.0,90.56,0.0,0.000735,0.000735
aten::fill_,"[[8140,640],[]]","[""int"",""Scalar""]",right_only,[],"[""operator_shape_matched""]",0,1,0,21,0.0,132.804,0.0,0.001077,0.001077
aten::fill_,"[[8140],[]]","[""int"",""int""]",both,"[""operator_shape_matched""]","[""operator_shape_matched""]",1,1,2,2,2.016,2.24,1.6e-05,1.8e-05,2e-06
aten::fill_,"[[8142,128],[]]","[""int"",""Scalar""]",right_only,[],"[""operator_shape_matched""]",0,1,0,2,0.0,4.032,0.0,3.3e-05,3.3e-05
aten::fill_,"[[8142,384],[]]","[""int"",""Scalar""]",right_only,[],"[""operator_shape_matched""]",0,1,0,20,0.0,90.116,0.0,0.000731,0.000731
aten::fill_,"[[8142,640],[]]","[""int"",""Scalar""]",right_only,[],"[""operator_shape_matched""]",0,1,0,21,0.0,132.354,0.0,0.001074,0.001074
aten::fill_,"[[8142],[]]","[""int"",""int""]",both,"[""operator_shape_matched""]","[""operator_shape_matched""]",1,1,2,2,1.985,2.241,1.6e-05,1.8e-05,2e-06
aten::fill_,"[[8144,128],[]]","[""int"",""Scalar""]",right_only,[],"[""operator_shape_matched""]",0,1,0,2,0.0,4.128,0.0,3.3e-05,3.3e-05
aten::fill_,"[[8144,384],[]]","[""int"",""Scalar""]",right_only,[],"[""operator_shape_matched""]",0,1,0,20,0.0,89.699,0.0,0.000728,0.000728
aten::fill_,"[[8144,640],[]]","[""int"",""Scalar""]",right_only,[],"[""operator_shape_matched""]",0,1,0,21,0.0,133.664,0.0,0.001084,0.001084
aten::fill_,"[[8144],[]]","[""int"",""int""]",both,"[""operator_shape_matched""]","[""operator_shape_matched""]",1,1,2,2,1.951,2.24,1.5e-05,1.8e-05,3e-06
aten::fill_,"[[8146,128],[]]","[""int"",""Scalar""]",right_only,[],"[""operator_shape_matched""]",0,1,0,2,0.0,4.065,0.0,3.3e-05,3.3e-05
aten::fill_,"[[8146,384],[]]","[""int"",""Scalar""]",right_only,[],"[""operator_shape_matched""]",0,1,0,20,0.0,92.035,0.0,0.000746,0.000746
aten::fill_,"[[8146,640],[]]","[""int"",""Scalar""]",right_only,[],"[""operator_shape_matched""]",0,1,0,21,0.0,133.639,0.0,0.001084,0.001084
aten::fill_,"[[8146],[]]","[""int"",""int""]",both,"[""operator_shape_matched""]","[""operator_shape_matched""]",1,1,2,2,2.017,2.208,1.6e-05,1.8e-05,2e-06
aten::fill_,"[[8148,128],[]]","[""int"",""Scalar""]",right_only,[],"[""operator_shape_matched""]",0,1,0,2,0.0,4.032,0.0,3.3e-05,3.3e-05
aten::fill_,"[[8148,384],[]]","[""int"",""Scalar""]",right_only,[],"[""operator_shape_matched""]",0,1,0,20,0.0,90.564,0.0,0.000735,0.000735
aten::fill_,"[[8148,640],[]]","[""int"",""Scalar""]",right_only,[],"[""operator_shape_matched""]",0,1,0,21,0.0,133.475,0.0,0.001083,0.001083
aten::fill_,"[[8148],[]]","[""int"",""int""]",both,"[""operator_shape_matched""]","[""operator_shape_matched""]",1,1,2,2,2.017,2.272,1.6e-05,1.8e-05,2e-06
aten::fill_,"[[8150,128],[]]","[""int"",""Scalar""]",right_only,[],"[""operator_shape_matched""]",0,1,0,2,0.0,4.031,0.0,3.3e-05,3.3e-05
aten::fill_,"[[8150,384],[]]","[""int"",""Scalar""]",right_only,[],"[""operator_shape_matched""]",0,1,0,20,0.0,90.305,0.0,0.000732,0.000732
aten::fill_,"[[8150,640],[]]","[""int"",""Scalar""]",right_only,[],"[""operator_shape_matched""]",0,1,0,21,0.0,133.315,0.0,0.001081,0.001081
aten::fill_,"[[8150],[]]","[""int"",""int""]",both,"[""operator_shape_matched""]","[""operator_shape_matched""]",1,1,2,2,2.016,2.208,1.6e-05,1.8e-05,2e-06
aten::fill_,"[[8152,128],[]]","[""int"",""Scalar""]",right_only,[],"[""operator_shape_matched""]",0,1,0,2,0.0,4.033,0.0,3.3e-05,3.3e-05
aten::fill_,"[[8152,384],[]]","[""int"",""Scalar""]",right_only,[],"[""operator_shape_matched""]",0,1,0,20,0.0,91.49,0.0,0.000742,0.000742
aten::fill_,"[[8152,640],[]]","[""int"",""Scalar""]",right_only,[],"[""operator_shape_matched""]",0,1,0,21,0.0,133.571,0.0,0.001083,0.001083
aten::fill_,"[[8152],[]]","[""int"",""int""]",both,"[""operator_shape_matched""]","[""operator_shape_matched""]",1,1,2,2,2.017,2.272,1.6e-05,1.8e-05,2e-06
aten::fill_,"[[8154,128],[]]","[""int"",""Scalar""]",right_only,[],"[""operator_shape_matched""]",0,1,0,2,0.0,4.128,0.0,3.3e-05,3.3e-05
aten::fill_,"[[8154,384],[]]","[""int"",""Scalar""]",right_only,[],"[""operator_shape_matched""]",0,1,0,20,0.0,89.859,0.0,0.000729,0.000729
aten::fill_,"[[8154,640],[]]","[""int"",""Scalar""]",right_only,[],"[""operator_shape_matched""]",0,1,0,21,0.0,135.106,0.0,0.001096,0.001096
aten::fill_,"[[8154],[]]","[""int"",""int""]",both,"[""operator_shape_matched""]","[""operator_shape_matched""]",1,1,2,2,2.015,2.272,1.6e-05,1.8e-05,3e-06
aten::fill_,"[[8156,128],[]]","[""int"",""Scalar""]",right_only,[],"[""operator_shape_matched""]",0,1,0,2,0.0,4.096,0.0,3.3e-05,3.3e-05
aten::fill_,"[[8156,384],[]]","[""int"",""Scalar""]",right_only,[],"[""operator_shape_matched""]",0,1,0,20,0.0,89.568,0.0,0.000726,0.000726
aten::fill_,"[[8156,640],[]]","[""int"",""Scalar""]",right_only,[],"[""operator_shape_matched""]",0,1,0,21,0.0,133.858,0.0,0.001086,0.001086
aten::fill_,"[[8156],[]]","[""int"",""int""]",both,"[""operator_shape_matched""]","[""operator_shape_matched""]",1,1,2,2,1.984,2.304,1.6e-05,1.9e-05,3e-06
aten::fill_,"[[8158,128],[]]","[""int"",""Scalar""]",right_only,[],"[""operator_shape_matched""]",0,1,0,2,0.0,4.159,0.0,3.4e-05,3.4e-05
aten::fill_,"[[8158,384],[]]","[""int"",""Scalar""]",right_only,[],"[""operator_shape_matched""]",0,1,0,20,0.0,89.088,0.0,0.000723,0.000723
aten::fill_,"[[8158,640],[]]","[""int"",""Scalar""]",right_only,[],"[""operator_shape_matched""]",0,1,0,21,0.0,133.664,0.0,0.001084,0.001084
aten::fill_,"[[8158],[]]","[""int"",""int""]",both,"[""operator_shape_matched""]","[""operator_shape_matched""]",1,1,2,2,1.984,2.208,1.6e-05,1.8e-05,2e-06
aten::fill_,"[[8160,128],[]]","[""int"",""Scalar""]",right_only,[],"[""operator_shape_matched""]",0,1,0,2,0.0,4.096,0.0,3.3e-05,3.3e-05
aten::fill_,"[[8160,384],[]]","[""int"",""Scalar""]",right_only,[],"[""operator_shape_matched""]",0,1,0,20,0.0,89.573,0.0,0.000727,0.000727
aten::fill_,"[[8160,640],[]]","[""int"",""Scalar""]",right_only,[],"[""operator_shape_matched""]",0,1,0,21,0.0,135.936,0.0,0.001103,0.001103
aten::fill_,"[[8160],[]]","[""int"",""int""]",both,"[""operator_shape_matched""]","[""operator_shape_matched""]",1,1,18,18,17.409,20.385,0.000138,0.000165,2.8e-05
aten::fill_,"[[8162,128],[]]","[""int"",""Scalar""]",right_only,[],"[""operator_shape_matched""]",0,1,0,2,0.0,4.065,0.0,3.3e-05,3.3e-05
aten::fill_,"[[8162,384],[]]","[""int"",""Scalar""]",right_only,[],"[""operator_shape_matched""]",0,1,0,20,0.0,91.841,0.0,0.000745,0.000745
aten::fill_,"[[8162,640],[]]","[""int"",""Scalar""]",right_only,[],"[""operator_shape_matched""]",0,1,0,21,0.0,134.947,0.0,0.001095,0.001095
aten::fill_,"[[8162],[]]","[""int"",""int""]",both,"[""operator_shape_matched""]","[""operator_shape_matched""]",1,1,2,2,2.017,2.208,1.6e-05,1.8e-05,2e-06
aten::fill_,"[[8164,128],[]]","[""int"",""Scalar""]",right_only,[],"[""operator_shape_matched""]",0,1,0,2,0.0,4.256,0.0,3.5e-05,3.5e-05
aten::fill_,"[[8164,384],[]]","[""int"",""Scalar""]",right_only,[],"[""operator_shape_matched""]",0,1,0,20,0.0,90.72,0.0,0.000736,0.000736
aten::fill_,"[[8164,640],[]]","[""int"",""Scalar""]",right_only,[],"[""operator_shape_matched""]",0,1,0,21,0.0,134.407,0.0,0.00109,0.00109
aten::fill_,"[[8164],[]]","[""int"",""int""]",both,"[""operator_shape_matched""]","[""operator_shape_matched""]",1,1,2,2,2.017,2.208,1.6e-05,1.8e-05,2e-06
aten::fill_,"[[8166,128],[]]","[""int"",""Scalar""]",right_only,[],"[""operator_shape_matched""]",0,1,0,2,0.0,4.033,0.0,3.3e-05,3.3e-05
aten::fill_,"[[8166,384],[]]","[""int"",""Scalar""]",right_only,[],"[""operator_shape_matched""]",0,1,0,20,0.0,90.756,0.0,0.000736,0.000736
aten::fill_,"[[8166,640],[]]","[""int"",""Scalar""]",right_only,[],"[""operator_shape_matched""]",0,1,0,21,0.0,136.42,0.0,0.001106,0.001106
aten::fill_,"[[8166],[]]","[""int"",""int""]",both,"[""operator_shape_matched""]","[""operator_shape_matched""]",1,1,2,2,1.984,2.272,1.6e-05,1.8e-05,3e-06
aten::fill_,"[[8168,128],[]]","[""int"",""Scalar""]",right_only,[],"[""operator_shape_matched""]",0,1,0,2,0.0,4.096,0.0,3.3e-05,3.3e-05
aten::fill_,"[[8168,384],[]]","[""int"",""Scalar""]",right_only,[],"[""operator_shape_matched""]",0,1,0,20,0.0,90.049,0.0,0.00073,0.00073
aten::fill_,"[[8168,640],[]]","[""int"",""Scalar""]",right_only,[],"[""operator_shape_matched""]",0,1,0,21,0.0,136.065,0.0,0.001104,0.001104
aten::fill_,"[[8168],[]]","[""int"",""int""]",both,"[""operator_shape_matched""]","[""operator_shape_matched""]",1,1,2,2,2.048,2.241,1.6e-05,1.8e-05,2e-06
aten::fill_,"[[8170,128],[]]","[""int"",""Scalar""]",right_only,[],"[""operator_shape_matched""]",0,1,0,2,0.0,4.16,0.0,3.4e-05,3.4e-05
aten::fill_,"[[8170,384],[]]","[""int"",""Scalar""]",right_only,[],"[""operator_shape_matched""]",0,1,0,20,0.0,90.37,0.0,0.000733,0.000733
aten::fill_,"[[8170,640],[]]","[""int"",""Scalar""]",right_only,[],"[""operator_shape_matched""]",0,1,0,21,0.0,137.668,0.0,0.001117,0.001117
aten::fill_,"[[8170],[]]","[""int"",""int""]",both,"[""operator_shape_matched""]","[""operator_shape_matched""]",1,1,2,2,1.985,2.272,1.6e-05,1.8e-05,3e-06
aten::fill_,"[[8172,128],[]]","[""int"",""Scalar""]",right_only,[],"[""operator_shape_matched""]",0,1,0,2,0.0,4.352,0.0,3.5e-05,3.5e-05
aten::fill_,"[[8172,384],[]]","[""int"",""Scalar""]",right_only,[],"[""operator_shape_matched""]",0,1,0,20,0.0,90.116,0.0,0.000731,0.000731
aten::fill_,"[[8172,640],[]]","[""int"",""Scalar""]",right_only,[],"[""operator_shape_matched""]",0,1,0,21,0.0,137.701,0.0,0.001117,0.001117
aten::fill_,"[[8172],[]]","[""int"",""int""]",both,"[""operator_shape_matched""]","[""operator_shape_matched""]",1,1,2,2,2.016,2.208,1.6e-05,1.8e-05,2e-06
aten::fill_,"[[8174,128],[]]","[""int"",""Scalar""]",right_only,[],"[""operator_shape_matched""]",0,1,0,2,0.0,4.096,0.0,3.3e-05,3.3e-05
aten::fill_,"[[8174,384],[]]","[""int"",""Scalar""]",right_only,[],"[""operator_shape_matched""]",0,1,0,20,0.0,90.881,0.0,0.000737,0.000737
aten::fill_,"[[8174,640],[]]","[""int"",""Scalar""]",right_only,[],"[""operator_shape_matched""]",0,1,0,21,0.0,138.658,0.0,0.001125,0.001125
aten::fill_,"[[8174],[]]","[""int"",""int""]",both,"[""operator_shape_matched""]","[""operator_shape_matched""]",1,1,2,2,2.015,2.272,1.6e-05,1.8e-05,3e-06
aten::fill_,"[[8176,128],[]]","[""int"",""Scalar""]",right_only,[],"[""operator_shape_matched""]",0,1,0,2,0.0,4.128,0.0,3.3e-05,3.3e-05
aten::fill_,"[[8176,384],[]]","[""int"",""Scalar""]",right_only,[],"[""operator_shape_matched""]",0,1,0,20,0.0,90.433,0.0,0.000733,0.000733
aten::fill_,"[[8176,640],[]]","[""int"",""Scalar""]",right_only,[],"[""operator_shape_matched""]",0,1,0,21,0.0,139.333,0.0,0.00113,0.00113
aten::fill_,"[[8176],[]]","[""int"",""int""]",both,"[""operator_shape_matched""]","[""operator_shape_matched""]",1,1,10,10,9.633,11.427,7.6e-05,9.3e-05,1.7e-05
aten::fill_,"[[8178,128],[]]","[""int"",""Scalar""]",right_only,[],"[""operator_shape_matched""]",0,1,0,2,0.0,4.064,0.0,3.3e-05,3.3e-05
aten::fill_,"[[8178,384],[]]","[""int"",""Scalar""]",right_only,[],"[""operator_shape_matched""]",0,1,0,20,0.0,90.912,0.0,0.000737,0.000737
aten::fill_,"[[8178,640],[]]","[""int"",""Scalar""]",right_only,[],"[""operator_shape_matched""]",0,1,0,21,0.0,138.18,0.0,0.001121,0.001121
aten::fill_,"[[8178],[]]","[""int"",""int""]",both,"[""operator_shape_matched""]","[""operator_shape_matched""]",1,1,2,2,1.984,2.208,1.6e-05,1.8e-05,2e-06
aten::fill_,"[[8180,128],[]]","[""int"",""Scalar""]",right_only,[],"[""operator_shape_matched""]",0,1,0,2,0.0,4.096,0.0,3.3e-05,3.3e-05
aten::fill_,"[[8180,384],[]]","[""int"",""Scalar""]",right_only,[],"[""operator_shape_matched""]",0,1,0,20,0.0,90.563,0.0,0.000735,0.000735
aten::fill_,"[[8180,640],[]]","[""int"",""Scalar""]",right_only,[],"[""operator_shape_matched""]",0,1,0,21,0.0,139.974,0.0,0.001135,0.001135
aten::fill_,"[[8180],[]]","[""int"",""int""]",both,"[""operator_shape_matched""]","[""operator_shape_matched""]",1,1,2,2,1.985,2.305,1.6e-05,1.9e-05,3e-06
aten::fill_,"[[8182,128],[]]","[""int"",""Scalar""]",right_only,[],"[""operator_shape_matched""]",0,1,0,2,0.0,4.064,0.0,3.3e-05,3.3e-05
aten::fill_,"[[8182,384],[]]","[""int"",""Scalar""]",right_only,[],"[""operator_shape_matched""]",0,1,0,20,0.0,90.53,0.0,0.000734,0.000734
aten::fill_,"[[8182,640],[]]","[""int"",""Scalar""]",right_only,[],"[""operator_shape_matched""]",0,1,0,21,0.0,140.515,0.0,0.00114,0.00114
aten::fill_,"[[8182],[]]","[""int"",""int""]",both,"[""operator_shape_matched""]","[""operator_shape_matched""]",1,1,2,2,1.985,2.24,1.6e-05,1.8e-05,2e-06
aten::fill_,"[[8184,128],[]]","[""int"",""Scalar""]",right_only,[],"[""operator_shape_matched""]",0,1,0,2,0.0,4.096,0.0,3.3e-05,3.3e-05
aten::fill_,"[[8184,384],[]]","[""int"",""Scalar""]",right_only,[],"[""operator_shape_matched""]",0,1,0,20,0.0,91.079,0.0,0.000739,0.000739
aten::fill_,"[[8184,640],[]]","[""int"",""Scalar""]",right_only,[],"[""operator_shape_matched""]",0,1,0,21,0.0,139.941,0.0,0.001135,0.001135
aten::fill_,"[[8184],[]]","[""int"",""int""]",both,"[""operator_shape_matched""]","[""operator_shape_matched""]",1,1,6,6,6.048,6.848,4.8e-05,5.6e-05,8e-06
aten::fill_,"[[8186,128],[]]","[""int"",""Scalar""]",right_only,[],"[""operator_shape_matched""]",0,1,0,2,0.0,4.064,0.0,3.3e-05,3.3e-05
aten::fill_,"[[8186,384],[]]","[""int"",""Scalar""]",right_only,[],"[""operator_shape_matched""]",0,1,0,20,0.0,90.916,0.0,0.000737,0.000737
aten::fill_,"[[8186,640],[]]","[""int"",""Scalar""]",right_only,[],"[""operator_shape_matched""]",0,1,0,21,0.0,139.459,0.0,0.001131,0.001131
aten::fill_,"[[8186],[]]","[""int"",""int""]",both,"[""operator_shape_matched""]","[""operator_shape_matched""]",1,1,2,2,1.984,2.272,1.6e-05,1.8e-05,3e-06
aten::fill_,"[[8188,128],[]]","[""int"",""Scalar""]",right_only,[],"[""operator_shape_matched""]",0,1,0,2,0.0,4.128,0.0,3.3e-05,3.3e-05
aten::fill_,"[[8188,384],[]]","[""int"",""Scalar""]",right_only,[],"[""operator_shape_matched""]",0,1,0,20,0.0,90.402,0.0,0.000733,0.000733
aten::fill_,"[[8188,640],[]]","[""int"",""Scalar""]",right_only,[],"[""operator_shape_matched""]",0,1,0,21,0.0,141.701,0.0,0.001149,0.001149
aten::fill_,"[[8188],[]]","[""int"",""int""]",both,"[""operator_shape_matched""]","[""operator_shape_matched""]",1,1,4,4,3.999,4.576,3.2e-05,3.7e-05,6e-06
aten::fill_,"[[8189,128],[]]","[""int"",""Scalar""]",right_only,[],"[""operator_shape_matched""]",0,1,0,2,0.0,4.191,0.0,3.4e-05,3.4e-05
aten::fill_,"[[8189,384],[]]","[""int"",""Scalar""]",right_only,[],"[""operator_shape_matched""]",0,1,0,20,0.0,91.778,0.0,0.000744,0.000744
aten::fill_,"[[8189,640],[]]","[""int"",""Scalar""]",right_only,[],"[""operator_shape_matched""]",0,1,0,21,0.0,141.413,0.0,0.001147,0.001147
aten::fill_,"[[8189],[]]","[""int"",""int""]",both,"[""operator_shape_matched""]","[""operator_shape_matched""]",1,1,2,2,1.984,1.985,1.6e-05,1.6e-05,0.0
aten::fill_,"[[8190],[]]","[""int"",""int""]",both,"[""operator_shape_matched""]","[""operator_shape_matched""]",1,1,2,2,1.953,2.305,1.5e-05,1.9e-05,3e-06
aten::fill_,"[[8191,128],[]]","[""int"",""Scalar""]",right_only,[],"[""operator_shape_matched""]",0,1,0,2,0.0,4.032,0.0,3.3e-05,3.3e-05
aten::fill_,"[[8191,384],[]]","[""int"",""Scalar""]",right_only,[],"[""operator_shape_matched""]",0,1,0,20,0.0,91.043,0.0,0.000738,0.000738
aten::fill_,"[[8191,640],[]]","[""int"",""Scalar""]",right_only,[],"[""operator_shape_matched""]",0,1,0,21,0.0,143.813,0.0,0.001166,0.001166
aten::fill_,"[[8191],[]]","[""int"",""int""]",both,"[""operator_shape_matched""]","[""operator_shape_matched""]",1,1,2,2,1.984,1.952,1.6e-05,1.6e-05,0.0
aten::fill_,"[[8192,512],[]]","[""int"",""int""]",both,"[""operator_shape_matched""]","[""operator_shape_matched""]",1,1,651,651,5551.361,4807.81,0.043849,0.038996,-0.004854
aten::fill_,"[[8192],[]]","[""int"",""Scalar""]",both,"[""operator_shape_matched""]","[""operator_shape_matched""]",1,1,576,576,572.388,559.181,0.004521,0.004535,1.4e-05
aten::fill_,"[[8192],[]]","[""long int"",""Scalar""]",both,"[""operator_shape_matched""]","[""operator_shape_matched""]",1,1,864,864,835.312,884.689,0.006598,0.007176,0.000578
aten::fill_,"[[8],[]]","[""int"",""Scalar""]",both,"[""operator_shape_matched""]","[""operator_shape_matched""]",1,1,1,1,0.928,1.024,7e-06,8e-06,1e-06
aten::fill_,"[[8],[]]","[""long int"",""Scalar""]",both,"[""operator_shape_matched""]","[""operator_shape_matched""]",1,1,10,12,8.959,11.905,7.1e-05,9.7e-05,2.6e-05
aten::fill_,"[[9],[]]","[""int"",""Scalar""]",both,"[""operator_shape_matched""]","[""operator_shape_matched""]",1,1,1,1,0.96,0.992,8e-06,8e-06,0.0
aten::floor_divide,"[[10],[]]","[""int"",""long int""]",both,"[""operator_shape_matched""]","[""operator_shape_matched""]",1,1,1,1,1.024,1.408,8e-06,1.1e-05,3e-06
aten::floor_divide,"[[11],[]]","[""int"",""long int""]",both,"[""operator_shape_matched""]","[""operator_shape_matched""]",1,1,1,1,1.056,1.441,8e-06,1.2e-05,3e-06
aten::floor_divide,"[[12],[]]","[""int"",""long int""]",both,"[""operator_shape_matched""]","[""operator_shape_matched""]",1,1,1,1,1.024,1.377,8e-06,1.1e-05,3e-06
aten::floor_divide,"[[13],[]]","[""int"",""long int""]",both,"[""operator_shape_matched""]","[""operator_shape_matched""]",1,1,1,1,1.056,1.408,8e-06,1.1e-05,3e-06
aten::floor_divide,"[[14],[]]","[""int"",""long int""]",both,"[""operator_shape_matched""]","[""operator_shape_matched""]",1,1,1,1,1.023,1.408,8e-06,1.1e-05,3e-06
aten::floor_divide,"[[15],[]]","[""int"",""long int""]",both,"[""operator_shape_matched""]","[""operator_shape_matched""]",1,1,1,1,1.024,1.407,8e-06,1.1e-05,3e-06
aten::floor_divide,"[[16],[]]","[""int"",""long int""]",both,"[""operator_shape_matched""]","[""operator_shape_matched""]",1,1,9,9,9.411,12.864,7.4e-05,0.000104,3e-05
aten::floor_divide,"[[17],[]]","[""int"",""long int""]",both,"[""operator_shape_matched""]","[""operator_shape_matched""]",1,1,1,1,1.024,1.408,8e-06,1.1e-05,3e-06
aten::floor_divide,"[[18],[]]","[""int"",""long int""]",both,"[""operator_shape_matched""]","[""operator_shape_matched""]",1,1,1,1,1.024,1.408,8e-06,1.1e-05,3e-06
aten::floor_divide,"[[19],[]]","[""int"",""long int""]",both,"[""operator_shape_matched""]","[""operator_shape_matched""]",1,1,1,1,1.056,1.537,8e-06,1.2e-05,4e-06
aten::floor_divide,"[[1],[]]","[""int"",""long int""]",both,"[""operator_shape_matched""]","[""operator_shape_matched""]",1,1,43,43,53.185,70.82,0.00042,0.000574,0.000154
aten::floor_divide,"[[20],[]]","[""int"",""long int""]",both,"[""operator_shape_matched""]","[""operator_shape_matched""]",1,1,1,1,1.024,1.408,8e-06,1.1e-05,3e-06
aten::floor_divide,"[[21],[]]","[""int"",""long int""]",both,"[""operator_shape_matched""]","[""operator_shape_matched""]",1,1,1,1,1.056,1.408,8e-06,1.1e-05,3e-06
aten::floor_divide,"[[22],[]]","[""int"",""long int""]",both,"[""operator_shape_matched""]","[""operator_shape_matched""]",1,1,1,1,1.024,1.408,8e-06,1.1e-05,3e-06
aten::floor_divide,"[[23],[]]","[""int"",""long int""]",both,"[""operator_shape_matched""]","[""operator_shape_matched""]",1,1,1,1,1.056,1.409,8e-06,1.1e-05,3e-06
aten::floor_divide,"[[24],[]]","[""int"",""long int""]",both,"[""operator_shape_matched""]","[""operator_shape_matched""]",1,1,1,1,1.024,1.376,8e-06,1.1e-05,3e-06
aten::floor_divide,"[[25],[]]","[""int"",""long int""]",both,"[""operator_shape_matched""]","[""operator_shape_matched""]",1,1,1,1,1.057,1.408,8e-06,1.1e-05,3e-06
aten::floor_divide,"[[26],[]]","[""int"",""long int""]",both,"[""operator_shape_matched""]","[""operator_shape_matched""]",1,1,1,1,1.025,1.376,8e-06,1.1e-05,3e-06
aten::floor_divide,"[[27],[]]","[""int"",""long int""]",both,"[""operator_shape_matched""]","[""operator_shape_matched""]",1,1,1,1,1.056,1.473,8e-06,1.2e-05,4e-06
aten::floor_divide,"[[28],[]]","[""int"",""long int""]",both,"[""operator_shape_matched""]","[""operator_shape_matched""]",1,1,1,1,1.025,1.376,8e-06,1.1e-05,3e-06
aten::floor_divide,"[[29],[]]","[""int"",""long int""]",both,"[""operator_shape_matched""]","[""operator_shape_matched""]",1,1,1,1,1.056,1.408,8e-06,1.1e-05,3e-06
aten::floor_divide,"[[2],[]]","[""int"",""long int""]",both,"[""operator_shape_matched""]","[""operator_shape_matched""]",1,3,125,125,155.432,188.991,0.001228,0.001533,0.000305
aten::floor_divide,"[[30],[]]","[""int"",""long int""]",both,"[""operator_shape_matched""]","[""operator_shape_matched""]",1,1,1,1,1.056,1.377,8e-06,1.1e-05,3e-06
aten::floor_divide,"[[31],[]]","[""int"",""long int""]",both,"[""operator_shape_matched""]","[""operator_shape_matched""]",1,1,1,1,1.057,1.408,8e-06,1.1e-05,3e-06
aten::floor_divide,"[[32],[]]","[""int"",""long int""]",both,"[""operator_shape_matched""]","[""operator_shape_matched""]",1,1,17,17,17.725,24.033,0.00014,0.000195,5.5e-05
aten::floor_divide,"[[33],[]]","[""int"",""long int""]",both,"[""operator_shape_matched""]","[""operator_shape_matched""]",1,1,1,1,1.024,1.472,8e-06,1.2e-05,4e-06
aten::floor_divide,"[[34],[]]","[""int"",""long int""]",both,"[""operator_shape_matched""]","[""operator_shape_matched""]",1,1,1,1,1.024,1.408,8e-06,1.1e-05,3e-06
aten::floor_divide,"[[35],[]]","[""int"",""long int""]",both,"[""operator_shape_matched""]","[""operator_shape_matched""]",1,1,1,1,1.056,1.408,8e-06,1.1e-05,3e-06
aten::floor_divide,"[[36],[]]","[""int"",""long int""]",both,"[""operator_shape_matched""]","[""operator_shape_matched""]",1,1,1,1,0.992,1.408,8e-06,1.1e-05,4e-06
aten::floor_divide,"[[37],[]]","[""int"",""long int""]",both,"[""operator_shape_matched""]","[""operator_shape_matched""]",1,1,1,1,1.023,1.409,8e-06,1.1e-05,3e-06
aten::floor_divide,"[[38],[]]","[""int"",""long int""]",both,"[""operator_shape_matched""]","[""operator_shape_matched""]",1,1,1,1,1.024,1.408,8e-06,1.1e-05,3e-06
aten::floor_divide,"[[39],[]]","[""int"",""long int""]",both,"[""operator_shape_matched""]","[""operator_shape_matched""]",1,1,1,1,1.024,1.408,8e-06,1.1e-05,3e-06
aten::floor_divide,"[[3],[]]","[""int"",""long int""]",both,"[""operator_shape_matched""]","[""operator_shape_matched""]",1,2,1191,1191,1507.899,1998.655,0.011911,0.016211,0.0043
aten::floor_divide,"[[40],[]]","[""int"",""long int""]",both,"[""operator_shape_matched""]","[""operator_shape_matched""]",1,1,1,1,1.024,1.408,8e-06,1.1e-05,3e-06
aten::floor_divide,"[[41],[]]","[""int"",""long int""]",both,"[""operator_shape_matched""]","[""operator_shape_matched""]",1,1,1,1,1.056,1.408,8e-06,1.1e-05,3e-06
aten::floor_divide,"[[42],[]]","[""int"",""long int""]",both,"[""operator_shape_matched""]","[""operator_shape_matched""]",1,1,1,1,1.024,1.408,8e-06,1.1e-05,3e-06
aten::floor_divide,"[[43],[]]","[""int"",""long int""]",both,"[""operator_shape_matched""]","[""operator_shape_matched""]",1,1,1,1,1.056,1.408,8e-06,1.1e-05,3e-06
aten::floor_divide,"[[44],[]]","[""int"",""long int""]",both,"[""operator_shape_matched""]","[""operator_shape_matched""]",1,1,1,1,1.025,1.376,8e-06,1.1e-05,3e-06
aten::floor_divide,"[[45],[]]","[""int"",""long int""]",both,"[""operator_shape_matched""]","[""operator_shape_matched""]",1,1,1,1,1.056,1.408,8e-06,1.1e-05,3e-06
aten::floor_divide,"[[46],[]]","[""int"",""long int""]",both,"[""operator_shape_matched""]","[""operator_shape_matched""]",1,1,1,1,1.056,1.376,8e-06,1.1e-05,3e-06
aten::floor_divide,"[[47],[]]","[""int"",""long int""]",both,"[""operator_shape_matched""]","[""operator_shape_matched""]",1,1,1,1,1.184,1.408,9e-06,1.1e-05,2e-06
aten::floor_divide,"[[48],[]]","[""int"",""long int""]",both,"[""operator_shape_matched""]","[""operator_shape_matched""]",1,1,1,1,1.056,1.375,8e-06,1.1e-05,3e-06
aten::floor_divide,"[[49],[]]","[""int"",""long int""]",both,"[""operator_shape_matched""]","[""operator_shape_matched""]",1,1,1,1,1.056,1.409,8e-06,1.1e-05,3e-06
aten::floor_divide,"[[4],[]]","[""int"",""long int""]",both,"[""operator_shape_matched""]","[""operator_shape_matched""]",1,1,3,3,3.135,4.225,2.5e-05,3.4e-05,1e-05
aten::floor_divide,"[[50],[]]","[""int"",""long int""]",both,"[""operator_shape_matched""]","[""operator_shape_matched""]",1,1,1,1,1.024,1.408,8e-06,1.1e-05,3e-06
aten::floor_divide,"[[51],[]]","[""int"",""long int""]",both,"[""operator_shape_matched""]","[""operator_shape_matched""]",1,1,1,1,1.184,1.408,9e-06,1.1e-05,2e-06
aten::floor_divide,"[[52],[]]","[""int"",""long int""]",both,"[""operator_shape_matched""]","[""operator_shape_matched""]",1,1,1,1,1.024,1.408,8e-06,1.1e-05,3e-06
aten::floor_divide,"[[53],[]]","[""int"",""long int""]",both,"[""operator_shape_matched""]","[""operator_shape_matched""]",1,1,1,1,1.024,1.408,8e-06,1.1e-05,3e-06
aten::floor_divide,"[[54],[]]","[""int"",""long int""]",both,"[""operator_shape_matched""]","[""operator_shape_matched""]",1,1,1,1,1.024,1.376,8e-06,1.1e-05,3e-06
aten::floor_divide,"[[55],[]]","[""int"",""long int""]",both,"[""operator_shape_matched""]","[""operator_shape_matched""]",1,1,1,1,1.056,1.408,8e-06,1.1e-05,3e-06
aten::floor_divide,"[[56],[]]","[""int"",""long int""]",both,"[""operator_shape_matched""]","[""operator_shape_matched""]",1,1,1,1,1.056,1.376,8e-06,1.1e-05,3e-06
aten::floor_divide,"[[57],[]]","[""int"",""long int""]",both,"[""operator_shape_matched""]","[""operator_shape_matched""]",1,1,1,1,1.057,1.408,8e-06,1.1e-05,3e-06
aten::floor_divide,"[[58],[]]","[""int"",""long int""]",both,"[""operator_shape_matched""]","[""operator_shape_matched""]",1,1,1,1,1.023,1.376,8e-06,1.1e-05,3e-06
aten::floor_divide,"[[59],[]]","[""int"",""long int""]",both,"[""operator_shape_matched""]","[""operator_shape_matched""]",1,1,1,1,1.056,1.408,8e-06,1.1e-05,3e-06
aten::floor_divide,"[[5],[]]","[""int"",""long int""]",both,"[""operator_shape_matched""]","[""operator_shape_matched""]",1,1,1,1,1.057,1.408,8e-06,1.1e-05,3e-06
aten::floor_divide,"[[60],[]]","[""int"",""long int""]",both,"[""operator_shape_matched""]","[""operator_shape_matched""]",1,1,1,1,1.056,1.376,8e-06,1.1e-05,3e-06
aten::floor_divide,"[[61],[]]","[""int"",""long int""]",both,"[""operator_shape_matched""]","[""operator_shape_matched""]",1,1,1,1,1.12,1.408,9e-06,1.1e-05,3e-06
aten::floor_divide,"[[62],[]]","[""int"",""long int""]",both,"[""operator_shape_matched""]","[""operator_shape_matched""]",1,1,1,1,1.056,1.408,8e-06,1.1e-05,3e-06
aten::floor_divide,"[[63],[]]","[""int"",""long int""]",both,"[""operator_shape_matched""]","[""operator_shape_matched""]",1,1,1,1,1.056,1.408,8e-06,1.1e-05,3e-06
aten::floor_divide,"[[64],[]]","[""int"",""long int""]",both,"[""operator_shape_matched""]","[""operator_shape_matched""]",1,1,479,479,501.927,674.144,0.003965,0.005468,0.001503
aten::floor_divide,"[[6],[]]","[""int"",""long int""]",both,"[""operator_shape_matched""]","[""operator_shape_matched""]",1,1,1,1,1.024,1.409,8e-06,1.1e-05,3e-06
aten::floor_divide,"[[7],[]]","[""int"",""long int""]",both,"[""operator_shape_matched""]","[""operator_shape_matched""]",1,1,1,1,1.056,1.44,8e-06,1.2e-05,3e-06
aten::floor_divide,"[[8],[]]","[""int"",""long int""]",both,"[""operator_shape_matched""]","[""operator_shape_matched""]",1,1,5,5,5.408,7.392,4.3e-05,6e-05,1.7e-05
aten::floor_divide,"[[9],[]]","[""int"",""long int""]",both,"[""operator_shape_matched""]","[""operator_shape_matched""]",1,1,1,1,1.056,1.408,8e-06,1.1e-05,3e-06
aten::full,"[[],[],[],[],[],[]]","[""ScalarList"",""Scalar"",""Scalar"","""","""",""Scalar""]",left_only,"[""operator_shape_matched""]",[],1,0,1419,0,8093.958,0.0,0.063933,0.0,-0.063933
aten::gather,"[[16160,4096],[],[4096,4096],[],[4096,4096]]","[""c10::BFloat16"",""Scalar"",""long int"",""Scalar"",""c10::BFloat16""]",right_only,[],"[""operator_shape_matched""]",0,1,0,1,0.0,11.424,0.0,9.3e-05,9.3e-05
aten::gather,"[[16160,4096],[],[5089,4096],[],[5089,4096]]","[""c10::BFloat16"",""Scalar"",""long int"",""Scalar"",""c10::BFloat16""]",right_only,[],"[""operator_shape_matched""]",0,1,0,1,0.0,15.2,0.0,0.000123,0.000123
aten::gather,"[[16160,4096],[],[8192,4096],[],[8192,4096]]","[""c10::BFloat16"",""Scalar"",""long int"",""Scalar"",""c10::BFloat16""]",right_only,[],"[""operator_shape_matched""]",0,1,0,31,0.0,697.679,0.0,0.005659,0.005659
aten::ge,"[[16],[]]","[""long int"",""Scalar""]",both,"[""operator_shape_matched""]","[""operator_shape_matched""]",1,1,8,8,8.641,10.304,6.8e-05,8.4e-05,1.5e-05
aten::ge,"[[2],[]]","[""long int"",""Scalar""]",both,"[""operator_shape_matched""]","[""operator_shape_matched""]",1,1,2,2,2.176,2.561,1.7e-05,2.1e-05,4e-06
aten::ge,"[[32],[]]","[""long int"",""Scalar""]",both,"[""operator_shape_matched""]","[""operator_shape_matched""]",1,1,16,16,17.12,20.896,0.000135,0.000169,3.4e-05
aten::ge,"[[4096],[]]","[""long int"",""Scalar""]",both,"[""operator_shape_matched""]","[""operator_shape_matched""]",1,1,2,2,2.401,2.592,1.9e-05,2.1e-05,2e-06
aten::ge,"[[4],[]]","[""long int"",""Scalar""]",both,"[""operator_shape_matched""]","[""operator_shape_matched""]",1,1,2,2,2.208,2.559,1.7e-05,2.1e-05,3e-06
aten::ge,"[[5089],[]]","[""long int"",""Scalar""]",both,"[""operator_shape_matched""]","[""operator_shape_matched""]",1,1,2,2,2.401,2.913,1.9e-05,2.4e-05,5e-06
aten::ge,"[[64],[]]","[""long int"",""Scalar""]",both,"[""operator_shape_matched""]","[""operator_shape_matched""]",1,1,478,478,513.295,621.811,0.004054,0.005043,0.000989
aten::ge,"[[8192],[]]","[""long int"",""Scalar""]",both,"[""operator_shape_matched""]","[""operator_shape_matched""]",1,1,62,62,75.005,79.586,0.000592,0.000646,5.3e-05
aten::ge,"[[8],[]]","[""long int"",""Scalar""]",both,"[""operator_shape_matched""]","[""operator_shape_matched""]",1,1,4,4,4.288,5.345,3.4e-05,4.3e-05,9e-06
aten::index,"[[16,4096],[]]","[""c10::BFloat16"",""""]",both,"[""operator_shape_matched""]","[""operator_shape_matched""]",1,1,4,4,6.753,6.529,5.3e-05,5.3e-05,-0.0
aten::index,"[[2,4096],[]]","[""c10::BFloat16"",""""]",both,"[""operator_shape_matched""]","[""operator_shape_matched""]",1,1,1,1,1.696,1.632,1.3e-05,1.3e-05,-0.0
aten::index,"[[32,4096],[]]","[""c10::BFloat16"",""""]",both,"[""operator_shape_matched""]","[""operator_shape_matched""]",1,1,8,8,12.833,12.737,0.000101,0.000103,2e-06
aten::index,"[[4,4096],[]]","[""c10::BFloat16"",""""]",both,"[""operator_shape_matched""]","[""operator_shape_matched""]",1,1,1,1,1.44,1.472,1.1e-05,1.2e-05,1e-06
aten::index,"[[4096,4096],[]]","[""c10::BFloat16"",""""]",both,"[""operator_shape_matched""]","[""operator_shape_matched""]",1,1,1,1,3.328,3.232,2.6e-05,2.6e-05,-0.0
aten::index,"[[5089,4096],[]]","[""c10::BFloat16"",""""]",both,"[""operator_shape_matched""]","[""operator_shape_matched""]",1,1,1,1,2.304,2.24,1.8e-05,1.8e-05,-0.0
aten::index,"[[64,4096],[]]","[""c10::BFloat16"",""""]",both,"[""operator_shape_matched""]","[""operator_shape_matched""]",1,1,239,239,415.343,404.324,0.003281,0.003279,-1e-06
aten::index,"[[64],[]]","[""int"",""""]",both,"[""operator_shape_matched""]","[""operator_shape_matched""]",1,1,288,288,574.133,584.23,0.004535,0.004739,0.000204
aten::index,"[[8,4096],[]]","[""c10::BFloat16"",""""]",both,"[""operator_shape_matched""]","[""operator_shape_matched""]",1,1,2,2,3.135,3.072,2.5e-05,2.5e-05,0.0
aten::index,"[[8192,4096],[]]","[""c10::BFloat16"",""""]",both,"[""operator_shape_matched""]","[""operator_shape_matched""]",1,1,31,31,70.978,64.929,0.000561,0.000527,-3.4e-05
aten::masked_fill_,"[[4096,4096],[4096,1],[]]","[""c10::BFloat16"",""bool"",""Scalar""]",both,"[""operator_shape_matched""]","[""operator_shape_matched""]",1,1,1,1,25.696,37.057,0.000203,0.000301,9.8e-05
aten::masked_fill_,"[[5089,4096],[5089,1],[]]","[""c10::BFloat16"",""bool"",""Scalar""]",both,"[""operator_shape_matched""]","[""operator_shape_matched""]",1,1,1,1,32.896,53.249,0.00026,0.000432,0.000172
aten::masked_fill_,"[[8192,4096],[8192,1],[]]","[""c10::BFloat16"",""bool"",""Scalar""]",both,"[""operator_shape_matched""]","[""operator_shape_matched""]",1,1,31,31,1639.783,2942.944,0.012952,0.02387,0.010918
aten::mean,"[[4096,4096],[],[],[]]","[""float"",""ScalarList"",""Scalar"",""""]",both,"[""operator_shape_matched""]","[""operator_shape_matched""]",1,1,1,1,28.609,32.385,0.000226,0.000263,3.7e-05
aten::mean,"[[5089,4096],[],[],[]]","[""float"",""ScalarList"",""Scalar"",""""]",both,"[""operator_shape_matched""]","[""operator_shape_matched""]",1,1,1,1,35.489,37.633,0.00028,0.000305,2.5e-05
aten::mean,"[[8192,4096],[],[],[]]","[""float"",""ScalarList"",""Scalar"",""""]",both,"[""operator_shape_matched""]","[""operator_shape_matched""]",1,1,31,31,1573.124,1652.419,0.012426,0.013403,0.000977
aten::mm,"[[1,4096],[4096,16160]]","[""c10::BFloat16"",""c10::BFloat16""]",both,"[""operator_shape_matched""]","[""operator_shape_matched""]",1,1,1,1,55.425,52.417,0.000438,0.000425,-1.3e-05
aten::mm,"[[10,4096],[4096,16160]]","[""c10::BFloat16"",""c10::BFloat16""]",both,"[""operator_shape_matched""]","[""operator_shape_matched""]",1,1,1,1,48.832,47.905,0.000386,0.000389,3e-06
aten::mm,"[[11,4096],[4096,16160]]","[""c10::BFloat16"",""c10::BFloat16""]",both,"[""operator_shape_matched""]","[""operator_shape_matched""]",1,1,1,1,54.081,55.073,0.000427,0.000447,2e-05
aten::mm,"[[12,4096],[4096,16160]]","[""c10::BFloat16"",""c10::BFloat16""]",both,"[""operator_shape_matched""]","[""operator_shape_matched""]",1,1,1,1,48.738,51.329,0.000385,0.000416,3.1e-05
aten::mm,"[[13,4096],[4096,16160]]","[""c10::BFloat16"",""c10::BFloat16""]",both,"[""operator_shape_matched""]","[""operator_shape_matched""]",1,1,1,1,56.673,54.657,0.000448,0.000443,-4e-06
aten::mm,"[[14,4096],[4096,16160]]","[""c10::BFloat16"",""c10::BFloat16""]",both,"[""operator_shape_matched""]","[""operator_shape_matched""]",1,1,1,1,48.386,48.385,0.000382,0.000392,1e-05
aten::mm,"[[15,4096],[4096,16160]]","[""c10::BFloat16"",""c10::BFloat16""]",both,"[""operator_shape_matched""]","[""operator_shape_matched""]",1,1,1,1,56.577,54.785,0.000447,0.000444,-3e-06
aten::mm,"[[16,4096],[4096,16160]]","[""c10::BFloat16"",""c10::BFloat16""]",both,"[""operator_shape_matched""]","[""operator_shape_matched""]",1,1,1,1,48.385,48.129,0.000382,0.00039,8e-06
aten::mm,"[[17,4096],[4096,16160]]","[""c10::BFloat16"",""c10::BFloat16""]",both,"[""operator_shape_matched""]","[""operator_shape_matched""]",1,1,1,1,57.41,54.881,0.000453,0.000445,-8e-06
aten::mm,"[[18,4096],[4096,16160]]","[""c10::BFloat16"",""c10::BFloat16""]",both,"[""operator_shape_matched""]","[""operator_shape_matched""]",1,1,1,1,48.961,49.857,0.000387,0.000404,1.8e-05
aten::mm,"[[19,4096],[4096,16160]]","[""c10::BFloat16"",""c10::BFloat16""]",both,"[""operator_shape_matched""]","[""operator_shape_matched""]",1,1,1,1,54.177,54.561,0.000428,0.000443,1.5e-05
aten::mm,"[[2,4096],[4096,16160]]","[""c10::BFloat16"",""c10::BFloat16""]",both,"[""operator_shape_matched""]","[""operator_shape_matched""]",1,1,1,1,47.361,48.289,0.000374,0.000392,1.8e-05
aten::mm,"[[20,4096],[4096,16160]]","[""c10::BFloat16"",""c10::BFloat16""]",both,"[""operator_shape_matched""]","[""operator_shape_matched""]",1,1,1,1,49.569,49.601,0.000392,0.000402,1.1e-05
aten::mm,"[[21,4096],[4096,16160]]","[""c10::BFloat16"",""c10::BFloat16""]",both,"[""operator_shape_matched""]","[""operator_shape_matched""]",1,1,1,1,54.209,52.545,0.000428,0.000426,-2e-06
aten::mm,"[[22,4096],[4096,16160]]","[""c10::BFloat16"",""c10::BFloat16""]",both,"[""operator_shape_matched""]","[""operator_shape_matched""]",1,1,1,1,51.329,51.744,0.000405,0.00042,1.4e-05
aten::mm,"[[23,4096],[4096,16160]]","[""c10::BFloat16"",""c10::BFloat16""]",both,"[""operator_shape_matched""]","[""operator_shape_matched""]",1,1,1,1,56.993,52.961,0.00045,0.00043,-2.1e-05
aten::mm,"[[24,4096],[4096,16160]]","[""c10::BFloat16"",""c10::BFloat16""]",both,"[""operator_shape_matched""]","[""operator_shape_matched""]",1,1,1,1,49.473,52.161,0.000391,0.000423,3.2e-05
aten::mm,"[[25,4096],[4096,16160]]","[""c10::BFloat16"",""c10::BFloat16""]",both,"[""operator_shape_matched""]","[""operator_shape_matched""]",1,1,1,1,54.242,52.513,0.000428,0.000426,-3e-06
aten::mm,"[[26,4096],[4096,16160]]","[""c10::BFloat16"",""c10::BFloat16""]",both,"[""operator_shape_matched""]","[""operator_shape_matched""]",1,1,1,1,49.473,52.289,0.000391,0.000424,3.3e-05
aten::mm,"[[27,4096],[4096,16160]]","[""c10::BFloat16"",""c10::BFloat16""]",both,"[""operator_shape_matched""]","[""operator_shape_matched""]",1,1,1,1,56.673,55.681,0.000448,0.000452,4e-06
aten::mm,"[[28,4096],[4096,16160]]","[""c10::BFloat16"",""c10::BFloat16""]",both,"[""operator_shape_matched""]","[""operator_shape_matched""]",1,1,1,1,50.273,50.049,0.000397,0.000406,9e-06
aten::mm,"[[29,4096],[4096,16160]]","[""c10::BFloat16"",""c10::BFloat16""]",both,"[""operator_shape_matched""]","[""operator_shape_matched""]",1,1,1,1,55.329,52.514,0.000437,0.000426,-1.1e-05
aten::mm,"[[3,4096],[4096,16160]]","[""c10::BFloat16"",""c10::BFloat16""]",both,"[""operator_shape_matched""]","[""operator_shape_matched""]",1,1,1,1,57.761,52.161,0.000456,0.000423,-3.3e-05
aten::mm,"[[30,4096],[4096,16160]]","[""c10::BFloat16"",""c10::BFloat16""]",both,"[""operator_shape_matched""]","[""operator_shape_matched""]",1,1,1,1,49.409,50.945,0.00039,0.000413,2.3e-05
aten::mm,"[[31,4096],[4096,16160]]","[""c10::BFloat16"",""c10::BFloat16""]",both,"[""operator_shape_matched""]","[""operator_shape_matched""]",1,1,1,1,56.129,52.962,0.000443,0.00043,-1.4e-05
aten::mm,"[[32,4096],[4096,16160]]","[""c10::BFloat16"",""c10::BFloat16""]",both,"[""operator_shape_matched""]","[""operator_shape_matched""]",1,1,1,1,51.97,49.506,0.000411,0.000402,-9e-06
aten::mm,"[[33,4096],[4096,16160]]","[""c10::BFloat16"",""c10::BFloat16""]",both,"[""operator_shape_matched""]","[""operator_shape_matched""]",1,1,1,1,58.049,55.265,0.000459,0.000448,-1e-05
aten::mm,"[[34,4096],[4096,16160]]","[""c10::BFloat16"",""c10::BFloat16""]",both,"[""operator_shape_matched""]","[""operator_shape_matched""]",1,1,1,1,53.825,52.065,0.000425,0.000422,-3e-06
aten::mm,"[[35,4096],[4096,16160]]","[""c10::BFloat16"",""c10::BFloat16""]",both,"[""operator_shape_matched""]","[""operator_shape_matched""]",1,1,1,1,55.361,52.482,0.000437,0.000426,-1.2e-05
aten::mm,"[[36,4096],[4096,16160]]","[""c10::BFloat16"",""c10::BFloat16""]",both,"[""operator_shape_matched""]","[""operator_shape_matched""]",1,1,1,1,53.954,54.945,0.000426,0.000446,1.9e-05
aten::mm,"[[37,4096],[4096,16160]]","[""c10::BFloat16"",""c10::BFloat16""]",both,"[""operator_shape_matched""]","[""operator_shape_matched""]",1,1,1,1,54.434,55.425,0.00043,0.00045,2e-05
aten::mm,"[[38,4096],[4096,16160]]","[""c10::BFloat16"",""c10::BFloat16""]",both,"[""operator_shape_matched""]","[""operator_shape_matched""]",1,1,1,1,52.225,54.145,0.000413,0.000439,2.7e-05
aten::mm,"[[39,4096],[4096,16160]]","[""c10::BFloat16"",""c10::BFloat16""]",both,"[""operator_shape_matched""]","[""operator_shape_matched""]",1,1,1,1,56.77,52.514,0.000448,0.000426,-2.2e-05
aten::mm,"[[4,4096],[4096,16160]]","[""c10::BFloat16"",""c10::BFloat16""]",both,"[""operator_shape_matched""]","[""operator_shape_matched""]",1,1,1,1,47.905,49.857,0.000378,0.000404,2.6e-05
aten::mm,"[[40,4096],[4096,16160]]","[""c10::BFloat16"",""c10::BFloat16""]",both,"[""operator_shape_matched""]","[""operator_shape_matched""]",1,1,1,1,51.329,51.457,0.000405,0.000417,1.2e-05
aten::mm,"[[4096,4096],[4096,1024],[]]","[""c10::BFloat16"",""c10::BFloat16"",""Scalar""]",both,"[""operator_shape_matched""]","[""operator_shape_matched""]",1,1,20,20,930.866,930.646,0.007353,0.007548,0.000196
aten::mm,"[[4096,4096],[4096,2048],[]]","[""c10::BFloat16"",""c10::BFloat16"",""Scalar""]",both,"[""operator_shape_matched""]","[""operator_shape_matched""]",1,1,21,21,1907.881,1982.762,0.01507,0.016082,0.001012
aten::mm,"[[4096,4096],[4096,256],[]]","[""c10::BFloat16"",""c10::BFloat16"",""Scalar""]",both,"[""operator_shape_matched""]","[""operator_shape_matched""]",1,1,43,43,833.427,829.456,0.006583,0.006728,0.000145
aten::mm,"[[4096,4096],[4096,512],[]]","[""c10::BFloat16"",""c10::BFloat16"",""Scalar""]",both,"[""operator_shape_matched""]","[""operator_shape_matched""]",1,1,21,21,557.839,558.699,0.004406,0.004532,0.000125
aten::mm,"[[4096,4096],[4096,64]]","[""c10::BFloat16"",""c10::BFloat16""]",both,"[""operator_shape_matched""]","[""operator_shape_matched""]",1,1,21,21,366.151,358.051,0.002892,0.002904,1.2e-05
aten::mm,"[[41,4096],[4096,16160]]","[""c10::BFloat16"",""c10::BFloat16""]",both,"[""operator_shape_matched""]","[""operator_shape_matched""]",1,1,1,1,54.337,54.721,0.000429,0.000444,1.5e-05
aten::mm,"[[42,4096],[4096,16160]]","[""c10::BFloat16"",""c10::BFloat16""]",both,"[""operator_shape_matched""]","[""operator_shape_matched""]",1,1,1,1,53.377,51.393,0.000422,0.000417,-5e-06
aten::mm,"[[43,4096],[4096,16160]]","[""c10::BFloat16"",""c10::BFloat16""]",both,"[""operator_shape_matched""]","[""operator_shape_matched""]",1,1,1,1,56.258,52.545,0.000444,0.000426,-1.8e-05
aten::mm,"[[44,4096],[4096,16160]]","[""c10::BFloat16"",""c10::BFloat16""]",both,"[""operator_shape_matched""]","[""operator_shape_matched""]",1,1,1,1,50.785,53.729,0.000401,0.000436,3.5e-05
aten::mm,"[[45,4096],[4096,16160]]","[""c10::BFloat16"",""c10::BFloat16""]",both,"[""operator_shape_matched""]","[""operator_shape_matched""]",1,1,1,1,55.809,52.769,0.000441,0.000428,-1.3e-05
aten::mm,"[[46,4096],[4096,16160]]","[""c10::BFloat16"",""c10::BFloat16""]",both,"[""operator_shape_matched""]","[""operator_shape_matched""]",1,1,1,1,54.753,51.617,0.000432,0.000419,-1.4e-05
aten::mm,"[[47,4096],[4096,16160]]","[""c10::BFloat16"",""c10::BFloat16""]",both,"[""operator_shape_matched""]","[""operator_shape_matched""]",1,1,1,1,57.698,52.737,0.000456,0.000428,-2.8e-05
aten::mm,"[[48,4096],[4096,16160]]","[""c10::BFloat16"",""c10::BFloat16""]",both,"[""operator_shape_matched""]","[""operator_shape_matched""]",1,1,1,1,51.394,52.033,0.000406,0.000422,1.6e-05
aten::mm,"[[49,4096],[4096,16160]]","[""c10::BFloat16"",""c10::BFloat16""]",both,"[""operator_shape_matched""]","[""operator_shape_matched""]",1,1,1,1,57.601,56.673,0.000455,0.00046,5e-06
aten::mm,"[[5,4096],[4096,16160]]","[""c10::BFloat16"",""c10::BFloat16""]",both,"[""operator_shape_matched""]","[""operator_shape_matched""]",1,1,1,1,54.337,51.809,0.000429,0.00042,-9e-06
aten::mm,"[[50,4096],[4096,16160]]","[""c10::BFloat16"",""c10::BFloat16""]",both,"[""operator_shape_matched""]","[""operator_shape_matched""]",1,1,1,1,51.522,54.849,0.000407,0.000445,3.8e-05
aten::mm,"[[5089,4096],[4096,1024],[]]","[""c10::BFloat16"",""c10::BFloat16"",""Scalar""]",both,"[""operator_shape_matched""]","[""operator_shape_matched""]",1,1,20,20,1178.046,1168.474,0.009305,0.009477,0.000172
aten::mm,"[[5089,4096],[4096,2048],[]]","[""c10::BFloat16"",""c10::BFloat16"",""Scalar""]",both,"[""operator_shape_matched""]","[""operator_shape_matched""]",1,1,21,21,2372.403,2357.427,0.018739,0.019121,0.000382
aten::mm,"[[5089,4096],[4096,256],[]]","[""c10::BFloat16"",""c10::BFloat16"",""Scalar""]",both,"[""operator_shape_matched""]","[""operator_shape_matched""]",1,1,43,43,946.352,950.52,0.007475,0.00771,0.000234
aten::mm,"[[5089,4096],[4096,512],[]]","[""c10::BFloat16"",""c10::BFloat16"",""Scalar""]",both,"[""operator_shape_matched""]","[""operator_shape_matched""]",1,1,21,21,688.08,686.033,0.005435,0.005564,0.000129
aten::mm,"[[5089,4096],[4096,64]]","[""c10::BFloat16"",""c10::BFloat16""]",both,"[""operator_shape_matched""]","[""operator_shape_matched""]",1,1,21,21,434.827,432.843,0.003435,0.003511,7.6e-05
aten::mm,"[[51,4096],[4096,16160]]","[""c10::BFloat16"",""c10::BFloat16""]",both,"[""operator_shape_matched""]","[""operator_shape_matched""]",1,1,1,1,57.601,55.649,0.000455,0.000451,-4e-06
aten::mm,"[[52,4096],[4096,16160]]","[""c10::BFloat16"",""c10::BFloat16""]",both,"[""operator_shape_matched""]","[""operator_shape_matched""]",1,1,1,1,54.977,54.913,0.000434,0.000445,1.1e-05
aten::mm,"[[53,4096],[4096,16160]]","[""c10::BFloat16"",""c10::BFloat16""]",both,"[""operator_shape_matched""]","[""operator_shape_matched""]",1,1,1,1,58.306,55.617,0.000461,0.000451,-9e-06
aten::mm,"[[54,4096],[4096,16160]]","[""c10::BFloat16"",""c10::BFloat16""]",both,"[""operator_shape_matched""]","[""operator_shape_matched""]",1,1,1,1,54.721,55.553,0.000432,0.000451,1.8e-05
aten::mm,"[[55,4096],[4096,16160]]","[""c10::BFloat16"",""c10::BFloat16""]",both,"[""operator_shape_matched""]","[""operator_shape_matched""]",1,1,1,1,55.713,56.577,0.00044,0.000459,1.9e-05
aten::mm,"[[56,4096],[4096,16160]]","[""c10::BFloat16"",""c10::BFloat16""]",both,"[""operator_shape_matched""]","[""operator_shape_matched""]",1,1,1,1,54.466,55.649,0.00043,0.000451,2.1e-05
aten::mm,"[[57,4096],[4096,16160]]","[""c10::BFloat16"",""c10::BFloat16""]",both,"[""operator_shape_matched""]","[""operator_shape_matched""]",1,1,1,1,54.433,53.601,0.00043,0.000435,5e-06
aten::mm,"[[58,4096],[4096,16160]]","[""c10::BFloat16"",""c10::BFloat16""]",both,"[""operator_shape_matched""]","[""operator_shape_matched""]",1,1,1,1,53.953,54.338,0.000426,0.000441,1.5e-05
aten::mm,"[[59,4096],[4096,16160]]","[""c10::BFloat16"",""c10::BFloat16""]",both,"[""operator_shape_matched""]","[""operator_shape_matched""]",1,1,1,1,55.809,55.554,0.000441,0.000451,1e-05
aten::mm,"[[6,4096],[4096,16160]]","[""c10::BFloat16"",""c10::BFloat16""]",both,"[""operator_shape_matched""]","[""operator_shape_matched""]",1,1,1,1,47.457,50.049,0.000375,0.000406,3.1e-05
aten::mm,"[[60,4096],[4096,16160]]","[""c10::BFloat16"",""c10::BFloat16""]",both,"[""operator_shape_matched""]","[""operator_shape_matched""]",1,1,1,1,52.226,53.921,0.000413,0.000437,2.5e-05
aten::mm,"[[61,4096],[4096,16160]]","[""c10::BFloat16"",""c10::BFloat16""]",both,"[""operator_shape_matched""]","[""operator_shape_matched""]",1,1,1,1,56.417,53.089,0.000446,0.000431,-1.5e-05
aten::mm,"[[62,4096],[4096,16160]]","[""c10::BFloat16"",""c10::BFloat16""]",both,"[""operator_shape_matched""]","[""operator_shape_matched""]",1,1,1,1,52.033,52.802,0.000411,0.000428,1.7e-05
aten::mm,"[[63,4096],[4096,16160]]","[""c10::BFloat16"",""c10::BFloat16""]",both,"[""operator_shape_matched""]","[""operator_shape_matched""]",1,1,2,2,107.202,109.986,0.000847,0.000892,4.5e-05
aten::mm,"[[64,4096],[4096,16160]]","[""c10::BFloat16"",""c10::BFloat16""]",both,"[""operator_shape_matched""]","[""operator_shape_matched""]",1,1,224,224,11943.141,12341.386,0.094337,0.1001,0.005763
aten::mm,"[[7,4096],[4096,16160]]","[""c10::BFloat16"",""c10::BFloat16""]",both,"[""operator_shape_matched""]","[""operator_shape_matched""]",1,1,1,1,55.297,51.969,0.000437,0.000422,-1.5e-05
aten::mm,"[[8,4096],[4096,16160]]","[""c10::BFloat16"",""c10::BFloat16""]",both,"[""operator_shape_matched""]","[""operator_shape_matched""]",1,1,1,1,50.337,47.457,0.000398,0.000385,-1.3e-05
aten::mm,"[[8192,4096],[4096,1024],[]]","[""c10::BFloat16"",""c10::BFloat16"",""Scalar""]",both,"[""operator_shape_matched""]","[""operator_shape_matched""]",1,1,620,620,57360.781,56893.56,0.453085,0.461459,0.008374
aten::mm,"[[8192,4096],[4096,2048],[]]","[""c10::BFloat16"",""c10::BFloat16"",""Scalar""]",both,"[""operator_shape_matched""]","[""operator_shape_matched""]",1,1,651,651,118533.654,118248.467,0.936282,0.959105,0.022823
aten::mm,"[[8192,4096],[4096,256],[]]","[""c10::BFloat16"",""c10::BFloat16"",""Scalar""]",both,"[""operator_shape_matched""]","[""operator_shape_matched""]",1,1,1333,1333,41617.172,41165.862,0.328729,0.333893,0.005165
aten::mm,"[[8192,4096],[4096,512],[]]","[""c10::BFloat16"",""c10::BFloat16"",""Scalar""]",both,"[""operator_shape_matched""]","[""operator_shape_matched""]",1,1,651,651,30289.267,30217.795,0.239251,0.245094,0.005843
aten::mm,"[[8192,4096],[4096,64]]","[""c10::BFloat16"",""c10::BFloat16""]",both,"[""operator_shape_matched""]","[""operator_shape_matched""]",1,1,651,651,19632.589,19592.544,0.155075,0.158914,0.003838
aten::mm,"[[9,4096],[4096,16160]]","[""c10::BFloat16"",""c10::BFloat16""]",both,"[""operator_shape_matched""]","[""operator_shape_matched""]",1,1,1,1,57.185,55.841,0.000452,0.000453,1e-06
aten::mul,"[[4096,4096],[4096,1]]","[""float"",""float""]",both,"[""operator_shape_matched""]","[""operator_shape_matched""]",1,1,1,1,40.32,55.937,0.000318,0.000454,0.000135
aten::mul,"[[4096,4096],[4096]]","[""c10::BFloat16"",""c10::BFloat16""]",both,"[""operator_shape_matched""]","[""operator_shape_matched""]",1,1,1,1,22.721,46.113,0.000179,0.000374,0.000195
aten::mul,"[[5089,4096],[4096]]","[""c10::BFloat16"",""c10::BFloat16""]",both,"[""operator_shape_matched""]","[""operator_shape_matched""]",1,1,1,1,28.001,56.737,0.000221,0.00046,0.000239
aten::mul,"[[5089,4096],[5089,1]]","[""float"",""float""]",both,"[""operator_shape_matched""]","[""operator_shape_matched""]",1,1,1,1,50.273,68.321,0.000397,0.000554,0.000157
aten::mul,"[[8192,4096],[4096]]","[""c10::BFloat16"",""c10::BFloat16""]",both,"[""operator_shape_matched""]","[""operator_shape_matched""]",1,1,31,31,1396.705,2777.309,0.011032,0.022527,0.011494
aten::mul,"[[8192,4096],[8192,1]]","[""float"",""float""]",both,"[""operator_shape_matched""]","[""operator_shape_matched""]",1,1,31,31,2624.273,3457.033,0.020729,0.02804,0.007311
aten::mul_,"[[4096,6],[]]","[""float"",""double""]",left_only,"[""operator_shape_matched""]",[],1,0,43,0,51.806,0.0,0.000409,0.0,-0.000409
aten::mul_,"[[5089,6],[]]","[""float"",""double""]",left_only,"[""operator_shape_matched""]",[],1,0,43,0,56.964,0.0,0.00045,0.0,-0.00045
aten::mul_,"[[8192,6],[]]","[""float"",""double""]",left_only,"[""operator_shape_matched""]",[],1,0,1333,0,1698.246,0.0,0.013414,0.0,-0.013414
aten::pow,"[[4096,4096],[]]","[""float"",""Scalar""]",both,"[""operator_shape_matched""]","[""operator_shape_matched""]",1,1,1,1,60.737,45.569,0.00048,0.00037,-0.00011
aten::pow,"[[5089,4096],[]]","[""float"",""Scalar""]",both,"[""operator_shape_matched""]","[""operator_shape_matched""]",1,1,1,1,74.69,56.225,0.00059,0.000456,-0.000134
aten::pow,"[[8192,4096],[]]","[""float"",""Scalar""]",both,"[""operator_shape_matched""]","[""operator_shape_matched""]",1,1,31,31,3669.357,2788.219,0.028984,0.022615,-0.006369
aten::repeat,"[[4096,1,4096],[]]","[""c10::BFloat16"",""ScalarList""]",left_only,"[""operator_shape_matched""]",[],1,0,1,0,922.932,0.0,0.00729,0.0,-0.00729
aten::repeat,"[[5089,1,4096],[]]","[""c10::BFloat16"",""ScalarList""]",left_only,"[""operator_shape_matched""]",[],1,0,1,0,933.556,0.0,0.007374,0.0,-0.007374
aten::repeat,"[[8192,1,4096],[]]","[""c10::BFloat16"",""ScalarList""]",left_only,"[""operator_shape_matched""]",[],1,0,31,0,47282.148,0.0,0.373476,0.0,-0.373476
aten::rsqrt,"[[4096,1]]","[""float""]",both,"[""operator_shape_matched""]","[""operator_shape_matched""]",1,1,1,1,1.216,1.28,1e-05,1e-05,1e-06
aten::rsqrt,"[[5089,1]]","[""float""]",both,"[""operator_shape_matched""]","[""operator_shape_matched""]",1,1,1,1,1.568,1.76,1.2e-05,1.4e-05,2e-06
aten::rsqrt,"[[8192,1]]","[""float""]",both,"[""operator_shape_matched""]","[""operator_shape_matched""]",1,1,31,31,38.656,40.16,0.000305,0.000326,2e-05
aten::sub,"[[10],[10],[],[10]]","[""int"",""int"",""Scalar"",""int""]",both,"[""operator_shape_matched""]","[""operator_shape_matched""]",1,1,1,1,1.056,1.056,8e-06,9e-06,0.0
aten::sub,"[[10],[],[]]","[""int"",""long int"",""Scalar""]",both,"[""operator_shape_matched""]","[""operator_shape_matched""]",1,1,1,1,1.024,1.185,8e-06,1e-05,2e-06
aten::sub,"[[11],[],[]]","[""int"",""long int"",""Scalar""]",both,"[""operator_shape_matched""]","[""operator_shape_matched""]",1,1,1,1,0.993,1.024,8e-06,8e-06,0.0
aten::sub,"[[12],[12],[],[12]]","[""int"",""int"",""Scalar"",""int""]",both,"[""operator_shape_matched""]","[""operator_shape_matched""]",1,1,1,1,1.152,1.056,9e-06,9e-06,-1e-06
aten::sub,"[[12],[],[]]","[""int"",""long int"",""Scalar""]",both,"[""operator_shape_matched""]","[""operator_shape_matched""]",1,1,1,1,1.023,1.088,8e-06,9e-06,1e-06
aten::sub,"[[13],[],[]]","[""int"",""long int"",""Scalar""]",both,"[""operator_shape_matched""]","[""operator_shape_matched""]",1,1,1,1,1.152,1.056,9e-06,9e-06,-1e-06
aten::sub,"[[14],[14],[],[14]]","[""int"",""int"",""Scalar"",""int""]",both,"[""operator_shape_matched""]","[""operator_shape_matched""]",1,1,1,1,1.055,1.055,8e-06,9e-06,0.0
aten::sub,"[[14],[],[]]","[""int"",""long int"",""Scalar""]",both,"[""operator_shape_matched""]","[""operator_shape_matched""]",1,1,1,1,1.024,1.055,8e-06,9e-06,0.0
aten::sub,"[[15],[],[]]","[""int"",""long int"",""Scalar""]",both,"[""operator_shape_matched""]","[""operator_shape_matched""]",1,1,1,1,0.992,1.024,8e-06,8e-06,0.0
aten::sub,"[[16],[16],[],[16]]","[""int"",""int"",""Scalar"",""int""]",both,"[""operator_shape_matched""]","[""operator_shape_matched""]",1,1,5,5,5.28,5.408,4.2e-05,4.4e-05,2e-06
aten::sub,"[[16],[],[]]","[""int"",""long int"",""Scalar""]",both,"[""operator_shape_matched""]","[""operator_shape_matched""]",1,1,1,1,1.024,1.057,8e-06,9e-06,0.0
aten::sub,"[[17],[],[]]","[""int"",""long int"",""Scalar""]",both,"[""operator_shape_matched""]","[""operator_shape_matched""]",1,1,1,1,1.024,1.12,8e-06,9e-06,1e-06
aten::sub,"[[18],[18],[],[18]]","[""int"",""int"",""Scalar"",""int""]",both,"[""operator_shape_matched""]","[""operator_shape_matched""]",1,1,1,1,1.056,1.056,8e-06,9e-06,0.0
aten::sub,"[[18],[],[]]","[""int"",""long int"",""Scalar""]",both,"[""operator_shape_matched""]","[""operator_shape_matched""]",1,1,1,1,1.024,1.056,8e-06,9e-06,0.0
aten::sub,"[[19],[],[]]","[""int"",""long int"",""Scalar""]",both,"[""operator_shape_matched""]","[""operator_shape_matched""]",1,1,1,1,0.992,1.056,8e-06,9e-06,1e-06
aten::sub,"[[1],[1],[],[1]]","[""int"",""int"",""Scalar"",""int""]",both,"[""operator_shape_matched""]","[""operator_shape_matched""]",1,1,1,1,1.056,1.024,8e-06,8e-06,-0.0
aten::sub,"[[1],[],[]]","[""int"",""long int"",""Scalar""]",both,"[""operator_shape_matched""]","[""operator_shape_matched""]",1,1,1,1,1.024,1.023,8e-06,8e-06,0.0
aten::sub,"[[20],[20],[],[20]]","[""int"",""int"",""Scalar"",""int""]",both,"[""operator_shape_matched""]","[""operator_shape_matched""]",1,1,1,1,1.056,1.056,8e-06,9e-06,0.0
aten::sub,"[[20],[],[]]","[""int"",""long int"",""Scalar""]",both,"[""operator_shape_matched""]","[""operator_shape_matched""]",1,1,1,1,0.992,1.056,8e-06,9e-06,1e-06
aten::sub,"[[21],[],[]]","[""int"",""long int"",""Scalar""]",both,"[""operator_shape_matched""]","[""operator_shape_matched""]",1,1,1,1,1.024,1.248,8e-06,1e-05,2e-06
aten::sub,"[[22],[22],[],[22]]","[""int"",""int"",""Scalar"",""int""]",both,"[""operator_shape_matched""]","[""operator_shape_matched""]",1,1,1,1,1.056,1.024,8e-06,8e-06,-0.0
aten::sub,"[[22],[],[]]","[""int"",""long int"",""Scalar""]",both,"[""operator_shape_matched""]","[""operator_shape_matched""]",1,1,1,1,1.023,1.024,8e-06,8e-06,0.0
aten::sub,"[[23],[],[]]","[""int"",""long int"",""Scalar""]",both,"[""operator_shape_matched""]","[""operator_shape_matched""]",1,1,1,1,0.992,1.056,8e-06,9e-06,1e-06
aten::sub,"[[24],[24],[],[24]]","[""int"",""int"",""Scalar"",""int""]",both,"[""operator_shape_matched""]","[""operator_shape_matched""]",1,1,1,1,1.056,1.056,8e-06,9e-06,0.0
aten::sub,"[[24],[],[]]","[""int"",""long int"",""Scalar""]",both,"[""operator_shape_matched""]","[""operator_shape_matched""]",1,1,1,1,1.024,1.056,8e-06,9e-06,0.0
aten::sub,"[[25],[],[]]","[""int"",""long int"",""Scalar""]",both,"[""operator_shape_matched""]","[""operator_shape_matched""]",1,1,1,1,1.152,1.056,9e-06,9e-06,-1e-06
aten::sub,"[[26],[26],[],[26]]","[""int"",""int"",""Scalar"",""int""]",both,"[""operator_shape_matched""]","[""operator_shape_matched""]",1,1,1,1,1.055,1.056,8e-06,9e-06,0.0
aten::sub,"[[26],[],[]]","[""int"",""long int"",""Scalar""]",both,"[""operator_shape_matched""]","[""operator_shape_matched""]",1,1,1,1,1.024,1.056,8e-06,9e-06,0.0
aten::sub,"[[27],[],[]]","[""int"",""long int"",""Scalar""]",both,"[""operator_shape_matched""]","[""operator_shape_matched""]",1,1,1,1,1.216,1.057,1e-05,9e-06,-1e-06
aten::sub,"[[28],[28],[],[28]]","[""int"",""int"",""Scalar"",""int""]",both,"[""operator_shape_matched""]","[""operator_shape_matched""]",1,1,1,1,1.056,1.12,8e-06,9e-06,1e-06
aten::sub,"[[28],[],[]]","[""int"",""long int"",""Scalar""]",both,"[""operator_shape_matched""]","[""operator_shape_matched""]",1,1,1,1,0.992,1.056,8e-06,9e-06,1e-06
aten::sub,"[[29],[],[]]","[""int"",""long int"",""Scalar""]",both,"[""operator_shape_matched""]","[""operator_shape_matched""]",1,1,1,1,1.024,1.056,8e-06,9e-06,0.0
aten::sub,"[[2],[2],[],[2]]","[""int"",""int"",""Scalar"",""int""]",both,"[""operator_shape_matched""]","[""operator_shape_matched""]",1,1,1,1,1.057,1.056,8e-06,9e-06,0.0
aten::sub,"[[2],[],[]]","[""int"",""int"",""Scalar""]",both,"[""operator_shape_matched""]","[""operator_shape_matched""]",1,1,1,1,0.992,1.215,8e-06,1e-05,2e-06
aten::sub,"[[2],[],[]]","[""int"",""long int"",""Scalar""]",both,"[""operator_shape_matched""]","[""operator_shape_matched""]",1,1,1,1,0.992,1.057,8e-06,9e-06,1e-06
aten::sub,"[[30],[30],[],[30]]","[""int"",""int"",""Scalar"",""int""]",both,"[""operator_shape_matched""]","[""operator_shape_matched""]",1,1,1,1,1.056,1.12,8e-06,9e-06,1e-06
aten::sub,"[[30],[],[]]","[""int"",""long int"",""Scalar""]",both,"[""operator_shape_matched""]","[""operator_shape_matched""]",1,1,1,1,0.992,1.056,8e-06,9e-06,1e-06
aten::sub,"[[31],[],[]]","[""int"",""long int"",""Scalar""]",both,"[""operator_shape_matched""]","[""operator_shape_matched""]",1,1,1,1,1.024,1.056,8e-06,9e-06,0.0
aten::sub,"[[32],[32],[],[32]]","[""int"",""int"",""Scalar"",""int""]",both,"[""operator_shape_matched""]","[""operator_shape_matched""]",1,1,9,9,9.599,9.407,7.6e-05,7.6e-05,0.0
aten::sub,"[[32],[],[]]","[""int"",""long int"",""Scalar""]",both,"[""operator_shape_matched""]","[""operator_shape_matched""]",1,1,1,1,1.025,1.152,8e-06,9e-06,1e-06
aten::sub,"[[33],[],[]]","[""int"",""long int"",""Scalar""]",both,"[""operator_shape_matched""]","[""operator_shape_matched""]",1,1,1,1,0.992,1.056,8e-06,9e-06,1e-06
aten::sub,"[[34],[34],[],[34]]","[""int"",""int"",""Scalar"",""int""]",both,"[""operator_shape_matched""]","[""operator_shape_matched""]",1,1,1,1,1.056,1.057,8e-06,9e-06,0.0
aten::sub,"[[34],[],[]]","[""int"",""long int"",""Scalar""]",both,"[""operator_shape_matched""]","[""operator_shape_matched""]",1,1,1,1,0.992,1.056,8e-06,9e-06,1e-06
aten::sub,"[[35],[],[]]","[""int"",""long int"",""Scalar""]",both,"[""operator_shape_matched""]","[""operator_shape_matched""]",1,1,1,1,0.993,1.088,8e-06,9e-06,1e-06
aten::sub,"[[36],[36],[],[36]]","[""int"",""int"",""Scalar"",""int""]",both,"[""operator_shape_matched""]","[""operator_shape_matched""]",1,1,1,1,1.056,1.025,8e-06,8e-06,-0.0
aten::sub,"[[36],[],[]]","[""int"",""long int"",""Scalar""]",both,"[""operator_shape_matched""]","[""operator_shape_matched""]",1,1,1,1,1.024,1.024,8e-06,8e-06,0.0
aten::sub,"[[37],[],[]]","[""int"",""long int"",""Scalar""]",both,"[""operator_shape_matched""]","[""operator_shape_matched""]",1,1,1,1,1.024,1.056,8e-06,9e-06,0.0
aten::sub,"[[38],[38],[],[38]]","[""int"",""int"",""Scalar"",""int""]",both,"[""operator_shape_matched""]","[""operator_shape_matched""]",1,1,1,1,1.056,1.056,8e-06,9e-06,0.0
aten::sub,"[[38],[],[]]","[""int"",""long int"",""Scalar""]",both,"[""operator_shape_matched""]","[""operator_shape_matched""]",1,1,1,1,0.991,1.056,8e-06,9e-06,1e-06
aten::sub,"[[39],[],[]]","[""int"",""long int"",""Scalar""]",both,"[""operator_shape_matched""]","[""operator_shape_matched""]",1,1,1,1,0.992,1.056,8e-06,9e-06,1e-06
aten::sub,"[[3],[3],[],[3]]","[""int"",""int"",""Scalar"",""int""]",both,"[""operator_shape_matched""]","[""operator_shape_matched""]",1,1,1,1,1.056,1.056,8e-06,9e-06,0.0
aten::sub,"[[3],[],[]]","[""int"",""int"",""Scalar""]",both,"[""operator_shape_matched""]","[""operator_shape_matched""]",1,1,3,3,3.168,3.712,2.5e-05,3e-05,5e-06
aten::sub,"[[3],[],[]]","[""int"",""long int"",""Scalar""]",both,"[""operator_shape_matched""]","[""operator_shape_matched""]",1,1,1,1,1.024,1.056,8e-06,9e-06,0.0
aten::sub,"[[40],[40],[],[40]]","[""int"",""int"",""Scalar"",""int""]",both,"[""operator_shape_matched""]","[""operator_shape_matched""]",1,1,1,1,1.152,1.056,9e-06,9e-06,-1e-06
aten::sub,"[[40],[],[]]","[""int"",""long int"",""Scalar""]",both,"[""operator_shape_matched""]","[""operator_shape_matched""]",1,1,1,1,0.992,1.056,8e-06,9e-06,1e-06
aten::sub,"[[41],[],[]]","[""int"",""long int"",""Scalar""]",both,"[""operator_shape_matched""]","[""operator_shape_matched""]",1,1,1,1,0.991,1.152,8e-06,9e-06,2e-06
aten::sub,"[[42],[42],[],[42]]","[""int"",""int"",""Scalar"",""int""]",both,"[""operator_shape_matched""]","[""operator_shape_matched""]",1,1,1,1,1.056,1.056,8e-06,9e-06,0.0
aten::sub,"[[42],[],[]]","[""int"",""long int"",""Scalar""]",both,"[""operator_shape_matched""]","[""operator_shape_matched""]",1,1,1,1,0.992,1.055,8e-06,9e-06,1e-06
aten::sub,"[[43],[],[]]","[""int"",""long int"",""Scalar""]",both,"[""operator_shape_matched""]","[""operator_shape_matched""]",1,1,1,1,0.992,1.248,8e-06,1e-05,2e-06
aten::sub,"[[44],[44],[],[44]]","[""int"",""int"",""Scalar"",""int""]",both,"[""operator_shape_matched""]","[""operator_shape_matched""]",1,1,1,1,1.057,1.12,8e-06,9e-06,1e-06
aten::sub,"[[44],[],[]]","[""int"",""long int"",""Scalar""]",both,"[""operator_shape_matched""]","[""operator_shape_matched""]",1,1,1,1,0.992,1.056,8e-06,9e-06,1e-06
aten::sub,"[[45],[],[]]","[""int"",""long int"",""Scalar""]",both,"[""operator_shape_matched""]","[""operator_shape_matched""]",1,1,1,1,1.152,1.057,9e-06,9e-06,-1e-06
aten::sub,"[[46],[46],[],[46]]","[""int"",""int"",""Scalar"",""int""]",both,"[""operator_shape_matched""]","[""operator_shape_matched""]",1,1,1,1,1.056,1.057,8e-06,9e-06,0.0
aten::sub,"[[46],[],[]]","[""int"",""long int"",""Scalar""]",both,"[""operator_shape_matched""]","[""operator_shape_matched""]",1,1,1,1,1.023,1.056,8e-06,9e-06,0.0
aten::sub,"[[47],[],[]]","[""int"",""long int"",""Scalar""]",both,"[""operator_shape_matched""]","[""operator_shape_matched""]",1,1,1,1,0.993,1.057,8e-06,9e-06,1e-06
aten::sub,"[[48],[48],[],[48]]","[""int"",""int"",""Scalar"",""int""]",both,"[""operator_shape_matched""]","[""operator_shape_matched""]",1,1,1,1,1.056,1.056,8e-06,9e-06,0.0
aten::sub,"[[48],[],[]]","[""int"",""long int"",""Scalar""]",both,"[""operator_shape_matched""]","[""operator_shape_matched""]",1,1,1,1,1.025,1.056,8e-06,9e-06,0.0
aten::sub,"[[49],[],[]]","[""int"",""long int"",""Scalar""]",both,"[""operator_shape_matched""]","[""operator_shape_matched""]",1,1,1,1,1.056,1.056,8e-06,9e-06,0.0
aten::sub,"[[4],[4],[],[4]]","[""int"",""int"",""Scalar"",""int""]",both,"[""operator_shape_matched""]","[""operator_shape_matched""]",1,1,2,2,2.112,2.112,1.7e-05,1.7e-05,0.0
aten::sub,"[[4],[],[]]","[""int"",""int"",""Scalar""]",both,"[""operator_shape_matched""]","[""operator_shape_matched""]",1,1,29,29,29.825,35.746,0.000236,0.00029,5.4e-05
aten::sub,"[[4],[],[]]","[""int"",""long int"",""Scalar""]",both,"[""operator_shape_matched""]","[""operator_shape_matched""]",1,1,1,1,0.993,1.024,8e-06,8e-06,0.0
aten::sub,"[[50],[50],[],[50]]","[""int"",""int"",""Scalar"",""int""]",both,"[""operator_shape_matched""]","[""operator_shape_matched""]",1,1,1,1,1.056,1.057,8e-06,9e-06,0.0
aten::sub,"[[50],[],[]]","[""int"",""long int"",""Scalar""]",both,"[""operator_shape_matched""]","[""operator_shape_matched""]",1,1,1,1,1.024,1.056,8e-06,9e-06,0.0
aten::sub,"[[51],[],[]]","[""int"",""long int"",""Scalar""]",both,"[""operator_shape_matched""]","[""operator_shape_matched""]",1,1,1,1,1.024,1.056,8e-06,9e-06,0.0
aten::sub,"[[52],[52],[],[52]]","[""int"",""int"",""Scalar"",""int""]",both,"[""operator_shape_matched""]","[""operator_shape_matched""]",1,1,1,1,1.056,1.184,8e-06,1e-05,1e-06
aten::sub,"[[52],[],[]]","[""int"",""long int"",""Scalar""]",both,"[""operator_shape_matched""]","[""operator_shape_matched""]",1,1,1,1,0.992,1.088,8e-06,9e-06,1e-06
aten::sub,"[[53],[],[]]","[""int"",""long int"",""Scalar""]",both,"[""operator_shape_matched""]","[""operator_shape_matched""]",1,1,1,1,0.993,1.057,8e-06,9e-06,1e-06
aten::sub,"[[54],[54],[],[54]]","[""int"",""int"",""Scalar"",""int""]",both,"[""operator_shape_matched""]","[""operator_shape_matched""]",1,1,1,1,1.056,1.056,8e-06,9e-06,0.0
aten::sub,"[[54],[],[]]","[""int"",""long int"",""Scalar""]",both,"[""operator_shape_matched""]","[""operator_shape_matched""]",1,1,1,1,0.992,1.057,8e-06,9e-06,1e-06
aten::sub,"[[55],[],[]]","[""int"",""long int"",""Scalar""]",both,"[""operator_shape_matched""]","[""operator_shape_matched""]",1,1,1,1,0.992,1.056,8e-06,9e-06,1e-06
aten::sub,"[[56],[56],[],[56]]","[""int"",""int"",""Scalar"",""int""]",both,"[""operator_shape_matched""]","[""operator_shape_matched""]",1,1,1,1,1.055,1.024,8e-06,8e-06,-0.0
aten::sub,"[[56],[],[]]","[""int"",""long int"",""Scalar""]",both,"[""operator_shape_matched""]","[""operator_shape_matched""]",1,1,1,1,1.024,1.088,8e-06,9e-06,1e-06
aten::sub,"[[57],[],[]]","[""int"",""long int"",""Scalar""]",both,"[""operator_shape_matched""]","[""operator_shape_matched""]",1,1,1,1,0.992,1.056,8e-06,9e-06,1e-06
aten::sub,"[[58],[58],[],[58]]","[""int"",""int"",""Scalar"",""int""]",both,"[""operator_shape_matched""]","[""operator_shape_matched""]",1,1,1,1,1.056,1.056,8e-06,9e-06,0.0
aten::sub,"[[58],[],[]]","[""int"",""long int"",""Scalar""]",both,"[""operator_shape_matched""]","[""operator_shape_matched""]",1,1,1,1,1.024,1.249,8e-06,1e-05,2e-06
aten::sub,"[[59],[],[]]","[""int"",""long int"",""Scalar""]",both,"[""operator_shape_matched""]","[""operator_shape_matched""]",1,1,1,1,0.992,1.057,8e-06,9e-06,1e-06
aten::sub,"[[5],[],[]]","[""int"",""long int"",""Scalar""]",both,"[""operator_shape_matched""]","[""operator_shape_matched""]",1,1,1,1,1.024,1.056,8e-06,9e-06,0.0
aten::sub,"[[60],[60],[],[60]]","[""int"",""int"",""Scalar"",""int""]",both,"[""operator_shape_matched""]","[""operator_shape_matched""]",1,1,1,1,1.184,1.152,9e-06,9e-06,-0.0
aten::sub,"[[60],[],[]]","[""int"",""long int"",""Scalar""]",both,"[""operator_shape_matched""]","[""operator_shape_matched""]",1,1,1,1,0.991,1.088,8e-06,9e-06,1e-06
aten::sub,"[[61],[],[]]","[""int"",""long int"",""Scalar""]",both,"[""operator_shape_matched""]","[""operator_shape_matched""]",1,1,1,1,0.992,1.024,8e-06,8e-06,0.0
aten::sub,"[[62],[62],[],[62]]","[""int"",""int"",""Scalar"",""int""]",both,"[""operator_shape_matched""]","[""operator_shape_matched""]",1,1,1,1,1.056,1.056,8e-06,9e-06,0.0
aten::sub,"[[62],[],[]]","[""int"",""long int"",""Scalar""]",both,"[""operator_shape_matched""]","[""operator_shape_matched""]",1,1,1,1,0.992,1.056,8e-06,9e-06,1e-06
aten::sub,"[[63],[],[]]","[""int"",""long int"",""Scalar""]",both,"[""operator_shape_matched""]","[""operator_shape_matched""]",1,1,2,2,1.984,2.112,1.6e-05,1.7e-05,1e-06
aten::sub,"[[64],[64],[],[64]]","[""int"",""int"",""Scalar"",""int""]",both,"[""operator_shape_matched""]","[""operator_shape_matched""]",1,1,239,239,253.609,254.024,0.002003,0.00206,5.7e-05
aten::sub,"[[64],[],[]]","[""int"",""long int"",""Scalar""]",both,"[""operator_shape_matched""]","[""operator_shape_matched""]",1,1,224,224,227.046,239.911,0.001793,0.001946,0.000152
aten::sub,"[[6],[6],[],[6]]","[""int"",""int"",""Scalar"",""int""]",both,"[""operator_shape_matched""]","[""operator_shape_matched""]",1,1,1,1,1.056,1.152,8e-06,9e-06,1e-06
aten::sub,"[[6],[],[]]","[""int"",""long int"",""Scalar""]",both,"[""operator_shape_matched""]","[""operator_shape_matched""]",1,1,1,1,0.992,1.057,8e-06,9e-06,1e-06
aten::sub,"[[7],[],[]]","[""int"",""long int"",""Scalar""]",both,"[""operator_shape_matched""]","[""operator_shape_matched""]",1,1,1,1,1.025,1.056,8e-06,9e-06,0.0
aten::sub,"[[8],[8],[],[8]]","[""int"",""int"",""Scalar"",""int""]",both,"[""operator_shape_matched""]","[""operator_shape_matched""]",1,1,3,3,3.105,3.232,2.5e-05,2.6e-05,2e-06
aten::sub,"[[8],[],[]]","[""int"",""long int"",""Scalar""]",both,"[""operator_shape_matched""]","[""operator_shape_matched""]",1,1,1,1,1.025,1.152,8e-06,9e-06,1e-06
aten::sub,"[[9],[],[]]","[""int"",""long int"",""Scalar""]",both,"[""operator_shape_matched""]","[""operator_shape_matched""]",1,1,1,1,1.152,1.056,9e-06,9e-06,-1e-06
aten::sum,"[[4096,6,4096],[],[],[],[4096,4096]]","[""c10::BFloat16"",""ScalarList"",""Scalar"","""",""c10::BFloat16""]",right_only,[],"[""operator_shape_matched""]",0,1,0,43,0.0,5151.213,0.0,0.041781,0.041781
aten::sum,"[[5089,6,4096],[],[],[],[5089,4096]]","[""c10::BFloat16"",""ScalarList"",""Scalar"","""",""c10::BFloat16""]",right_only,[],"[""operator_shape_matched""]",0,1,0,43,0.0,6351.368,0.0,0.051515,0.051515
aten::sum,"[[8192,6,4096],[],[],[],[8192,4096]]","[""c10::BFloat16"",""ScalarList"",""Scalar"","""",""c10::BFloat16""]",right_only,[],"[""operator_shape_matched""]",0,1,0,1333,0.0,309935.021,0.0,2.51386,2.51386
aten::zero_,[[10]],"[""long int""]",left_only,"[""operator_shape_matched""]",[],1,0,2,0,1.92,0.0,1.5e-05,0.0,-1.5e-05
aten::zero_,[[12]],"[""long int""]",left_only,"[""operator_shape_matched""]",[],1,0,2,0,1.824,0.0,1.4e-05,0.0,-1.4e-05
aten::zero_,[[14]],"[""long int""]",left_only,"[""operator_shape_matched""]",[],1,0,2,0,1.921,0.0,1.5e-05,0.0,-1.5e-05
aten::zero_,[[16]],"[""long int""]",left_only,"[""operator_shape_matched""]",[],1,0,1,0,0.896,0.0,7e-06,0.0,-7e-06
aten::zero_,[[18]],"[""long int""]",left_only,"[""operator_shape_matched""]",[],1,0,1,0,0.895,0.0,7e-06,0.0,-7e-06
aten::zero_,[[1]],"[""long int""]",left_only,"[""operator_shape_matched""]",[],1,0,1,0,0.896,0.0,7e-06,0.0,-7e-06
aten::zero_,[[20]],"[""long int""]",left_only,"[""operator_shape_matched""]",[],1,0,1,0,0.896,0.0,7e-06,0.0,-7e-06
aten::zero_,[[22]],"[""long int""]",left_only,"[""operator_shape_matched""]",[],1,0,1,0,0.928,0.0,7e-06,0.0,-7e-06
aten::zero_,[[24]],"[""long int""]",left_only,"[""operator_shape_matched""]",[],1,0,1,0,0.928,0.0,7e-06,0.0,-7e-06
aten::zero_,[[26]],"[""long int""]",left_only,"[""operator_shape_matched""]",[],1,0,1,0,0.896,0.0,7e-06,0.0,-7e-06
aten::zero_,[[28]],"[""long int""]",left_only,"[""operator_shape_matched""]",[],1,0,1,0,0.96,0.0,8e-06,0.0,-8e-06
aten::zero_,[[2]],"[""long int""]",left_only,"[""operator_shape_matched""]",[],1,0,4,0,3.775,0.0,3e-05,0.0,-3e-05
aten::zero_,[[30]],"[""long int""]",left_only,"[""operator_shape_matched""]",[],1,0,1,0,0.897,0.0,7e-06,0.0,-7e-06
aten::zero_,[[4]],"[""long int""]",left_only,"[""operator_shape_matched""]",[],1,0,3,0,2.816,0.0,2.2e-05,0.0,-2.2e-05
aten::zero_,[[6]],"[""long int""]",left_only,"[""operator_shape_matched""]",[],1,0,3,0,2.72,0.0,2.1e-05,0.0,-2.1e-05
aten::zero_,[[8]],"[""long int""]",left_only,"[""operator_shape_matched""]",[],1,0,2,0,1.824,0.0,1.4e-05,0.0,-1.4e-05
aten::zeros,"[[],[],[],[],[]]","[""ScalarList"",""Scalar"","""","""",""Scalar""]",left_only,"[""operator_shape_matched""]",[],1,0,1419,0,1306.562,0.0,0.01032,0.0,-0.01032
null,null,null,both,"[""missing_external_id""]","[""missing_external_id""]",95,96,605659,594694,5442781.563,5524080.752,42.991824,44.805413,1.813589
record_param_comms,"[[1,16160],[],[],[],[],[],[],[],[],[]]","[""c10::BFloat16"","""","""",""Scalar"","""",""ScalarList"",""ScalarList"",""Scalar"",""Scalar"",""Scalar""]",both,"[""operator_shape_matched""]","[""operator_shape_matched""]",1,1,1,1,18.849,18.336,0.000149,0.000149,-0.0
record_param_comms,"[[10,16160],[],[],[],[],[],[],[],[],[]]","[""c10::BFloat16"","""","""",""Scalar"","""",""ScalarList"",""ScalarList"",""Scalar"",""Scalar"",""Scalar""]",both,"[""operator_shape_matched""]","[""operator_shape_matched""]",1,1,1,1,25.313,25.921,0.0002,0.00021,1e-05
record_param_comms,"[[11,16160],[],[],[],[],[],[],[],[],[]]","[""c10::BFloat16"","""","""",""Scalar"","""",""ScalarList"",""ScalarList"",""Scalar"",""Scalar"",""Scalar""]",both,"[""operator_shape_matched""]","[""operator_shape_matched""]",1,1,1,1,29.377,26.592,0.000232,0.000216,-1.6e-05
record_param_comms,"[[12,16160],[],[],[],[],[],[],[],[],[]]","[""c10::BFloat16"","""","""",""Scalar"","""",""ScalarList"",""ScalarList"",""Scalar"",""Scalar"",""Scalar""]",both,"[""operator_shape_matched""]","[""operator_shape_matched""]",1,1,1,1,26.08,26.048,0.000206,0.000211,5e-06
record_param_comms,"[[13,16160],[],[],[],[],[],[],[],[],[]]","[""c10::BFloat16"","""","""",""Scalar"","""",""ScalarList"",""ScalarList"",""Scalar"",""Scalar"",""Scalar""]",both,"[""operator_shape_matched""]","[""operator_shape_matched""]",1,1,1,1,30.945,30.688,0.000244,0.000249,4e-06
record_param_comms,"[[14,16160],[],[],[],[],[],[],[],[],[]]","[""c10::BFloat16"","""","""",""Scalar"","""",""ScalarList"",""ScalarList"",""Scalar"",""Scalar"",""Scalar""]",both,"[""operator_shape_matched""]","[""operator_shape_matched""]",1,1,1,1,29.537,31.553,0.000233,0.000256,2.3e-05
record_param_comms,"[[15,16160],[],[],[],[],[],[],[],[],[]]","[""c10::BFloat16"","""","""",""Scalar"","""",""ScalarList"",""ScalarList"",""Scalar"",""Scalar"",""Scalar""]",both,"[""operator_shape_matched""]","[""operator_shape_matched""]",1,1,1,1,33.089,32.608,0.000261,0.000264,3e-06
record_param_comms,"[[16,16160],[],[],[],[],[],[],[],[],[]]","[""c10::BFloat16"","""","""",""Scalar"","""",""ScalarList"",""ScalarList"",""Scalar"",""Scalar"",""Scalar""]",both,"[""operator_shape_matched""]","[""operator_shape_matched""]",1,1,1,1,31.873,32.225,0.000252,0.000261,1e-05
record_param_comms,"[[17,16160],[],[],[],[],[],[],[],[],[]]","[""c10::BFloat16"","""","""",""Scalar"","""",""ScalarList"",""ScalarList"",""Scalar"",""Scalar"",""Scalar""]",both,"[""operator_shape_matched""]","[""operator_shape_matched""]",1,1,1,1,36.8,35.553,0.000291,0.000288,-2e-06
record_param_comms,"[[18,16160],[],[],[],[],[],[],[],[],[]]","[""c10::BFloat16"","""","""",""Scalar"","""",""ScalarList"",""ScalarList"",""Scalar"",""Scalar"",""Scalar""]",both,"[""operator_shape_matched""]","[""operator_shape_matched""]",1,1,1,1,32.769,32.225,0.000259,0.000261,3e-06
record_param_comms,"[[19,16160],[],[],[],[],[],[],[],[],[]]","[""c10::BFloat16"","""","""",""Scalar"","""",""ScalarList"",""ScalarList"",""Scalar"",""Scalar"",""Scalar""]",both,"[""operator_shape_matched""]","[""operator_shape_matched""]",1,1,1,1,37.249,31.553,0.000294,0.000256,-3.8e-05
record_param_comms,"[[2,16160],[],[],[],[],[],[],[],[],[]]","[""c10::BFloat16"","""","""",""Scalar"","""",""ScalarList"",""ScalarList"",""Scalar"",""Scalar"",""Scalar""]",both,"[""operator_shape_matched""]","[""operator_shape_matched""]",1,1,1,1,19.232,16.0,0.000152,0.00013,-2.2e-05
record_param_comms,"[[20,16160],[],[],[],[],[],[],[],[],[]]","[""c10::BFloat16"","""","""",""Scalar"","""",""ScalarList"",""ScalarList"",""Scalar"",""Scalar"",""Scalar""]",both,"[""operator_shape_matched""]","[""operator_shape_matched""]",1,1,1,1,33.761,33.344,0.000267,0.00027,4e-06
record_param_comms,"[[21,16160],[],[],[],[],[],[],[],[],[]]","[""c10::BFloat16"","""","""",""Scalar"","""",""ScalarList"",""ScalarList"",""Scalar"",""Scalar"",""Scalar""]",both,"[""operator_shape_matched""]","[""operator_shape_matched""]",1,1,1,1,38.561,35.553,0.000305,0.000288,-1.6e-05
record_param_comms,"[[22,16160],[],[],[],[],[],[],[],[],[]]","[""c10::BFloat16"","""","""",""Scalar"","""",""ScalarList"",""ScalarList"",""Scalar"",""Scalar"",""Scalar""]",both,"[""operator_shape_matched""]","[""operator_shape_matched""]",1,1,1,1,33.857,33.761,0.000267,0.000274,6e-06
record_param_comms,"[[23,16160],[],[],[],[],[],[],[],[],[]]","[""c10::BFloat16"","""","""",""Scalar"","""",""ScalarList"",""ScalarList"",""Scalar"",""Scalar"",""Scalar""]",both,"[""operator_shape_matched""]","[""operator_shape_matched""]",1,1,1,1,37.697,36.193,0.000298,0.000294,-4e-06
record_param_comms,"[[24,16160],[],[],[],[],[],[],[],[],[]]","[""c10::BFloat16"","""","""",""Scalar"","""",""ScalarList"",""ScalarList"",""Scalar"",""Scalar"",""Scalar""]",both,"[""operator_shape_matched""]","[""operator_shape_matched""]",1,1,1,1,38.145,35.265,0.000301,0.000286,-1.5e-05
record_param_comms,"[[25,16160],[],[],[],[],[],[],[],[],[]]","[""c10::BFloat16"","""","""",""Scalar"","""",""ScalarList"",""ScalarList"",""Scalar"",""Scalar"",""Scalar""]",both,"[""operator_shape_matched""]","[""operator_shape_matched""]",1,1,1,1,38.752,38.752,0.000306,0.000314,8e-06
record_param_comms,"[[26,16160],[],[],[],[],[],[],[],[],[]]","[""c10::BFloat16"","""","""",""Scalar"","""",""ScalarList"",""ScalarList"",""Scalar"",""Scalar"",""Scalar""]",both,"[""operator_shape_matched""]","[""operator_shape_matched""]",1,1,1,1,38.881,37.376,0.000307,0.000303,-4e-06
record_param_comms,"[[27,16160],[],[],[],[],[],[],[],[],[]]","[""c10::BFloat16"","""","""",""Scalar"","""",""ScalarList"",""ScalarList"",""Scalar"",""Scalar"",""Scalar""]",both,"[""operator_shape_matched""]","[""operator_shape_matched""]",1,1,1,1,39.713,37.377,0.000314,0.000303,-1.1e-05
record_param_comms,"[[28,16160],[],[],[],[],[],[],[],[],[]]","[""c10::BFloat16"","""","""",""Scalar"","""",""ScalarList"",""ScalarList"",""Scalar"",""Scalar"",""Scalar""]",both,"[""operator_shape_matched""]","[""operator_shape_matched""]",1,1,1,1,44.065,42.241,0.000348,0.000343,-5e-06
record_param_comms,"[[29,16160],[],[],[],[],[],[],[],[],[]]","[""c10::BFloat16"","""","""",""Scalar"","""",""ScalarList"",""ScalarList"",""Scalar"",""Scalar"",""Scalar""]",both,"[""operator_shape_matched""]","[""operator_shape_matched""]",1,1,1,1,50.433,43.232,0.000398,0.000351,-4.8e-05
record_param_comms,"[[3,16160],[],[],[],[],[],[],[],[],[]]","[""c10::BFloat16"","""","""",""Scalar"","""",""ScalarList"",""ScalarList"",""Scalar"",""Scalar"",""Scalar""]",both,"[""operator_shape_matched""]","[""operator_shape_matched""]",1,1,1,1,23.04,17.793,0.000182,0.000144,-3.8e-05
record_param_comms,"[[30,16160],[],[],[],[],[],[],[],[],[]]","[""c10::BFloat16"","""","""",""Scalar"","""",""ScalarList"",""ScalarList"",""Scalar"",""Scalar"",""Scalar""]",both,"[""operator_shape_matched""]","[""operator_shape_matched""]",1,1,1,1,45.121,44.001,0.000356,0.000357,0.0
record_param_comms,"[[31,16160],[],[],[],[],[],[],[],[],[]]","[""c10::BFloat16"","""","""",""Scalar"","""",""ScalarList"",""ScalarList"",""Scalar"",""Scalar"",""Scalar""]",both,"[""operator_shape_matched""]","[""operator_shape_matched""]",1,1,1,1,48.385,43.264,0.000382,0.000351,-3.1e-05
record_param_comms,"[[32,16160],[],[],[],[],[],[],[],[],[]]","[""c10::BFloat16"","""","""",""Scalar"","""",""ScalarList"",""ScalarList"",""Scalar"",""Scalar"",""Scalar""]",both,"[""operator_shape_matched""]","[""operator_shape_matched""]",1,1,1,1,44.416,44.577,0.000351,0.000362,1.1e-05
record_param_comms,"[[33,16160],[],[],[],[],[],[],[],[],[]]","[""c10::BFloat16"","""","""",""Scalar"","""",""ScalarList"",""ScalarList"",""Scalar"",""Scalar"",""Scalar""]",both,"[""operator_shape_matched""]","[""operator_shape_matched""]",1,1,1,1,44.929,44.545,0.000355,0.000361,6e-06
record_param_comms,"[[34,16160],[],[],[],[],[],[],[],[],[]]","[""c10::BFloat16"","""","""",""Scalar"","""",""ScalarList"",""ScalarList"",""Scalar"",""Scalar"",""Scalar""]",both,"[""operator_shape_matched""]","[""operator_shape_matched""]",1,1,1,1,44.033,44.737,0.000348,0.000363,1.5e-05
record_param_comms,"[[35,16160],[],[],[],[],[],[],[],[],[]]","[""c10::BFloat16"","""","""",""Scalar"","""",""ScalarList"",""ScalarList"",""Scalar"",""Scalar"",""Scalar""]",both,"[""operator_shape_matched""]","[""operator_shape_matched""]",1,1,1,1,45.473,45.792,0.000359,0.000371,1.2e-05
record_param_comms,"[[36,16160],[],[],[],[],[],[],[],[],[]]","[""c10::BFloat16"","""","""",""Scalar"","""",""ScalarList"",""ScalarList"",""Scalar"",""Scalar"",""Scalar""]",both,"[""operator_shape_matched""]","[""operator_shape_matched""]",1,1,1,1,46.496,46.049,0.000367,0.000374,6e-06
record_param_comms,"[[37,16160],[],[],[],[],[],[],[],[],[]]","[""c10::BFloat16"","""","""",""Scalar"","""",""ScalarList"",""ScalarList"",""Scalar"",""Scalar"",""Scalar""]",both,"[""operator_shape_matched""]","[""operator_shape_matched""]",1,1,1,1,52.769,46.145,0.000417,0.000374,-4.3e-05
record_param_comms,"[[38,16160],[],[],[],[],[],[],[],[],[]]","[""c10::BFloat16"","""","""",""Scalar"","""",""ScalarList"",""ScalarList"",""Scalar"",""Scalar"",""Scalar""]",both,"[""operator_shape_matched""]","[""operator_shape_matched""]",1,1,1,1,47.265,47.489,0.000373,0.000385,1.2e-05
record_param_comms,"[[39,16160],[],[],[],[],[],[],[],[],[]]","[""c10::BFloat16"","""","""",""Scalar"","""",""ScalarList"",""ScalarList"",""Scalar"",""Scalar"",""Scalar""]",both,"[""operator_shape_matched""]","[""operator_shape_matched""]",1,1,1,1,47.809,48.481,0.000378,0.000393,1.6e-05
record_param_comms,"[[4,16160],[],[],[],[],[],[],[],[],[]]","[""c10::BFloat16"","""","""",""Scalar"","""",""ScalarList"",""ScalarList"",""Scalar"",""Scalar"",""Scalar""]",both,"[""operator_shape_matched""]","[""operator_shape_matched""]",1,1,1,1,17.952,16.033,0.000142,0.00013,-1.2e-05
record_param_comms,"[[40,16160],[],[],[],[],[],[],[],[],[]]","[""c10::BFloat16"","""","""",""Scalar"","""",""ScalarList"",""ScalarList"",""Scalar"",""Scalar"",""Scalar""]",both,"[""operator_shape_matched""]","[""operator_shape_matched""]",1,1,1,1,47.553,47.329,0.000376,0.000384,8e-06
record_param_comms,"[[41,16160],[],[],[],[],[],[],[],[],[]]","[""c10::BFloat16"","""","""",""Scalar"","""",""ScalarList"",""ScalarList"",""Scalar"",""Scalar"",""Scalar""]",both,"[""operator_shape_matched""]","[""operator_shape_matched""]",1,1,1,1,51.009,48.834,0.000403,0.000396,-7e-06
record_param_comms,"[[42,16160],[],[],[],[],[],[],[],[],[]]","[""c10::BFloat16"","""","""",""Scalar"","""",""ScalarList"",""ScalarList"",""Scalar"",""Scalar"",""Scalar""]",both,"[""operator_shape_matched""]","[""operator_shape_matched""]",1,1,1,1,49.024,48.609,0.000387,0.000394,7e-06
record_param_comms,"[[43,16160],[],[],[],[],[],[],[],[],[]]","[""c10::BFloat16"","""","""",""Scalar"","""",""ScalarList"",""ScalarList"",""Scalar"",""Scalar"",""Scalar""]",both,"[""operator_shape_matched""]","[""operator_shape_matched""]",1,1,1,1,48.321,49.025,0.000382,0.000398,1.6e-05
record_param_comms,"[[44,16160],[],[],[],[],[],[],[],[],[]]","[""c10::BFloat16"","""","""",""Scalar"","""",""ScalarList"",""ScalarList"",""Scalar"",""Scalar"",""Scalar""]",both,"[""operator_shape_matched""]","[""operator_shape_matched""]",1,1,1,1,50.753,49.697,0.000401,0.000403,2e-06
record_param_comms,"[[45,16160],[],[],[],[],[],[],[],[],[]]","[""c10::BFloat16"","""","""",""Scalar"","""",""ScalarList"",""ScalarList"",""Scalar"",""Scalar"",""Scalar""]",both,"[""operator_shape_matched""]","[""operator_shape_matched""]",1,1,1,1,52.929,50.305,0.000418,0.000408,-1e-05
record_param_comms,"[[46,16160],[],[],[],[],[],[],[],[],[]]","[""c10::BFloat16"","""","""",""Scalar"","""",""ScalarList"",""ScalarList"",""Scalar"",""Scalar"",""Scalar""]",both,"[""operator_shape_matched""]","[""operator_shape_matched""]",1,1,1,1,50.754,51.969,0.000401,0.000422,2.1e-05
record_param_comms,"[[47,16160],[],[],[],[],[],[],[],[],[]]","[""c10::BFloat16"","""","""",""Scalar"","""",""ScalarList"",""ScalarList"",""Scalar"",""Scalar"",""Scalar""]",both,"[""operator_shape_matched""]","[""operator_shape_matched""]",1,1,1,1,52.705,53.505,0.000416,0.000434,1.8e-05
record_param_comms,"[[48,16160],[],[],[],[],[],[],[],[],[]]","[""c10::BFloat16"","""","""",""Scalar"","""",""ScalarList"",""ScalarList"",""Scalar"",""Scalar"",""Scalar""]",both,"[""operator_shape_matched""]","[""operator_shape_matched""]",1,1,1,1,53.089,53.057,0.000419,0.00043,1.1e-05
record_param_comms,"[[49,16160],[],[],[],[],[],[],[],[],[]]","[""c10::BFloat16"","""","""",""Scalar"","""",""ScalarList"",""ScalarList"",""Scalar"",""Scalar"",""Scalar""]",both,"[""operator_shape_matched""]","[""operator_shape_matched""]",1,1,1,1,54.273,53.121,0.000429,0.000431,2e-06
record_param_comms,"[[5,16160],[],[],[],[],[],[],[],[],[]]","[""c10::BFloat16"","""","""",""Scalar"","""",""ScalarList"",""ScalarList"",""Scalar"",""Scalar"",""Scalar""]",both,"[""operator_shape_matched""]","[""operator_shape_matched""]",1,1,1,1,25.089,18.688,0.000198,0.000152,-4.7e-05
record_param_comms,"[[50,16160],[],[],[],[],[],[],[],[],[]]","[""c10::BFloat16"","""","""",""Scalar"","""",""ScalarList"",""ScalarList"",""Scalar"",""Scalar"",""Scalar""]",both,"[""operator_shape_matched""]","[""operator_shape_matched""]",1,1,1,1,54.401,54.241,0.00043,0.00044,1e-05
record_param_comms,"[[51,16160],[],[],[],[],[],[],[],[],[]]","[""c10::BFloat16"","""","""",""Scalar"","""",""ScalarList"",""ScalarList"",""Scalar"",""Scalar"",""Scalar""]",both,"[""operator_shape_matched""]","[""operator_shape_matched""]",1,1,1,1,55.457,54.306,0.000438,0.00044,2e-06
record_param_comms,"[[52,16160],[],[],[],[],[],[],[],[],[]]","[""c10::BFloat16"","""","""",""Scalar"","""",""ScalarList"",""ScalarList"",""Scalar"",""Scalar"",""Scalar""]",both,"[""operator_shape_matched""]","[""operator_shape_matched""]",1,1,1,1,55.426,56.033,0.000438,0.000454,1.7e-05
record_param_comms,"[[53,16160],[],[],[],[],[],[],[],[],[]]","[""c10::BFloat16"","""","""",""Scalar"","""",""ScalarList"",""ScalarList"",""Scalar"",""Scalar"",""Scalar""]",both,"[""operator_shape_matched""]","[""operator_shape_matched""]",1,1,1,1,56.737,56.257,0.000448,0.000456,8e-06
record_param_comms,"[[54,16160],[],[],[],[],[],[],[],[],[]]","[""c10::BFloat16"","""","""",""Scalar"","""",""ScalarList"",""ScalarList"",""Scalar"",""Scalar"",""Scalar""]",both,"[""operator_shape_matched""]","[""operator_shape_matched""]",1,1,1,1,57.217,57.185,0.000452,0.000464,1.2e-05
record_param_comms,"[[55,16160],[],[],[],[],[],[],[],[],[]]","[""c10::BFloat16"","""","""",""Scalar"","""",""ScalarList"",""ScalarList"",""Scalar"",""Scalar"",""Scalar""]",both,"[""operator_shape_matched""]","[""operator_shape_matched""]",1,1,1,1,60.577,57.409,0.000478,0.000466,-1.3e-05
record_param_comms,"[[56,16160],[],[],[],[],[],[],[],[],[]]","[""c10::BFloat16"","""","""",""Scalar"","""",""ScalarList"",""ScalarList"",""Scalar"",""Scalar"",""Scalar""]",both,"[""operator_shape_matched""]","[""operator_shape_matched""]",1,1,1,1,58.146,58.849,0.000459,0.000477,1.8e-05
record_param_comms,"[[57,16160],[],[],[],[],[],[],[],[],[]]","[""c10::BFloat16"","""","""",""Scalar"","""",""ScalarList"",""ScalarList"",""Scalar"",""Scalar"",""Scalar""]",both,"[""operator_shape_matched""]","[""operator_shape_matched""]",1,1,1,1,63.01,62.881,0.000498,0.00051,1.2e-05
record_param_comms,"[[58,16160],[],[],[],[],[],[],[],[],[]]","[""c10::BFloat16"","""","""",""Scalar"","""",""ScalarList"",""ScalarList"",""Scalar"",""Scalar"",""Scalar""]",both,"[""operator_shape_matched""]","[""operator_shape_matched""]",1,1,1,1,63.458,63.585,0.000501,0.000516,1.4e-05
record_param_comms,"[[59,16160],[],[],[],[],[],[],[],[],[]]","[""c10::BFloat16"","""","""",""Scalar"","""",""ScalarList"",""ScalarList"",""Scalar"",""Scalar"",""Scalar""]",both,"[""operator_shape_matched""]","[""operator_shape_matched""]",1,1,1,1,64.77,64.513,0.000512,0.000523,1.2e-05
record_param_comms,"[[6,16160],[],[],[],[],[],[],[],[],[]]","[""c10::BFloat16"","""","""",""Scalar"","""",""ScalarList"",""ScalarList"",""Scalar"",""Scalar"",""Scalar""]",both,"[""operator_shape_matched""]","[""operator_shape_matched""]",1,1,1,1,19.489,17.472,0.000154,0.000142,-1.2e-05
record_param_comms,"[[60,16160],[],[],[],[],[],[],[],[],[]]","[""c10::BFloat16"","""","""",""Scalar"","""",""ScalarList"",""ScalarList"",""Scalar"",""Scalar"",""Scalar""]",both,"[""operator_shape_matched""]","[""operator_shape_matched""]",1,1,1,1,64.577,63.522,0.00051,0.000515,5e-06
record_param_comms,"[[61,16160],[],[],[],[],[],[],[],[],[]]","[""c10::BFloat16"","""","""",""Scalar"","""",""ScalarList"",""ScalarList"",""Scalar"",""Scalar"",""Scalar""]",both,"[""operator_shape_matched""]","[""operator_shape_matched""]",1,1,1,1,65.09,64.418,0.000514,0.000522,8e-06
record_param_comms,"[[62,16160],[],[],[],[],[],[],[],[],[]]","[""c10::BFloat16"","""","""",""Scalar"","""",""ScalarList"",""ScalarList"",""Scalar"",""Scalar"",""Scalar""]",both,"[""operator_shape_matched""]","[""operator_shape_matched""]",1,1,1,1,65.633,65.281,0.000518,0.000529,1.1e-05
record_param_comms,"[[63,16160],[],[],[],[],[],[],[],[],[]]","[""c10::BFloat16"","""","""",""Scalar"","""",""ScalarList"",""ScalarList"",""Scalar"",""Scalar"",""Scalar""]",both,"[""operator_shape_matched""]","[""operator_shape_matched""]",1,1,2,2,132.291,130.883,0.001045,0.001062,1.7e-05
record_param_comms,"[[64,16160],[],[],[],[],[],[],[],[],[]]","[""c10::BFloat16"","""","""",""Scalar"","""",""ScalarList"",""ScalarList"",""Scalar"",""Scalar"",""Scalar""]",both,"[""operator_shape_matched""]","[""operator_shape_matched""]",1,1,224,224,14773.459,14719.426,0.116694,0.119388,0.002695
record_param_comms,"[[7,16160],[],[],[],[],[],[],[],[],[]]","[""c10::BFloat16"","""","""",""Scalar"","""",""ScalarList"",""ScalarList"",""Scalar"",""Scalar"",""Scalar""]",both,"[""operator_shape_matched""]","[""operator_shape_matched""]",1,1,1,1,26.592,21.408,0.00021,0.000174,-3.6e-05
record_param_comms,"[[8,16160],[],[],[],[],[],[],[],[],[]]","[""c10::BFloat16"","""","""",""Scalar"","""",""ScalarList"",""ScalarList"",""Scalar"",""Scalar"",""Scalar""]",both,"[""operator_shape_matched""]","[""operator_shape_matched""]",1,1,1,1,21.857,22.113,0.000173,0.000179,7e-06
record_param_comms,"[[9,16160],[],[],[],[],[],[],[],[],[]]","[""c10::BFloat16"","""","""",""Scalar"","""",""ScalarList"",""ScalarList"",""Scalar"",""Scalar"",""Scalar""]",both,"[""operator_shape_matched""]","[""operator_shape_matched""]",1,1,1,1,25.217,23.712,0.000199,0.000192,-7e-06
symm_mem::multimem_all_reduce_,"[[16777216],[],[]]","[""c10::BFloat16"","""",""""]",both,"[""operator_shape_matched""]","[""operator_shape_matched""]",1,1,87,87,515285.601,27939.946,4.070174,0.226619,-3.843555
symm_mem::multimem_all_reduce_,"[[20844544],[],[]]","[""c10::BFloat16"","""",""""]",both,"[""operator_shape_matched""]","[""operator_shape_matched""]",1,1,87,87,14053.197,31000.125,0.111004,0.25144,0.140435
symm_mem::multimem_all_reduce_,"[[33554432],[],[]]","[""c10::BFloat16"","""",""""]",both,"[""operator_shape_matched""]","[""operator_shape_matched""]",1,1,2697,2697,718228.315,735539.074,5.673192,5.965903,0.292711
triton_poi_fused___and_____or___add_bitwise_not_ge_lt_mul_sub_0,"[[4096],[4096],[4096],[],[],[],[],[],[]]","[""int"",""long int"",""bool"",""Scalar"",""Scalar"",""Scalar"",""Scalar"",""Scalar"",""Scalar""]",left_only,"[""operator_shape_matched""]",[],1,0,1,0,1.312,0.0,1e-05,0.0,-1e-05
triton_poi_fused___and_____or___add_bitwise_not_ge_lt_mul_sub_0,"[[5089],[5089],[5089],[],[],[],[],[],[]]","[""int"",""long int"",""bool"",""Scalar"",""Scalar"",""Scalar"",""Scalar"",""Scalar"",""Scalar""]",left_only,"[""operator_shape_matched""]",[],1,0,1,0,1.343,0.0,1.1e-05,0.0,-1.1e-05
triton_poi_fused___and_____or___add_bitwise_not_ge_lt_mul_sub_0,"[[8192],[8192],[8192],[],[],[],[],[],[]]","[""int"",""long int"",""bool"",""Scalar"",""Scalar"",""Scalar"",""Scalar"",""Scalar"",""Scalar""]",left_only,"[""operator_shape_matched""]",[],1,0,31,0,54.723,0.0,0.000432,0.0,-0.000432
triton_poi_fused_add_bitwise_and_bitwise_not_bitwise_or_ge_lt_mul_sub_0,"[[4096],[4096],[4096],[],[],[],[],[],[]]","[""int"",""long int"",""bool"",""Scalar"",""Scalar"",""Scalar"",""Scalar"",""Scalar"",""Scalar""]",right_only,[],"[""operator_shape_matched""]",0,1,0,1,0.0,1.248,0.0,1e-05,1e-05
triton_poi_fused_add_bitwise_and_bitwise_not_bitwise_or_ge_lt_mul_sub_0,"[[5089],[5089],[5089],[],[],[],[],[],[]]","[""int"",""long int"",""bool"",""Scalar"",""Scalar"",""Scalar"",""Scalar"",""Scalar"",""Scalar""]",right_only,[],"[""operator_shape_matched""]",0,1,0,1,0.0,1.312,0.0,1.1e-05,1.1e-05
triton_poi_fused_add_bitwise_and_bitwise_not_bitwise_or_ge_lt_mul_sub_0,"[[8192],[8192],[8192],[],[],[],[],[],[]]","[""int"",""long int"",""bool"",""Scalar"",""Scalar"",""Scalar"",""Scalar"",""Scalar"",""Scalar""]",right_only,[],"[""operator_shape_matched""]",0,1,0,31,0.0,49.412,0.0,0.000401,0.000401
triton_poi_fused_clamp_mul_sigmoid_slice_0,"[[4096,512],[],[],[4096,256],[],[],[]]","[""c10::BFloat16"",""Scalar"",""Scalar"",""c10::BFloat16"",""Scalar"",""Scalar"",""Scalar""]",both,"[""operator_shape_matched""]","[""operator_shape_matched""]",1,1,43,43,232.579,232.328,0.001837,0.001884,4.7e-05
triton_poi_fused_clamp_mul_sigmoid_slice_0,"[[5089,512],[],[],[5089,256],[],[],[]]","[""c10::BFloat16"",""Scalar"",""Scalar"",""c10::BFloat16"",""Scalar"",""Scalar"",""Scalar""]",both,"[""operator_shape_matched""]","[""operator_shape_matched""]",1,1,43,43,278.792,270.472,0.002202,0.002194,-8e-06
triton_poi_fused_clamp_mul_sigmoid_slice_0,"[[8192,512],[],[],[8192,256],[],[],[]]","[""c10::BFloat16"",""Scalar"",""Scalar"",""c10::BFloat16"",""Scalar"",""Scalar"",""Scalar""]",both,"[""operator_shape_matched""]","[""operator_shape_matched""]",1,1,1333,1333,12467.678,12408.148,0.098481,0.100642,0.002161
vllm::dynamic_flashinfer_deepgemm_blockscale_gemm,"[[4096,1024],[4096,1024],[32,8],[],[]]","[""c10::BFloat16"",""c10::Float8_e4m3fn"",""float"",""Scalar"",""Scalar""]",both,"[""operator_shape_matched""]","[""operator_shape_matched""]",1,1,86,86,2838.724,2686.001,0.022423,0.021786,-0.000637
vllm::dynamic_flashinfer_deepgemm_blockscale_gemm,"[[4096,1024],[8192,1024],[64,8],[],[]]","[""c10::BFloat16"",""c10::Float8_e4m3fn"",""float"",""Scalar"",""Scalar""]",both,"[""operator_shape_matched""]","[""operator_shape_matched""]",1,1,21,21,1367.329,1240.891,0.0108,0.010065,-0.000736
vllm::dynamic_flashinfer_deepgemm_blockscale_gemm,"[[4096,256],[4096,256],[32,2],[],[]]","[""c10::BFloat16"",""c10::Float8_e4m3fn"",""float"",""Scalar"",""Scalar""]",both,"[""operator_shape_matched""]","[""operator_shape_matched""]",1,1,43,43,636.559,628.016,0.005028,0.005094,6.6e-05
vllm::dynamic_flashinfer_deepgemm_blockscale_gemm,"[[4096,4096],[1536,4096],[12,32],[],[]]","[""c10::BFloat16"",""c10::Float8_e4m3fn"",""float"",""Scalar"",""Scalar""]",both,"[""operator_shape_matched""]","[""operator_shape_matched""]",1,1,43,43,1651.878,1650.06,0.013048,0.013384,0.000336
vllm::dynamic_flashinfer_deepgemm_blockscale_gemm,"[[4096,4096],[512,4096],[4,32],[],[]]","[""c10::BFloat16"",""c10::Float8_e4m3fn"",""float"",""Scalar"",""Scalar""]",both,"[""operator_shape_matched""]","[""operator_shape_matched""]",1,1,43,43,661.55,658.096,0.005225,0.005338,0.000112
vllm::dynamic_flashinfer_deepgemm_blockscale_gemm,"[[5089,1024],[4096,1024],[32,8],[],[]]","[""c10::BFloat16"",""c10::Float8_e4m3fn"",""float"",""Scalar"",""Scalar""]",both,"[""operator_shape_matched""]","[""operator_shape_matched""]",1,1,86,86,3353.383,3543.756,0.026488,0.028743,0.002255
vllm::dynamic_flashinfer_deepgemm_blockscale_gemm,"[[5089,1024],[8192,1024],[64,8],[],[]]","[""c10::BFloat16"",""c10::Float8_e4m3fn"",""float"",""Scalar"",""Scalar""]",both,"[""operator_shape_matched""]","[""operator_shape_matched""]",1,1,21,21,1592.611,1742.15,0.01258,0.01413,0.001551
vllm::dynamic_flashinfer_deepgemm_blockscale_gemm,"[[5089,256],[4096,256],[32,2],[],[]]","[""c10::BFloat16"",""c10::Float8_e4m3fn"",""float"",""Scalar"",""Scalar""]",both,"[""operator_shape_matched""]","[""operator_shape_matched""]",1,1,43,43,760.079,767.859,0.006004,0.006228,0.000224
vllm::dynamic_flashinfer_deepgemm_blockscale_gemm,"[[5089,4096],[1536,4096],[12,32],[],[]]","[""c10::BFloat16"",""c10::Float8_e4m3fn"",""float"",""Scalar"",""Scalar""]",both,"[""operator_shape_matched""]","[""operator_shape_matched""]",1,1,43,43,2134.26,2132.05,0.016858,0.017293,0.000435
vllm::dynamic_flashinfer_deepgemm_blockscale_gemm,"[[5089,4096],[512,4096],[4,32],[],[]]","[""c10::BFloat16"",""c10::Float8_e4m3fn"",""float"",""Scalar"",""Scalar""]",both,"[""operator_shape_matched""]","[""operator_shape_matched""]",1,1,43,43,952.789,966.072,0.007526,0.007836,0.00031
vllm::dynamic_flashinfer_deepgemm_blockscale_gemm,"[[8192,1024],[4096,1024],[32,8],[],[]]","[""c10::BFloat16"",""c10::Float8_e4m3fn"",""float"",""Scalar"",""Scalar""]",both,"[""operator_shape_matched""]","[""operator_shape_matched""]",1,1,2666,2666,165421.703,165285.859,1.306645,1.340621,0.033977
vllm::dynamic_flashinfer_deepgemm_blockscale_gemm,"[[8192,1024],[8192,1024],[64,8],[],[]]","[""c10::BFloat16"",""c10::Float8_e4m3fn"",""float"",""Scalar"",""Scalar""]",both,"[""operator_shape_matched""]","[""operator_shape_matched""]",1,1,651,651,83424.864,83303.01,0.658962,0.675665,0.016702
vllm::dynamic_flashinfer_deepgemm_blockscale_gemm,"[[8192,256],[4096,256],[32,2],[],[]]","[""c10::BFloat16"",""c10::Float8_e4m3fn"",""float"",""Scalar"",""Scalar""]",both,"[""operator_shape_matched""]","[""operator_shape_matched""]",1,1,1333,1333,39558.674,39656.884,0.312469,0.321654,0.009185
vllm::dynamic_flashinfer_deepgemm_blockscale_gemm,"[[8192,4096],[1536,4096],[12,32],[],[]]","[""c10::BFloat16"",""c10::Float8_e4m3fn"",""float"",""Scalar"",""Scalar""]",both,"[""operator_shape_matched""]","[""operator_shape_matched""]",1,1,1333,1333,99484.382,99320.881,0.785814,0.805584,0.01977
vllm::dynamic_flashinfer_deepgemm_blockscale_gemm,"[[8192,4096],[512,4096],[4,32],[],[]]","[""c10::BFloat16"",""c10::Float8_e4m3fn"",""float"",""Scalar"",""Scalar""]",both,"[""operator_shape_matched""]","[""operator_shape_matched""]",1,1,1333,1333,37657.421,37449.42,0.297451,0.303749,0.006298
vllm::fused_inv_rope_fp8_quant_kernel,"[[4096,8,512],[4096],[1048576,64],[],[],[],[],[],[],[],[],[],[],[],[]]","[""c10::BFloat16"",""long int"",""float"",""Scalar"",""Scalar"",""Scalar"",""Scalar"",""Scalar"",""Scalar"",""Scalar"",""Scalar"",""Scalar"",""Scalar"",""Scalar"",""Scalar""]",both,"[""operator_shape_matched""]","[""operator_shape_matched""]",1,1,43,43,1737.252,1737.003,0.013722,0.014089,0.000366
vllm::fused_inv_rope_fp8_quant_kernel,"[[5089,8,512],[5089],[1048576,64],[],[],[],[],[],[],[],[],[],[],[],[]]","[""c10::BFloat16"",""long int"",""float"",""Scalar"",""Scalar"",""Scalar"",""Scalar"",""Scalar"",""Scalar"",""Scalar"",""Scalar"",""Scalar"",""Scalar"",""Scalar"",""Scalar""]",both,"[""operator_shape_matched""]","[""operator_shape_matched""]",1,1,43,43,2197.297,2201.615,0.017356,0.017857,0.000501
vllm::fused_inv_rope_fp8_quant_kernel,"[[8192,8,512],[8192],[1048576,64],[],[],[],[],[],[],[],[],[],[],[],[]]","[""c10::BFloat16"",""long int"",""float"",""Scalar"",""Scalar"",""Scalar"",""Scalar"",""Scalar"",""Scalar"",""Scalar"",""Scalar"",""Scalar"",""Scalar"",""Scalar"",""Scalar""]",both,"[""operator_shape_matched""]","[""operator_shape_matched""]",1,1,1333,1333,106970.848,106974.56,0.844949,0.867663,0.022714
vllm::moe_forward_shared,"[[4096,4096],[4096,4096],[4096,4096],[4096],[],[]]","[""c10::BFloat16"",""c10::BFloat16"",""c10::BFloat16"",""int"","""",""Scalar""]",left_only,"[""operator_shape_matched""]",[],1,0,43,0,3512.806,0.0,0.027747,0.0,-0.027747
vllm::moe_forward_shared,"[[5089,4096],[5089,4096],[5089,4096],[5089],[],[]]","[""c10::BFloat16"",""c10::BFloat16"",""c10::BFloat16"",""int"","""",""Scalar""]",left_only,"[""operator_shape_matched""]",[],1,0,43,0,4311.645,0.0,0.034057,0.0,-0.034057
vllm::moe_forward_shared,"[[8192,4096],[8192,4096],[8192,4096],[8192],[],[]]","[""c10::BFloat16"",""c10::BFloat16"",""c10::BFloat16"",""int"","""",""Scalar""]",left_only,"[""operator_shape_matched""]",[],1,0,1333,0,210316.598,0.0,1.661263,0.0,-1.661263
vllm::sparse_attn_indexer,"[[4096,4096],[],[50314,64,132],[4096,64,128],[],[],[4096,64],[],[],[],[],[],[],[8192,512],[],[]]","[""c10::BFloat16"","""",""unsigned char"",""c10::Float8_e4m3fn"","""","""",""float"",""Scalar"","""",""Scalar"",""Scalar"",""Scalar"",""Scalar"",""int"",""Scalar"",""Scalar""]",left_only,"[""operator_shape_matched""]",[],1,0,21,0,934.357,0.0,0.00738,0.0,-0.00738
vllm::sparse_attn_indexer,"[[4096,4096],[],[50438,64,132],[4096,64,128],[],[],[4096,64],[],[],[],[],[],[],[8192,512],[],[]]","[""c10::BFloat16"","""",""unsigned char"",""c10::Float8_e4m3fn"","""","""",""float"",""Scalar"","""",""Scalar"",""Scalar"",""Scalar"",""Scalar"",""int"",""Scalar"",""Scalar""]",right_only,[],"[""operator_shape_matched""]",0,1,0,21,0.0,937.558,0.0,0.007604,0.007604
vllm::sparse_attn_indexer,"[[5089,4096],[],[50314,64,132],[5089,64,128],[],[],[5089,64],[],[],[],[],[],[],[8192,512],[],[]]","[""c10::BFloat16"","""",""unsigned char"",""c10::Float8_e4m3fn"","""","""",""float"",""Scalar"","""",""Scalar"",""Scalar"",""Scalar"",""Scalar"",""int"",""Scalar"",""Scalar""]",left_only,"[""operator_shape_matched""]",[],2,0,42,0,1429.155,0.0,0.011289,0.0,-0.011289
vllm::sparse_attn_indexer,"[[5089,4096],[],[50438,64,132],[5089,64,128],[],[],[5089,64],[],[],[],[],[],[],[8192,512],[],[]]","[""c10::BFloat16"","""",""unsigned char"",""c10::Float8_e4m3fn"","""","""",""float"",""Scalar"","""",""Scalar"",""Scalar"",""Scalar"",""Scalar"",""int"",""Scalar"",""Scalar""]",right_only,[],"[""operator_shape_matched""]",0,2,0,42,0.0,1425.091,0.0,0.011559,0.011559
vllm::sparse_attn_indexer,"[[8192,4096],[],[50314,64,132],[8192,64,128],[],[],[8192,64],[],[],[],[],[],[],[8192,512],[],[]]","[""c10::BFloat16"","""",""unsigned char"",""c10::Float8_e4m3fn"","""","""",""float"",""Scalar"","""",""Scalar"",""Scalar"",""Scalar"",""Scalar"",""int"",""Scalar"",""Scalar""]",left_only,"[""operator_shape_matched""]",[],2,0,1302,0,60759.283,0.0,0.47993,0.0,-0.47993
vllm::sparse_attn_indexer,"[[8192,4096],[],[50438,64,132],[8192,64,128],[],[],[8192,64],[],[],[],[],[],[],[8192,512],[],[]]","[""c10::BFloat16"","""",""unsigned char"",""c10::Float8_e4m3fn"","""","""",""float"",""Scalar"","""",""Scalar"",""Scalar"",""Scalar"",""Scalar"",""int"",""Scalar"",""Scalar""]",right_only,[],"[""operator_shape_matched""]",0,2,0,1302,0.0,60849.674,0.0,0.493547,0.493547
