operator_name,kernel_name,variant_index,mapping_status,input_shapes,input_dtypes,candidate_operators,kernel_event_count,kernel_time_us
vllm::all_reduce,ncclDevKernel_AllReduce_Sum_bf16_RING_LL(ncclDevKernelArgsStorage<4096ul>),1,operator_shape_matched,"[[8192,6144],[]]","[""c10::BFloat16"",""""]",null,3751,3583754.25
vllm::all_reduce,ncclDevKernel_AllReduce_Sum_bf16_RING_LL(ncclDevKernelArgsStorage<4096ul>),2,operator_shape_matched,"[[4096,6144],[]]","[""c10::BFloat16"",""""]",null,121,69803.201
vllm::all_reduce,ncclDevKernel_AllReduce_Sum_bf16_RING_LL(ncclDevKernelArgsStorage<4096ul>),3,operator_shape_matched,"[[5089,6144],[]]","[""c10::BFloat16"",""""]",null,121,69158.301
vllm::all_reduce,ncclDevKernel_AllReduce_Sum_bf16_RING_LL(ncclDevKernelArgsStorage<4096ul>),4,operator_shape_matched,"[[18,6144],[]]","[""c10::BFloat16"",""""]",null,1,207.776
null,fused_moe_kernel,1,missing_external_id,null,null,null,29184,2026417.509
vllm::moe_forward_shared,fused_moe_kernel,2,operator_shape_matched,"[[8192,6144],[8192,128],[8192,6144],[],[],[]]","[""c10::BFloat16"",""float"",""c10::BFloat16"","""","""",""Scalar""]",null,3534,1416900.465
vllm::moe_forward_shared,fused_moe_kernel,3,operator_shape_matched,"[[5089,6144],[5089,128],[5089,6144],[],[],[]]","[""c10::BFloat16"",""float"",""c10::BFloat16"","""","""",""Scalar""]",null,114,33885.087
vllm::moe_forward_shared,fused_moe_kernel,4,operator_shape_matched,"[[4096,6144],[4096,128],[4096,6144],[],[],[]]","[""c10::BFloat16"",""float"",""c10::BFloat16"","""","""",""Scalar""]",null,114,31161.746
null,ncclDevKernel_AllReduce_Sum_bf16_TREE_LL(ncclDevKernelArgsStorage<4096ul>),1,missing_external_id,null,null,null,30720,2390444.153
vllm::all_reduce,ncclDevKernel_AllReduce_Sum_bf16_TREE_LL(ncclDevKernelArgsStorage<4096ul>),2,operator_shape_matched,"[[64,6144],[]]","[""c10::BFloat16"",""""]",null,222,17599.743
vllm::all_reduce,ncclDevKernel_AllReduce_Sum_bf16_TREE_LL(ncclDevKernelArgsStorage<4096ul>),3,operator_shape_matched,"[[63,6144],[]]","[""c10::BFloat16"",""""]",null,2,165.441
vllm::all_reduce,ncclDevKernel_AllReduce_Sum_bf16_TREE_LL(ncclDevKernelArgsStorage<4096ul>),4,operator_shape_matched,"[[56,6144],[]]","[""c10::BFloat16"",""""]",null,1,89.887
vllm::all_reduce,ncclDevKernel_AllReduce_Sum_bf16_TREE_LL(ncclDevKernelArgsStorage<4096ul>),5,operator_shape_matched,"[[60,6144],[]]","[""c10::BFloat16"",""""]",null,1,89.216
vllm::all_reduce,ncclDevKernel_AllReduce_Sum_bf16_TREE_LL(ncclDevKernelArgsStorage<4096ul>),6,operator_shape_matched,"[[36,6144],[]]","[""c10::BFloat16"",""""]",null,1,85.056
vllm::all_reduce,ncclDevKernel_AllReduce_Sum_bf16_TREE_LL(ncclDevKernelArgsStorage<4096ul>),7,operator_shape_matched,"[[58,6144],[]]","[""c10::BFloat16"",""""]",null,1,83.552
vllm::all_reduce,ncclDevKernel_AllReduce_Sum_bf16_TREE_LL(ncclDevKernelArgsStorage<4096ul>),8,operator_shape_matched,"[[30,6144],[]]","[""c10::BFloat16"",""""]",null,1,82.56
vllm::all_reduce,ncclDevKernel_AllReduce_Sum_bf16_TREE_LL(ncclDevKernelArgsStorage<4096ul>),9,operator_shape_matched,"[[32,6144],[]]","[""c10::BFloat16"",""""]",null,1,79.776
vllm::all_reduce,ncclDevKernel_AllReduce_Sum_bf16_TREE_LL(ncclDevKernelArgsStorage<4096ul>),10,operator_shape_matched,"[[34,6144],[]]","[""c10::BFloat16"",""""]",null,1,78.912
vllm::all_reduce,ncclDevKernel_AllReduce_Sum_bf16_TREE_LL(ncclDevKernelArgsStorage<4096ul>),11,operator_shape_matched,"[[46,6144],[]]","[""c10::BFloat16"",""""]",null,1,73.409
vllm::all_reduce,ncclDevKernel_AllReduce_Sum_bf16_TREE_LL(ncclDevKernelArgsStorage<4096ul>),12,operator_shape_matched,"[[52,6144],[]]","[""c10::BFloat16"",""""]",null,1,72.864
vllm::all_reduce,ncclDevKernel_AllReduce_Sum_bf16_TREE_LL(ncclDevKernelArgsStorage<4096ul>),13,operator_shape_matched,"[[48,6144],[]]","[""c10::BFloat16"",""""]",null,1,72.833
vllm::all_reduce,ncclDevKernel_AllReduce_Sum_bf16_TREE_LL(ncclDevKernelArgsStorage<4096ul>),14,operator_shape_matched,"[[42,6144],[]]","[""c10::BFloat16"",""""]",null,1,72.64
vllm::all_reduce,ncclDevKernel_AllReduce_Sum_bf16_TREE_LL(ncclDevKernelArgsStorage<4096ul>),15,operator_shape_matched,"[[54,6144],[]]","[""c10::BFloat16"",""""]",null,1,72.511
vllm::all_reduce,ncclDevKernel_AllReduce_Sum_bf16_TREE_LL(ncclDevKernelArgsStorage<4096ul>),16,operator_shape_matched,"[[50,6144],[]]","[""c10::BFloat16"",""""]",null,1,71.968
vllm::all_reduce,ncclDevKernel_AllReduce_Sum_bf16_TREE_LL(ncclDevKernelArgsStorage<4096ul>),17,operator_shape_matched,"[[62,6144],[]]","[""c10::BFloat16"",""""]",null,1,69.184
vllm::all_reduce,ncclDevKernel_AllReduce_Sum_bf16_TREE_LL(ncclDevKernelArgsStorage<4096ul>),18,operator_shape_matched,"[[44,6144],[]]","[""c10::BFloat16"",""""]",null,1,66.56
vllm::all_reduce,ncclDevKernel_AllReduce_Sum_bf16_TREE_LL(ncclDevKernelArgsStorage<4096ul>),19,operator_shape_matched,"[[26,6144],[]]","[""c10::BFloat16"",""""]",null,1,66.144
vllm::all_reduce,ncclDevKernel_AllReduce_Sum_bf16_TREE_LL(ncclDevKernelArgsStorage<4096ul>),20,operator_shape_matched,"[[38,6144],[]]","[""c10::BFloat16"",""""]",null,1,64.48
vllm::all_reduce,ncclDevKernel_AllReduce_Sum_bf16_TREE_LL(ncclDevKernelArgsStorage<4096ul>),21,operator_shape_matched,"[[6,6144],[]]","[""c10::BFloat16"",""""]",null,1,64.128
vllm::all_reduce,ncclDevKernel_AllReduce_Sum_bf16_TREE_LL(ncclDevKernelArgsStorage<4096ul>),22,operator_shape_matched,"[[40,6144],[]]","[""c10::BFloat16"",""""]",null,1,62.176
vllm::all_reduce,ncclDevKernel_AllReduce_Sum_bf16_TREE_LL(ncclDevKernelArgsStorage<4096ul>),23,operator_shape_matched,"[[28,6144],[]]","[""c10::BFloat16"",""""]",null,1,61.088
vllm::all_reduce,ncclDevKernel_AllReduce_Sum_bf16_TREE_LL(ncclDevKernelArgsStorage<4096ul>),24,operator_shape_matched,"[[22,6144],[]]","[""c10::BFloat16"",""""]",null,1,60.193
vllm::all_reduce,ncclDevKernel_AllReduce_Sum_bf16_TREE_LL(ncclDevKernelArgsStorage<4096ul>),25,operator_shape_matched,"[[24,6144],[]]","[""c10::BFloat16"",""""]",null,1,59.904
vllm::all_reduce,ncclDevKernel_AllReduce_Sum_bf16_TREE_LL(ncclDevKernelArgsStorage<4096ul>),26,operator_shape_matched,"[[20,6144],[]]","[""c10::BFloat16"",""""]",null,1,50.529
vllm::all_reduce,ncclDevKernel_AllReduce_Sum_bf16_TREE_LL(ncclDevKernelArgsStorage<4096ul>),27,operator_shape_matched,"[[16,6144],[]]","[""c10::BFloat16"",""""]",null,1,45.536
vllm::all_reduce,ncclDevKernel_AllReduce_Sum_bf16_TREE_LL(ncclDevKernelArgsStorage<4096ul>),28,operator_shape_matched,"[[14,6144],[]]","[""c10::BFloat16"",""""]",null,1,42.816
vllm::all_reduce,ncclDevKernel_AllReduce_Sum_bf16_TREE_LL(ncclDevKernelArgsStorage<4096ul>),29,operator_shape_matched,"[[12,6144],[]]","[""c10::BFloat16"",""""]",null,1,40.928
vllm::all_reduce,ncclDevKernel_AllReduce_Sum_bf16_TREE_LL(ncclDevKernelArgsStorage<4096ul>),30,operator_shape_matched,"[[4,6144],[]]","[""c10::BFloat16"",""""]",null,1,39.489
vllm::all_reduce,ncclDevKernel_AllReduce_Sum_bf16_TREE_LL(ncclDevKernelArgsStorage<4096ul>),31,operator_shape_matched,"[[10,6144],[]]","[""c10::BFloat16"",""""]",null,1,39.008
vllm::all_reduce,ncclDevKernel_AllReduce_Sum_bf16_TREE_LL(ncclDevKernelArgsStorage<4096ul>),32,operator_shape_matched,"[[8,6144],[]]","[""c10::BFloat16"",""""]",null,1,37.568
vllm::all_reduce,ncclDevKernel_AllReduce_Sum_bf16_TREE_LL(ncclDevKernelArgsStorage<4096ul>),33,operator_shape_matched,"[[2,6144],[]]","[""c10::BFloat16"",""""]",null,1,33.504
vllm::all_reduce,ncclDevKernel_AllReduce_Sum_bf16_TREE_LL(ncclDevKernelArgsStorage<4096ul>),34,operator_shape_matched,"[[1,6144],[]]","[""c10::BFloat16"",""""]",null,1,19.552
null,_gqa_sparse_fwd_kernel,1,missing_external_id,null,null,null,1881,1523885.146
null,kernel_cutlass_kernel_flashinfernormkernelsfused_add_rmsnormFusedAddRMSNormKernel_object_at__tensorptrbf16gmemalign128o614461441_tensorptrbf16gmemalign128o614461441_tensorptrbf16gmemalign_0,1,missing_external_id,null,null,null,34680,662322.548
aten::mm,nvjet_sm90_tst_256x128_64x4_1x2_h_bz_coopA_TNT,1,operator_shape_matched,"[[8192,6144],[6144,1024]]","[""c10::BFloat16"",""c10::BFloat16""]",null,1767,228461.152
aten::mm,nvjet_sm90_tst_256x128_64x4_1x2_h_bz_coopA_TNT,2,operator_shape_matched,"[[8192,512],[512,6144]]","[""c10::BFloat16"",""c10::BFloat16""]",null,1860,151249.208
aten::mm,nvjet_sm90_tst_256x128_64x4_1x2_h_bz_coopA_TNT,3,operator_shape_matched,"[[8192,192],[192,6144]]","[""c10::BFloat16"",""c10::BFloat16""]",null,1767,83704.539
aten::mm,nvjet_sm90_tst_256x128_64x4_1x2_h_bz_coopA_TNT,4,operator_shape_matched,"[[8192,6144],[6144,1536]]","[""c10::BFloat16"",""c10::BFloat16""]",null,93,17397.226
aten::mm,nvjet_sm90_tst_256x128_64x4_1x2_h_bz_coopA_TNT,5,operator_shape_matched,"[[8192,768],[768,6144]]","[""c10::BFloat16"",""c10::BFloat16""]",null,93,10074.694
aten::mm,nvjet_sm90_tst_256x128_64x4_1x2_h_bz_coopA_TNT,6,operator_shape_matched,"[[4096,6144],[6144,1024]]","[""c10::BFloat16"",""c10::BFloat16""]",null,57,3699.172
aten::mm,nvjet_sm90_tst_256x128_64x4_1x2_h_bz_coopA_TNT,7,operator_shape_matched,"[[4096,512],[512,6144]]","[""c10::BFloat16"",""c10::BFloat16""]",null,60,2480.514
aten::mm,nvjet_sm90_tst_256x128_64x4_1x2_h_bz_coopA_TNT,8,operator_shape_matched,"[[4096,192],[192,6144]]","[""c10::BFloat16"",""c10::BFloat16""]",null,57,1322.081
aten::mm,nvjet_sm90_tst_256x128_64x4_1x2_h_bz_coopA_TNT,9,operator_shape_matched,"[[4096,768],[768,6144]]","[""c10::BFloat16"",""c10::BFloat16""]",null,3,165.633
aten::mm,sm80_xmma_gemm_f32f32_f32f32_f32_tn_n_tilesize128x128x8_stage3_warpsize2x2x1_ffma_aligna4_alignc4_execute_kernel__5x_cublas,1,operator_shape_matched,"[[8192,6144],[6144,128]]","[""float"",""float""]",null,1767,446608.594
aten::mm,sm80_xmma_gemm_f32f32_f32f32_f32_tn_n_tilesize128x128x8_stage3_warpsize2x2x1_ffma_aligna4_alignc4_execute_kernel__5x_cublas,2,operator_shape_matched,"[[5089,6144],[6144,128]]","[""float"",""float""]",null,57,9787.243
aten::mm,sm80_xmma_gemm_f32f32_f32f32_f32_tn_n_tilesize128x128x8_stage3_warpsize2x2x1_ffma_aligna4_alignc4_execute_kernel__5x_cublas,3,operator_shape_matched,"[[4096,6144],[6144,128]]","[""float"",""float""]",null,57,7366.503
null,_decode_index_score_kernel,1,missing_external_id,null,null,null,16416,450376.342
_moe_C::moe_sum,"void vllm::moe::moe_sum_kernel<c10::BFloat16, 4>(c10::BFloat16*, c10::BFloat16 const*, int)",1,operator_shape_matched,"[[8192,4,6144],[8192,6144]]","[""c10::BFloat16"",""c10::BFloat16""]",null,1767,354930.756
null,"void vllm::moe::moe_sum_kernel<c10::BFloat16, 4>(c10::BFloat16*, c10::BFloat16 const*, int)",2,missing_external_id,null,null,null,14592,66204.409
_moe_C::moe_sum,"void vllm::moe::moe_sum_kernel<c10::BFloat16, 4>(c10::BFloat16*, c10::BFloat16 const*, int)",3,operator_shape_matched,"[[5089,4,6144],[5089,6144]]","[""c10::BFloat16"",""c10::BFloat16""]",null,57,7261.644
_moe_C::moe_sum,"void vllm::moe::moe_sum_kernel<c10::BFloat16, 4>(c10::BFloat16*, c10::BFloat16 const*, int)",4,operator_shape_matched,"[[4096,4,6144],[4096,6144]]","[""c10::BFloat16"",""c10::BFloat16""]",null,57,5881.92
null,_gqa_sparse_decode_kernel,1,missing_external_id,null,null,null,16416,396579.76
aten::copy_,"void at::native::unrolled_elementwise_kernel<at::native::direct_copy_kernel_cuda(at::TensorIteratorBase&)::{lambda()#3}::operator()() const::{lambda()#7}::operator()() const::{lambda(float)#1}, std::array<char*, 2ul>, 4, TrivialOffsetCalculator<1, unsigned int>, TrivialOffsetCalculator<1, unsigned int>, at::native::memory::LoadWithCast<1>, at::native::memory::StoreWithCast<1> >(int, at::native::direct_copy_kernel_cuda(at::TensorIteratorBase&)::{lambda()#3}::operator()() const::{lambda()#7}::operator()() const::{lambda(float)#1}, std::array<char*, 2ul>, TrivialOffsetCalculator<1, unsigned int>, TrivialOffsetCalculator<1, unsigned int>, at::native::memory::LoadWithCast<1>, at::native::memory::StoreWithCast<1>)",1,operator_shape_matched,"[[8192,6144],[8192,6144],[]]","[""float"",""c10::BFloat16"",""Scalar""]",null,1767,279334.618
null,"void at::native::unrolled_elementwise_kernel<at::native::direct_copy_kernel_cuda(at::TensorIteratorBase&)::{lambda()#3}::operator()() const::{lambda()#7}::operator()() const::{lambda(float)#1}, std::array<char*, 2ul>, 4, TrivialOffsetCalculator<1, unsigned int>, TrivialOffsetCalculator<1, unsigned int>, at::native::memory::LoadWithCast<1>, at::native::memory::StoreWithCast<1> >(int, at::native::direct_copy_kernel_cuda(at::TensorIteratorBase&)::{lambda()#3}::operator()() const::{lambda()#7}::operator()() const::{lambda(float)#1}, std::array<char*, 2ul>, TrivialOffsetCalculator<1, unsigned int>, TrivialOffsetCalculator<1, unsigned int>, at::native::memory::LoadWithCast<1>, at::native::memory::StoreWithCast<1>)",2,missing_external_id,null,null,null,13623,40865.453
aten::copy_,"void at::native::unrolled_elementwise_kernel<at::native::direct_copy_kernel_cuda(at::TensorIteratorBase&)::{lambda()#3}::operator()() const::{lambda()#7}::operator()() const::{lambda(float)#1}, std::array<char*, 2ul>, 4, TrivialOffsetCalculator<1, unsigned int>, TrivialOffsetCalculator<1, unsigned int>, at::native::memory::LoadWithCast<1>, at::native::memory::StoreWithCast<1> >(int, at::native::direct_copy_kernel_cuda(at::TensorIteratorBase&)::{lambda()#3}::operator()() const::{lambda()#7}::operator()() const::{lambda(float)#1}, std::array<char*, 2ul>, TrivialOffsetCalculator<1, unsigned int>, TrivialOffsetCalculator<1, unsigned int>, at::native::memory::LoadWithCast<1>, at::native::memory::StoreWithCast<1>)",3,operator_shape_matched,"[[64,200064],[64,200064],[]]","[""float"",""c10::BFloat16"",""Scalar""]",null,223,9282.278
aten::copy_,"void at::native::unrolled_elementwise_kernel<at::native::direct_copy_kernel_cuda(at::TensorIteratorBase&)::{lambda()#3}::operator()() const::{lambda()#7}::operator()() const::{lambda(float)#1}, std::array<char*, 2ul>, 4, TrivialOffsetCalculator<1, unsigned int>, TrivialOffsetCalculator<1, unsigned int>, at::native::memory::LoadWithCast<1>, at::native::memory::StoreWithCast<1> >(int, at::native::direct_copy_kernel_cuda(at::TensorIteratorBase&)::{lambda()#3}::operator()() const::{lambda()#7}::operator()() const::{lambda(float)#1}, std::array<char*, 2ul>, TrivialOffsetCalculator<1, unsigned int>, TrivialOffsetCalculator<1, unsigned int>, at::native::memory::LoadWithCast<1>, at::native::memory::StoreWithCast<1>)",4,operator_shape_matched,"[[5089,6144],[5089,6144],[]]","[""float"",""c10::BFloat16"",""Scalar""]",null,57,5674.888
aten::copy_,"void at::native::unrolled_elementwise_kernel<at::native::direct_copy_kernel_cuda(at::TensorIteratorBase&)::{lambda()#3}::operator()() const::{lambda()#7}::operator()() const::{lambda(float)#1}, std::array<char*, 2ul>, 4, TrivialOffsetCalculator<1, unsigned int>, TrivialOffsetCalculator<1, unsigned int>, at::native::memory::LoadWithCast<1>, at::native::memory::StoreWithCast<1> >(int, at::native::direct_copy_kernel_cuda(at::TensorIteratorBase&)::{lambda()#3}::operator()() const::{lambda()#7}::operator()() const::{lambda(float)#1}, std::array<char*, 2ul>, TrivialOffsetCalculator<1, unsigned int>, TrivialOffsetCalculator<1, unsigned int>, at::native::memory::LoadWithCast<1>, at::native::memory::StoreWithCast<1>)",5,operator_shape_matched,"[[4096,6144],[4096,6144],[]]","[""float"",""c10::BFloat16"",""Scalar""]",null,57,4593.855
aten::copy_,"void at::native::unrolled_elementwise_kernel<at::native::direct_copy_kernel_cuda(at::TensorIteratorBase&)::{lambda()#3}::operator()() const::{lambda()#7}::operator()() const::{lambda(float)#1}, std::array<char*, 2ul>, 4, TrivialOffsetCalculator<1, unsigned int>, TrivialOffsetCalculator<1, unsigned int>, at::native::memory::LoadWithCast<1>, at::native::memory::StoreWithCast<1> >(int, at::native::direct_copy_kernel_cuda(at::TensorIteratorBase&)::{lambda()#3}::operator()() const::{lambda()#7}::operator()() const::{lambda(float)#1}, std::array<char*, 2ul>, TrivialOffsetCalculator<1, unsigned int>, TrivialOffsetCalculator<1, unsigned int>, at::native::memory::LoadWithCast<1>, at::native::memory::StoreWithCast<1>)",6,operator_shape_matched,"[[63,200064],[63,200064],[]]","[""float"",""c10::BFloat16"",""Scalar""]",null,3,122.336
aten::copy_,"void at::native::unrolled_elementwise_kernel<at::native::direct_copy_kernel_cuda(at::TensorIteratorBase&)::{lambda()#3}::operator()() const::{lambda()#7}::operator()() const::{lambda(float)#1}, std::array<char*, 2ul>, 4, TrivialOffsetCalculator<1, unsigned int>, TrivialOffsetCalculator<1, unsigned int>, at::native::memory::LoadWithCast<1>, at::native::memory::StoreWithCast<1> >(int, at::native::direct_copy_kernel_cuda(at::TensorIteratorBase&)::{lambda()#3}::operator()() const::{lambda()#7}::operator()() const::{lambda(float)#1}, std::array<char*, 2ul>, TrivialOffsetCalculator<1, unsigned int>, TrivialOffsetCalculator<1, unsigned int>, at::native::memory::LoadWithCast<1>, at::native::memory::StoreWithCast<1>)",7,operator_shape_matched,"[[62,200064],[62,200064],[]]","[""float"",""c10::BFloat16"",""Scalar""]",null,1,40.096
aten::copy_,"void at::native::unrolled_elementwise_kernel<at::native::direct_copy_kernel_cuda(at::TensorIteratorBase&)::{lambda()#3}::operator()() const::{lambda()#7}::operator()() const::{lambda(float)#1}, std::array<char*, 2ul>, 4, TrivialOffsetCalculator<1, unsigned int>, TrivialOffsetCalculator<1, unsigned int>, at::native::memory::LoadWithCast<1>, at::native::memory::StoreWithCast<1> >(int, at::native::direct_copy_kernel_cuda(at::TensorIteratorBase&)::{lambda()#3}::operator()() const::{lambda()#7}::operator()() const::{lambda(float)#1}, std::array<char*, 2ul>, TrivialOffsetCalculator<1, unsigned int>, TrivialOffsetCalculator<1, unsigned int>, at::native::memory::LoadWithCast<1>, at::native::memory::StoreWithCast<1>)",8,operator_shape_matched,"[[60,200064],[60,200064],[]]","[""float"",""c10::BFloat16"",""Scalar""]",null,1,39.809
aten::copy_,"void at::native::unrolled_elementwise_kernel<at::native::direct_copy_kernel_cuda(at::TensorIteratorBase&)::{lambda()#3}::operator()() const::{lambda()#7}::operator()() const::{lambda(float)#1}, std::array<char*, 2ul>, 4, TrivialOffsetCalculator<1, unsigned int>, TrivialOffsetCalculator<1, unsigned int>, at::native::memory::LoadWithCast<1>, at::native::memory::StoreWithCast<1> >(int, at::native::direct_copy_kernel_cuda(at::TensorIteratorBase&)::{lambda()#3}::operator()() const::{lambda()#7}::operator()() const::{lambda(float)#1}, std::array<char*, 2ul>, TrivialOffsetCalculator<1, unsigned int>, TrivialOffsetCalculator<1, unsigned int>, at::native::memory::LoadWithCast<1>, at::native::memory::StoreWithCast<1>)",9,operator_shape_matched,"[[61,200064],[61,200064],[]]","[""float"",""c10::BFloat16"",""Scalar""]",null,1,39.424
aten::copy_,"void at::native::unrolled_elementwise_kernel<at::native::direct_copy_kernel_cuda(at::TensorIteratorBase&)::{lambda()#3}::operator()() const::{lambda()#7}::operator()() const::{lambda(float)#1}, std::array<char*, 2ul>, 4, TrivialOffsetCalculator<1, unsigned int>, TrivialOffsetCalculator<1, unsigned int>, at::native::memory::LoadWithCast<1>, at::native::memory::StoreWithCast<1> >(int, at::native::direct_copy_kernel_cuda(at::TensorIteratorBase&)::{lambda()#3}::operator()() const::{lambda()#7}::operator()() const::{lambda(float)#1}, std::array<char*, 2ul>, TrivialOffsetCalculator<1, unsigned int>, TrivialOffsetCalculator<1, unsigned int>, at::native::memory::LoadWithCast<1>, at::native::memory::StoreWithCast<1>)",10,operator_shape_matched,"[[59,200064],[59,200064],[]]","[""float"",""c10::BFloat16"",""Scalar""]",null,1,38.4
aten::copy_,"void at::native::unrolled_elementwise_kernel<at::native::direct_copy_kernel_cuda(at::TensorIteratorBase&)::{lambda()#3}::operator()() const::{lambda()#7}::operator()() const::{lambda(float)#1}, std::array<char*, 2ul>, 4, TrivialOffsetCalculator<1, unsigned int>, TrivialOffsetCalculator<1, unsigned int>, at::native::memory::LoadWithCast<1>, at::native::memory::StoreWithCast<1> >(int, at::native::direct_copy_kernel_cuda(at::TensorIteratorBase&)::{lambda()#3}::operator()() const::{lambda()#7}::operator()() const::{lambda(float)#1}, std::array<char*, 2ul>, TrivialOffsetCalculator<1, unsigned int>, TrivialOffsetCalculator<1, unsigned int>, at::native::memory::LoadWithCast<1>, at::native::memory::StoreWithCast<1>)",11,operator_shape_matched,"[[58,200064],[58,200064],[]]","[""float"",""c10::BFloat16"",""Scalar""]",null,1,38.08
aten::copy_,"void at::native::unrolled_elementwise_kernel<at::native::direct_copy_kernel_cuda(at::TensorIteratorBase&)::{lambda()#3}::operator()() const::{lambda()#7}::operator()() const::{lambda(float)#1}, std::array<char*, 2ul>, 4, TrivialOffsetCalculator<1, unsigned int>, TrivialOffsetCalculator<1, unsigned int>, at::native::memory::LoadWithCast<1>, at::native::memory::StoreWithCast<1> >(int, at::native::direct_copy_kernel_cuda(at::TensorIteratorBase&)::{lambda()#3}::operator()() const::{lambda()#7}::operator()() const::{lambda(float)#1}, std::array<char*, 2ul>, TrivialOffsetCalculator<1, unsigned int>, TrivialOffsetCalculator<1, unsigned int>, at::native::memory::LoadWithCast<1>, at::native::memory::StoreWithCast<1>)",12,operator_shape_matched,"[[57,200064],[57,200064],[]]","[""float"",""c10::BFloat16"",""Scalar""]",null,1,36.864
aten::copy_,"void at::native::unrolled_elementwise_kernel<at::native::direct_copy_kernel_cuda(at::TensorIteratorBase&)::{lambda()#3}::operator()() const::{lambda()#7}::operator()() const::{lambda(float)#1}, std::array<char*, 2ul>, 4, TrivialOffsetCalculator<1, unsigned int>, TrivialOffsetCalculator<1, unsigned int>, at::native::memory::LoadWithCast<1>, at::native::memory::StoreWithCast<1> >(int, at::native::direct_copy_kernel_cuda(at::TensorIteratorBase&)::{lambda()#3}::operator()() const::{lambda()#7}::operator()() const::{lambda(float)#1}, std::array<char*, 2ul>, TrivialOffsetCalculator<1, unsigned int>, TrivialOffsetCalculator<1, unsigned int>, at::native::memory::LoadWithCast<1>, at::native::memory::StoreWithCast<1>)",13,operator_shape_matched,"[[56,200064],[56,200064],[]]","[""float"",""c10::BFloat16"",""Scalar""]",null,1,36.608
aten::copy_,"void at::native::unrolled_elementwise_kernel<at::native::direct_copy_kernel_cuda(at::TensorIteratorBase&)::{lambda()#3}::operator()() const::{lambda()#7}::operator()() const::{lambda(float)#1}, std::array<char*, 2ul>, 4, TrivialOffsetCalculator<1, unsigned int>, TrivialOffsetCalculator<1, unsigned int>, at::native::memory::LoadWithCast<1>, at::native::memory::StoreWithCast<1> >(int, at::native::direct_copy_kernel_cuda(at::TensorIteratorBase&)::{lambda()#3}::operator()() const::{lambda()#7}::operator()() const::{lambda(float)#1}, std::array<char*, 2ul>, TrivialOffsetCalculator<1, unsigned int>, TrivialOffsetCalculator<1, unsigned int>, at::native::memory::LoadWithCast<1>, at::native::memory::StoreWithCast<1>)",14,operator_shape_matched,"[[55,200064],[55,200064],[]]","[""float"",""c10::BFloat16"",""Scalar""]",null,1,35.616
aten::copy_,"void at::native::unrolled_elementwise_kernel<at::native::direct_copy_kernel_cuda(at::TensorIteratorBase&)::{lambda()#3}::operator()() const::{lambda()#7}::operator()() const::{lambda(float)#1}, std::array<char*, 2ul>, 4, TrivialOffsetCalculator<1, unsigned int>, TrivialOffsetCalculator<1, unsigned int>, at::native::memory::LoadWithCast<1>, at::native::memory::StoreWithCast<1> >(int, at::native::direct_copy_kernel_cuda(at::TensorIteratorBase&)::{lambda()#3}::operator()() const::{lambda()#7}::operator()() const::{lambda(float)#1}, std::array<char*, 2ul>, TrivialOffsetCalculator<1, unsigned int>, TrivialOffsetCalculator<1, unsigned int>, at::native::memory::LoadWithCast<1>, at::native::memory::StoreWithCast<1>)",15,operator_shape_matched,"[[54,200064],[54,200064],[]]","[""float"",""c10::BFloat16"",""Scalar""]",null,1,34.784
aten::copy_,"void at::native::unrolled_elementwise_kernel<at::native::direct_copy_kernel_cuda(at::TensorIteratorBase&)::{lambda()#3}::operator()() const::{lambda()#7}::operator()() const::{lambda(float)#1}, std::array<char*, 2ul>, 4, TrivialOffsetCalculator<1, unsigned int>, TrivialOffsetCalculator<1, unsigned int>, at::native::memory::LoadWithCast<1>, at::native::memory::StoreWithCast<1> >(int, at::native::direct_copy_kernel_cuda(at::TensorIteratorBase&)::{lambda()#3}::operator()() const::{lambda()#7}::operator()() const::{lambda(float)#1}, std::array<char*, 2ul>, TrivialOffsetCalculator<1, unsigned int>, TrivialOffsetCalculator<1, unsigned int>, at::native::memory::LoadWithCast<1>, at::native::memory::StoreWithCast<1>)",16,operator_shape_matched,"[[53,200064],[53,200064],[]]","[""float"",""c10::BFloat16"",""Scalar""]",null,1,33.984
aten::copy_,"void at::native::unrolled_elementwise_kernel<at::native::direct_copy_kernel_cuda(at::TensorIteratorBase&)::{lambda()#3}::operator()() const::{lambda()#7}::operator()() const::{lambda(float)#1}, std::array<char*, 2ul>, 4, TrivialOffsetCalculator<1, unsigned int>, TrivialOffsetCalculator<1, unsigned int>, at::native::memory::LoadWithCast<1>, at::native::memory::StoreWithCast<1> >(int, at::native::direct_copy_kernel_cuda(at::TensorIteratorBase&)::{lambda()#3}::operator()() const::{lambda()#7}::operator()() const::{lambda(float)#1}, std::array<char*, 2ul>, TrivialOffsetCalculator<1, unsigned int>, TrivialOffsetCalculator<1, unsigned int>, at::native::memory::LoadWithCast<1>, at::native::memory::StoreWithCast<1>)",17,operator_shape_matched,"[[52,200064],[52,200064],[]]","[""float"",""c10::BFloat16"",""Scalar""]",null,1,33.184
aten::copy_,"void at::native::unrolled_elementwise_kernel<at::native::direct_copy_kernel_cuda(at::TensorIteratorBase&)::{lambda()#3}::operator()() const::{lambda()#7}::operator()() const::{lambda(float)#1}, std::array<char*, 2ul>, 4, TrivialOffsetCalculator<1, unsigned int>, TrivialOffsetCalculator<1, unsigned int>, at::native::memory::LoadWithCast<1>, at::native::memory::StoreWithCast<1> >(int, at::native::direct_copy_kernel_cuda(at::TensorIteratorBase&)::{lambda()#3}::operator()() const::{lambda()#7}::operator()() const::{lambda(float)#1}, std::array<char*, 2ul>, TrivialOffsetCalculator<1, unsigned int>, TrivialOffsetCalculator<1, unsigned int>, at::native::memory::LoadWithCast<1>, at::native::memory::StoreWithCast<1>)",18,operator_shape_matched,"[[51,200064],[51,200064],[]]","[""float"",""c10::BFloat16"",""Scalar""]",null,1,33.088
aten::copy_,"void at::native::unrolled_elementwise_kernel<at::native::direct_copy_kernel_cuda(at::TensorIteratorBase&)::{lambda()#3}::operator()() const::{lambda()#7}::operator()() const::{lambda(float)#1}, std::array<char*, 2ul>, 4, TrivialOffsetCalculator<1, unsigned int>, TrivialOffsetCalculator<1, unsigned int>, at::native::memory::LoadWithCast<1>, at::native::memory::StoreWithCast<1> >(int, at::native::direct_copy_kernel_cuda(at::TensorIteratorBase&)::{lambda()#3}::operator()() const::{lambda()#7}::operator()() const::{lambda(float)#1}, std::array<char*, 2ul>, TrivialOffsetCalculator<1, unsigned int>, TrivialOffsetCalculator<1, unsigned int>, at::native::memory::LoadWithCast<1>, at::native::memory::StoreWithCast<1>)",19,operator_shape_matched,"[[50,200064],[50,200064],[]]","[""float"",""c10::BFloat16"",""Scalar""]",null,1,31.713
aten::copy_,"void at::native::unrolled_elementwise_kernel<at::native::direct_copy_kernel_cuda(at::TensorIteratorBase&)::{lambda()#3}::operator()() const::{lambda()#7}::operator()() const::{lambda(float)#1}, std::array<char*, 2ul>, 4, TrivialOffsetCalculator<1, unsigned int>, TrivialOffsetCalculator<1, unsigned int>, at::native::memory::LoadWithCast<1>, at::native::memory::StoreWithCast<1> >(int, at::native::direct_copy_kernel_cuda(at::TensorIteratorBase&)::{lambda()#3}::operator()() const::{lambda()#7}::operator()() const::{lambda(float)#1}, std::array<char*, 2ul>, TrivialOffsetCalculator<1, unsigned int>, TrivialOffsetCalculator<1, unsigned int>, at::native::memory::LoadWithCast<1>, at::native::memory::StoreWithCast<1>)",20,operator_shape_matched,"[[49,200064],[49,200064],[]]","[""float"",""c10::BFloat16"",""Scalar""]",null,1,30.784
aten::copy_,"void at::native::unrolled_elementwise_kernel<at::native::direct_copy_kernel_cuda(at::TensorIteratorBase&)::{lambda()#3}::operator()() const::{lambda()#7}::operator()() const::{lambda(float)#1}, std::array<char*, 2ul>, 4, TrivialOffsetCalculator<1, unsigned int>, TrivialOffsetCalculator<1, unsigned int>, at::native::memory::LoadWithCast<1>, at::native::memory::StoreWithCast<1> >(int, at::native::direct_copy_kernel_cuda(at::TensorIteratorBase&)::{lambda()#3}::operator()() const::{lambda()#7}::operator()() const::{lambda(float)#1}, std::array<char*, 2ul>, TrivialOffsetCalculator<1, unsigned int>, TrivialOffsetCalculator<1, unsigned int>, at::native::memory::LoadWithCast<1>, at::native::memory::StoreWithCast<1>)",21,operator_shape_matched,"[[48,200064],[48,200064],[]]","[""float"",""c10::BFloat16"",""Scalar""]",null,1,29.632
aten::copy_,"void at::native::unrolled_elementwise_kernel<at::native::direct_copy_kernel_cuda(at::TensorIteratorBase&)::{lambda()#3}::operator()() const::{lambda()#7}::operator()() const::{lambda(float)#1}, std::array<char*, 2ul>, 4, TrivialOffsetCalculator<1, unsigned int>, TrivialOffsetCalculator<1, unsigned int>, at::native::memory::LoadWithCast<1>, at::native::memory::StoreWithCast<1> >(int, at::native::direct_copy_kernel_cuda(at::TensorIteratorBase&)::{lambda()#3}::operator()() const::{lambda()#7}::operator()() const::{lambda(float)#1}, std::array<char*, 2ul>, TrivialOffsetCalculator<1, unsigned int>, TrivialOffsetCalculator<1, unsigned int>, at::native::memory::LoadWithCast<1>, at::native::memory::StoreWithCast<1>)",22,operator_shape_matched,"[[47,200064],[47,200064],[]]","[""float"",""c10::BFloat16"",""Scalar""]",null,1,28.897
aten::copy_,"void at::native::unrolled_elementwise_kernel<at::native::direct_copy_kernel_cuda(at::TensorIteratorBase&)::{lambda()#3}::operator()() const::{lambda()#7}::operator()() const::{lambda(float)#1}, std::array<char*, 2ul>, 4, TrivialOffsetCalculator<1, unsigned int>, TrivialOffsetCalculator<1, unsigned int>, at::native::memory::LoadWithCast<1>, at::native::memory::StoreWithCast<1> >(int, at::native::direct_copy_kernel_cuda(at::TensorIteratorBase&)::{lambda()#3}::operator()() const::{lambda()#7}::operator()() const::{lambda(float)#1}, std::array<char*, 2ul>, TrivialOffsetCalculator<1, unsigned int>, TrivialOffsetCalculator<1, unsigned int>, at::native::memory::LoadWithCast<1>, at::native::memory::StoreWithCast<1>)",23,operator_shape_matched,"[[46,200064],[46,200064],[]]","[""float"",""c10::BFloat16"",""Scalar""]",null,1,28.224
aten::copy_,"void at::native::unrolled_elementwise_kernel<at::native::direct_copy_kernel_cuda(at::TensorIteratorBase&)::{lambda()#3}::operator()() const::{lambda()#7}::operator()() const::{lambda(float)#1}, std::array<char*, 2ul>, 4, TrivialOffsetCalculator<1, unsigned int>, TrivialOffsetCalculator<1, unsigned int>, at::native::memory::LoadWithCast<1>, at::native::memory::StoreWithCast<1> >(int, at::native::direct_copy_kernel_cuda(at::TensorIteratorBase&)::{lambda()#3}::operator()() const::{lambda()#7}::operator()() const::{lambda(float)#1}, std::array<char*, 2ul>, TrivialOffsetCalculator<1, unsigned int>, TrivialOffsetCalculator<1, unsigned int>, at::native::memory::LoadWithCast<1>, at::native::memory::StoreWithCast<1>)",24,operator_shape_matched,"[[45,200064],[45,200064],[]]","[""float"",""c10::BFloat16"",""Scalar""]",null,1,27.392
aten::copy_,"void at::native::unrolled_elementwise_kernel<at::native::direct_copy_kernel_cuda(at::TensorIteratorBase&)::{lambda()#3}::operator()() const::{lambda()#7}::operator()() const::{lambda(float)#1}, std::array<char*, 2ul>, 4, TrivialOffsetCalculator<1, unsigned int>, TrivialOffsetCalculator<1, unsigned int>, at::native::memory::LoadWithCast<1>, at::native::memory::StoreWithCast<1> >(int, at::native::direct_copy_kernel_cuda(at::TensorIteratorBase&)::{lambda()#3}::operator()() const::{lambda()#7}::operator()() const::{lambda(float)#1}, std::array<char*, 2ul>, TrivialOffsetCalculator<1, unsigned int>, TrivialOffsetCalculator<1, unsigned int>, at::native::memory::LoadWithCast<1>, at::native::memory::StoreWithCast<1>)",25,operator_shape_matched,"[[44,200064],[44,200064],[]]","[""float"",""c10::BFloat16"",""Scalar""]",null,1,26.592
aten::copy_,"void at::native::unrolled_elementwise_kernel<at::native::direct_copy_kernel_cuda(at::TensorIteratorBase&)::{lambda()#3}::operator()() const::{lambda()#7}::operator()() const::{lambda(float)#1}, std::array<char*, 2ul>, 4, TrivialOffsetCalculator<1, unsigned int>, TrivialOffsetCalculator<1, unsigned int>, at::native::memory::LoadWithCast<1>, at::native::memory::StoreWithCast<1> >(int, at::native::direct_copy_kernel_cuda(at::TensorIteratorBase&)::{lambda()#3}::operator()() const::{lambda()#7}::operator()() const::{lambda(float)#1}, std::array<char*, 2ul>, TrivialOffsetCalculator<1, unsigned int>, TrivialOffsetCalculator<1, unsigned int>, at::native::memory::LoadWithCast<1>, at::native::memory::StoreWithCast<1>)",26,operator_shape_matched,"[[43,200064],[43,200064],[]]","[""float"",""c10::BFloat16"",""Scalar""]",null,1,25.376
aten::copy_,"void at::native::unrolled_elementwise_kernel<at::native::direct_copy_kernel_cuda(at::TensorIteratorBase&)::{lambda()#3}::operator()() const::{lambda()#7}::operator()() const::{lambda(float)#1}, std::array<char*, 2ul>, 4, TrivialOffsetCalculator<1, unsigned int>, TrivialOffsetCalculator<1, unsigned int>, at::native::memory::LoadWithCast<1>, at::native::memory::StoreWithCast<1> >(int, at::native::direct_copy_kernel_cuda(at::TensorIteratorBase&)::{lambda()#3}::operator()() const::{lambda()#7}::operator()() const::{lambda(float)#1}, std::array<char*, 2ul>, TrivialOffsetCalculator<1, unsigned int>, TrivialOffsetCalculator<1, unsigned int>, at::native::memory::LoadWithCast<1>, at::native::memory::StoreWithCast<1>)",27,operator_shape_matched,"[[42,200064],[42,200064],[]]","[""float"",""c10::BFloat16"",""Scalar""]",null,1,24.48
aten::copy_,"void at::native::unrolled_elementwise_kernel<at::native::direct_copy_kernel_cuda(at::TensorIteratorBase&)::{lambda()#3}::operator()() const::{lambda()#7}::operator()() const::{lambda(float)#1}, std::array<char*, 2ul>, 4, TrivialOffsetCalculator<1, unsigned int>, TrivialOffsetCalculator<1, unsigned int>, at::native::memory::LoadWithCast<1>, at::native::memory::StoreWithCast<1> >(int, at::native::direct_copy_kernel_cuda(at::TensorIteratorBase&)::{lambda()#3}::operator()() const::{lambda()#7}::operator()() const::{lambda(float)#1}, std::array<char*, 2ul>, TrivialOffsetCalculator<1, unsigned int>, TrivialOffsetCalculator<1, unsigned int>, at::native::memory::LoadWithCast<1>, at::native::memory::StoreWithCast<1>)",28,operator_shape_matched,"[[41,200064],[41,200064],[]]","[""float"",""c10::BFloat16"",""Scalar""]",null,1,23.744
aten::copy_,"void at::native::unrolled_elementwise_kernel<at::native::direct_copy_kernel_cuda(at::TensorIteratorBase&)::{lambda()#3}::operator()() const::{lambda()#7}::operator()() const::{lambda(float)#1}, std::array<char*, 2ul>, 4, TrivialOffsetCalculator<1, unsigned int>, TrivialOffsetCalculator<1, unsigned int>, at::native::memory::LoadWithCast<1>, at::native::memory::StoreWithCast<1> >(int, at::native::direct_copy_kernel_cuda(at::TensorIteratorBase&)::{lambda()#3}::operator()() const::{lambda()#7}::operator()() const::{lambda(float)#1}, std::array<char*, 2ul>, TrivialOffsetCalculator<1, unsigned int>, TrivialOffsetCalculator<1, unsigned int>, at::native::memory::LoadWithCast<1>, at::native::memory::StoreWithCast<1>)",29,operator_shape_matched,"[[40,200064],[40,200064],[]]","[""float"",""c10::BFloat16"",""Scalar""]",null,1,23.104
aten::copy_,"void at::native::unrolled_elementwise_kernel<at::native::direct_copy_kernel_cuda(at::TensorIteratorBase&)::{lambda()#3}::operator()() const::{lambda()#7}::operator()() const::{lambda(float)#1}, std::array<char*, 2ul>, 4, TrivialOffsetCalculator<1, unsigned int>, TrivialOffsetCalculator<1, unsigned int>, at::native::memory::LoadWithCast<1>, at::native::memory::StoreWithCast<1> >(int, at::native::direct_copy_kernel_cuda(at::TensorIteratorBase&)::{lambda()#3}::operator()() const::{lambda()#7}::operator()() const::{lambda(float)#1}, std::array<char*, 2ul>, TrivialOffsetCalculator<1, unsigned int>, TrivialOffsetCalculator<1, unsigned int>, at::native::memory::LoadWithCast<1>, at::native::memory::StoreWithCast<1>)",30,operator_shape_matched,"[[39,200064],[39,200064],[]]","[""float"",""c10::BFloat16"",""Scalar""]",null,1,21.952
aten::copy_,"void at::native::unrolled_elementwise_kernel<at::native::direct_copy_kernel_cuda(at::TensorIteratorBase&)::{lambda()#3}::operator()() const::{lambda()#7}::operator()() const::{lambda(float)#1}, std::array<char*, 2ul>, 4, TrivialOffsetCalculator<1, unsigned int>, TrivialOffsetCalculator<1, unsigned int>, at::native::memory::LoadWithCast<1>, at::native::memory::StoreWithCast<1> >(int, at::native::direct_copy_kernel_cuda(at::TensorIteratorBase&)::{lambda()#3}::operator()() const::{lambda()#7}::operator()() const::{lambda(float)#1}, std::array<char*, 2ul>, TrivialOffsetCalculator<1, unsigned int>, TrivialOffsetCalculator<1, unsigned int>, at::native::memory::LoadWithCast<1>, at::native::memory::StoreWithCast<1>)",31,operator_shape_matched,"[[38,200064],[38,200064],[]]","[""float"",""c10::BFloat16"",""Scalar""]",null,1,20.896
aten::copy_,"void at::native::unrolled_elementwise_kernel<at::native::direct_copy_kernel_cuda(at::TensorIteratorBase&)::{lambda()#3}::operator()() const::{lambda()#7}::operator()() const::{lambda(float)#1}, std::array<char*, 2ul>, 4, TrivialOffsetCalculator<1, unsigned int>, TrivialOffsetCalculator<1, unsigned int>, at::native::memory::LoadWithCast<1>, at::native::memory::StoreWithCast<1> >(int, at::native::direct_copy_kernel_cuda(at::TensorIteratorBase&)::{lambda()#3}::operator()() const::{lambda()#7}::operator()() const::{lambda(float)#1}, std::array<char*, 2ul>, TrivialOffsetCalculator<1, unsigned int>, TrivialOffsetCalculator<1, unsigned int>, at::native::memory::LoadWithCast<1>, at::native::memory::StoreWithCast<1>)",32,operator_shape_matched,"[[37,200064],[37,200064],[]]","[""float"",""c10::BFloat16"",""Scalar""]",null,1,19.711
aten::copy_,"void at::native::unrolled_elementwise_kernel<at::native::direct_copy_kernel_cuda(at::TensorIteratorBase&)::{lambda()#3}::operator()() const::{lambda()#7}::operator()() const::{lambda(float)#1}, std::array<char*, 2ul>, 4, TrivialOffsetCalculator<1, unsigned int>, TrivialOffsetCalculator<1, unsigned int>, at::native::memory::LoadWithCast<1>, at::native::memory::StoreWithCast<1> >(int, at::native::direct_copy_kernel_cuda(at::TensorIteratorBase&)::{lambda()#3}::operator()() const::{lambda()#7}::operator()() const::{lambda(float)#1}, std::array<char*, 2ul>, TrivialOffsetCalculator<1, unsigned int>, TrivialOffsetCalculator<1, unsigned int>, at::native::memory::LoadWithCast<1>, at::native::memory::StoreWithCast<1>)",33,operator_shape_matched,"[[36,200064],[36,200064],[]]","[""float"",""c10::BFloat16"",""Scalar""]",null,1,19.264
aten::copy_,"void at::native::unrolled_elementwise_kernel<at::native::direct_copy_kernel_cuda(at::TensorIteratorBase&)::{lambda()#3}::operator()() const::{lambda()#7}::operator()() const::{lambda(float)#1}, std::array<char*, 2ul>, 4, TrivialOffsetCalculator<1, unsigned int>, TrivialOffsetCalculator<1, unsigned int>, at::native::memory::LoadWithCast<1>, at::native::memory::StoreWithCast<1> >(int, at::native::direct_copy_kernel_cuda(at::TensorIteratorBase&)::{lambda()#3}::operator()() const::{lambda()#7}::operator()() const::{lambda(float)#1}, std::array<char*, 2ul>, TrivialOffsetCalculator<1, unsigned int>, TrivialOffsetCalculator<1, unsigned int>, at::native::memory::LoadWithCast<1>, at::native::memory::StoreWithCast<1>)",34,operator_shape_matched,"[[35,200064],[35,200064],[]]","[""float"",""c10::BFloat16"",""Scalar""]",null,1,18.368
aten::copy_,"void at::native::unrolled_elementwise_kernel<at::native::direct_copy_kernel_cuda(at::TensorIteratorBase&)::{lambda()#3}::operator()() const::{lambda()#7}::operator()() const::{lambda(float)#1}, std::array<char*, 2ul>, 4, TrivialOffsetCalculator<1, unsigned int>, TrivialOffsetCalculator<1, unsigned int>, at::native::memory::LoadWithCast<1>, at::native::memory::StoreWithCast<1> >(int, at::native::direct_copy_kernel_cuda(at::TensorIteratorBase&)::{lambda()#3}::operator()() const::{lambda()#7}::operator()() const::{lambda(float)#1}, std::array<char*, 2ul>, TrivialOffsetCalculator<1, unsigned int>, TrivialOffsetCalculator<1, unsigned int>, at::native::memory::LoadWithCast<1>, at::native::memory::StoreWithCast<1>)",35,operator_shape_matched,"[[34,200064],[34,200064],[]]","[""float"",""c10::BFloat16"",""Scalar""]",null,1,17.952
aten::copy_,"void at::native::unrolled_elementwise_kernel<at::native::direct_copy_kernel_cuda(at::TensorIteratorBase&)::{lambda()#3}::operator()() const::{lambda()#7}::operator()() const::{lambda(float)#1}, std::array<char*, 2ul>, 4, TrivialOffsetCalculator<1, unsigned int>, TrivialOffsetCalculator<1, unsigned int>, at::native::memory::LoadWithCast<1>, at::native::memory::StoreWithCast<1> >(int, at::native::direct_copy_kernel_cuda(at::TensorIteratorBase&)::{lambda()#3}::operator()() const::{lambda()#7}::operator()() const::{lambda(float)#1}, std::array<char*, 2ul>, TrivialOffsetCalculator<1, unsigned int>, TrivialOffsetCalculator<1, unsigned int>, at::native::memory::LoadWithCast<1>, at::native::memory::StoreWithCast<1>)",36,operator_shape_matched,"[[33,200064],[33,200064],[]]","[""float"",""c10::BFloat16"",""Scalar""]",null,1,17.375
aten::copy_,"void at::native::unrolled_elementwise_kernel<at::native::direct_copy_kernel_cuda(at::TensorIteratorBase&)::{lambda()#3}::operator()() const::{lambda()#7}::operator()() const::{lambda(float)#1}, std::array<char*, 2ul>, 4, TrivialOffsetCalculator<1, unsigned int>, TrivialOffsetCalculator<1, unsigned int>, at::native::memory::LoadWithCast<1>, at::native::memory::StoreWithCast<1> >(int, at::native::direct_copy_kernel_cuda(at::TensorIteratorBase&)::{lambda()#3}::operator()() const::{lambda()#7}::operator()() const::{lambda(float)#1}, std::array<char*, 2ul>, TrivialOffsetCalculator<1, unsigned int>, TrivialOffsetCalculator<1, unsigned int>, at::native::memory::LoadWithCast<1>, at::native::memory::StoreWithCast<1>)",37,operator_shape_matched,"[[32,200064],[32,200064],[]]","[""float"",""c10::BFloat16"",""Scalar""]",null,1,16.704
aten::copy_,"void at::native::unrolled_elementwise_kernel<at::native::direct_copy_kernel_cuda(at::TensorIteratorBase&)::{lambda()#3}::operator()() const::{lambda()#7}::operator()() const::{lambda(float)#1}, std::array<char*, 2ul>, 4, TrivialOffsetCalculator<1, unsigned int>, TrivialOffsetCalculator<1, unsigned int>, at::native::memory::LoadWithCast<1>, at::native::memory::StoreWithCast<1> >(int, at::native::direct_copy_kernel_cuda(at::TensorIteratorBase&)::{lambda()#3}::operator()() const::{lambda()#7}::operator()() const::{lambda(float)#1}, std::array<char*, 2ul>, TrivialOffsetCalculator<1, unsigned int>, TrivialOffsetCalculator<1, unsigned int>, at::native::memory::LoadWithCast<1>, at::native::memory::StoreWithCast<1>)",38,operator_shape_matched,"[[31,200064],[31,200064],[]]","[""float"",""c10::BFloat16"",""Scalar""]",null,1,16.193
aten::copy_,"void at::native::unrolled_elementwise_kernel<at::native::direct_copy_kernel_cuda(at::TensorIteratorBase&)::{lambda()#3}::operator()() const::{lambda()#7}::operator()() const::{lambda(float)#1}, std::array<char*, 2ul>, 4, TrivialOffsetCalculator<1, unsigned int>, TrivialOffsetCalculator<1, unsigned int>, at::native::memory::LoadWithCast<1>, at::native::memory::StoreWithCast<1> >(int, at::native::direct_copy_kernel_cuda(at::TensorIteratorBase&)::{lambda()#3}::operator()() const::{lambda()#7}::operator()() const::{lambda(float)#1}, std::array<char*, 2ul>, TrivialOffsetCalculator<1, unsigned int>, TrivialOffsetCalculator<1, unsigned int>, at::native::memory::LoadWithCast<1>, at::native::memory::StoreWithCast<1>)",39,operator_shape_matched,"[[30,200064],[30,200064],[]]","[""float"",""c10::BFloat16"",""Scalar""]",null,1,15.488
aten::copy_,"void at::native::unrolled_elementwise_kernel<at::native::direct_copy_kernel_cuda(at::TensorIteratorBase&)::{lambda()#3}::operator()() const::{lambda()#7}::operator()() const::{lambda(float)#1}, std::array<char*, 2ul>, 4, TrivialOffsetCalculator<1, unsigned int>, TrivialOffsetCalculator<1, unsigned int>, at::native::memory::LoadWithCast<1>, at::native::memory::StoreWithCast<1> >(int, at::native::direct_copy_kernel_cuda(at::TensorIteratorBase&)::{lambda()#3}::operator()() const::{lambda()#7}::operator()() const::{lambda(float)#1}, std::array<char*, 2ul>, TrivialOffsetCalculator<1, unsigned int>, TrivialOffsetCalculator<1, unsigned int>, at::native::memory::LoadWithCast<1>, at::native::memory::StoreWithCast<1>)",40,operator_shape_matched,"[[29,200064],[29,200064],[]]","[""float"",""c10::BFloat16"",""Scalar""]",null,1,15.072
aten::copy_,"void at::native::unrolled_elementwise_kernel<at::native::direct_copy_kernel_cuda(at::TensorIteratorBase&)::{lambda()#3}::operator()() const::{lambda()#7}::operator()() const::{lambda(float)#1}, std::array<char*, 2ul>, 4, TrivialOffsetCalculator<1, unsigned int>, TrivialOffsetCalculator<1, unsigned int>, at::native::memory::LoadWithCast<1>, at::native::memory::StoreWithCast<1> >(int, at::native::direct_copy_kernel_cuda(at::TensorIteratorBase&)::{lambda()#3}::operator()() const::{lambda()#7}::operator()() const::{lambda(float)#1}, std::array<char*, 2ul>, TrivialOffsetCalculator<1, unsigned int>, TrivialOffsetCalculator<1, unsigned int>, at::native::memory::LoadWithCast<1>, at::native::memory::StoreWithCast<1>)",41,operator_shape_matched,"[[28,200064],[28,200064],[]]","[""float"",""c10::BFloat16"",""Scalar""]",null,1,14.72
aten::copy_,"void at::native::unrolled_elementwise_kernel<at::native::direct_copy_kernel_cuda(at::TensorIteratorBase&)::{lambda()#3}::operator()() const::{lambda()#7}::operator()() const::{lambda(float)#1}, std::array<char*, 2ul>, 4, TrivialOffsetCalculator<1, unsigned int>, TrivialOffsetCalculator<1, unsigned int>, at::native::memory::LoadWithCast<1>, at::native::memory::StoreWithCast<1> >(int, at::native::direct_copy_kernel_cuda(at::TensorIteratorBase&)::{lambda()#3}::operator()() const::{lambda()#7}::operator()() const::{lambda(float)#1}, std::array<char*, 2ul>, TrivialOffsetCalculator<1, unsigned int>, TrivialOffsetCalculator<1, unsigned int>, at::native::memory::LoadWithCast<1>, at::native::memory::StoreWithCast<1>)",42,operator_shape_matched,"[[27,200064],[27,200064],[]]","[""float"",""c10::BFloat16"",""Scalar""]",null,1,13.44
aten::copy_,"void at::native::unrolled_elementwise_kernel<at::native::direct_copy_kernel_cuda(at::TensorIteratorBase&)::{lambda()#3}::operator()() const::{lambda()#7}::operator()() const::{lambda(float)#1}, std::array<char*, 2ul>, 4, TrivialOffsetCalculator<1, unsigned int>, TrivialOffsetCalculator<1, unsigned int>, at::native::memory::LoadWithCast<1>, at::native::memory::StoreWithCast<1> >(int, at::native::direct_copy_kernel_cuda(at::TensorIteratorBase&)::{lambda()#3}::operator()() const::{lambda()#7}::operator()() const::{lambda(float)#1}, std::array<char*, 2ul>, TrivialOffsetCalculator<1, unsigned int>, TrivialOffsetCalculator<1, unsigned int>, at::native::memory::LoadWithCast<1>, at::native::memory::StoreWithCast<1>)",43,operator_shape_matched,"[[26,200064],[26,200064],[]]","[""float"",""c10::BFloat16"",""Scalar""]",null,1,13.312
aten::copy_,"void at::native::unrolled_elementwise_kernel<at::native::direct_copy_kernel_cuda(at::TensorIteratorBase&)::{lambda()#3}::operator()() const::{lambda()#7}::operator()() const::{lambda(float)#1}, std::array<char*, 2ul>, 4, TrivialOffsetCalculator<1, unsigned int>, TrivialOffsetCalculator<1, unsigned int>, at::native::memory::LoadWithCast<1>, at::native::memory::StoreWithCast<1> >(int, at::native::direct_copy_kernel_cuda(at::TensorIteratorBase&)::{lambda()#3}::operator()() const::{lambda()#7}::operator()() const::{lambda(float)#1}, std::array<char*, 2ul>, TrivialOffsetCalculator<1, unsigned int>, TrivialOffsetCalculator<1, unsigned int>, at::native::memory::LoadWithCast<1>, at::native::memory::StoreWithCast<1>)",44,operator_shape_matched,"[[25,200064],[25,200064],[]]","[""float"",""c10::BFloat16"",""Scalar""]",null,1,12.608
aten::copy_,"void at::native::unrolled_elementwise_kernel<at::native::direct_copy_kernel_cuda(at::TensorIteratorBase&)::{lambda()#3}::operator()() const::{lambda()#7}::operator()() const::{lambda(float)#1}, std::array<char*, 2ul>, 4, TrivialOffsetCalculator<1, unsigned int>, TrivialOffsetCalculator<1, unsigned int>, at::native::memory::LoadWithCast<1>, at::native::memory::StoreWithCast<1> >(int, at::native::direct_copy_kernel_cuda(at::TensorIteratorBase&)::{lambda()#3}::operator()() const::{lambda()#7}::operator()() const::{lambda(float)#1}, std::array<char*, 2ul>, TrivialOffsetCalculator<1, unsigned int>, TrivialOffsetCalculator<1, unsigned int>, at::native::memory::LoadWithCast<1>, at::native::memory::StoreWithCast<1>)",45,operator_shape_matched,"[[24,200064],[24,200064],[]]","[""float"",""c10::BFloat16"",""Scalar""]",null,1,12.288
aten::copy_,"void at::native::unrolled_elementwise_kernel<at::native::direct_copy_kernel_cuda(at::TensorIteratorBase&)::{lambda()#3}::operator()() const::{lambda()#7}::operator()() const::{lambda(float)#1}, std::array<char*, 2ul>, 4, TrivialOffsetCalculator<1, unsigned int>, TrivialOffsetCalculator<1, unsigned int>, at::native::memory::LoadWithCast<1>, at::native::memory::StoreWithCast<1> >(int, at::native::direct_copy_kernel_cuda(at::TensorIteratorBase&)::{lambda()#3}::operator()() const::{lambda()#7}::operator()() const::{lambda(float)#1}, std::array<char*, 2ul>, TrivialOffsetCalculator<1, unsigned int>, TrivialOffsetCalculator<1, unsigned int>, at::native::memory::LoadWithCast<1>, at::native::memory::StoreWithCast<1>)",46,operator_shape_matched,"[[23,200064],[23,200064],[]]","[""float"",""c10::BFloat16"",""Scalar""]",null,1,12.16
aten::copy_,"void at::native::unrolled_elementwise_kernel<at::native::direct_copy_kernel_cuda(at::TensorIteratorBase&)::{lambda()#3}::operator()() const::{lambda()#7}::operator()() const::{lambda(float)#1}, std::array<char*, 2ul>, 4, TrivialOffsetCalculator<1, unsigned int>, TrivialOffsetCalculator<1, unsigned int>, at::native::memory::LoadWithCast<1>, at::native::memory::StoreWithCast<1> >(int, at::native::direct_copy_kernel_cuda(at::TensorIteratorBase&)::{lambda()#3}::operator()() const::{lambda()#7}::operator()() const::{lambda(float)#1}, std::array<char*, 2ul>, TrivialOffsetCalculator<1, unsigned int>, TrivialOffsetCalculator<1, unsigned int>, at::native::memory::LoadWithCast<1>, at::native::memory::StoreWithCast<1>)",47,operator_shape_matched,"[[22,200064],[22,200064],[]]","[""float"",""c10::BFloat16"",""Scalar""]",null,1,11.137
aten::copy_,"void at::native::unrolled_elementwise_kernel<at::native::direct_copy_kernel_cuda(at::TensorIteratorBase&)::{lambda()#3}::operator()() const::{lambda()#7}::operator()() const::{lambda(float)#1}, std::array<char*, 2ul>, 4, TrivialOffsetCalculator<1, unsigned int>, TrivialOffsetCalculator<1, unsigned int>, at::native::memory::LoadWithCast<1>, at::native::memory::StoreWithCast<1> >(int, at::native::direct_copy_kernel_cuda(at::TensorIteratorBase&)::{lambda()#3}::operator()() const::{lambda()#7}::operator()() const::{lambda(float)#1}, std::array<char*, 2ul>, TrivialOffsetCalculator<1, unsigned int>, TrivialOffsetCalculator<1, unsigned int>, at::native::memory::LoadWithCast<1>, at::native::memory::StoreWithCast<1>)",48,operator_shape_matched,"[[21,200064],[21,200064],[]]","[""float"",""c10::BFloat16"",""Scalar""]",null,1,10.624
aten::copy_,"void at::native::unrolled_elementwise_kernel<at::native::direct_copy_kernel_cuda(at::TensorIteratorBase&)::{lambda()#3}::operator()() const::{lambda()#7}::operator()() const::{lambda(float)#1}, std::array<char*, 2ul>, 4, TrivialOffsetCalculator<1, unsigned int>, TrivialOffsetCalculator<1, unsigned int>, at::native::memory::LoadWithCast<1>, at::native::memory::StoreWithCast<1> >(int, at::native::direct_copy_kernel_cuda(at::TensorIteratorBase&)::{lambda()#3}::operator()() const::{lambda()#7}::operator()() const::{lambda(float)#1}, std::array<char*, 2ul>, TrivialOffsetCalculator<1, unsigned int>, TrivialOffsetCalculator<1, unsigned int>, at::native::memory::LoadWithCast<1>, at::native::memory::StoreWithCast<1>)",49,operator_shape_matched,"[[20,200064],[20,200064],[]]","[""float"",""c10::BFloat16"",""Scalar""]",null,1,10.016
aten::copy_,"void at::native::unrolled_elementwise_kernel<at::native::direct_copy_kernel_cuda(at::TensorIteratorBase&)::{lambda()#3}::operator()() const::{lambda()#7}::operator()() const::{lambda(float)#1}, std::array<char*, 2ul>, 4, TrivialOffsetCalculator<1, unsigned int>, TrivialOffsetCalculator<1, unsigned int>, at::native::memory::LoadWithCast<1>, at::native::memory::StoreWithCast<1> >(int, at::native::direct_copy_kernel_cuda(at::TensorIteratorBase&)::{lambda()#3}::operator()() const::{lambda()#7}::operator()() const::{lambda(float)#1}, std::array<char*, 2ul>, TrivialOffsetCalculator<1, unsigned int>, TrivialOffsetCalculator<1, unsigned int>, at::native::memory::LoadWithCast<1>, at::native::memory::StoreWithCast<1>)",50,operator_shape_matched,"[[19,200064],[19,200064],[]]","[""float"",""c10::BFloat16"",""Scalar""]",null,1,9.728
aten::copy_,"void at::native::unrolled_elementwise_kernel<at::native::direct_copy_kernel_cuda(at::TensorIteratorBase&)::{lambda()#3}::operator()() const::{lambda()#7}::operator()() const::{lambda(float)#1}, std::array<char*, 2ul>, 4, TrivialOffsetCalculator<1, unsigned int>, TrivialOffsetCalculator<1, unsigned int>, at::native::memory::LoadWithCast<1>, at::native::memory::StoreWithCast<1> >(int, at::native::direct_copy_kernel_cuda(at::TensorIteratorBase&)::{lambda()#3}::operator()() const::{lambda()#7}::operator()() const::{lambda(float)#1}, std::array<char*, 2ul>, TrivialOffsetCalculator<1, unsigned int>, TrivialOffsetCalculator<1, unsigned int>, at::native::memory::LoadWithCast<1>, at::native::memory::StoreWithCast<1>)",51,operator_shape_matched,"[[18,200064],[18,200064],[]]","[""float"",""c10::BFloat16"",""Scalar""]",null,1,9.6
aten::copy_,"void at::native::unrolled_elementwise_kernel<at::native::direct_copy_kernel_cuda(at::TensorIteratorBase&)::{lambda()#3}::operator()() const::{lambda()#7}::operator()() const::{lambda(float)#1}, std::array<char*, 2ul>, 4, TrivialOffsetCalculator<1, unsigned int>, TrivialOffsetCalculator<1, unsigned int>, at::native::memory::LoadWithCast<1>, at::native::memory::StoreWithCast<1> >(int, at::native::direct_copy_kernel_cuda(at::TensorIteratorBase&)::{lambda()#3}::operator()() const::{lambda()#7}::operator()() const::{lambda(float)#1}, std::array<char*, 2ul>, TrivialOffsetCalculator<1, unsigned int>, TrivialOffsetCalculator<1, unsigned int>, at::native::memory::LoadWithCast<1>, at::native::memory::StoreWithCast<1>)",52,operator_shape_matched,"[[17,200064],[17,200064],[]]","[""float"",""c10::BFloat16"",""Scalar""]",null,1,9.183
aten::copy_,"void at::native::unrolled_elementwise_kernel<at::native::direct_copy_kernel_cuda(at::TensorIteratorBase&)::{lambda()#3}::operator()() const::{lambda()#7}::operator()() const::{lambda(float)#1}, std::array<char*, 2ul>, 4, TrivialOffsetCalculator<1, unsigned int>, TrivialOffsetCalculator<1, unsigned int>, at::native::memory::LoadWithCast<1>, at::native::memory::StoreWithCast<1> >(int, at::native::direct_copy_kernel_cuda(at::TensorIteratorBase&)::{lambda()#3}::operator()() const::{lambda()#7}::operator()() const::{lambda(float)#1}, std::array<char*, 2ul>, TrivialOffsetCalculator<1, unsigned int>, TrivialOffsetCalculator<1, unsigned int>, at::native::memory::LoadWithCast<1>, at::native::memory::StoreWithCast<1>)",53,operator_shape_matched,"[[16,200064],[16,200064],[]]","[""float"",""c10::BFloat16"",""Scalar""]",null,1,8.672
aten::copy_,"void at::native::unrolled_elementwise_kernel<at::native::direct_copy_kernel_cuda(at::TensorIteratorBase&)::{lambda()#3}::operator()() const::{lambda()#7}::operator()() const::{lambda(float)#1}, std::array<char*, 2ul>, 4, TrivialOffsetCalculator<1, unsigned int>, TrivialOffsetCalculator<1, unsigned int>, at::native::memory::LoadWithCast<1>, at::native::memory::StoreWithCast<1> >(int, at::native::direct_copy_kernel_cuda(at::TensorIteratorBase&)::{lambda()#3}::operator()() const::{lambda()#7}::operator()() const::{lambda(float)#1}, std::array<char*, 2ul>, TrivialOffsetCalculator<1, unsigned int>, TrivialOffsetCalculator<1, unsigned int>, at::native::memory::LoadWithCast<1>, at::native::memory::StoreWithCast<1>)",54,operator_shape_matched,"[[15,200064],[15,200064],[]]","[""float"",""c10::BFloat16"",""Scalar""]",null,1,8.064
aten::copy_,"void at::native::unrolled_elementwise_kernel<at::native::direct_copy_kernel_cuda(at::TensorIteratorBase&)::{lambda()#3}::operator()() const::{lambda()#7}::operator()() const::{lambda(float)#1}, std::array<char*, 2ul>, 4, TrivialOffsetCalculator<1, unsigned int>, TrivialOffsetCalculator<1, unsigned int>, at::native::memory::LoadWithCast<1>, at::native::memory::StoreWithCast<1> >(int, at::native::direct_copy_kernel_cuda(at::TensorIteratorBase&)::{lambda()#3}::operator()() const::{lambda()#7}::operator()() const::{lambda(float)#1}, std::array<char*, 2ul>, TrivialOffsetCalculator<1, unsigned int>, TrivialOffsetCalculator<1, unsigned int>, at::native::memory::LoadWithCast<1>, at::native::memory::StoreWithCast<1>)",55,operator_shape_matched,"[[14,200064],[14,200064],[]]","[""float"",""c10::BFloat16"",""Scalar""]",null,1,7.968
aten::copy_,"void at::native::unrolled_elementwise_kernel<at::native::direct_copy_kernel_cuda(at::TensorIteratorBase&)::{lambda()#3}::operator()() const::{lambda()#7}::operator()() const::{lambda(float)#1}, std::array<char*, 2ul>, 4, TrivialOffsetCalculator<1, unsigned int>, TrivialOffsetCalculator<1, unsigned int>, at::native::memory::LoadWithCast<1>, at::native::memory::StoreWithCast<1> >(int, at::native::direct_copy_kernel_cuda(at::TensorIteratorBase&)::{lambda()#3}::operator()() const::{lambda()#7}::operator()() const::{lambda(float)#1}, std::array<char*, 2ul>, TrivialOffsetCalculator<1, unsigned int>, TrivialOffsetCalculator<1, unsigned int>, at::native::memory::LoadWithCast<1>, at::native::memory::StoreWithCast<1>)",56,operator_shape_matched,"[[13,200064],[13,200064],[]]","[""float"",""c10::BFloat16"",""Scalar""]",null,1,7.584
aten::copy_,"void at::native::unrolled_elementwise_kernel<at::native::direct_copy_kernel_cuda(at::TensorIteratorBase&)::{lambda()#3}::operator()() const::{lambda()#7}::operator()() const::{lambda(float)#1}, std::array<char*, 2ul>, 4, TrivialOffsetCalculator<1, unsigned int>, TrivialOffsetCalculator<1, unsigned int>, at::native::memory::LoadWithCast<1>, at::native::memory::StoreWithCast<1> >(int, at::native::direct_copy_kernel_cuda(at::TensorIteratorBase&)::{lambda()#3}::operator()() const::{lambda()#7}::operator()() const::{lambda(float)#1}, std::array<char*, 2ul>, TrivialOffsetCalculator<1, unsigned int>, TrivialOffsetCalculator<1, unsigned int>, at::native::memory::LoadWithCast<1>, at::native::memory::StoreWithCast<1>)",57,operator_shape_matched,"[[12,200064],[12,200064],[]]","[""float"",""c10::BFloat16"",""Scalar""]",null,1,7.263
aten::copy_,"void at::native::unrolled_elementwise_kernel<at::native::direct_copy_kernel_cuda(at::TensorIteratorBase&)::{lambda()#3}::operator()() const::{lambda()#7}::operator()() const::{lambda(float)#1}, std::array<char*, 2ul>, 4, TrivialOffsetCalculator<1, unsigned int>, TrivialOffsetCalculator<1, unsigned int>, at::native::memory::LoadWithCast<1>, at::native::memory::StoreWithCast<1> >(int, at::native::direct_copy_kernel_cuda(at::TensorIteratorBase&)::{lambda()#3}::operator()() const::{lambda()#7}::operator()() const::{lambda(float)#1}, std::array<char*, 2ul>, TrivialOffsetCalculator<1, unsigned int>, TrivialOffsetCalculator<1, unsigned int>, at::native::memory::LoadWithCast<1>, at::native::memory::StoreWithCast<1>)",58,operator_shape_matched,"[[11,200064],[11,200064],[]]","[""float"",""c10::BFloat16"",""Scalar""]",null,1,7.04
aten::copy_,"void at::native::unrolled_elementwise_kernel<at::native::direct_copy_kernel_cuda(at::TensorIteratorBase&)::{lambda()#3}::operator()() const::{lambda()#7}::operator()() const::{lambda(float)#1}, std::array<char*, 2ul>, 4, TrivialOffsetCalculator<1, unsigned int>, TrivialOffsetCalculator<1, unsigned int>, at::native::memory::LoadWithCast<1>, at::native::memory::StoreWithCast<1> >(int, at::native::direct_copy_kernel_cuda(at::TensorIteratorBase&)::{lambda()#3}::operator()() const::{lambda()#7}::operator()() const::{lambda(float)#1}, std::array<char*, 2ul>, TrivialOffsetCalculator<1, unsigned int>, TrivialOffsetCalculator<1, unsigned int>, at::native::memory::LoadWithCast<1>, at::native::memory::StoreWithCast<1>)",59,operator_shape_matched,"[[10,200064],[10,200064],[]]","[""float"",""c10::BFloat16"",""Scalar""]",null,1,6.272
aten::copy_,"void at::native::unrolled_elementwise_kernel<at::native::direct_copy_kernel_cuda(at::TensorIteratorBase&)::{lambda()#3}::operator()() const::{lambda()#7}::operator()() const::{lambda(float)#1}, std::array<char*, 2ul>, 4, TrivialOffsetCalculator<1, unsigned int>, TrivialOffsetCalculator<1, unsigned int>, at::native::memory::LoadWithCast<1>, at::native::memory::StoreWithCast<1> >(int, at::native::direct_copy_kernel_cuda(at::TensorIteratorBase&)::{lambda()#3}::operator()() const::{lambda()#7}::operator()() const::{lambda(float)#1}, std::array<char*, 2ul>, TrivialOffsetCalculator<1, unsigned int>, TrivialOffsetCalculator<1, unsigned int>, at::native::memory::LoadWithCast<1>, at::native::memory::StoreWithCast<1>)",60,operator_shape_matched,"[[9,200064],[9,200064],[]]","[""float"",""c10::BFloat16"",""Scalar""]",null,1,5.888
aten::copy_,"void at::native::unrolled_elementwise_kernel<at::native::direct_copy_kernel_cuda(at::TensorIteratorBase&)::{lambda()#3}::operator()() const::{lambda()#7}::operator()() const::{lambda(float)#1}, std::array<char*, 2ul>, 4, TrivialOffsetCalculator<1, unsigned int>, TrivialOffsetCalculator<1, unsigned int>, at::native::memory::LoadWithCast<1>, at::native::memory::StoreWithCast<1> >(int, at::native::direct_copy_kernel_cuda(at::TensorIteratorBase&)::{lambda()#3}::operator()() const::{lambda()#7}::operator()() const::{lambda(float)#1}, std::array<char*, 2ul>, TrivialOffsetCalculator<1, unsigned int>, TrivialOffsetCalculator<1, unsigned int>, at::native::memory::LoadWithCast<1>, at::native::memory::StoreWithCast<1>)",61,operator_shape_matched,"[[8,200064],[8,200064],[]]","[""float"",""c10::BFloat16"",""Scalar""]",null,1,5.6
aten::copy_,"void at::native::unrolled_elementwise_kernel<at::native::direct_copy_kernel_cuda(at::TensorIteratorBase&)::{lambda()#3}::operator()() const::{lambda()#7}::operator()() const::{lambda(float)#1}, std::array<char*, 2ul>, 4, TrivialOffsetCalculator<1, unsigned int>, TrivialOffsetCalculator<1, unsigned int>, at::native::memory::LoadWithCast<1>, at::native::memory::StoreWithCast<1> >(int, at::native::direct_copy_kernel_cuda(at::TensorIteratorBase&)::{lambda()#3}::operator()() const::{lambda()#7}::operator()() const::{lambda(float)#1}, std::array<char*, 2ul>, TrivialOffsetCalculator<1, unsigned int>, TrivialOffsetCalculator<1, unsigned int>, at::native::memory::LoadWithCast<1>, at::native::memory::StoreWithCast<1>)",62,operator_shape_matched,"[[1,200064],[1,200064],[]]","[""float"",""c10::BFloat16"",""Scalar""]",null,2,5.504
aten::copy_,"void at::native::unrolled_elementwise_kernel<at::native::direct_copy_kernel_cuda(at::TensorIteratorBase&)::{lambda()#3}::operator()() const::{lambda()#7}::operator()() const::{lambda(float)#1}, std::array<char*, 2ul>, 4, TrivialOffsetCalculator<1, unsigned int>, TrivialOffsetCalculator<1, unsigned int>, at::native::memory::LoadWithCast<1>, at::native::memory::StoreWithCast<1> >(int, at::native::direct_copy_kernel_cuda(at::TensorIteratorBase&)::{lambda()#3}::operator()() const::{lambda()#7}::operator()() const::{lambda(float)#1}, std::array<char*, 2ul>, TrivialOffsetCalculator<1, unsigned int>, TrivialOffsetCalculator<1, unsigned int>, at::native::memory::LoadWithCast<1>, at::native::memory::StoreWithCast<1>)",63,operator_shape_matched,"[[7,200064],[7,200064],[]]","[""float"",""c10::BFloat16"",""Scalar""]",null,1,5.312
aten::copy_,"void at::native::unrolled_elementwise_kernel<at::native::direct_copy_kernel_cuda(at::TensorIteratorBase&)::{lambda()#3}::operator()() const::{lambda()#7}::operator()() const::{lambda(float)#1}, std::array<char*, 2ul>, 4, TrivialOffsetCalculator<1, unsigned int>, TrivialOffsetCalculator<1, unsigned int>, at::native::memory::LoadWithCast<1>, at::native::memory::StoreWithCast<1> >(int, at::native::direct_copy_kernel_cuda(at::TensorIteratorBase&)::{lambda()#3}::operator()() const::{lambda()#7}::operator()() const::{lambda(float)#1}, std::array<char*, 2ul>, TrivialOffsetCalculator<1, unsigned int>, TrivialOffsetCalculator<1, unsigned int>, at::native::memory::LoadWithCast<1>, at::native::memory::StoreWithCast<1>)",64,operator_shape_matched,"[[6,200064],[6,200064],[]]","[""float"",""c10::BFloat16"",""Scalar""]",null,1,5.28
aten::copy_,"void at::native::unrolled_elementwise_kernel<at::native::direct_copy_kernel_cuda(at::TensorIteratorBase&)::{lambda()#3}::operator()() const::{lambda()#7}::operator()() const::{lambda(float)#1}, std::array<char*, 2ul>, 4, TrivialOffsetCalculator<1, unsigned int>, TrivialOffsetCalculator<1, unsigned int>, at::native::memory::LoadWithCast<1>, at::native::memory::StoreWithCast<1> >(int, at::native::direct_copy_kernel_cuda(at::TensorIteratorBase&)::{lambda()#3}::operator()() const::{lambda()#7}::operator()() const::{lambda(float)#1}, std::array<char*, 2ul>, TrivialOffsetCalculator<1, unsigned int>, TrivialOffsetCalculator<1, unsigned int>, at::native::memory::LoadWithCast<1>, at::native::memory::StoreWithCast<1>)",65,operator_shape_matched,"[[5,200064],[5,200064],[]]","[""float"",""c10::BFloat16"",""Scalar""]",null,1,3.872
aten::copy_,"void at::native::unrolled_elementwise_kernel<at::native::direct_copy_kernel_cuda(at::TensorIteratorBase&)::{lambda()#3}::operator()() const::{lambda()#7}::operator()() const::{lambda(float)#1}, std::array<char*, 2ul>, 4, TrivialOffsetCalculator<1, unsigned int>, TrivialOffsetCalculator<1, unsigned int>, at::native::memory::LoadWithCast<1>, at::native::memory::StoreWithCast<1> >(int, at::native::direct_copy_kernel_cuda(at::TensorIteratorBase&)::{lambda()#3}::operator()() const::{lambda()#7}::operator()() const::{lambda(float)#1}, std::array<char*, 2ul>, TrivialOffsetCalculator<1, unsigned int>, TrivialOffsetCalculator<1, unsigned int>, at::native::memory::LoadWithCast<1>, at::native::memory::StoreWithCast<1>)",66,operator_shape_matched,"[[4,200064],[4,200064],[]]","[""float"",""c10::BFloat16"",""Scalar""]",null,1,3.616
aten::copy_,"void at::native::unrolled_elementwise_kernel<at::native::direct_copy_kernel_cuda(at::TensorIteratorBase&)::{lambda()#3}::operator()() const::{lambda()#7}::operator()() const::{lambda(float)#1}, std::array<char*, 2ul>, 4, TrivialOffsetCalculator<1, unsigned int>, TrivialOffsetCalculator<1, unsigned int>, at::native::memory::LoadWithCast<1>, at::native::memory::StoreWithCast<1> >(int, at::native::direct_copy_kernel_cuda(at::TensorIteratorBase&)::{lambda()#3}::operator()() const::{lambda()#7}::operator()() const::{lambda(float)#1}, std::array<char*, 2ul>, TrivialOffsetCalculator<1, unsigned int>, TrivialOffsetCalculator<1, unsigned int>, at::native::memory::LoadWithCast<1>, at::native::memory::StoreWithCast<1>)",67,operator_shape_matched,"[[3,200064],[3,200064],[]]","[""float"",""c10::BFloat16"",""Scalar""]",null,1,3.391
aten::copy_,"void at::native::unrolled_elementwise_kernel<at::native::direct_copy_kernel_cuda(at::TensorIteratorBase&)::{lambda()#3}::operator()() const::{lambda()#7}::operator()() const::{lambda(float)#1}, std::array<char*, 2ul>, 4, TrivialOffsetCalculator<1, unsigned int>, TrivialOffsetCalculator<1, unsigned int>, at::native::memory::LoadWithCast<1>, at::native::memory::StoreWithCast<1> >(int, at::native::direct_copy_kernel_cuda(at::TensorIteratorBase&)::{lambda()#3}::operator()() const::{lambda()#7}::operator()() const::{lambda(float)#1}, std::array<char*, 2ul>, TrivialOffsetCalculator<1, unsigned int>, TrivialOffsetCalculator<1, unsigned int>, at::native::memory::LoadWithCast<1>, at::native::memory::StoreWithCast<1>)",68,operator_shape_matched,"[[2,200064],[2,200064],[]]","[""float"",""c10::BFloat16"",""Scalar""]",null,1,3.073
null,nvjet_sm90_tst_48x64_64x15_2x1_v_bz_TNN,1,missing_external_id,null,null,null,13623,232551.287
aten::add,"void at::native::vectorized_elementwise_kernel<8, at::native::CUDAFunctor_add<c10::BFloat16>, std::array<char*, 3ul> >(int, at::native::CUDAFunctor_add<c10::BFloat16>, std::array<char*, 3ul>)",1,operator_shape_matched,"[[8192,6144],[8192,6144],[]]","[""c10::BFloat16"",""c10::BFloat16"",""Scalar""]",null,1767,179810.653
null,"void at::native::vectorized_elementwise_kernel<8, at::native::CUDAFunctor_add<c10::BFloat16>, std::array<char*, 3ul> >(int, at::native::CUDAFunctor_add<c10::BFloat16>, std::array<char*, 3ul>)",2,missing_external_id,null,null,null,14592,25856.488
aten::add,"void at::native::vectorized_elementwise_kernel<8, at::native::CUDAFunctor_add<c10::BFloat16>, std::array<char*, 3ul> >(int, at::native::CUDAFunctor_add<c10::BFloat16>, std::array<char*, 3ul>)",3,operator_shape_matched,"[[5089,6144],[5089,6144],[]]","[""c10::BFloat16"",""c10::BFloat16"",""Scalar""]",null,57,3720.677
aten::add,"void at::native::vectorized_elementwise_kernel<8, at::native::CUDAFunctor_add<c10::BFloat16>, std::array<char*, 3ul> >(int, at::native::CUDAFunctor_add<c10::BFloat16>, std::array<char*, 3ul>)",4,operator_shape_matched,"[[4096,6144],[4096,6144],[]]","[""c10::BFloat16"",""c10::BFloat16"",""Scalar""]",null,57,3000.896
null,nvjet_sm90_tst_64x32_64x16_4x2_h_bz_splitK_TNT,1,missing_external_id,null,null,null,27963,195821.614
aten::mul_,"void at::native::vectorized_elementwise_kernel<8, at::native::AUnaryFunctor<c10::BFloat16, c10::BFloat16, c10::BFloat16, at::native::binary_internal::MulFunctor<float> >, std::array<char*, 2ul> >(int, at::native::AUnaryFunctor<c10::BFloat16, c10::BFloat16, c10::BFloat16, at::native::binary_internal::MulFunctor<float> >, std::array<char*, 2ul>)",1,operator_shape_matched,"[[8192,6144],[]]","[""c10::BFloat16"",""double""]",null,1767,118963.487
null,"void at::native::vectorized_elementwise_kernel<8, at::native::AUnaryFunctor<c10::BFloat16, c10::BFloat16, c10::BFloat16, at::native::binary_internal::MulFunctor<float> >, std::array<char*, 2ul> >(int, at::native::AUnaryFunctor<c10::BFloat16, c10::BFloat16, c10::BFloat16, at::native::binary_internal::MulFunctor<float> >, std::array<char*, 2ul>)",2,missing_external_id,null,null,null,14592,21387.153
aten::mul_,"void at::native::vectorized_elementwise_kernel<8, at::native::AUnaryFunctor<c10::BFloat16, c10::BFloat16, c10::BFloat16, at::native::binary_internal::MulFunctor<float> >, std::array<char*, 2ul> >(int, at::native::AUnaryFunctor<c10::BFloat16, c10::BFloat16, c10::BFloat16, at::native::binary_internal::MulFunctor<float> >, std::array<char*, 2ul>)",3,operator_shape_matched,"[[5089,6144],[]]","[""c10::BFloat16"",""double""]",null,57,2405.855
aten::mul_,"void at::native::vectorized_elementwise_kernel<8, at::native::AUnaryFunctor<c10::BFloat16, c10::BFloat16, c10::BFloat16, at::native::binary_internal::MulFunctor<float> >, std::array<char*, 2ul> >(int, at::native::AUnaryFunctor<c10::BFloat16, c10::BFloat16, c10::BFloat16, at::native::binary_internal::MulFunctor<float> >, std::array<char*, 2ul>)",4,operator_shape_matched,"[[4096,6144],[]]","[""c10::BFloat16"",""double""]",null,57,1962.564
null,void cutlass::Kernel2<cutlass_80_simt_sgemm_64x64_8x5_tn_align1>(cutlass_80_simt_sgemm_64x64_8x5_tn_align1::Params),1,missing_external_id,null,null,null,13623,132833.301
aten::mm,nvjet_sm90_tst_192x128_64x5_1x2_h_bz_coopB_TNT,1,operator_shape_matched,"[[8192,6144],[6144,384]]","[""c10::BFloat16"",""c10::BFloat16""]",null,1767,93818.831
aten::mm,nvjet_sm90_tst_192x128_64x5_1x2_h_bz_coopB_TNT,2,operator_shape_matched,"[[8192,6144],[6144,768]]","[""c10::BFloat16"",""c10::BFloat16""]",null,93,9392.071
aten::mm,nvjet_sm90_tst_192x128_64x5_1x2_h_bz_coopB_TNT,3,operator_shape_matched,"[[4096,6144],[6144,1536]]","[""c10::BFloat16"",""c10::BFloat16""]",null,3,300.256
aten::mm,nvjet_sm90_tst_192x128_64x5_1x2_h_bz_coopB_TNT,4,operator_shape_matched,"[[4096,6144],[6144,768]]","[""c10::BFloat16"",""c10::BFloat16""]",null,3,149.695
null,"void vllm::moe::topkGating<4, 128, 4, 16, 32, int, float, (vllm::moe::ScoringFunc)1>(float const*, bool const*, float*, int, int*, int*, int, int, int, bool, float const*)",1,missing_external_id,null,null,null,14592,62034.639
_moe_C::topk_sigmoid,"void vllm::moe::topkGating<4, 128, 4, 16, 32, int, float, (vllm::moe::ScoringFunc)1>(float const*, bool const*, float*, int, int*, int*, int, int, int, bool, float const*)",2,operator_shape_matched,"[[8192,4],[8192,4],[8192,4],[8192,128],[],[128]]","[""float"",""int"",""int"",""float"",""Scalar"",""float""]",null,1767,25243.868
_moe_C::topk_sigmoid,"void vllm::moe::topkGating<4, 128, 4, 16, 32, int, float, (vllm::moe::ScoringFunc)1>(float const*, bool const*, float*, int, int*, int*, int, int, int, bool, float const*)",3,operator_shape_matched,"[[5089,4],[5089,4],[5089,4],[5089,128],[],[128]]","[""float"",""int"",""int"",""float"",""Scalar"",""float""]",null,57,593.246
_moe_C::topk_sigmoid,"void vllm::moe::topkGating<4, 128, 4, 16, 32, int, float, (vllm::moe::ScoringFunc)1>(float const*, bool const*, float*, int, int*, int*, int, int, int, bool, float const*)",4,operator_shape_matched,"[[4096,4],[4096,4],[4096,4],[4096,128],[],[128]]","[""float"",""int"",""int"",""float"",""Scalar"",""float""]",null,57,556.64
null,_index_block_score_kernel,1,missing_external_id,null,null,null,1881,84023.293
null,"void vllm::minimax_m3_fused_ops::fusedMiniMaxM3QNormRopeKVInsertKernel<c10::BFloat16, true, true>(c10::BFloat16*, c10::BFloat16*, c10::BFloat16*, c10::BFloat16 const*, c10::BFloat16 const*, c10::BFloat16 const*, c10::BFloat16 const*, c10::BFloat16 const*, long const*, long const*, long const*, c10::BFloat16*, c10::BFloat16*, float, int, int, int, int, int, int, long, long, long, long)",1,missing_external_id,null,null,null,14592,41403.669
_C::fused_minimax_m3_qknorm_rope_kv_insert,"void vllm::minimax_m3_fused_ops::fusedMiniMaxM3QNormRopeKVInsertKernel<c10::BFloat16, true, true>(c10::BFloat16*, c10::BFloat16*, c10::BFloat16*, c10::BFloat16 const*, c10::BFloat16 const*, c10::BFloat16 const*, c10::BFloat16 const*, c10::BFloat16 const*, long const*, long const*, long const*, c10::BFloat16*, c10::BFloat16*, float, int, int, int, int, int, int, long, long, long, long)",2,operator_shape_matched,"[[8192,1024],[128],[128],[1048576,64],[8192],[],[],[],[],[128],[128],[],[8192],[8192],[3502,2,128,1,128],[3502,128,128],[],[8192,512],[8192,128]]","[""c10::BFloat16"",""c10::BFloat16"",""c10::BFloat16"",""c10::BFloat16"",""long int"",""Scalar"",""Scalar"",""Scalar"",""Scalar"",""c10::BFloat16"",""c10::BFloat16"",""Scalar"",""long int"",""long int"",""c10::BFloat16"",""c10::BFloat16"",""Scalar"",""c10::BFloat16"",""c10::BFloat16""]",null,1767,39705.34
_C::fused_minimax_m3_qknorm_rope_kv_insert,"void vllm::minimax_m3_fused_ops::fusedMiniMaxM3QNormRopeKVInsertKernel<c10::BFloat16, true, true>(c10::BFloat16*, c10::BFloat16*, c10::BFloat16*, c10::BFloat16 const*, c10::BFloat16 const*, c10::BFloat16 const*, c10::BFloat16 const*, c10::BFloat16 const*, long const*, long const*, long const*, c10::BFloat16*, c10::BFloat16*, float, int, int, int, int, int, int, long, long, long, long)",3,operator_shape_matched,"[[5089,1024],[128],[128],[1048576,64],[5089],[],[],[],[],[128],[128],[],[5089],[5089],[3502,2,128,1,128],[3502,128,128],[],[5089,512],[5089,128]]","[""c10::BFloat16"",""c10::BFloat16"",""c10::BFloat16"",""c10::BFloat16"",""long int"",""Scalar"",""Scalar"",""Scalar"",""Scalar"",""c10::BFloat16"",""c10::BFloat16"",""Scalar"",""long int"",""long int"",""c10::BFloat16"",""c10::BFloat16"",""Scalar"",""c10::BFloat16"",""c10::BFloat16""]",null,57,864.449
_C::fused_minimax_m3_qknorm_rope_kv_insert,"void vllm::minimax_m3_fused_ops::fusedMiniMaxM3QNormRopeKVInsertKernel<c10::BFloat16, true, true>(c10::BFloat16*, c10::BFloat16*, c10::BFloat16*, c10::BFloat16 const*, c10::BFloat16 const*, c10::BFloat16 const*, c10::BFloat16 const*, c10::BFloat16 const*, long const*, long const*, long const*, c10::BFloat16*, c10::BFloat16*, float, int, int, int, int, int, int, long, long, long, long)",4,operator_shape_matched,"[[4096,1024],[128],[128],[1048576,64],[4096],[],[],[],[],[128],[128],[],[4096],[4096],[3502,2,128,1,128],[3502,128,128],[],[4096,512],[4096,128]]","[""c10::BFloat16"",""c10::BFloat16"",""c10::BFloat16"",""c10::BFloat16"",""long int"",""Scalar"",""Scalar"",""Scalar"",""Scalar"",""c10::BFloat16"",""c10::BFloat16"",""Scalar"",""long int"",""long int"",""c10::BFloat16"",""c10::BFloat16"",""Scalar"",""c10::BFloat16"",""c10::BFloat16""]",null,57,745.146
null,_topk_index_partial_kernel,1,missing_external_id,null,null,null,16416,76517.841
null,nvjet_sm90_tst_72x64_64x12_4x1_v_bz_TNN,1,missing_external_id,null,null,null,15057,74413.252
_C::silu_and_mul_with_clamp,"void vllm::act_and_mul_kernel<c10::BFloat16, __nv_bfloat162, &(c10::BFloat16 vllm::silu_kernel<c10::BFloat16>(c10::BFloat16 const&, float)), &(__nv_bfloat162 vllm::packed_silu_kernel<__nv_bfloat162>(__nv_bfloat162 const&, float)), true, true, true, false>(c10::BFloat16*, c10::BFloat16 const*, int, float, float, float)",1,operator_shape_matched,"[[32768,192],[32768,384],[],[],[]]","[""c10::BFloat16"",""c10::BFloat16"",""Scalar"",""Scalar"",""Scalar""]",null,1767,38314.409
null,"void vllm::act_and_mul_kernel<c10::BFloat16, __nv_bfloat162, &(c10::BFloat16 vllm::silu_kernel<c10::BFloat16>(c10::BFloat16 const&, float)), &(__nv_bfloat162 vllm::packed_silu_kernel<__nv_bfloat162>(__nv_bfloat162 const&, float)), true, true, true, false>(c10::BFloat16*, c10::BFloat16 const*, int, float, float, float)",2,missing_external_id,null,null,null,14592,34596.04
_C::silu_and_mul_with_clamp,"void vllm::act_and_mul_kernel<c10::BFloat16, __nv_bfloat162, &(c10::BFloat16 vllm::silu_kernel<c10::BFloat16>(c10::BFloat16 const&, float)), &(__nv_bfloat162 vllm::packed_silu_kernel<__nv_bfloat162>(__nv_bfloat162 const&, float)), true, true, true, false>(c10::BFloat16*, c10::BFloat16 const*, int, float, float, float)",3,operator_shape_matched,"[[20356,192],[20356,384],[],[],[]]","[""c10::BFloat16"",""c10::BFloat16"",""Scalar"",""Scalar"",""Scalar""]",null,57,808.638
_C::silu_and_mul_with_clamp,"void vllm::act_and_mul_kernel<c10::BFloat16, __nv_bfloat162, &(c10::BFloat16 vllm::silu_kernel<c10::BFloat16>(c10::BFloat16 const&, float)), &(__nv_bfloat162 vllm::packed_silu_kernel<__nv_bfloat162>(__nv_bfloat162 const&, float)), true, true, true, false>(c10::BFloat16*, c10::BFloat16 const*, int, float, float, float)",4,operator_shape_matched,"[[16384,192],[16384,384],[],[],[]]","[""c10::BFloat16"",""c10::BFloat16"",""Scalar"",""Scalar"",""Scalar""]",null,57,673.185
null,"void vllm::moe::moe_align_block_size_kernel<int>(int const*, int*, int*, int*, int*, int, int, int, int, unsigned long, int*, int, int, bool)",1,missing_external_id,null,null,null,14307,44901.754
_moe_C::moe_align_block_size,"void vllm::moe::moe_align_block_size_kernel<int>(int const*, int*, int*, int*, int*, int, int, int, int, unsigned long, int*, int, int, bool)",2,operator_shape_matched,"[[8192,4],[],[],[49024],[383],[1],[]]","[""int"",""Scalar"",""Scalar"",""int"",""int"",""int"",""""]",null,1767,18582.558
_moe_C::moe_align_block_size,"void vllm::moe::moe_align_block_size_kernel<int>(int const*, int*, int*, int*, int*, int, int, int, int, unsigned long, int*, int, int, bool)",3,operator_shape_matched,"[[5089,4],[],[],[36612],[287],[1],[]]","[""int"",""Scalar"",""Scalar"",""int"",""int"",""int"",""""]",null,57,449.378
_moe_C::moe_align_block_size,"void vllm::moe::moe_align_block_size_kernel<int>(int const*, int*, int*, int*, int*, int, int, int, int, unsigned long, int*, int, int, bool)",4,operator_shape_matched,"[[4096,4],[],[],[32640],[255],[1],[]]","[""int"",""Scalar"",""Scalar"",""int"",""int"",""int"",""""]",null,57,393.408
null,"void cublasLt::splitKreduce_kernel<32, 16, int, float, __nv_bfloat16, float, __nv_bfloat16, false, float, __nv_bfloat16, __nv_bfloat16, true, false, false, false>(cublasLt::cublasSplitKParams<float>, float const*, __nv_bfloat16 const*, float*, __nv_bfloat16*, float const*, float const*, __nv_bfloat16 const*, float const*, __nv_bfloat16*, void*, long, float*, int*, float*, float*, float const*, float const*, float const*, float const*, float const*)",1,missing_external_id,null,null,null,30720,59630.618
record_param_comms,ncclDevKernel_AllGather_RING_LL(ncclDevKernelArgsStorage<4096ul>),1,operator_shape_matched,"[[64,12504],[],[],[],[],[],[],[],[],[]]","[""c10::BFloat16"","""","""",""Scalar"","""",""ScalarList"",""ScalarList"",""Scalar"",""Scalar"",""Scalar""]",null,223,46754.196
record_param_comms,ncclDevKernel_AllGather_RING_LL(ncclDevKernelArgsStorage<4096ul>),2,operator_shape_matched,"[[63,12504],[],[],[],[],[],[],[],[],[]]","[""c10::BFloat16"","""","""",""Scalar"","""",""ScalarList"",""ScalarList"",""Scalar"",""Scalar"",""Scalar""]",null,3,658.209
record_param_comms,ncclDevKernel_AllGather_RING_LL(ncclDevKernelArgsStorage<4096ul>),3,operator_shape_matched,"[[8,12504],[],[],[],[],[],[],[],[],[]]","[""c10::BFloat16"","""","""",""Scalar"","""",""ScalarList"",""ScalarList"",""Scalar"",""Scalar"",""Scalar""]",null,1,424.704
record_param_comms,ncclDevKernel_AllGather_RING_LL(ncclDevKernelArgsStorage<4096ul>),4,operator_shape_matched,"[[1,12504],[],[],[],[],[],[],[],[],[]]","[""c10::BFloat16"","""","""",""Scalar"","""",""ScalarList"",""ScalarList"",""Scalar"",""Scalar"",""Scalar""]",null,2,308.513
record_param_comms,ncclDevKernel_AllGather_RING_LL(ncclDevKernelArgsStorage<4096ul>),5,operator_shape_matched,"[[37,12504],[],[],[],[],[],[],[],[],[]]","[""c10::BFloat16"","""","""",""Scalar"","""",""ScalarList"",""ScalarList"",""Scalar"",""Scalar"",""Scalar""]",null,1,213.985
record_param_comms,ncclDevKernel_AllGather_RING_LL(ncclDevKernelArgsStorage<4096ul>),6,operator_shape_matched,"[[43,12504],[],[],[],[],[],[],[],[],[]]","[""c10::BFloat16"","""","""",""Scalar"","""",""ScalarList"",""ScalarList"",""Scalar"",""Scalar"",""Scalar""]",null,1,213.889
record_param_comms,ncclDevKernel_AllGather_RING_LL(ncclDevKernelArgsStorage<4096ul>),7,operator_shape_matched,"[[59,12504],[],[],[],[],[],[],[],[],[]]","[""c10::BFloat16"","""","""",""Scalar"","""",""ScalarList"",""ScalarList"",""Scalar"",""Scalar"",""Scalar""]",null,1,211.872
record_param_comms,ncclDevKernel_AllGather_RING_LL(ncclDevKernelArgsStorage<4096ul>),8,operator_shape_matched,"[[61,12504],[],[],[],[],[],[],[],[],[]]","[""c10::BFloat16"","""","""",""Scalar"","""",""ScalarList"",""ScalarList"",""Scalar"",""Scalar"",""Scalar""]",null,1,203.776
record_param_comms,ncclDevKernel_AllGather_RING_LL(ncclDevKernelArgsStorage<4096ul>),9,operator_shape_matched,"[[52,12504],[],[],[],[],[],[],[],[],[]]","[""c10::BFloat16"","""","""",""Scalar"","""",""ScalarList"",""ScalarList"",""Scalar"",""Scalar"",""Scalar""]",null,1,196.929
record_param_comms,ncclDevKernel_AllGather_RING_LL(ncclDevKernelArgsStorage<4096ul>),10,operator_shape_matched,"[[46,12504],[],[],[],[],[],[],[],[],[]]","[""c10::BFloat16"","""","""",""Scalar"","""",""ScalarList"",""ScalarList"",""Scalar"",""Scalar"",""Scalar""]",null,1,192.032
record_param_comms,ncclDevKernel_AllGather_RING_LL(ncclDevKernelArgsStorage<4096ul>),11,operator_shape_matched,"[[48,12504],[],[],[],[],[],[],[],[],[]]","[""c10::BFloat16"","""","""",""Scalar"","""",""ScalarList"",""ScalarList"",""Scalar"",""Scalar"",""Scalar""]",null,1,189.888
record_param_comms,ncclDevKernel_AllGather_RING_LL(ncclDevKernelArgsStorage<4096ul>),12,operator_shape_matched,"[[62,12504],[],[],[],[],[],[],[],[],[]]","[""c10::BFloat16"","""","""",""Scalar"","""",""ScalarList"",""ScalarList"",""Scalar"",""Scalar"",""Scalar""]",null,1,188.448
record_param_comms,ncclDevKernel_AllGather_RING_LL(ncclDevKernelArgsStorage<4096ul>),13,operator_shape_matched,"[[60,12504],[],[],[],[],[],[],[],[],[]]","[""c10::BFloat16"","""","""",""Scalar"","""",""ScalarList"",""ScalarList"",""Scalar"",""Scalar"",""Scalar""]",null,1,187.36
record_param_comms,ncclDevKernel_AllGather_RING_LL(ncclDevKernelArgsStorage<4096ul>),14,operator_shape_matched,"[[50,12504],[],[],[],[],[],[],[],[],[]]","[""c10::BFloat16"","""","""",""Scalar"","""",""ScalarList"",""ScalarList"",""Scalar"",""Scalar"",""Scalar""]",null,1,187.264
record_param_comms,ncclDevKernel_AllGather_RING_LL(ncclDevKernelArgsStorage<4096ul>),15,operator_shape_matched,"[[54,12504],[],[],[],[],[],[],[],[],[]]","[""c10::BFloat16"","""","""",""Scalar"","""",""ScalarList"",""ScalarList"",""Scalar"",""Scalar"",""Scalar""]",null,1,186.08
record_param_comms,ncclDevKernel_AllGather_RING_LL(ncclDevKernelArgsStorage<4096ul>),16,operator_shape_matched,"[[56,12504],[],[],[],[],[],[],[],[],[]]","[""c10::BFloat16"","""","""",""Scalar"","""",""ScalarList"",""ScalarList"",""Scalar"",""Scalar"",""Scalar""]",null,1,184.576
record_param_comms,ncclDevKernel_AllGather_RING_LL(ncclDevKernelArgsStorage<4096ul>),17,operator_shape_matched,"[[55,12504],[],[],[],[],[],[],[],[],[]]","[""c10::BFloat16"","""","""",""Scalar"","""",""ScalarList"",""ScalarList"",""Scalar"",""Scalar"",""Scalar""]",null,1,183.937
record_param_comms,ncclDevKernel_AllGather_RING_LL(ncclDevKernelArgsStorage<4096ul>),18,operator_shape_matched,"[[47,12504],[],[],[],[],[],[],[],[],[]]","[""c10::BFloat16"","""","""",""Scalar"","""",""ScalarList"",""ScalarList"",""Scalar"",""Scalar"",""Scalar""]",null,1,183.008
record_param_comms,ncclDevKernel_AllGather_RING_LL(ncclDevKernelArgsStorage<4096ul>),19,operator_shape_matched,"[[51,12504],[],[],[],[],[],[],[],[],[]]","[""c10::BFloat16"","""","""",""Scalar"","""",""ScalarList"",""ScalarList"",""Scalar"",""Scalar"",""Scalar""]",null,1,182.56
record_param_comms,ncclDevKernel_AllGather_RING_LL(ncclDevKernelArgsStorage<4096ul>),20,operator_shape_matched,"[[40,12504],[],[],[],[],[],[],[],[],[]]","[""c10::BFloat16"","""","""",""Scalar"","""",""ScalarList"",""ScalarList"",""Scalar"",""Scalar"",""Scalar""]",null,1,182.368
record_param_comms,ncclDevKernel_AllGather_RING_LL(ncclDevKernelArgsStorage<4096ul>),21,operator_shape_matched,"[[42,12504],[],[],[],[],[],[],[],[],[]]","[""c10::BFloat16"","""","""",""Scalar"","""",""ScalarList"",""ScalarList"",""Scalar"",""Scalar"",""Scalar""]",null,1,180.257
record_param_comms,ncclDevKernel_AllGather_RING_LL(ncclDevKernelArgsStorage<4096ul>),22,operator_shape_matched,"[[58,12504],[],[],[],[],[],[],[],[],[]]","[""c10::BFloat16"","""","""",""Scalar"","""",""ScalarList"",""ScalarList"",""Scalar"",""Scalar"",""Scalar""]",null,1,178.24
record_param_comms,ncclDevKernel_AllGather_RING_LL(ncclDevKernelArgsStorage<4096ul>),23,operator_shape_matched,"[[33,12504],[],[],[],[],[],[],[],[],[]]","[""c10::BFloat16"","""","""",""Scalar"","""",""ScalarList"",""ScalarList"",""Scalar"",""Scalar"",""Scalar""]",null,1,177.631
record_param_comms,ncclDevKernel_AllGather_RING_LL(ncclDevKernelArgsStorage<4096ul>),24,operator_shape_matched,"[[53,12504],[],[],[],[],[],[],[],[],[]]","[""c10::BFloat16"","""","""",""Scalar"","""",""ScalarList"",""ScalarList"",""Scalar"",""Scalar"",""Scalar""]",null,1,175.904
record_param_comms,ncclDevKernel_AllGather_RING_LL(ncclDevKernelArgsStorage<4096ul>),25,operator_shape_matched,"[[13,12504],[],[],[],[],[],[],[],[],[]]","[""c10::BFloat16"","""","""",""Scalar"","""",""ScalarList"",""ScalarList"",""Scalar"",""Scalar"",""Scalar""]",null,1,175.744
record_param_comms,ncclDevKernel_AllGather_RING_LL(ncclDevKernelArgsStorage<4096ul>),26,operator_shape_matched,"[[57,12504],[],[],[],[],[],[],[],[],[]]","[""c10::BFloat16"","""","""",""Scalar"","""",""ScalarList"",""ScalarList"",""Scalar"",""Scalar"",""Scalar""]",null,1,174.144
record_param_comms,ncclDevKernel_AllGather_RING_LL(ncclDevKernelArgsStorage<4096ul>),27,operator_shape_matched,"[[45,12504],[],[],[],[],[],[],[],[],[]]","[""c10::BFloat16"","""","""",""Scalar"","""",""ScalarList"",""ScalarList"",""Scalar"",""Scalar"",""Scalar""]",null,1,171.808
record_param_comms,ncclDevKernel_AllGather_RING_LL(ncclDevKernelArgsStorage<4096ul>),28,operator_shape_matched,"[[17,12504],[],[],[],[],[],[],[],[],[]]","[""c10::BFloat16"","""","""",""Scalar"","""",""ScalarList"",""ScalarList"",""Scalar"",""Scalar"",""Scalar""]",null,1,167.584
record_param_comms,ncclDevKernel_AllGather_RING_LL(ncclDevKernelArgsStorage<4096ul>),29,operator_shape_matched,"[[31,12504],[],[],[],[],[],[],[],[],[]]","[""c10::BFloat16"","""","""",""Scalar"","""",""ScalarList"",""ScalarList"",""Scalar"",""Scalar"",""Scalar""]",null,1,166.624
record_param_comms,ncclDevKernel_AllGather_RING_LL(ncclDevKernelArgsStorage<4096ul>),30,operator_shape_matched,"[[44,12504],[],[],[],[],[],[],[],[],[]]","[""c10::BFloat16"","""","""",""Scalar"","""",""ScalarList"",""ScalarList"",""Scalar"",""Scalar"",""Scalar""]",null,1,165.632
record_param_comms,ncclDevKernel_AllGather_RING_LL(ncclDevKernelArgsStorage<4096ul>),31,operator_shape_matched,"[[41,12504],[],[],[],[],[],[],[],[],[]]","[""c10::BFloat16"","""","""",""Scalar"","""",""ScalarList"",""ScalarList"",""Scalar"",""Scalar"",""Scalar""]",null,1,162.048
record_param_comms,ncclDevKernel_AllGather_RING_LL(ncclDevKernelArgsStorage<4096ul>),32,operator_shape_matched,"[[25,12504],[],[],[],[],[],[],[],[],[]]","[""c10::BFloat16"","""","""",""Scalar"","""",""ScalarList"",""ScalarList"",""Scalar"",""Scalar"",""Scalar""]",null,1,161.248
record_param_comms,ncclDevKernel_AllGather_RING_LL(ncclDevKernelArgsStorage<4096ul>),33,operator_shape_matched,"[[21,12504],[],[],[],[],[],[],[],[],[]]","[""c10::BFloat16"","""","""",""Scalar"","""",""ScalarList"",""ScalarList"",""Scalar"",""Scalar"",""Scalar""]",null,1,160.001
record_param_comms,ncclDevKernel_AllGather_RING_LL(ncclDevKernelArgsStorage<4096ul>),34,operator_shape_matched,"[[2,12504],[],[],[],[],[],[],[],[],[]]","[""c10::BFloat16"","""","""",""Scalar"","""",""ScalarList"",""ScalarList"",""Scalar"",""Scalar"",""Scalar""]",null,1,158.049
record_param_comms,ncclDevKernel_AllGather_RING_LL(ncclDevKernelArgsStorage<4096ul>),35,operator_shape_matched,"[[23,12504],[],[],[],[],[],[],[],[],[]]","[""c10::BFloat16"","""","""",""Scalar"","""",""ScalarList"",""ScalarList"",""Scalar"",""Scalar"",""Scalar""]",null,1,150.624
record_param_comms,ncclDevKernel_AllGather_RING_LL(ncclDevKernelArgsStorage<4096ul>),36,operator_shape_matched,"[[35,12504],[],[],[],[],[],[],[],[],[]]","[""c10::BFloat16"","""","""",""Scalar"","""",""ScalarList"",""ScalarList"",""Scalar"",""Scalar"",""Scalar""]",null,1,149.984
record_param_comms,ncclDevKernel_AllGather_RING_LL(ncclDevKernelArgsStorage<4096ul>),37,operator_shape_matched,"[[49,12504],[],[],[],[],[],[],[],[],[]]","[""c10::BFloat16"","""","""",""Scalar"","""",""ScalarList"",""ScalarList"",""Scalar"",""Scalar"",""Scalar""]",null,1,148.064
record_param_comms,ncclDevKernel_AllGather_RING_LL(ncclDevKernelArgsStorage<4096ul>),38,operator_shape_matched,"[[19,12504],[],[],[],[],[],[],[],[],[]]","[""c10::BFloat16"","""","""",""Scalar"","""",""ScalarList"",""ScalarList"",""Scalar"",""Scalar"",""Scalar""]",null,1,144.96
record_param_comms,ncclDevKernel_AllGather_RING_LL(ncclDevKernelArgsStorage<4096ul>),39,operator_shape_matched,"[[27,12504],[],[],[],[],[],[],[],[],[]]","[""c10::BFloat16"","""","""",""Scalar"","""",""ScalarList"",""ScalarList"",""Scalar"",""Scalar"",""Scalar""]",null,1,142.272
record_param_comms,ncclDevKernel_AllGather_RING_LL(ncclDevKernelArgsStorage<4096ul>),40,operator_shape_matched,"[[32,12504],[],[],[],[],[],[],[],[],[]]","[""c10::BFloat16"","""","""",""Scalar"","""",""ScalarList"",""ScalarList"",""Scalar"",""Scalar"",""Scalar""]",null,1,141.824
record_param_comms,ncclDevKernel_AllGather_RING_LL(ncclDevKernelArgsStorage<4096ul>),41,operator_shape_matched,"[[38,12504],[],[],[],[],[],[],[],[],[]]","[""c10::BFloat16"","""","""",""Scalar"","""",""ScalarList"",""ScalarList"",""Scalar"",""Scalar"",""Scalar""]",null,1,140.288
record_param_comms,ncclDevKernel_AllGather_RING_LL(ncclDevKernelArgsStorage<4096ul>),42,operator_shape_matched,"[[11,12504],[],[],[],[],[],[],[],[],[]]","[""c10::BFloat16"","""","""",""Scalar"","""",""ScalarList"",""ScalarList"",""Scalar"",""Scalar"",""Scalar""]",null,1,138.912
record_param_comms,ncclDevKernel_AllGather_RING_LL(ncclDevKernelArgsStorage<4096ul>),43,operator_shape_matched,"[[30,12504],[],[],[],[],[],[],[],[],[]]","[""c10::BFloat16"","""","""",""Scalar"","""",""ScalarList"",""ScalarList"",""Scalar"",""Scalar"",""Scalar""]",null,1,136.256
record_param_comms,ncclDevKernel_AllGather_RING_LL(ncclDevKernelArgsStorage<4096ul>),44,operator_shape_matched,"[[29,12504],[],[],[],[],[],[],[],[],[]]","[""c10::BFloat16"","""","""",""Scalar"","""",""ScalarList"",""ScalarList"",""Scalar"",""Scalar"",""Scalar""]",null,1,136.0
record_param_comms,ncclDevKernel_AllGather_RING_LL(ncclDevKernelArgsStorage<4096ul>),45,operator_shape_matched,"[[36,12504],[],[],[],[],[],[],[],[],[]]","[""c10::BFloat16"","""","""",""Scalar"","""",""ScalarList"",""ScalarList"",""Scalar"",""Scalar"",""Scalar""]",null,1,134.56
record_param_comms,ncclDevKernel_AllGather_RING_LL(ncclDevKernelArgsStorage<4096ul>),46,operator_shape_matched,"[[26,12504],[],[],[],[],[],[],[],[],[]]","[""c10::BFloat16"","""","""",""Scalar"","""",""ScalarList"",""ScalarList"",""Scalar"",""Scalar"",""Scalar""]",null,1,134.368
record_param_comms,ncclDevKernel_AllGather_RING_LL(ncclDevKernelArgsStorage<4096ul>),47,operator_shape_matched,"[[28,12504],[],[],[],[],[],[],[],[],[]]","[""c10::BFloat16"","""","""",""Scalar"","""",""ScalarList"",""ScalarList"",""Scalar"",""Scalar"",""Scalar""]",null,1,133.152
record_param_comms,ncclDevKernel_AllGather_RING_LL(ncclDevKernelArgsStorage<4096ul>),48,operator_shape_matched,"[[9,12504],[],[],[],[],[],[],[],[],[]]","[""c10::BFloat16"","""","""",""Scalar"","""",""ScalarList"",""ScalarList"",""Scalar"",""Scalar"",""Scalar""]",null,1,131.328
record_param_comms,ncclDevKernel_AllGather_RING_LL(ncclDevKernelArgsStorage<4096ul>),49,operator_shape_matched,"[[16,12504],[],[],[],[],[],[],[],[],[]]","[""c10::BFloat16"","""","""",""Scalar"","""",""ScalarList"",""ScalarList"",""Scalar"",""Scalar"",""Scalar""]",null,1,130.272
record_param_comms,ncclDevKernel_AllGather_RING_LL(ncclDevKernelArgsStorage<4096ul>),50,operator_shape_matched,"[[24,12504],[],[],[],[],[],[],[],[],[]]","[""c10::BFloat16"","""","""",""Scalar"","""",""ScalarList"",""ScalarList"",""Scalar"",""Scalar"",""Scalar""]",null,1,129.696
record_param_comms,ncclDevKernel_AllGather_RING_LL(ncclDevKernelArgsStorage<4096ul>),51,operator_shape_matched,"[[34,12504],[],[],[],[],[],[],[],[],[]]","[""c10::BFloat16"","""","""",""Scalar"","""",""ScalarList"",""ScalarList"",""Scalar"",""Scalar"",""Scalar""]",null,1,128.961
record_param_comms,ncclDevKernel_AllGather_RING_LL(ncclDevKernelArgsStorage<4096ul>),52,operator_shape_matched,"[[22,12504],[],[],[],[],[],[],[],[],[]]","[""c10::BFloat16"","""","""",""Scalar"","""",""ScalarList"",""ScalarList"",""Scalar"",""Scalar"",""Scalar""]",null,1,125.504
record_param_comms,ncclDevKernel_AllGather_RING_LL(ncclDevKernelArgsStorage<4096ul>),53,operator_shape_matched,"[[18,12504],[],[],[],[],[],[],[],[],[]]","[""c10::BFloat16"","""","""",""Scalar"","""",""ScalarList"",""ScalarList"",""Scalar"",""Scalar"",""Scalar""]",null,1,123.712
record_param_comms,ncclDevKernel_AllGather_RING_LL(ncclDevKernelArgsStorage<4096ul>),54,operator_shape_matched,"[[14,12504],[],[],[],[],[],[],[],[],[]]","[""c10::BFloat16"","""","""",""Scalar"","""",""ScalarList"",""ScalarList"",""Scalar"",""Scalar"",""Scalar""]",null,1,120.32
record_param_comms,ncclDevKernel_AllGather_RING_LL(ncclDevKernelArgsStorage<4096ul>),55,operator_shape_matched,"[[20,12504],[],[],[],[],[],[],[],[],[]]","[""c10::BFloat16"","""","""",""Scalar"","""",""ScalarList"",""ScalarList"",""Scalar"",""Scalar"",""Scalar""]",null,1,118.976
record_param_comms,ncclDevKernel_AllGather_RING_LL(ncclDevKernelArgsStorage<4096ul>),56,operator_shape_matched,"[[12,12504],[],[],[],[],[],[],[],[],[]]","[""c10::BFloat16"","""","""",""Scalar"","""",""ScalarList"",""ScalarList"",""Scalar"",""Scalar"",""Scalar""]",null,1,117.728
record_param_comms,ncclDevKernel_AllGather_RING_LL(ncclDevKernelArgsStorage<4096ul>),57,operator_shape_matched,"[[3,12504],[],[],[],[],[],[],[],[],[]]","[""c10::BFloat16"","""","""",""Scalar"","""",""ScalarList"",""ScalarList"",""Scalar"",""Scalar"",""Scalar""]",null,1,113.76
record_param_comms,ncclDevKernel_AllGather_RING_LL(ncclDevKernelArgsStorage<4096ul>),58,operator_shape_matched,"[[39,12504],[],[],[],[],[],[],[],[],[]]","[""c10::BFloat16"","""","""",""Scalar"","""",""ScalarList"",""ScalarList"",""Scalar"",""Scalar"",""Scalar""]",null,1,113.408
record_param_comms,ncclDevKernel_AllGather_RING_LL(ncclDevKernelArgsStorage<4096ul>),59,operator_shape_matched,"[[5,12504],[],[],[],[],[],[],[],[],[]]","[""c10::BFloat16"","""","""",""Scalar"","""",""ScalarList"",""ScalarList"",""Scalar"",""Scalar"",""Scalar""]",null,1,112.64
record_param_comms,ncclDevKernel_AllGather_RING_LL(ncclDevKernelArgsStorage<4096ul>),60,operator_shape_matched,"[[10,12504],[],[],[],[],[],[],[],[],[]]","[""c10::BFloat16"","""","""",""Scalar"","""",""ScalarList"",""ScalarList"",""Scalar"",""Scalar"",""Scalar""]",null,1,109.76
record_param_comms,ncclDevKernel_AllGather_RING_LL(ncclDevKernelArgsStorage<4096ul>),61,operator_shape_matched,"[[15,12504],[],[],[],[],[],[],[],[],[]]","[""c10::BFloat16"","""","""",""Scalar"","""",""ScalarList"",""ScalarList"",""Scalar"",""Scalar"",""Scalar""]",null,1,109.152
record_param_comms,ncclDevKernel_AllGather_RING_LL(ncclDevKernelArgsStorage<4096ul>),62,operator_shape_matched,"[[7,12504],[],[],[],[],[],[],[],[],[]]","[""c10::BFloat16"","""","""",""Scalar"","""",""ScalarList"",""ScalarList"",""Scalar"",""Scalar"",""Scalar""]",null,1,107.136
record_param_comms,ncclDevKernel_AllGather_RING_LL(ncclDevKernelArgsStorage<4096ul>),63,operator_shape_matched,"[[6,12504],[],[],[],[],[],[],[],[],[]]","[""c10::BFloat16"","""","""",""Scalar"","""",""ScalarList"",""ScalarList"",""Scalar"",""Scalar"",""Scalar""]",null,1,101.408
record_param_comms,ncclDevKernel_AllGather_RING_LL(ncclDevKernelArgsStorage<4096ul>),64,operator_shape_matched,"[[4,12504],[],[],[],[],[],[],[],[],[]]","[""c10::BFloat16"","""","""",""Scalar"","""",""ScalarList"",""ScalarList"",""Scalar"",""Scalar"",""Scalar""]",null,1,64.512
null,triton_poi_fused_clamp_mul_sigmoid_slice_0,1,missing_external_id,null,null,null,15360,36968.97
triton_poi_fused_clamp_mul_sigmoid_slice_0,triton_poi_fused_clamp_mul_sigmoid_slice_0,2,operator_shape_matched,"[[8192,384],[],[],[8192,192],[],[],[]]","[""c10::BFloat16"",""Scalar"",""Scalar"",""c10::BFloat16"",""Scalar"",""Scalar"",""Scalar""]",null,1767,14194.774
triton_poi_fused_clamp_mul_sigmoid_slice_0,triton_poi_fused_clamp_mul_sigmoid_slice_0,3,operator_shape_matched,"[[8192,1536],[],[],[8192,768],[],[],[]]","[""c10::BFloat16"",""Scalar"",""Scalar"",""c10::BFloat16"",""Scalar"",""Scalar"",""Scalar""]",null,93,2436.257
triton_poi_fused_clamp_mul_sigmoid_slice_0,triton_poi_fused_clamp_mul_sigmoid_slice_0,4,operator_shape_matched,"[[5089,384],[],[],[5089,192],[],[],[]]","[""c10::BFloat16"",""Scalar"",""Scalar"",""c10::BFloat16"",""Scalar"",""Scalar"",""Scalar""]",null,57,298.014
triton_poi_fused_clamp_mul_sigmoid_slice_0,triton_poi_fused_clamp_mul_sigmoid_slice_0,5,operator_shape_matched,"[[4096,384],[],[],[4096,192],[],[],[]]","[""c10::BFloat16"",""Scalar"",""Scalar"",""c10::BFloat16"",""Scalar"",""Scalar"",""Scalar""]",null,57,249.126
triton_poi_fused_clamp_mul_sigmoid_slice_0,triton_poi_fused_clamp_mul_sigmoid_slice_0,6,operator_shape_matched,"[[5089,1536],[],[],[5089,768],[],[],[]]","[""c10::BFloat16"",""Scalar"",""Scalar"",""c10::BFloat16"",""Scalar"",""Scalar"",""Scalar""]",null,3,52.032
triton_poi_fused_clamp_mul_sigmoid_slice_0,triton_poi_fused_clamp_mul_sigmoid_slice_0,7,operator_shape_matched,"[[4096,1536],[],[],[4096,768],[],[],[]]","[""c10::BFloat16"",""Scalar"",""Scalar"",""c10::BFloat16"",""Scalar"",""Scalar"",""Scalar""]",null,3,41.631
null,"void cublasLt::splitKreduce_kernel<32, 16, int, float, float, float, float, false, float, float, float, true, false, false, false>(cublasLt::cublasSplitKParams<float>, float const*, float const*, float*, float*, float const*, float const*, float const*, float const*, float*, void*, long, float*, int*, float*, float*, float const*, float const*, float const*, float const*, float const*)",1,missing_external_id,null,null,null,13623,48909.441
null,"void vllm::moe::count_and_sort_expert_tokens_kernel<int>(int const*, int*, int*, int*, unsigned long, int, int, int, bool)",1,missing_external_id,null,null,null,14307,26826.029
_moe_C::moe_align_block_size,"void vllm::moe::count_and_sort_expert_tokens_kernel<int>(int const*, int*, int*, int*, unsigned long, int, int, int, bool)",2,operator_shape_matched,"[[8192,4],[],[],[49024],[383],[1],[]]","[""int"",""Scalar"",""Scalar"",""int"",""int"",""int"",""""]",null,1767,18519.866
_moe_C::moe_align_block_size,"void vllm::moe::count_and_sort_expert_tokens_kernel<int>(int const*, int*, int*, int*, unsigned long, int, int, int, bool)",3,operator_shape_matched,"[[5089,4],[],[],[36612],[287],[1],[]]","[""int"",""Scalar"",""Scalar"",""int"",""int"",""int"",""""]",null,57,401.096
_moe_C::moe_align_block_size,"void vllm::moe::count_and_sort_expert_tokens_kernel<int>(int const*, int*, int*, int*, unsigned long, int, int, int, bool)",4,operator_shape_matched,"[[4096,4],[],[],[32640],[255],[1],[]]","[""int"",""Scalar"",""Scalar"",""int"",""int"",""int"",""""]",null,57,335.776
null,"void cutlass::device_kernel<flash::enable_sm90_or_later<flash::FlashAttnFwdSm90<flash::CollectiveMainloopFwdSm90<2, cute::tuple<cute::C<1>, cute::C<1>, cute::C<1> >, cute::tuple<cute::C<64>, cute::C<128>, cute::C<128> >, 128, cutlass::bfloat16_t, float, cutlass::arch::Sm90, true, false, false, true, true, false, false, true, true, true, true, false, cutlass::bfloat16_t, 1>, flash::CollectiveEpilogueFwd<cute::tuple<cute::C<64>, cute::C<128>, cute::C<128> >, cute::tuple<cute::C<1>, cute::C<1>, cute::C<1> >, cutlass::bfloat16_t, cutlass::arch::Sm90, 128, true, true, true, false, 1>, flash::VarlenDynamicPersistentTileScheduler<64, 128, 128, 128, true, true, true, true, false, true> > > >(flash::enable_sm90_or_later<flash::FlashAttnFwdSm90<flash::CollectiveMainloopFwdSm90<2, cute::tuple<cute::C<1>, cute::C<1>, cute::C<1> >, cute::tuple<cute::C<64>, cute::C<128>, cute::C<128> >, 128, cutlass::bfloat16_t, float, cutlass::arch::Sm90, true, false, false, true, true, false, false, true, true, true, true, false, cutlass::bfloat16_t, 1>, flash::CollectiveEpilogueFwd<cute::tuple<cute::C<64>, cute::C<128>, cute::C<128> >, cute::tuple<cute::C<1>, cute::C<1>, cute::C<1> >, cutlass::bfloat16_t, cutlass::arch::Sm90, 128, true, true, true, false, 1>, flash::VarlenDynamicPersistentTileScheduler<64, 128, 128, 128, true, true, true, true, false, true> > >::Params)",1,missing_external_id,null,null,null,768,42144.41
null,_merge_topk_attn_out_kernel,1,missing_external_id,null,null,null,16416,34731.078
null,_topk_index_merge_kernel,1,missing_external_id,null,null,null,16416,29403.233
null,_topk_index_kernel,1,missing_external_id,null,null,null,1881,26667.364
null,memcpy32_post,1,missing_external_id,null,null,null,14592,20509.013
aten::mm,nvjet_sm90_tst_96x64_64x10_2x1_v_bz_TNN,1,operator_shape_matched,"[[64,6144],[6144,12504]]","[""c10::BFloat16"",""c10::BFloat16""]",null,223,13165.676
aten::mm,nvjet_sm90_tst_96x64_64x10_2x1_v_bz_TNN,2,operator_shape_matched,"[[63,6144],[6144,12504]]","[""c10::BFloat16"",""c10::BFloat16""]",null,3,180.77
aten::mm,nvjet_sm90_tst_96x64_64x10_2x1_v_bz_TNN,3,operator_shape_matched,"[[59,6144],[6144,12504]]","[""c10::BFloat16"",""c10::BFloat16""]",null,1,64.416
aten::mm,nvjet_sm90_tst_96x64_64x10_2x1_v_bz_TNN,4,operator_shape_matched,"[[57,6144],[6144,12504]]","[""c10::BFloat16"",""c10::BFloat16""]",null,1,63.168
aten::mm,nvjet_sm90_tst_96x64_64x10_2x1_v_bz_TNN,5,operator_shape_matched,"[[61,6144],[6144,12504]]","[""c10::BFloat16"",""c10::BFloat16""]",null,1,61.984
aten::mm,nvjet_sm90_tst_96x64_64x10_2x1_v_bz_TNN,6,operator_shape_matched,"[[60,6144],[6144,12504]]","[""c10::BFloat16"",""c10::BFloat16""]",null,1,59.84
aten::mm,nvjet_sm90_tst_96x64_64x10_2x1_v_bz_TNN,7,operator_shape_matched,"[[62,6144],[6144,12504]]","[""c10::BFloat16"",""c10::BFloat16""]",null,1,58.336
aten::mm,nvjet_sm90_tst_96x64_64x10_2x1_v_bz_TNN,8,operator_shape_matched,"[[58,6144],[6144,12504]]","[""c10::BFloat16"",""c10::BFloat16""]",null,1,58.08
aten::mm,sm80_xmma_gemm_f32f32_f32f32_f32_tn_n_tilesize128x128x8_stage3_warpsize2x2x1_ffma_aligna4_alignc4_execute_split_k_kernel__5x_cublas,1,operator_shape_matched,"[[8192,6144],[6144,128]]","[""float"",""float""]",null,1767,12108.133
aten::mm,sm80_xmma_gemm_f32f32_f32f32_f32_tn_n_tilesize128x128x8_stage3_warpsize2x2x1_ffma_aligna4_alignc4_execute_split_k_kernel__5x_cublas,2,operator_shape_matched,"[[4096,6144],[6144,128]]","[""float"",""float""]",null,57,426.333
aten::mm,sm80_xmma_gemm_f32f32_f32f32_f32_tn_n_tilesize128x128x8_stage3_warpsize2x2x1_ffma_aligna4_alignc4_execute_split_k_kernel__5x_cublas,3,operator_shape_matched,"[[5089,6144],[6144,128]]","[""float"",""float""]",null,57,404.002
aten::copy_,"void at::native::elementwise_kernel<128, 4, at::native::gpu_kernel_impl_nocast<at::native::direct_copy_kernel_cuda(at::TensorIteratorBase&)::{lambda()#3}::operator()() const::{lambda()#12}::operator()() const::{lambda(c10::BFloat16)#1}>(at::TensorIteratorBase&, at::native::direct_copy_kernel_cuda(at::TensorIteratorBase&)::{lambda()#3}::operator()() const::{lambda()#12}::operator()() const::{lambda(c10::BFloat16)#1} const&)::{lambda(int)#1}>(int, at::native::gpu_kernel_impl_nocast<at::native::direct_copy_kernel_cuda(at::TensorIteratorBase&)::{lambda()#3}::operator()() const::{lambda()#12}::operator()() const::{lambda(c10::BFloat16)#1}>(at::TensorIteratorBase&, at::native::direct_copy_kernel_cuda(at::TensorIteratorBase&)::{lambda()#3}::operator()() const::{lambda()#12}::operator()() const::{lambda(c10::BFloat16)#1} const&)::{lambda(int)#1})",1,operator_shape_matched,"[[64,16,12504],[64,16,12504],[]]","[""c10::BFloat16"",""c10::BFloat16"",""Scalar""]",null,223,7568.806
aten::copy_,"void at::native::elementwise_kernel<128, 4, at::native::gpu_kernel_impl_nocast<at::native::direct_copy_kernel_cuda(at::TensorIteratorBase&)::{lambda()#3}::operator()() const::{lambda()#12}::operator()() const::{lambda(c10::BFloat16)#1}>(at::TensorIteratorBase&, at::native::direct_copy_kernel_cuda(at::TensorIteratorBase&)::{lambda()#3}::operator()() const::{lambda()#12}::operator()() const::{lambda(c10::BFloat16)#1} const&)::{lambda(int)#1}>(int, at::native::gpu_kernel_impl_nocast<at::native::direct_copy_kernel_cuda(at::TensorIteratorBase&)::{lambda()#3}::operator()() const::{lambda()#12}::operator()() const::{lambda(c10::BFloat16)#1}>(at::TensorIteratorBase&, at::native::direct_copy_kernel_cuda(at::TensorIteratorBase&)::{lambda()#3}::operator()() const::{lambda()#12}::operator()() const::{lambda(c10::BFloat16)#1} const&)::{lambda(int)#1})",2,operator_shape_matched,"[[63,16,12504],[63,16,12504],[]]","[""c10::BFloat16"",""c10::BFloat16"",""Scalar""]",null,3,99.392
aten::copy_,"void at::native::elementwise_kernel<128, 4, at::native::gpu_kernel_impl_nocast<at::native::direct_copy_kernel_cuda(at::TensorIteratorBase&)::{lambda()#3}::operator()() const::{lambda()#12}::operator()() const::{lambda(c10::BFloat16)#1}>(at::TensorIteratorBase&, at::native::direct_copy_kernel_cuda(at::TensorIteratorBase&)::{lambda()#3}::operator()() const::{lambda()#12}::operator()() const::{lambda(c10::BFloat16)#1} const&)::{lambda(int)#1}>(int, at::native::gpu_kernel_impl_nocast<at::native::direct_copy_kernel_cuda(at::TensorIteratorBase&)::{lambda()#3}::operator()() const::{lambda()#12}::operator()() const::{lambda(c10::BFloat16)#1}>(at::TensorIteratorBase&, at::native::direct_copy_kernel_cuda(at::TensorIteratorBase&)::{lambda()#3}::operator()() const::{lambda()#12}::operator()() const::{lambda(c10::BFloat16)#1} const&)::{lambda(int)#1})",3,operator_shape_matched,"[[62,16,12504],[62,16,12504],[]]","[""c10::BFloat16"",""c10::BFloat16"",""Scalar""]",null,1,33.184
aten::copy_,"void at::native::elementwise_kernel<128, 4, at::native::gpu_kernel_impl_nocast<at::native::direct_copy_kernel_cuda(at::TensorIteratorBase&)::{lambda()#3}::operator()() const::{lambda()#12}::operator()() const::{lambda(c10::BFloat16)#1}>(at::TensorIteratorBase&, at::native::direct_copy_kernel_cuda(at::TensorIteratorBase&)::{lambda()#3}::operator()() const::{lambda()#12}::operator()() const::{lambda(c10::BFloat16)#1} const&)::{lambda(int)#1}>(int, at::native::gpu_kernel_impl_nocast<at::native::direct_copy_kernel_cuda(at::TensorIteratorBase&)::{lambda()#3}::operator()() const::{lambda()#12}::operator()() const::{lambda(c10::BFloat16)#1}>(at::TensorIteratorBase&, at::native::direct_copy_kernel_cuda(at::TensorIteratorBase&)::{lambda()#3}::operator()() const::{lambda()#12}::operator()() const::{lambda(c10::BFloat16)#1} const&)::{lambda(int)#1})",4,operator_shape_matched,"[[61,16,12504],[61,16,12504],[]]","[""c10::BFloat16"",""c10::BFloat16"",""Scalar""]",null,1,32.512
aten::copy_,"void at::native::elementwise_kernel<128, 4, at::native::gpu_kernel_impl_nocast<at::native::direct_copy_kernel_cuda(at::TensorIteratorBase&)::{lambda()#3}::operator()() const::{lambda()#12}::operator()() const::{lambda(c10::BFloat16)#1}>(at::TensorIteratorBase&, at::native::direct_copy_kernel_cuda(at::TensorIteratorBase&)::{lambda()#3}::operator()() const::{lambda()#12}::operator()() const::{lambda(c10::BFloat16)#1} const&)::{lambda(int)#1}>(int, at::native::gpu_kernel_impl_nocast<at::native::direct_copy_kernel_cuda(at::TensorIteratorBase&)::{lambda()#3}::operator()() const::{lambda()#12}::operator()() const::{lambda(c10::BFloat16)#1}>(at::TensorIteratorBase&, at::native::direct_copy_kernel_cuda(at::TensorIteratorBase&)::{lambda()#3}::operator()() const::{lambda()#12}::operator()() const::{lambda(c10::BFloat16)#1} const&)::{lambda(int)#1})",5,operator_shape_matched,"[[60,16,12504],[60,16,12504],[]]","[""c10::BFloat16"",""c10::BFloat16"",""Scalar""]",null,1,31.456
aten::copy_,"void at::native::elementwise_kernel<128, 4, at::native::gpu_kernel_impl_nocast<at::native::direct_copy_kernel_cuda(at::TensorIteratorBase&)::{lambda()#3}::operator()() const::{lambda()#12}::operator()() const::{lambda(c10::BFloat16)#1}>(at::TensorIteratorBase&, at::native::direct_copy_kernel_cuda(at::TensorIteratorBase&)::{lambda()#3}::operator()() const::{lambda()#12}::operator()() const::{lambda(c10::BFloat16)#1} const&)::{lambda(int)#1}>(int, at::native::gpu_kernel_impl_nocast<at::native::direct_copy_kernel_cuda(at::TensorIteratorBase&)::{lambda()#3}::operator()() const::{lambda()#12}::operator()() const::{lambda(c10::BFloat16)#1}>(at::TensorIteratorBase&, at::native::direct_copy_kernel_cuda(at::TensorIteratorBase&)::{lambda()#3}::operator()() const::{lambda()#12}::operator()() const::{lambda(c10::BFloat16)#1} const&)::{lambda(int)#1})",6,operator_shape_matched,"[[59,16,12504],[59,16,12504],[]]","[""c10::BFloat16"",""c10::BFloat16"",""Scalar""]",null,1,31.424
aten::copy_,"void at::native::elementwise_kernel<128, 4, at::native::gpu_kernel_impl_nocast<at::native::direct_copy_kernel_cuda(at::TensorIteratorBase&)::{lambda()#3}::operator()() const::{lambda()#12}::operator()() const::{lambda(c10::BFloat16)#1}>(at::TensorIteratorBase&, at::native::direct_copy_kernel_cuda(at::TensorIteratorBase&)::{lambda()#3}::operator()() const::{lambda()#12}::operator()() const::{lambda(c10::BFloat16)#1} const&)::{lambda(int)#1}>(int, at::native::gpu_kernel_impl_nocast<at::native::direct_copy_kernel_cuda(at::TensorIteratorBase&)::{lambda()#3}::operator()() const::{lambda()#12}::operator()() const::{lambda(c10::BFloat16)#1}>(at::TensorIteratorBase&, at::native::direct_copy_kernel_cuda(at::TensorIteratorBase&)::{lambda()#3}::operator()() const::{lambda()#12}::operator()() const::{lambda(c10::BFloat16)#1} const&)::{lambda(int)#1})",7,operator_shape_matched,"[[58,16,12504],[58,16,12504],[]]","[""c10::BFloat16"",""c10::BFloat16"",""Scalar""]",null,1,30.24
aten::copy_,"void at::native::elementwise_kernel<128, 4, at::native::gpu_kernel_impl_nocast<at::native::direct_copy_kernel_cuda(at::TensorIteratorBase&)::{lambda()#3}::operator()() const::{lambda()#12}::operator()() const::{lambda(c10::BFloat16)#1}>(at::TensorIteratorBase&, at::native::direct_copy_kernel_cuda(at::TensorIteratorBase&)::{lambda()#3}::operator()() const::{lambda()#12}::operator()() const::{lambda(c10::BFloat16)#1} const&)::{lambda(int)#1}>(int, at::native::gpu_kernel_impl_nocast<at::native::direct_copy_kernel_cuda(at::TensorIteratorBase&)::{lambda()#3}::operator()() const::{lambda()#12}::operator()() const::{lambda(c10::BFloat16)#1}>(at::TensorIteratorBase&, at::native::direct_copy_kernel_cuda(at::TensorIteratorBase&)::{lambda()#3}::operator()() const::{lambda()#12}::operator()() const::{lambda(c10::BFloat16)#1} const&)::{lambda(int)#1})",8,operator_shape_matched,"[[57,16,12504],[57,16,12504],[]]","[""c10::BFloat16"",""c10::BFloat16"",""Scalar""]",null,1,30.048
aten::copy_,"void at::native::elementwise_kernel<128, 4, at::native::gpu_kernel_impl_nocast<at::native::direct_copy_kernel_cuda(at::TensorIteratorBase&)::{lambda()#3}::operator()() const::{lambda()#12}::operator()() const::{lambda(c10::BFloat16)#1}>(at::TensorIteratorBase&, at::native::direct_copy_kernel_cuda(at::TensorIteratorBase&)::{lambda()#3}::operator()() const::{lambda()#12}::operator()() const::{lambda(c10::BFloat16)#1} const&)::{lambda(int)#1}>(int, at::native::gpu_kernel_impl_nocast<at::native::direct_copy_kernel_cuda(at::TensorIteratorBase&)::{lambda()#3}::operator()() const::{lambda()#12}::operator()() const::{lambda(c10::BFloat16)#1}>(at::TensorIteratorBase&, at::native::direct_copy_kernel_cuda(at::TensorIteratorBase&)::{lambda()#3}::operator()() const::{lambda()#12}::operator()() const::{lambda(c10::BFloat16)#1} const&)::{lambda(int)#1})",9,operator_shape_matched,"[[56,16,12504],[56,16,12504],[]]","[""c10::BFloat16"",""c10::BFloat16"",""Scalar""]",null,1,29.408
aten::copy_,"void at::native::elementwise_kernel<128, 4, at::native::gpu_kernel_impl_nocast<at::native::direct_copy_kernel_cuda(at::TensorIteratorBase&)::{lambda()#3}::operator()() const::{lambda()#12}::operator()() const::{lambda(c10::BFloat16)#1}>(at::TensorIteratorBase&, at::native::direct_copy_kernel_cuda(at::TensorIteratorBase&)::{lambda()#3}::operator()() const::{lambda()#12}::operator()() const::{lambda(c10::BFloat16)#1} const&)::{lambda(int)#1}>(int, at::native::gpu_kernel_impl_nocast<at::native::direct_copy_kernel_cuda(at::TensorIteratorBase&)::{lambda()#3}::operator()() const::{lambda()#12}::operator()() const::{lambda(c10::BFloat16)#1}>(at::TensorIteratorBase&, at::native::direct_copy_kernel_cuda(at::TensorIteratorBase&)::{lambda()#3}::operator()() const::{lambda()#12}::operator()() const::{lambda(c10::BFloat16)#1} const&)::{lambda(int)#1})",10,operator_shape_matched,"[[55,16,12504],[55,16,12504],[]]","[""c10::BFloat16"",""c10::BFloat16"",""Scalar""]",null,1,28.672
aten::copy_,"void at::native::elementwise_kernel<128, 4, at::native::gpu_kernel_impl_nocast<at::native::direct_copy_kernel_cuda(at::TensorIteratorBase&)::{lambda()#3}::operator()() const::{lambda()#12}::operator()() const::{lambda(c10::BFloat16)#1}>(at::TensorIteratorBase&, at::native::direct_copy_kernel_cuda(at::TensorIteratorBase&)::{lambda()#3}::operator()() const::{lambda()#12}::operator()() const::{lambda(c10::BFloat16)#1} const&)::{lambda(int)#1}>(int, at::native::gpu_kernel_impl_nocast<at::native::direct_copy_kernel_cuda(at::TensorIteratorBase&)::{lambda()#3}::operator()() const::{lambda()#12}::operator()() const::{lambda(c10::BFloat16)#1}>(at::TensorIteratorBase&, at::native::direct_copy_kernel_cuda(at::TensorIteratorBase&)::{lambda()#3}::operator()() const::{lambda()#12}::operator()() const::{lambda(c10::BFloat16)#1} const&)::{lambda(int)#1})",11,operator_shape_matched,"[[54,16,12504],[54,16,12504],[]]","[""c10::BFloat16"",""c10::BFloat16"",""Scalar""]",null,1,27.712
aten::copy_,"void at::native::elementwise_kernel<128, 4, at::native::gpu_kernel_impl_nocast<at::native::direct_copy_kernel_cuda(at::TensorIteratorBase&)::{lambda()#3}::operator()() const::{lambda()#12}::operator()() const::{lambda(c10::BFloat16)#1}>(at::TensorIteratorBase&, at::native::direct_copy_kernel_cuda(at::TensorIteratorBase&)::{lambda()#3}::operator()() const::{lambda()#12}::operator()() const::{lambda(c10::BFloat16)#1} const&)::{lambda(int)#1}>(int, at::native::gpu_kernel_impl_nocast<at::native::direct_copy_kernel_cuda(at::TensorIteratorBase&)::{lambda()#3}::operator()() const::{lambda()#12}::operator()() const::{lambda(c10::BFloat16)#1}>(at::TensorIteratorBase&, at::native::direct_copy_kernel_cuda(at::TensorIteratorBase&)::{lambda()#3}::operator()() const::{lambda()#12}::operator()() const::{lambda(c10::BFloat16)#1} const&)::{lambda(int)#1})",12,operator_shape_matched,"[[53,16,12504],[53,16,12504],[]]","[""c10::BFloat16"",""c10::BFloat16"",""Scalar""]",null,1,27.424
aten::copy_,"void at::native::elementwise_kernel<128, 4, at::native::gpu_kernel_impl_nocast<at::native::direct_copy_kernel_cuda(at::TensorIteratorBase&)::{lambda()#3}::operator()() const::{lambda()#12}::operator()() const::{lambda(c10::BFloat16)#1}>(at::TensorIteratorBase&, at::native::direct_copy_kernel_cuda(at::TensorIteratorBase&)::{lambda()#3}::operator()() const::{lambda()#12}::operator()() const::{lambda(c10::BFloat16)#1} const&)::{lambda(int)#1}>(int, at::native::gpu_kernel_impl_nocast<at::native::direct_copy_kernel_cuda(at::TensorIteratorBase&)::{lambda()#3}::operator()() const::{lambda()#12}::operator()() const::{lambda(c10::BFloat16)#1}>(at::TensorIteratorBase&, at::native::direct_copy_kernel_cuda(at::TensorIteratorBase&)::{lambda()#3}::operator()() const::{lambda()#12}::operator()() const::{lambda(c10::BFloat16)#1} const&)::{lambda(int)#1})",13,operator_shape_matched,"[[52,16,12504],[52,16,12504],[]]","[""c10::BFloat16"",""c10::BFloat16"",""Scalar""]",null,1,26.624
aten::copy_,"void at::native::elementwise_kernel<128, 4, at::native::gpu_kernel_impl_nocast<at::native::direct_copy_kernel_cuda(at::TensorIteratorBase&)::{lambda()#3}::operator()() const::{lambda()#12}::operator()() const::{lambda(c10::BFloat16)#1}>(at::TensorIteratorBase&, at::native::direct_copy_kernel_cuda(at::TensorIteratorBase&)::{lambda()#3}::operator()() const::{lambda()#12}::operator()() const::{lambda(c10::BFloat16)#1} const&)::{lambda(int)#1}>(int, at::native::gpu_kernel_impl_nocast<at::native::direct_copy_kernel_cuda(at::TensorIteratorBase&)::{lambda()#3}::operator()() const::{lambda()#12}::operator()() const::{lambda(c10::BFloat16)#1}>(at::TensorIteratorBase&, at::native::direct_copy_kernel_cuda(at::TensorIteratorBase&)::{lambda()#3}::operator()() const::{lambda()#12}::operator()() const::{lambda(c10::BFloat16)#1} const&)::{lambda(int)#1})",14,operator_shape_matched,"[[51,16,12504],[51,16,12504],[]]","[""c10::BFloat16"",""c10::BFloat16"",""Scalar""]",null,1,26.176
aten::copy_,"void at::native::elementwise_kernel<128, 4, at::native::gpu_kernel_impl_nocast<at::native::direct_copy_kernel_cuda(at::TensorIteratorBase&)::{lambda()#3}::operator()() const::{lambda()#12}::operator()() const::{lambda(c10::BFloat16)#1}>(at::TensorIteratorBase&, at::native::direct_copy_kernel_cuda(at::TensorIteratorBase&)::{lambda()#3}::operator()() const::{lambda()#12}::operator()() const::{lambda(c10::BFloat16)#1} const&)::{lambda(int)#1}>(int, at::native::gpu_kernel_impl_nocast<at::native::direct_copy_kernel_cuda(at::TensorIteratorBase&)::{lambda()#3}::operator()() const::{lambda()#12}::operator()() const::{lambda(c10::BFloat16)#1}>(at::TensorIteratorBase&, at::native::direct_copy_kernel_cuda(at::TensorIteratorBase&)::{lambda()#3}::operator()() const::{lambda()#12}::operator()() const::{lambda(c10::BFloat16)#1} const&)::{lambda(int)#1})",15,operator_shape_matched,"[[50,16,12504],[50,16,12504],[]]","[""c10::BFloat16"",""c10::BFloat16"",""Scalar""]",null,1,25.728
aten::copy_,"void at::native::elementwise_kernel<128, 4, at::native::gpu_kernel_impl_nocast<at::native::direct_copy_kernel_cuda(at::TensorIteratorBase&)::{lambda()#3}::operator()() const::{lambda()#12}::operator()() const::{lambda(c10::BFloat16)#1}>(at::TensorIteratorBase&, at::native::direct_copy_kernel_cuda(at::TensorIteratorBase&)::{lambda()#3}::operator()() const::{lambda()#12}::operator()() const::{lambda(c10::BFloat16)#1} const&)::{lambda(int)#1}>(int, at::native::gpu_kernel_impl_nocast<at::native::direct_copy_kernel_cuda(at::TensorIteratorBase&)::{lambda()#3}::operator()() const::{lambda()#12}::operator()() const::{lambda(c10::BFloat16)#1}>(at::TensorIteratorBase&, at::native::direct_copy_kernel_cuda(at::TensorIteratorBase&)::{lambda()#3}::operator()() const::{lambda()#12}::operator()() const::{lambda(c10::BFloat16)#1} const&)::{lambda(int)#1})",16,operator_shape_matched,"[[49,16,12504],[49,16,12504],[]]","[""c10::BFloat16"",""c10::BFloat16"",""Scalar""]",null,1,25.44
aten::copy_,"void at::native::elementwise_kernel<128, 4, at::native::gpu_kernel_impl_nocast<at::native::direct_copy_kernel_cuda(at::TensorIteratorBase&)::{lambda()#3}::operator()() const::{lambda()#12}::operator()() const::{lambda(c10::BFloat16)#1}>(at::TensorIteratorBase&, at::native::direct_copy_kernel_cuda(at::TensorIteratorBase&)::{lambda()#3}::operator()() const::{lambda()#12}::operator()() const::{lambda(c10::BFloat16)#1} const&)::{lambda(int)#1}>(int, at::native::gpu_kernel_impl_nocast<at::native::direct_copy_kernel_cuda(at::TensorIteratorBase&)::{lambda()#3}::operator()() const::{lambda()#12}::operator()() const::{lambda(c10::BFloat16)#1}>(at::TensorIteratorBase&, at::native::direct_copy_kernel_cuda(at::TensorIteratorBase&)::{lambda()#3}::operator()() const::{lambda()#12}::operator()() const::{lambda(c10::BFloat16)#1} const&)::{lambda(int)#1})",17,operator_shape_matched,"[[48,16,12504],[48,16,12504],[]]","[""c10::BFloat16"",""c10::BFloat16"",""Scalar""]",null,1,24.608
aten::copy_,"void at::native::elementwise_kernel<128, 4, at::native::gpu_kernel_impl_nocast<at::native::direct_copy_kernel_cuda(at::TensorIteratorBase&)::{lambda()#3}::operator()() const::{lambda()#12}::operator()() const::{lambda(c10::BFloat16)#1}>(at::TensorIteratorBase&, at::native::direct_copy_kernel_cuda(at::TensorIteratorBase&)::{lambda()#3}::operator()() const::{lambda()#12}::operator()() const::{lambda(c10::BFloat16)#1} const&)::{lambda(int)#1}>(int, at::native::gpu_kernel_impl_nocast<at::native::direct_copy_kernel_cuda(at::TensorIteratorBase&)::{lambda()#3}::operator()() const::{lambda()#12}::operator()() const::{lambda(c10::BFloat16)#1}>(at::TensorIteratorBase&, at::native::direct_copy_kernel_cuda(at::TensorIteratorBase&)::{lambda()#3}::operator()() const::{lambda()#12}::operator()() const::{lambda(c10::BFloat16)#1} const&)::{lambda(int)#1})",18,operator_shape_matched,"[[47,16,12504],[47,16,12504],[]]","[""c10::BFloat16"",""c10::BFloat16"",""Scalar""]",null,1,23.841
aten::copy_,"void at::native::elementwise_kernel<128, 4, at::native::gpu_kernel_impl_nocast<at::native::direct_copy_kernel_cuda(at::TensorIteratorBase&)::{lambda()#3}::operator()() const::{lambda()#12}::operator()() const::{lambda(c10::BFloat16)#1}>(at::TensorIteratorBase&, at::native::direct_copy_kernel_cuda(at::TensorIteratorBase&)::{lambda()#3}::operator()() const::{lambda()#12}::operator()() const::{lambda(c10::BFloat16)#1} const&)::{lambda(int)#1}>(int, at::native::gpu_kernel_impl_nocast<at::native::direct_copy_kernel_cuda(at::TensorIteratorBase&)::{lambda()#3}::operator()() const::{lambda()#12}::operator()() const::{lambda(c10::BFloat16)#1}>(at::TensorIteratorBase&, at::native::direct_copy_kernel_cuda(at::TensorIteratorBase&)::{lambda()#3}::operator()() const::{lambda()#12}::operator()() const::{lambda(c10::BFloat16)#1} const&)::{lambda(int)#1})",19,operator_shape_matched,"[[46,16,12504],[46,16,12504],[]]","[""c10::BFloat16"",""c10::BFloat16"",""Scalar""]",null,1,23.393
aten::copy_,"void at::native::elementwise_kernel<128, 4, at::native::gpu_kernel_impl_nocast<at::native::direct_copy_kernel_cuda(at::TensorIteratorBase&)::{lambda()#3}::operator()() const::{lambda()#12}::operator()() const::{lambda(c10::BFloat16)#1}>(at::TensorIteratorBase&, at::native::direct_copy_kernel_cuda(at::TensorIteratorBase&)::{lambda()#3}::operator()() const::{lambda()#12}::operator()() const::{lambda(c10::BFloat16)#1} const&)::{lambda(int)#1}>(int, at::native::gpu_kernel_impl_nocast<at::native::direct_copy_kernel_cuda(at::TensorIteratorBase&)::{lambda()#3}::operator()() const::{lambda()#12}::operator()() const::{lambda(c10::BFloat16)#1}>(at::TensorIteratorBase&, at::native::direct_copy_kernel_cuda(at::TensorIteratorBase&)::{lambda()#3}::operator()() const::{lambda()#12}::operator()() const::{lambda(c10::BFloat16)#1} const&)::{lambda(int)#1})",20,operator_shape_matched,"[[45,16,12504],[45,16,12504],[]]","[""c10::BFloat16"",""c10::BFloat16"",""Scalar""]",null,1,22.816
aten::copy_,"void at::native::elementwise_kernel<128, 4, at::native::gpu_kernel_impl_nocast<at::native::direct_copy_kernel_cuda(at::TensorIteratorBase&)::{lambda()#3}::operator()() const::{lambda()#12}::operator()() const::{lambda(c10::BFloat16)#1}>(at::TensorIteratorBase&, at::native::direct_copy_kernel_cuda(at::TensorIteratorBase&)::{lambda()#3}::operator()() const::{lambda()#12}::operator()() const::{lambda(c10::BFloat16)#1} const&)::{lambda(int)#1}>(int, at::native::gpu_kernel_impl_nocast<at::native::direct_copy_kernel_cuda(at::TensorIteratorBase&)::{lambda()#3}::operator()() const::{lambda()#12}::operator()() const::{lambda(c10::BFloat16)#1}>(at::TensorIteratorBase&, at::native::direct_copy_kernel_cuda(at::TensorIteratorBase&)::{lambda()#3}::operator()() const::{lambda()#12}::operator()() const::{lambda(c10::BFloat16)#1} const&)::{lambda(int)#1})",21,operator_shape_matched,"[[44,16,12504],[44,16,12504],[]]","[""c10::BFloat16"",""c10::BFloat16"",""Scalar""]",null,1,22.464
aten::copy_,"void at::native::elementwise_kernel<128, 4, at::native::gpu_kernel_impl_nocast<at::native::direct_copy_kernel_cuda(at::TensorIteratorBase&)::{lambda()#3}::operator()() const::{lambda()#12}::operator()() const::{lambda(c10::BFloat16)#1}>(at::TensorIteratorBase&, at::native::direct_copy_kernel_cuda(at::TensorIteratorBase&)::{lambda()#3}::operator()() const::{lambda()#12}::operator()() const::{lambda(c10::BFloat16)#1} const&)::{lambda(int)#1}>(int, at::native::gpu_kernel_impl_nocast<at::native::direct_copy_kernel_cuda(at::TensorIteratorBase&)::{lambda()#3}::operator()() const::{lambda()#12}::operator()() const::{lambda(c10::BFloat16)#1}>(at::TensorIteratorBase&, at::native::direct_copy_kernel_cuda(at::TensorIteratorBase&)::{lambda()#3}::operator()() const::{lambda()#12}::operator()() const::{lambda(c10::BFloat16)#1} const&)::{lambda(int)#1})",22,operator_shape_matched,"[[43,16,12504],[43,16,12504],[]]","[""c10::BFloat16"",""c10::BFloat16"",""Scalar""]",null,1,21.504
aten::copy_,"void at::native::elementwise_kernel<128, 4, at::native::gpu_kernel_impl_nocast<at::native::direct_copy_kernel_cuda(at::TensorIteratorBase&)::{lambda()#3}::operator()() const::{lambda()#12}::operator()() const::{lambda(c10::BFloat16)#1}>(at::TensorIteratorBase&, at::native::direct_copy_kernel_cuda(at::TensorIteratorBase&)::{lambda()#3}::operator()() const::{lambda()#12}::operator()() const::{lambda(c10::BFloat16)#1} const&)::{lambda(int)#1}>(int, at::native::gpu_kernel_impl_nocast<at::native::direct_copy_kernel_cuda(at::TensorIteratorBase&)::{lambda()#3}::operator()() const::{lambda()#12}::operator()() const::{lambda(c10::BFloat16)#1}>(at::TensorIteratorBase&, at::native::direct_copy_kernel_cuda(at::TensorIteratorBase&)::{lambda()#3}::operator()() const::{lambda()#12}::operator()() const::{lambda(c10::BFloat16)#1} const&)::{lambda(int)#1})",23,operator_shape_matched,"[[42,16,12504],[42,16,12504],[]]","[""c10::BFloat16"",""c10::BFloat16"",""Scalar""]",null,1,21.088
aten::copy_,"void at::native::elementwise_kernel<128, 4, at::native::gpu_kernel_impl_nocast<at::native::direct_copy_kernel_cuda(at::TensorIteratorBase&)::{lambda()#3}::operator()() const::{lambda()#12}::operator()() const::{lambda(c10::BFloat16)#1}>(at::TensorIteratorBase&, at::native::direct_copy_kernel_cuda(at::TensorIteratorBase&)::{lambda()#3}::operator()() const::{lambda()#12}::operator()() const::{lambda(c10::BFloat16)#1} const&)::{lambda(int)#1}>(int, at::native::gpu_kernel_impl_nocast<at::native::direct_copy_kernel_cuda(at::TensorIteratorBase&)::{lambda()#3}::operator()() const::{lambda()#12}::operator()() const::{lambda(c10::BFloat16)#1}>(at::TensorIteratorBase&, at::native::direct_copy_kernel_cuda(at::TensorIteratorBase&)::{lambda()#3}::operator()() const::{lambda()#12}::operator()() const::{lambda(c10::BFloat16)#1} const&)::{lambda(int)#1})",24,operator_shape_matched,"[[41,16,12504],[41,16,12504],[]]","[""c10::BFloat16"",""c10::BFloat16"",""Scalar""]",null,1,20.576
aten::copy_,"void at::native::elementwise_kernel<128, 4, at::native::gpu_kernel_impl_nocast<at::native::direct_copy_kernel_cuda(at::TensorIteratorBase&)::{lambda()#3}::operator()() const::{lambda()#12}::operator()() const::{lambda(c10::BFloat16)#1}>(at::TensorIteratorBase&, at::native::direct_copy_kernel_cuda(at::TensorIteratorBase&)::{lambda()#3}::operator()() const::{lambda()#12}::operator()() const::{lambda(c10::BFloat16)#1} const&)::{lambda(int)#1}>(int, at::native::gpu_kernel_impl_nocast<at::native::direct_copy_kernel_cuda(at::TensorIteratorBase&)::{lambda()#3}::operator()() const::{lambda()#12}::operator()() const::{lambda(c10::BFloat16)#1}>(at::TensorIteratorBase&, at::native::direct_copy_kernel_cuda(at::TensorIteratorBase&)::{lambda()#3}::operator()() const::{lambda()#12}::operator()() const::{lambda(c10::BFloat16)#1} const&)::{lambda(int)#1})",25,operator_shape_matched,"[[40,16,12504],[40,16,12504],[]]","[""c10::BFloat16"",""c10::BFloat16"",""Scalar""]",null,1,20.0
aten::copy_,"void at::native::elementwise_kernel<128, 4, at::native::gpu_kernel_impl_nocast<at::native::direct_copy_kernel_cuda(at::TensorIteratorBase&)::{lambda()#3}::operator()() const::{lambda()#12}::operator()() const::{lambda(c10::BFloat16)#1}>(at::TensorIteratorBase&, at::native::direct_copy_kernel_cuda(at::TensorIteratorBase&)::{lambda()#3}::operator()() const::{lambda()#12}::operator()() const::{lambda(c10::BFloat16)#1} const&)::{lambda(int)#1}>(int, at::native::gpu_kernel_impl_nocast<at::native::direct_copy_kernel_cuda(at::TensorIteratorBase&)::{lambda()#3}::operator()() const::{lambda()#12}::operator()() const::{lambda(c10::BFloat16)#1}>(at::TensorIteratorBase&, at::native::direct_copy_kernel_cuda(at::TensorIteratorBase&)::{lambda()#3}::operator()() const::{lambda()#12}::operator()() const::{lambda(c10::BFloat16)#1} const&)::{lambda(int)#1})",26,operator_shape_matched,"[[39,16,12504],[39,16,12504],[]]","[""c10::BFloat16"",""c10::BFloat16"",""Scalar""]",null,1,19.616
aten::copy_,"void at::native::elementwise_kernel<128, 4, at::native::gpu_kernel_impl_nocast<at::native::direct_copy_kernel_cuda(at::TensorIteratorBase&)::{lambda()#3}::operator()() const::{lambda()#12}::operator()() const::{lambda(c10::BFloat16)#1}>(at::TensorIteratorBase&, at::native::direct_copy_kernel_cuda(at::TensorIteratorBase&)::{lambda()#3}::operator()() const::{lambda()#12}::operator()() const::{lambda(c10::BFloat16)#1} const&)::{lambda(int)#1}>(int, at::native::gpu_kernel_impl_nocast<at::native::direct_copy_kernel_cuda(at::TensorIteratorBase&)::{lambda()#3}::operator()() const::{lambda()#12}::operator()() const::{lambda(c10::BFloat16)#1}>(at::TensorIteratorBase&, at::native::direct_copy_kernel_cuda(at::TensorIteratorBase&)::{lambda()#3}::operator()() const::{lambda()#12}::operator()() const::{lambda(c10::BFloat16)#1} const&)::{lambda(int)#1})",27,operator_shape_matched,"[[38,16,12504],[38,16,12504],[]]","[""c10::BFloat16"",""c10::BFloat16"",""Scalar""]",null,1,19.168
aten::copy_,"void at::native::elementwise_kernel<128, 4, at::native::gpu_kernel_impl_nocast<at::native::direct_copy_kernel_cuda(at::TensorIteratorBase&)::{lambda()#3}::operator()() const::{lambda()#12}::operator()() const::{lambda(c10::BFloat16)#1}>(at::TensorIteratorBase&, at::native::direct_copy_kernel_cuda(at::TensorIteratorBase&)::{lambda()#3}::operator()() const::{lambda()#12}::operator()() const::{lambda(c10::BFloat16)#1} const&)::{lambda(int)#1}>(int, at::native::gpu_kernel_impl_nocast<at::native::direct_copy_kernel_cuda(at::TensorIteratorBase&)::{lambda()#3}::operator()() const::{lambda()#12}::operator()() const::{lambda(c10::BFloat16)#1}>(at::TensorIteratorBase&, at::native::direct_copy_kernel_cuda(at::TensorIteratorBase&)::{lambda()#3}::operator()() const::{lambda()#12}::operator()() const::{lambda(c10::BFloat16)#1} const&)::{lambda(int)#1})",28,operator_shape_matched,"[[37,16,12504],[37,16,12504],[]]","[""c10::BFloat16"",""c10::BFloat16"",""Scalar""]",null,1,18.496
aten::copy_,"void at::native::elementwise_kernel<128, 4, at::native::gpu_kernel_impl_nocast<at::native::direct_copy_kernel_cuda(at::TensorIteratorBase&)::{lambda()#3}::operator()() const::{lambda()#12}::operator()() const::{lambda(c10::BFloat16)#1}>(at::TensorIteratorBase&, at::native::direct_copy_kernel_cuda(at::TensorIteratorBase&)::{lambda()#3}::operator()() const::{lambda()#12}::operator()() const::{lambda(c10::BFloat16)#1} const&)::{lambda(int)#1}>(int, at::native::gpu_kernel_impl_nocast<at::native::direct_copy_kernel_cuda(at::TensorIteratorBase&)::{lambda()#3}::operator()() const::{lambda()#12}::operator()() const::{lambda(c10::BFloat16)#1}>(at::TensorIteratorBase&, at::native::direct_copy_kernel_cuda(at::TensorIteratorBase&)::{lambda()#3}::operator()() const::{lambda()#12}::operator()() const::{lambda(c10::BFloat16)#1} const&)::{lambda(int)#1})",29,operator_shape_matched,"[[36,16,12504],[36,16,12504],[]]","[""c10::BFloat16"",""c10::BFloat16"",""Scalar""]",null,1,18.144
aten::copy_,"void at::native::elementwise_kernel<128, 4, at::native::gpu_kernel_impl_nocast<at::native::direct_copy_kernel_cuda(at::TensorIteratorBase&)::{lambda()#3}::operator()() const::{lambda()#12}::operator()() const::{lambda(c10::BFloat16)#1}>(at::TensorIteratorBase&, at::native::direct_copy_kernel_cuda(at::TensorIteratorBase&)::{lambda()#3}::operator()() const::{lambda()#12}::operator()() const::{lambda(c10::BFloat16)#1} const&)::{lambda(int)#1}>(int, at::native::gpu_kernel_impl_nocast<at::native::direct_copy_kernel_cuda(at::TensorIteratorBase&)::{lambda()#3}::operator()() const::{lambda()#12}::operator()() const::{lambda(c10::BFloat16)#1}>(at::TensorIteratorBase&, at::native::direct_copy_kernel_cuda(at::TensorIteratorBase&)::{lambda()#3}::operator()() const::{lambda()#12}::operator()() const::{lambda(c10::BFloat16)#1} const&)::{lambda(int)#1})",30,operator_shape_matched,"[[35,16,12504],[35,16,12504],[]]","[""c10::BFloat16"",""c10::BFloat16"",""Scalar""]",null,1,17.376
aten::copy_,"void at::native::elementwise_kernel<128, 4, at::native::gpu_kernel_impl_nocast<at::native::direct_copy_kernel_cuda(at::TensorIteratorBase&)::{lambda()#3}::operator()() const::{lambda()#12}::operator()() const::{lambda(c10::BFloat16)#1}>(at::TensorIteratorBase&, at::native::direct_copy_kernel_cuda(at::TensorIteratorBase&)::{lambda()#3}::operator()() const::{lambda()#12}::operator()() const::{lambda(c10::BFloat16)#1} const&)::{lambda(int)#1}>(int, at::native::gpu_kernel_impl_nocast<at::native::direct_copy_kernel_cuda(at::TensorIteratorBase&)::{lambda()#3}::operator()() const::{lambda()#12}::operator()() const::{lambda(c10::BFloat16)#1}>(at::TensorIteratorBase&, at::native::direct_copy_kernel_cuda(at::TensorIteratorBase&)::{lambda()#3}::operator()() const::{lambda()#12}::operator()() const::{lambda(c10::BFloat16)#1} const&)::{lambda(int)#1})",31,operator_shape_matched,"[[34,16,12504],[34,16,12504],[]]","[""c10::BFloat16"",""c10::BFloat16"",""Scalar""]",null,1,17.024
aten::copy_,"void at::native::elementwise_kernel<128, 4, at::native::gpu_kernel_impl_nocast<at::native::direct_copy_kernel_cuda(at::TensorIteratorBase&)::{lambda()#3}::operator()() const::{lambda()#12}::operator()() const::{lambda(c10::BFloat16)#1}>(at::TensorIteratorBase&, at::native::direct_copy_kernel_cuda(at::TensorIteratorBase&)::{lambda()#3}::operator()() const::{lambda()#12}::operator()() const::{lambda(c10::BFloat16)#1} const&)::{lambda(int)#1}>(int, at::native::gpu_kernel_impl_nocast<at::native::direct_copy_kernel_cuda(at::TensorIteratorBase&)::{lambda()#3}::operator()() const::{lambda()#12}::operator()() const::{lambda(c10::BFloat16)#1}>(at::TensorIteratorBase&, at::native::direct_copy_kernel_cuda(at::TensorIteratorBase&)::{lambda()#3}::operator()() const::{lambda()#12}::operator()() const::{lambda(c10::BFloat16)#1} const&)::{lambda(int)#1})",32,operator_shape_matched,"[[33,16,12504],[33,16,12504],[]]","[""c10::BFloat16"",""c10::BFloat16"",""Scalar""]",null,1,16.512
aten::copy_,"void at::native::elementwise_kernel<128, 4, at::native::gpu_kernel_impl_nocast<at::native::direct_copy_kernel_cuda(at::TensorIteratorBase&)::{lambda()#3}::operator()() const::{lambda()#12}::operator()() const::{lambda(c10::BFloat16)#1}>(at::TensorIteratorBase&, at::native::direct_copy_kernel_cuda(at::TensorIteratorBase&)::{lambda()#3}::operator()() const::{lambda()#12}::operator()() const::{lambda(c10::BFloat16)#1} const&)::{lambda(int)#1}>(int, at::native::gpu_kernel_impl_nocast<at::native::direct_copy_kernel_cuda(at::TensorIteratorBase&)::{lambda()#3}::operator()() const::{lambda()#12}::operator()() const::{lambda(c10::BFloat16)#1}>(at::TensorIteratorBase&, at::native::direct_copy_kernel_cuda(at::TensorIteratorBase&)::{lambda()#3}::operator()() const::{lambda()#12}::operator()() const::{lambda(c10::BFloat16)#1} const&)::{lambda(int)#1})",33,operator_shape_matched,"[[32,16,12504],[32,16,12504],[]]","[""c10::BFloat16"",""c10::BFloat16"",""Scalar""]",null,1,16.192
aten::copy_,"void at::native::elementwise_kernel<128, 4, at::native::gpu_kernel_impl_nocast<at::native::direct_copy_kernel_cuda(at::TensorIteratorBase&)::{lambda()#3}::operator()() const::{lambda()#12}::operator()() const::{lambda(c10::BFloat16)#1}>(at::TensorIteratorBase&, at::native::direct_copy_kernel_cuda(at::TensorIteratorBase&)::{lambda()#3}::operator()() const::{lambda()#12}::operator()() const::{lambda(c10::BFloat16)#1} const&)::{lambda(int)#1}>(int, at::native::gpu_kernel_impl_nocast<at::native::direct_copy_kernel_cuda(at::TensorIteratorBase&)::{lambda()#3}::operator()() const::{lambda()#12}::operator()() const::{lambda(c10::BFloat16)#1}>(at::TensorIteratorBase&, at::native::direct_copy_kernel_cuda(at::TensorIteratorBase&)::{lambda()#3}::operator()() const::{lambda()#12}::operator()() const::{lambda(c10::BFloat16)#1} const&)::{lambda(int)#1})",34,operator_shape_matched,"[[31,16,12504],[31,16,12504],[]]","[""c10::BFloat16"",""c10::BFloat16"",""Scalar""]",null,1,15.648
aten::copy_,"void at::native::elementwise_kernel<128, 4, at::native::gpu_kernel_impl_nocast<at::native::direct_copy_kernel_cuda(at::TensorIteratorBase&)::{lambda()#3}::operator()() const::{lambda()#12}::operator()() const::{lambda(c10::BFloat16)#1}>(at::TensorIteratorBase&, at::native::direct_copy_kernel_cuda(at::TensorIteratorBase&)::{lambda()#3}::operator()() const::{lambda()#12}::operator()() const::{lambda(c10::BFloat16)#1} const&)::{lambda(int)#1}>(int, at::native::gpu_kernel_impl_nocast<at::native::direct_copy_kernel_cuda(at::TensorIteratorBase&)::{lambda()#3}::operator()() const::{lambda()#12}::operator()() const::{lambda(c10::BFloat16)#1}>(at::TensorIteratorBase&, at::native::direct_copy_kernel_cuda(at::TensorIteratorBase&)::{lambda()#3}::operator()() const::{lambda()#12}::operator()() const::{lambda(c10::BFloat16)#1} const&)::{lambda(int)#1})",35,operator_shape_matched,"[[30,16,12504],[30,16,12504],[]]","[""c10::BFloat16"",""c10::BFloat16"",""Scalar""]",null,1,15.264
aten::copy_,"void at::native::elementwise_kernel<128, 4, at::native::gpu_kernel_impl_nocast<at::native::direct_copy_kernel_cuda(at::TensorIteratorBase&)::{lambda()#3}::operator()() const::{lambda()#12}::operator()() const::{lambda(c10::BFloat16)#1}>(at::TensorIteratorBase&, at::native::direct_copy_kernel_cuda(at::TensorIteratorBase&)::{lambda()#3}::operator()() const::{lambda()#12}::operator()() const::{lambda(c10::BFloat16)#1} const&)::{lambda(int)#1}>(int, at::native::gpu_kernel_impl_nocast<at::native::direct_copy_kernel_cuda(at::TensorIteratorBase&)::{lambda()#3}::operator()() const::{lambda()#12}::operator()() const::{lambda(c10::BFloat16)#1}>(at::TensorIteratorBase&, at::native::direct_copy_kernel_cuda(at::TensorIteratorBase&)::{lambda()#3}::operator()() const::{lambda()#12}::operator()() const::{lambda(c10::BFloat16)#1} const&)::{lambda(int)#1})",36,operator_shape_matched,"[[29,16,12504],[29,16,12504],[]]","[""c10::BFloat16"",""c10::BFloat16"",""Scalar""]",null,1,14.848
aten::copy_,"void at::native::elementwise_kernel<128, 4, at::native::gpu_kernel_impl_nocast<at::native::direct_copy_kernel_cuda(at::TensorIteratorBase&)::{lambda()#3}::operator()() const::{lambda()#12}::operator()() const::{lambda(c10::BFloat16)#1}>(at::TensorIteratorBase&, at::native::direct_copy_kernel_cuda(at::TensorIteratorBase&)::{lambda()#3}::operator()() const::{lambda()#12}::operator()() const::{lambda(c10::BFloat16)#1} const&)::{lambda(int)#1}>(int, at::native::gpu_kernel_impl_nocast<at::native::direct_copy_kernel_cuda(at::TensorIteratorBase&)::{lambda()#3}::operator()() const::{lambda()#12}::operator()() const::{lambda(c10::BFloat16)#1}>(at::TensorIteratorBase&, at::native::direct_copy_kernel_cuda(at::TensorIteratorBase&)::{lambda()#3}::operator()() const::{lambda()#12}::operator()() const::{lambda(c10::BFloat16)#1} const&)::{lambda(int)#1})",37,operator_shape_matched,"[[28,16,12504],[28,16,12504],[]]","[""c10::BFloat16"",""c10::BFloat16"",""Scalar""]",null,1,14.432
aten::copy_,"void at::native::elementwise_kernel<128, 4, at::native::gpu_kernel_impl_nocast<at::native::direct_copy_kernel_cuda(at::TensorIteratorBase&)::{lambda()#3}::operator()() const::{lambda()#12}::operator()() const::{lambda(c10::BFloat16)#1}>(at::TensorIteratorBase&, at::native::direct_copy_kernel_cuda(at::TensorIteratorBase&)::{lambda()#3}::operator()() const::{lambda()#12}::operator()() const::{lambda(c10::BFloat16)#1} const&)::{lambda(int)#1}>(int, at::native::gpu_kernel_impl_nocast<at::native::direct_copy_kernel_cuda(at::TensorIteratorBase&)::{lambda()#3}::operator()() const::{lambda()#12}::operator()() const::{lambda(c10::BFloat16)#1}>(at::TensorIteratorBase&, at::native::direct_copy_kernel_cuda(at::TensorIteratorBase&)::{lambda()#3}::operator()() const::{lambda()#12}::operator()() const::{lambda(c10::BFloat16)#1} const&)::{lambda(int)#1})",38,operator_shape_matched,"[[27,16,12504],[27,16,12504],[]]","[""c10::BFloat16"",""c10::BFloat16"",""Scalar""]",null,1,13.728
aten::copy_,"void at::native::elementwise_kernel<128, 4, at::native::gpu_kernel_impl_nocast<at::native::direct_copy_kernel_cuda(at::TensorIteratorBase&)::{lambda()#3}::operator()() const::{lambda()#12}::operator()() const::{lambda(c10::BFloat16)#1}>(at::TensorIteratorBase&, at::native::direct_copy_kernel_cuda(at::TensorIteratorBase&)::{lambda()#3}::operator()() const::{lambda()#12}::operator()() const::{lambda(c10::BFloat16)#1} const&)::{lambda(int)#1}>(int, at::native::gpu_kernel_impl_nocast<at::native::direct_copy_kernel_cuda(at::TensorIteratorBase&)::{lambda()#3}::operator()() const::{lambda()#12}::operator()() const::{lambda(c10::BFloat16)#1}>(at::TensorIteratorBase&, at::native::direct_copy_kernel_cuda(at::TensorIteratorBase&)::{lambda()#3}::operator()() const::{lambda()#12}::operator()() const::{lambda(c10::BFloat16)#1} const&)::{lambda(int)#1})",39,operator_shape_matched,"[[26,16,12504],[26,16,12504],[]]","[""c10::BFloat16"",""c10::BFloat16"",""Scalar""]",null,1,13.408
aten::copy_,"void at::native::elementwise_kernel<128, 4, at::native::gpu_kernel_impl_nocast<at::native::direct_copy_kernel_cuda(at::TensorIteratorBase&)::{lambda()#3}::operator()() const::{lambda()#12}::operator()() const::{lambda(c10::BFloat16)#1}>(at::TensorIteratorBase&, at::native::direct_copy_kernel_cuda(at::TensorIteratorBase&)::{lambda()#3}::operator()() const::{lambda()#12}::operator()() const::{lambda(c10::BFloat16)#1} const&)::{lambda(int)#1}>(int, at::native::gpu_kernel_impl_nocast<at::native::direct_copy_kernel_cuda(at::TensorIteratorBase&)::{lambda()#3}::operator()() const::{lambda()#12}::operator()() const::{lambda(c10::BFloat16)#1}>(at::TensorIteratorBase&, at::native::direct_copy_kernel_cuda(at::TensorIteratorBase&)::{lambda()#3}::operator()() const::{lambda()#12}::operator()() const::{lambda(c10::BFloat16)#1} const&)::{lambda(int)#1})",40,operator_shape_matched,"[[25,16,12504],[25,16,12504],[]]","[""c10::BFloat16"",""c10::BFloat16"",""Scalar""]",null,1,12.768
aten::copy_,"void at::native::elementwise_kernel<128, 4, at::native::gpu_kernel_impl_nocast<at::native::direct_copy_kernel_cuda(at::TensorIteratorBase&)::{lambda()#3}::operator()() const::{lambda()#12}::operator()() const::{lambda(c10::BFloat16)#1}>(at::TensorIteratorBase&, at::native::direct_copy_kernel_cuda(at::TensorIteratorBase&)::{lambda()#3}::operator()() const::{lambda()#12}::operator()() const::{lambda(c10::BFloat16)#1} const&)::{lambda(int)#1}>(int, at::native::gpu_kernel_impl_nocast<at::native::direct_copy_kernel_cuda(at::TensorIteratorBase&)::{lambda()#3}::operator()() const::{lambda()#12}::operator()() const::{lambda(c10::BFloat16)#1}>(at::TensorIteratorBase&, at::native::direct_copy_kernel_cuda(at::TensorIteratorBase&)::{lambda()#3}::operator()() const::{lambda()#12}::operator()() const::{lambda(c10::BFloat16)#1} const&)::{lambda(int)#1})",41,operator_shape_matched,"[[24,16,12504],[24,16,12504],[]]","[""c10::BFloat16"",""c10::BFloat16"",""Scalar""]",null,1,12.032
aten::copy_,"void at::native::elementwise_kernel<128, 4, at::native::gpu_kernel_impl_nocast<at::native::direct_copy_kernel_cuda(at::TensorIteratorBase&)::{lambda()#3}::operator()() const::{lambda()#12}::operator()() const::{lambda(c10::BFloat16)#1}>(at::TensorIteratorBase&, at::native::direct_copy_kernel_cuda(at::TensorIteratorBase&)::{lambda()#3}::operator()() const::{lambda()#12}::operator()() const::{lambda(c10::BFloat16)#1} const&)::{lambda(int)#1}>(int, at::native::gpu_kernel_impl_nocast<at::native::direct_copy_kernel_cuda(at::TensorIteratorBase&)::{lambda()#3}::operator()() const::{lambda()#12}::operator()() const::{lambda(c10::BFloat16)#1}>(at::TensorIteratorBase&, at::native::direct_copy_kernel_cuda(at::TensorIteratorBase&)::{lambda()#3}::operator()() const::{lambda()#12}::operator()() const::{lambda(c10::BFloat16)#1} const&)::{lambda(int)#1})",42,operator_shape_matched,"[[23,16,12504],[23,16,12504],[]]","[""c10::BFloat16"",""c10::BFloat16"",""Scalar""]",null,1,11.552
aten::copy_,"void at::native::elementwise_kernel<128, 4, at::native::gpu_kernel_impl_nocast<at::native::direct_copy_kernel_cuda(at::TensorIteratorBase&)::{lambda()#3}::operator()() const::{lambda()#12}::operator()() const::{lambda(c10::BFloat16)#1}>(at::TensorIteratorBase&, at::native::direct_copy_kernel_cuda(at::TensorIteratorBase&)::{lambda()#3}::operator()() const::{lambda()#12}::operator()() const::{lambda(c10::BFloat16)#1} const&)::{lambda(int)#1}>(int, at::native::gpu_kernel_impl_nocast<at::native::direct_copy_kernel_cuda(at::TensorIteratorBase&)::{lambda()#3}::operator()() const::{lambda()#12}::operator()() const::{lambda(c10::BFloat16)#1}>(at::TensorIteratorBase&, at::native::direct_copy_kernel_cuda(at::TensorIteratorBase&)::{lambda()#3}::operator()() const::{lambda()#12}::operator()() const::{lambda(c10::BFloat16)#1} const&)::{lambda(int)#1})",43,operator_shape_matched,"[[22,16,12504],[22,16,12504],[]]","[""c10::BFloat16"",""c10::BFloat16"",""Scalar""]",null,1,11.424
aten::copy_,"void at::native::elementwise_kernel<128, 4, at::native::gpu_kernel_impl_nocast<at::native::direct_copy_kernel_cuda(at::TensorIteratorBase&)::{lambda()#3}::operator()() const::{lambda()#12}::operator()() const::{lambda(c10::BFloat16)#1}>(at::TensorIteratorBase&, at::native::direct_copy_kernel_cuda(at::TensorIteratorBase&)::{lambda()#3}::operator()() const::{lambda()#12}::operator()() const::{lambda(c10::BFloat16)#1} const&)::{lambda(int)#1}>(int, at::native::gpu_kernel_impl_nocast<at::native::direct_copy_kernel_cuda(at::TensorIteratorBase&)::{lambda()#3}::operator()() const::{lambda()#12}::operator()() const::{lambda(c10::BFloat16)#1}>(at::TensorIteratorBase&, at::native::direct_copy_kernel_cuda(at::TensorIteratorBase&)::{lambda()#3}::operator()() const::{lambda()#12}::operator()() const::{lambda(c10::BFloat16)#1} const&)::{lambda(int)#1})",44,operator_shape_matched,"[[21,16,12504],[21,16,12504],[]]","[""c10::BFloat16"",""c10::BFloat16"",""Scalar""]",null,1,11.168
aten::copy_,"void at::native::elementwise_kernel<128, 4, at::native::gpu_kernel_impl_nocast<at::native::direct_copy_kernel_cuda(at::TensorIteratorBase&)::{lambda()#3}::operator()() const::{lambda()#12}::operator()() const::{lambda(c10::BFloat16)#1}>(at::TensorIteratorBase&, at::native::direct_copy_kernel_cuda(at::TensorIteratorBase&)::{lambda()#3}::operator()() const::{lambda()#12}::operator()() const::{lambda(c10::BFloat16)#1} const&)::{lambda(int)#1}>(int, at::native::gpu_kernel_impl_nocast<at::native::direct_copy_kernel_cuda(at::TensorIteratorBase&)::{lambda()#3}::operator()() const::{lambda()#12}::operator()() const::{lambda(c10::BFloat16)#1}>(at::TensorIteratorBase&, at::native::direct_copy_kernel_cuda(at::TensorIteratorBase&)::{lambda()#3}::operator()() const::{lambda()#12}::operator()() const::{lambda(c10::BFloat16)#1} const&)::{lambda(int)#1})",45,operator_shape_matched,"[[20,16,12504],[20,16,12504],[]]","[""c10::BFloat16"",""c10::BFloat16"",""Scalar""]",null,1,10.72
aten::copy_,"void at::native::elementwise_kernel<128, 4, at::native::gpu_kernel_impl_nocast<at::native::direct_copy_kernel_cuda(at::TensorIteratorBase&)::{lambda()#3}::operator()() const::{lambda()#12}::operator()() const::{lambda(c10::BFloat16)#1}>(at::TensorIteratorBase&, at::native::direct_copy_kernel_cuda(at::TensorIteratorBase&)::{lambda()#3}::operator()() const::{lambda()#12}::operator()() const::{lambda(c10::BFloat16)#1} const&)::{lambda(int)#1}>(int, at::native::gpu_kernel_impl_nocast<at::native::direct_copy_kernel_cuda(at::TensorIteratorBase&)::{lambda()#3}::operator()() const::{lambda()#12}::operator()() const::{lambda(c10::BFloat16)#1}>(at::TensorIteratorBase&, at::native::direct_copy_kernel_cuda(at::TensorIteratorBase&)::{lambda()#3}::operator()() const::{lambda()#12}::operator()() const::{lambda(c10::BFloat16)#1} const&)::{lambda(int)#1})",46,operator_shape_matched,"[[19,16,12504],[19,16,12504],[]]","[""c10::BFloat16"",""c10::BFloat16"",""Scalar""]",null,1,10.336
aten::copy_,"void at::native::elementwise_kernel<128, 4, at::native::gpu_kernel_impl_nocast<at::native::direct_copy_kernel_cuda(at::TensorIteratorBase&)::{lambda()#3}::operator()() const::{lambda()#12}::operator()() const::{lambda(c10::BFloat16)#1}>(at::TensorIteratorBase&, at::native::direct_copy_kernel_cuda(at::TensorIteratorBase&)::{lambda()#3}::operator()() const::{lambda()#12}::operator()() const::{lambda(c10::BFloat16)#1} const&)::{lambda(int)#1}>(int, at::native::gpu_kernel_impl_nocast<at::native::direct_copy_kernel_cuda(at::TensorIteratorBase&)::{lambda()#3}::operator()() const::{lambda()#12}::operator()() const::{lambda(c10::BFloat16)#1}>(at::TensorIteratorBase&, at::native::direct_copy_kernel_cuda(at::TensorIteratorBase&)::{lambda()#3}::operator()() const::{lambda()#12}::operator()() const::{lambda(c10::BFloat16)#1} const&)::{lambda(int)#1})",47,operator_shape_matched,"[[18,16,12504],[18,16,12504],[]]","[""c10::BFloat16"",""c10::BFloat16"",""Scalar""]",null,1,9.792
aten::copy_,"void at::native::elementwise_kernel<128, 4, at::native::gpu_kernel_impl_nocast<at::native::direct_copy_kernel_cuda(at::TensorIteratorBase&)::{lambda()#3}::operator()() const::{lambda()#12}::operator()() const::{lambda(c10::BFloat16)#1}>(at::TensorIteratorBase&, at::native::direct_copy_kernel_cuda(at::TensorIteratorBase&)::{lambda()#3}::operator()() const::{lambda()#12}::operator()() const::{lambda(c10::BFloat16)#1} const&)::{lambda(int)#1}>(int, at::native::gpu_kernel_impl_nocast<at::native::direct_copy_kernel_cuda(at::TensorIteratorBase&)::{lambda()#3}::operator()() const::{lambda()#12}::operator()() const::{lambda(c10::BFloat16)#1}>(at::TensorIteratorBase&, at::native::direct_copy_kernel_cuda(at::TensorIteratorBase&)::{lambda()#3}::operator()() const::{lambda()#12}::operator()() const::{lambda(c10::BFloat16)#1} const&)::{lambda(int)#1})",48,operator_shape_matched,"[[17,16,12504],[17,16,12504],[]]","[""c10::BFloat16"",""c10::BFloat16"",""Scalar""]",null,1,8.991
aten::copy_,"void at::native::elementwise_kernel<128, 4, at::native::gpu_kernel_impl_nocast<at::native::direct_copy_kernel_cuda(at::TensorIteratorBase&)::{lambda()#3}::operator()() const::{lambda()#12}::operator()() const::{lambda(c10::BFloat16)#1}>(at::TensorIteratorBase&, at::native::direct_copy_kernel_cuda(at::TensorIteratorBase&)::{lambda()#3}::operator()() const::{lambda()#12}::operator()() const::{lambda(c10::BFloat16)#1} const&)::{lambda(int)#1}>(int, at::native::gpu_kernel_impl_nocast<at::native::direct_copy_kernel_cuda(at::TensorIteratorBase&)::{lambda()#3}::operator()() const::{lambda()#12}::operator()() const::{lambda(c10::BFloat16)#1}>(at::TensorIteratorBase&, at::native::direct_copy_kernel_cuda(at::TensorIteratorBase&)::{lambda()#3}::operator()() const::{lambda()#12}::operator()() const::{lambda(c10::BFloat16)#1} const&)::{lambda(int)#1})",49,operator_shape_matched,"[[16,16,12504],[16,16,12504],[]]","[""c10::BFloat16"",""c10::BFloat16"",""Scalar""]",null,1,8.608
aten::copy_,"void at::native::elementwise_kernel<128, 4, at::native::gpu_kernel_impl_nocast<at::native::direct_copy_kernel_cuda(at::TensorIteratorBase&)::{lambda()#3}::operator()() const::{lambda()#12}::operator()() const::{lambda(c10::BFloat16)#1}>(at::TensorIteratorBase&, at::native::direct_copy_kernel_cuda(at::TensorIteratorBase&)::{lambda()#3}::operator()() const::{lambda()#12}::operator()() const::{lambda(c10::BFloat16)#1} const&)::{lambda(int)#1}>(int, at::native::gpu_kernel_impl_nocast<at::native::direct_copy_kernel_cuda(at::TensorIteratorBase&)::{lambda()#3}::operator()() const::{lambda()#12}::operator()() const::{lambda(c10::BFloat16)#1}>(at::TensorIteratorBase&, at::native::direct_copy_kernel_cuda(at::TensorIteratorBase&)::{lambda()#3}::operator()() const::{lambda()#12}::operator()() const::{lambda(c10::BFloat16)#1} const&)::{lambda(int)#1})",50,operator_shape_matched,"[[15,16,12504],[15,16,12504],[]]","[""c10::BFloat16"",""c10::BFloat16"",""Scalar""]",null,1,8.16
aten::copy_,"void at::native::elementwise_kernel<128, 4, at::native::gpu_kernel_impl_nocast<at::native::direct_copy_kernel_cuda(at::TensorIteratorBase&)::{lambda()#3}::operator()() const::{lambda()#12}::operator()() const::{lambda(c10::BFloat16)#1}>(at::TensorIteratorBase&, at::native::direct_copy_kernel_cuda(at::TensorIteratorBase&)::{lambda()#3}::operator()() const::{lambda()#12}::operator()() const::{lambda(c10::BFloat16)#1} const&)::{lambda(int)#1}>(int, at::native::gpu_kernel_impl_nocast<at::native::direct_copy_kernel_cuda(at::TensorIteratorBase&)::{lambda()#3}::operator()() const::{lambda()#12}::operator()() const::{lambda(c10::BFloat16)#1}>(at::TensorIteratorBase&, at::native::direct_copy_kernel_cuda(at::TensorIteratorBase&)::{lambda()#3}::operator()() const::{lambda()#12}::operator()() const::{lambda(c10::BFloat16)#1} const&)::{lambda(int)#1})",51,operator_shape_matched,"[[14,16,12504],[14,16,12504],[]]","[""c10::BFloat16"",""c10::BFloat16"",""Scalar""]",null,1,7.712
aten::copy_,"void at::native::elementwise_kernel<128, 4, at::native::gpu_kernel_impl_nocast<at::native::direct_copy_kernel_cuda(at::TensorIteratorBase&)::{lambda()#3}::operator()() const::{lambda()#12}::operator()() const::{lambda(c10::BFloat16)#1}>(at::TensorIteratorBase&, at::native::direct_copy_kernel_cuda(at::TensorIteratorBase&)::{lambda()#3}::operator()() const::{lambda()#12}::operator()() const::{lambda(c10::BFloat16)#1} const&)::{lambda(int)#1}>(int, at::native::gpu_kernel_impl_nocast<at::native::direct_copy_kernel_cuda(at::TensorIteratorBase&)::{lambda()#3}::operator()() const::{lambda()#12}::operator()() const::{lambda(c10::BFloat16)#1}>(at::TensorIteratorBase&, at::native::direct_copy_kernel_cuda(at::TensorIteratorBase&)::{lambda()#3}::operator()() const::{lambda()#12}::operator()() const::{lambda(c10::BFloat16)#1} const&)::{lambda(int)#1})",52,operator_shape_matched,"[[13,16,12504],[13,16,12504],[]]","[""c10::BFloat16"",""c10::BFloat16"",""Scalar""]",null,1,7.328
aten::copy_,"void at::native::elementwise_kernel<128, 4, at::native::gpu_kernel_impl_nocast<at::native::direct_copy_kernel_cuda(at::TensorIteratorBase&)::{lambda()#3}::operator()() const::{lambda()#12}::operator()() const::{lambda(c10::BFloat16)#1}>(at::TensorIteratorBase&, at::native::direct_copy_kernel_cuda(at::TensorIteratorBase&)::{lambda()#3}::operator()() const::{lambda()#12}::operator()() const::{lambda(c10::BFloat16)#1} const&)::{lambda(int)#1}>(int, at::native::gpu_kernel_impl_nocast<at::native::direct_copy_kernel_cuda(at::TensorIteratorBase&)::{lambda()#3}::operator()() const::{lambda()#12}::operator()() const::{lambda(c10::BFloat16)#1}>(at::TensorIteratorBase&, at::native::direct_copy_kernel_cuda(at::TensorIteratorBase&)::{lambda()#3}::operator()() const::{lambda()#12}::operator()() const::{lambda(c10::BFloat16)#1} const&)::{lambda(int)#1})",53,operator_shape_matched,"[[12,16,12504],[12,16,12504],[]]","[""c10::BFloat16"",""c10::BFloat16"",""Scalar""]",null,1,7.072
aten::copy_,"void at::native::elementwise_kernel<128, 4, at::native::gpu_kernel_impl_nocast<at::native::direct_copy_kernel_cuda(at::TensorIteratorBase&)::{lambda()#3}::operator()() const::{lambda()#12}::operator()() const::{lambda(c10::BFloat16)#1}>(at::TensorIteratorBase&, at::native::direct_copy_kernel_cuda(at::TensorIteratorBase&)::{lambda()#3}::operator()() const::{lambda()#12}::operator()() const::{lambda(c10::BFloat16)#1} const&)::{lambda(int)#1}>(int, at::native::gpu_kernel_impl_nocast<at::native::direct_copy_kernel_cuda(at::TensorIteratorBase&)::{lambda()#3}::operator()() const::{lambda()#12}::operator()() const::{lambda(c10::BFloat16)#1}>(at::TensorIteratorBase&, at::native::direct_copy_kernel_cuda(at::TensorIteratorBase&)::{lambda()#3}::operator()() const::{lambda()#12}::operator()() const::{lambda(c10::BFloat16)#1} const&)::{lambda(int)#1})",54,operator_shape_matched,"[[11,16,12504],[11,16,12504],[]]","[""c10::BFloat16"",""c10::BFloat16"",""Scalar""]",null,1,6.464
aten::copy_,"void at::native::elementwise_kernel<128, 4, at::native::gpu_kernel_impl_nocast<at::native::direct_copy_kernel_cuda(at::TensorIteratorBase&)::{lambda()#3}::operator()() const::{lambda()#12}::operator()() const::{lambda(c10::BFloat16)#1}>(at::TensorIteratorBase&, at::native::direct_copy_kernel_cuda(at::TensorIteratorBase&)::{lambda()#3}::operator()() const::{lambda()#12}::operator()() const::{lambda(c10::BFloat16)#1} const&)::{lambda(int)#1}>(int, at::native::gpu_kernel_impl_nocast<at::native::direct_copy_kernel_cuda(at::TensorIteratorBase&)::{lambda()#3}::operator()() const::{lambda()#12}::operator()() const::{lambda(c10::BFloat16)#1}>(at::TensorIteratorBase&, at::native::direct_copy_kernel_cuda(at::TensorIteratorBase&)::{lambda()#3}::operator()() const::{lambda()#12}::operator()() const::{lambda(c10::BFloat16)#1} const&)::{lambda(int)#1})",55,operator_shape_matched,"[[10,16,12504],[10,16,12504],[]]","[""c10::BFloat16"",""c10::BFloat16"",""Scalar""]",null,1,6.24
aten::copy_,"void at::native::elementwise_kernel<128, 4, at::native::gpu_kernel_impl_nocast<at::native::direct_copy_kernel_cuda(at::TensorIteratorBase&)::{lambda()#3}::operator()() const::{lambda()#12}::operator()() const::{lambda(c10::BFloat16)#1}>(at::TensorIteratorBase&, at::native::direct_copy_kernel_cuda(at::TensorIteratorBase&)::{lambda()#3}::operator()() const::{lambda()#12}::operator()() const::{lambda(c10::BFloat16)#1} const&)::{lambda(int)#1}>(int, at::native::gpu_kernel_impl_nocast<at::native::direct_copy_kernel_cuda(at::TensorIteratorBase&)::{lambda()#3}::operator()() const::{lambda()#12}::operator()() const::{lambda(c10::BFloat16)#1}>(at::TensorIteratorBase&, at::native::direct_copy_kernel_cuda(at::TensorIteratorBase&)::{lambda()#3}::operator()() const::{lambda()#12}::operator()() const::{lambda(c10::BFloat16)#1} const&)::{lambda(int)#1})",56,operator_shape_matched,"[[9,16,12504],[9,16,12504],[]]","[""c10::BFloat16"",""c10::BFloat16"",""Scalar""]",null,1,5.76
aten::copy_,"void at::native::elementwise_kernel<128, 4, at::native::gpu_kernel_impl_nocast<at::native::direct_copy_kernel_cuda(at::TensorIteratorBase&)::{lambda()#3}::operator()() const::{lambda()#12}::operator()() const::{lambda(c10::BFloat16)#1}>(at::TensorIteratorBase&, at::native::direct_copy_kernel_cuda(at::TensorIteratorBase&)::{lambda()#3}::operator()() const::{lambda()#12}::operator()() const::{lambda(c10::BFloat16)#1} const&)::{lambda(int)#1}>(int, at::native::gpu_kernel_impl_nocast<at::native::direct_copy_kernel_cuda(at::TensorIteratorBase&)::{lambda()#3}::operator()() const::{lambda()#12}::operator()() const::{lambda(c10::BFloat16)#1}>(at::TensorIteratorBase&, at::native::direct_copy_kernel_cuda(at::TensorIteratorBase&)::{lambda()#3}::operator()() const::{lambda()#12}::operator()() const::{lambda(c10::BFloat16)#1} const&)::{lambda(int)#1})",57,operator_shape_matched,"[[8,16,12504],[8,16,12504],[]]","[""c10::BFloat16"",""c10::BFloat16"",""Scalar""]",null,1,5.472
aten::copy_,"void at::native::elementwise_kernel<128, 4, at::native::gpu_kernel_impl_nocast<at::native::direct_copy_kernel_cuda(at::TensorIteratorBase&)::{lambda()#3}::operator()() const::{lambda()#12}::operator()() const::{lambda(c10::BFloat16)#1}>(at::TensorIteratorBase&, at::native::direct_copy_kernel_cuda(at::TensorIteratorBase&)::{lambda()#3}::operator()() const::{lambda()#12}::operator()() const::{lambda(c10::BFloat16)#1} const&)::{lambda(int)#1}>(int, at::native::gpu_kernel_impl_nocast<at::native::direct_copy_kernel_cuda(at::TensorIteratorBase&)::{lambda()#3}::operator()() const::{lambda()#12}::operator()() const::{lambda(c10::BFloat16)#1}>(at::TensorIteratorBase&, at::native::direct_copy_kernel_cuda(at::TensorIteratorBase&)::{lambda()#3}::operator()() const::{lambda()#12}::operator()() const::{lambda(c10::BFloat16)#1} const&)::{lambda(int)#1})",58,operator_shape_matched,"[[7,16,12504],[7,16,12504],[]]","[""c10::BFloat16"",""c10::BFloat16"",""Scalar""]",null,1,5.28
aten::copy_,"void at::native::elementwise_kernel<128, 4, at::native::gpu_kernel_impl_nocast<at::native::direct_copy_kernel_cuda(at::TensorIteratorBase&)::{lambda()#3}::operator()() const::{lambda()#12}::operator()() const::{lambda(c10::BFloat16)#1}>(at::TensorIteratorBase&, at::native::direct_copy_kernel_cuda(at::TensorIteratorBase&)::{lambda()#3}::operator()() const::{lambda()#12}::operator()() const::{lambda(c10::BFloat16)#1} const&)::{lambda(int)#1}>(int, at::native::gpu_kernel_impl_nocast<at::native::direct_copy_kernel_cuda(at::TensorIteratorBase&)::{lambda()#3}::operator()() const::{lambda()#12}::operator()() const::{lambda(c10::BFloat16)#1}>(at::TensorIteratorBase&, at::native::direct_copy_kernel_cuda(at::TensorIteratorBase&)::{lambda()#3}::operator()() const::{lambda()#12}::operator()() const::{lambda(c10::BFloat16)#1} const&)::{lambda(int)#1})",59,operator_shape_matched,"[[6,16,12504],[6,16,12504],[]]","[""c10::BFloat16"",""c10::BFloat16"",""Scalar""]",null,1,4.48
aten::copy_,"void at::native::elementwise_kernel<128, 4, at::native::gpu_kernel_impl_nocast<at::native::direct_copy_kernel_cuda(at::TensorIteratorBase&)::{lambda()#3}::operator()() const::{lambda()#12}::operator()() const::{lambda(c10::BFloat16)#1}>(at::TensorIteratorBase&, at::native::direct_copy_kernel_cuda(at::TensorIteratorBase&)::{lambda()#3}::operator()() const::{lambda()#12}::operator()() const::{lambda(c10::BFloat16)#1} const&)::{lambda(int)#1}>(int, at::native::gpu_kernel_impl_nocast<at::native::direct_copy_kernel_cuda(at::TensorIteratorBase&)::{lambda()#3}::operator()() const::{lambda()#12}::operator()() const::{lambda(c10::BFloat16)#1}>(at::TensorIteratorBase&, at::native::direct_copy_kernel_cuda(at::TensorIteratorBase&)::{lambda()#3}::operator()() const::{lambda()#12}::operator()() const::{lambda(c10::BFloat16)#1} const&)::{lambda(int)#1})",60,operator_shape_matched,"[[5,16,12504],[5,16,12504],[]]","[""c10::BFloat16"",""c10::BFloat16"",""Scalar""]",null,1,4.256
aten::copy_,"void at::native::elementwise_kernel<128, 4, at::native::gpu_kernel_impl_nocast<at::native::direct_copy_kernel_cuda(at::TensorIteratorBase&)::{lambda()#3}::operator()() const::{lambda()#12}::operator()() const::{lambda(c10::BFloat16)#1}>(at::TensorIteratorBase&, at::native::direct_copy_kernel_cuda(at::TensorIteratorBase&)::{lambda()#3}::operator()() const::{lambda()#12}::operator()() const::{lambda(c10::BFloat16)#1} const&)::{lambda(int)#1}>(int, at::native::gpu_kernel_impl_nocast<at::native::direct_copy_kernel_cuda(at::TensorIteratorBase&)::{lambda()#3}::operator()() const::{lambda()#12}::operator()() const::{lambda(c10::BFloat16)#1}>(at::TensorIteratorBase&, at::native::direct_copy_kernel_cuda(at::TensorIteratorBase&)::{lambda()#3}::operator()() const::{lambda()#12}::operator()() const::{lambda(c10::BFloat16)#1} const&)::{lambda(int)#1})",61,operator_shape_matched,"[[4,16,12504],[4,16,12504],[]]","[""c10::BFloat16"",""c10::BFloat16"",""Scalar""]",null,1,3.551
aten::copy_,"void at::native::elementwise_kernel<128, 4, at::native::gpu_kernel_impl_nocast<at::native::direct_copy_kernel_cuda(at::TensorIteratorBase&)::{lambda()#3}::operator()() const::{lambda()#12}::operator()() const::{lambda(c10::BFloat16)#1}>(at::TensorIteratorBase&, at::native::direct_copy_kernel_cuda(at::TensorIteratorBase&)::{lambda()#3}::operator()() const::{lambda()#12}::operator()() const::{lambda(c10::BFloat16)#1} const&)::{lambda(int)#1}>(int, at::native::gpu_kernel_impl_nocast<at::native::direct_copy_kernel_cuda(at::TensorIteratorBase&)::{lambda()#3}::operator()() const::{lambda()#12}::operator()() const::{lambda(c10::BFloat16)#1}>(at::TensorIteratorBase&, at::native::direct_copy_kernel_cuda(at::TensorIteratorBase&)::{lambda()#3}::operator()() const::{lambda()#12}::operator()() const::{lambda(c10::BFloat16)#1} const&)::{lambda(int)#1})",62,operator_shape_matched,"[[3,16,12504],[3,16,12504],[]]","[""c10::BFloat16"",""c10::BFloat16"",""Scalar""]",null,1,3.232
aten::copy_,"void at::native::elementwise_kernel<128, 4, at::native::gpu_kernel_impl_nocast<at::native::direct_copy_kernel_cuda(at::TensorIteratorBase&)::{lambda()#3}::operator()() const::{lambda()#12}::operator()() const::{lambda(c10::BFloat16)#1}>(at::TensorIteratorBase&, at::native::direct_copy_kernel_cuda(at::TensorIteratorBase&)::{lambda()#3}::operator()() const::{lambda()#12}::operator()() const::{lambda(c10::BFloat16)#1} const&)::{lambda(int)#1}>(int, at::native::gpu_kernel_impl_nocast<at::native::direct_copy_kernel_cuda(at::TensorIteratorBase&)::{lambda()#3}::operator()() const::{lambda()#12}::operator()() const::{lambda(c10::BFloat16)#1}>(at::TensorIteratorBase&, at::native::direct_copy_kernel_cuda(at::TensorIteratorBase&)::{lambda()#3}::operator()() const::{lambda()#12}::operator()() const::{lambda(c10::BFloat16)#1} const&)::{lambda(int)#1})",63,operator_shape_matched,"[[2,16,12504],[2,16,12504],[]]","[""c10::BFloat16"",""c10::BFloat16"",""Scalar""]",null,1,2.977
null,nvjet_sm90_tst_64x32_64x16_4x1_v_bz_TNT,1,missing_external_id,null,null,null,960,8535.377
_vllm_fa3_C::fwd,"void cutlass::device_kernel<flash::enable_sm90_or_later<flash::FlashAttnFwdSm90<flash::CollectiveMainloopFwdSm90<2, cute::tuple<cute::C<1>, cute::C<1>, cute::C<1> >, cute::tuple<cute::C<128>, cute::C<128>, cute::C<128> >, 128, cutlass::bfloat16_t, float, cutlass::arch::Sm90, true, false, false, true, false, false, false, true, true, true, false, false, cutlass::bfloat16_t, 4>, flash::CollectiveEpilogueFwd<cute::tuple<cute::C<128>, cute::C<128>, cute::C<128> >, cute::tuple<cute::C<1>, cute::C<1>, cute::C<1> >, cutlass::bfloat16_t, cutlass::arch::Sm90, 256, true, true, false, false, 4>, flash::VarlenDynamicPersistentTileScheduler<128, 128, 256, 32, false, true, true, true, false, true> > > >(flash::enable_sm90_or_later<flash::FlashAttnFwdSm90<flash::CollectiveMainloopFwdSm90<2, cute::tuple<cute::C<1>, cute::C<1>, cute::C<1> >, cute::tuple<cute::C<128>, cute::C<128>, cute::C<128> >, 128, cutlass::bfloat16_t, float, cutlass::arch::Sm90, true, false, false, true, false, false, false, true, true, true, false, false, cutlass::bfloat16_t, 4>, flash::CollectiveEpilogueFwd<cute::tuple<cute::C<128>, cute::C<128>, cute::C<128> >, cute::tuple<cute::C<1>, cute::C<1>, cute::C<1> >, cutlass::bfloat16_t, cutlass::arch::Sm90, 256, true, true, false, false, 4>, flash::VarlenDynamicPersistentTileScheduler<128, 128, 256, 32, false, true, true, true, false, true> > >::Params)",1,operator_shape_matched,"[[8192,4,128],[3502,128,1,128],[3502,128,1,128],[],[],[],[8192,4,128],[62],[],[],[],[61],[],[],[61,1024],[],[],[],[],[],[61,1],[61,1],[61,1],[],[],[],[],[],[],[129],[],[],[],[],[],[],[]]","[""c10::BFloat16"",""c10::BFloat16"",""c10::BFloat16"","""","""","""",""c10::BFloat16"",""int"","""","""","""",""int"",""Scalar"",""Scalar"",""int"","""","""","""","""","""",""float"",""float"",""float"",""Scalar"",""Scalar"",""Scalar"",""Scalar"",""Scalar"",""Scalar"",""int"",""Scalar"","""",""Scalar"","""",""Scalar"",""Scalar"",""""]",null,3,314.08
_vllm_fa3_C::fwd,"void cutlass::device_kernel<flash::enable_sm90_or_later<flash::FlashAttnFwdSm90<flash::CollectiveMainloopFwdSm90<2, cute::tuple<cute::C<1>, cute::C<1>, cute::C<1> >, cute::tuple<cute::C<128>, cute::C<128>, cute::C<128> >, 128, cutlass::bfloat16_t, float, cutlass::arch::Sm90, true, false, false, true, false, false, false, true, true, true, false, false, cutlass::bfloat16_t, 4>, flash::CollectiveEpilogueFwd<cute::tuple<cute::C<128>, cute::C<128>, cute::C<128> >, cute::tuple<cute::C<1>, cute::C<1>, cute::C<1> >, cutlass::bfloat16_t, cutlass::arch::Sm90, 256, true, true, false, false, 4>, flash::VarlenDynamicPersistentTileScheduler<128, 128, 256, 32, false, true, true, true, false, true> > > >(flash::enable_sm90_or_later<flash::FlashAttnFwdSm90<flash::CollectiveMainloopFwdSm90<2, cute::tuple<cute::C<1>, cute::C<1>, cute::C<1> >, cute::tuple<cute::C<128>, cute::C<128>, cute::C<128> >, 128, cutlass::bfloat16_t, float, cutlass::arch::Sm90, true, false, false, true, false, false, false, true, true, true, false, false, cutlass::bfloat16_t, 4>, flash::CollectiveEpilogueFwd<cute::tuple<cute::C<128>, cute::C<128>, cute::C<128> >, cute::tuple<cute::C<1>, cute::C<1>, cute::C<1> >, cutlass::bfloat16_t, cutlass::arch::Sm90, 256, true, true, false, false, 4>, flash::VarlenDynamicPersistentTileScheduler<128, 128, 256, 32, false, true, true, true, false, true> > >::Params)",2,operator_shape_matched,"[[8192,4,128],[3502,128,1,128],[3502,128,1,128],[],[],[],[8192,4,128],[64],[],[],[],[63],[],[],[63,1024],[],[],[],[],[],[63,1],[63,1],[63,1],[],[],[],[],[],[],[129],[],[],[],[],[],[],[]]","[""c10::BFloat16"",""c10::BFloat16"",""c10::BFloat16"","""","""","""",""c10::BFloat16"",""int"","""","""","""",""int"",""Scalar"",""Scalar"",""int"","""","""","""","""","""",""float"",""float"",""float"",""Scalar"",""Scalar"",""Scalar"",""Scalar"",""Scalar"",""Scalar"",""int"",""Scalar"","""",""Scalar"","""",""Scalar"",""Scalar"",""""]",null,3,313.76
_vllm_fa3_C::fwd,"void cutlass::device_kernel<flash::enable_sm90_or_later<flash::FlashAttnFwdSm90<flash::CollectiveMainloopFwdSm90<2, cute::tuple<cute::C<1>, cute::C<1>, cute::C<1> >, cute::tuple<cute::C<128>, cute::C<128>, cute::C<128> >, 128, cutlass::bfloat16_t, float, cutlass::arch::Sm90, true, false, false, true, false, false, false, true, true, true, false, false, cutlass::bfloat16_t, 4>, flash::CollectiveEpilogueFwd<cute::tuple<cute::C<128>, cute::C<128>, cute::C<128> >, cute::tuple<cute::C<1>, cute::C<1>, cute::C<1> >, cutlass::bfloat16_t, cutlass::arch::Sm90, 256, true, true, false, false, 4>, flash::VarlenDynamicPersistentTileScheduler<128, 128, 256, 32, false, true, true, true, false, true> > > >(flash::enable_sm90_or_later<flash::FlashAttnFwdSm90<flash::CollectiveMainloopFwdSm90<2, cute::tuple<cute::C<1>, cute::C<1>, cute::C<1> >, cute::tuple<cute::C<128>, cute::C<128>, cute::C<128> >, 128, cutlass::bfloat16_t, float, cutlass::arch::Sm90, true, false, false, true, false, false, false, true, true, true, false, false, cutlass::bfloat16_t, 4>, flash::CollectiveEpilogueFwd<cute::tuple<cute::C<128>, cute::C<128>, cute::C<128> >, cute::tuple<cute::C<1>, cute::C<1>, cute::C<1> >, cutlass::bfloat16_t, cutlass::arch::Sm90, 256, true, true, false, false, 4>, flash::VarlenDynamicPersistentTileScheduler<128, 128, 256, 32, false, true, true, true, false, true> > >::Params)",3,operator_shape_matched,"[[8192,4,128],[3502,128,1,128],[3502,128,1,128],[],[],[],[8192,4,128],[60],[],[],[],[59],[],[],[59,1024],[],[],[],[],[],[59,1],[59,1],[59,1],[],[],[],[],[],[],[121],[],[],[],[],[],[],[]]","[""c10::BFloat16"",""c10::BFloat16"",""c10::BFloat16"","""","""","""",""c10::BFloat16"",""int"","""","""","""",""int"",""Scalar"",""Scalar"",""int"","""","""","""","""","""",""float"",""float"",""float"",""Scalar"",""Scalar"",""Scalar"",""Scalar"",""Scalar"",""Scalar"",""int"",""Scalar"","""",""Scalar"","""",""Scalar"",""Scalar"",""""]",null,3,313.665
_vllm_fa3_C::fwd,"void cutlass::device_kernel<flash::enable_sm90_or_later<flash::FlashAttnFwdSm90<flash::CollectiveMainloopFwdSm90<2, cute::tuple<cute::C<1>, cute::C<1>, cute::C<1> >, cute::tuple<cute::C<128>, cute::C<128>, cute::C<128> >, 128, cutlass::bfloat16_t, float, cutlass::arch::Sm90, true, false, false, true, false, false, false, true, true, true, false, false, cutlass::bfloat16_t, 4>, flash::CollectiveEpilogueFwd<cute::tuple<cute::C<128>, cute::C<128>, cute::C<128> >, cute::tuple<cute::C<1>, cute::C<1>, cute::C<1> >, cutlass::bfloat16_t, cutlass::arch::Sm90, 256, true, true, false, false, 4>, flash::VarlenDynamicPersistentTileScheduler<128, 128, 256, 32, false, true, true, true, false, true> > > >(flash::enable_sm90_or_later<flash::FlashAttnFwdSm90<flash::CollectiveMainloopFwdSm90<2, cute::tuple<cute::C<1>, cute::C<1>, cute::C<1> >, cute::tuple<cute::C<128>, cute::C<128>, cute::C<128> >, 128, cutlass::bfloat16_t, float, cutlass::arch::Sm90, true, false, false, true, false, false, false, true, true, true, false, false, cutlass::bfloat16_t, 4>, flash::CollectiveEpilogueFwd<cute::tuple<cute::C<128>, cute::C<128>, cute::C<128> >, cute::tuple<cute::C<1>, cute::C<1>, cute::C<1> >, cutlass::bfloat16_t, cutlass::arch::Sm90, 256, true, true, false, false, 4>, flash::VarlenDynamicPersistentTileScheduler<128, 128, 256, 32, false, true, true, true, false, true> > >::Params)",4,operator_shape_matched,"[[8192,4,128],[3502,128,1,128],[3502,128,1,128],[],[],[],[8192,4,128],[58],[],[],[],[57],[],[],[57,1024],[],[],[],[],[],[57,1],[57,1],[57,1],[],[],[],[],[],[],[121],[],[],[],[],[],[],[]]","[""c10::BFloat16"",""c10::BFloat16"",""c10::BFloat16"","""","""","""",""c10::BFloat16"",""int"","""","""","""",""int"",""Scalar"",""Scalar"",""int"","""","""","""","""","""",""float"",""float"",""float"",""Scalar"",""Scalar"",""Scalar"",""Scalar"",""Scalar"",""Scalar"",""int"",""Scalar"","""",""Scalar"","""",""Scalar"",""Scalar"",""""]",null,3,307.2
_vllm_fa3_C::fwd,"void cutlass::device_kernel<flash::enable_sm90_or_later<flash::FlashAttnFwdSm90<flash::CollectiveMainloopFwdSm90<2, cute::tuple<cute::C<1>, cute::C<1>, cute::C<1> >, cute::tuple<cute::C<128>, cute::C<128>, cute::C<128> >, 128, cutlass::bfloat16_t, float, cutlass::arch::Sm90, true, false, false, true, false, false, false, true, true, true, false, false, cutlass::bfloat16_t, 4>, flash::CollectiveEpilogueFwd<cute::tuple<cute::C<128>, cute::C<128>, cute::C<128> >, cute::tuple<cute::C<1>, cute::C<1>, cute::C<1> >, cutlass::bfloat16_t, cutlass::arch::Sm90, 256, true, true, false, false, 4>, flash::VarlenDynamicPersistentTileScheduler<128, 128, 256, 32, false, true, true, true, false, true> > > >(flash::enable_sm90_or_later<flash::FlashAttnFwdSm90<flash::CollectiveMainloopFwdSm90<2, cute::tuple<cute::C<1>, cute::C<1>, cute::C<1> >, cute::tuple<cute::C<128>, cute::C<128>, cute::C<128> >, 128, cutlass::bfloat16_t, float, cutlass::arch::Sm90, true, false, false, true, false, false, false, true, true, true, false, false, cutlass::bfloat16_t, 4>, flash::CollectiveEpilogueFwd<cute::tuple<cute::C<128>, cute::C<128>, cute::C<128> >, cute::tuple<cute::C<1>, cute::C<1>, cute::C<1> >, cutlass::bfloat16_t, cutlass::arch::Sm90, 256, true, true, false, false, 4>, flash::VarlenDynamicPersistentTileScheduler<128, 128, 256, 32, false, true, true, true, false, true> > >::Params)",5,operator_shape_matched,"[[8192,4,128],[3502,128,1,128],[3502,128,1,128],[],[],[],[8192,4,128],[56],[],[],[],[55],[],[],[55,1024],[],[],[],[],[],[55,1],[55,1],[55,1],[],[],[],[],[],[],[113],[],[],[],[],[],[],[]]","[""c10::BFloat16"",""c10::BFloat16"",""c10::BFloat16"","""","""","""",""c10::BFloat16"",""int"","""","""","""",""int"",""Scalar"",""Scalar"",""int"","""","""","""","""","""",""float"",""float"",""float"",""Scalar"",""Scalar"",""Scalar"",""Scalar"",""Scalar"",""Scalar"",""int"",""Scalar"","""",""Scalar"","""",""Scalar"",""Scalar"",""""]",null,3,300.225
_vllm_fa3_C::fwd,"void cutlass::device_kernel<flash::enable_sm90_or_later<flash::FlashAttnFwdSm90<flash::CollectiveMainloopFwdSm90<2, cute::tuple<cute::C<1>, cute::C<1>, cute::C<1> >, cute::tuple<cute::C<128>, cute::C<128>, cute::C<128> >, 128, cutlass::bfloat16_t, float, cutlass::arch::Sm90, true, false, false, true, false, false, false, true, true, true, false, false, cutlass::bfloat16_t, 4>, flash::CollectiveEpilogueFwd<cute::tuple<cute::C<128>, cute::C<128>, cute::C<128> >, cute::tuple<cute::C<1>, cute::C<1>, cute::C<1> >, cutlass::bfloat16_t, cutlass::arch::Sm90, 256, true, true, false, false, 4>, flash::VarlenDynamicPersistentTileScheduler<128, 128, 256, 32, false, true, true, true, false, true> > > >(flash::enable_sm90_or_later<flash::FlashAttnFwdSm90<flash::CollectiveMainloopFwdSm90<2, cute::tuple<cute::C<1>, cute::C<1>, cute::C<1> >, cute::tuple<cute::C<128>, cute::C<128>, cute::C<128> >, 128, cutlass::bfloat16_t, float, cutlass::arch::Sm90, true, false, false, true, false, false, false, true, true, true, false, false, cutlass::bfloat16_t, 4>, flash::CollectiveEpilogueFwd<cute::tuple<cute::C<128>, cute::C<128>, cute::C<128> >, cute::tuple<cute::C<1>, cute::C<1>, cute::C<1> >, cutlass::bfloat16_t, cutlass::arch::Sm90, 256, true, true, false, false, 4>, flash::VarlenDynamicPersistentTileScheduler<128, 128, 256, 32, false, true, true, true, false, true> > >::Params)",6,operator_shape_matched,"[[8192,4,128],[3502,128,1,128],[3502,128,1,128],[],[],[],[8192,4,128],[50],[],[],[],[49],[],[],[49,1024],[],[],[],[],[],[49,1],[49,1],[49,1],[],[],[],[],[],[],[105],[],[],[],[],[],[],[]]","[""c10::BFloat16"",""c10::BFloat16"",""c10::BFloat16"","""","""","""",""c10::BFloat16"",""int"","""","""","""",""int"",""Scalar"",""Scalar"",""int"","""","""","""","""","""",""float"",""float"",""float"",""Scalar"",""Scalar"",""Scalar"",""Scalar"",""Scalar"",""Scalar"",""int"",""Scalar"","""",""Scalar"","""",""Scalar"",""Scalar"",""""]",null,3,297.984
_vllm_fa3_C::fwd,"void cutlass::device_kernel<flash::enable_sm90_or_later<flash::FlashAttnFwdSm90<flash::CollectiveMainloopFwdSm90<2, cute::tuple<cute::C<1>, cute::C<1>, cute::C<1> >, cute::tuple<cute::C<128>, cute::C<128>, cute::C<128> >, 128, cutlass::bfloat16_t, float, cutlass::arch::Sm90, true, false, false, true, false, false, false, true, true, true, false, false, cutlass::bfloat16_t, 4>, flash::CollectiveEpilogueFwd<cute::tuple<cute::C<128>, cute::C<128>, cute::C<128> >, cute::tuple<cute::C<1>, cute::C<1>, cute::C<1> >, cutlass::bfloat16_t, cutlass::arch::Sm90, 256, true, true, false, false, 4>, flash::VarlenDynamicPersistentTileScheduler<128, 128, 256, 32, false, true, true, true, false, true> > > >(flash::enable_sm90_or_later<flash::FlashAttnFwdSm90<flash::CollectiveMainloopFwdSm90<2, cute::tuple<cute::C<1>, cute::C<1>, cute::C<1> >, cute::tuple<cute::C<128>, cute::C<128>, cute::C<128> >, 128, cutlass::bfloat16_t, float, cutlass::arch::Sm90, true, false, false, true, false, false, false, true, true, true, false, false, cutlass::bfloat16_t, 4>, flash::CollectiveEpilogueFwd<cute::tuple<cute::C<128>, cute::C<128>, cute::C<128> >, cute::tuple<cute::C<1>, cute::C<1>, cute::C<1> >, cutlass::bfloat16_t, cutlass::arch::Sm90, 256, true, true, false, false, 4>, flash::VarlenDynamicPersistentTileScheduler<128, 128, 256, 32, false, true, true, true, false, true> > >::Params)",7,operator_shape_matched,"[[8192,4,128],[3502,128,1,128],[3502,128,1,128],[],[],[],[8192,4,128],[52],[],[],[],[51],[],[],[51,1024],[],[],[],[],[],[51,1],[51,1],[51,1],[],[],[],[],[],[],[105],[],[],[],[],[],[],[]]","[""c10::BFloat16"",""c10::BFloat16"",""c10::BFloat16"","""","""","""",""c10::BFloat16"",""int"","""","""","""",""int"",""Scalar"",""Scalar"",""int"","""","""","""","""","""",""float"",""float"",""float"",""Scalar"",""Scalar"",""Scalar"",""Scalar"",""Scalar"",""Scalar"",""int"",""Scalar"","""",""Scalar"","""",""Scalar"",""Scalar"",""""]",null,3,297.952
_vllm_fa3_C::fwd,"void cutlass::device_kernel<flash::enable_sm90_or_later<flash::FlashAttnFwdSm90<flash::CollectiveMainloopFwdSm90<2, cute::tuple<cute::C<1>, cute::C<1>, cute::C<1> >, cute::tuple<cute::C<128>, cute::C<128>, cute::C<128> >, 128, cutlass::bfloat16_t, float, cutlass::arch::Sm90, true, false, false, true, false, false, false, true, true, true, false, false, cutlass::bfloat16_t, 4>, flash::CollectiveEpilogueFwd<cute::tuple<cute::C<128>, cute::C<128>, cute::C<128> >, cute::tuple<cute::C<1>, cute::C<1>, cute::C<1> >, cutlass::bfloat16_t, cutlass::arch::Sm90, 256, true, true, false, false, 4>, flash::VarlenDynamicPersistentTileScheduler<128, 128, 256, 32, false, true, true, true, false, true> > > >(flash::enable_sm90_or_later<flash::FlashAttnFwdSm90<flash::CollectiveMainloopFwdSm90<2, cute::tuple<cute::C<1>, cute::C<1>, cute::C<1> >, cute::tuple<cute::C<128>, cute::C<128>, cute::C<128> >, 128, cutlass::bfloat16_t, float, cutlass::arch::Sm90, true, false, false, true, false, false, false, true, true, true, false, false, cutlass::bfloat16_t, 4>, flash::CollectiveEpilogueFwd<cute::tuple<cute::C<128>, cute::C<128>, cute::C<128> >, cute::tuple<cute::C<1>, cute::C<1>, cute::C<1> >, cutlass::bfloat16_t, cutlass::arch::Sm90, 256, true, true, false, false, 4>, flash::VarlenDynamicPersistentTileScheduler<128, 128, 256, 32, false, true, true, true, false, true> > >::Params)",8,operator_shape_matched,"[[8192,4,128],[3502,128,1,128],[3502,128,1,128],[],[],[],[8192,4,128],[54],[],[],[],[53],[],[],[53,1024],[],[],[],[],[],[53,1],[53,1],[53,1],[],[],[],[],[],[],[113],[],[],[],[],[],[],[]]","[""c10::BFloat16"",""c10::BFloat16"",""c10::BFloat16"","""","""","""",""c10::BFloat16"",""int"","""","""","""",""int"",""Scalar"",""Scalar"",""int"","""","""","""","""","""",""float"",""float"",""float"",""Scalar"",""Scalar"",""Scalar"",""Scalar"",""Scalar"",""Scalar"",""int"",""Scalar"","""",""Scalar"","""",""Scalar"",""Scalar"",""""]",null,3,297.856
_vllm_fa3_C::fwd,"void cutlass::device_kernel<flash::enable_sm90_or_later<flash::FlashAttnFwdSm90<flash::CollectiveMainloopFwdSm90<2, cute::tuple<cute::C<1>, cute::C<1>, cute::C<1> >, cute::tuple<cute::C<128>, cute::C<128>, cute::C<128> >, 128, cutlass::bfloat16_t, float, cutlass::arch::Sm90, true, false, false, true, false, false, false, true, true, true, false, false, cutlass::bfloat16_t, 4>, flash::CollectiveEpilogueFwd<cute::tuple<cute::C<128>, cute::C<128>, cute::C<128> >, cute::tuple<cute::C<1>, cute::C<1>, cute::C<1> >, cutlass::bfloat16_t, cutlass::arch::Sm90, 256, true, true, false, false, 4>, flash::VarlenDynamicPersistentTileScheduler<128, 128, 256, 32, false, true, true, true, false, true> > > >(flash::enable_sm90_or_later<flash::FlashAttnFwdSm90<flash::CollectiveMainloopFwdSm90<2, cute::tuple<cute::C<1>, cute::C<1>, cute::C<1> >, cute::tuple<cute::C<128>, cute::C<128>, cute::C<128> >, 128, cutlass::bfloat16_t, float, cutlass::arch::Sm90, true, false, false, true, false, false, false, true, true, true, false, false, cutlass::bfloat16_t, 4>, flash::CollectiveEpilogueFwd<cute::tuple<cute::C<128>, cute::C<128>, cute::C<128> >, cute::tuple<cute::C<1>, cute::C<1>, cute::C<1> >, cutlass::bfloat16_t, cutlass::arch::Sm90, 256, true, true, false, false, 4>, flash::VarlenDynamicPersistentTileScheduler<128, 128, 256, 32, false, true, true, true, false, true> > >::Params)",9,operator_shape_matched,"[[8192,4,128],[3502,128,1,128],[3502,128,1,128],[],[],[],[8192,4,128],[48],[],[],[],[47],[],[],[47,1024],[],[],[],[],[],[47,1],[47,1],[47,1],[],[],[],[],[],[],[97],[],[],[],[],[],[],[]]","[""c10::BFloat16"",""c10::BFloat16"",""c10::BFloat16"","""","""","""",""c10::BFloat16"",""int"","""","""","""",""int"",""Scalar"",""Scalar"",""int"","""","""","""","""","""",""float"",""float"",""float"",""Scalar"",""Scalar"",""Scalar"",""Scalar"",""Scalar"",""Scalar"",""int"",""Scalar"","""",""Scalar"","""",""Scalar"",""Scalar"",""""]",null,3,297.056
_vllm_fa3_C::fwd,"void cutlass::device_kernel<flash::enable_sm90_or_later<flash::FlashAttnFwdSm90<flash::CollectiveMainloopFwdSm90<2, cute::tuple<cute::C<1>, cute::C<1>, cute::C<1> >, cute::tuple<cute::C<128>, cute::C<128>, cute::C<128> >, 128, cutlass::bfloat16_t, float, cutlass::arch::Sm90, true, false, false, true, false, false, false, true, true, true, false, false, cutlass::bfloat16_t, 4>, flash::CollectiveEpilogueFwd<cute::tuple<cute::C<128>, cute::C<128>, cute::C<128> >, cute::tuple<cute::C<1>, cute::C<1>, cute::C<1> >, cutlass::bfloat16_t, cutlass::arch::Sm90, 256, true, true, false, false, 4>, flash::VarlenDynamicPersistentTileScheduler<128, 128, 256, 32, false, true, true, true, false, true> > > >(flash::enable_sm90_or_later<flash::FlashAttnFwdSm90<flash::CollectiveMainloopFwdSm90<2, cute::tuple<cute::C<1>, cute::C<1>, cute::C<1> >, cute::tuple<cute::C<128>, cute::C<128>, cute::C<128> >, 128, cutlass::bfloat16_t, float, cutlass::arch::Sm90, true, false, false, true, false, false, false, true, true, true, false, false, cutlass::bfloat16_t, 4>, flash::CollectiveEpilogueFwd<cute::tuple<cute::C<128>, cute::C<128>, cute::C<128> >, cute::tuple<cute::C<1>, cute::C<1>, cute::C<1> >, cutlass::bfloat16_t, cutlass::arch::Sm90, 256, true, true, false, false, 4>, flash::VarlenDynamicPersistentTileScheduler<128, 128, 256, 32, false, true, true, true, false, true> > >::Params)",10,operator_shape_matched,"[[8192,4,128],[3502,128,1,128],[3502,128,1,128],[],[],[],[8192,4,128],[46],[],[],[],[45],[],[],[45,1024],[],[],[],[],[],[45,1],[45,1],[45,1],[],[],[],[],[],[],[97],[],[],[],[],[],[],[]]","[""c10::BFloat16"",""c10::BFloat16"",""c10::BFloat16"","""","""","""",""c10::BFloat16"",""int"","""","""","""",""int"",""Scalar"",""Scalar"",""int"","""","""","""","""","""",""float"",""float"",""float"",""Scalar"",""Scalar"",""Scalar"",""Scalar"",""Scalar"",""Scalar"",""int"",""Scalar"","""",""Scalar"","""",""Scalar"",""Scalar"",""""]",null,3,290.048
_vllm_fa3_C::fwd,"void cutlass::device_kernel<flash::enable_sm90_or_later<flash::FlashAttnFwdSm90<flash::CollectiveMainloopFwdSm90<2, cute::tuple<cute::C<1>, cute::C<1>, cute::C<1> >, cute::tuple<cute::C<128>, cute::C<128>, cute::C<128> >, 128, cutlass::bfloat16_t, float, cutlass::arch::Sm90, true, false, false, true, false, false, false, true, true, true, false, false, cutlass::bfloat16_t, 4>, flash::CollectiveEpilogueFwd<cute::tuple<cute::C<128>, cute::C<128>, cute::C<128> >, cute::tuple<cute::C<1>, cute::C<1>, cute::C<1> >, cutlass::bfloat16_t, cutlass::arch::Sm90, 256, true, true, false, false, 4>, flash::VarlenDynamicPersistentTileScheduler<128, 128, 256, 32, false, true, true, true, false, true> > > >(flash::enable_sm90_or_later<flash::FlashAttnFwdSm90<flash::CollectiveMainloopFwdSm90<2, cute::tuple<cute::C<1>, cute::C<1>, cute::C<1> >, cute::tuple<cute::C<128>, cute::C<128>, cute::C<128> >, 128, cutlass::bfloat16_t, float, cutlass::arch::Sm90, true, false, false, true, false, false, false, true, true, true, false, false, cutlass::bfloat16_t, 4>, flash::CollectiveEpilogueFwd<cute::tuple<cute::C<128>, cute::C<128>, cute::C<128> >, cute::tuple<cute::C<1>, cute::C<1>, cute::C<1> >, cutlass::bfloat16_t, cutlass::arch::Sm90, 256, true, true, false, false, 4>, flash::VarlenDynamicPersistentTileScheduler<128, 128, 256, 32, false, true, true, true, false, true> > >::Params)",11,operator_shape_matched,"[[8192,4,128],[3502,128,1,128],[3502,128,1,128],[],[],[],[8192,4,128],[44],[],[],[],[43],[],[],[43,1024],[],[],[],[],[],[43,1],[43,1],[43,1],[],[],[],[],[],[],[89],[],[],[],[],[],[],[]]","[""c10::BFloat16"",""c10::BFloat16"",""c10::BFloat16"","""","""","""",""c10::BFloat16"",""int"","""","""","""",""int"",""Scalar"",""Scalar"",""int"","""","""","""","""","""",""float"",""float"",""float"",""Scalar"",""Scalar"",""Scalar"",""Scalar"",""Scalar"",""Scalar"",""int"",""Scalar"","""",""Scalar"","""",""Scalar"",""Scalar"",""""]",null,3,282.561
_vllm_fa3_C::fwd,"void cutlass::device_kernel<flash::enable_sm90_or_later<flash::FlashAttnFwdSm90<flash::CollectiveMainloopFwdSm90<2, cute::tuple<cute::C<1>, cute::C<1>, cute::C<1> >, cute::tuple<cute::C<128>, cute::C<128>, cute::C<128> >, 128, cutlass::bfloat16_t, float, cutlass::arch::Sm90, true, false, false, true, false, false, false, true, true, true, false, false, cutlass::bfloat16_t, 4>, flash::CollectiveEpilogueFwd<cute::tuple<cute::C<128>, cute::C<128>, cute::C<128> >, cute::tuple<cute::C<1>, cute::C<1>, cute::C<1> >, cutlass::bfloat16_t, cutlass::arch::Sm90, 256, true, true, false, false, 4>, flash::VarlenDynamicPersistentTileScheduler<128, 128, 256, 32, false, true, true, true, false, true> > > >(flash::enable_sm90_or_later<flash::FlashAttnFwdSm90<flash::CollectiveMainloopFwdSm90<2, cute::tuple<cute::C<1>, cute::C<1>, cute::C<1> >, cute::tuple<cute::C<128>, cute::C<128>, cute::C<128> >, 128, cutlass::bfloat16_t, float, cutlass::arch::Sm90, true, false, false, true, false, false, false, true, true, true, false, false, cutlass::bfloat16_t, 4>, flash::CollectiveEpilogueFwd<cute::tuple<cute::C<128>, cute::C<128>, cute::C<128> >, cute::tuple<cute::C<1>, cute::C<1>, cute::C<1> >, cutlass::bfloat16_t, cutlass::arch::Sm90, 256, true, true, false, false, 4>, flash::VarlenDynamicPersistentTileScheduler<128, 128, 256, 32, false, true, true, true, false, true> > >::Params)",12,operator_shape_matched,"[[8192,4,128],[3502,128,1,128],[3502,128,1,128],[],[],[],[8192,4,128],[42],[],[],[],[41],[],[],[41,1024],[],[],[],[],[],[41,1],[41,1],[41,1],[],[],[],[],[],[],[89],[],[],[],[],[],[],[]]","[""c10::BFloat16"",""c10::BFloat16"",""c10::BFloat16"","""","""","""",""c10::BFloat16"",""int"","""","""","""",""int"",""Scalar"",""Scalar"",""int"","""","""","""","""","""",""float"",""float"",""float"",""Scalar"",""Scalar"",""Scalar"",""Scalar"",""Scalar"",""Scalar"",""int"",""Scalar"","""",""Scalar"","""",""Scalar"",""Scalar"",""""]",null,3,278.882
_vllm_fa3_C::fwd,"void cutlass::device_kernel<flash::enable_sm90_or_later<flash::FlashAttnFwdSm90<flash::CollectiveMainloopFwdSm90<2, cute::tuple<cute::C<1>, cute::C<1>, cute::C<1> >, cute::tuple<cute::C<128>, cute::C<128>, cute::C<128> >, 128, cutlass::bfloat16_t, float, cutlass::arch::Sm90, true, false, false, true, false, false, false, true, true, true, false, false, cutlass::bfloat16_t, 4>, flash::CollectiveEpilogueFwd<cute::tuple<cute::C<128>, cute::C<128>, cute::C<128> >, cute::tuple<cute::C<1>, cute::C<1>, cute::C<1> >, cutlass::bfloat16_t, cutlass::arch::Sm90, 256, true, true, false, false, 4>, flash::VarlenDynamicPersistentTileScheduler<128, 128, 256, 32, false, true, true, true, false, true> > > >(flash::enable_sm90_or_later<flash::FlashAttnFwdSm90<flash::CollectiveMainloopFwdSm90<2, cute::tuple<cute::C<1>, cute::C<1>, cute::C<1> >, cute::tuple<cute::C<128>, cute::C<128>, cute::C<128> >, 128, cutlass::bfloat16_t, float, cutlass::arch::Sm90, true, false, false, true, false, false, false, true, true, true, false, false, cutlass::bfloat16_t, 4>, flash::CollectiveEpilogueFwd<cute::tuple<cute::C<128>, cute::C<128>, cute::C<128> >, cute::tuple<cute::C<1>, cute::C<1>, cute::C<1> >, cutlass::bfloat16_t, cutlass::arch::Sm90, 256, true, true, false, false, 4>, flash::VarlenDynamicPersistentTileScheduler<128, 128, 256, 32, false, true, true, true, false, true> > >::Params)",13,operator_shape_matched,"[[8192,4,128],[3502,128,1,128],[3502,128,1,128],[],[],[],[8192,4,128],[40],[],[],[],[39],[],[],[39,1024],[],[],[],[],[],[39,1],[39,1],[39,1],[],[],[],[],[],[],[81],[],[],[],[],[],[],[]]","[""c10::BFloat16"",""c10::BFloat16"",""c10::BFloat16"","""","""","""",""c10::BFloat16"",""int"","""","""","""",""int"",""Scalar"",""Scalar"",""int"","""","""","""","""","""",""float"",""float"",""float"",""Scalar"",""Scalar"",""Scalar"",""Scalar"",""Scalar"",""Scalar"",""int"",""Scalar"","""",""Scalar"","""",""Scalar"",""Scalar"",""""]",null,3,271.776
_vllm_fa3_C::fwd,"void cutlass::device_kernel<flash::enable_sm90_or_later<flash::FlashAttnFwdSm90<flash::CollectiveMainloopFwdSm90<2, cute::tuple<cute::C<1>, cute::C<1>, cute::C<1> >, cute::tuple<cute::C<128>, cute::C<128>, cute::C<128> >, 128, cutlass::bfloat16_t, float, cutlass::arch::Sm90, true, false, false, true, false, false, false, true, true, true, false, false, cutlass::bfloat16_t, 4>, flash::CollectiveEpilogueFwd<cute::tuple<cute::C<128>, cute::C<128>, cute::C<128> >, cute::tuple<cute::C<1>, cute::C<1>, cute::C<1> >, cutlass::bfloat16_t, cutlass::arch::Sm90, 256, true, true, false, false, 4>, flash::VarlenDynamicPersistentTileScheduler<128, 128, 256, 32, false, true, true, true, false, true> > > >(flash::enable_sm90_or_later<flash::FlashAttnFwdSm90<flash::CollectiveMainloopFwdSm90<2, cute::tuple<cute::C<1>, cute::C<1>, cute::C<1> >, cute::tuple<cute::C<128>, cute::C<128>, cute::C<128> >, 128, cutlass::bfloat16_t, float, cutlass::arch::Sm90, true, false, false, true, false, false, false, true, true, true, false, false, cutlass::bfloat16_t, 4>, flash::CollectiveEpilogueFwd<cute::tuple<cute::C<128>, cute::C<128>, cute::C<128> >, cute::tuple<cute::C<1>, cute::C<1>, cute::C<1> >, cutlass::bfloat16_t, cutlass::arch::Sm90, 256, true, true, false, false, 4>, flash::VarlenDynamicPersistentTileScheduler<128, 128, 256, 32, false, true, true, true, false, true> > >::Params)",14,operator_shape_matched,"[[8192,4,128],[3502,128,1,128],[3502,128,1,128],[],[],[],[8192,4,128],[38],[],[],[],[37],[],[],[37,1024],[],[],[],[],[],[37,1],[37,1],[37,1],[],[],[],[],[],[],[81],[],[],[],[],[],[],[]]","[""c10::BFloat16"",""c10::BFloat16"",""c10::BFloat16"","""","""","""",""c10::BFloat16"",""int"","""","""","""",""int"",""Scalar"",""Scalar"",""int"","""","""","""","""","""",""float"",""float"",""float"",""Scalar"",""Scalar"",""Scalar"",""Scalar"",""Scalar"",""Scalar"",""int"",""Scalar"","""",""Scalar"","""",""Scalar"",""Scalar"",""""]",null,3,264.832
_vllm_fa3_C::fwd,"void cutlass::device_kernel<flash::enable_sm90_or_later<flash::FlashAttnFwdSm90<flash::CollectiveMainloopFwdSm90<2, cute::tuple<cute::C<1>, cute::C<1>, cute::C<1> >, cute::tuple<cute::C<128>, cute::C<128>, cute::C<128> >, 128, cutlass::bfloat16_t, float, cutlass::arch::Sm90, true, false, false, true, false, false, false, true, true, true, false, false, cutlass::bfloat16_t, 4>, flash::CollectiveEpilogueFwd<cute::tuple<cute::C<128>, cute::C<128>, cute::C<128> >, cute::tuple<cute::C<1>, cute::C<1>, cute::C<1> >, cutlass::bfloat16_t, cutlass::arch::Sm90, 256, true, true, false, false, 4>, flash::VarlenDynamicPersistentTileScheduler<128, 128, 256, 32, false, true, true, true, false, true> > > >(flash::enable_sm90_or_later<flash::FlashAttnFwdSm90<flash::CollectiveMainloopFwdSm90<2, cute::tuple<cute::C<1>, cute::C<1>, cute::C<1> >, cute::tuple<cute::C<128>, cute::C<128>, cute::C<128> >, 128, cutlass::bfloat16_t, float, cutlass::arch::Sm90, true, false, false, true, false, false, false, true, true, true, false, false, cutlass::bfloat16_t, 4>, flash::CollectiveEpilogueFwd<cute::tuple<cute::C<128>, cute::C<128>, cute::C<128> >, cute::tuple<cute::C<1>, cute::C<1>, cute::C<1> >, cutlass::bfloat16_t, cutlass::arch::Sm90, 256, true, true, false, false, 4>, flash::VarlenDynamicPersistentTileScheduler<128, 128, 256, 32, false, true, true, true, false, true> > >::Params)",15,operator_shape_matched,"[[8192,4,128],[3502,128,1,128],[3502,128,1,128],[],[],[],[8192,4,128],[36],[],[],[],[35],[],[],[35,1024],[],[],[],[],[],[35,1],[35,1],[35,1],[],[],[],[],[],[],[73],[],[],[],[],[],[],[]]","[""c10::BFloat16"",""c10::BFloat16"",""c10::BFloat16"","""","""","""",""c10::BFloat16"",""int"","""","""","""",""int"",""Scalar"",""Scalar"",""int"","""","""","""","""","""",""float"",""float"",""float"",""Scalar"",""Scalar"",""Scalar"",""Scalar"",""Scalar"",""Scalar"",""int"",""Scalar"","""",""Scalar"","""",""Scalar"",""Scalar"",""""]",null,3,259.584
_vllm_fa3_C::fwd,"void cutlass::device_kernel<flash::enable_sm90_or_later<flash::FlashAttnFwdSm90<flash::CollectiveMainloopFwdSm90<2, cute::tuple<cute::C<1>, cute::C<1>, cute::C<1> >, cute::tuple<cute::C<128>, cute::C<128>, cute::C<128> >, 128, cutlass::bfloat16_t, float, cutlass::arch::Sm90, true, false, false, true, false, false, false, true, true, true, false, false, cutlass::bfloat16_t, 4>, flash::CollectiveEpilogueFwd<cute::tuple<cute::C<128>, cute::C<128>, cute::C<128> >, cute::tuple<cute::C<1>, cute::C<1>, cute::C<1> >, cutlass::bfloat16_t, cutlass::arch::Sm90, 256, true, true, false, false, 4>, flash::VarlenDynamicPersistentTileScheduler<128, 128, 256, 32, false, true, true, true, false, true> > > >(flash::enable_sm90_or_later<flash::FlashAttnFwdSm90<flash::CollectiveMainloopFwdSm90<2, cute::tuple<cute::C<1>, cute::C<1>, cute::C<1> >, cute::tuple<cute::C<128>, cute::C<128>, cute::C<128> >, 128, cutlass::bfloat16_t, float, cutlass::arch::Sm90, true, false, false, true, false, false, false, true, true, true, false, false, cutlass::bfloat16_t, 4>, flash::CollectiveEpilogueFwd<cute::tuple<cute::C<128>, cute::C<128>, cute::C<128> >, cute::tuple<cute::C<1>, cute::C<1>, cute::C<1> >, cutlass::bfloat16_t, cutlass::arch::Sm90, 256, true, true, false, false, 4>, flash::VarlenDynamicPersistentTileScheduler<128, 128, 256, 32, false, true, true, true, false, true> > >::Params)",16,operator_shape_matched,"[[5089,4,128],[3502,128,1,128],[3502,128,1,128],[],[],[],[5089,4,128],[65],[],[],[],[64],[],[],[64,1024],[],[],[],[],[],[64,1],[64,1],[64,1],[],[],[],[],[],[],[129],[],[],[],[],[],[],[]]","[""c10::BFloat16"",""c10::BFloat16"",""c10::BFloat16"","""","""","""",""c10::BFloat16"",""int"","""","""","""",""int"",""Scalar"",""Scalar"",""int"","""","""","""","""","""",""float"",""float"",""float"",""Scalar"",""Scalar"",""Scalar"",""Scalar"",""Scalar"",""Scalar"",""int"",""Scalar"","""",""Scalar"","""",""Scalar"",""Scalar"",""""]",null,3,255.615
_vllm_fa3_C::fwd,"void cutlass::device_kernel<flash::enable_sm90_or_later<flash::FlashAttnFwdSm90<flash::CollectiveMainloopFwdSm90<2, cute::tuple<cute::C<1>, cute::C<1>, cute::C<1> >, cute::tuple<cute::C<128>, cute::C<128>, cute::C<128> >, 128, cutlass::bfloat16_t, float, cutlass::arch::Sm90, true, false, false, true, false, false, false, true, true, true, false, false, cutlass::bfloat16_t, 4>, flash::CollectiveEpilogueFwd<cute::tuple<cute::C<128>, cute::C<128>, cute::C<128> >, cute::tuple<cute::C<1>, cute::C<1>, cute::C<1> >, cutlass::bfloat16_t, cutlass::arch::Sm90, 256, true, true, false, false, 4>, flash::VarlenDynamicPersistentTileScheduler<128, 128, 256, 32, false, true, true, true, false, true> > > >(flash::enable_sm90_or_later<flash::FlashAttnFwdSm90<flash::CollectiveMainloopFwdSm90<2, cute::tuple<cute::C<1>, cute::C<1>, cute::C<1> >, cute::tuple<cute::C<128>, cute::C<128>, cute::C<128> >, 128, cutlass::bfloat16_t, float, cutlass::arch::Sm90, true, false, false, true, false, false, false, true, true, true, false, false, cutlass::bfloat16_t, 4>, flash::CollectiveEpilogueFwd<cute::tuple<cute::C<128>, cute::C<128>, cute::C<128> >, cute::tuple<cute::C<1>, cute::C<1>, cute::C<1> >, cutlass::bfloat16_t, cutlass::arch::Sm90, 256, true, true, false, false, 4>, flash::VarlenDynamicPersistentTileScheduler<128, 128, 256, 32, false, true, true, true, false, true> > >::Params)",17,operator_shape_matched,"[[8192,4,128],[3502,128,1,128],[3502,128,1,128],[],[],[],[8192,4,128],[34],[],[],[],[33],[],[],[33,1024],[],[],[],[],[],[33,1],[33,1],[33,1],[],[],[],[],[],[],[73],[],[],[],[],[],[],[]]","[""c10::BFloat16"",""c10::BFloat16"",""c10::BFloat16"","""","""","""",""c10::BFloat16"",""int"","""","""","""",""int"",""Scalar"",""Scalar"",""int"","""","""","""","""","""",""float"",""float"",""float"",""Scalar"",""Scalar"",""Scalar"",""Scalar"",""Scalar"",""Scalar"",""int"",""Scalar"","""",""Scalar"","""",""Scalar"",""Scalar"",""""]",null,3,252.576
_vllm_fa3_C::fwd,"void cutlass::device_kernel<flash::enable_sm90_or_later<flash::FlashAttnFwdSm90<flash::CollectiveMainloopFwdSm90<2, cute::tuple<cute::C<1>, cute::C<1>, cute::C<1> >, cute::tuple<cute::C<128>, cute::C<128>, cute::C<128> >, 128, cutlass::bfloat16_t, float, cutlass::arch::Sm90, true, false, false, true, false, false, false, true, true, true, false, false, cutlass::bfloat16_t, 4>, flash::CollectiveEpilogueFwd<cute::tuple<cute::C<128>, cute::C<128>, cute::C<128> >, cute::tuple<cute::C<1>, cute::C<1>, cute::C<1> >, cutlass::bfloat16_t, cutlass::arch::Sm90, 256, true, true, false, false, 4>, flash::VarlenDynamicPersistentTileScheduler<128, 128, 256, 32, false, true, true, true, false, true> > > >(flash::enable_sm90_or_later<flash::FlashAttnFwdSm90<flash::CollectiveMainloopFwdSm90<2, cute::tuple<cute::C<1>, cute::C<1>, cute::C<1> >, cute::tuple<cute::C<128>, cute::C<128>, cute::C<128> >, 128, cutlass::bfloat16_t, float, cutlass::arch::Sm90, true, false, false, true, false, false, false, true, true, true, false, false, cutlass::bfloat16_t, 4>, flash::CollectiveEpilogueFwd<cute::tuple<cute::C<128>, cute::C<128>, cute::C<128> >, cute::tuple<cute::C<1>, cute::C<1>, cute::C<1> >, cutlass::bfloat16_t, cutlass::arch::Sm90, 256, true, true, false, false, 4>, flash::VarlenDynamicPersistentTileScheduler<128, 128, 256, 32, false, true, true, true, false, true> > >::Params)",18,operator_shape_matched,"[[8192,4,128],[3502,128,1,128],[3502,128,1,128],[],[],[],[8192,4,128],[32],[],[],[],[31],[],[],[31,1024],[],[],[],[],[],[31,1],[31,1],[31,1],[],[],[],[],[],[],[65],[],[],[],[],[],[],[]]","[""c10::BFloat16"",""c10::BFloat16"",""c10::BFloat16"","""","""","""",""c10::BFloat16"",""int"","""","""","""",""int"",""Scalar"",""Scalar"",""int"","""","""","""","""","""",""float"",""float"",""float"",""Scalar"",""Scalar"",""Scalar"",""Scalar"",""Scalar"",""Scalar"",""int"",""Scalar"","""",""Scalar"","""",""Scalar"",""Scalar"",""""]",null,3,247.776
_vllm_fa3_C::fwd,"void cutlass::device_kernel<flash::enable_sm90_or_later<flash::FlashAttnFwdSm90<flash::CollectiveMainloopFwdSm90<2, cute::tuple<cute::C<1>, cute::C<1>, cute::C<1> >, cute::tuple<cute::C<128>, cute::C<128>, cute::C<128> >, 128, cutlass::bfloat16_t, float, cutlass::arch::Sm90, true, false, false, true, false, false, false, true, true, true, false, false, cutlass::bfloat16_t, 4>, flash::CollectiveEpilogueFwd<cute::tuple<cute::C<128>, cute::C<128>, cute::C<128> >, cute::tuple<cute::C<1>, cute::C<1>, cute::C<1> >, cutlass::bfloat16_t, cutlass::arch::Sm90, 256, true, true, false, false, 4>, flash::VarlenDynamicPersistentTileScheduler<128, 128, 256, 32, false, true, true, true, false, true> > > >(flash::enable_sm90_or_later<flash::FlashAttnFwdSm90<flash::CollectiveMainloopFwdSm90<2, cute::tuple<cute::C<1>, cute::C<1>, cute::C<1> >, cute::tuple<cute::C<128>, cute::C<128>, cute::C<128> >, 128, cutlass::bfloat16_t, float, cutlass::arch::Sm90, true, false, false, true, false, false, false, true, true, true, false, false, cutlass::bfloat16_t, 4>, flash::CollectiveEpilogueFwd<cute::tuple<cute::C<128>, cute::C<128>, cute::C<128> >, cute::tuple<cute::C<1>, cute::C<1>, cute::C<1> >, cutlass::bfloat16_t, cutlass::arch::Sm90, 256, true, true, false, false, 4>, flash::VarlenDynamicPersistentTileScheduler<128, 128, 256, 32, false, true, true, true, false, true> > >::Params)",19,operator_shape_matched,"[[8192,4,128],[3502,128,1,128],[3502,128,1,128],[],[],[],[8192,4,128],[30],[],[],[],[29],[],[],[29,1024],[],[],[],[],[],[29,1],[29,1],[29,1],[],[],[],[],[],[],[65],[],[],[],[],[],[],[]]","[""c10::BFloat16"",""c10::BFloat16"",""c10::BFloat16"","""","""","""",""c10::BFloat16"",""int"","""","""","""",""int"",""Scalar"",""Scalar"",""int"","""","""","""","""","""",""float"",""float"",""float"",""Scalar"",""Scalar"",""Scalar"",""Scalar"",""Scalar"",""Scalar"",""int"",""Scalar"","""",""Scalar"","""",""Scalar"",""Scalar"",""""]",null,3,240.353
_vllm_fa3_C::fwd,"void cutlass::device_kernel<flash::enable_sm90_or_later<flash::FlashAttnFwdSm90<flash::CollectiveMainloopFwdSm90<2, cute::tuple<cute::C<1>, cute::C<1>, cute::C<1> >, cute::tuple<cute::C<128>, cute::C<128>, cute::C<128> >, 128, cutlass::bfloat16_t, float, cutlass::arch::Sm90, true, false, false, true, false, false, false, true, true, true, false, false, cutlass::bfloat16_t, 4>, flash::CollectiveEpilogueFwd<cute::tuple<cute::C<128>, cute::C<128>, cute::C<128> >, cute::tuple<cute::C<1>, cute::C<1>, cute::C<1> >, cutlass::bfloat16_t, cutlass::arch::Sm90, 256, true, true, false, false, 4>, flash::VarlenDynamicPersistentTileScheduler<128, 128, 256, 32, false, true, true, true, false, true> > > >(flash::enable_sm90_or_later<flash::FlashAttnFwdSm90<flash::CollectiveMainloopFwdSm90<2, cute::tuple<cute::C<1>, cute::C<1>, cute::C<1> >, cute::tuple<cute::C<128>, cute::C<128>, cute::C<128> >, 128, cutlass::bfloat16_t, float, cutlass::arch::Sm90, true, false, false, true, false, false, false, true, true, true, false, false, cutlass::bfloat16_t, 4>, flash::CollectiveEpilogueFwd<cute::tuple<cute::C<128>, cute::C<128>, cute::C<128> >, cute::tuple<cute::C<1>, cute::C<1>, cute::C<1> >, cutlass::bfloat16_t, cutlass::arch::Sm90, 256, true, true, false, false, 4>, flash::VarlenDynamicPersistentTileScheduler<128, 128, 256, 32, false, true, true, true, false, true> > >::Params)",20,operator_shape_matched,"[[8192,4,128],[3502,128,1,128],[3502,128,1,128],[],[],[],[8192,4,128],[28],[],[],[],[27],[],[],[27,1024],[],[],[],[],[],[27,1],[27,1],[27,1],[],[],[],[],[],[],[57],[],[],[],[],[],[],[]]","[""c10::BFloat16"",""c10::BFloat16"",""c10::BFloat16"","""","""","""",""c10::BFloat16"",""int"","""","""","""",""int"",""Scalar"",""Scalar"",""int"","""","""","""","""","""",""float"",""float"",""float"",""Scalar"",""Scalar"",""Scalar"",""Scalar"",""Scalar"",""Scalar"",""int"",""Scalar"","""",""Scalar"","""",""Scalar"",""Scalar"",""""]",null,3,239.072
_vllm_fa3_C::fwd,"void cutlass::device_kernel<flash::enable_sm90_or_later<flash::FlashAttnFwdSm90<flash::CollectiveMainloopFwdSm90<2, cute::tuple<cute::C<1>, cute::C<1>, cute::C<1> >, cute::tuple<cute::C<128>, cute::C<128>, cute::C<128> >, 128, cutlass::bfloat16_t, float, cutlass::arch::Sm90, true, false, false, true, false, false, false, true, true, true, false, false, cutlass::bfloat16_t, 4>, flash::CollectiveEpilogueFwd<cute::tuple<cute::C<128>, cute::C<128>, cute::C<128> >, cute::tuple<cute::C<1>, cute::C<1>, cute::C<1> >, cutlass::bfloat16_t, cutlass::arch::Sm90, 256, true, true, false, false, 4>, flash::VarlenDynamicPersistentTileScheduler<128, 128, 256, 32, false, true, true, true, false, true> > > >(flash::enable_sm90_or_later<flash::FlashAttnFwdSm90<flash::CollectiveMainloopFwdSm90<2, cute::tuple<cute::C<1>, cute::C<1>, cute::C<1> >, cute::tuple<cute::C<128>, cute::C<128>, cute::C<128> >, 128, cutlass::bfloat16_t, float, cutlass::arch::Sm90, true, false, false, true, false, false, false, true, true, true, false, false, cutlass::bfloat16_t, 4>, flash::CollectiveEpilogueFwd<cute::tuple<cute::C<128>, cute::C<128>, cute::C<128> >, cute::tuple<cute::C<1>, cute::C<1>, cute::C<1> >, cutlass::bfloat16_t, cutlass::arch::Sm90, 256, true, true, false, false, 4>, flash::VarlenDynamicPersistentTileScheduler<128, 128, 256, 32, false, true, true, true, false, true> > >::Params)",21,operator_shape_matched,"[[8192,4,128],[3502,128,1,128],[3502,128,1,128],[],[],[],[8192,4,128],[26],[],[],[],[25],[],[],[25,1024],[],[],[],[],[],[25,1],[25,1],[25,1],[],[],[],[],[],[],[57],[],[],[],[],[],[],[]]","[""c10::BFloat16"",""c10::BFloat16"",""c10::BFloat16"","""","""","""",""c10::BFloat16"",""int"","""","""","""",""int"",""Scalar"",""Scalar"",""int"","""","""","""","""","""",""float"",""float"",""float"",""Scalar"",""Scalar"",""Scalar"",""Scalar"",""Scalar"",""Scalar"",""int"",""Scalar"","""",""Scalar"","""",""Scalar"",""Scalar"",""""]",null,3,228.864
_vllm_fa3_C::fwd,"void cutlass::device_kernel<flash::enable_sm90_or_later<flash::FlashAttnFwdSm90<flash::CollectiveMainloopFwdSm90<2, cute::tuple<cute::C<1>, cute::C<1>, cute::C<1> >, cute::tuple<cute::C<128>, cute::C<128>, cute::C<128> >, 128, cutlass::bfloat16_t, float, cutlass::arch::Sm90, true, false, false, true, false, false, false, true, true, true, false, false, cutlass::bfloat16_t, 4>, flash::CollectiveEpilogueFwd<cute::tuple<cute::C<128>, cute::C<128>, cute::C<128> >, cute::tuple<cute::C<1>, cute::C<1>, cute::C<1> >, cutlass::bfloat16_t, cutlass::arch::Sm90, 256, true, true, false, false, 4>, flash::VarlenDynamicPersistentTileScheduler<128, 128, 256, 32, false, true, true, true, false, true> > > >(flash::enable_sm90_or_later<flash::FlashAttnFwdSm90<flash::CollectiveMainloopFwdSm90<2, cute::tuple<cute::C<1>, cute::C<1>, cute::C<1> >, cute::tuple<cute::C<128>, cute::C<128>, cute::C<128> >, 128, cutlass::bfloat16_t, float, cutlass::arch::Sm90, true, false, false, true, false, false, false, true, true, true, false, false, cutlass::bfloat16_t, 4>, flash::CollectiveEpilogueFwd<cute::tuple<cute::C<128>, cute::C<128>, cute::C<128> >, cute::tuple<cute::C<1>, cute::C<1>, cute::C<1> >, cutlass::bfloat16_t, cutlass::arch::Sm90, 256, true, true, false, false, 4>, flash::VarlenDynamicPersistentTileScheduler<128, 128, 256, 32, false, true, true, true, false, true> > >::Params)",22,operator_shape_matched,"[[8192,4,128],[3502,128,1,128],[3502,128,1,128],[],[],[],[8192,4,128],[24],[],[],[],[23],[],[],[23,1024],[],[],[],[],[],[23,1],[23,1],[23,1],[],[],[],[],[],[],[49],[],[],[],[],[],[],[]]","[""c10::BFloat16"",""c10::BFloat16"",""c10::BFloat16"","""","""","""",""c10::BFloat16"",""int"","""","""","""",""int"",""Scalar"",""Scalar"",""int"","""","""","""","""","""",""float"",""float"",""float"",""Scalar"",""Scalar"",""Scalar"",""Scalar"",""Scalar"",""Scalar"",""int"",""Scalar"","""",""Scalar"","""",""Scalar"",""Scalar"",""""]",null,3,223.457
_vllm_fa3_C::fwd,"void cutlass::device_kernel<flash::enable_sm90_or_later<flash::FlashAttnFwdSm90<flash::CollectiveMainloopFwdSm90<2, cute::tuple<cute::C<1>, cute::C<1>, cute::C<1> >, cute::tuple<cute::C<128>, cute::C<128>, cute::C<128> >, 128, cutlass::bfloat16_t, float, cutlass::arch::Sm90, true, false, false, true, false, false, false, true, true, true, false, false, cutlass::bfloat16_t, 4>, flash::CollectiveEpilogueFwd<cute::tuple<cute::C<128>, cute::C<128>, cute::C<128> >, cute::tuple<cute::C<1>, cute::C<1>, cute::C<1> >, cutlass::bfloat16_t, cutlass::arch::Sm90, 256, true, true, false, false, 4>, flash::VarlenDynamicPersistentTileScheduler<128, 128, 256, 32, false, true, true, true, false, true> > > >(flash::enable_sm90_or_later<flash::FlashAttnFwdSm90<flash::CollectiveMainloopFwdSm90<2, cute::tuple<cute::C<1>, cute::C<1>, cute::C<1> >, cute::tuple<cute::C<128>, cute::C<128>, cute::C<128> >, 128, cutlass::bfloat16_t, float, cutlass::arch::Sm90, true, false, false, true, false, false, false, true, true, true, false, false, cutlass::bfloat16_t, 4>, flash::CollectiveEpilogueFwd<cute::tuple<cute::C<128>, cute::C<128>, cute::C<128> >, cute::tuple<cute::C<1>, cute::C<1>, cute::C<1> >, cutlass::bfloat16_t, cutlass::arch::Sm90, 256, true, true, false, false, 4>, flash::VarlenDynamicPersistentTileScheduler<128, 128, 256, 32, false, true, true, true, false, true> > >::Params)",23,operator_shape_matched,"[[8192,4,128],[3502,128,1,128],[3502,128,1,128],[],[],[],[8192,4,128],[22],[],[],[],[21],[],[],[21,1024],[],[],[],[],[],[21,1],[21,1],[21,1],[],[],[],[],[],[],[49],[],[],[],[],[],[],[]]","[""c10::BFloat16"",""c10::BFloat16"",""c10::BFloat16"","""","""","""",""c10::BFloat16"",""int"","""","""","""",""int"",""Scalar"",""Scalar"",""int"","""","""","""","""","""",""float"",""float"",""float"",""Scalar"",""Scalar"",""Scalar"",""Scalar"",""Scalar"",""Scalar"",""int"",""Scalar"","""",""Scalar"","""",""Scalar"",""Scalar"",""""]",null,3,217.888
_vllm_fa3_C::fwd,"void cutlass::device_kernel<flash::enable_sm90_or_later<flash::FlashAttnFwdSm90<flash::CollectiveMainloopFwdSm90<2, cute::tuple<cute::C<1>, cute::C<1>, cute::C<1> >, cute::tuple<cute::C<128>, cute::C<128>, cute::C<128> >, 128, cutlass::bfloat16_t, float, cutlass::arch::Sm90, true, false, false, true, false, false, false, true, true, true, false, false, cutlass::bfloat16_t, 4>, flash::CollectiveEpilogueFwd<cute::tuple<cute::C<128>, cute::C<128>, cute::C<128> >, cute::tuple<cute::C<1>, cute::C<1>, cute::C<1> >, cutlass::bfloat16_t, cutlass::arch::Sm90, 256, true, true, false, false, 4>, flash::VarlenDynamicPersistentTileScheduler<128, 128, 256, 32, false, true, true, true, false, true> > > >(flash::enable_sm90_or_later<flash::FlashAttnFwdSm90<flash::CollectiveMainloopFwdSm90<2, cute::tuple<cute::C<1>, cute::C<1>, cute::C<1> >, cute::tuple<cute::C<128>, cute::C<128>, cute::C<128> >, 128, cutlass::bfloat16_t, float, cutlass::arch::Sm90, true, false, false, true, false, false, false, true, true, true, false, false, cutlass::bfloat16_t, 4>, flash::CollectiveEpilogueFwd<cute::tuple<cute::C<128>, cute::C<128>, cute::C<128> >, cute::tuple<cute::C<1>, cute::C<1>, cute::C<1> >, cutlass::bfloat16_t, cutlass::arch::Sm90, 256, true, true, false, false, 4>, flash::VarlenDynamicPersistentTileScheduler<128, 128, 256, 32, false, true, true, true, false, true> > >::Params)",24,operator_shape_matched,"[[8192,4,128],[3502,128,1,128],[3502,128,1,128],[],[],[],[8192,4,128],[20],[],[],[],[19],[],[],[19,1024],[],[],[],[],[],[19,1],[19,1],[19,1],[],[],[],[],[],[],[41],[],[],[],[],[],[],[]]","[""c10::BFloat16"",""c10::BFloat16"",""c10::BFloat16"","""","""","""",""c10::BFloat16"",""int"","""","""","""",""int"",""Scalar"",""Scalar"",""int"","""","""","""","""","""",""float"",""float"",""float"",""Scalar"",""Scalar"",""Scalar"",""Scalar"",""Scalar"",""Scalar"",""int"",""Scalar"","""",""Scalar"","""",""Scalar"",""Scalar"",""""]",null,3,212.096
_vllm_fa3_C::fwd,"void cutlass::device_kernel<flash::enable_sm90_or_later<flash::FlashAttnFwdSm90<flash::CollectiveMainloopFwdSm90<2, cute::tuple<cute::C<1>, cute::C<1>, cute::C<1> >, cute::tuple<cute::C<128>, cute::C<128>, cute::C<128> >, 128, cutlass::bfloat16_t, float, cutlass::arch::Sm90, true, false, false, true, false, false, false, true, true, true, false, false, cutlass::bfloat16_t, 4>, flash::CollectiveEpilogueFwd<cute::tuple<cute::C<128>, cute::C<128>, cute::C<128> >, cute::tuple<cute::C<1>, cute::C<1>, cute::C<1> >, cutlass::bfloat16_t, cutlass::arch::Sm90, 256, true, true, false, false, 4>, flash::VarlenDynamicPersistentTileScheduler<128, 128, 256, 32, false, true, true, true, false, true> > > >(flash::enable_sm90_or_later<flash::FlashAttnFwdSm90<flash::CollectiveMainloopFwdSm90<2, cute::tuple<cute::C<1>, cute::C<1>, cute::C<1> >, cute::tuple<cute::C<128>, cute::C<128>, cute::C<128> >, 128, cutlass::bfloat16_t, float, cutlass::arch::Sm90, true, false, false, true, false, false, false, true, true, true, false, false, cutlass::bfloat16_t, 4>, flash::CollectiveEpilogueFwd<cute::tuple<cute::C<128>, cute::C<128>, cute::C<128> >, cute::tuple<cute::C<1>, cute::C<1>, cute::C<1> >, cutlass::bfloat16_t, cutlass::arch::Sm90, 256, true, true, false, false, 4>, flash::VarlenDynamicPersistentTileScheduler<128, 128, 256, 32, false, true, true, true, false, true> > >::Params)",25,operator_shape_matched,"[[8192,4,128],[3502,128,1,128],[3502,128,1,128],[],[],[],[8192,4,128],[18],[],[],[],[17],[],[],[17,1024],[],[],[],[],[],[17,1],[17,1],[17,1],[],[],[],[],[],[],[41],[],[],[],[],[],[],[]]","[""c10::BFloat16"",""c10::BFloat16"",""c10::BFloat16"","""","""","""",""c10::BFloat16"",""int"","""","""","""",""int"",""Scalar"",""Scalar"",""int"","""","""","""","""","""",""float"",""float"",""float"",""Scalar"",""Scalar"",""Scalar"",""Scalar"",""Scalar"",""Scalar"",""int"",""Scalar"","""",""Scalar"","""",""Scalar"",""Scalar"",""""]",null,3,207.905
_vllm_fa3_C::fwd,"void cutlass::device_kernel<flash::enable_sm90_or_later<flash::FlashAttnFwdSm90<flash::CollectiveMainloopFwdSm90<2, cute::tuple<cute::C<1>, cute::C<1>, cute::C<1> >, cute::tuple<cute::C<128>, cute::C<128>, cute::C<128> >, 128, cutlass::bfloat16_t, float, cutlass::arch::Sm90, true, false, false, true, false, false, false, true, true, true, false, false, cutlass::bfloat16_t, 4>, flash::CollectiveEpilogueFwd<cute::tuple<cute::C<128>, cute::C<128>, cute::C<128> >, cute::tuple<cute::C<1>, cute::C<1>, cute::C<1> >, cutlass::bfloat16_t, cutlass::arch::Sm90, 256, true, true, false, false, 4>, flash::VarlenDynamicPersistentTileScheduler<128, 128, 256, 32, false, true, true, true, false, true> > > >(flash::enable_sm90_or_later<flash::FlashAttnFwdSm90<flash::CollectiveMainloopFwdSm90<2, cute::tuple<cute::C<1>, cute::C<1>, cute::C<1> >, cute::tuple<cute::C<128>, cute::C<128>, cute::C<128> >, 128, cutlass::bfloat16_t, float, cutlass::arch::Sm90, true, false, false, true, false, false, false, true, true, true, false, false, cutlass::bfloat16_t, 4>, flash::CollectiveEpilogueFwd<cute::tuple<cute::C<128>, cute::C<128>, cute::C<128> >, cute::tuple<cute::C<1>, cute::C<1>, cute::C<1> >, cutlass::bfloat16_t, cutlass::arch::Sm90, 256, true, true, false, false, 4>, flash::VarlenDynamicPersistentTileScheduler<128, 128, 256, 32, false, true, true, true, false, true> > >::Params)",26,operator_shape_matched,"[[8192,4,128],[3502,128,1,128],[3502,128,1,128],[],[],[],[8192,4,128],[16],[],[],[],[15],[],[],[15,1024],[],[],[],[],[],[15,1],[15,1],[15,1],[],[],[],[],[],[],[33],[],[],[],[],[],[],[]]","[""c10::BFloat16"",""c10::BFloat16"",""c10::BFloat16"","""","""","""",""c10::BFloat16"",""int"","""","""","""",""int"",""Scalar"",""Scalar"",""int"","""","""","""","""","""",""float"",""float"",""float"",""Scalar"",""Scalar"",""Scalar"",""Scalar"",""Scalar"",""Scalar"",""int"",""Scalar"","""",""Scalar"","""",""Scalar"",""Scalar"",""""]",null,3,202.943
_vllm_fa3_C::fwd,"void cutlass::device_kernel<flash::enable_sm90_or_later<flash::FlashAttnFwdSm90<flash::CollectiveMainloopFwdSm90<2, cute::tuple<cute::C<1>, cute::C<1>, cute::C<1> >, cute::tuple<cute::C<128>, cute::C<128>, cute::C<128> >, 128, cutlass::bfloat16_t, float, cutlass::arch::Sm90, true, false, false, true, false, false, false, true, true, true, false, false, cutlass::bfloat16_t, 4>, flash::CollectiveEpilogueFwd<cute::tuple<cute::C<128>, cute::C<128>, cute::C<128> >, cute::tuple<cute::C<1>, cute::C<1>, cute::C<1> >, cutlass::bfloat16_t, cutlass::arch::Sm90, 256, true, true, false, false, 4>, flash::VarlenDynamicPersistentTileScheduler<128, 128, 256, 32, false, true, true, true, false, true> > > >(flash::enable_sm90_or_later<flash::FlashAttnFwdSm90<flash::CollectiveMainloopFwdSm90<2, cute::tuple<cute::C<1>, cute::C<1>, cute::C<1> >, cute::tuple<cute::C<128>, cute::C<128>, cute::C<128> >, 128, cutlass::bfloat16_t, float, cutlass::arch::Sm90, true, false, false, true, false, false, false, true, true, true, false, false, cutlass::bfloat16_t, 4>, flash::CollectiveEpilogueFwd<cute::tuple<cute::C<128>, cute::C<128>, cute::C<128> >, cute::tuple<cute::C<1>, cute::C<1>, cute::C<1> >, cutlass::bfloat16_t, cutlass::arch::Sm90, 256, true, true, false, false, 4>, flash::VarlenDynamicPersistentTileScheduler<128, 128, 256, 32, false, true, true, true, false, true> > >::Params)",27,operator_shape_matched,"[[8192,4,128],[3502,128,1,128],[3502,128,1,128],[],[],[],[8192,4,128],[14],[],[],[],[13],[],[],[13,1024],[],[],[],[],[],[13,1],[13,1],[13,1],[],[],[],[],[],[],[33],[],[],[],[],[],[],[]]","[""c10::BFloat16"",""c10::BFloat16"",""c10::BFloat16"","""","""","""",""c10::BFloat16"",""int"","""","""","""",""int"",""Scalar"",""Scalar"",""int"","""","""","""","""","""",""float"",""float"",""float"",""Scalar"",""Scalar"",""Scalar"",""Scalar"",""Scalar"",""Scalar"",""int"",""Scalar"","""",""Scalar"","""",""Scalar"",""Scalar"",""""]",null,3,196.482
_vllm_fa3_C::fwd,"void cutlass::device_kernel<flash::enable_sm90_or_later<flash::FlashAttnFwdSm90<flash::CollectiveMainloopFwdSm90<2, cute::tuple<cute::C<1>, cute::C<1>, cute::C<1> >, cute::tuple<cute::C<128>, cute::C<128>, cute::C<128> >, 128, cutlass::bfloat16_t, float, cutlass::arch::Sm90, true, false, false, true, false, false, false, true, true, true, false, false, cutlass::bfloat16_t, 4>, flash::CollectiveEpilogueFwd<cute::tuple<cute::C<128>, cute::C<128>, cute::C<128> >, cute::tuple<cute::C<1>, cute::C<1>, cute::C<1> >, cutlass::bfloat16_t, cutlass::arch::Sm90, 256, true, true, false, false, 4>, flash::VarlenDynamicPersistentTileScheduler<128, 128, 256, 32, false, true, true, true, false, true> > > >(flash::enable_sm90_or_later<flash::FlashAttnFwdSm90<flash::CollectiveMainloopFwdSm90<2, cute::tuple<cute::C<1>, cute::C<1>, cute::C<1> >, cute::tuple<cute::C<128>, cute::C<128>, cute::C<128> >, 128, cutlass::bfloat16_t, float, cutlass::arch::Sm90, true, false, false, true, false, false, false, true, true, true, false, false, cutlass::bfloat16_t, 4>, flash::CollectiveEpilogueFwd<cute::tuple<cute::C<128>, cute::C<128>, cute::C<128> >, cute::tuple<cute::C<1>, cute::C<1>, cute::C<1> >, cutlass::bfloat16_t, cutlass::arch::Sm90, 256, true, true, false, false, 4>, flash::VarlenDynamicPersistentTileScheduler<128, 128, 256, 32, false, true, true, true, false, true> > >::Params)",28,operator_shape_matched,"[[8192,4,128],[3502,128,1,128],[3502,128,1,128],[],[],[],[8192,4,128],[12],[],[],[],[11],[],[],[11,1024],[],[],[],[],[],[11,1],[11,1],[11,1],[],[],[],[],[],[],[25],[],[],[],[],[],[],[]]","[""c10::BFloat16"",""c10::BFloat16"",""c10::BFloat16"","""","""","""",""c10::BFloat16"",""int"","""","""","""",""int"",""Scalar"",""Scalar"",""int"","""","""","""","""","""",""float"",""float"",""float"",""Scalar"",""Scalar"",""Scalar"",""Scalar"",""Scalar"",""Scalar"",""int"",""Scalar"","""",""Scalar"","""",""Scalar"",""Scalar"",""""]",null,3,191.2
_vllm_fa3_C::fwd,"void cutlass::device_kernel<flash::enable_sm90_or_later<flash::FlashAttnFwdSm90<flash::CollectiveMainloopFwdSm90<2, cute::tuple<cute::C<1>, cute::C<1>, cute::C<1> >, cute::tuple<cute::C<128>, cute::C<128>, cute::C<128> >, 128, cutlass::bfloat16_t, float, cutlass::arch::Sm90, true, false, false, true, false, false, false, true, true, true, false, false, cutlass::bfloat16_t, 4>, flash::CollectiveEpilogueFwd<cute::tuple<cute::C<128>, cute::C<128>, cute::C<128> >, cute::tuple<cute::C<1>, cute::C<1>, cute::C<1> >, cutlass::bfloat16_t, cutlass::arch::Sm90, 256, true, true, false, false, 4>, flash::VarlenDynamicPersistentTileScheduler<128, 128, 256, 32, false, true, true, true, false, true> > > >(flash::enable_sm90_or_later<flash::FlashAttnFwdSm90<flash::CollectiveMainloopFwdSm90<2, cute::tuple<cute::C<1>, cute::C<1>, cute::C<1> >, cute::tuple<cute::C<128>, cute::C<128>, cute::C<128> >, 128, cutlass::bfloat16_t, float, cutlass::arch::Sm90, true, false, false, true, false, false, false, true, true, true, false, false, cutlass::bfloat16_t, 4>, flash::CollectiveEpilogueFwd<cute::tuple<cute::C<128>, cute::C<128>, cute::C<128> >, cute::tuple<cute::C<1>, cute::C<1>, cute::C<1> >, cutlass::bfloat16_t, cutlass::arch::Sm90, 256, true, true, false, false, 4>, flash::VarlenDynamicPersistentTileScheduler<128, 128, 256, 32, false, true, true, true, false, true> > >::Params)",29,operator_shape_matched,"[[8192,4,128],[3502,128,1,128],[3502,128,1,128],[],[],[],[8192,4,128],[10],[],[],[],[9],[],[],[9,1024],[],[],[],[],[],[9,1],[9,1],[9,1],[],[],[],[],[],[],[25],[],[],[],[],[],[],[]]","[""c10::BFloat16"",""c10::BFloat16"",""c10::BFloat16"","""","""","""",""c10::BFloat16"",""int"","""","""","""",""int"",""Scalar"",""Scalar"",""int"","""","""","""","""","""",""float"",""float"",""float"",""Scalar"",""Scalar"",""Scalar"",""Scalar"",""Scalar"",""Scalar"",""int"",""Scalar"","""",""Scalar"","""",""Scalar"",""Scalar"",""""]",null,3,186.75
_vllm_fa3_C::fwd,"void cutlass::device_kernel<flash::enable_sm90_or_later<flash::FlashAttnFwdSm90<flash::CollectiveMainloopFwdSm90<2, cute::tuple<cute::C<1>, cute::C<1>, cute::C<1> >, cute::tuple<cute::C<128>, cute::C<128>, cute::C<128> >, 128, cutlass::bfloat16_t, float, cutlass::arch::Sm90, true, false, false, true, false, false, false, true, true, true, false, false, cutlass::bfloat16_t, 4>, flash::CollectiveEpilogueFwd<cute::tuple<cute::C<128>, cute::C<128>, cute::C<128> >, cute::tuple<cute::C<1>, cute::C<1>, cute::C<1> >, cutlass::bfloat16_t, cutlass::arch::Sm90, 256, true, true, false, false, 4>, flash::VarlenDynamicPersistentTileScheduler<128, 128, 256, 32, false, true, true, true, false, true> > > >(flash::enable_sm90_or_later<flash::FlashAttnFwdSm90<flash::CollectiveMainloopFwdSm90<2, cute::tuple<cute::C<1>, cute::C<1>, cute::C<1> >, cute::tuple<cute::C<128>, cute::C<128>, cute::C<128> >, 128, cutlass::bfloat16_t, float, cutlass::arch::Sm90, true, false, false, true, false, false, false, true, true, true, false, false, cutlass::bfloat16_t, 4>, flash::CollectiveEpilogueFwd<cute::tuple<cute::C<128>, cute::C<128>, cute::C<128> >, cute::tuple<cute::C<1>, cute::C<1>, cute::C<1> >, cutlass::bfloat16_t, cutlass::arch::Sm90, 256, true, true, false, false, 4>, flash::VarlenDynamicPersistentTileScheduler<128, 128, 256, 32, false, true, true, true, false, true> > >::Params)",30,operator_shape_matched,"[[8192,4,128],[3502,128,1,128],[3502,128,1,128],[],[],[],[8192,4,128],[8],[],[],[],[7],[],[],[7,1024],[],[],[],[],[],[7,1],[7,1],[7,1],[],[],[],[],[],[],[17],[],[],[],[],[],[],[]]","[""c10::BFloat16"",""c10::BFloat16"",""c10::BFloat16"","""","""","""",""c10::BFloat16"",""int"","""","""","""",""int"",""Scalar"",""Scalar"",""int"","""","""","""","""","""",""float"",""float"",""float"",""Scalar"",""Scalar"",""Scalar"",""Scalar"",""Scalar"",""Scalar"",""int"",""Scalar"","""",""Scalar"","""",""Scalar"",""Scalar"",""""]",null,3,183.488
_vllm_fa3_C::fwd,"void cutlass::device_kernel<flash::enable_sm90_or_later<flash::FlashAttnFwdSm90<flash::CollectiveMainloopFwdSm90<2, cute::tuple<cute::C<1>, cute::C<1>, cute::C<1> >, cute::tuple<cute::C<128>, cute::C<128>, cute::C<128> >, 128, cutlass::bfloat16_t, float, cutlass::arch::Sm90, true, false, false, true, false, false, false, true, true, true, false, false, cutlass::bfloat16_t, 4>, flash::CollectiveEpilogueFwd<cute::tuple<cute::C<128>, cute::C<128>, cute::C<128> >, cute::tuple<cute::C<1>, cute::C<1>, cute::C<1> >, cutlass::bfloat16_t, cutlass::arch::Sm90, 256, true, true, false, false, 4>, flash::VarlenDynamicPersistentTileScheduler<128, 128, 256, 32, false, true, true, true, false, true> > > >(flash::enable_sm90_or_later<flash::FlashAttnFwdSm90<flash::CollectiveMainloopFwdSm90<2, cute::tuple<cute::C<1>, cute::C<1>, cute::C<1> >, cute::tuple<cute::C<128>, cute::C<128>, cute::C<128> >, 128, cutlass::bfloat16_t, float, cutlass::arch::Sm90, true, false, false, true, false, false, false, true, true, true, false, false, cutlass::bfloat16_t, 4>, flash::CollectiveEpilogueFwd<cute::tuple<cute::C<128>, cute::C<128>, cute::C<128> >, cute::tuple<cute::C<1>, cute::C<1>, cute::C<1> >, cutlass::bfloat16_t, cutlass::arch::Sm90, 256, true, true, false, false, 4>, flash::VarlenDynamicPersistentTileScheduler<128, 128, 256, 32, false, true, true, true, false, true> > >::Params)",31,operator_shape_matched,"[[8192,4,128],[3502,128,1,128],[3502,128,1,128],[],[],[],[8192,4,128],[6],[],[],[],[5],[],[],[5,1024],[],[],[],[],[],[5,1],[5,1],[5,1],[],[],[],[],[],[],[17],[],[],[],[],[],[],[]]","[""c10::BFloat16"",""c10::BFloat16"",""c10::BFloat16"","""","""","""",""c10::BFloat16"",""int"","""","""","""",""int"",""Scalar"",""Scalar"",""int"","""","""","""","""","""",""float"",""float"",""float"",""Scalar"",""Scalar"",""Scalar"",""Scalar"",""Scalar"",""Scalar"",""int"",""Scalar"","""",""Scalar"","""",""Scalar"",""Scalar"",""""]",null,3,179.615
_vllm_fa3_C::fwd,"void cutlass::device_kernel<flash::enable_sm90_or_later<flash::FlashAttnFwdSm90<flash::CollectiveMainloopFwdSm90<2, cute::tuple<cute::C<1>, cute::C<1>, cute::C<1> >, cute::tuple<cute::C<128>, cute::C<128>, cute::C<128> >, 128, cutlass::bfloat16_t, float, cutlass::arch::Sm90, true, false, false, true, false, false, false, true, true, true, false, false, cutlass::bfloat16_t, 4>, flash::CollectiveEpilogueFwd<cute::tuple<cute::C<128>, cute::C<128>, cute::C<128> >, cute::tuple<cute::C<1>, cute::C<1>, cute::C<1> >, cutlass::bfloat16_t, cutlass::arch::Sm90, 256, true, true, false, false, 4>, flash::VarlenDynamicPersistentTileScheduler<128, 128, 256, 32, false, true, true, true, false, true> > > >(flash::enable_sm90_or_later<flash::FlashAttnFwdSm90<flash::CollectiveMainloopFwdSm90<2, cute::tuple<cute::C<1>, cute::C<1>, cute::C<1> >, cute::tuple<cute::C<128>, cute::C<128>, cute::C<128> >, 128, cutlass::bfloat16_t, float, cutlass::arch::Sm90, true, false, false, true, false, false, false, true, true, true, false, false, cutlass::bfloat16_t, 4>, flash::CollectiveEpilogueFwd<cute::tuple<cute::C<128>, cute::C<128>, cute::C<128> >, cute::tuple<cute::C<1>, cute::C<1>, cute::C<1> >, cutlass::bfloat16_t, cutlass::arch::Sm90, 256, true, true, false, false, 4>, flash::VarlenDynamicPersistentTileScheduler<128, 128, 256, 32, false, true, true, true, false, true> > >::Params)",32,operator_shape_matched,"[[8192,4,128],[3502,128,1,128],[3502,128,1,128],[],[],[],[8192,4,128],[4],[],[],[],[3],[],[],[3,1024],[],[],[],[],[],[3,1],[3,1],[3,1],[],[],[],[],[],[],[9],[],[],[],[],[],[],[]]","[""c10::BFloat16"",""c10::BFloat16"",""c10::BFloat16"","""","""","""",""c10::BFloat16"",""int"","""","""","""",""int"",""Scalar"",""Scalar"",""int"","""","""","""","""","""",""float"",""float"",""float"",""Scalar"",""Scalar"",""Scalar"",""Scalar"",""Scalar"",""Scalar"",""int"",""Scalar"","""",""Scalar"","""",""Scalar"",""Scalar"",""""]",null,3,178.24
_vllm_fa3_C::fwd,"void cutlass::device_kernel<flash::enable_sm90_or_later<flash::FlashAttnFwdSm90<flash::CollectiveMainloopFwdSm90<2, cute::tuple<cute::C<1>, cute::C<1>, cute::C<1> >, cute::tuple<cute::C<128>, cute::C<128>, cute::C<128> >, 128, cutlass::bfloat16_t, float, cutlass::arch::Sm90, true, false, false, true, false, false, false, true, true, true, false, false, cutlass::bfloat16_t, 4>, flash::CollectiveEpilogueFwd<cute::tuple<cute::C<128>, cute::C<128>, cute::C<128> >, cute::tuple<cute::C<1>, cute::C<1>, cute::C<1> >, cutlass::bfloat16_t, cutlass::arch::Sm90, 256, true, true, false, false, 4>, flash::VarlenDynamicPersistentTileScheduler<128, 128, 256, 32, false, true, true, true, false, true> > > >(flash::enable_sm90_or_later<flash::FlashAttnFwdSm90<flash::CollectiveMainloopFwdSm90<2, cute::tuple<cute::C<1>, cute::C<1>, cute::C<1> >, cute::tuple<cute::C<128>, cute::C<128>, cute::C<128> >, 128, cutlass::bfloat16_t, float, cutlass::arch::Sm90, true, false, false, true, false, false, false, true, true, true, false, false, cutlass::bfloat16_t, 4>, flash::CollectiveEpilogueFwd<cute::tuple<cute::C<128>, cute::C<128>, cute::C<128> >, cute::tuple<cute::C<1>, cute::C<1>, cute::C<1> >, cutlass::bfloat16_t, cutlass::arch::Sm90, 256, true, true, false, false, 4>, flash::VarlenDynamicPersistentTileScheduler<128, 128, 256, 32, false, true, true, true, false, true> > >::Params)",33,operator_shape_matched,"[[4096,4,128],[3502,128,1,128],[3502,128,1,128],[],[],[],[4096,4,128],[2],[],[],[],[1],[],[],[1,1024],[],[],[],[],[],[1,1],[1,1],[1,1],[],[],[],[],[],[],[9],[],[],[],[],[],[],[]]","[""c10::BFloat16"",""c10::BFloat16"",""c10::BFloat16"","""","""","""",""c10::BFloat16"",""int"","""","""","""",""int"",""Scalar"",""Scalar"",""int"","""","""","""","""","""",""float"",""float"",""float"",""Scalar"",""Scalar"",""Scalar"",""Scalar"",""Scalar"",""Scalar"",""int"",""Scalar"","""",""Scalar"","""",""Scalar"",""Scalar"",""""]",null,3,160.897
aten::argmax,"void at::native::reduce_kernel<512, 1, at::native::ReduceOp<float, at::native::ArgMaxOps<float>, unsigned int, long, 4, 4> >(at::native::ReduceOp<float, at::native::ArgMaxOps<float>, unsigned int, long, 4, 4>)",1,operator_shape_matched,"[[64,200064],[],[]]","[""float"",""Scalar"",""Scalar""]",null,223,6682.925
aten::argmax,"void at::native::reduce_kernel<512, 1, at::native::ReduceOp<float, at::native::ArgMaxOps<float>, unsigned int, long, 4, 4> >(at::native::ReduceOp<float, at::native::ArgMaxOps<float>, unsigned int, long, 4, 4>)",2,operator_shape_matched,"[[63,200064],[],[]]","[""float"",""Scalar"",""Scalar""]",null,3,92.32
aten::argmax,"void at::native::reduce_kernel<512, 1, at::native::ReduceOp<float, at::native::ArgMaxOps<float>, unsigned int, long, 4, 4> >(at::native::ReduceOp<float, at::native::ArgMaxOps<float>, unsigned int, long, 4, 4>)",3,operator_shape_matched,"[[62,200064],[],[]]","[""float"",""Scalar"",""Scalar""]",null,1,30.784
aten::argmax,"void at::native::reduce_kernel<512, 1, at::native::ReduceOp<float, at::native::ArgMaxOps<float>, unsigned int, long, 4, 4> >(at::native::ReduceOp<float, at::native::ArgMaxOps<float>, unsigned int, long, 4, 4>)",4,operator_shape_matched,"[[61,200064],[],[]]","[""float"",""Scalar"",""Scalar""]",null,1,29.92
aten::argmax,"void at::native::reduce_kernel<512, 1, at::native::ReduceOp<float, at::native::ArgMaxOps<float>, unsigned int, long, 4, 4> >(at::native::ReduceOp<float, at::native::ArgMaxOps<float>, unsigned int, long, 4, 4>)",5,operator_shape_matched,"[[60,200064],[],[]]","[""float"",""Scalar"",""Scalar""]",null,1,29.472
aten::argmax,"void at::native::reduce_kernel<512, 1, at::native::ReduceOp<float, at::native::ArgMaxOps<float>, unsigned int, long, 4, 4> >(at::native::ReduceOp<float, at::native::ArgMaxOps<float>, unsigned int, long, 4, 4>)",6,operator_shape_matched,"[[56,200064],[],[]]","[""float"",""Scalar"",""Scalar""]",null,1,27.168
aten::argmax,"void at::native::reduce_kernel<512, 1, at::native::ReduceOp<float, at::native::ArgMaxOps<float>, unsigned int, long, 4, 4> >(at::native::ReduceOp<float, at::native::ArgMaxOps<float>, unsigned int, long, 4, 4>)",7,operator_shape_matched,"[[57,200064],[],[]]","[""float"",""Scalar"",""Scalar""]",null,1,27.072
aten::argmax,"void at::native::reduce_kernel<512, 1, at::native::ReduceOp<float, at::native::ArgMaxOps<float>, unsigned int, long, 4, 4> >(at::native::ReduceOp<float, at::native::ArgMaxOps<float>, unsigned int, long, 4, 4>)",8,operator_shape_matched,"[[58,200064],[],[]]","[""float"",""Scalar"",""Scalar""]",null,1,26.048
aten::argmax,"void at::native::reduce_kernel<512, 1, at::native::ReduceOp<float, at::native::ArgMaxOps<float>, unsigned int, long, 4, 4> >(at::native::ReduceOp<float, at::native::ArgMaxOps<float>, unsigned int, long, 4, 4>)",9,operator_shape_matched,"[[59,200064],[],[]]","[""float"",""Scalar"",""Scalar""]",null,1,25.921
aten::argmax,"void at::native::reduce_kernel<512, 1, at::native::ReduceOp<float, at::native::ArgMaxOps<float>, unsigned int, long, 4, 4> >(at::native::ReduceOp<float, at::native::ArgMaxOps<float>, unsigned int, long, 4, 4>)",10,operator_shape_matched,"[[55,200064],[],[]]","[""float"",""Scalar"",""Scalar""]",null,1,25.664
aten::argmax,"void at::native::reduce_kernel<512, 1, at::native::ReduceOp<float, at::native::ArgMaxOps<float>, unsigned int, long, 4, 4> >(at::native::ReduceOp<float, at::native::ArgMaxOps<float>, unsigned int, long, 4, 4>)",11,operator_shape_matched,"[[54,200064],[],[]]","[""float"",""Scalar"",""Scalar""]",null,1,25.281
aten::argmax,"void at::native::reduce_kernel<512, 1, at::native::ReduceOp<float, at::native::ArgMaxOps<float>, unsigned int, long, 4, 4> >(at::native::ReduceOp<float, at::native::ArgMaxOps<float>, unsigned int, long, 4, 4>)",12,operator_shape_matched,"[[47,200064],[],[]]","[""float"",""Scalar"",""Scalar""]",null,1,24.928
aten::argmax,"void at::native::reduce_kernel<512, 1, at::native::ReduceOp<float, at::native::ArgMaxOps<float>, unsigned int, long, 4, 4> >(at::native::ReduceOp<float, at::native::ArgMaxOps<float>, unsigned int, long, 4, 4>)",13,operator_shape_matched,"[[53,200064],[],[]]","[""float"",""Scalar"",""Scalar""]",null,1,24.864
aten::argmax,"void at::native::reduce_kernel<512, 1, at::native::ReduceOp<float, at::native::ArgMaxOps<float>, unsigned int, long, 4, 4> >(at::native::ReduceOp<float, at::native::ArgMaxOps<float>, unsigned int, long, 4, 4>)",14,operator_shape_matched,"[[46,200064],[],[]]","[""float"",""Scalar"",""Scalar""]",null,1,24.704
aten::argmax,"void at::native::reduce_kernel<512, 1, at::native::ReduceOp<float, at::native::ArgMaxOps<float>, unsigned int, long, 4, 4> >(at::native::ReduceOp<float, at::native::ArgMaxOps<float>, unsigned int, long, 4, 4>)",15,operator_shape_matched,"[[49,200064],[],[]]","[""float"",""Scalar"",""Scalar""]",null,1,24.639
aten::argmax,"void at::native::reduce_kernel<512, 1, at::native::ReduceOp<float, at::native::ArgMaxOps<float>, unsigned int, long, 4, 4> >(at::native::ReduceOp<float, at::native::ArgMaxOps<float>, unsigned int, long, 4, 4>)",16,operator_shape_matched,"[[52,200064],[],[]]","[""float"",""Scalar"",""Scalar""]",null,1,24.48
aten::argmax,"void at::native::reduce_kernel<512, 1, at::native::ReduceOp<float, at::native::ArgMaxOps<float>, unsigned int, long, 4, 4> >(at::native::ReduceOp<float, at::native::ArgMaxOps<float>, unsigned int, long, 4, 4>)",17,operator_shape_matched,"[[51,200064],[],[]]","[""float"",""Scalar"",""Scalar""]",null,1,24.384
aten::argmax,"void at::native::reduce_kernel<512, 1, at::native::ReduceOp<float, at::native::ArgMaxOps<float>, unsigned int, long, 4, 4> >(at::native::ReduceOp<float, at::native::ArgMaxOps<float>, unsigned int, long, 4, 4>)",18,operator_shape_matched,"[[50,200064],[],[]]","[""float"",""Scalar"",""Scalar""]",null,1,23.232
aten::argmax,"void at::native::reduce_kernel<512, 1, at::native::ReduceOp<float, at::native::ArgMaxOps<float>, unsigned int, long, 4, 4> >(at::native::ReduceOp<float, at::native::ArgMaxOps<float>, unsigned int, long, 4, 4>)",19,operator_shape_matched,"[[45,200064],[],[]]","[""float"",""Scalar"",""Scalar""]",null,1,22.912
aten::argmax,"void at::native::reduce_kernel<512, 1, at::native::ReduceOp<float, at::native::ArgMaxOps<float>, unsigned int, long, 4, 4> >(at::native::ReduceOp<float, at::native::ArgMaxOps<float>, unsigned int, long, 4, 4>)",20,operator_shape_matched,"[[43,200064],[],[]]","[""float"",""Scalar"",""Scalar""]",null,1,22.559
aten::argmax,"void at::native::reduce_kernel<512, 1, at::native::ReduceOp<float, at::native::ArgMaxOps<float>, unsigned int, long, 4, 4> >(at::native::ReduceOp<float, at::native::ArgMaxOps<float>, unsigned int, long, 4, 4>)",21,operator_shape_matched,"[[42,200064],[],[]]","[""float"",""Scalar"",""Scalar""]",null,1,20.288
aten::argmax,"void at::native::reduce_kernel<512, 1, at::native::ReduceOp<float, at::native::ArgMaxOps<float>, unsigned int, long, 4, 4> >(at::native::ReduceOp<float, at::native::ArgMaxOps<float>, unsigned int, long, 4, 4>)",22,operator_shape_matched,"[[40,200064],[],[]]","[""float"",""Scalar"",""Scalar""]",null,1,20.097
aten::argmax,"void at::native::reduce_kernel<512, 1, at::native::ReduceOp<float, at::native::ArgMaxOps<float>, unsigned int, long, 4, 4> >(at::native::ReduceOp<float, at::native::ArgMaxOps<float>, unsigned int, long, 4, 4>)",23,operator_shape_matched,"[[48,200064],[],[]]","[""float"",""Scalar"",""Scalar""]",null,1,20.096
aten::argmax,"void at::native::reduce_kernel<512, 1, at::native::ReduceOp<float, at::native::ArgMaxOps<float>, unsigned int, long, 4, 4> >(at::native::ReduceOp<float, at::native::ArgMaxOps<float>, unsigned int, long, 4, 4>)",24,operator_shape_matched,"[[39,200064],[],[]]","[""float"",""Scalar"",""Scalar""]",null,1,19.648
aten::argmax,"void at::native::reduce_kernel<512, 1, at::native::ReduceOp<float, at::native::ArgMaxOps<float>, unsigned int, long, 4, 4> >(at::native::ReduceOp<float, at::native::ArgMaxOps<float>, unsigned int, long, 4, 4>)",25,operator_shape_matched,"[[41,200064],[],[]]","[""float"",""Scalar"",""Scalar""]",null,1,19.52
aten::argmax,"void at::native::reduce_kernel<512, 1, at::native::ReduceOp<float, at::native::ArgMaxOps<float>, unsigned int, long, 4, 4> >(at::native::ReduceOp<float, at::native::ArgMaxOps<float>, unsigned int, long, 4, 4>)",26,operator_shape_matched,"[[38,200064],[],[]]","[""float"",""Scalar"",""Scalar""]",null,1,18.688
aten::argmax,"void at::native::reduce_kernel<512, 1, at::native::ReduceOp<float, at::native::ArgMaxOps<float>, unsigned int, long, 4, 4> >(at::native::ReduceOp<float, at::native::ArgMaxOps<float>, unsigned int, long, 4, 4>)",27,operator_shape_matched,"[[44,200064],[],[]]","[""float"",""Scalar"",""Scalar""]",null,1,18.656
aten::argmax,"void at::native::reduce_kernel<512, 1, at::native::ReduceOp<float, at::native::ArgMaxOps<float>, unsigned int, long, 4, 4> >(at::native::ReduceOp<float, at::native::ArgMaxOps<float>, unsigned int, long, 4, 4>)",28,operator_shape_matched,"[[37,200064],[],[]]","[""float"",""Scalar"",""Scalar""]",null,1,18.593
aten::argmax,"void at::native::reduce_kernel<512, 1, at::native::ReduceOp<float, at::native::ArgMaxOps<float>, unsigned int, long, 4, 4> >(at::native::ReduceOp<float, at::native::ArgMaxOps<float>, unsigned int, long, 4, 4>)",29,operator_shape_matched,"[[35,200064],[],[]]","[""float"",""Scalar"",""Scalar""]",null,1,18.4
aten::argmax,"void at::native::reduce_kernel<512, 1, at::native::ReduceOp<float, at::native::ArgMaxOps<float>, unsigned int, long, 4, 4> >(at::native::ReduceOp<float, at::native::ArgMaxOps<float>, unsigned int, long, 4, 4>)",30,operator_shape_matched,"[[31,200064],[],[]]","[""float"",""Scalar"",""Scalar""]",null,1,18.271
aten::argmax,"void at::native::reduce_kernel<512, 1, at::native::ReduceOp<float, at::native::ArgMaxOps<float>, unsigned int, long, 4, 4> >(at::native::ReduceOp<float, at::native::ArgMaxOps<float>, unsigned int, long, 4, 4>)",31,operator_shape_matched,"[[36,200064],[],[]]","[""float"",""Scalar"",""Scalar""]",null,1,18.144
aten::argmax,"void at::native::reduce_kernel<512, 1, at::native::ReduceOp<float, at::native::ArgMaxOps<float>, unsigned int, long, 4, 4> >(at::native::ReduceOp<float, at::native::ArgMaxOps<float>, unsigned int, long, 4, 4>)",32,operator_shape_matched,"[[34,200064],[],[]]","[""float"",""Scalar"",""Scalar""]",null,1,17.664
aten::argmax,"void at::native::reduce_kernel<512, 1, at::native::ReduceOp<float, at::native::ArgMaxOps<float>, unsigned int, long, 4, 4> >(at::native::ReduceOp<float, at::native::ArgMaxOps<float>, unsigned int, long, 4, 4>)",33,operator_shape_matched,"[[32,200064],[],[]]","[""float"",""Scalar"",""Scalar""]",null,1,17.12
aten::argmax,"void at::native::reduce_kernel<512, 1, at::native::ReduceOp<float, at::native::ArgMaxOps<float>, unsigned int, long, 4, 4> >(at::native::ReduceOp<float, at::native::ArgMaxOps<float>, unsigned int, long, 4, 4>)",34,operator_shape_matched,"[[1,200064],[],[]]","[""float"",""Scalar"",""Scalar""]",null,2,16.992
aten::argmax,"void at::native::reduce_kernel<512, 1, at::native::ReduceOp<float, at::native::ArgMaxOps<float>, unsigned int, long, 4, 4> >(at::native::ReduceOp<float, at::native::ArgMaxOps<float>, unsigned int, long, 4, 4>)",35,operator_shape_matched,"[[30,200064],[],[]]","[""float"",""Scalar"",""Scalar""]",null,1,16.736
aten::argmax,"void at::native::reduce_kernel<512, 1, at::native::ReduceOp<float, at::native::ArgMaxOps<float>, unsigned int, long, 4, 4> >(at::native::ReduceOp<float, at::native::ArgMaxOps<float>, unsigned int, long, 4, 4>)",36,operator_shape_matched,"[[29,200064],[],[]]","[""float"",""Scalar"",""Scalar""]",null,1,16.32
aten::argmax,"void at::native::reduce_kernel<512, 1, at::native::ReduceOp<float, at::native::ArgMaxOps<float>, unsigned int, long, 4, 4> >(at::native::ReduceOp<float, at::native::ArgMaxOps<float>, unsigned int, long, 4, 4>)",37,operator_shape_matched,"[[28,200064],[],[]]","[""float"",""Scalar"",""Scalar""]",null,1,16.128
aten::argmax,"void at::native::reduce_kernel<512, 1, at::native::ReduceOp<float, at::native::ArgMaxOps<float>, unsigned int, long, 4, 4> >(at::native::ReduceOp<float, at::native::ArgMaxOps<float>, unsigned int, long, 4, 4>)",38,operator_shape_matched,"[[27,200064],[],[]]","[""float"",""Scalar"",""Scalar""]",null,1,15.968
aten::argmax,"void at::native::reduce_kernel<512, 1, at::native::ReduceOp<float, at::native::ArgMaxOps<float>, unsigned int, long, 4, 4> >(at::native::ReduceOp<float, at::native::ArgMaxOps<float>, unsigned int, long, 4, 4>)",39,operator_shape_matched,"[[33,200064],[],[]]","[""float"",""Scalar"",""Scalar""]",null,1,15.872
aten::argmax,"void at::native::reduce_kernel<512, 1, at::native::ReduceOp<float, at::native::ArgMaxOps<float>, unsigned int, long, 4, 4> >(at::native::ReduceOp<float, at::native::ArgMaxOps<float>, unsigned int, long, 4, 4>)",40,operator_shape_matched,"[[26,200064],[],[]]","[""float"",""Scalar"",""Scalar""]",null,1,15.776
aten::argmax,"void at::native::reduce_kernel<512, 1, at::native::ReduceOp<float, at::native::ArgMaxOps<float>, unsigned int, long, 4, 4> >(at::native::ReduceOp<float, at::native::ArgMaxOps<float>, unsigned int, long, 4, 4>)",41,operator_shape_matched,"[[25,200064],[],[]]","[""float"",""Scalar"",""Scalar""]",null,1,15.456
aten::argmax,"void at::native::reduce_kernel<512, 1, at::native::ReduceOp<float, at::native::ArgMaxOps<float>, unsigned int, long, 4, 4> >(at::native::ReduceOp<float, at::native::ArgMaxOps<float>, unsigned int, long, 4, 4>)",42,operator_shape_matched,"[[23,200064],[],[]]","[""float"",""Scalar"",""Scalar""]",null,1,15.073
aten::argmax,"void at::native::reduce_kernel<512, 1, at::native::ReduceOp<float, at::native::ArgMaxOps<float>, unsigned int, long, 4, 4> >(at::native::ReduceOp<float, at::native::ArgMaxOps<float>, unsigned int, long, 4, 4>)",43,operator_shape_matched,"[[24,200064],[],[]]","[""float"",""Scalar"",""Scalar""]",null,1,13.696
aten::argmax,"void at::native::reduce_kernel<512, 1, at::native::ReduceOp<float, at::native::ArgMaxOps<float>, unsigned int, long, 4, 4> >(at::native::ReduceOp<float, at::native::ArgMaxOps<float>, unsigned int, long, 4, 4>)",44,operator_shape_matched,"[[22,200064],[],[]]","[""float"",""Scalar"",""Scalar""]",null,1,13.535
aten::argmax,"void at::native::reduce_kernel<512, 1, at::native::ReduceOp<float, at::native::ArgMaxOps<float>, unsigned int, long, 4, 4> >(at::native::ReduceOp<float, at::native::ArgMaxOps<float>, unsigned int, long, 4, 4>)",45,operator_shape_matched,"[[20,200064],[],[]]","[""float"",""Scalar"",""Scalar""]",null,1,13.472
aten::argmax,"void at::native::reduce_kernel<512, 1, at::native::ReduceOp<float, at::native::ArgMaxOps<float>, unsigned int, long, 4, 4> >(at::native::ReduceOp<float, at::native::ArgMaxOps<float>, unsigned int, long, 4, 4>)",46,operator_shape_matched,"[[21,200064],[],[]]","[""float"",""Scalar"",""Scalar""]",null,1,13.408
aten::argmax,"void at::native::reduce_kernel<512, 1, at::native::ReduceOp<float, at::native::ArgMaxOps<float>, unsigned int, long, 4, 4> >(at::native::ReduceOp<float, at::native::ArgMaxOps<float>, unsigned int, long, 4, 4>)",47,operator_shape_matched,"[[18,200064],[],[]]","[""float"",""Scalar"",""Scalar""]",null,1,13.248
aten::argmax,"void at::native::reduce_kernel<512, 1, at::native::ReduceOp<float, at::native::ArgMaxOps<float>, unsigned int, long, 4, 4> >(at::native::ReduceOp<float, at::native::ArgMaxOps<float>, unsigned int, long, 4, 4>)",48,operator_shape_matched,"[[19,200064],[],[]]","[""float"",""Scalar"",""Scalar""]",null,1,13.152
aten::argmax,"void at::native::reduce_kernel<512, 1, at::native::ReduceOp<float, at::native::ArgMaxOps<float>, unsigned int, long, 4, 4> >(at::native::ReduceOp<float, at::native::ArgMaxOps<float>, unsigned int, long, 4, 4>)",49,operator_shape_matched,"[[17,200064],[],[]]","[""float"",""Scalar"",""Scalar""]",null,1,12.831
aten::argmax,"void at::native::reduce_kernel<512, 1, at::native::ReduceOp<float, at::native::ArgMaxOps<float>, unsigned int, long, 4, 4> >(at::native::ReduceOp<float, at::native::ArgMaxOps<float>, unsigned int, long, 4, 4>)",50,operator_shape_matched,"[[16,200064],[],[]]","[""float"",""Scalar"",""Scalar""]",null,1,12.64
aten::argmax,"void at::native::reduce_kernel<512, 1, at::native::ReduceOp<float, at::native::ArgMaxOps<float>, unsigned int, long, 4, 4> >(at::native::ReduceOp<float, at::native::ArgMaxOps<float>, unsigned int, long, 4, 4>)",51,operator_shape_matched,"[[12,200064],[],[]]","[""float"",""Scalar"",""Scalar""]",null,1,11.648
aten::argmax,"void at::native::reduce_kernel<512, 1, at::native::ReduceOp<float, at::native::ArgMaxOps<float>, unsigned int, long, 4, 4> >(at::native::ReduceOp<float, at::native::ArgMaxOps<float>, unsigned int, long, 4, 4>)",52,operator_shape_matched,"[[14,200064],[],[]]","[""float"",""Scalar"",""Scalar""]",null,1,11.648
aten::argmax,"void at::native::reduce_kernel<512, 1, at::native::ReduceOp<float, at::native::ArgMaxOps<float>, unsigned int, long, 4, 4> >(at::native::ReduceOp<float, at::native::ArgMaxOps<float>, unsigned int, long, 4, 4>)",53,operator_shape_matched,"[[15,200064],[],[]]","[""float"",""Scalar"",""Scalar""]",null,1,11.616
aten::argmax,"void at::native::reduce_kernel<512, 1, at::native::ReduceOp<float, at::native::ArgMaxOps<float>, unsigned int, long, 4, 4> >(at::native::ReduceOp<float, at::native::ArgMaxOps<float>, unsigned int, long, 4, 4>)",54,operator_shape_matched,"[[13,200064],[],[]]","[""float"",""Scalar"",""Scalar""]",null,1,11.584
aten::argmax,"void at::native::reduce_kernel<512, 1, at::native::ReduceOp<float, at::native::ArgMaxOps<float>, unsigned int, long, 4, 4> >(at::native::ReduceOp<float, at::native::ArgMaxOps<float>, unsigned int, long, 4, 4>)",55,operator_shape_matched,"[[11,200064],[],[]]","[""float"",""Scalar"",""Scalar""]",null,1,11.008
aten::argmax,"void at::native::reduce_kernel<512, 1, at::native::ReduceOp<float, at::native::ArgMaxOps<float>, unsigned int, long, 4, 4> >(at::native::ReduceOp<float, at::native::ArgMaxOps<float>, unsigned int, long, 4, 4>)",56,operator_shape_matched,"[[9,200064],[],[]]","[""float"",""Scalar"",""Scalar""]",null,1,9.856
aten::argmax,"void at::native::reduce_kernel<512, 1, at::native::ReduceOp<float, at::native::ArgMaxOps<float>, unsigned int, long, 4, 4> >(at::native::ReduceOp<float, at::native::ArgMaxOps<float>, unsigned int, long, 4, 4>)",57,operator_shape_matched,"[[10,200064],[],[]]","[""float"",""Scalar"",""Scalar""]",null,1,9.792
aten::argmax,"void at::native::reduce_kernel<512, 1, at::native::ReduceOp<float, at::native::ArgMaxOps<float>, unsigned int, long, 4, 4> >(at::native::ReduceOp<float, at::native::ArgMaxOps<float>, unsigned int, long, 4, 4>)",58,operator_shape_matched,"[[6,200064],[],[]]","[""float"",""Scalar"",""Scalar""]",null,1,9.76
aten::argmax,"void at::native::reduce_kernel<512, 1, at::native::ReduceOp<float, at::native::ArgMaxOps<float>, unsigned int, long, 4, 4> >(at::native::ReduceOp<float, at::native::ArgMaxOps<float>, unsigned int, long, 4, 4>)",59,operator_shape_matched,"[[8,200064],[],[]]","[""float"",""Scalar"",""Scalar""]",null,1,9.696
aten::argmax,"void at::native::reduce_kernel<512, 1, at::native::ReduceOp<float, at::native::ArgMaxOps<float>, unsigned int, long, 4, 4> >(at::native::ReduceOp<float, at::native::ArgMaxOps<float>, unsigned int, long, 4, 4>)",60,operator_shape_matched,"[[7,200064],[],[]]","[""float"",""Scalar"",""Scalar""]",null,1,9.664
aten::argmax,"void at::native::reduce_kernel<512, 1, at::native::ReduceOp<float, at::native::ArgMaxOps<float>, unsigned int, long, 4, 4> >(at::native::ReduceOp<float, at::native::ArgMaxOps<float>, unsigned int, long, 4, 4>)",61,operator_shape_matched,"[[2,200064],[],[]]","[""float"",""Scalar"",""Scalar""]",null,1,8.703
aten::argmax,"void at::native::reduce_kernel<512, 1, at::native::ReduceOp<float, at::native::ArgMaxOps<float>, unsigned int, long, 4, 4> >(at::native::ReduceOp<float, at::native::ArgMaxOps<float>, unsigned int, long, 4, 4>)",62,operator_shape_matched,"[[3,200064],[],[]]","[""float"",""Scalar"",""Scalar""]",null,1,8.672
aten::argmax,"void at::native::reduce_kernel<512, 1, at::native::ReduceOp<float, at::native::ArgMaxOps<float>, unsigned int, long, 4, 4> >(at::native::ReduceOp<float, at::native::ArgMaxOps<float>, unsigned int, long, 4, 4>)",63,operator_shape_matched,"[[5,200064],[],[]]","[""float"",""Scalar"",""Scalar""]",null,1,8.448
aten::argmax,"void at::native::reduce_kernel<512, 1, at::native::ReduceOp<float, at::native::ArgMaxOps<float>, unsigned int, long, 4, 4> >(at::native::ReduceOp<float, at::native::ArgMaxOps<float>, unsigned int, long, 4, 4>)",64,operator_shape_matched,"[[4,200064],[],[]]","[""float"",""Scalar"",""Scalar""]",null,1,8.352
null,nvjet_sm90_tst_64x64_64x13_4x1_v_bz_splitK_TNT,1,missing_external_id,null,null,null,717,6692.017
null,nvjet_sm90_tst_64x32_64x16_4x1_v_bz_splitK_TNT,1,missing_external_id,null,null,null,960,6094.95
aten::mm,nvjet_sm90_tst_128x232_64x4_2x1_v_bz_coopA_TNT,1,operator_shape_matched,"[[5089,512],[512,6144]]","[""c10::BFloat16"",""c10::BFloat16""]",null,60,3053.06
aten::mm,nvjet_sm90_tst_128x232_64x4_2x1_v_bz_coopA_TNT,2,operator_shape_matched,"[[5089,192],[192,6144]]","[""c10::BFloat16"",""c10::BFloat16""]",null,57,1648.967
aten::mm,nvjet_sm90_tst_128x232_64x4_2x1_v_bz_coopA_TNT,3,operator_shape_matched,"[[5089,6144],[6144,1536]]","[""c10::BFloat16"",""c10::BFloat16""]",null,3,354.208
aten::mm,nvjet_sm90_tst_128x232_64x4_2x1_v_bz_coopA_TNT,4,operator_shape_matched,"[[5089,768],[768,6144]]","[""c10::BFloat16"",""c10::BFloat16""]",null,3,201.216
aten::mm,nvjet_sm90_tst_128x232_64x4_2x1_v_bz_coopA_TNT,5,operator_shape_matched,"[[5089,6144],[6144,768]]","[""c10::BFloat16"",""c10::BFloat16""]",null,3,184.415
aten::masked_fill_,"void at::native::elementwise_kernel<128, 4, at::native::gpu_kernel_impl_nocast<at::native::(anonymous namespace)::masked_fill_kernel(at::TensorIterator&, c10::Scalar const&)::{lambda()#1}::operator()() const::{lambda()#12}::operator()() const::{lambda(c10::BFloat16, bool)#1}>(at::TensorIteratorBase&, at::native::(anonymous namespace)::masked_fill_kernel(at::TensorIterator&, c10::Scalar const&)::{lambda()#1}::operator()() const::{lambda()#12}::operator()() const::{lambda(c10::BFloat16, bool)#1} const&)::{lambda(int)#1}>(int, at::native::gpu_kernel_impl_nocast<at::native::(anonymous namespace)::masked_fill_kernel(at::TensorIterator&, c10::Scalar const&)::{lambda()#1}::operator()() const::{lambda()#12}::operator()() const::{lambda(c10::BFloat16, bool)#1}>(at::TensorIteratorBase&, at::native::(anonymous namespace)::masked_fill_kernel(at::TensorIterator&, c10::Scalar const&)::{lambda()#1}::operator()() const::{lambda()#12}::operator()() const::{lambda(c10::BFloat16, bool)#1} const&)::{lambda(int)#1})",1,operator_shape_matched,"[[8192,6144],[8192,1],[]]","[""c10::BFloat16"",""bool"",""Scalar""]",null,31,4429.765
aten::masked_fill_,"void at::native::elementwise_kernel<128, 4, at::native::gpu_kernel_impl_nocast<at::native::(anonymous namespace)::masked_fill_kernel(at::TensorIterator&, c10::Scalar const&)::{lambda()#1}::operator()() const::{lambda()#12}::operator()() const::{lambda(c10::BFloat16, bool)#1}>(at::TensorIteratorBase&, at::native::(anonymous namespace)::masked_fill_kernel(at::TensorIterator&, c10::Scalar const&)::{lambda()#1}::operator()() const::{lambda()#12}::operator()() const::{lambda(c10::BFloat16, bool)#1} const&)::{lambda(int)#1}>(int, at::native::gpu_kernel_impl_nocast<at::native::(anonymous namespace)::masked_fill_kernel(at::TensorIterator&, c10::Scalar const&)::{lambda()#1}::operator()() const::{lambda()#12}::operator()() const::{lambda(c10::BFloat16, bool)#1}>(at::TensorIteratorBase&, at::native::(anonymous namespace)::masked_fill_kernel(at::TensorIterator&, c10::Scalar const&)::{lambda()#1}::operator()() const::{lambda()#12}::operator()() const::{lambda(c10::BFloat16, bool)#1} const&)::{lambda(int)#1})",2,operator_shape_matched,"[[64,6144],[64,1],[]]","[""c10::BFloat16"",""bool"",""Scalar""]",null,222,705.976
aten::masked_fill_,"void at::native::elementwise_kernel<128, 4, at::native::gpu_kernel_impl_nocast<at::native::(anonymous namespace)::masked_fill_kernel(at::TensorIterator&, c10::Scalar const&)::{lambda()#1}::operator()() const::{lambda()#12}::operator()() const::{lambda(c10::BFloat16, bool)#1}>(at::TensorIteratorBase&, at::native::(anonymous namespace)::masked_fill_kernel(at::TensorIterator&, c10::Scalar const&)::{lambda()#1}::operator()() const::{lambda()#12}::operator()() const::{lambda(c10::BFloat16, bool)#1} const&)::{lambda(int)#1}>(int, at::native::gpu_kernel_impl_nocast<at::native::(anonymous namespace)::masked_fill_kernel(at::TensorIterator&, c10::Scalar const&)::{lambda()#1}::operator()() const::{lambda()#12}::operator()() const::{lambda(c10::BFloat16, bool)#1}>(at::TensorIteratorBase&, at::native::(anonymous namespace)::masked_fill_kernel(at::TensorIterator&, c10::Scalar const&)::{lambda()#1}::operator()() const::{lambda()#12}::operator()() const::{lambda(c10::BFloat16, bool)#1} const&)::{lambda(int)#1})",3,operator_shape_matched,"[[5089,6144],[5089,1],[]]","[""c10::BFloat16"",""bool"",""Scalar""]",null,1,88.064
aten::masked_fill_,"void at::native::elementwise_kernel<128, 4, at::native::gpu_kernel_impl_nocast<at::native::(anonymous namespace)::masked_fill_kernel(at::TensorIterator&, c10::Scalar const&)::{lambda()#1}::operator()() const::{lambda()#12}::operator()() const::{lambda(c10::BFloat16, bool)#1}>(at::TensorIteratorBase&, at::native::(anonymous namespace)::masked_fill_kernel(at::TensorIterator&, c10::Scalar const&)::{lambda()#1}::operator()() const::{lambda()#12}::operator()() const::{lambda(c10::BFloat16, bool)#1} const&)::{lambda(int)#1}>(int, at::native::gpu_kernel_impl_nocast<at::native::(anonymous namespace)::masked_fill_kernel(at::TensorIterator&, c10::Scalar const&)::{lambda()#1}::operator()() const::{lambda()#12}::operator()() const::{lambda(c10::BFloat16, bool)#1}>(at::TensorIteratorBase&, at::native::(anonymous namespace)::masked_fill_kernel(at::TensorIterator&, c10::Scalar const&)::{lambda()#1}::operator()() const::{lambda()#12}::operator()() const::{lambda(c10::BFloat16, bool)#1} const&)::{lambda(int)#1})",4,operator_shape_matched,"[[4096,6144],[4096,1],[]]","[""c10::BFloat16"",""bool"",""Scalar""]",null,1,67.521
aten::masked_fill_,"void at::native::elementwise_kernel<128, 4, at::native::gpu_kernel_impl_nocast<at::native::(anonymous namespace)::masked_fill_kernel(at::TensorIterator&, c10::Scalar const&)::{lambda()#1}::operator()() const::{lambda()#12}::operator()() const::{lambda(c10::BFloat16, bool)#1}>(at::TensorIteratorBase&, at::native::(anonymous namespace)::masked_fill_kernel(at::TensorIterator&, c10::Scalar const&)::{lambda()#1}::operator()() const::{lambda()#12}::operator()() const::{lambda(c10::BFloat16, bool)#1} const&)::{lambda(int)#1}>(int, at::native::gpu_kernel_impl_nocast<at::native::(anonymous namespace)::masked_fill_kernel(at::TensorIterator&, c10::Scalar const&)::{lambda()#1}::operator()() const::{lambda()#12}::operator()() const::{lambda(c10::BFloat16, bool)#1}>(at::TensorIteratorBase&, at::native::(anonymous namespace)::masked_fill_kernel(at::TensorIterator&, c10::Scalar const&)::{lambda()#1}::operator()() const::{lambda()#12}::operator()() const::{lambda(c10::BFloat16, bool)#1} const&)::{lambda(int)#1})",5,operator_shape_matched,"[[63,6144],[63,1],[]]","[""c10::BFloat16"",""bool"",""Scalar""]",null,2,6.368
aten::masked_fill_,"void at::native::elementwise_kernel<128, 4, at::native::gpu_kernel_impl_nocast<at::native::(anonymous namespace)::masked_fill_kernel(at::TensorIterator&, c10::Scalar const&)::{lambda()#1}::operator()() const::{lambda()#12}::operator()() const::{lambda(c10::BFloat16, bool)#1}>(at::TensorIteratorBase&, at::native::(anonymous namespace)::masked_fill_kernel(at::TensorIterator&, c10::Scalar const&)::{lambda()#1}::operator()() const::{lambda()#12}::operator()() const::{lambda(c10::BFloat16, bool)#1} const&)::{lambda(int)#1}>(int, at::native::gpu_kernel_impl_nocast<at::native::(anonymous namespace)::masked_fill_kernel(at::TensorIterator&, c10::Scalar const&)::{lambda()#1}::operator()() const::{lambda()#12}::operator()() const::{lambda(c10::BFloat16, bool)#1}>(at::TensorIteratorBase&, at::native::(anonymous namespace)::masked_fill_kernel(at::TensorIterator&, c10::Scalar const&)::{lambda()#1}::operator()() const::{lambda()#12}::operator()() const::{lambda(c10::BFloat16, bool)#1} const&)::{lambda(int)#1})",6,operator_shape_matched,"[[58,6144],[58,1],[]]","[""c10::BFloat16"",""bool"",""Scalar""]",null,1,3.264
aten::masked_fill_,"void at::native::elementwise_kernel<128, 4, at::native::gpu_kernel_impl_nocast<at::native::(anonymous namespace)::masked_fill_kernel(at::TensorIterator&, c10::Scalar const&)::{lambda()#1}::operator()() const::{lambda()#12}::operator()() const::{lambda(c10::BFloat16, bool)#1}>(at::TensorIteratorBase&, at::native::(anonymous namespace)::masked_fill_kernel(at::TensorIterator&, c10::Scalar const&)::{lambda()#1}::operator()() const::{lambda()#12}::operator()() const::{lambda(c10::BFloat16, bool)#1} const&)::{lambda(int)#1}>(int, at::native::gpu_kernel_impl_nocast<at::native::(anonymous namespace)::masked_fill_kernel(at::TensorIterator&, c10::Scalar const&)::{lambda()#1}::operator()() const::{lambda()#12}::operator()() const::{lambda(c10::BFloat16, bool)#1}>(at::TensorIteratorBase&, at::native::(anonymous namespace)::masked_fill_kernel(at::TensorIterator&, c10::Scalar const&)::{lambda()#1}::operator()() const::{lambda()#12}::operator()() const::{lambda(c10::BFloat16, bool)#1} const&)::{lambda(int)#1})",7,operator_shape_matched,"[[62,6144],[62,1],[]]","[""c10::BFloat16"",""bool"",""Scalar""]",null,1,3.232
aten::masked_fill_,"void at::native::elementwise_kernel<128, 4, at::native::gpu_kernel_impl_nocast<at::native::(anonymous namespace)::masked_fill_kernel(at::TensorIterator&, c10::Scalar const&)::{lambda()#1}::operator()() const::{lambda()#12}::operator()() const::{lambda(c10::BFloat16, bool)#1}>(at::TensorIteratorBase&, at::native::(anonymous namespace)::masked_fill_kernel(at::TensorIterator&, c10::Scalar const&)::{lambda()#1}::operator()() const::{lambda()#12}::operator()() const::{lambda(c10::BFloat16, bool)#1} const&)::{lambda(int)#1}>(int, at::native::gpu_kernel_impl_nocast<at::native::(anonymous namespace)::masked_fill_kernel(at::TensorIterator&, c10::Scalar const&)::{lambda()#1}::operator()() const::{lambda()#12}::operator()() const::{lambda(c10::BFloat16, bool)#1}>(at::TensorIteratorBase&, at::native::(anonymous namespace)::masked_fill_kernel(at::TensorIterator&, c10::Scalar const&)::{lambda()#1}::operator()() const::{lambda()#12}::operator()() const::{lambda(c10::BFloat16, bool)#1} const&)::{lambda(int)#1})",8,operator_shape_matched,"[[48,6144],[48,1],[]]","[""c10::BFloat16"",""bool"",""Scalar""]",null,1,3.201
aten::masked_fill_,"void at::native::elementwise_kernel<128, 4, at::native::gpu_kernel_impl_nocast<at::native::(anonymous namespace)::masked_fill_kernel(at::TensorIterator&, c10::Scalar const&)::{lambda()#1}::operator()() const::{lambda()#12}::operator()() const::{lambda(c10::BFloat16, bool)#1}>(at::TensorIteratorBase&, at::native::(anonymous namespace)::masked_fill_kernel(at::TensorIterator&, c10::Scalar const&)::{lambda()#1}::operator()() const::{lambda()#12}::operator()() const::{lambda(c10::BFloat16, bool)#1} const&)::{lambda(int)#1}>(int, at::native::gpu_kernel_impl_nocast<at::native::(anonymous namespace)::masked_fill_kernel(at::TensorIterator&, c10::Scalar const&)::{lambda()#1}::operator()() const::{lambda()#12}::operator()() const::{lambda(c10::BFloat16, bool)#1}>(at::TensorIteratorBase&, at::native::(anonymous namespace)::masked_fill_kernel(at::TensorIterator&, c10::Scalar const&)::{lambda()#1}::operator()() const::{lambda()#12}::operator()() const::{lambda(c10::BFloat16, bool)#1} const&)::{lambda(int)#1})",9,operator_shape_matched,"[[18,6144],[18,1],[]]","[""c10::BFloat16"",""bool"",""Scalar""]",null,1,3.2
aten::masked_fill_,"void at::native::elementwise_kernel<128, 4, at::native::gpu_kernel_impl_nocast<at::native::(anonymous namespace)::masked_fill_kernel(at::TensorIterator&, c10::Scalar const&)::{lambda()#1}::operator()() const::{lambda()#12}::operator()() const::{lambda(c10::BFloat16, bool)#1}>(at::TensorIteratorBase&, at::native::(anonymous namespace)::masked_fill_kernel(at::TensorIterator&, c10::Scalar const&)::{lambda()#1}::operator()() const::{lambda()#12}::operator()() const::{lambda(c10::BFloat16, bool)#1} const&)::{lambda(int)#1}>(int, at::native::gpu_kernel_impl_nocast<at::native::(anonymous namespace)::masked_fill_kernel(at::TensorIterator&, c10::Scalar const&)::{lambda()#1}::operator()() const::{lambda()#12}::operator()() const::{lambda(c10::BFloat16, bool)#1}>(at::TensorIteratorBase&, at::native::(anonymous namespace)::masked_fill_kernel(at::TensorIterator&, c10::Scalar const&)::{lambda()#1}::operator()() const::{lambda()#12}::operator()() const::{lambda(c10::BFloat16, bool)#1} const&)::{lambda(int)#1})",10,operator_shape_matched,"[[28,6144],[28,1],[]]","[""c10::BFloat16"",""bool"",""Scalar""]",null,1,3.168
aten::masked_fill_,"void at::native::elementwise_kernel<128, 4, at::native::gpu_kernel_impl_nocast<at::native::(anonymous namespace)::masked_fill_kernel(at::TensorIterator&, c10::Scalar const&)::{lambda()#1}::operator()() const::{lambda()#12}::operator()() const::{lambda(c10::BFloat16, bool)#1}>(at::TensorIteratorBase&, at::native::(anonymous namespace)::masked_fill_kernel(at::TensorIterator&, c10::Scalar const&)::{lambda()#1}::operator()() const::{lambda()#12}::operator()() const::{lambda(c10::BFloat16, bool)#1} const&)::{lambda(int)#1}>(int, at::native::gpu_kernel_impl_nocast<at::native::(anonymous namespace)::masked_fill_kernel(at::TensorIterator&, c10::Scalar const&)::{lambda()#1}::operator()() const::{lambda()#12}::operator()() const::{lambda(c10::BFloat16, bool)#1}>(at::TensorIteratorBase&, at::native::(anonymous namespace)::masked_fill_kernel(at::TensorIterator&, c10::Scalar const&)::{lambda()#1}::operator()() const::{lambda()#12}::operator()() const::{lambda(c10::BFloat16, bool)#1} const&)::{lambda(int)#1})",11,operator_shape_matched,"[[42,6144],[42,1],[]]","[""c10::BFloat16"",""bool"",""Scalar""]",null,1,3.168
aten::masked_fill_,"void at::native::elementwise_kernel<128, 4, at::native::gpu_kernel_impl_nocast<at::native::(anonymous namespace)::masked_fill_kernel(at::TensorIterator&, c10::Scalar const&)::{lambda()#1}::operator()() const::{lambda()#12}::operator()() const::{lambda(c10::BFloat16, bool)#1}>(at::TensorIteratorBase&, at::native::(anonymous namespace)::masked_fill_kernel(at::TensorIterator&, c10::Scalar const&)::{lambda()#1}::operator()() const::{lambda()#12}::operator()() const::{lambda(c10::BFloat16, bool)#1} const&)::{lambda(int)#1}>(int, at::native::gpu_kernel_impl_nocast<at::native::(anonymous namespace)::masked_fill_kernel(at::TensorIterator&, c10::Scalar const&)::{lambda()#1}::operator()() const::{lambda()#12}::operator()() const::{lambda(c10::BFloat16, bool)#1}>(at::TensorIteratorBase&, at::native::(anonymous namespace)::masked_fill_kernel(at::TensorIterator&, c10::Scalar const&)::{lambda()#1}::operator()() const::{lambda()#12}::operator()() const::{lambda(c10::BFloat16, bool)#1} const&)::{lambda(int)#1})",12,operator_shape_matched,"[[56,6144],[56,1],[]]","[""c10::BFloat16"",""bool"",""Scalar""]",null,1,3.168
aten::masked_fill_,"void at::native::elementwise_kernel<128, 4, at::native::gpu_kernel_impl_nocast<at::native::(anonymous namespace)::masked_fill_kernel(at::TensorIterator&, c10::Scalar const&)::{lambda()#1}::operator()() const::{lambda()#12}::operator()() const::{lambda(c10::BFloat16, bool)#1}>(at::TensorIteratorBase&, at::native::(anonymous namespace)::masked_fill_kernel(at::TensorIterator&, c10::Scalar const&)::{lambda()#1}::operator()() const::{lambda()#12}::operator()() const::{lambda(c10::BFloat16, bool)#1} const&)::{lambda(int)#1}>(int, at::native::gpu_kernel_impl_nocast<at::native::(anonymous namespace)::masked_fill_kernel(at::TensorIterator&, c10::Scalar const&)::{lambda()#1}::operator()() const::{lambda()#12}::operator()() const::{lambda(c10::BFloat16, bool)#1}>(at::TensorIteratorBase&, at::native::(anonymous namespace)::masked_fill_kernel(at::TensorIterator&, c10::Scalar const&)::{lambda()#1}::operator()() const::{lambda()#12}::operator()() const::{lambda(c10::BFloat16, bool)#1} const&)::{lambda(int)#1})",13,operator_shape_matched,"[[30,6144],[30,1],[]]","[""c10::BFloat16"",""bool"",""Scalar""]",null,1,3.136
aten::masked_fill_,"void at::native::elementwise_kernel<128, 4, at::native::gpu_kernel_impl_nocast<at::native::(anonymous namespace)::masked_fill_kernel(at::TensorIterator&, c10::Scalar const&)::{lambda()#1}::operator()() const::{lambda()#12}::operator()() const::{lambda(c10::BFloat16, bool)#1}>(at::TensorIteratorBase&, at::native::(anonymous namespace)::masked_fill_kernel(at::TensorIterator&, c10::Scalar const&)::{lambda()#1}::operator()() const::{lambda()#12}::operator()() const::{lambda(c10::BFloat16, bool)#1} const&)::{lambda(int)#1}>(int, at::native::gpu_kernel_impl_nocast<at::native::(anonymous namespace)::masked_fill_kernel(at::TensorIterator&, c10::Scalar const&)::{lambda()#1}::operator()() const::{lambda()#12}::operator()() const::{lambda(c10::BFloat16, bool)#1}>(at::TensorIteratorBase&, at::native::(anonymous namespace)::masked_fill_kernel(at::TensorIterator&, c10::Scalar const&)::{lambda()#1}::operator()() const::{lambda()#12}::operator()() const::{lambda(c10::BFloat16, bool)#1} const&)::{lambda(int)#1})",14,operator_shape_matched,"[[38,6144],[38,1],[]]","[""c10::BFloat16"",""bool"",""Scalar""]",null,1,3.136
aten::masked_fill_,"void at::native::elementwise_kernel<128, 4, at::native::gpu_kernel_impl_nocast<at::native::(anonymous namespace)::masked_fill_kernel(at::TensorIterator&, c10::Scalar const&)::{lambda()#1}::operator()() const::{lambda()#12}::operator()() const::{lambda(c10::BFloat16, bool)#1}>(at::TensorIteratorBase&, at::native::(anonymous namespace)::masked_fill_kernel(at::TensorIterator&, c10::Scalar const&)::{lambda()#1}::operator()() const::{lambda()#12}::operator()() const::{lambda(c10::BFloat16, bool)#1} const&)::{lambda(int)#1}>(int, at::native::gpu_kernel_impl_nocast<at::native::(anonymous namespace)::masked_fill_kernel(at::TensorIterator&, c10::Scalar const&)::{lambda()#1}::operator()() const::{lambda()#12}::operator()() const::{lambda(c10::BFloat16, bool)#1}>(at::TensorIteratorBase&, at::native::(anonymous namespace)::masked_fill_kernel(at::TensorIterator&, c10::Scalar const&)::{lambda()#1}::operator()() const::{lambda()#12}::operator()() const::{lambda(c10::BFloat16, bool)#1} const&)::{lambda(int)#1})",15,operator_shape_matched,"[[52,6144],[52,1],[]]","[""c10::BFloat16"",""bool"",""Scalar""]",null,1,3.136
aten::masked_fill_,"void at::native::elementwise_kernel<128, 4, at::native::gpu_kernel_impl_nocast<at::native::(anonymous namespace)::masked_fill_kernel(at::TensorIterator&, c10::Scalar const&)::{lambda()#1}::operator()() const::{lambda()#12}::operator()() const::{lambda(c10::BFloat16, bool)#1}>(at::TensorIteratorBase&, at::native::(anonymous namespace)::masked_fill_kernel(at::TensorIterator&, c10::Scalar const&)::{lambda()#1}::operator()() const::{lambda()#12}::operator()() const::{lambda(c10::BFloat16, bool)#1} const&)::{lambda(int)#1}>(int, at::native::gpu_kernel_impl_nocast<at::native::(anonymous namespace)::masked_fill_kernel(at::TensorIterator&, c10::Scalar const&)::{lambda()#1}::operator()() const::{lambda()#12}::operator()() const::{lambda(c10::BFloat16, bool)#1}>(at::TensorIteratorBase&, at::native::(anonymous namespace)::masked_fill_kernel(at::TensorIterator&, c10::Scalar const&)::{lambda()#1}::operator()() const::{lambda()#12}::operator()() const::{lambda(c10::BFloat16, bool)#1} const&)::{lambda(int)#1})",16,operator_shape_matched,"[[46,6144],[46,1],[]]","[""c10::BFloat16"",""bool"",""Scalar""]",null,1,3.135
aten::masked_fill_,"void at::native::elementwise_kernel<128, 4, at::native::gpu_kernel_impl_nocast<at::native::(anonymous namespace)::masked_fill_kernel(at::TensorIterator&, c10::Scalar const&)::{lambda()#1}::operator()() const::{lambda()#12}::operator()() const::{lambda(c10::BFloat16, bool)#1}>(at::TensorIteratorBase&, at::native::(anonymous namespace)::masked_fill_kernel(at::TensorIterator&, c10::Scalar const&)::{lambda()#1}::operator()() const::{lambda()#12}::operator()() const::{lambda(c10::BFloat16, bool)#1} const&)::{lambda(int)#1}>(int, at::native::gpu_kernel_impl_nocast<at::native::(anonymous namespace)::masked_fill_kernel(at::TensorIterator&, c10::Scalar const&)::{lambda()#1}::operator()() const::{lambda()#12}::operator()() const::{lambda(c10::BFloat16, bool)#1}>(at::TensorIteratorBase&, at::native::(anonymous namespace)::masked_fill_kernel(at::TensorIterator&, c10::Scalar const&)::{lambda()#1}::operator()() const::{lambda()#12}::operator()() const::{lambda(c10::BFloat16, bool)#1} const&)::{lambda(int)#1})",17,operator_shape_matched,"[[12,6144],[12,1],[]]","[""c10::BFloat16"",""bool"",""Scalar""]",null,1,3.104
aten::masked_fill_,"void at::native::elementwise_kernel<128, 4, at::native::gpu_kernel_impl_nocast<at::native::(anonymous namespace)::masked_fill_kernel(at::TensorIterator&, c10::Scalar const&)::{lambda()#1}::operator()() const::{lambda()#12}::operator()() const::{lambda(c10::BFloat16, bool)#1}>(at::TensorIteratorBase&, at::native::(anonymous namespace)::masked_fill_kernel(at::TensorIterator&, c10::Scalar const&)::{lambda()#1}::operator()() const::{lambda()#12}::operator()() const::{lambda(c10::BFloat16, bool)#1} const&)::{lambda(int)#1}>(int, at::native::gpu_kernel_impl_nocast<at::native::(anonymous namespace)::masked_fill_kernel(at::TensorIterator&, c10::Scalar const&)::{lambda()#1}::operator()() const::{lambda()#12}::operator()() const::{lambda(c10::BFloat16, bool)#1}>(at::TensorIteratorBase&, at::native::(anonymous namespace)::masked_fill_kernel(at::TensorIterator&, c10::Scalar const&)::{lambda()#1}::operator()() const::{lambda()#12}::operator()() const::{lambda(c10::BFloat16, bool)#1} const&)::{lambda(int)#1})",18,operator_shape_matched,"[[14,6144],[14,1],[]]","[""c10::BFloat16"",""bool"",""Scalar""]",null,1,3.104
aten::masked_fill_,"void at::native::elementwise_kernel<128, 4, at::native::gpu_kernel_impl_nocast<at::native::(anonymous namespace)::masked_fill_kernel(at::TensorIterator&, c10::Scalar const&)::{lambda()#1}::operator()() const::{lambda()#12}::operator()() const::{lambda(c10::BFloat16, bool)#1}>(at::TensorIteratorBase&, at::native::(anonymous namespace)::masked_fill_kernel(at::TensorIterator&, c10::Scalar const&)::{lambda()#1}::operator()() const::{lambda()#12}::operator()() const::{lambda(c10::BFloat16, bool)#1} const&)::{lambda(int)#1}>(int, at::native::gpu_kernel_impl_nocast<at::native::(anonymous namespace)::masked_fill_kernel(at::TensorIterator&, c10::Scalar const&)::{lambda()#1}::operator()() const::{lambda()#12}::operator()() const::{lambda(c10::BFloat16, bool)#1}>(at::TensorIteratorBase&, at::native::(anonymous namespace)::masked_fill_kernel(at::TensorIterator&, c10::Scalar const&)::{lambda()#1}::operator()() const::{lambda()#12}::operator()() const::{lambda(c10::BFloat16, bool)#1} const&)::{lambda(int)#1})",19,operator_shape_matched,"[[36,6144],[36,1],[]]","[""c10::BFloat16"",""bool"",""Scalar""]",null,1,3.104
aten::masked_fill_,"void at::native::elementwise_kernel<128, 4, at::native::gpu_kernel_impl_nocast<at::native::(anonymous namespace)::masked_fill_kernel(at::TensorIterator&, c10::Scalar const&)::{lambda()#1}::operator()() const::{lambda()#12}::operator()() const::{lambda(c10::BFloat16, bool)#1}>(at::TensorIteratorBase&, at::native::(anonymous namespace)::masked_fill_kernel(at::TensorIterator&, c10::Scalar const&)::{lambda()#1}::operator()() const::{lambda()#12}::operator()() const::{lambda(c10::BFloat16, bool)#1} const&)::{lambda(int)#1}>(int, at::native::gpu_kernel_impl_nocast<at::native::(anonymous namespace)::masked_fill_kernel(at::TensorIterator&, c10::Scalar const&)::{lambda()#1}::operator()() const::{lambda()#12}::operator()() const::{lambda(c10::BFloat16, bool)#1}>(at::TensorIteratorBase&, at::native::(anonymous namespace)::masked_fill_kernel(at::TensorIterator&, c10::Scalar const&)::{lambda()#1}::operator()() const::{lambda()#12}::operator()() const::{lambda(c10::BFloat16, bool)#1} const&)::{lambda(int)#1})",20,operator_shape_matched,"[[26,6144],[26,1],[]]","[""c10::BFloat16"",""bool"",""Scalar""]",null,1,3.072
aten::masked_fill_,"void at::native::elementwise_kernel<128, 4, at::native::gpu_kernel_impl_nocast<at::native::(anonymous namespace)::masked_fill_kernel(at::TensorIterator&, c10::Scalar const&)::{lambda()#1}::operator()() const::{lambda()#12}::operator()() const::{lambda(c10::BFloat16, bool)#1}>(at::TensorIteratorBase&, at::native::(anonymous namespace)::masked_fill_kernel(at::TensorIterator&, c10::Scalar const&)::{lambda()#1}::operator()() const::{lambda()#12}::operator()() const::{lambda(c10::BFloat16, bool)#1} const&)::{lambda(int)#1}>(int, at::native::gpu_kernel_impl_nocast<at::native::(anonymous namespace)::masked_fill_kernel(at::TensorIterator&, c10::Scalar const&)::{lambda()#1}::operator()() const::{lambda()#12}::operator()() const::{lambda(c10::BFloat16, bool)#1}>(at::TensorIteratorBase&, at::native::(anonymous namespace)::masked_fill_kernel(at::TensorIterator&, c10::Scalar const&)::{lambda()#1}::operator()() const::{lambda()#12}::operator()() const::{lambda(c10::BFloat16, bool)#1} const&)::{lambda(int)#1})",21,operator_shape_matched,"[[32,6144],[32,1],[]]","[""c10::BFloat16"",""bool"",""Scalar""]",null,1,3.072
aten::masked_fill_,"void at::native::elementwise_kernel<128, 4, at::native::gpu_kernel_impl_nocast<at::native::(anonymous namespace)::masked_fill_kernel(at::TensorIterator&, c10::Scalar const&)::{lambda()#1}::operator()() const::{lambda()#12}::operator()() const::{lambda(c10::BFloat16, bool)#1}>(at::TensorIteratorBase&, at::native::(anonymous namespace)::masked_fill_kernel(at::TensorIterator&, c10::Scalar const&)::{lambda()#1}::operator()() const::{lambda()#12}::operator()() const::{lambda(c10::BFloat16, bool)#1} const&)::{lambda(int)#1}>(int, at::native::gpu_kernel_impl_nocast<at::native::(anonymous namespace)::masked_fill_kernel(at::TensorIterator&, c10::Scalar const&)::{lambda()#1}::operator()() const::{lambda()#12}::operator()() const::{lambda(c10::BFloat16, bool)#1}>(at::TensorIteratorBase&, at::native::(anonymous namespace)::masked_fill_kernel(at::TensorIterator&, c10::Scalar const&)::{lambda()#1}::operator()() const::{lambda()#12}::operator()() const::{lambda(c10::BFloat16, bool)#1} const&)::{lambda(int)#1})",22,operator_shape_matched,"[[34,6144],[34,1],[]]","[""c10::BFloat16"",""bool"",""Scalar""]",null,1,3.072
aten::masked_fill_,"void at::native::elementwise_kernel<128, 4, at::native::gpu_kernel_impl_nocast<at::native::(anonymous namespace)::masked_fill_kernel(at::TensorIterator&, c10::Scalar const&)::{lambda()#1}::operator()() const::{lambda()#12}::operator()() const::{lambda(c10::BFloat16, bool)#1}>(at::TensorIteratorBase&, at::native::(anonymous namespace)::masked_fill_kernel(at::TensorIterator&, c10::Scalar const&)::{lambda()#1}::operator()() const::{lambda()#12}::operator()() const::{lambda(c10::BFloat16, bool)#1} const&)::{lambda(int)#1}>(int, at::native::gpu_kernel_impl_nocast<at::native::(anonymous namespace)::masked_fill_kernel(at::TensorIterator&, c10::Scalar const&)::{lambda()#1}::operator()() const::{lambda()#12}::operator()() const::{lambda(c10::BFloat16, bool)#1}>(at::TensorIteratorBase&, at::native::(anonymous namespace)::masked_fill_kernel(at::TensorIterator&, c10::Scalar const&)::{lambda()#1}::operator()() const::{lambda()#12}::operator()() const::{lambda(c10::BFloat16, bool)#1} const&)::{lambda(int)#1})",23,operator_shape_matched,"[[50,6144],[50,1],[]]","[""c10::BFloat16"",""bool"",""Scalar""]",null,1,3.072
aten::masked_fill_,"void at::native::elementwise_kernel<128, 4, at::native::gpu_kernel_impl_nocast<at::native::(anonymous namespace)::masked_fill_kernel(at::TensorIterator&, c10::Scalar const&)::{lambda()#1}::operator()() const::{lambda()#12}::operator()() const::{lambda(c10::BFloat16, bool)#1}>(at::TensorIteratorBase&, at::native::(anonymous namespace)::masked_fill_kernel(at::TensorIterator&, c10::Scalar const&)::{lambda()#1}::operator()() const::{lambda()#12}::operator()() const::{lambda(c10::BFloat16, bool)#1} const&)::{lambda(int)#1}>(int, at::native::gpu_kernel_impl_nocast<at::native::(anonymous namespace)::masked_fill_kernel(at::TensorIterator&, c10::Scalar const&)::{lambda()#1}::operator()() const::{lambda()#12}::operator()() const::{lambda(c10::BFloat16, bool)#1}>(at::TensorIteratorBase&, at::native::(anonymous namespace)::masked_fill_kernel(at::TensorIterator&, c10::Scalar const&)::{lambda()#1}::operator()() const::{lambda()#12}::operator()() const::{lambda(c10::BFloat16, bool)#1} const&)::{lambda(int)#1})",24,operator_shape_matched,"[[54,6144],[54,1],[]]","[""c10::BFloat16"",""bool"",""Scalar""]",null,1,3.04
aten::masked_fill_,"void at::native::elementwise_kernel<128, 4, at::native::gpu_kernel_impl_nocast<at::native::(anonymous namespace)::masked_fill_kernel(at::TensorIterator&, c10::Scalar const&)::{lambda()#1}::operator()() const::{lambda()#12}::operator()() const::{lambda(c10::BFloat16, bool)#1}>(at::TensorIteratorBase&, at::native::(anonymous namespace)::masked_fill_kernel(at::TensorIterator&, c10::Scalar const&)::{lambda()#1}::operator()() const::{lambda()#12}::operator()() const::{lambda(c10::BFloat16, bool)#1} const&)::{lambda(int)#1}>(int, at::native::gpu_kernel_impl_nocast<at::native::(anonymous namespace)::masked_fill_kernel(at::TensorIterator&, c10::Scalar const&)::{lambda()#1}::operator()() const::{lambda()#12}::operator()() const::{lambda(c10::BFloat16, bool)#1}>(at::TensorIteratorBase&, at::native::(anonymous namespace)::masked_fill_kernel(at::TensorIterator&, c10::Scalar const&)::{lambda()#1}::operator()() const::{lambda()#12}::operator()() const::{lambda(c10::BFloat16, bool)#1} const&)::{lambda(int)#1})",25,operator_shape_matched,"[[16,6144],[16,1],[]]","[""c10::BFloat16"",""bool"",""Scalar""]",null,1,3.039
aten::masked_fill_,"void at::native::elementwise_kernel<128, 4, at::native::gpu_kernel_impl_nocast<at::native::(anonymous namespace)::masked_fill_kernel(at::TensorIterator&, c10::Scalar const&)::{lambda()#1}::operator()() const::{lambda()#12}::operator()() const::{lambda(c10::BFloat16, bool)#1}>(at::TensorIteratorBase&, at::native::(anonymous namespace)::masked_fill_kernel(at::TensorIterator&, c10::Scalar const&)::{lambda()#1}::operator()() const::{lambda()#12}::operator()() const::{lambda(c10::BFloat16, bool)#1} const&)::{lambda(int)#1}>(int, at::native::gpu_kernel_impl_nocast<at::native::(anonymous namespace)::masked_fill_kernel(at::TensorIterator&, c10::Scalar const&)::{lambda()#1}::operator()() const::{lambda()#12}::operator()() const::{lambda(c10::BFloat16, bool)#1}>(at::TensorIteratorBase&, at::native::(anonymous namespace)::masked_fill_kernel(at::TensorIterator&, c10::Scalar const&)::{lambda()#1}::operator()() const::{lambda()#12}::operator()() const::{lambda(c10::BFloat16, bool)#1} const&)::{lambda(int)#1})",26,operator_shape_matched,"[[60,6144],[60,1],[]]","[""c10::BFloat16"",""bool"",""Scalar""]",null,1,3.008
aten::masked_fill_,"void at::native::elementwise_kernel<128, 4, at::native::gpu_kernel_impl_nocast<at::native::(anonymous namespace)::masked_fill_kernel(at::TensorIterator&, c10::Scalar const&)::{lambda()#1}::operator()() const::{lambda()#12}::operator()() const::{lambda(c10::BFloat16, bool)#1}>(at::TensorIteratorBase&, at::native::(anonymous namespace)::masked_fill_kernel(at::TensorIterator&, c10::Scalar const&)::{lambda()#1}::operator()() const::{lambda()#12}::operator()() const::{lambda(c10::BFloat16, bool)#1} const&)::{lambda(int)#1}>(int, at::native::gpu_kernel_impl_nocast<at::native::(anonymous namespace)::masked_fill_kernel(at::TensorIterator&, c10::Scalar const&)::{lambda()#1}::operator()() const::{lambda()#12}::operator()() const::{lambda(c10::BFloat16, bool)#1}>(at::TensorIteratorBase&, at::native::(anonymous namespace)::masked_fill_kernel(at::TensorIterator&, c10::Scalar const&)::{lambda()#1}::operator()() const::{lambda()#12}::operator()() const::{lambda(c10::BFloat16, bool)#1} const&)::{lambda(int)#1})",27,operator_shape_matched,"[[22,6144],[22,1],[]]","[""c10::BFloat16"",""bool"",""Scalar""]",null,1,2.977
aten::masked_fill_,"void at::native::elementwise_kernel<128, 4, at::native::gpu_kernel_impl_nocast<at::native::(anonymous namespace)::masked_fill_kernel(at::TensorIterator&, c10::Scalar const&)::{lambda()#1}::operator()() const::{lambda()#12}::operator()() const::{lambda(c10::BFloat16, bool)#1}>(at::TensorIteratorBase&, at::native::(anonymous namespace)::masked_fill_kernel(at::TensorIterator&, c10::Scalar const&)::{lambda()#1}::operator()() const::{lambda()#12}::operator()() const::{lambda(c10::BFloat16, bool)#1} const&)::{lambda(int)#1}>(int, at::native::gpu_kernel_impl_nocast<at::native::(anonymous namespace)::masked_fill_kernel(at::TensorIterator&, c10::Scalar const&)::{lambda()#1}::operator()() const::{lambda()#12}::operator()() const::{lambda(c10::BFloat16, bool)#1}>(at::TensorIteratorBase&, at::native::(anonymous namespace)::masked_fill_kernel(at::TensorIterator&, c10::Scalar const&)::{lambda()#1}::operator()() const::{lambda()#12}::operator()() const::{lambda(c10::BFloat16, bool)#1} const&)::{lambda(int)#1})",28,operator_shape_matched,"[[44,6144],[44,1],[]]","[""c10::BFloat16"",""bool"",""Scalar""]",null,1,2.976
aten::masked_fill_,"void at::native::elementwise_kernel<128, 4, at::native::gpu_kernel_impl_nocast<at::native::(anonymous namespace)::masked_fill_kernel(at::TensorIterator&, c10::Scalar const&)::{lambda()#1}::operator()() const::{lambda()#12}::operator()() const::{lambda(c10::BFloat16, bool)#1}>(at::TensorIteratorBase&, at::native::(anonymous namespace)::masked_fill_kernel(at::TensorIterator&, c10::Scalar const&)::{lambda()#1}::operator()() const::{lambda()#12}::operator()() const::{lambda(c10::BFloat16, bool)#1} const&)::{lambda(int)#1}>(int, at::native::gpu_kernel_impl_nocast<at::native::(anonymous namespace)::masked_fill_kernel(at::TensorIterator&, c10::Scalar const&)::{lambda()#1}::operator()() const::{lambda()#12}::operator()() const::{lambda(c10::BFloat16, bool)#1}>(at::TensorIteratorBase&, at::native::(anonymous namespace)::masked_fill_kernel(at::TensorIterator&, c10::Scalar const&)::{lambda()#1}::operator()() const::{lambda()#12}::operator()() const::{lambda(c10::BFloat16, bool)#1} const&)::{lambda(int)#1})",29,operator_shape_matched,"[[20,6144],[20,1],[]]","[""c10::BFloat16"",""bool"",""Scalar""]",null,1,2.944
aten::masked_fill_,"void at::native::elementwise_kernel<128, 4, at::native::gpu_kernel_impl_nocast<at::native::(anonymous namespace)::masked_fill_kernel(at::TensorIterator&, c10::Scalar const&)::{lambda()#1}::operator()() const::{lambda()#12}::operator()() const::{lambda(c10::BFloat16, bool)#1}>(at::TensorIteratorBase&, at::native::(anonymous namespace)::masked_fill_kernel(at::TensorIterator&, c10::Scalar const&)::{lambda()#1}::operator()() const::{lambda()#12}::operator()() const::{lambda(c10::BFloat16, bool)#1} const&)::{lambda(int)#1}>(int, at::native::gpu_kernel_impl_nocast<at::native::(anonymous namespace)::masked_fill_kernel(at::TensorIterator&, c10::Scalar const&)::{lambda()#1}::operator()() const::{lambda()#12}::operator()() const::{lambda(c10::BFloat16, bool)#1}>(at::TensorIteratorBase&, at::native::(anonymous namespace)::masked_fill_kernel(at::TensorIterator&, c10::Scalar const&)::{lambda()#1}::operator()() const::{lambda()#12}::operator()() const::{lambda(c10::BFloat16, bool)#1} const&)::{lambda(int)#1})",30,operator_shape_matched,"[[40,6144],[40,1],[]]","[""c10::BFloat16"",""bool"",""Scalar""]",null,1,2.944
aten::masked_fill_,"void at::native::elementwise_kernel<128, 4, at::native::gpu_kernel_impl_nocast<at::native::(anonymous namespace)::masked_fill_kernel(at::TensorIterator&, c10::Scalar const&)::{lambda()#1}::operator()() const::{lambda()#12}::operator()() const::{lambda(c10::BFloat16, bool)#1}>(at::TensorIteratorBase&, at::native::(anonymous namespace)::masked_fill_kernel(at::TensorIterator&, c10::Scalar const&)::{lambda()#1}::operator()() const::{lambda()#12}::operator()() const::{lambda(c10::BFloat16, bool)#1} const&)::{lambda(int)#1}>(int, at::native::gpu_kernel_impl_nocast<at::native::(anonymous namespace)::masked_fill_kernel(at::TensorIterator&, c10::Scalar const&)::{lambda()#1}::operator()() const::{lambda()#12}::operator()() const::{lambda(c10::BFloat16, bool)#1}>(at::TensorIteratorBase&, at::native::(anonymous namespace)::masked_fill_kernel(at::TensorIterator&, c10::Scalar const&)::{lambda()#1}::operator()() const::{lambda()#12}::operator()() const::{lambda(c10::BFloat16, bool)#1} const&)::{lambda(int)#1})",31,operator_shape_matched,"[[24,6144],[24,1],[]]","[""c10::BFloat16"",""bool"",""Scalar""]",null,1,2.912
aten::masked_fill_,"void at::native::elementwise_kernel<128, 4, at::native::gpu_kernel_impl_nocast<at::native::(anonymous namespace)::masked_fill_kernel(at::TensorIterator&, c10::Scalar const&)::{lambda()#1}::operator()() const::{lambda()#12}::operator()() const::{lambda(c10::BFloat16, bool)#1}>(at::TensorIteratorBase&, at::native::(anonymous namespace)::masked_fill_kernel(at::TensorIterator&, c10::Scalar const&)::{lambda()#1}::operator()() const::{lambda()#12}::operator()() const::{lambda(c10::BFloat16, bool)#1} const&)::{lambda(int)#1}>(int, at::native::gpu_kernel_impl_nocast<at::native::(anonymous namespace)::masked_fill_kernel(at::TensorIterator&, c10::Scalar const&)::{lambda()#1}::operator()() const::{lambda()#12}::operator()() const::{lambda(c10::BFloat16, bool)#1}>(at::TensorIteratorBase&, at::native::(anonymous namespace)::masked_fill_kernel(at::TensorIterator&, c10::Scalar const&)::{lambda()#1}::operator()() const::{lambda()#12}::operator()() const::{lambda(c10::BFloat16, bool)#1} const&)::{lambda(int)#1})",32,operator_shape_matched,"[[8,6144],[8,1],[]]","[""c10::BFloat16"",""bool"",""Scalar""]",null,1,2.816
aten::masked_fill_,"void at::native::elementwise_kernel<128, 4, at::native::gpu_kernel_impl_nocast<at::native::(anonymous namespace)::masked_fill_kernel(at::TensorIterator&, c10::Scalar const&)::{lambda()#1}::operator()() const::{lambda()#12}::operator()() const::{lambda(c10::BFloat16, bool)#1}>(at::TensorIteratorBase&, at::native::(anonymous namespace)::masked_fill_kernel(at::TensorIterator&, c10::Scalar const&)::{lambda()#1}::operator()() const::{lambda()#12}::operator()() const::{lambda(c10::BFloat16, bool)#1} const&)::{lambda(int)#1}>(int, at::native::gpu_kernel_impl_nocast<at::native::(anonymous namespace)::masked_fill_kernel(at::TensorIterator&, c10::Scalar const&)::{lambda()#1}::operator()() const::{lambda()#12}::operator()() const::{lambda(c10::BFloat16, bool)#1}>(at::TensorIteratorBase&, at::native::(anonymous namespace)::masked_fill_kernel(at::TensorIterator&, c10::Scalar const&)::{lambda()#1}::operator()() const::{lambda()#12}::operator()() const::{lambda(c10::BFloat16, bool)#1} const&)::{lambda(int)#1})",33,operator_shape_matched,"[[10,6144],[10,1],[]]","[""c10::BFloat16"",""bool"",""Scalar""]",null,1,2.784
aten::masked_fill_,"void at::native::elementwise_kernel<128, 4, at::native::gpu_kernel_impl_nocast<at::native::(anonymous namespace)::masked_fill_kernel(at::TensorIterator&, c10::Scalar const&)::{lambda()#1}::operator()() const::{lambda()#12}::operator()() const::{lambda(c10::BFloat16, bool)#1}>(at::TensorIteratorBase&, at::native::(anonymous namespace)::masked_fill_kernel(at::TensorIterator&, c10::Scalar const&)::{lambda()#1}::operator()() const::{lambda()#12}::operator()() const::{lambda(c10::BFloat16, bool)#1} const&)::{lambda(int)#1}>(int, at::native::gpu_kernel_impl_nocast<at::native::(anonymous namespace)::masked_fill_kernel(at::TensorIterator&, c10::Scalar const&)::{lambda()#1}::operator()() const::{lambda()#12}::operator()() const::{lambda(c10::BFloat16, bool)#1}>(at::TensorIteratorBase&, at::native::(anonymous namespace)::masked_fill_kernel(at::TensorIterator&, c10::Scalar const&)::{lambda()#1}::operator()() const::{lambda()#12}::operator()() const::{lambda(c10::BFloat16, bool)#1} const&)::{lambda(int)#1})",34,operator_shape_matched,"[[6,6144],[6,1],[]]","[""c10::BFloat16"",""bool"",""Scalar""]",null,1,2.687
aten::masked_fill_,"void at::native::elementwise_kernel<128, 4, at::native::gpu_kernel_impl_nocast<at::native::(anonymous namespace)::masked_fill_kernel(at::TensorIterator&, c10::Scalar const&)::{lambda()#1}::operator()() const::{lambda()#12}::operator()() const::{lambda(c10::BFloat16, bool)#1}>(at::TensorIteratorBase&, at::native::(anonymous namespace)::masked_fill_kernel(at::TensorIterator&, c10::Scalar const&)::{lambda()#1}::operator()() const::{lambda()#12}::operator()() const::{lambda(c10::BFloat16, bool)#1} const&)::{lambda(int)#1}>(int, at::native::gpu_kernel_impl_nocast<at::native::(anonymous namespace)::masked_fill_kernel(at::TensorIterator&, c10::Scalar const&)::{lambda()#1}::operator()() const::{lambda()#12}::operator()() const::{lambda(c10::BFloat16, bool)#1}>(at::TensorIteratorBase&, at::native::(anonymous namespace)::masked_fill_kernel(at::TensorIterator&, c10::Scalar const&)::{lambda()#1}::operator()() const::{lambda()#12}::operator()() const::{lambda(c10::BFloat16, bool)#1} const&)::{lambda(int)#1})",35,operator_shape_matched,"[[4,6144],[4,1],[]]","[""c10::BFloat16"",""bool"",""Scalar""]",null,1,2.623
aten::masked_fill_,"void at::native::elementwise_kernel<128, 4, at::native::gpu_kernel_impl_nocast<at::native::(anonymous namespace)::masked_fill_kernel(at::TensorIterator&, c10::Scalar const&)::{lambda()#1}::operator()() const::{lambda()#12}::operator()() const::{lambda(c10::BFloat16, bool)#1}>(at::TensorIteratorBase&, at::native::(anonymous namespace)::masked_fill_kernel(at::TensorIterator&, c10::Scalar const&)::{lambda()#1}::operator()() const::{lambda()#12}::operator()() const::{lambda(c10::BFloat16, bool)#1} const&)::{lambda(int)#1}>(int, at::native::gpu_kernel_impl_nocast<at::native::(anonymous namespace)::masked_fill_kernel(at::TensorIterator&, c10::Scalar const&)::{lambda()#1}::operator()() const::{lambda()#12}::operator()() const::{lambda(c10::BFloat16, bool)#1}>(at::TensorIteratorBase&, at::native::(anonymous namespace)::masked_fill_kernel(at::TensorIterator&, c10::Scalar const&)::{lambda()#1}::operator()() const::{lambda()#12}::operator()() const::{lambda(c10::BFloat16, bool)#1} const&)::{lambda(int)#1})",36,operator_shape_matched,"[[1,6144],[1,1],[]]","[""c10::BFloat16"",""bool"",""Scalar""]",null,1,2.56
aten::masked_fill_,"void at::native::elementwise_kernel<128, 4, at::native::gpu_kernel_impl_nocast<at::native::(anonymous namespace)::masked_fill_kernel(at::TensorIterator&, c10::Scalar const&)::{lambda()#1}::operator()() const::{lambda()#12}::operator()() const::{lambda(c10::BFloat16, bool)#1}>(at::TensorIteratorBase&, at::native::(anonymous namespace)::masked_fill_kernel(at::TensorIterator&, c10::Scalar const&)::{lambda()#1}::operator()() const::{lambda()#12}::operator()() const::{lambda(c10::BFloat16, bool)#1} const&)::{lambda(int)#1}>(int, at::native::gpu_kernel_impl_nocast<at::native::(anonymous namespace)::masked_fill_kernel(at::TensorIterator&, c10::Scalar const&)::{lambda()#1}::operator()() const::{lambda()#12}::operator()() const::{lambda(c10::BFloat16, bool)#1}>(at::TensorIteratorBase&, at::native::(anonymous namespace)::masked_fill_kernel(at::TensorIterator&, c10::Scalar const&)::{lambda()#1}::operator()() const::{lambda()#12}::operator()() const::{lambda(c10::BFloat16, bool)#1} const&)::{lambda(int)#1})",37,operator_shape_matched,"[[2,6144],[2,1],[]]","[""c10::BFloat16"",""bool"",""Scalar""]",null,1,2.529
aten::mm,nvjet_sm90_tst_256x160_64x4_1x2_h_bz_coopA_TNT,1,operator_shape_matched,"[[5089,6144],[6144,1024]]","[""c10::BFloat16"",""c10::BFloat16""]",null,57,4654.978
null,"void fp32_router_gemm_kernel<__nv_bfloat16, 128, 32, 128, 6144>(float*, __nv_bfloat16 const*, float const*)",1,missing_external_id,null,null,null,456,4542.074
null,nvjet_sm90_tst_64x8_64x16_4x1_v_bz_TNT,1,missing_external_id,null,null,null,600,3683.814
aten::mm,nvjet_sm90_tst_64x8_64x16_4x1_v_bz_TNT,2,operator_shape_matched,"[[1,6144],[6144,12504]]","[""c10::BFloat16"",""c10::BFloat16""]",null,2,115.008
aten::mm,nvjet_sm90_tst_64x8_64x16_4x1_v_bz_TNT,3,operator_shape_matched,"[[3,6144],[6144,12504]]","[""c10::BFloat16"",""c10::BFloat16""]",null,1,63.392
aten::mm,nvjet_sm90_tst_64x8_64x16_4x1_v_bz_TNT,4,operator_shape_matched,"[[7,6144],[6144,12504]]","[""c10::BFloat16"",""c10::BFloat16""]",null,1,63.392
aten::mm,nvjet_sm90_tst_64x8_64x16_4x1_v_bz_TNT,5,operator_shape_matched,"[[5,6144],[6144,12504]]","[""c10::BFloat16"",""c10::BFloat16""]",null,1,62.303
aten::mm,nvjet_sm90_tst_64x8_64x16_4x1_v_bz_TNT,6,operator_shape_matched,"[[4,6144],[6144,12504]]","[""c10::BFloat16"",""c10::BFloat16""]",null,1,53.824
aten::mm,nvjet_sm90_tst_64x8_64x16_4x1_v_bz_TNT,7,operator_shape_matched,"[[8,6144],[6144,12504]]","[""c10::BFloat16"",""c10::BFloat16""]",null,1,53.727
aten::mm,nvjet_sm90_tst_64x8_64x16_4x1_v_bz_TNT,8,operator_shape_matched,"[[6,6144],[6144,12504]]","[""c10::BFloat16"",""c10::BFloat16""]",null,1,53.6
aten::mm,nvjet_sm90_tst_64x8_64x16_4x1_v_bz_TNT,9,operator_shape_matched,"[[2,6144],[6144,12504]]","[""c10::BFloat16"",""c10::BFloat16""]",null,1,52.64
null,"void cutlass::device_kernel<flash::FlashAttnFwdCombine<cute::tuple<cute::C<8>, cute::C<128> >, 5, 256, 1, false, true, cutlass::bfloat16_t, float, cutlass::arch::Sm90> >(flash::FlashAttnFwdCombine<cute::tuple<cute::C<8>, cute::C<128> >, 5, 256, 1, false, true, cutlass::bfloat16_t, float, cutlass::arch::Sm90>::Params)",1,missing_external_id,null,null,null,768,3723.522
null,nvjet_sm90_tst_64x8_64x16_4x1_v_bz_splitK_TNT,1,missing_external_id,null,null,null,600,3658.625
null,nvjet_sm90_tst_64x16_64x16_4x1_v_bz_TNT,1,missing_external_id,null,null,null,480,2978.59
aten::mm,nvjet_sm90_tst_64x16_64x16_4x1_v_bz_TNT,2,operator_shape_matched,"[[15,6144],[6144,12504]]","[""c10::BFloat16"",""c10::BFloat16""]",null,1,64.8
aten::mm,nvjet_sm90_tst_64x16_64x16_4x1_v_bz_TNT,3,operator_shape_matched,"[[13,6144],[6144,12504]]","[""c10::BFloat16"",""c10::BFloat16""]",null,1,63.328
aten::mm,nvjet_sm90_tst_64x16_64x16_4x1_v_bz_TNT,4,operator_shape_matched,"[[14,6144],[6144,12504]]","[""c10::BFloat16"",""c10::BFloat16""]",null,1,56.352
aten::mm,nvjet_sm90_tst_64x16_64x16_4x1_v_bz_TNT,5,operator_shape_matched,"[[16,6144],[6144,12504]]","[""c10::BFloat16"",""c10::BFloat16""]",null,1,54.433
null,"void vllm::minimax_m3_fused_ops::fusedMiniMaxM3QNormRopeKVInsertKernel<c10::BFloat16, false, false>(c10::BFloat16*, c10::BFloat16*, c10::BFloat16*, c10::BFloat16 const*, c10::BFloat16 const*, c10::BFloat16 const*, c10::BFloat16 const*, c10::BFloat16 const*, long const*, long const*, long const*, c10::BFloat16*, c10::BFloat16*, float, int, int, int, int, int, int, long, long, long, long)",1,missing_external_id,null,null,null,768,1968.464
_C::fused_minimax_m3_qknorm_rope_kv_insert,"void vllm::minimax_m3_fused_ops::fusedMiniMaxM3QNormRopeKVInsertKernel<c10::BFloat16, false, false>(c10::BFloat16*, c10::BFloat16*, c10::BFloat16*, c10::BFloat16 const*, c10::BFloat16 const*, c10::BFloat16 const*, c10::BFloat16 const*, c10::BFloat16 const*, long const*, long const*, long const*, c10::BFloat16*, c10::BFloat16*, float, int, int, int, int, int, int, long, long, long, long)",2,operator_shape_matched,"[[8192,768],[128],[128],[1048576,64],[8192],[],[],[],[],[],[],[],[],[],[],[],[],[],[]]","[""c10::BFloat16"",""c10::BFloat16"",""c10::BFloat16"",""c10::BFloat16"",""long int"",""Scalar"",""Scalar"",""Scalar"",""Scalar"","""","""",""Scalar"","""","""","""","""",""Scalar"","""",""""]",null,93,1176.0
_C::fused_minimax_m3_qknorm_rope_kv_insert,"void vllm::minimax_m3_fused_ops::fusedMiniMaxM3QNormRopeKVInsertKernel<c10::BFloat16, false, false>(c10::BFloat16*, c10::BFloat16*, c10::BFloat16*, c10::BFloat16 const*, c10::BFloat16 const*, c10::BFloat16 const*, c10::BFloat16 const*, c10::BFloat16 const*, long const*, long const*, long const*, c10::BFloat16*, c10::BFloat16*, float, int, int, int, int, int, int, long, long, long, long)",3,operator_shape_matched,"[[5089,768],[128],[128],[1048576,64],[5089],[],[],[],[],[],[],[],[],[],[],[],[],[],[]]","[""c10::BFloat16"",""c10::BFloat16"",""c10::BFloat16"",""c10::BFloat16"",""long int"",""Scalar"",""Scalar"",""Scalar"",""Scalar"","""","""",""Scalar"","""","""","""","""",""Scalar"","""",""""]",null,3,27.361
_C::fused_minimax_m3_qknorm_rope_kv_insert,"void vllm::minimax_m3_fused_ops::fusedMiniMaxM3QNormRopeKVInsertKernel<c10::BFloat16, false, false>(c10::BFloat16*, c10::BFloat16*, c10::BFloat16*, c10::BFloat16 const*, c10::BFloat16 const*, c10::BFloat16 const*, c10::BFloat16 const*, c10::BFloat16 const*, long const*, long const*, long const*, c10::BFloat16*, c10::BFloat16*, float, int, int, int, int, int, int, long, long, long, long)",4,operator_shape_matched,"[[4096,768],[128],[128],[1048576,64],[4096],[],[],[],[],[],[],[],[],[],[],[],[],[],[]]","[""c10::BFloat16"",""c10::BFloat16"",""c10::BFloat16"",""c10::BFloat16"",""long int"",""Scalar"",""Scalar"",""Scalar"",""Scalar"","""","""",""Scalar"","""","""","""","""",""Scalar"","""",""""]",null,3,22.561
null,"void vllm::reshape_and_cache_flash_kernel<__nv_bfloat16, __nv_bfloat16, (vllm::Fp8KVCacheDataType)0>(__nv_bfloat16 const*, __nv_bfloat16 const*, __nv_bfloat16*, __nv_bfloat16*, long const*, long, long, long, long, long, int, int, int, float const*, float const*, int)",1,missing_external_id,null,null,null,768,1751.53
_C_cache_ops::reshape_and_cache_flash,"void vllm::reshape_and_cache_flash_kernel<__nv_bfloat16, __nv_bfloat16, (vllm::Fp8KVCacheDataType)0>(__nv_bfloat16 const*, __nv_bfloat16 const*, __nv_bfloat16*, __nv_bfloat16*, long const*, long, long, long, long, long, int, int, int, float const*, float const*, int)",2,operator_shape_matched,"[[8192,1,128],[8192,1,128],[3502,128,1,128],[3502,128,1,128],[8192],[],[],[]]","[""c10::BFloat16"",""c10::BFloat16"",""c10::BFloat16"",""c10::BFloat16"",""long int"","""",""float"",""float""]",null,93,1210.31
_C_cache_ops::reshape_and_cache_flash,"void vllm::reshape_and_cache_flash_kernel<__nv_bfloat16, __nv_bfloat16, (vllm::Fp8KVCacheDataType)0>(__nv_bfloat16 const*, __nv_bfloat16 const*, __nv_bfloat16*, __nv_bfloat16*, long const*, long, long, long, long, long, int, int, int, float const*, float const*, int)",3,operator_shape_matched,"[[5089,1,128],[5089,1,128],[3502,128,1,128],[3502,128,1,128],[5089],[],[],[]]","[""c10::BFloat16"",""c10::BFloat16"",""c10::BFloat16"",""c10::BFloat16"",""long int"","""",""float"",""float""]",null,3,29.184
_C_cache_ops::reshape_and_cache_flash,"void vllm::reshape_and_cache_flash_kernel<__nv_bfloat16, __nv_bfloat16, (vllm::Fp8KVCacheDataType)0>(__nv_bfloat16 const*, __nv_bfloat16 const*, __nv_bfloat16*, __nv_bfloat16*, long const*, long, long, long, long, long, int, int, int, float const*, float const*, int)",4,operator_shape_matched,"[[4096,1,128],[4096,1,128],[3502,128,1,128],[3502,128,1,128],[4096],[],[],[]]","[""c10::BFloat16"",""c10::BFloat16"",""c10::BFloat16"",""c10::BFloat16"",""long int"","""",""float"",""float""]",null,3,24.767
null,kernel_cutlass_kernel_flashinfernormkernelsrmsnormRMSNormKernel_object_at__tensorptrbf16gmemalign128o614461441_tensorptrbf16gmemalign16o61441_tensorptrbf16gmemalign128o614461441___True_2__0,1,missing_external_id,null,null,null,289,3013.962
null,nvjet_sm90_tst_64x16_64x16_4x1_v_bz_splitK_TNT,1,missing_external_id,null,null,null,480,2992.512
aten::mm,nvjet_sm90_tst_192x80_64x6_1x2_h_bz_TNT,1,operator_shape_matched,"[[5089,6144],[6144,384]]","[""c10::BFloat16"",""c10::BFloat16""]",null,57,2239.814
aten::gather,"void at::native::vectorized_gather_kernel<16, long>(char*, char*, long*, int, long, long, long, long, bool)",1,operator_shape_matched,"[[12504,6144],[],[8192,6144],[],[8192,6144]]","[""c10::BFloat16"",""Scalar"",""long int"",""Scalar"",""c10::BFloat16""]",null,31,1036.35
aten::gather,"void at::native::vectorized_gather_kernel<16, long>(char*, char*, long*, int, long, long, long, long, bool)",2,operator_shape_matched,"[[12504,6144],[],[64,6144],[],[64,6144]]","[""c10::BFloat16"",""Scalar"",""long int"",""Scalar"",""c10::BFloat16""]",null,222,479.225
aten::index,"void at::native::vectorized_gather_kernel<16, long>(char*, char*, long*, int, long, long, long, long, bool)",3,operator_shape_matched,"[[64,6144],[]]","[""c10::BFloat16"",""""]",null,239,415.969
aten::index,"void at::native::vectorized_gather_kernel<16, long>(char*, char*, long*, int, long, long, long, long, bool)",4,operator_shape_matched,"[[8192,6144],[]]","[""c10::BFloat16"",""""]",null,31,69.341
aten::gather,"void at::native::vectorized_gather_kernel<16, long>(char*, char*, long*, int, long, long, long, long, bool)",5,operator_shape_matched,"[[12504,6144],[],[5089,6144],[],[5089,6144]]","[""c10::BFloat16"",""Scalar"",""long int"",""Scalar"",""c10::BFloat16""]",null,1,21.12
aten::gather,"void at::native::vectorized_gather_kernel<16, long>(char*, char*, long*, int, long, long, long, long, bool)",6,operator_shape_matched,"[[12504,6144],[],[4096,6144],[],[4096,6144]]","[""c10::BFloat16"",""Scalar"",""long int"",""Scalar"",""c10::BFloat16""]",null,1,16.32
aten::index,"void at::native::vectorized_gather_kernel<16, long>(char*, char*, long*, int, long, long, long, long, bool)",7,operator_shape_matched,"[[32,6144],[]]","[""c10::BFloat16"",""""]",null,8,12.768
aten::index,"void at::native::vectorized_gather_kernel<16, long>(char*, char*, long*, int, long, long, long, long, bool)",8,operator_shape_matched,"[[16,6144],[]]","[""c10::BFloat16"",""""]",null,4,6.752
aten::gather,"void at::native::vectorized_gather_kernel<16, long>(char*, char*, long*, int, long, long, long, long, bool)",9,operator_shape_matched,"[[12504,6144],[],[63,6144],[],[63,6144]]","[""c10::BFloat16"",""Scalar"",""long int"",""Scalar"",""c10::BFloat16""]",null,2,4.288
aten::index,"void at::native::vectorized_gather_kernel<16, long>(char*, char*, long*, int, long, long, long, long, bool)",10,operator_shape_matched,"[[8,6144],[]]","[""c10::BFloat16"",""""]",null,2,3.521
aten::index,"void at::native::vectorized_gather_kernel<16, long>(char*, char*, long*, int, long, long, long, long, bool)",11,operator_shape_matched,"[[5089,6144],[]]","[""c10::BFloat16"",""""]",null,1,2.433
aten::gather,"void at::native::vectorized_gather_kernel<16, long>(char*, char*, long*, int, long, long, long, long, bool)",12,operator_shape_matched,"[[12504,6144],[],[54,6144],[],[54,6144]]","[""c10::BFloat16"",""Scalar"",""long int"",""Scalar"",""c10::BFloat16""]",null,1,2.24
aten::gather,"void at::native::vectorized_gather_kernel<16, long>(char*, char*, long*, int, long, long, long, long, bool)",13,operator_shape_matched,"[[12504,6144],[],[50,6144],[],[50,6144]]","[""c10::BFloat16"",""Scalar"",""long int"",""Scalar"",""c10::BFloat16""]",null,1,2.177
aten::gather,"void at::native::vectorized_gather_kernel<16, long>(char*, char*, long*, int, long, long, long, long, bool)",14,operator_shape_matched,"[[12504,6144],[],[42,6144],[],[42,6144]]","[""c10::BFloat16"",""Scalar"",""long int"",""Scalar"",""c10::BFloat16""]",null,1,2.176
aten::gather,"void at::native::vectorized_gather_kernel<16, long>(char*, char*, long*, int, long, long, long, long, bool)",15,operator_shape_matched,"[[12504,6144],[],[44,6144],[],[44,6144]]","[""c10::BFloat16"",""Scalar"",""long int"",""Scalar"",""c10::BFloat16""]",null,1,2.176
aten::gather,"void at::native::vectorized_gather_kernel<16, long>(char*, char*, long*, int, long, long, long, long, bool)",16,operator_shape_matched,"[[12504,6144],[],[48,6144],[],[48,6144]]","[""c10::BFloat16"",""Scalar"",""long int"",""Scalar"",""c10::BFloat16""]",null,1,2.175
aten::gather,"void at::native::vectorized_gather_kernel<16, long>(char*, char*, long*, int, long, long, long, long, bool)",17,operator_shape_matched,"[[12504,6144],[],[60,6144],[],[60,6144]]","[""c10::BFloat16"",""Scalar"",""long int"",""Scalar"",""c10::BFloat16""]",null,1,2.143
aten::gather,"void at::native::vectorized_gather_kernel<16, long>(char*, char*, long*, int, long, long, long, long, bool)",18,operator_shape_matched,"[[12504,6144],[],[38,6144],[],[38,6144]]","[""c10::BFloat16"",""Scalar"",""long int"",""Scalar"",""c10::BFloat16""]",null,1,2.112
aten::gather,"void at::native::vectorized_gather_kernel<16, long>(char*, char*, long*, int, long, long, long, long, bool)",19,operator_shape_matched,"[[12504,6144],[],[56,6144],[],[56,6144]]","[""c10::BFloat16"",""Scalar"",""long int"",""Scalar"",""c10::BFloat16""]",null,1,2.112
aten::gather,"void at::native::vectorized_gather_kernel<16, long>(char*, char*, long*, int, long, long, long, long, bool)",20,operator_shape_matched,"[[12504,6144],[],[40,6144],[],[40,6144]]","[""c10::BFloat16"",""Scalar"",""long int"",""Scalar"",""c10::BFloat16""]",null,1,2.08
aten::gather,"void at::native::vectorized_gather_kernel<16, long>(char*, char*, long*, int, long, long, long, long, bool)",21,operator_shape_matched,"[[12504,6144],[],[46,6144],[],[46,6144]]","[""c10::BFloat16"",""Scalar"",""long int"",""Scalar"",""c10::BFloat16""]",null,1,2.08
aten::gather,"void at::native::vectorized_gather_kernel<16, long>(char*, char*, long*, int, long, long, long, long, bool)",22,operator_shape_matched,"[[12504,6144],[],[52,6144],[],[52,6144]]","[""c10::BFloat16"",""Scalar"",""long int"",""Scalar"",""c10::BFloat16""]",null,1,2.08
aten::gather,"void at::native::vectorized_gather_kernel<16, long>(char*, char*, long*, int, long, long, long, long, bool)",23,operator_shape_matched,"[[12504,6144],[],[62,6144],[],[62,6144]]","[""c10::BFloat16"",""Scalar"",""long int"",""Scalar"",""c10::BFloat16""]",null,1,2.08
aten::gather,"void at::native::vectorized_gather_kernel<16, long>(char*, char*, long*, int, long, long, long, long, bool)",24,operator_shape_matched,"[[12504,6144],[],[30,6144],[],[30,6144]]","[""c10::BFloat16"",""Scalar"",""long int"",""Scalar"",""c10::BFloat16""]",null,1,2.016
aten::gather,"void at::native::vectorized_gather_kernel<16, long>(char*, char*, long*, int, long, long, long, long, bool)",25,operator_shape_matched,"[[12504,6144],[],[58,6144],[],[58,6144]]","[""c10::BFloat16"",""Scalar"",""long int"",""Scalar"",""c10::BFloat16""]",null,1,2.016
aten::gather,"void at::native::vectorized_gather_kernel<16, long>(char*, char*, long*, int, long, long, long, long, bool)",26,operator_shape_matched,"[[12504,6144],[],[34,6144],[],[34,6144]]","[""c10::BFloat16"",""Scalar"",""long int"",""Scalar"",""c10::BFloat16""]",null,1,1.984
aten::gather,"void at::native::vectorized_gather_kernel<16, long>(char*, char*, long*, int, long, long, long, long, bool)",27,operator_shape_matched,"[[12504,6144],[],[36,6144],[],[36,6144]]","[""c10::BFloat16"",""Scalar"",""long int"",""Scalar"",""c10::BFloat16""]",null,1,1.984
aten::gather,"void at::native::vectorized_gather_kernel<16, long>(char*, char*, long*, int, long, long, long, long, bool)",28,operator_shape_matched,"[[12504,6144],[],[22,6144],[],[22,6144]]","[""c10::BFloat16"",""Scalar"",""long int"",""Scalar"",""c10::BFloat16""]",null,1,1.983
aten::gather,"void at::native::vectorized_gather_kernel<16, long>(char*, char*, long*, int, long, long, long, long, bool)",29,operator_shape_matched,"[[12504,6144],[],[28,6144],[],[28,6144]]","[""c10::BFloat16"",""Scalar"",""long int"",""Scalar"",""c10::BFloat16""]",null,1,1.952
aten::gather,"void at::native::vectorized_gather_kernel<16, long>(char*, char*, long*, int, long, long, long, long, bool)",30,operator_shape_matched,"[[12504,6144],[],[26,6144],[],[26,6144]]","[""c10::BFloat16"",""Scalar"",""long int"",""Scalar"",""c10::BFloat16""]",null,1,1.92
aten::gather,"void at::native::vectorized_gather_kernel<16, long>(char*, char*, long*, int, long, long, long, long, bool)",31,operator_shape_matched,"[[12504,6144],[],[24,6144],[],[24,6144]]","[""c10::BFloat16"",""Scalar"",""long int"",""Scalar"",""c10::BFloat16""]",null,1,1.888
aten::gather,"void at::native::vectorized_gather_kernel<16, long>(char*, char*, long*, int, long, long, long, long, bool)",32,operator_shape_matched,"[[12504,6144],[],[32,6144],[],[32,6144]]","[""c10::BFloat16"",""Scalar"",""long int"",""Scalar"",""c10::BFloat16""]",null,1,1.888
aten::gather,"void at::native::vectorized_gather_kernel<16, long>(char*, char*, long*, int, long, long, long, long, bool)",33,operator_shape_matched,"[[12504,6144],[],[20,6144],[],[20,6144]]","[""c10::BFloat16"",""Scalar"",""long int"",""Scalar"",""c10::BFloat16""]",null,1,1.856
aten::gather,"void at::native::vectorized_gather_kernel<16, long>(char*, char*, long*, int, long, long, long, long, bool)",34,operator_shape_matched,"[[12504,6144],[],[18,6144],[],[18,6144]]","[""c10::BFloat16"",""Scalar"",""long int"",""Scalar"",""c10::BFloat16""]",null,1,1.792
aten::index,"void at::native::vectorized_gather_kernel<16, long>(char*, char*, long*, int, long, long, long, long, bool)",35,operator_shape_matched,"[[4,6144],[]]","[""c10::BFloat16"",""""]",null,1,1.696
aten::index,"void at::native::vectorized_gather_kernel<16, long>(char*, char*, long*, int, long, long, long, long, bool)",36,operator_shape_matched,"[[2,6144],[]]","[""c10::BFloat16"",""""]",null,1,1.568
aten::mm,nvjet_sm90_tst_96x128_64x7_2x1_v_bz_TNN,1,operator_shape_matched,"[[4096,6144],[6144,384]]","[""c10::BFloat16"",""c10::BFloat16""]",null,57,1954.495
null,"void fp32_router_gemm_kernel<__nv_bfloat16, 128, 16, 128, 6144>(float*, __nv_bfloat16 const*, float const*)",1,missing_external_id,null,null,null,228,1200.088
aten::copy_,"void at::native::unrolled_elementwise_kernel<at::native::direct_copy_kernel_cuda(at::TensorIteratorBase&)::{lambda()#3}::operator()() const::{lambda()#4}::operator()() const::{lambda(long)#1}, std::array<char*, 2ul>, 4, TrivialOffsetCalculator<1, unsigned int>, TrivialOffsetCalculator<1, unsigned int>, at::native::memory::LoadWithCast<1>, at::native::memory::StoreWithCast<1> >(int, at::native::direct_copy_kernel_cuda(at::TensorIteratorBase&)::{lambda()#3}::operator()() const::{lambda()#4}::operator()() const::{lambda(long)#1}, std::array<char*, 2ul>, TrivialOffsetCalculator<1, unsigned int>, TrivialOffsetCalculator<1, unsigned int>, at::native::memory::LoadWithCast<1>, at::native::memory::StoreWithCast<1>)",1,operator_shape_matched,"[[64],[64],[]]","[""long int"",""int"",""Scalar""]",null,445,835.777
aten::copy_,"void at::native::unrolled_elementwise_kernel<at::native::direct_copy_kernel_cuda(at::TensorIteratorBase&)::{lambda()#3}::operator()() const::{lambda()#4}::operator()() const::{lambda(long)#1}, std::array<char*, 2ul>, 4, TrivialOffsetCalculator<1, unsigned int>, TrivialOffsetCalculator<1, unsigned int>, at::native::memory::LoadWithCast<1>, at::native::memory::StoreWithCast<1> >(int, at::native::direct_copy_kernel_cuda(at::TensorIteratorBase&)::{lambda()#3}::operator()() const::{lambda()#4}::operator()() const::{lambda(long)#1}, std::array<char*, 2ul>, TrivialOffsetCalculator<1, unsigned int>, TrivialOffsetCalculator<1, unsigned int>, at::native::memory::LoadWithCast<1>, at::native::memory::StoreWithCast<1>)",2,operator_shape_matched,"[[8192],[8192],[]]","[""long int"",""int"",""Scalar""]",null,31,76.796
aten::copy_,"void at::native::unrolled_elementwise_kernel<at::native::direct_copy_kernel_cuda(at::TensorIteratorBase&)::{lambda()#3}::operator()() const::{lambda()#4}::operator()() const::{lambda(long)#1}, std::array<char*, 2ul>, 4, TrivialOffsetCalculator<1, unsigned int>, TrivialOffsetCalculator<1, unsigned int>, at::native::memory::LoadWithCast<1>, at::native::memory::StoreWithCast<1> >(int, at::native::direct_copy_kernel_cuda(at::TensorIteratorBase&)::{lambda()#3}::operator()() const::{lambda()#4}::operator()() const::{lambda(long)#1}, std::array<char*, 2ul>, TrivialOffsetCalculator<1, unsigned int>, TrivialOffsetCalculator<1, unsigned int>, at::native::memory::LoadWithCast<1>, at::native::memory::StoreWithCast<1>)",3,operator_shape_matched,"[[63],[63],[]]","[""long int"",""int"",""Scalar""]",null,5,12.033
aten::copy_,"void at::native::unrolled_elementwise_kernel<at::native::direct_copy_kernel_cuda(at::TensorIteratorBase&)::{lambda()#3}::operator()() const::{lambda()#4}::operator()() const::{lambda(long)#1}, std::array<char*, 2ul>, 4, TrivialOffsetCalculator<1, unsigned int>, TrivialOffsetCalculator<1, unsigned int>, at::native::memory::LoadWithCast<1>, at::native::memory::StoreWithCast<1> >(int, at::native::direct_copy_kernel_cuda(at::TensorIteratorBase&)::{lambda()#3}::operator()() const::{lambda()#4}::operator()() const::{lambda(long)#1}, std::array<char*, 2ul>, TrivialOffsetCalculator<1, unsigned int>, TrivialOffsetCalculator<1, unsigned int>, at::native::memory::LoadWithCast<1>, at::native::memory::StoreWithCast<1>)",4,operator_shape_matched,"[[1],[1],[]]","[""long int"",""int"",""Scalar""]",null,3,7.617
aten::copy_,"void at::native::unrolled_elementwise_kernel<at::native::direct_copy_kernel_cuda(at::TensorIteratorBase&)::{lambda()#3}::operator()() const::{lambda()#4}::operator()() const::{lambda(long)#1}, std::array<char*, 2ul>, 4, TrivialOffsetCalculator<1, unsigned int>, TrivialOffsetCalculator<1, unsigned int>, at::native::memory::LoadWithCast<1>, at::native::memory::StoreWithCast<1> >(int, at::native::direct_copy_kernel_cuda(at::TensorIteratorBase&)::{lambda()#3}::operator()() const::{lambda()#4}::operator()() const::{lambda(long)#1}, std::array<char*, 2ul>, TrivialOffsetCalculator<1, unsigned int>, TrivialOffsetCalculator<1, unsigned int>, at::native::memory::LoadWithCast<1>, at::native::memory::StoreWithCast<1>)",5,operator_shape_matched,"[[42],[42],[]]","[""long int"",""int"",""Scalar""]",null,2,7.393
aten::copy_,"void at::native::unrolled_elementwise_kernel<at::native::direct_copy_kernel_cuda(at::TensorIteratorBase&)::{lambda()#3}::operator()() const::{lambda()#4}::operator()() const::{lambda(long)#1}, std::array<char*, 2ul>, 4, TrivialOffsetCalculator<1, unsigned int>, TrivialOffsetCalculator<1, unsigned int>, at::native::memory::LoadWithCast<1>, at::native::memory::StoreWithCast<1> >(int, at::native::direct_copy_kernel_cuda(at::TensorIteratorBase&)::{lambda()#3}::operator()() const::{lambda()#4}::operator()() const::{lambda(long)#1}, std::array<char*, 2ul>, TrivialOffsetCalculator<1, unsigned int>, TrivialOffsetCalculator<1, unsigned int>, at::native::memory::LoadWithCast<1>, at::native::memory::StoreWithCast<1>)",6,operator_shape_matched,"[[16],[16],[]]","[""long int"",""int"",""Scalar""]",null,2,6.592
aten::copy_,"void at::native::unrolled_elementwise_kernel<at::native::direct_copy_kernel_cuda(at::TensorIteratorBase&)::{lambda()#3}::operator()() const::{lambda()#4}::operator()() const::{lambda(long)#1}, std::array<char*, 2ul>, 4, TrivialOffsetCalculator<1, unsigned int>, TrivialOffsetCalculator<1, unsigned int>, at::native::memory::LoadWithCast<1>, at::native::memory::StoreWithCast<1> >(int, at::native::direct_copy_kernel_cuda(at::TensorIteratorBase&)::{lambda()#3}::operator()() const::{lambda()#4}::operator()() const::{lambda(long)#1}, std::array<char*, 2ul>, TrivialOffsetCalculator<1, unsigned int>, TrivialOffsetCalculator<1, unsigned int>, at::native::memory::LoadWithCast<1>, at::native::memory::StoreWithCast<1>)",7,operator_shape_matched,"[[34],[34],[]]","[""long int"",""int"",""Scalar""]",null,2,6.208
aten::copy_,"void at::native::unrolled_elementwise_kernel<at::native::direct_copy_kernel_cuda(at::TensorIteratorBase&)::{lambda()#3}::operator()() const::{lambda()#4}::operator()() const::{lambda(long)#1}, std::array<char*, 2ul>, 4, TrivialOffsetCalculator<1, unsigned int>, TrivialOffsetCalculator<1, unsigned int>, at::native::memory::LoadWithCast<1>, at::native::memory::StoreWithCast<1> >(int, at::native::direct_copy_kernel_cuda(at::TensorIteratorBase&)::{lambda()#3}::operator()() const::{lambda()#4}::operator()() const::{lambda(long)#1}, std::array<char*, 2ul>, TrivialOffsetCalculator<1, unsigned int>, TrivialOffsetCalculator<1, unsigned int>, at::native::memory::LoadWithCast<1>, at::native::memory::StoreWithCast<1>)",8,operator_shape_matched,"[[48],[48],[]]","[""long int"",""int"",""Scalar""]",null,2,5.792
aten::copy_,"void at::native::unrolled_elementwise_kernel<at::native::direct_copy_kernel_cuda(at::TensorIteratorBase&)::{lambda()#3}::operator()() const::{lambda()#4}::operator()() const::{lambda(long)#1}, std::array<char*, 2ul>, 4, TrivialOffsetCalculator<1, unsigned int>, TrivialOffsetCalculator<1, unsigned int>, at::native::memory::LoadWithCast<1>, at::native::memory::StoreWithCast<1> >(int, at::native::direct_copy_kernel_cuda(at::TensorIteratorBase&)::{lambda()#3}::operator()() const::{lambda()#4}::operator()() const::{lambda(long)#1}, std::array<char*, 2ul>, TrivialOffsetCalculator<1, unsigned int>, TrivialOffsetCalculator<1, unsigned int>, at::native::memory::LoadWithCast<1>, at::native::memory::StoreWithCast<1>)",9,operator_shape_matched,"[[20],[20],[]]","[""long int"",""int"",""Scalar""]",null,2,5.632
aten::copy_,"void at::native::unrolled_elementwise_kernel<at::native::direct_copy_kernel_cuda(at::TensorIteratorBase&)::{lambda()#3}::operator()() const::{lambda()#4}::operator()() const::{lambda(long)#1}, std::array<char*, 2ul>, 4, TrivialOffsetCalculator<1, unsigned int>, TrivialOffsetCalculator<1, unsigned int>, at::native::memory::LoadWithCast<1>, at::native::memory::StoreWithCast<1> >(int, at::native::direct_copy_kernel_cuda(at::TensorIteratorBase&)::{lambda()#3}::operator()() const::{lambda()#4}::operator()() const::{lambda(long)#1}, std::array<char*, 2ul>, TrivialOffsetCalculator<1, unsigned int>, TrivialOffsetCalculator<1, unsigned int>, at::native::memory::LoadWithCast<1>, at::native::memory::StoreWithCast<1>)",10,operator_shape_matched,"[[62],[62],[]]","[""long int"",""int"",""Scalar""]",null,2,5.472
aten::copy_,"void at::native::unrolled_elementwise_kernel<at::native::direct_copy_kernel_cuda(at::TensorIteratorBase&)::{lambda()#3}::operator()() const::{lambda()#4}::operator()() const::{lambda(long)#1}, std::array<char*, 2ul>, 4, TrivialOffsetCalculator<1, unsigned int>, TrivialOffsetCalculator<1, unsigned int>, at::native::memory::LoadWithCast<1>, at::native::memory::StoreWithCast<1> >(int, at::native::direct_copy_kernel_cuda(at::TensorIteratorBase&)::{lambda()#3}::operator()() const::{lambda()#4}::operator()() const::{lambda(long)#1}, std::array<char*, 2ul>, TrivialOffsetCalculator<1, unsigned int>, TrivialOffsetCalculator<1, unsigned int>, at::native::memory::LoadWithCast<1>, at::native::memory::StoreWithCast<1>)",11,operator_shape_matched,"[[2],[2],[]]","[""long int"",""int"",""Scalar""]",null,2,5.089
aten::copy_,"void at::native::unrolled_elementwise_kernel<at::native::direct_copy_kernel_cuda(at::TensorIteratorBase&)::{lambda()#3}::operator()() const::{lambda()#4}::operator()() const::{lambda(long)#1}, std::array<char*, 2ul>, 4, TrivialOffsetCalculator<1, unsigned int>, TrivialOffsetCalculator<1, unsigned int>, at::native::memory::LoadWithCast<1>, at::native::memory::StoreWithCast<1> >(int, at::native::direct_copy_kernel_cuda(at::TensorIteratorBase&)::{lambda()#3}::operator()() const::{lambda()#4}::operator()() const::{lambda(long)#1}, std::array<char*, 2ul>, TrivialOffsetCalculator<1, unsigned int>, TrivialOffsetCalculator<1, unsigned int>, at::native::memory::LoadWithCast<1>, at::native::memory::StoreWithCast<1>)",12,operator_shape_matched,"[[46],[46],[]]","[""long int"",""int"",""Scalar""]",null,2,3.807
aten::copy_,"void at::native::unrolled_elementwise_kernel<at::native::direct_copy_kernel_cuda(at::TensorIteratorBase&)::{lambda()#3}::operator()() const::{lambda()#4}::operator()() const::{lambda(long)#1}, std::array<char*, 2ul>, 4, TrivialOffsetCalculator<1, unsigned int>, TrivialOffsetCalculator<1, unsigned int>, at::native::memory::LoadWithCast<1>, at::native::memory::StoreWithCast<1> >(int, at::native::direct_copy_kernel_cuda(at::TensorIteratorBase&)::{lambda()#3}::operator()() const::{lambda()#4}::operator()() const::{lambda(long)#1}, std::array<char*, 2ul>, TrivialOffsetCalculator<1, unsigned int>, TrivialOffsetCalculator<1, unsigned int>, at::native::memory::LoadWithCast<1>, at::native::memory::StoreWithCast<1>)",13,operator_shape_matched,"[[18],[18],[]]","[""long int"",""int"",""Scalar""]",null,2,3.776
aten::copy_,"void at::native::unrolled_elementwise_kernel<at::native::direct_copy_kernel_cuda(at::TensorIteratorBase&)::{lambda()#3}::operator()() const::{lambda()#4}::operator()() const::{lambda(long)#1}, std::array<char*, 2ul>, 4, TrivialOffsetCalculator<1, unsigned int>, TrivialOffsetCalculator<1, unsigned int>, at::native::memory::LoadWithCast<1>, at::native::memory::StoreWithCast<1> >(int, at::native::direct_copy_kernel_cuda(at::TensorIteratorBase&)::{lambda()#3}::operator()() const::{lambda()#4}::operator()() const::{lambda(long)#1}, std::array<char*, 2ul>, TrivialOffsetCalculator<1, unsigned int>, TrivialOffsetCalculator<1, unsigned int>, at::native::memory::LoadWithCast<1>, at::native::memory::StoreWithCast<1>)",14,operator_shape_matched,"[[52],[52],[]]","[""long int"",""int"",""Scalar""]",null,2,3.616
aten::copy_,"void at::native::unrolled_elementwise_kernel<at::native::direct_copy_kernel_cuda(at::TensorIteratorBase&)::{lambda()#3}::operator()() const::{lambda()#4}::operator()() const::{lambda(long)#1}, std::array<char*, 2ul>, 4, TrivialOffsetCalculator<1, unsigned int>, TrivialOffsetCalculator<1, unsigned int>, at::native::memory::LoadWithCast<1>, at::native::memory::StoreWithCast<1> >(int, at::native::direct_copy_kernel_cuda(at::TensorIteratorBase&)::{lambda()#3}::operator()() const::{lambda()#4}::operator()() const::{lambda(long)#1}, std::array<char*, 2ul>, TrivialOffsetCalculator<1, unsigned int>, TrivialOffsetCalculator<1, unsigned int>, at::native::memory::LoadWithCast<1>, at::native::memory::StoreWithCast<1>)",15,operator_shape_matched,"[[22],[22],[]]","[""long int"",""int"",""Scalar""]",null,2,3.615
aten::copy_,"void at::native::unrolled_elementwise_kernel<at::native::direct_copy_kernel_cuda(at::TensorIteratorBase&)::{lambda()#3}::operator()() const::{lambda()#4}::operator()() const::{lambda(long)#1}, std::array<char*, 2ul>, 4, TrivialOffsetCalculator<1, unsigned int>, TrivialOffsetCalculator<1, unsigned int>, at::native::memory::LoadWithCast<1>, at::native::memory::StoreWithCast<1> >(int, at::native::direct_copy_kernel_cuda(at::TensorIteratorBase&)::{lambda()#3}::operator()() const::{lambda()#4}::operator()() const::{lambda(long)#1}, std::array<char*, 2ul>, TrivialOffsetCalculator<1, unsigned int>, TrivialOffsetCalculator<1, unsigned int>, at::native::memory::LoadWithCast<1>, at::native::memory::StoreWithCast<1>)",16,operator_shape_matched,"[[36],[36],[]]","[""long int"",""int"",""Scalar""]",null,2,3.519
aten::copy_,"void at::native::unrolled_elementwise_kernel<at::native::direct_copy_kernel_cuda(at::TensorIteratorBase&)::{lambda()#3}::operator()() const::{lambda()#4}::operator()() const::{lambda(long)#1}, std::array<char*, 2ul>, 4, TrivialOffsetCalculator<1, unsigned int>, TrivialOffsetCalculator<1, unsigned int>, at::native::memory::LoadWithCast<1>, at::native::memory::StoreWithCast<1> >(int, at::native::direct_copy_kernel_cuda(at::TensorIteratorBase&)::{lambda()#3}::operator()() const::{lambda()#4}::operator()() const::{lambda(long)#1}, std::array<char*, 2ul>, TrivialOffsetCalculator<1, unsigned int>, TrivialOffsetCalculator<1, unsigned int>, at::native::memory::LoadWithCast<1>, at::native::memory::StoreWithCast<1>)",17,operator_shape_matched,"[[58],[58],[]]","[""long int"",""int"",""Scalar""]",null,2,3.488
aten::copy_,"void at::native::unrolled_elementwise_kernel<at::native::direct_copy_kernel_cuda(at::TensorIteratorBase&)::{lambda()#3}::operator()() const::{lambda()#4}::operator()() const::{lambda(long)#1}, std::array<char*, 2ul>, 4, TrivialOffsetCalculator<1, unsigned int>, TrivialOffsetCalculator<1, unsigned int>, at::native::memory::LoadWithCast<1>, at::native::memory::StoreWithCast<1> >(int, at::native::direct_copy_kernel_cuda(at::TensorIteratorBase&)::{lambda()#3}::operator()() const::{lambda()#4}::operator()() const::{lambda(long)#1}, std::array<char*, 2ul>, TrivialOffsetCalculator<1, unsigned int>, TrivialOffsetCalculator<1, unsigned int>, at::native::memory::LoadWithCast<1>, at::native::memory::StoreWithCast<1>)",18,operator_shape_matched,"[[30],[30],[]]","[""long int"",""int"",""Scalar""]",null,2,3.457
aten::copy_,"void at::native::unrolled_elementwise_kernel<at::native::direct_copy_kernel_cuda(at::TensorIteratorBase&)::{lambda()#3}::operator()() const::{lambda()#4}::operator()() const::{lambda(long)#1}, std::array<char*, 2ul>, 4, TrivialOffsetCalculator<1, unsigned int>, TrivialOffsetCalculator<1, unsigned int>, at::native::memory::LoadWithCast<1>, at::native::memory::StoreWithCast<1> >(int, at::native::direct_copy_kernel_cuda(at::TensorIteratorBase&)::{lambda()#3}::operator()() const::{lambda()#4}::operator()() const::{lambda(long)#1}, std::array<char*, 2ul>, TrivialOffsetCalculator<1, unsigned int>, TrivialOffsetCalculator<1, unsigned int>, at::native::memory::LoadWithCast<1>, at::native::memory::StoreWithCast<1>)",19,operator_shape_matched,"[[4],[4],[]]","[""long int"",""int"",""Scalar""]",null,2,3.392
aten::copy_,"void at::native::unrolled_elementwise_kernel<at::native::direct_copy_kernel_cuda(at::TensorIteratorBase&)::{lambda()#3}::operator()() const::{lambda()#4}::operator()() const::{lambda(long)#1}, std::array<char*, 2ul>, 4, TrivialOffsetCalculator<1, unsigned int>, TrivialOffsetCalculator<1, unsigned int>, at::native::memory::LoadWithCast<1>, at::native::memory::StoreWithCast<1> >(int, at::native::direct_copy_kernel_cuda(at::TensorIteratorBase&)::{lambda()#3}::operator()() const::{lambda()#4}::operator()() const::{lambda(long)#1}, std::array<char*, 2ul>, TrivialOffsetCalculator<1, unsigned int>, TrivialOffsetCalculator<1, unsigned int>, at::native::memory::LoadWithCast<1>, at::native::memory::StoreWithCast<1>)",20,operator_shape_matched,"[[54],[54],[]]","[""long int"",""int"",""Scalar""]",null,2,3.392
aten::copy_,"void at::native::unrolled_elementwise_kernel<at::native::direct_copy_kernel_cuda(at::TensorIteratorBase&)::{lambda()#3}::operator()() const::{lambda()#4}::operator()() const::{lambda(long)#1}, std::array<char*, 2ul>, 4, TrivialOffsetCalculator<1, unsigned int>, TrivialOffsetCalculator<1, unsigned int>, at::native::memory::LoadWithCast<1>, at::native::memory::StoreWithCast<1> >(int, at::native::direct_copy_kernel_cuda(at::TensorIteratorBase&)::{lambda()#3}::operator()() const::{lambda()#4}::operator()() const::{lambda(long)#1}, std::array<char*, 2ul>, TrivialOffsetCalculator<1, unsigned int>, TrivialOffsetCalculator<1, unsigned int>, at::native::memory::LoadWithCast<1>, at::native::memory::StoreWithCast<1>)",21,operator_shape_matched,"[[10],[10],[]]","[""long int"",""int"",""Scalar""]",null,2,3.361
aten::copy_,"void at::native::unrolled_elementwise_kernel<at::native::direct_copy_kernel_cuda(at::TensorIteratorBase&)::{lambda()#3}::operator()() const::{lambda()#4}::operator()() const::{lambda(long)#1}, std::array<char*, 2ul>, 4, TrivialOffsetCalculator<1, unsigned int>, TrivialOffsetCalculator<1, unsigned int>, at::native::memory::LoadWithCast<1>, at::native::memory::StoreWithCast<1> >(int, at::native::direct_copy_kernel_cuda(at::TensorIteratorBase&)::{lambda()#3}::operator()() const::{lambda()#4}::operator()() const::{lambda(long)#1}, std::array<char*, 2ul>, TrivialOffsetCalculator<1, unsigned int>, TrivialOffsetCalculator<1, unsigned int>, at::native::memory::LoadWithCast<1>, at::native::memory::StoreWithCast<1>)",22,operator_shape_matched,"[[28],[28],[]]","[""long int"",""int"",""Scalar""]",null,2,3.361
aten::copy_,"void at::native::unrolled_elementwise_kernel<at::native::direct_copy_kernel_cuda(at::TensorIteratorBase&)::{lambda()#3}::operator()() const::{lambda()#4}::operator()() const::{lambda(long)#1}, std::array<char*, 2ul>, 4, TrivialOffsetCalculator<1, unsigned int>, TrivialOffsetCalculator<1, unsigned int>, at::native::memory::LoadWithCast<1>, at::native::memory::StoreWithCast<1> >(int, at::native::direct_copy_kernel_cuda(at::TensorIteratorBase&)::{lambda()#3}::operator()() const::{lambda()#4}::operator()() const::{lambda(long)#1}, std::array<char*, 2ul>, TrivialOffsetCalculator<1, unsigned int>, TrivialOffsetCalculator<1, unsigned int>, at::native::memory::LoadWithCast<1>, at::native::memory::StoreWithCast<1>)",23,operator_shape_matched,"[[60],[60],[]]","[""long int"",""int"",""Scalar""]",null,2,3.328
aten::copy_,"void at::native::unrolled_elementwise_kernel<at::native::direct_copy_kernel_cuda(at::TensorIteratorBase&)::{lambda()#3}::operator()() const::{lambda()#4}::operator()() const::{lambda(long)#1}, std::array<char*, 2ul>, 4, TrivialOffsetCalculator<1, unsigned int>, TrivialOffsetCalculator<1, unsigned int>, at::native::memory::LoadWithCast<1>, at::native::memory::StoreWithCast<1> >(int, at::native::direct_copy_kernel_cuda(at::TensorIteratorBase&)::{lambda()#3}::operator()() const::{lambda()#4}::operator()() const::{lambda(long)#1}, std::array<char*, 2ul>, TrivialOffsetCalculator<1, unsigned int>, TrivialOffsetCalculator<1, unsigned int>, at::native::memory::LoadWithCast<1>, at::native::memory::StoreWithCast<1>)",24,operator_shape_matched,"[[12],[12],[]]","[""long int"",""int"",""Scalar""]",null,2,3.296
aten::copy_,"void at::native::unrolled_elementwise_kernel<at::native::direct_copy_kernel_cuda(at::TensorIteratorBase&)::{lambda()#3}::operator()() const::{lambda()#4}::operator()() const::{lambda(long)#1}, std::array<char*, 2ul>, 4, TrivialOffsetCalculator<1, unsigned int>, TrivialOffsetCalculator<1, unsigned int>, at::native::memory::LoadWithCast<1>, at::native::memory::StoreWithCast<1> >(int, at::native::direct_copy_kernel_cuda(at::TensorIteratorBase&)::{lambda()#3}::operator()() const::{lambda()#4}::operator()() const::{lambda(long)#1}, std::array<char*, 2ul>, TrivialOffsetCalculator<1, unsigned int>, TrivialOffsetCalculator<1, unsigned int>, at::native::memory::LoadWithCast<1>, at::native::memory::StoreWithCast<1>)",25,operator_shape_matched,"[[6],[6],[]]","[""long int"",""int"",""Scalar""]",null,2,3.264
aten::copy_,"void at::native::unrolled_elementwise_kernel<at::native::direct_copy_kernel_cuda(at::TensorIteratorBase&)::{lambda()#3}::operator()() const::{lambda()#4}::operator()() const::{lambda(long)#1}, std::array<char*, 2ul>, 4, TrivialOffsetCalculator<1, unsigned int>, TrivialOffsetCalculator<1, unsigned int>, at::native::memory::LoadWithCast<1>, at::native::memory::StoreWithCast<1> >(int, at::native::direct_copy_kernel_cuda(at::TensorIteratorBase&)::{lambda()#3}::operator()() const::{lambda()#4}::operator()() const::{lambda(long)#1}, std::array<char*, 2ul>, TrivialOffsetCalculator<1, unsigned int>, TrivialOffsetCalculator<1, unsigned int>, at::native::memory::LoadWithCast<1>, at::native::memory::StoreWithCast<1>)",26,operator_shape_matched,"[[38],[38],[]]","[""long int"",""int"",""Scalar""]",null,2,3.232
aten::copy_,"void at::native::unrolled_elementwise_kernel<at::native::direct_copy_kernel_cuda(at::TensorIteratorBase&)::{lambda()#3}::operator()() const::{lambda()#4}::operator()() const::{lambda(long)#1}, std::array<char*, 2ul>, 4, TrivialOffsetCalculator<1, unsigned int>, TrivialOffsetCalculator<1, unsigned int>, at::native::memory::LoadWithCast<1>, at::native::memory::StoreWithCast<1> >(int, at::native::direct_copy_kernel_cuda(at::TensorIteratorBase&)::{lambda()#3}::operator()() const::{lambda()#4}::operator()() const::{lambda(long)#1}, std::array<char*, 2ul>, TrivialOffsetCalculator<1, unsigned int>, TrivialOffsetCalculator<1, unsigned int>, at::native::memory::LoadWithCast<1>, at::native::memory::StoreWithCast<1>)",27,operator_shape_matched,"[[56],[56],[]]","[""long int"",""int"",""Scalar""]",null,2,3.232
aten::copy_,"void at::native::unrolled_elementwise_kernel<at::native::direct_copy_kernel_cuda(at::TensorIteratorBase&)::{lambda()#3}::operator()() const::{lambda()#4}::operator()() const::{lambda(long)#1}, std::array<char*, 2ul>, 4, TrivialOffsetCalculator<1, unsigned int>, TrivialOffsetCalculator<1, unsigned int>, at::native::memory::LoadWithCast<1>, at::native::memory::StoreWithCast<1> >(int, at::native::direct_copy_kernel_cuda(at::TensorIteratorBase&)::{lambda()#3}::operator()() const::{lambda()#4}::operator()() const::{lambda(long)#1}, std::array<char*, 2ul>, TrivialOffsetCalculator<1, unsigned int>, TrivialOffsetCalculator<1, unsigned int>, at::native::memory::LoadWithCast<1>, at::native::memory::StoreWithCast<1>)",28,operator_shape_matched,"[[14],[14],[]]","[""long int"",""int"",""Scalar""]",null,2,3.201
aten::copy_,"void at::native::unrolled_elementwise_kernel<at::native::direct_copy_kernel_cuda(at::TensorIteratorBase&)::{lambda()#3}::operator()() const::{lambda()#4}::operator()() const::{lambda(long)#1}, std::array<char*, 2ul>, 4, TrivialOffsetCalculator<1, unsigned int>, TrivialOffsetCalculator<1, unsigned int>, at::native::memory::LoadWithCast<1>, at::native::memory::StoreWithCast<1> >(int, at::native::direct_copy_kernel_cuda(at::TensorIteratorBase&)::{lambda()#3}::operator()() const::{lambda()#4}::operator()() const::{lambda(long)#1}, std::array<char*, 2ul>, TrivialOffsetCalculator<1, unsigned int>, TrivialOffsetCalculator<1, unsigned int>, at::native::memory::LoadWithCast<1>, at::native::memory::StoreWithCast<1>)",29,operator_shape_matched,"[[32],[32],[]]","[""long int"",""int"",""Scalar""]",null,2,3.168
aten::copy_,"void at::native::unrolled_elementwise_kernel<at::native::direct_copy_kernel_cuda(at::TensorIteratorBase&)::{lambda()#3}::operator()() const::{lambda()#4}::operator()() const::{lambda(long)#1}, std::array<char*, 2ul>, 4, TrivialOffsetCalculator<1, unsigned int>, TrivialOffsetCalculator<1, unsigned int>, at::native::memory::LoadWithCast<1>, at::native::memory::StoreWithCast<1> >(int, at::native::direct_copy_kernel_cuda(at::TensorIteratorBase&)::{lambda()#3}::operator()() const::{lambda()#4}::operator()() const::{lambda(long)#1}, std::array<char*, 2ul>, TrivialOffsetCalculator<1, unsigned int>, TrivialOffsetCalculator<1, unsigned int>, at::native::memory::LoadWithCast<1>, at::native::memory::StoreWithCast<1>)",30,operator_shape_matched,"[[50],[50],[]]","[""long int"",""int"",""Scalar""]",null,2,3.168
aten::copy_,"void at::native::unrolled_elementwise_kernel<at::native::direct_copy_kernel_cuda(at::TensorIteratorBase&)::{lambda()#3}::operator()() const::{lambda()#4}::operator()() const::{lambda(long)#1}, std::array<char*, 2ul>, 4, TrivialOffsetCalculator<1, unsigned int>, TrivialOffsetCalculator<1, unsigned int>, at::native::memory::LoadWithCast<1>, at::native::memory::StoreWithCast<1> >(int, at::native::direct_copy_kernel_cuda(at::TensorIteratorBase&)::{lambda()#3}::operator()() const::{lambda()#4}::operator()() const::{lambda(long)#1}, std::array<char*, 2ul>, TrivialOffsetCalculator<1, unsigned int>, TrivialOffsetCalculator<1, unsigned int>, at::native::memory::LoadWithCast<1>, at::native::memory::StoreWithCast<1>)",31,operator_shape_matched,"[[26],[26],[]]","[""long int"",""int"",""Scalar""]",null,2,3.167
aten::copy_,"void at::native::unrolled_elementwise_kernel<at::native::direct_copy_kernel_cuda(at::TensorIteratorBase&)::{lambda()#3}::operator()() const::{lambda()#4}::operator()() const::{lambda(long)#1}, std::array<char*, 2ul>, 4, TrivialOffsetCalculator<1, unsigned int>, TrivialOffsetCalculator<1, unsigned int>, at::native::memory::LoadWithCast<1>, at::native::memory::StoreWithCast<1> >(int, at::native::direct_copy_kernel_cuda(at::TensorIteratorBase&)::{lambda()#3}::operator()() const::{lambda()#4}::operator()() const::{lambda(long)#1}, std::array<char*, 2ul>, TrivialOffsetCalculator<1, unsigned int>, TrivialOffsetCalculator<1, unsigned int>, at::native::memory::LoadWithCast<1>, at::native::memory::StoreWithCast<1>)",32,operator_shape_matched,"[[40],[40],[]]","[""long int"",""int"",""Scalar""]",null,2,3.136
aten::copy_,"void at::native::unrolled_elementwise_kernel<at::native::direct_copy_kernel_cuda(at::TensorIteratorBase&)::{lambda()#3}::operator()() const::{lambda()#4}::operator()() const::{lambda(long)#1}, std::array<char*, 2ul>, 4, TrivialOffsetCalculator<1, unsigned int>, TrivialOffsetCalculator<1, unsigned int>, at::native::memory::LoadWithCast<1>, at::native::memory::StoreWithCast<1> >(int, at::native::direct_copy_kernel_cuda(at::TensorIteratorBase&)::{lambda()#3}::operator()() const::{lambda()#4}::operator()() const::{lambda(long)#1}, std::array<char*, 2ul>, TrivialOffsetCalculator<1, unsigned int>, TrivialOffsetCalculator<1, unsigned int>, at::native::memory::LoadWithCast<1>, at::native::memory::StoreWithCast<1>)",33,operator_shape_matched,"[[24],[24],[]]","[""long int"",""int"",""Scalar""]",null,2,3.104
aten::copy_,"void at::native::unrolled_elementwise_kernel<at::native::direct_copy_kernel_cuda(at::TensorIteratorBase&)::{lambda()#3}::operator()() const::{lambda()#4}::operator()() const::{lambda(long)#1}, std::array<char*, 2ul>, 4, TrivialOffsetCalculator<1, unsigned int>, TrivialOffsetCalculator<1, unsigned int>, at::native::memory::LoadWithCast<1>, at::native::memory::StoreWithCast<1> >(int, at::native::direct_copy_kernel_cuda(at::TensorIteratorBase&)::{lambda()#3}::operator()() const::{lambda()#4}::operator()() const::{lambda(long)#1}, std::array<char*, 2ul>, TrivialOffsetCalculator<1, unsigned int>, TrivialOffsetCalculator<1, unsigned int>, at::native::memory::LoadWithCast<1>, at::native::memory::StoreWithCast<1>)",34,operator_shape_matched,"[[8],[8],[]]","[""long int"",""int"",""Scalar""]",null,2,3.073
aten::copy_,"void at::native::unrolled_elementwise_kernel<at::native::direct_copy_kernel_cuda(at::TensorIteratorBase&)::{lambda()#3}::operator()() const::{lambda()#4}::operator()() const::{lambda(long)#1}, std::array<char*, 2ul>, 4, TrivialOffsetCalculator<1, unsigned int>, TrivialOffsetCalculator<1, unsigned int>, at::native::memory::LoadWithCast<1>, at::native::memory::StoreWithCast<1> >(int, at::native::direct_copy_kernel_cuda(at::TensorIteratorBase&)::{lambda()#3}::operator()() const::{lambda()#4}::operator()() const::{lambda(long)#1}, std::array<char*, 2ul>, TrivialOffsetCalculator<1, unsigned int>, TrivialOffsetCalculator<1, unsigned int>, at::native::memory::LoadWithCast<1>, at::native::memory::StoreWithCast<1>)",35,operator_shape_matched,"[[44],[44],[]]","[""long int"",""int"",""Scalar""]",null,2,3.072
aten::copy_,"void at::native::unrolled_elementwise_kernel<at::native::direct_copy_kernel_cuda(at::TensorIteratorBase&)::{lambda()#3}::operator()() const::{lambda()#4}::operator()() const::{lambda(long)#1}, std::array<char*, 2ul>, 4, TrivialOffsetCalculator<1, unsigned int>, TrivialOffsetCalculator<1, unsigned int>, at::native::memory::LoadWithCast<1>, at::native::memory::StoreWithCast<1> >(int, at::native::direct_copy_kernel_cuda(at::TensorIteratorBase&)::{lambda()#3}::operator()() const::{lambda()#4}::operator()() const::{lambda(long)#1}, std::array<char*, 2ul>, TrivialOffsetCalculator<1, unsigned int>, TrivialOffsetCalculator<1, unsigned int>, at::native::memory::LoadWithCast<1>, at::native::memory::StoreWithCast<1>)",36,operator_shape_matched,"[[5089],[5089],[]]","[""long int"",""int"",""Scalar""]",null,1,2.56
aten::copy_,"void at::native::unrolled_elementwise_kernel<at::native::direct_copy_kernel_cuda(at::TensorIteratorBase&)::{lambda()#3}::operator()() const::{lambda()#4}::operator()() const::{lambda(long)#1}, std::array<char*, 2ul>, 4, TrivialOffsetCalculator<1, unsigned int>, TrivialOffsetCalculator<1, unsigned int>, at::native::memory::LoadWithCast<1>, at::native::memory::StoreWithCast<1> >(int, at::native::direct_copy_kernel_cuda(at::TensorIteratorBase&)::{lambda()#3}::operator()() const::{lambda()#4}::operator()() const::{lambda(long)#1}, std::array<char*, 2ul>, TrivialOffsetCalculator<1, unsigned int>, TrivialOffsetCalculator<1, unsigned int>, at::native::memory::LoadWithCast<1>, at::native::memory::StoreWithCast<1>)",37,operator_shape_matched,"[[4096],[4096],[]]","[""long int"",""int"",""Scalar""]",null,1,2.336
aten::copy_,"void at::native::unrolled_elementwise_kernel<at::native::direct_copy_kernel_cuda(at::TensorIteratorBase&)::{lambda()#3}::operator()() const::{lambda()#4}::operator()() const::{lambda(long)#1}, std::array<char*, 2ul>, 4, TrivialOffsetCalculator<1, unsigned int>, TrivialOffsetCalculator<1, unsigned int>, at::native::memory::LoadWithCast<1>, at::native::memory::StoreWithCast<1> >(int, at::native::direct_copy_kernel_cuda(at::TensorIteratorBase&)::{lambda()#3}::operator()() const::{lambda()#4}::operator()() const::{lambda(long)#1}, std::array<char*, 2ul>, TrivialOffsetCalculator<1, unsigned int>, TrivialOffsetCalculator<1, unsigned int>, at::native::memory::LoadWithCast<1>, at::native::memory::StoreWithCast<1>)",38,operator_shape_matched,"[[17],[17],[]]","[""long int"",""int"",""Scalar""]",null,1,2.08
aten::copy_,"void at::native::unrolled_elementwise_kernel<at::native::direct_copy_kernel_cuda(at::TensorIteratorBase&)::{lambda()#3}::operator()() const::{lambda()#4}::operator()() const::{lambda(long)#1}, std::array<char*, 2ul>, 4, TrivialOffsetCalculator<1, unsigned int>, TrivialOffsetCalculator<1, unsigned int>, at::native::memory::LoadWithCast<1>, at::native::memory::StoreWithCast<1> >(int, at::native::direct_copy_kernel_cuda(at::TensorIteratorBase&)::{lambda()#3}::operator()() const::{lambda()#4}::operator()() const::{lambda(long)#1}, std::array<char*, 2ul>, TrivialOffsetCalculator<1, unsigned int>, TrivialOffsetCalculator<1, unsigned int>, at::native::memory::LoadWithCast<1>, at::native::memory::StoreWithCast<1>)",39,operator_shape_matched,"[[25],[25],[]]","[""long int"",""int"",""Scalar""]",null,1,2.08
aten::copy_,"void at::native::unrolled_elementwise_kernel<at::native::direct_copy_kernel_cuda(at::TensorIteratorBase&)::{lambda()#3}::operator()() const::{lambda()#4}::operator()() const::{lambda(long)#1}, std::array<char*, 2ul>, 4, TrivialOffsetCalculator<1, unsigned int>, TrivialOffsetCalculator<1, unsigned int>, at::native::memory::LoadWithCast<1>, at::native::memory::StoreWithCast<1> >(int, at::native::direct_copy_kernel_cuda(at::TensorIteratorBase&)::{lambda()#3}::operator()() const::{lambda()#4}::operator()() const::{lambda(long)#1}, std::array<char*, 2ul>, TrivialOffsetCalculator<1, unsigned int>, TrivialOffsetCalculator<1, unsigned int>, at::native::memory::LoadWithCast<1>, at::native::memory::StoreWithCast<1>)",40,operator_shape_matched,"[[49],[49],[]]","[""long int"",""int"",""Scalar""]",null,1,2.08
aten::copy_,"void at::native::unrolled_elementwise_kernel<at::native::direct_copy_kernel_cuda(at::TensorIteratorBase&)::{lambda()#3}::operator()() const::{lambda()#4}::operator()() const::{lambda(long)#1}, std::array<char*, 2ul>, 4, TrivialOffsetCalculator<1, unsigned int>, TrivialOffsetCalculator<1, unsigned int>, at::native::memory::LoadWithCast<1>, at::native::memory::StoreWithCast<1> >(int, at::native::direct_copy_kernel_cuda(at::TensorIteratorBase&)::{lambda()#3}::operator()() const::{lambda()#4}::operator()() const::{lambda(long)#1}, std::array<char*, 2ul>, TrivialOffsetCalculator<1, unsigned int>, TrivialOffsetCalculator<1, unsigned int>, at::native::memory::LoadWithCast<1>, at::native::memory::StoreWithCast<1>)",41,operator_shape_matched,"[[41],[41],[]]","[""long int"",""int"",""Scalar""]",null,1,1.92
aten::copy_,"void at::native::unrolled_elementwise_kernel<at::native::direct_copy_kernel_cuda(at::TensorIteratorBase&)::{lambda()#3}::operator()() const::{lambda()#4}::operator()() const::{lambda(long)#1}, std::array<char*, 2ul>, 4, TrivialOffsetCalculator<1, unsigned int>, TrivialOffsetCalculator<1, unsigned int>, at::native::memory::LoadWithCast<1>, at::native::memory::StoreWithCast<1> >(int, at::native::direct_copy_kernel_cuda(at::TensorIteratorBase&)::{lambda()#3}::operator()() const::{lambda()#4}::operator()() const::{lambda(long)#1}, std::array<char*, 2ul>, TrivialOffsetCalculator<1, unsigned int>, TrivialOffsetCalculator<1, unsigned int>, at::native::memory::LoadWithCast<1>, at::native::memory::StoreWithCast<1>)",42,operator_shape_matched,"[[57],[57],[]]","[""long int"",""int"",""Scalar""]",null,1,1.92
aten::copy_,"void at::native::unrolled_elementwise_kernel<at::native::direct_copy_kernel_cuda(at::TensorIteratorBase&)::{lambda()#3}::operator()() const::{lambda()#4}::operator()() const::{lambda(long)#1}, std::array<char*, 2ul>, 4, TrivialOffsetCalculator<1, unsigned int>, TrivialOffsetCalculator<1, unsigned int>, at::native::memory::LoadWithCast<1>, at::native::memory::StoreWithCast<1> >(int, at::native::direct_copy_kernel_cuda(at::TensorIteratorBase&)::{lambda()#3}::operator()() const::{lambda()#4}::operator()() const::{lambda(long)#1}, std::array<char*, 2ul>, TrivialOffsetCalculator<1, unsigned int>, TrivialOffsetCalculator<1, unsigned int>, at::native::memory::LoadWithCast<1>, at::native::memory::StoreWithCast<1>)",43,operator_shape_matched,"[[53],[53],[]]","[""long int"",""int"",""Scalar""]",null,1,1.856
aten::copy_,"void at::native::unrolled_elementwise_kernel<at::native::direct_copy_kernel_cuda(at::TensorIteratorBase&)::{lambda()#3}::operator()() const::{lambda()#4}::operator()() const::{lambda(long)#1}, std::array<char*, 2ul>, 4, TrivialOffsetCalculator<1, unsigned int>, TrivialOffsetCalculator<1, unsigned int>, at::native::memory::LoadWithCast<1>, at::native::memory::StoreWithCast<1> >(int, at::native::direct_copy_kernel_cuda(at::TensorIteratorBase&)::{lambda()#3}::operator()() const::{lambda()#4}::operator()() const::{lambda(long)#1}, std::array<char*, 2ul>, TrivialOffsetCalculator<1, unsigned int>, TrivialOffsetCalculator<1, unsigned int>, at::native::memory::LoadWithCast<1>, at::native::memory::StoreWithCast<1>)",44,operator_shape_matched,"[[11],[11],[]]","[""long int"",""int"",""Scalar""]",null,1,1.824
aten::copy_,"void at::native::unrolled_elementwise_kernel<at::native::direct_copy_kernel_cuda(at::TensorIteratorBase&)::{lambda()#3}::operator()() const::{lambda()#4}::operator()() const::{lambda(long)#1}, std::array<char*, 2ul>, 4, TrivialOffsetCalculator<1, unsigned int>, TrivialOffsetCalculator<1, unsigned int>, at::native::memory::LoadWithCast<1>, at::native::memory::StoreWithCast<1> >(int, at::native::direct_copy_kernel_cuda(at::TensorIteratorBase&)::{lambda()#3}::operator()() const::{lambda()#4}::operator()() const::{lambda(long)#1}, std::array<char*, 2ul>, TrivialOffsetCalculator<1, unsigned int>, TrivialOffsetCalculator<1, unsigned int>, at::native::memory::LoadWithCast<1>, at::native::memory::StoreWithCast<1>)",45,operator_shape_matched,"[[21],[21],[]]","[""long int"",""int"",""Scalar""]",null,1,1.824
aten::copy_,"void at::native::unrolled_elementwise_kernel<at::native::direct_copy_kernel_cuda(at::TensorIteratorBase&)::{lambda()#3}::operator()() const::{lambda()#4}::operator()() const::{lambda(long)#1}, std::array<char*, 2ul>, 4, TrivialOffsetCalculator<1, unsigned int>, TrivialOffsetCalculator<1, unsigned int>, at::native::memory::LoadWithCast<1>, at::native::memory::StoreWithCast<1> >(int, at::native::direct_copy_kernel_cuda(at::TensorIteratorBase&)::{lambda()#3}::operator()() const::{lambda()#4}::operator()() const::{lambda(long)#1}, std::array<char*, 2ul>, TrivialOffsetCalculator<1, unsigned int>, TrivialOffsetCalculator<1, unsigned int>, at::native::memory::LoadWithCast<1>, at::native::memory::StoreWithCast<1>)",46,operator_shape_matched,"[[29],[29],[]]","[""long int"",""int"",""Scalar""]",null,1,1.824
aten::copy_,"void at::native::unrolled_elementwise_kernel<at::native::direct_copy_kernel_cuda(at::TensorIteratorBase&)::{lambda()#3}::operator()() const::{lambda()#4}::operator()() const::{lambda(long)#1}, std::array<char*, 2ul>, 4, TrivialOffsetCalculator<1, unsigned int>, TrivialOffsetCalculator<1, unsigned int>, at::native::memory::LoadWithCast<1>, at::native::memory::StoreWithCast<1> >(int, at::native::direct_copy_kernel_cuda(at::TensorIteratorBase&)::{lambda()#3}::operator()() const::{lambda()#4}::operator()() const::{lambda(long)#1}, std::array<char*, 2ul>, TrivialOffsetCalculator<1, unsigned int>, TrivialOffsetCalculator<1, unsigned int>, at::native::memory::LoadWithCast<1>, at::native::memory::StoreWithCast<1>)",47,operator_shape_matched,"[[61],[61],[]]","[""long int"",""int"",""Scalar""]",null,1,1.793
aten::copy_,"void at::native::unrolled_elementwise_kernel<at::native::direct_copy_kernel_cuda(at::TensorIteratorBase&)::{lambda()#3}::operator()() const::{lambda()#4}::operator()() const::{lambda(long)#1}, std::array<char*, 2ul>, 4, TrivialOffsetCalculator<1, unsigned int>, TrivialOffsetCalculator<1, unsigned int>, at::native::memory::LoadWithCast<1>, at::native::memory::StoreWithCast<1> >(int, at::native::direct_copy_kernel_cuda(at::TensorIteratorBase&)::{lambda()#3}::operator()() const::{lambda()#4}::operator()() const::{lambda(long)#1}, std::array<char*, 2ul>, TrivialOffsetCalculator<1, unsigned int>, TrivialOffsetCalculator<1, unsigned int>, at::native::memory::LoadWithCast<1>, at::native::memory::StoreWithCast<1>)",48,operator_shape_matched,"[[37],[37],[]]","[""long int"",""int"",""Scalar""]",null,1,1.792
aten::copy_,"void at::native::unrolled_elementwise_kernel<at::native::direct_copy_kernel_cuda(at::TensorIteratorBase&)::{lambda()#3}::operator()() const::{lambda()#4}::operator()() const::{lambda(long)#1}, std::array<char*, 2ul>, 4, TrivialOffsetCalculator<1, unsigned int>, TrivialOffsetCalculator<1, unsigned int>, at::native::memory::LoadWithCast<1>, at::native::memory::StoreWithCast<1> >(int, at::native::direct_copy_kernel_cuda(at::TensorIteratorBase&)::{lambda()#3}::operator()() const::{lambda()#4}::operator()() const::{lambda(long)#1}, std::array<char*, 2ul>, TrivialOffsetCalculator<1, unsigned int>, TrivialOffsetCalculator<1, unsigned int>, at::native::memory::LoadWithCast<1>, at::native::memory::StoreWithCast<1>)",49,operator_shape_matched,"[[5],[5],[]]","[""long int"",""int"",""Scalar""]",null,1,1.792
aten::copy_,"void at::native::unrolled_elementwise_kernel<at::native::direct_copy_kernel_cuda(at::TensorIteratorBase&)::{lambda()#3}::operator()() const::{lambda()#4}::operator()() const::{lambda(long)#1}, std::array<char*, 2ul>, 4, TrivialOffsetCalculator<1, unsigned int>, TrivialOffsetCalculator<1, unsigned int>, at::native::memory::LoadWithCast<1>, at::native::memory::StoreWithCast<1> >(int, at::native::direct_copy_kernel_cuda(at::TensorIteratorBase&)::{lambda()#3}::operator()() const::{lambda()#4}::operator()() const::{lambda(long)#1}, std::array<char*, 2ul>, TrivialOffsetCalculator<1, unsigned int>, TrivialOffsetCalculator<1, unsigned int>, at::native::memory::LoadWithCast<1>, at::native::memory::StoreWithCast<1>)",50,operator_shape_matched,"[[33],[33],[]]","[""long int"",""int"",""Scalar""]",null,1,1.791
aten::copy_,"void at::native::unrolled_elementwise_kernel<at::native::direct_copy_kernel_cuda(at::TensorIteratorBase&)::{lambda()#3}::operator()() const::{lambda()#4}::operator()() const::{lambda(long)#1}, std::array<char*, 2ul>, 4, TrivialOffsetCalculator<1, unsigned int>, TrivialOffsetCalculator<1, unsigned int>, at::native::memory::LoadWithCast<1>, at::native::memory::StoreWithCast<1> >(int, at::native::direct_copy_kernel_cuda(at::TensorIteratorBase&)::{lambda()#3}::operator()() const::{lambda()#4}::operator()() const::{lambda(long)#1}, std::array<char*, 2ul>, TrivialOffsetCalculator<1, unsigned int>, TrivialOffsetCalculator<1, unsigned int>, at::native::memory::LoadWithCast<1>, at::native::memory::StoreWithCast<1>)",51,operator_shape_matched,"[[13],[13],[]]","[""long int"",""int"",""Scalar""]",null,1,1.76
aten::copy_,"void at::native::unrolled_elementwise_kernel<at::native::direct_copy_kernel_cuda(at::TensorIteratorBase&)::{lambda()#3}::operator()() const::{lambda()#4}::operator()() const::{lambda(long)#1}, std::array<char*, 2ul>, 4, TrivialOffsetCalculator<1, unsigned int>, TrivialOffsetCalculator<1, unsigned int>, at::native::memory::LoadWithCast<1>, at::native::memory::StoreWithCast<1> >(int, at::native::direct_copy_kernel_cuda(at::TensorIteratorBase&)::{lambda()#3}::operator()() const::{lambda()#4}::operator()() const::{lambda(long)#1}, std::array<char*, 2ul>, TrivialOffsetCalculator<1, unsigned int>, TrivialOffsetCalculator<1, unsigned int>, at::native::memory::LoadWithCast<1>, at::native::memory::StoreWithCast<1>)",52,operator_shape_matched,"[[15],[15],[]]","[""long int"",""int"",""Scalar""]",null,1,1.76
aten::copy_,"void at::native::unrolled_elementwise_kernel<at::native::direct_copy_kernel_cuda(at::TensorIteratorBase&)::{lambda()#3}::operator()() const::{lambda()#4}::operator()() const::{lambda(long)#1}, std::array<char*, 2ul>, 4, TrivialOffsetCalculator<1, unsigned int>, TrivialOffsetCalculator<1, unsigned int>, at::native::memory::LoadWithCast<1>, at::native::memory::StoreWithCast<1> >(int, at::native::direct_copy_kernel_cuda(at::TensorIteratorBase&)::{lambda()#3}::operator()() const::{lambda()#4}::operator()() const::{lambda(long)#1}, std::array<char*, 2ul>, TrivialOffsetCalculator<1, unsigned int>, TrivialOffsetCalculator<1, unsigned int>, at::native::memory::LoadWithCast<1>, at::native::memory::StoreWithCast<1>)",53,operator_shape_matched,"[[23],[23],[]]","[""long int"",""int"",""Scalar""]",null,1,1.76
aten::copy_,"void at::native::unrolled_elementwise_kernel<at::native::direct_copy_kernel_cuda(at::TensorIteratorBase&)::{lambda()#3}::operator()() const::{lambda()#4}::operator()() const::{lambda(long)#1}, std::array<char*, 2ul>, 4, TrivialOffsetCalculator<1, unsigned int>, TrivialOffsetCalculator<1, unsigned int>, at::native::memory::LoadWithCast<1>, at::native::memory::StoreWithCast<1> >(int, at::native::direct_copy_kernel_cuda(at::TensorIteratorBase&)::{lambda()#3}::operator()() const::{lambda()#4}::operator()() const::{lambda(long)#1}, std::array<char*, 2ul>, TrivialOffsetCalculator<1, unsigned int>, TrivialOffsetCalculator<1, unsigned int>, at::native::memory::LoadWithCast<1>, at::native::memory::StoreWithCast<1>)",54,operator_shape_matched,"[[35],[35],[]]","[""long int"",""int"",""Scalar""]",null,1,1.76
aten::copy_,"void at::native::unrolled_elementwise_kernel<at::native::direct_copy_kernel_cuda(at::TensorIteratorBase&)::{lambda()#3}::operator()() const::{lambda()#4}::operator()() const::{lambda(long)#1}, std::array<char*, 2ul>, 4, TrivialOffsetCalculator<1, unsigned int>, TrivialOffsetCalculator<1, unsigned int>, at::native::memory::LoadWithCast<1>, at::native::memory::StoreWithCast<1> >(int, at::native::direct_copy_kernel_cuda(at::TensorIteratorBase&)::{lambda()#3}::operator()() const::{lambda()#4}::operator()() const::{lambda(long)#1}, std::array<char*, 2ul>, TrivialOffsetCalculator<1, unsigned int>, TrivialOffsetCalculator<1, unsigned int>, at::native::memory::LoadWithCast<1>, at::native::memory::StoreWithCast<1>)",55,operator_shape_matched,"[[45],[45],[]]","[""long int"",""int"",""Scalar""]",null,1,1.76
aten::copy_,"void at::native::unrolled_elementwise_kernel<at::native::direct_copy_kernel_cuda(at::TensorIteratorBase&)::{lambda()#3}::operator()() const::{lambda()#4}::operator()() const::{lambda(long)#1}, std::array<char*, 2ul>, 4, TrivialOffsetCalculator<1, unsigned int>, TrivialOffsetCalculator<1, unsigned int>, at::native::memory::LoadWithCast<1>, at::native::memory::StoreWithCast<1> >(int, at::native::direct_copy_kernel_cuda(at::TensorIteratorBase&)::{lambda()#3}::operator()() const::{lambda()#4}::operator()() const::{lambda(long)#1}, std::array<char*, 2ul>, TrivialOffsetCalculator<1, unsigned int>, TrivialOffsetCalculator<1, unsigned int>, at::native::memory::LoadWithCast<1>, at::native::memory::StoreWithCast<1>)",56,operator_shape_matched,"[[9],[9],[]]","[""long int"",""int"",""Scalar""]",null,1,1.76
aten::copy_,"void at::native::unrolled_elementwise_kernel<at::native::direct_copy_kernel_cuda(at::TensorIteratorBase&)::{lambda()#3}::operator()() const::{lambda()#4}::operator()() const::{lambda(long)#1}, std::array<char*, 2ul>, 4, TrivialOffsetCalculator<1, unsigned int>, TrivialOffsetCalculator<1, unsigned int>, at::native::memory::LoadWithCast<1>, at::native::memory::StoreWithCast<1> >(int, at::native::direct_copy_kernel_cuda(at::TensorIteratorBase&)::{lambda()#3}::operator()() const::{lambda()#4}::operator()() const::{lambda(long)#1}, std::array<char*, 2ul>, TrivialOffsetCalculator<1, unsigned int>, TrivialOffsetCalculator<1, unsigned int>, at::native::memory::LoadWithCast<1>, at::native::memory::StoreWithCast<1>)",57,operator_shape_matched,"[[55],[55],[]]","[""long int"",""int"",""Scalar""]",null,1,1.729
aten::copy_,"void at::native::unrolled_elementwise_kernel<at::native::direct_copy_kernel_cuda(at::TensorIteratorBase&)::{lambda()#3}::operator()() const::{lambda()#4}::operator()() const::{lambda(long)#1}, std::array<char*, 2ul>, 4, TrivialOffsetCalculator<1, unsigned int>, TrivialOffsetCalculator<1, unsigned int>, at::native::memory::LoadWithCast<1>, at::native::memory::StoreWithCast<1> >(int, at::native::direct_copy_kernel_cuda(at::TensorIteratorBase&)::{lambda()#3}::operator()() const::{lambda()#4}::operator()() const::{lambda(long)#1}, std::array<char*, 2ul>, TrivialOffsetCalculator<1, unsigned int>, TrivialOffsetCalculator<1, unsigned int>, at::native::memory::LoadWithCast<1>, at::native::memory::StoreWithCast<1>)",58,operator_shape_matched,"[[19],[19],[]]","[""long int"",""int"",""Scalar""]",null,1,1.728
aten::copy_,"void at::native::unrolled_elementwise_kernel<at::native::direct_copy_kernel_cuda(at::TensorIteratorBase&)::{lambda()#3}::operator()() const::{lambda()#4}::operator()() const::{lambda(long)#1}, std::array<char*, 2ul>, 4, TrivialOffsetCalculator<1, unsigned int>, TrivialOffsetCalculator<1, unsigned int>, at::native::memory::LoadWithCast<1>, at::native::memory::StoreWithCast<1> >(int, at::native::direct_copy_kernel_cuda(at::TensorIteratorBase&)::{lambda()#3}::operator()() const::{lambda()#4}::operator()() const::{lambda(long)#1}, std::array<char*, 2ul>, TrivialOffsetCalculator<1, unsigned int>, TrivialOffsetCalculator<1, unsigned int>, at::native::memory::LoadWithCast<1>, at::native::memory::StoreWithCast<1>)",59,operator_shape_matched,"[[31],[31],[]]","[""long int"",""int"",""Scalar""]",null,1,1.728
aten::copy_,"void at::native::unrolled_elementwise_kernel<at::native::direct_copy_kernel_cuda(at::TensorIteratorBase&)::{lambda()#3}::operator()() const::{lambda()#4}::operator()() const::{lambda(long)#1}, std::array<char*, 2ul>, 4, TrivialOffsetCalculator<1, unsigned int>, TrivialOffsetCalculator<1, unsigned int>, at::native::memory::LoadWithCast<1>, at::native::memory::StoreWithCast<1> >(int, at::native::direct_copy_kernel_cuda(at::TensorIteratorBase&)::{lambda()#3}::operator()() const::{lambda()#4}::operator()() const::{lambda(long)#1}, std::array<char*, 2ul>, TrivialOffsetCalculator<1, unsigned int>, TrivialOffsetCalculator<1, unsigned int>, at::native::memory::LoadWithCast<1>, at::native::memory::StoreWithCast<1>)",60,operator_shape_matched,"[[47],[47],[]]","[""long int"",""int"",""Scalar""]",null,1,1.728
aten::copy_,"void at::native::unrolled_elementwise_kernel<at::native::direct_copy_kernel_cuda(at::TensorIteratorBase&)::{lambda()#3}::operator()() const::{lambda()#4}::operator()() const::{lambda(long)#1}, std::array<char*, 2ul>, 4, TrivialOffsetCalculator<1, unsigned int>, TrivialOffsetCalculator<1, unsigned int>, at::native::memory::LoadWithCast<1>, at::native::memory::StoreWithCast<1> >(int, at::native::direct_copy_kernel_cuda(at::TensorIteratorBase&)::{lambda()#3}::operator()() const::{lambda()#4}::operator()() const::{lambda(long)#1}, std::array<char*, 2ul>, TrivialOffsetCalculator<1, unsigned int>, TrivialOffsetCalculator<1, unsigned int>, at::native::memory::LoadWithCast<1>, at::native::memory::StoreWithCast<1>)",61,operator_shape_matched,"[[51],[51],[]]","[""long int"",""int"",""Scalar""]",null,1,1.728
aten::copy_,"void at::native::unrolled_elementwise_kernel<at::native::direct_copy_kernel_cuda(at::TensorIteratorBase&)::{lambda()#3}::operator()() const::{lambda()#4}::operator()() const::{lambda(long)#1}, std::array<char*, 2ul>, 4, TrivialOffsetCalculator<1, unsigned int>, TrivialOffsetCalculator<1, unsigned int>, at::native::memory::LoadWithCast<1>, at::native::memory::StoreWithCast<1> >(int, at::native::direct_copy_kernel_cuda(at::TensorIteratorBase&)::{lambda()#3}::operator()() const::{lambda()#4}::operator()() const::{lambda(long)#1}, std::array<char*, 2ul>, TrivialOffsetCalculator<1, unsigned int>, TrivialOffsetCalculator<1, unsigned int>, at::native::memory::LoadWithCast<1>, at::native::memory::StoreWithCast<1>)",62,operator_shape_matched,"[[27],[27],[]]","[""long int"",""int"",""Scalar""]",null,1,1.727
aten::copy_,"void at::native::unrolled_elementwise_kernel<at::native::direct_copy_kernel_cuda(at::TensorIteratorBase&)::{lambda()#3}::operator()() const::{lambda()#4}::operator()() const::{lambda(long)#1}, std::array<char*, 2ul>, 4, TrivialOffsetCalculator<1, unsigned int>, TrivialOffsetCalculator<1, unsigned int>, at::native::memory::LoadWithCast<1>, at::native::memory::StoreWithCast<1> >(int, at::native::direct_copy_kernel_cuda(at::TensorIteratorBase&)::{lambda()#3}::operator()() const::{lambda()#4}::operator()() const::{lambda(long)#1}, std::array<char*, 2ul>, TrivialOffsetCalculator<1, unsigned int>, TrivialOffsetCalculator<1, unsigned int>, at::native::memory::LoadWithCast<1>, at::native::memory::StoreWithCast<1>)",63,operator_shape_matched,"[[43],[43],[]]","[""long int"",""int"",""Scalar""]",null,1,1.697
aten::copy_,"void at::native::unrolled_elementwise_kernel<at::native::direct_copy_kernel_cuda(at::TensorIteratorBase&)::{lambda()#3}::operator()() const::{lambda()#4}::operator()() const::{lambda(long)#1}, std::array<char*, 2ul>, 4, TrivialOffsetCalculator<1, unsigned int>, TrivialOffsetCalculator<1, unsigned int>, at::native::memory::LoadWithCast<1>, at::native::memory::StoreWithCast<1> >(int, at::native::direct_copy_kernel_cuda(at::TensorIteratorBase&)::{lambda()#3}::operator()() const::{lambda()#4}::operator()() const::{lambda(long)#1}, std::array<char*, 2ul>, TrivialOffsetCalculator<1, unsigned int>, TrivialOffsetCalculator<1, unsigned int>, at::native::memory::LoadWithCast<1>, at::native::memory::StoreWithCast<1>)",64,operator_shape_matched,"[[39],[39],[]]","[""long int"",""int"",""Scalar""]",null,1,1.696
aten::copy_,"void at::native::unrolled_elementwise_kernel<at::native::direct_copy_kernel_cuda(at::TensorIteratorBase&)::{lambda()#3}::operator()() const::{lambda()#4}::operator()() const::{lambda(long)#1}, std::array<char*, 2ul>, 4, TrivialOffsetCalculator<1, unsigned int>, TrivialOffsetCalculator<1, unsigned int>, at::native::memory::LoadWithCast<1>, at::native::memory::StoreWithCast<1> >(int, at::native::direct_copy_kernel_cuda(at::TensorIteratorBase&)::{lambda()#3}::operator()() const::{lambda()#4}::operator()() const::{lambda(long)#1}, std::array<char*, 2ul>, TrivialOffsetCalculator<1, unsigned int>, TrivialOffsetCalculator<1, unsigned int>, at::native::memory::LoadWithCast<1>, at::native::memory::StoreWithCast<1>)",65,operator_shape_matched,"[[3],[3],[]]","[""long int"",""int"",""Scalar""]",null,1,1.696
aten::copy_,"void at::native::unrolled_elementwise_kernel<at::native::direct_copy_kernel_cuda(at::TensorIteratorBase&)::{lambda()#3}::operator()() const::{lambda()#4}::operator()() const::{lambda(long)#1}, std::array<char*, 2ul>, 4, TrivialOffsetCalculator<1, unsigned int>, TrivialOffsetCalculator<1, unsigned int>, at::native::memory::LoadWithCast<1>, at::native::memory::StoreWithCast<1> >(int, at::native::direct_copy_kernel_cuda(at::TensorIteratorBase&)::{lambda()#3}::operator()() const::{lambda()#4}::operator()() const::{lambda(long)#1}, std::array<char*, 2ul>, TrivialOffsetCalculator<1, unsigned int>, TrivialOffsetCalculator<1, unsigned int>, at::native::memory::LoadWithCast<1>, at::native::memory::StoreWithCast<1>)",66,operator_shape_matched,"[[59],[59],[]]","[""long int"",""int"",""Scalar""]",null,1,1.696
aten::copy_,"void at::native::unrolled_elementwise_kernel<at::native::direct_copy_kernel_cuda(at::TensorIteratorBase&)::{lambda()#3}::operator()() const::{lambda()#4}::operator()() const::{lambda(long)#1}, std::array<char*, 2ul>, 4, TrivialOffsetCalculator<1, unsigned int>, TrivialOffsetCalculator<1, unsigned int>, at::native::memory::LoadWithCast<1>, at::native::memory::StoreWithCast<1> >(int, at::native::direct_copy_kernel_cuda(at::TensorIteratorBase&)::{lambda()#3}::operator()() const::{lambda()#4}::operator()() const::{lambda(long)#1}, std::array<char*, 2ul>, TrivialOffsetCalculator<1, unsigned int>, TrivialOffsetCalculator<1, unsigned int>, at::native::memory::LoadWithCast<1>, at::native::memory::StoreWithCast<1>)",67,operator_shape_matched,"[[7],[7],[]]","[""long int"",""int"",""Scalar""]",null,1,1.696
null,_compute_slot_mapping_kernel,1,missing_external_id,null,null,null,289,963.844
null,"void at::native::vectorized_elementwise_kernel<4, at::native::FillFunctor<int>, std::array<char*, 1ul> >(int, at::native::FillFunctor<int>, std::array<char*, 1ul>)",1,missing_external_id,null,null,null,285,297.406
aten::fill_,"void at::native::vectorized_elementwise_kernel<4, at::native::FillFunctor<int>, std::array<char*, 1ul> >(int, at::native::FillFunctor<int>, std::array<char*, 1ul>)",2,operator_shape_matched,"[[64],[]]","[""int"",""Scalar""]",null,289,289.692
aten::fill_,"void at::native::vectorized_elementwise_kernel<4, at::native::FillFunctor<int>, std::array<char*, 1ul> >(int, at::native::FillFunctor<int>, std::array<char*, 1ul>)",3,operator_shape_matched,"[[1],[]]","[""int"",""Scalar""]",null,99,100.059
aten::fill_,"void at::native::vectorized_elementwise_kernel<4, at::native::FillFunctor<int>, std::array<char*, 1ul> >(int, at::native::FillFunctor<int>, std::array<char*, 1ul>)",4,operator_shape_matched,"[[2,1024],[]]","[""int"",""Scalar""]",null,4,3.744
aten::fill_,"void at::native::vectorized_elementwise_kernel<4, at::native::FillFunctor<int>, std::array<char*, 1ul> >(int, at::native::FillFunctor<int>, std::array<char*, 1ul>)",5,operator_shape_matched,"[[6,1024],[]]","[""int"",""Scalar""]",null,3,2.784
aten::fill_,"void at::native::vectorized_elementwise_kernel<4, at::native::FillFunctor<int>, std::array<char*, 1ul> >(int, at::native::FillFunctor<int>, std::array<char*, 1ul>)",6,operator_shape_matched,"[[4,1024],[]]","[""int"",""Scalar""]",null,3,2.72
aten::fill_,"void at::native::vectorized_elementwise_kernel<4, at::native::FillFunctor<int>, std::array<char*, 1ul> >(int, at::native::FillFunctor<int>, std::array<char*, 1ul>)",7,operator_shape_matched,"[[12,1024],[]]","[""int"",""Scalar""]",null,2,1.92
aten::fill_,"void at::native::vectorized_elementwise_kernel<4, at::native::FillFunctor<int>, std::array<char*, 1ul> >(int, at::native::FillFunctor<int>, std::array<char*, 1ul>)",8,operator_shape_matched,"[[14,1024],[]]","[""int"",""Scalar""]",null,2,1.888
aten::fill_,"void at::native::vectorized_elementwise_kernel<4, at::native::FillFunctor<int>, std::array<char*, 1ul> >(int, at::native::FillFunctor<int>, std::array<char*, 1ul>)",9,operator_shape_matched,"[[8,1024],[]]","[""int"",""Scalar""]",null,2,1.856
aten::fill_,"void at::native::vectorized_elementwise_kernel<4, at::native::FillFunctor<int>, std::array<char*, 1ul> >(int, at::native::FillFunctor<int>, std::array<char*, 1ul>)",10,operator_shape_matched,"[[1,1024],[]]","[""int"",""Scalar""]",null,2,1.855
aten::fill_,"void at::native::vectorized_elementwise_kernel<4, at::native::FillFunctor<int>, std::array<char*, 1ul> >(int, at::native::FillFunctor<int>, std::array<char*, 1ul>)",11,operator_shape_matched,"[[10,1024],[]]","[""int"",""Scalar""]",null,2,1.855
aten::fill_,"void at::native::vectorized_elementwise_kernel<4, at::native::FillFunctor<int>, std::array<char*, 1ul> >(int, at::native::FillFunctor<int>, std::array<char*, 1ul>)",12,operator_shape_matched,"[[24],[]]","[""int"",""Scalar""]",null,1,1.024
aten::fill_,"void at::native::vectorized_elementwise_kernel<4, at::native::FillFunctor<int>, std::array<char*, 1ul> >(int, at::native::FillFunctor<int>, std::array<char*, 1ul>)",13,operator_shape_matched,"[[44],[]]","[""int"",""Scalar""]",null,1,0.993
aten::fill_,"void at::native::vectorized_elementwise_kernel<4, at::native::FillFunctor<int>, std::array<char*, 1ul> >(int, at::native::FillFunctor<int>, std::array<char*, 1ul>)",14,operator_shape_matched,"[[4],[]]","[""int"",""Scalar""]",null,1,0.993
aten::fill_,"void at::native::vectorized_elementwise_kernel<4, at::native::FillFunctor<int>, std::array<char*, 1ul> >(int, at::native::FillFunctor<int>, std::array<char*, 1ul>)",15,operator_shape_matched,"[[12],[]]","[""int"",""Scalar""]",null,1,0.992
aten::fill_,"void at::native::vectorized_elementwise_kernel<4, at::native::FillFunctor<int>, std::array<char*, 1ul> >(int, at::native::FillFunctor<int>, std::array<char*, 1ul>)",16,operator_shape_matched,"[[16],[]]","[""int"",""Scalar""]",null,1,0.992
aten::fill_,"void at::native::vectorized_elementwise_kernel<4, at::native::FillFunctor<int>, std::array<char*, 1ul> >(int, at::native::FillFunctor<int>, std::array<char*, 1ul>)",17,operator_shape_matched,"[[20],[]]","[""int"",""Scalar""]",null,1,0.992
aten::fill_,"void at::native::vectorized_elementwise_kernel<4, at::native::FillFunctor<int>, std::array<char*, 1ul> >(int, at::native::FillFunctor<int>, std::array<char*, 1ul>)",18,operator_shape_matched,"[[28],[]]","[""int"",""Scalar""]",null,1,0.992
aten::fill_,"void at::native::vectorized_elementwise_kernel<4, at::native::FillFunctor<int>, std::array<char*, 1ul> >(int, at::native::FillFunctor<int>, std::array<char*, 1ul>)",19,operator_shape_matched,"[[30,1024],[]]","[""int"",""Scalar""]",null,1,0.992
aten::fill_,"void at::native::vectorized_elementwise_kernel<4, at::native::FillFunctor<int>, std::array<char*, 1ul> >(int, at::native::FillFunctor<int>, std::array<char*, 1ul>)",20,operator_shape_matched,"[[32],[]]","[""int"",""Scalar""]",null,1,0.992
aten::fill_,"void at::native::vectorized_elementwise_kernel<4, at::native::FillFunctor<int>, std::array<char*, 1ul> >(int, at::native::FillFunctor<int>, std::array<char*, 1ul>)",21,operator_shape_matched,"[[36],[]]","[""int"",""Scalar""]",null,1,0.992
aten::fill_,"void at::native::vectorized_elementwise_kernel<4, at::native::FillFunctor<int>, std::array<char*, 1ul> >(int, at::native::FillFunctor<int>, std::array<char*, 1ul>)",22,operator_shape_matched,"[[40],[]]","[""int"",""Scalar""]",null,1,0.992
aten::fill_,"void at::native::vectorized_elementwise_kernel<4, at::native::FillFunctor<int>, std::array<char*, 1ul> >(int, at::native::FillFunctor<int>, std::array<char*, 1ul>)",23,operator_shape_matched,"[[48],[]]","[""int"",""Scalar""]",null,1,0.992
aten::fill_,"void at::native::vectorized_elementwise_kernel<4, at::native::FillFunctor<int>, std::array<char*, 1ul> >(int, at::native::FillFunctor<int>, std::array<char*, 1ul>)",24,operator_shape_matched,"[[56],[]]","[""int"",""Scalar""]",null,1,0.992
aten::fill_,"void at::native::vectorized_elementwise_kernel<4, at::native::FillFunctor<int>, std::array<char*, 1ul> >(int, at::native::FillFunctor<int>, std::array<char*, 1ul>)",25,operator_shape_matched,"[[60],[]]","[""int"",""Scalar""]",null,1,0.992
aten::fill_,"void at::native::vectorized_elementwise_kernel<4, at::native::FillFunctor<int>, std::array<char*, 1ul> >(int, at::native::FillFunctor<int>, std::array<char*, 1ul>)",26,operator_shape_matched,"[[8],[]]","[""int"",""Scalar""]",null,1,0.992
aten::fill_,"void at::native::vectorized_elementwise_kernel<4, at::native::FillFunctor<int>, std::array<char*, 1ul> >(int, at::native::FillFunctor<int>, std::array<char*, 1ul>)",27,operator_shape_matched,"[[18,1024],[]]","[""int"",""Scalar""]",null,1,0.96
aten::fill_,"void at::native::vectorized_elementwise_kernel<4, at::native::FillFunctor<int>, std::array<char*, 1ul> >(int, at::native::FillFunctor<int>, std::array<char*, 1ul>)",28,operator_shape_matched,"[[20,1024],[]]","[""int"",""Scalar""]",null,1,0.96
aten::fill_,"void at::native::vectorized_elementwise_kernel<4, at::native::FillFunctor<int>, std::array<char*, 1ul> >(int, at::native::FillFunctor<int>, std::array<char*, 1ul>)",29,operator_shape_matched,"[[22,1024],[]]","[""int"",""Scalar""]",null,1,0.96
aten::fill_,"void at::native::vectorized_elementwise_kernel<4, at::native::FillFunctor<int>, std::array<char*, 1ul> >(int, at::native::FillFunctor<int>, std::array<char*, 1ul>)",30,operator_shape_matched,"[[26,1024],[]]","[""int"",""Scalar""]",null,1,0.96
aten::fill_,"void at::native::vectorized_elementwise_kernel<4, at::native::FillFunctor<int>, std::array<char*, 1ul> >(int, at::native::FillFunctor<int>, std::array<char*, 1ul>)",31,operator_shape_matched,"[[28,1024],[]]","[""int"",""Scalar""]",null,1,0.96
aten::fill_,"void at::native::vectorized_elementwise_kernel<4, at::native::FillFunctor<int>, std::array<char*, 1ul> >(int, at::native::FillFunctor<int>, std::array<char*, 1ul>)",32,operator_shape_matched,"[[52],[]]","[""int"",""Scalar""]",null,1,0.96
aten::fill_,"void at::native::vectorized_elementwise_kernel<4, at::native::FillFunctor<int>, std::array<char*, 1ul> >(int, at::native::FillFunctor<int>, std::array<char*, 1ul>)",33,operator_shape_matched,"[[16,1024],[]]","[""int"",""Scalar""]",null,1,0.928
aten::fill_,"void at::native::vectorized_elementwise_kernel<4, at::native::FillFunctor<int>, std::array<char*, 1ul> >(int, at::native::FillFunctor<int>, std::array<char*, 1ul>)",34,operator_shape_matched,"[[24,1024],[]]","[""int"",""Scalar""]",null,1,0.928
aten::sub,"void at::native::vectorized_elementwise_kernel<4, at::native::CUDAFunctor_add<int>, std::array<char*, 3ul> >(int, at::native::CUDAFunctor_add<int>, std::array<char*, 3ul>)",1,operator_shape_matched,"[[64],[64],[]]","[""int"",""int"",""Scalar""]",null,240,273.725
aten::add,"void at::native::vectorized_elementwise_kernel<4, at::native::CUDAFunctor_add<int>, std::array<char*, 3ul> >(int, at::native::CUDAFunctor_add<int>, std::array<char*, 3ul>)",2,operator_shape_matched,"[[64],[64],[]]","[""int"",""int"",""Scalar""]",null,223,265.049
aten::sub,"void at::native::vectorized_elementwise_kernel<4, at::native::CUDAFunctor_add<int>, std::array<char*, 3ul> >(int, at::native::CUDAFunctor_add<int>, std::array<char*, 3ul>)",3,operator_shape_matched,"[[32],[32],[]]","[""int"",""int"",""Scalar""]",null,8,9.216
aten::sub,"void at::native::vectorized_elementwise_kernel<4, at::native::CUDAFunctor_add<int>, std::array<char*, 3ul> >(int, at::native::CUDAFunctor_add<int>, std::array<char*, 3ul>)",4,operator_shape_matched,"[[16],[16],[]]","[""int"",""int"",""Scalar""]",null,4,4.641
aten::add,"void at::native::vectorized_elementwise_kernel<4, at::native::CUDAFunctor_add<int>, std::array<char*, 3ul> >(int, at::native::CUDAFunctor_add<int>, std::array<char*, 3ul>)",5,operator_shape_matched,"[[63],[63],[]]","[""int"",""int"",""Scalar""]",null,3,3.808
aten::add,"void at::native::vectorized_elementwise_kernel<4, at::native::CUDAFunctor_add<int>, std::array<char*, 3ul> >(int, at::native::CUDAFunctor_add<int>, std::array<char*, 3ul>)",6,operator_shape_matched,"[[1],[1],[]]","[""int"",""int"",""Scalar""]",null,2,2.592
aten::sub,"void at::native::vectorized_elementwise_kernel<4, at::native::CUDAFunctor_add<int>, std::array<char*, 3ul> >(int, at::native::CUDAFunctor_add<int>, std::array<char*, 3ul>)",7,operator_shape_matched,"[[1],[1],[]]","[""int"",""int"",""Scalar""]",null,2,2.304
aten::sub,"void at::native::vectorized_elementwise_kernel<4, at::native::CUDAFunctor_add<int>, std::array<char*, 3ul> >(int, at::native::CUDAFunctor_add<int>, std::array<char*, 3ul>)",8,operator_shape_matched,"[[8],[8],[]]","[""int"",""int"",""Scalar""]",null,2,2.303
aten::add,"void at::native::vectorized_elementwise_kernel<4, at::native::CUDAFunctor_add<int>, std::array<char*, 3ul> >(int, at::native::CUDAFunctor_add<int>, std::array<char*, 3ul>)",9,operator_shape_matched,"[[9],[9],[]]","[""int"",""int"",""Scalar""]",null,1,1.537
aten::add,"void at::native::vectorized_elementwise_kernel<4, at::native::CUDAFunctor_add<int>, std::array<char*, 3ul> >(int, at::native::CUDAFunctor_add<int>, std::array<char*, 3ul>)",10,operator_shape_matched,"[[43],[43],[]]","[""int"",""int"",""Scalar""]",null,1,1.504
aten::add,"void at::native::vectorized_elementwise_kernel<4, at::native::CUDAFunctor_add<int>, std::array<char*, 3ul> >(int, at::native::CUDAFunctor_add<int>, std::array<char*, 3ul>)",11,operator_shape_matched,"[[49],[49],[]]","[""int"",""int"",""Scalar""]",null,1,1.504
aten::add,"void at::native::vectorized_elementwise_kernel<4, at::native::CUDAFunctor_add<int>, std::array<char*, 3ul> >(int, at::native::CUDAFunctor_add<int>, std::array<char*, 3ul>)",12,operator_shape_matched,"[[12],[12],[]]","[""int"",""int"",""Scalar""]",null,1,1.472
aten::add,"void at::native::vectorized_elementwise_kernel<4, at::native::CUDAFunctor_add<int>, std::array<char*, 3ul> >(int, at::native::CUDAFunctor_add<int>, std::array<char*, 3ul>)",13,operator_shape_matched,"[[54],[54],[]]","[""int"",""int"",""Scalar""]",null,1,1.44
aten::add,"void at::native::vectorized_elementwise_kernel<4, at::native::CUDAFunctor_add<int>, std::array<char*, 3ul> >(int, at::native::CUDAFunctor_add<int>, std::array<char*, 3ul>)",14,operator_shape_matched,"[[61],[61],[]]","[""int"",""int"",""Scalar""]",null,1,1.44
aten::add,"void at::native::vectorized_elementwise_kernel<4, at::native::CUDAFunctor_add<int>, std::array<char*, 3ul> >(int, at::native::CUDAFunctor_add<int>, std::array<char*, 3ul>)",15,operator_shape_matched,"[[21],[21],[]]","[""int"",""int"",""Scalar""]",null,1,1.408
aten::add,"void at::native::vectorized_elementwise_kernel<4, at::native::CUDAFunctor_add<int>, std::array<char*, 3ul> >(int, at::native::CUDAFunctor_add<int>, std::array<char*, 3ul>)",16,operator_shape_matched,"[[7],[7],[]]","[""int"",""int"",""Scalar""]",null,1,1.408
aten::add,"void at::native::vectorized_elementwise_kernel<4, at::native::CUDAFunctor_add<int>, std::array<char*, 3ul> >(int, at::native::CUDAFunctor_add<int>, std::array<char*, 3ul>)",17,operator_shape_matched,"[[46],[46],[]]","[""int"",""int"",""Scalar""]",null,1,1.376
aten::add,"void at::native::vectorized_elementwise_kernel<4, at::native::CUDAFunctor_add<int>, std::array<char*, 3ul> >(int, at::native::CUDAFunctor_add<int>, std::array<char*, 3ul>)",18,operator_shape_matched,"[[19],[19],[]]","[""int"",""int"",""Scalar""]",null,1,1.345
aten::add,"void at::native::vectorized_elementwise_kernel<4, at::native::CUDAFunctor_add<int>, std::array<char*, 3ul> >(int, at::native::CUDAFunctor_add<int>, std::array<char*, 3ul>)",19,operator_shape_matched,"[[13],[13],[]]","[""int"",""int"",""Scalar""]",null,1,1.344
aten::add,"void at::native::vectorized_elementwise_kernel<4, at::native::CUDAFunctor_add<int>, std::array<char*, 3ul> >(int, at::native::CUDAFunctor_add<int>, std::array<char*, 3ul>)",20,operator_shape_matched,"[[28],[28],[]]","[""int"",""int"",""Scalar""]",null,1,1.344
aten::add,"void at::native::vectorized_elementwise_kernel<4, at::native::CUDAFunctor_add<int>, std::array<char*, 3ul> >(int, at::native::CUDAFunctor_add<int>, std::array<char*, 3ul>)",21,operator_shape_matched,"[[36],[36],[]]","[""int"",""int"",""Scalar""]",null,1,1.344
aten::add,"void at::native::vectorized_elementwise_kernel<4, at::native::CUDAFunctor_add<int>, std::array<char*, 3ul> >(int, at::native::CUDAFunctor_add<int>, std::array<char*, 3ul>)",22,operator_shape_matched,"[[40],[40],[]]","[""int"",""int"",""Scalar""]",null,1,1.344
aten::add,"void at::native::vectorized_elementwise_kernel<4, at::native::CUDAFunctor_add<int>, std::array<char*, 3ul> >(int, at::native::CUDAFunctor_add<int>, std::array<char*, 3ul>)",23,operator_shape_matched,"[[45],[45],[]]","[""int"",""int"",""Scalar""]",null,1,1.344
aten::add,"void at::native::vectorized_elementwise_kernel<4, at::native::CUDAFunctor_add<int>, std::array<char*, 3ul> >(int, at::native::CUDAFunctor_add<int>, std::array<char*, 3ul>)",24,operator_shape_matched,"[[53],[53],[]]","[""int"",""int"",""Scalar""]",null,1,1.344
aten::sub,"void at::native::vectorized_elementwise_kernel<4, at::native::CUDAFunctor_add<int>, std::array<char*, 3ul> >(int, at::native::CUDAFunctor_add<int>, std::array<char*, 3ul>)",25,operator_shape_matched,"[[61],[61],[]]","[""int"",""int"",""Scalar""]",null,1,1.344
aten::add,"void at::native::vectorized_elementwise_kernel<4, at::native::CUDAFunctor_add<int>, std::array<char*, 3ul> >(int, at::native::CUDAFunctor_add<int>, std::array<char*, 3ul>)",26,operator_shape_matched,"[[15],[15],[]]","[""int"",""int"",""Scalar""]",null,1,1.313
aten::add,"void at::native::vectorized_elementwise_kernel<4, at::native::CUDAFunctor_add<int>, std::array<char*, 3ul> >(int, at::native::CUDAFunctor_add<int>, std::array<char*, 3ul>)",27,operator_shape_matched,"[[11],[11],[]]","[""int"",""int"",""Scalar""]",null,1,1.312
aten::add,"void at::native::vectorized_elementwise_kernel<4, at::native::CUDAFunctor_add<int>, std::array<char*, 3ul> >(int, at::native::CUDAFunctor_add<int>, std::array<char*, 3ul>)",28,operator_shape_matched,"[[22],[22],[]]","[""int"",""int"",""Scalar""]",null,1,1.312
aten::add,"void at::native::vectorized_elementwise_kernel<4, at::native::CUDAFunctor_add<int>, std::array<char*, 3ul> >(int, at::native::CUDAFunctor_add<int>, std::array<char*, 3ul>)",29,operator_shape_matched,"[[27],[27],[]]","[""int"",""int"",""Scalar""]",null,1,1.312
aten::add,"void at::native::vectorized_elementwise_kernel<4, at::native::CUDAFunctor_add<int>, std::array<char*, 3ul> >(int, at::native::CUDAFunctor_add<int>, std::array<char*, 3ul>)",30,operator_shape_matched,"[[2],[2],[]]","[""int"",""int"",""Scalar""]",null,1,1.312
aten::add,"void at::native::vectorized_elementwise_kernel<4, at::native::CUDAFunctor_add<int>, std::array<char*, 3ul> >(int, at::native::CUDAFunctor_add<int>, std::array<char*, 3ul>)",31,operator_shape_matched,"[[30],[30],[]]","[""int"",""int"",""Scalar""]",null,1,1.312
aten::add,"void at::native::vectorized_elementwise_kernel<4, at::native::CUDAFunctor_add<int>, std::array<char*, 3ul> >(int, at::native::CUDAFunctor_add<int>, std::array<char*, 3ul>)",32,operator_shape_matched,"[[33],[33],[]]","[""int"",""int"",""Scalar""]",null,1,1.312
aten::add,"void at::native::vectorized_elementwise_kernel<4, at::native::CUDAFunctor_add<int>, std::array<char*, 3ul> >(int, at::native::CUDAFunctor_add<int>, std::array<char*, 3ul>)",33,operator_shape_matched,"[[41],[41],[]]","[""int"",""int"",""Scalar""]",null,1,1.312
aten::add,"void at::native::vectorized_elementwise_kernel<4, at::native::CUDAFunctor_add<int>, std::array<char*, 3ul> >(int, at::native::CUDAFunctor_add<int>, std::array<char*, 3ul>)",34,operator_shape_matched,"[[52],[52],[]]","[""int"",""int"",""Scalar""]",null,1,1.311
aten::add,"void at::native::vectorized_elementwise_kernel<4, at::native::CUDAFunctor_add<int>, std::array<char*, 3ul> >(int, at::native::CUDAFunctor_add<int>, std::array<char*, 3ul>)",35,operator_shape_matched,"[[20],[20],[]]","[""int"",""int"",""Scalar""]",null,1,1.281
aten::add,"void at::native::vectorized_elementwise_kernel<4, at::native::CUDAFunctor_add<int>, std::array<char*, 3ul> >(int, at::native::CUDAFunctor_add<int>, std::array<char*, 3ul>)",36,operator_shape_matched,"[[10],[10],[]]","[""int"",""int"",""Scalar""]",null,1,1.28
aten::add,"void at::native::vectorized_elementwise_kernel<4, at::native::CUDAFunctor_add<int>, std::array<char*, 3ul> >(int, at::native::CUDAFunctor_add<int>, std::array<char*, 3ul>)",37,operator_shape_matched,"[[14],[14],[]]","[""int"",""int"",""Scalar""]",null,1,1.28
aten::add,"void at::native::vectorized_elementwise_kernel<4, at::native::CUDAFunctor_add<int>, std::array<char*, 3ul> >(int, at::native::CUDAFunctor_add<int>, std::array<char*, 3ul>)",38,operator_shape_matched,"[[17],[17],[]]","[""int"",""int"",""Scalar""]",null,1,1.28
aten::add,"void at::native::vectorized_elementwise_kernel<4, at::native::CUDAFunctor_add<int>, std::array<char*, 3ul> >(int, at::native::CUDAFunctor_add<int>, std::array<char*, 3ul>)",39,operator_shape_matched,"[[18],[18],[]]","[""int"",""int"",""Scalar""]",null,1,1.28
aten::add,"void at::native::vectorized_elementwise_kernel<4, at::native::CUDAFunctor_add<int>, std::array<char*, 3ul> >(int, at::native::CUDAFunctor_add<int>, std::array<char*, 3ul>)",40,operator_shape_matched,"[[23],[23],[]]","[""int"",""int"",""Scalar""]",null,1,1.28
aten::add,"void at::native::vectorized_elementwise_kernel<4, at::native::CUDAFunctor_add<int>, std::array<char*, 3ul> >(int, at::native::CUDAFunctor_add<int>, std::array<char*, 3ul>)",41,operator_shape_matched,"[[25],[25],[]]","[""int"",""int"",""Scalar""]",null,1,1.28
aten::add,"void at::native::vectorized_elementwise_kernel<4, at::native::CUDAFunctor_add<int>, std::array<char*, 3ul> >(int, at::native::CUDAFunctor_add<int>, std::array<char*, 3ul>)",42,operator_shape_matched,"[[29],[29],[]]","[""int"",""int"",""Scalar""]",null,1,1.28
aten::add,"void at::native::vectorized_elementwise_kernel<4, at::native::CUDAFunctor_add<int>, std::array<char*, 3ul> >(int, at::native::CUDAFunctor_add<int>, std::array<char*, 3ul>)",43,operator_shape_matched,"[[31],[31],[]]","[""int"",""int"",""Scalar""]",null,1,1.28
aten::add,"void at::native::vectorized_elementwise_kernel<4, at::native::CUDAFunctor_add<int>, std::array<char*, 3ul> >(int, at::native::CUDAFunctor_add<int>, std::array<char*, 3ul>)",44,operator_shape_matched,"[[34],[34],[]]","[""int"",""int"",""Scalar""]",null,1,1.28
aten::add,"void at::native::vectorized_elementwise_kernel<4, at::native::CUDAFunctor_add<int>, std::array<char*, 3ul> >(int, at::native::CUDAFunctor_add<int>, std::array<char*, 3ul>)",45,operator_shape_matched,"[[35],[35],[]]","[""int"",""int"",""Scalar""]",null,1,1.28
aten::add,"void at::native::vectorized_elementwise_kernel<4, at::native::CUDAFunctor_add<int>, std::array<char*, 3ul> >(int, at::native::CUDAFunctor_add<int>, std::array<char*, 3ul>)",46,operator_shape_matched,"[[37],[37],[]]","[""int"",""int"",""Scalar""]",null,1,1.28
aten::add,"void at::native::vectorized_elementwise_kernel<4, at::native::CUDAFunctor_add<int>, std::array<char*, 3ul> >(int, at::native::CUDAFunctor_add<int>, std::array<char*, 3ul>)",47,operator_shape_matched,"[[38],[38],[]]","[""int"",""int"",""Scalar""]",null,1,1.28
aten::add,"void at::native::vectorized_elementwise_kernel<4, at::native::CUDAFunctor_add<int>, std::array<char*, 3ul> >(int, at::native::CUDAFunctor_add<int>, std::array<char*, 3ul>)",48,operator_shape_matched,"[[39],[39],[]]","[""int"",""int"",""Scalar""]",null,1,1.28
aten::add,"void at::native::vectorized_elementwise_kernel<4, at::native::CUDAFunctor_add<int>, std::array<char*, 3ul> >(int, at::native::CUDAFunctor_add<int>, std::array<char*, 3ul>)",49,operator_shape_matched,"[[3],[3],[]]","[""int"",""int"",""Scalar""]",null,1,1.28
aten::add,"void at::native::vectorized_elementwise_kernel<4, at::native::CUDAFunctor_add<int>, std::array<char*, 3ul> >(int, at::native::CUDAFunctor_add<int>, std::array<char*, 3ul>)",50,operator_shape_matched,"[[44],[44],[]]","[""int"",""int"",""Scalar""]",null,1,1.28
aten::add,"void at::native::vectorized_elementwise_kernel<4, at::native::CUDAFunctor_add<int>, std::array<char*, 3ul> >(int, at::native::CUDAFunctor_add<int>, std::array<char*, 3ul>)",51,operator_shape_matched,"[[4],[4],[]]","[""int"",""int"",""Scalar""]",null,1,1.28
aten::add,"void at::native::vectorized_elementwise_kernel<4, at::native::CUDAFunctor_add<int>, std::array<char*, 3ul> >(int, at::native::CUDAFunctor_add<int>, std::array<char*, 3ul>)",52,operator_shape_matched,"[[50],[50],[]]","[""int"",""int"",""Scalar""]",null,1,1.28
aten::add,"void at::native::vectorized_elementwise_kernel<4, at::native::CUDAFunctor_add<int>, std::array<char*, 3ul> >(int, at::native::CUDAFunctor_add<int>, std::array<char*, 3ul>)",53,operator_shape_matched,"[[51],[51],[]]","[""int"",""int"",""Scalar""]",null,1,1.28
aten::add,"void at::native::vectorized_elementwise_kernel<4, at::native::CUDAFunctor_add<int>, std::array<char*, 3ul> >(int, at::native::CUDAFunctor_add<int>, std::array<char*, 3ul>)",54,operator_shape_matched,"[[55],[55],[]]","[""int"",""int"",""Scalar""]",null,1,1.28
aten::add,"void at::native::vectorized_elementwise_kernel<4, at::native::CUDAFunctor_add<int>, std::array<char*, 3ul> >(int, at::native::CUDAFunctor_add<int>, std::array<char*, 3ul>)",55,operator_shape_matched,"[[57],[57],[]]","[""int"",""int"",""Scalar""]",null,1,1.28
aten::add,"void at::native::vectorized_elementwise_kernel<4, at::native::CUDAFunctor_add<int>, std::array<char*, 3ul> >(int, at::native::CUDAFunctor_add<int>, std::array<char*, 3ul>)",56,operator_shape_matched,"[[58],[58],[]]","[""int"",""int"",""Scalar""]",null,1,1.28
aten::add,"void at::native::vectorized_elementwise_kernel<4, at::native::CUDAFunctor_add<int>, std::array<char*, 3ul> >(int, at::native::CUDAFunctor_add<int>, std::array<char*, 3ul>)",57,operator_shape_matched,"[[5],[5],[]]","[""int"",""int"",""Scalar""]",null,1,1.28
aten::add,"void at::native::vectorized_elementwise_kernel<4, at::native::CUDAFunctor_add<int>, std::array<char*, 3ul> >(int, at::native::CUDAFunctor_add<int>, std::array<char*, 3ul>)",58,operator_shape_matched,"[[60],[60],[]]","[""int"",""int"",""Scalar""]",null,1,1.28
aten::add,"void at::native::vectorized_elementwise_kernel<4, at::native::CUDAFunctor_add<int>, std::array<char*, 3ul> >(int, at::native::CUDAFunctor_add<int>, std::array<char*, 3ul>)",59,operator_shape_matched,"[[6],[6],[]]","[""int"",""int"",""Scalar""]",null,1,1.28
aten::add,"void at::native::vectorized_elementwise_kernel<4, at::native::CUDAFunctor_add<int>, std::array<char*, 3ul> >(int, at::native::CUDAFunctor_add<int>, std::array<char*, 3ul>)",60,operator_shape_matched,"[[42],[42],[]]","[""int"",""int"",""Scalar""]",null,1,1.249
aten::add,"void at::native::vectorized_elementwise_kernel<4, at::native::CUDAFunctor_add<int>, std::array<char*, 3ul> >(int, at::native::CUDAFunctor_add<int>, std::array<char*, 3ul>)",61,operator_shape_matched,"[[26],[26],[]]","[""int"",""int"",""Scalar""]",null,1,1.248
aten::add,"void at::native::vectorized_elementwise_kernel<4, at::native::CUDAFunctor_add<int>, std::array<char*, 3ul> >(int, at::native::CUDAFunctor_add<int>, std::array<char*, 3ul>)",62,operator_shape_matched,"[[47],[47],[]]","[""int"",""int"",""Scalar""]",null,1,1.248
aten::add,"void at::native::vectorized_elementwise_kernel<4, at::native::CUDAFunctor_add<int>, std::array<char*, 3ul> >(int, at::native::CUDAFunctor_add<int>, std::array<char*, 3ul>)",63,operator_shape_matched,"[[59],[59],[]]","[""int"",""int"",""Scalar""]",null,1,1.248
aten::add,"void at::native::vectorized_elementwise_kernel<4, at::native::CUDAFunctor_add<int>, std::array<char*, 3ul> >(int, at::native::CUDAFunctor_add<int>, std::array<char*, 3ul>)",64,operator_shape_matched,"[[62],[62],[]]","[""int"",""int"",""Scalar""]",null,1,1.248
aten::add,"void at::native::vectorized_elementwise_kernel<4, at::native::CUDAFunctor_add<int>, std::array<char*, 3ul> >(int, at::native::CUDAFunctor_add<int>, std::array<char*, 3ul>)",65,operator_shape_matched,"[[16],[16],[]]","[""int"",""int"",""Scalar""]",null,1,1.217
aten::add,"void at::native::vectorized_elementwise_kernel<4, at::native::CUDAFunctor_add<int>, std::array<char*, 3ul> >(int, at::native::CUDAFunctor_add<int>, std::array<char*, 3ul>)",66,operator_shape_matched,"[[24],[24],[]]","[""int"",""int"",""Scalar""]",null,1,1.184
aten::add,"void at::native::vectorized_elementwise_kernel<4, at::native::CUDAFunctor_add<int>, std::array<char*, 3ul> >(int, at::native::CUDAFunctor_add<int>, std::array<char*, 3ul>)",67,operator_shape_matched,"[[8],[8],[]]","[""int"",""int"",""Scalar""]",null,1,1.184
aten::sub,"void at::native::vectorized_elementwise_kernel<4, at::native::CUDAFunctor_add<int>, std::array<char*, 3ul> >(int, at::native::CUDAFunctor_add<int>, std::array<char*, 3ul>)",68,operator_shape_matched,"[[17],[17],[]]","[""int"",""int"",""Scalar""]",null,1,1.153
aten::sub,"void at::native::vectorized_elementwise_kernel<4, at::native::CUDAFunctor_add<int>, std::array<char*, 3ul> >(int, at::native::CUDAFunctor_add<int>, std::array<char*, 3ul>)",69,operator_shape_matched,"[[19],[19],[]]","[""int"",""int"",""Scalar""]",null,1,1.153
aten::sub,"void at::native::vectorized_elementwise_kernel<4, at::native::CUDAFunctor_add<int>, std::array<char*, 3ul> >(int, at::native::CUDAFunctor_add<int>, std::array<char*, 3ul>)",70,operator_shape_matched,"[[2],[2],[]]","[""int"",""int"",""Scalar""]",null,1,1.153
aten::sub,"void at::native::vectorized_elementwise_kernel<4, at::native::CUDAFunctor_add<int>, std::array<char*, 3ul> >(int, at::native::CUDAFunctor_add<int>, std::array<char*, 3ul>)",71,operator_shape_matched,"[[7],[7],[]]","[""int"",""int"",""Scalar""]",null,1,1.153
aten::add,"void at::native::vectorized_elementwise_kernel<4, at::native::CUDAFunctor_add<int>, std::array<char*, 3ul> >(int, at::native::CUDAFunctor_add<int>, std::array<char*, 3ul>)",72,operator_shape_matched,"[[32],[32],[]]","[""int"",""int"",""Scalar""]",null,1,1.152
aten::add,"void at::native::vectorized_elementwise_kernel<4, at::native::CUDAFunctor_add<int>, std::array<char*, 3ul> >(int, at::native::CUDAFunctor_add<int>, std::array<char*, 3ul>)",73,operator_shape_matched,"[[48],[48],[]]","[""int"",""int"",""Scalar""]",null,1,1.152
aten::sub,"void at::native::vectorized_elementwise_kernel<4, at::native::CUDAFunctor_add<int>, std::array<char*, 3ul> >(int, at::native::CUDAFunctor_add<int>, std::array<char*, 3ul>)",74,operator_shape_matched,"[[11],[11],[]]","[""int"",""int"",""Scalar""]",null,1,1.152
aten::sub,"void at::native::vectorized_elementwise_kernel<4, at::native::CUDAFunctor_add<int>, std::array<char*, 3ul> >(int, at::native::CUDAFunctor_add<int>, std::array<char*, 3ul>)",75,operator_shape_matched,"[[13],[13],[]]","[""int"",""int"",""Scalar""]",null,1,1.152
aten::sub,"void at::native::vectorized_elementwise_kernel<4, at::native::CUDAFunctor_add<int>, std::array<char*, 3ul> >(int, at::native::CUDAFunctor_add<int>, std::array<char*, 3ul>)",76,operator_shape_matched,"[[15],[15],[]]","[""int"",""int"",""Scalar""]",null,1,1.152
aten::sub,"void at::native::vectorized_elementwise_kernel<4, at::native::CUDAFunctor_add<int>, std::array<char*, 3ul> >(int, at::native::CUDAFunctor_add<int>, std::array<char*, 3ul>)",77,operator_shape_matched,"[[21],[21],[]]","[""int"",""int"",""Scalar""]",null,1,1.152
aten::sub,"void at::native::vectorized_elementwise_kernel<4, at::native::CUDAFunctor_add<int>, std::array<char*, 3ul> >(int, at::native::CUDAFunctor_add<int>, std::array<char*, 3ul>)",78,operator_shape_matched,"[[23],[23],[]]","[""int"",""int"",""Scalar""]",null,1,1.152
aten::sub,"void at::native::vectorized_elementwise_kernel<4, at::native::CUDAFunctor_add<int>, std::array<char*, 3ul> >(int, at::native::CUDAFunctor_add<int>, std::array<char*, 3ul>)",79,operator_shape_matched,"[[25],[25],[]]","[""int"",""int"",""Scalar""]",null,1,1.152
aten::sub,"void at::native::vectorized_elementwise_kernel<4, at::native::CUDAFunctor_add<int>, std::array<char*, 3ul> >(int, at::native::CUDAFunctor_add<int>, std::array<char*, 3ul>)",80,operator_shape_matched,"[[27],[27],[]]","[""int"",""int"",""Scalar""]",null,1,1.152
aten::sub,"void at::native::vectorized_elementwise_kernel<4, at::native::CUDAFunctor_add<int>, std::array<char*, 3ul> >(int, at::native::CUDAFunctor_add<int>, std::array<char*, 3ul>)",81,operator_shape_matched,"[[29],[29],[]]","[""int"",""int"",""Scalar""]",null,1,1.152
aten::sub,"void at::native::vectorized_elementwise_kernel<4, at::native::CUDAFunctor_add<int>, std::array<char*, 3ul> >(int, at::native::CUDAFunctor_add<int>, std::array<char*, 3ul>)",82,operator_shape_matched,"[[31],[31],[]]","[""int"",""int"",""Scalar""]",null,1,1.152
aten::sub,"void at::native::vectorized_elementwise_kernel<4, at::native::CUDAFunctor_add<int>, std::array<char*, 3ul> >(int, at::native::CUDAFunctor_add<int>, std::array<char*, 3ul>)",83,operator_shape_matched,"[[33],[33],[]]","[""int"",""int"",""Scalar""]",null,1,1.152
aten::sub,"void at::native::vectorized_elementwise_kernel<4, at::native::CUDAFunctor_add<int>, std::array<char*, 3ul> >(int, at::native::CUDAFunctor_add<int>, std::array<char*, 3ul>)",84,operator_shape_matched,"[[35],[35],[]]","[""int"",""int"",""Scalar""]",null,1,1.152
aten::sub,"void at::native::vectorized_elementwise_kernel<4, at::native::CUDAFunctor_add<int>, std::array<char*, 3ul> >(int, at::native::CUDAFunctor_add<int>, std::array<char*, 3ul>)",85,operator_shape_matched,"[[37],[37],[]]","[""int"",""int"",""Scalar""]",null,1,1.152
aten::sub,"void at::native::vectorized_elementwise_kernel<4, at::native::CUDAFunctor_add<int>, std::array<char*, 3ul> >(int, at::native::CUDAFunctor_add<int>, std::array<char*, 3ul>)",86,operator_shape_matched,"[[39],[39],[]]","[""int"",""int"",""Scalar""]",null,1,1.152
aten::sub,"void at::native::vectorized_elementwise_kernel<4, at::native::CUDAFunctor_add<int>, std::array<char*, 3ul> >(int, at::native::CUDAFunctor_add<int>, std::array<char*, 3ul>)",87,operator_shape_matched,"[[3],[3],[]]","[""int"",""int"",""Scalar""]",null,1,1.152
aten::sub,"void at::native::vectorized_elementwise_kernel<4, at::native::CUDAFunctor_add<int>, std::array<char*, 3ul> >(int, at::native::CUDAFunctor_add<int>, std::array<char*, 3ul>)",88,operator_shape_matched,"[[41],[41],[]]","[""int"",""int"",""Scalar""]",null,1,1.152
aten::sub,"void at::native::vectorized_elementwise_kernel<4, at::native::CUDAFunctor_add<int>, std::array<char*, 3ul> >(int, at::native::CUDAFunctor_add<int>, std::array<char*, 3ul>)",89,operator_shape_matched,"[[45],[45],[]]","[""int"",""int"",""Scalar""]",null,1,1.152
aten::sub,"void at::native::vectorized_elementwise_kernel<4, at::native::CUDAFunctor_add<int>, std::array<char*, 3ul> >(int, at::native::CUDAFunctor_add<int>, std::array<char*, 3ul>)",90,operator_shape_matched,"[[49],[49],[]]","[""int"",""int"",""Scalar""]",null,1,1.152
aten::sub,"void at::native::vectorized_elementwise_kernel<4, at::native::CUDAFunctor_add<int>, std::array<char*, 3ul> >(int, at::native::CUDAFunctor_add<int>, std::array<char*, 3ul>)",91,operator_shape_matched,"[[4],[4],[]]","[""int"",""int"",""Scalar""]",null,1,1.152
aten::sub,"void at::native::vectorized_elementwise_kernel<4, at::native::CUDAFunctor_add<int>, std::array<char*, 3ul> >(int, at::native::CUDAFunctor_add<int>, std::array<char*, 3ul>)",92,operator_shape_matched,"[[51],[51],[]]","[""int"",""int"",""Scalar""]",null,1,1.152
aten::sub,"void at::native::vectorized_elementwise_kernel<4, at::native::CUDAFunctor_add<int>, std::array<char*, 3ul> >(int, at::native::CUDAFunctor_add<int>, std::array<char*, 3ul>)",93,operator_shape_matched,"[[63],[63],[]]","[""int"",""int"",""Scalar""]",null,1,1.152
aten::sub,"void at::native::vectorized_elementwise_kernel<4, at::native::CUDAFunctor_add<int>, std::array<char*, 3ul> >(int, at::native::CUDAFunctor_add<int>, std::array<char*, 3ul>)",94,operator_shape_matched,"[[9],[9],[]]","[""int"",""int"",""Scalar""]",null,1,1.152
aten::add,"void at::native::vectorized_elementwise_kernel<4, at::native::CUDAFunctor_add<int>, std::array<char*, 3ul> >(int, at::native::CUDAFunctor_add<int>, std::array<char*, 3ul>)",95,operator_shape_matched,"[[56],[56],[]]","[""int"",""int"",""Scalar""]",null,1,1.151
aten::sub,"void at::native::vectorized_elementwise_kernel<4, at::native::CUDAFunctor_add<int>, std::array<char*, 3ul> >(int, at::native::CUDAFunctor_add<int>, std::array<char*, 3ul>)",96,operator_shape_matched,"[[43],[43],[]]","[""int"",""int"",""Scalar""]",null,1,1.12
aten::sub,"void at::native::vectorized_elementwise_kernel<4, at::native::CUDAFunctor_add<int>, std::array<char*, 3ul> >(int, at::native::CUDAFunctor_add<int>, std::array<char*, 3ul>)",97,operator_shape_matched,"[[47],[47],[]]","[""int"",""int"",""Scalar""]",null,1,1.12
aten::sub,"void at::native::vectorized_elementwise_kernel<4, at::native::CUDAFunctor_add<int>, std::array<char*, 3ul> >(int, at::native::CUDAFunctor_add<int>, std::array<char*, 3ul>)",98,operator_shape_matched,"[[53],[53],[]]","[""int"",""int"",""Scalar""]",null,1,1.12
aten::sub,"void at::native::vectorized_elementwise_kernel<4, at::native::CUDAFunctor_add<int>, std::array<char*, 3ul> >(int, at::native::CUDAFunctor_add<int>, std::array<char*, 3ul>)",99,operator_shape_matched,"[[55],[55],[]]","[""int"",""int"",""Scalar""]",null,1,1.12
aten::sub,"void at::native::vectorized_elementwise_kernel<4, at::native::CUDAFunctor_add<int>, std::array<char*, 3ul> >(int, at::native::CUDAFunctor_add<int>, std::array<char*, 3ul>)",100,operator_shape_matched,"[[57],[57],[]]","[""int"",""int"",""Scalar""]",null,1,1.12
aten::sub,"void at::native::vectorized_elementwise_kernel<4, at::native::CUDAFunctor_add<int>, std::array<char*, 3ul> >(int, at::native::CUDAFunctor_add<int>, std::array<char*, 3ul>)",101,operator_shape_matched,"[[59],[59],[]]","[""int"",""int"",""Scalar""]",null,1,1.12
aten::sub,"void at::native::vectorized_elementwise_kernel<4, at::native::CUDAFunctor_add<int>, std::array<char*, 3ul> >(int, at::native::CUDAFunctor_add<int>, std::array<char*, 3ul>)",102,operator_shape_matched,"[[5],[5],[]]","[""int"",""int"",""Scalar""]",null,1,1.12
aten::index,"void at::native::index_elementwise_kernel<128, 4, at::native::gpu_index_kernel<at::native::index_kernel_impl<at::native::OpaqueType<4> >(at::TensorIteratorBase&, c10::ArrayRef<long>, c10::ArrayRef<long>)::{lambda(char*, char const*, long)#1}>(at::TensorIteratorBase&, c10::ArrayRef<long>, c10::ArrayRef<long>, at::native::index_kernel_impl<at::native::OpaqueType<4> >(at::TensorIteratorBase&, c10::ArrayRef<long>, c10::ArrayRef<long>)::{lambda(char*, char const*, long)#1} const&, bool)::{lambda(int)#1}>(long, at::native::gpu_index_kernel<at::native::index_kernel_impl<at::native::OpaqueType<4> >(at::TensorIteratorBase&, c10::ArrayRef<long>, c10::ArrayRef<long>)::{lambda(char*, char const*, long)#1}>(at::TensorIteratorBase&, c10::ArrayRef<long>, c10::ArrayRef<long>, at::native::index_kernel_impl<at::native::OpaqueType<4> >(at::TensorIteratorBase&, c10::ArrayRef<long>, c10::ArrayRef<long>)::{lambda(char*, char const*, long)#1} const&, bool)::{lambda(int)#1})",1,operator_shape_matched,"[[64],[]]","[""int"",""""]",null,290,641.798
aten::index,"void at::native::index_elementwise_kernel<128, 4, at::native::gpu_index_kernel<at::native::index_kernel_impl<at::native::OpaqueType<4> >(at::TensorIteratorBase&, c10::ArrayRef<long>, c10::ArrayRef<long>)::{lambda(char*, char const*, long)#1}>(at::TensorIteratorBase&, c10::ArrayRef<long>, c10::ArrayRef<long>, at::native::index_kernel_impl<at::native::OpaqueType<4> >(at::TensorIteratorBase&, c10::ArrayRef<long>, c10::ArrayRef<long>)::{lambda(char*, char const*, long)#1} const&, bool)::{lambda(int)#1}>(long, at::native::gpu_index_kernel<at::native::index_kernel_impl<at::native::OpaqueType<4> >(at::TensorIteratorBase&, c10::ArrayRef<long>, c10::ArrayRef<long>)::{lambda(char*, char const*, long)#1}>(at::TensorIteratorBase&, c10::ArrayRef<long>, c10::ArrayRef<long>, at::native::index_kernel_impl<at::native::OpaqueType<4> >(at::TensorIteratorBase&, c10::ArrayRef<long>, c10::ArrayRef<long>)::{lambda(char*, char const*, long)#1} const&, bool)::{lambda(int)#1})",2,operator_shape_matched,"[[46],[]]","[""int"",""""]",null,1,2.048
aten::index,"void at::native::index_elementwise_kernel<128, 4, at::native::gpu_index_kernel<at::native::index_kernel_impl<at::native::OpaqueType<4> >(at::TensorIteratorBase&, c10::ArrayRef<long>, c10::ArrayRef<long>)::{lambda(char*, char const*, long)#1}>(at::TensorIteratorBase&, c10::ArrayRef<long>, c10::ArrayRef<long>, at::native::index_kernel_impl<at::native::OpaqueType<4> >(at::TensorIteratorBase&, c10::ArrayRef<long>, c10::ArrayRef<long>)::{lambda(char*, char const*, long)#1} const&, bool)::{lambda(int)#1}>(long, at::native::gpu_index_kernel<at::native::index_kernel_impl<at::native::OpaqueType<4> >(at::TensorIteratorBase&, c10::ArrayRef<long>, c10::ArrayRef<long>)::{lambda(char*, char const*, long)#1}>(at::TensorIteratorBase&, c10::ArrayRef<long>, c10::ArrayRef<long>, at::native::index_kernel_impl<at::native::OpaqueType<4> >(at::TensorIteratorBase&, c10::ArrayRef<long>, c10::ArrayRef<long>)::{lambda(char*, char const*, long)#1} const&, bool)::{lambda(int)#1})",3,operator_shape_matched,"[[52],[]]","[""int"",""""]",null,1,1.952
aten::index,"void at::native::index_elementwise_kernel<128, 4, at::native::gpu_index_kernel<at::native::index_kernel_impl<at::native::OpaqueType<4> >(at::TensorIteratorBase&, c10::ArrayRef<long>, c10::ArrayRef<long>)::{lambda(char*, char const*, long)#1}>(at::TensorIteratorBase&, c10::ArrayRef<long>, c10::ArrayRef<long>, at::native::index_kernel_impl<at::native::OpaqueType<4> >(at::TensorIteratorBase&, c10::ArrayRef<long>, c10::ArrayRef<long>)::{lambda(char*, char const*, long)#1} const&, bool)::{lambda(int)#1}>(long, at::native::gpu_index_kernel<at::native::index_kernel_impl<at::native::OpaqueType<4> >(at::TensorIteratorBase&, c10::ArrayRef<long>, c10::ArrayRef<long>)::{lambda(char*, char const*, long)#1}>(at::TensorIteratorBase&, c10::ArrayRef<long>, c10::ArrayRef<long>, at::native::index_kernel_impl<at::native::OpaqueType<4> >(at::TensorIteratorBase&, c10::ArrayRef<long>, c10::ArrayRef<long>)::{lambda(char*, char const*, long)#1} const&, bool)::{lambda(int)#1})",4,operator_shape_matched,"[[38],[]]","[""int"",""""]",null,1,1.92
aten::index,"void at::native::index_elementwise_kernel<128, 4, at::native::gpu_index_kernel<at::native::index_kernel_impl<at::native::OpaqueType<4> >(at::TensorIteratorBase&, c10::ArrayRef<long>, c10::ArrayRef<long>)::{lambda(char*, char const*, long)#1}>(at::TensorIteratorBase&, c10::ArrayRef<long>, c10::ArrayRef<long>, at::native::index_kernel_impl<at::native::OpaqueType<4> >(at::TensorIteratorBase&, c10::ArrayRef<long>, c10::ArrayRef<long>)::{lambda(char*, char const*, long)#1} const&, bool)::{lambda(int)#1}>(long, at::native::gpu_index_kernel<at::native::index_kernel_impl<at::native::OpaqueType<4> >(at::TensorIteratorBase&, c10::ArrayRef<long>, c10::ArrayRef<long>)::{lambda(char*, char const*, long)#1}>(at::TensorIteratorBase&, c10::ArrayRef<long>, c10::ArrayRef<long>, at::native::index_kernel_impl<at::native::OpaqueType<4> >(at::TensorIteratorBase&, c10::ArrayRef<long>, c10::ArrayRef<long>)::{lambda(char*, char const*, long)#1} const&, bool)::{lambda(int)#1})",5,operator_shape_matched,"[[62],[]]","[""int"",""""]",null,1,1.889
aten::index,"void at::native::index_elementwise_kernel<128, 4, at::native::gpu_index_kernel<at::native::index_kernel_impl<at::native::OpaqueType<4> >(at::TensorIteratorBase&, c10::ArrayRef<long>, c10::ArrayRef<long>)::{lambda(char*, char const*, long)#1}>(at::TensorIteratorBase&, c10::ArrayRef<long>, c10::ArrayRef<long>, at::native::index_kernel_impl<at::native::OpaqueType<4> >(at::TensorIteratorBase&, c10::ArrayRef<long>, c10::ArrayRef<long>)::{lambda(char*, char const*, long)#1} const&, bool)::{lambda(int)#1}>(long, at::native::gpu_index_kernel<at::native::index_kernel_impl<at::native::OpaqueType<4> >(at::TensorIteratorBase&, c10::ArrayRef<long>, c10::ArrayRef<long>)::{lambda(char*, char const*, long)#1}>(at::TensorIteratorBase&, c10::ArrayRef<long>, c10::ArrayRef<long>, at::native::index_kernel_impl<at::native::OpaqueType<4> >(at::TensorIteratorBase&, c10::ArrayRef<long>, c10::ArrayRef<long>)::{lambda(char*, char const*, long)#1} const&, bool)::{lambda(int)#1})",6,operator_shape_matched,"[[34],[]]","[""int"",""""]",null,1,1.888
aten::index,"void at::native::index_elementwise_kernel<128, 4, at::native::gpu_index_kernel<at::native::index_kernel_impl<at::native::OpaqueType<4> >(at::TensorIteratorBase&, c10::ArrayRef<long>, c10::ArrayRef<long>)::{lambda(char*, char const*, long)#1}>(at::TensorIteratorBase&, c10::ArrayRef<long>, c10::ArrayRef<long>, at::native::index_kernel_impl<at::native::OpaqueType<4> >(at::TensorIteratorBase&, c10::ArrayRef<long>, c10::ArrayRef<long>)::{lambda(char*, char const*, long)#1} const&, bool)::{lambda(int)#1}>(long, at::native::gpu_index_kernel<at::native::index_kernel_impl<at::native::OpaqueType<4> >(at::TensorIteratorBase&, c10::ArrayRef<long>, c10::ArrayRef<long>)::{lambda(char*, char const*, long)#1}>(at::TensorIteratorBase&, c10::ArrayRef<long>, c10::ArrayRef<long>, at::native::index_kernel_impl<at::native::OpaqueType<4> >(at::TensorIteratorBase&, c10::ArrayRef<long>, c10::ArrayRef<long>)::{lambda(char*, char const*, long)#1} const&, bool)::{lambda(int)#1})",7,operator_shape_matched,"[[54],[]]","[""int"",""""]",null,1,1.825
aten::index,"void at::native::index_elementwise_kernel<128, 4, at::native::gpu_index_kernel<at::native::index_kernel_impl<at::native::OpaqueType<4> >(at::TensorIteratorBase&, c10::ArrayRef<long>, c10::ArrayRef<long>)::{lambda(char*, char const*, long)#1}>(at::TensorIteratorBase&, c10::ArrayRef<long>, c10::ArrayRef<long>, at::native::index_kernel_impl<at::native::OpaqueType<4> >(at::TensorIteratorBase&, c10::ArrayRef<long>, c10::ArrayRef<long>)::{lambda(char*, char const*, long)#1} const&, bool)::{lambda(int)#1}>(long, at::native::gpu_index_kernel<at::native::index_kernel_impl<at::native::OpaqueType<4> >(at::TensorIteratorBase&, c10::ArrayRef<long>, c10::ArrayRef<long>)::{lambda(char*, char const*, long)#1}>(at::TensorIteratorBase&, c10::ArrayRef<long>, c10::ArrayRef<long>, at::native::index_kernel_impl<at::native::OpaqueType<4> >(at::TensorIteratorBase&, c10::ArrayRef<long>, c10::ArrayRef<long>)::{lambda(char*, char const*, long)#1} const&, bool)::{lambda(int)#1})",8,operator_shape_matched,"[[60],[]]","[""int"",""""]",null,1,1.824
aten::index,"void at::native::index_elementwise_kernel<128, 4, at::native::gpu_index_kernel<at::native::index_kernel_impl<at::native::OpaqueType<4> >(at::TensorIteratorBase&, c10::ArrayRef<long>, c10::ArrayRef<long>)::{lambda(char*, char const*, long)#1}>(at::TensorIteratorBase&, c10::ArrayRef<long>, c10::ArrayRef<long>, at::native::index_kernel_impl<at::native::OpaqueType<4> >(at::TensorIteratorBase&, c10::ArrayRef<long>, c10::ArrayRef<long>)::{lambda(char*, char const*, long)#1} const&, bool)::{lambda(int)#1}>(long, at::native::gpu_index_kernel<at::native::index_kernel_impl<at::native::OpaqueType<4> >(at::TensorIteratorBase&, c10::ArrayRef<long>, c10::ArrayRef<long>)::{lambda(char*, char const*, long)#1}>(at::TensorIteratorBase&, c10::ArrayRef<long>, c10::ArrayRef<long>, at::native::index_kernel_impl<at::native::OpaqueType<4> >(at::TensorIteratorBase&, c10::ArrayRef<long>, c10::ArrayRef<long>)::{lambda(char*, char const*, long)#1} const&, bool)::{lambda(int)#1})",9,operator_shape_matched,"[[36],[]]","[""int"",""""]",null,1,1.792
aten::index,"void at::native::index_elementwise_kernel<128, 4, at::native::gpu_index_kernel<at::native::index_kernel_impl<at::native::OpaqueType<4> >(at::TensorIteratorBase&, c10::ArrayRef<long>, c10::ArrayRef<long>)::{lambda(char*, char const*, long)#1}>(at::TensorIteratorBase&, c10::ArrayRef<long>, c10::ArrayRef<long>, at::native::index_kernel_impl<at::native::OpaqueType<4> >(at::TensorIteratorBase&, c10::ArrayRef<long>, c10::ArrayRef<long>)::{lambda(char*, char const*, long)#1} const&, bool)::{lambda(int)#1}>(long, at::native::gpu_index_kernel<at::native::index_kernel_impl<at::native::OpaqueType<4> >(at::TensorIteratorBase&, c10::ArrayRef<long>, c10::ArrayRef<long>)::{lambda(char*, char const*, long)#1}>(at::TensorIteratorBase&, c10::ArrayRef<long>, c10::ArrayRef<long>, at::native::index_kernel_impl<at::native::OpaqueType<4> >(at::TensorIteratorBase&, c10::ArrayRef<long>, c10::ArrayRef<long>)::{lambda(char*, char const*, long)#1} const&, bool)::{lambda(int)#1})",10,operator_shape_matched,"[[44],[]]","[""int"",""""]",null,1,1.792
aten::index,"void at::native::index_elementwise_kernel<128, 4, at::native::gpu_index_kernel<at::native::index_kernel_impl<at::native::OpaqueType<4> >(at::TensorIteratorBase&, c10::ArrayRef<long>, c10::ArrayRef<long>)::{lambda(char*, char const*, long)#1}>(at::TensorIteratorBase&, c10::ArrayRef<long>, c10::ArrayRef<long>, at::native::index_kernel_impl<at::native::OpaqueType<4> >(at::TensorIteratorBase&, c10::ArrayRef<long>, c10::ArrayRef<long>)::{lambda(char*, char const*, long)#1} const&, bool)::{lambda(int)#1}>(long, at::native::gpu_index_kernel<at::native::index_kernel_impl<at::native::OpaqueType<4> >(at::TensorIteratorBase&, c10::ArrayRef<long>, c10::ArrayRef<long>)::{lambda(char*, char const*, long)#1}>(at::TensorIteratorBase&, c10::ArrayRef<long>, c10::ArrayRef<long>, at::native::index_kernel_impl<at::native::OpaqueType<4> >(at::TensorIteratorBase&, c10::ArrayRef<long>, c10::ArrayRef<long>)::{lambda(char*, char const*, long)#1} const&, bool)::{lambda(int)#1})",11,operator_shape_matched,"[[63],[]]","[""int"",""""]",null,1,1.792
aten::index,"void at::native::index_elementwise_kernel<128, 4, at::native::gpu_index_kernel<at::native::index_kernel_impl<at::native::OpaqueType<4> >(at::TensorIteratorBase&, c10::ArrayRef<long>, c10::ArrayRef<long>)::{lambda(char*, char const*, long)#1}>(at::TensorIteratorBase&, c10::ArrayRef<long>, c10::ArrayRef<long>, at::native::index_kernel_impl<at::native::OpaqueType<4> >(at::TensorIteratorBase&, c10::ArrayRef<long>, c10::ArrayRef<long>)::{lambda(char*, char const*, long)#1} const&, bool)::{lambda(int)#1}>(long, at::native::gpu_index_kernel<at::native::index_kernel_impl<at::native::OpaqueType<4> >(at::TensorIteratorBase&, c10::ArrayRef<long>, c10::ArrayRef<long>)::{lambda(char*, char const*, long)#1}>(at::TensorIteratorBase&, c10::ArrayRef<long>, c10::ArrayRef<long>, at::native::index_kernel_impl<at::native::OpaqueType<4> >(at::TensorIteratorBase&, c10::ArrayRef<long>, c10::ArrayRef<long>)::{lambda(char*, char const*, long)#1} const&, bool)::{lambda(int)#1})",12,operator_shape_matched,"[[42],[]]","[""int"",""""]",null,1,1.76
aten::index,"void at::native::index_elementwise_kernel<128, 4, at::native::gpu_index_kernel<at::native::index_kernel_impl<at::native::OpaqueType<4> >(at::TensorIteratorBase&, c10::ArrayRef<long>, c10::ArrayRef<long>)::{lambda(char*, char const*, long)#1}>(at::TensorIteratorBase&, c10::ArrayRef<long>, c10::ArrayRef<long>, at::native::index_kernel_impl<at::native::OpaqueType<4> >(at::TensorIteratorBase&, c10::ArrayRef<long>, c10::ArrayRef<long>)::{lambda(char*, char const*, long)#1} const&, bool)::{lambda(int)#1}>(long, at::native::gpu_index_kernel<at::native::index_kernel_impl<at::native::OpaqueType<4> >(at::TensorIteratorBase&, c10::ArrayRef<long>, c10::ArrayRef<long>)::{lambda(char*, char const*, long)#1}>(at::TensorIteratorBase&, c10::ArrayRef<long>, c10::ArrayRef<long>, at::native::index_kernel_impl<at::native::OpaqueType<4> >(at::TensorIteratorBase&, c10::ArrayRef<long>, c10::ArrayRef<long>)::{lambda(char*, char const*, long)#1} const&, bool)::{lambda(int)#1})",13,operator_shape_matched,"[[58],[]]","[""int"",""""]",null,1,1.76
aten::index,"void at::native::index_elementwise_kernel<128, 4, at::native::gpu_index_kernel<at::native::index_kernel_impl<at::native::OpaqueType<4> >(at::TensorIteratorBase&, c10::ArrayRef<long>, c10::ArrayRef<long>)::{lambda(char*, char const*, long)#1}>(at::TensorIteratorBase&, c10::ArrayRef<long>, c10::ArrayRef<long>, at::native::index_kernel_impl<at::native::OpaqueType<4> >(at::TensorIteratorBase&, c10::ArrayRef<long>, c10::ArrayRef<long>)::{lambda(char*, char const*, long)#1} const&, bool)::{lambda(int)#1}>(long, at::native::gpu_index_kernel<at::native::index_kernel_impl<at::native::OpaqueType<4> >(at::TensorIteratorBase&, c10::ArrayRef<long>, c10::ArrayRef<long>)::{lambda(char*, char const*, long)#1}>(at::TensorIteratorBase&, c10::ArrayRef<long>, c10::ArrayRef<long>, at::native::index_kernel_impl<at::native::OpaqueType<4> >(at::TensorIteratorBase&, c10::ArrayRef<long>, c10::ArrayRef<long>)::{lambda(char*, char const*, long)#1} const&, bool)::{lambda(int)#1})",14,operator_shape_matched,"[[50],[]]","[""int"",""""]",null,1,1.727
aten::index,"void at::native::index_elementwise_kernel<128, 4, at::native::gpu_index_kernel<at::native::index_kernel_impl<at::native::OpaqueType<4> >(at::TensorIteratorBase&, c10::ArrayRef<long>, c10::ArrayRef<long>)::{lambda(char*, char const*, long)#1}>(at::TensorIteratorBase&, c10::ArrayRef<long>, c10::ArrayRef<long>, at::native::index_kernel_impl<at::native::OpaqueType<4> >(at::TensorIteratorBase&, c10::ArrayRef<long>, c10::ArrayRef<long>)::{lambda(char*, char const*, long)#1} const&, bool)::{lambda(int)#1}>(long, at::native::gpu_index_kernel<at::native::index_kernel_impl<at::native::OpaqueType<4> >(at::TensorIteratorBase&, c10::ArrayRef<long>, c10::ArrayRef<long>)::{lambda(char*, char const*, long)#1}>(at::TensorIteratorBase&, c10::ArrayRef<long>, c10::ArrayRef<long>, at::native::index_kernel_impl<at::native::OpaqueType<4> >(at::TensorIteratorBase&, c10::ArrayRef<long>, c10::ArrayRef<long>)::{lambda(char*, char const*, long)#1} const&, bool)::{lambda(int)#1})",15,operator_shape_matched,"[[56],[]]","[""int"",""""]",null,1,1.697
aten::index,"void at::native::index_elementwise_kernel<128, 4, at::native::gpu_index_kernel<at::native::index_kernel_impl<at::native::OpaqueType<4> >(at::TensorIteratorBase&, c10::ArrayRef<long>, c10::ArrayRef<long>)::{lambda(char*, char const*, long)#1}>(at::TensorIteratorBase&, c10::ArrayRef<long>, c10::ArrayRef<long>, at::native::index_kernel_impl<at::native::OpaqueType<4> >(at::TensorIteratorBase&, c10::ArrayRef<long>, c10::ArrayRef<long>)::{lambda(char*, char const*, long)#1} const&, bool)::{lambda(int)#1}>(long, at::native::gpu_index_kernel<at::native::index_kernel_impl<at::native::OpaqueType<4> >(at::TensorIteratorBase&, c10::ArrayRef<long>, c10::ArrayRef<long>)::{lambda(char*, char const*, long)#1}>(at::TensorIteratorBase&, c10::ArrayRef<long>, c10::ArrayRef<long>, at::native::index_kernel_impl<at::native::OpaqueType<4> >(at::TensorIteratorBase&, c10::ArrayRef<long>, c10::ArrayRef<long>)::{lambda(char*, char const*, long)#1} const&, bool)::{lambda(int)#1})",16,operator_shape_matched,"[[40],[]]","[""int"",""""]",null,1,1.696
aten::index,"void at::native::index_elementwise_kernel<128, 4, at::native::gpu_index_kernel<at::native::index_kernel_impl<at::native::OpaqueType<4> >(at::TensorIteratorBase&, c10::ArrayRef<long>, c10::ArrayRef<long>)::{lambda(char*, char const*, long)#1}>(at::TensorIteratorBase&, c10::ArrayRef<long>, c10::ArrayRef<long>, at::native::index_kernel_impl<at::native::OpaqueType<4> >(at::TensorIteratorBase&, c10::ArrayRef<long>, c10::ArrayRef<long>)::{lambda(char*, char const*, long)#1} const&, bool)::{lambda(int)#1}>(long, at::native::gpu_index_kernel<at::native::index_kernel_impl<at::native::OpaqueType<4> >(at::TensorIteratorBase&, c10::ArrayRef<long>, c10::ArrayRef<long>)::{lambda(char*, char const*, long)#1}>(at::TensorIteratorBase&, c10::ArrayRef<long>, c10::ArrayRef<long>, at::native::index_kernel_impl<at::native::OpaqueType<4> >(at::TensorIteratorBase&, c10::ArrayRef<long>, c10::ArrayRef<long>)::{lambda(char*, char const*, long)#1} const&, bool)::{lambda(int)#1})",17,operator_shape_matched,"[[48],[]]","[""int"",""""]",null,1,1.695
aten::mm,nvjet_sm90_tst_128x40_64x10_4x1_v_bz_TNT,1,operator_shape_matched,"[[37,6144],[6144,12504]]","[""c10::BFloat16"",""c10::BFloat16""]",null,1,66.656
aten::mm,nvjet_sm90_tst_128x40_64x10_4x1_v_bz_TNT,2,operator_shape_matched,"[[33,6144],[6144,12504]]","[""c10::BFloat16"",""c10::BFloat16""]",null,1,66.113
aten::mm,nvjet_sm90_tst_128x40_64x10_4x1_v_bz_TNT,3,operator_shape_matched,"[[39,6144],[6144,12504]]","[""c10::BFloat16"",""c10::BFloat16""]",null,1,65.888
aten::mm,nvjet_sm90_tst_128x40_64x10_4x1_v_bz_TNT,4,operator_shape_matched,"[[35,6144],[6144,12504]]","[""c10::BFloat16"",""c10::BFloat16""]",null,1,65.281
aten::mm,nvjet_sm90_tst_128x40_64x10_4x1_v_bz_TNT,5,operator_shape_matched,"[[36,6144],[6144,12504]]","[""c10::BFloat16"",""c10::BFloat16""]",null,1,61.152
aten::mm,nvjet_sm90_tst_128x40_64x10_4x1_v_bz_TNT,6,operator_shape_matched,"[[38,6144],[6144,12504]]","[""c10::BFloat16"",""c10::BFloat16""]",null,1,60.705
aten::mm,nvjet_sm90_tst_128x40_64x10_4x1_v_bz_TNT,7,operator_shape_matched,"[[34,6144],[6144,12504]]","[""c10::BFloat16"",""c10::BFloat16""]",null,1,60.545
aten::mm,nvjet_sm90_tst_128x40_64x10_4x1_v_bz_TNT,8,operator_shape_matched,"[[40,6144],[6144,12504]]","[""c10::BFloat16"",""c10::BFloat16""]",null,1,60.544
aten::mm,nvjet_sm90_tst_128x48_64x9_4x1_v_bz_TNT,1,operator_shape_matched,"[[47,6144],[6144,12504]]","[""c10::BFloat16"",""c10::BFloat16""]",null,1,65.472
aten::mm,nvjet_sm90_tst_128x48_64x9_4x1_v_bz_TNT,2,operator_shape_matched,"[[45,6144],[6144,12504]]","[""c10::BFloat16"",""c10::BFloat16""]",null,1,65.024
aten::mm,nvjet_sm90_tst_128x48_64x9_4x1_v_bz_TNT,3,operator_shape_matched,"[[41,6144],[6144,12504]]","[""c10::BFloat16"",""c10::BFloat16""]",null,1,64.576
aten::mm,nvjet_sm90_tst_128x48_64x9_4x1_v_bz_TNT,4,operator_shape_matched,"[[43,6144],[6144,12504]]","[""c10::BFloat16"",""c10::BFloat16""]",null,1,63.136
aten::mm,nvjet_sm90_tst_128x48_64x9_4x1_v_bz_TNT,5,operator_shape_matched,"[[48,6144],[6144,12504]]","[""c10::BFloat16"",""c10::BFloat16""]",null,1,61.76
aten::mm,nvjet_sm90_tst_128x48_64x9_4x1_v_bz_TNT,6,operator_shape_matched,"[[42,6144],[6144,12504]]","[""c10::BFloat16"",""c10::BFloat16""]",null,1,60.929
aten::mm,nvjet_sm90_tst_128x48_64x9_4x1_v_bz_TNT,7,operator_shape_matched,"[[44,6144],[6144,12504]]","[""c10::BFloat16"",""c10::BFloat16""]",null,1,60.448
aten::mm,nvjet_sm90_tst_128x48_64x9_4x1_v_bz_TNT,8,operator_shape_matched,"[[46,6144],[6144,12504]]","[""c10::BFloat16"",""c10::BFloat16""]",null,1,60.0
aten::mm,nvjet_sm90_tst_128x56_64x9_4x1_v_bz_TNT,1,operator_shape_matched,"[[49,6144],[6144,12504]]","[""c10::BFloat16"",""c10::BFloat16""]",null,1,65.664
aten::mm,nvjet_sm90_tst_128x56_64x9_4x1_v_bz_TNT,2,operator_shape_matched,"[[53,6144],[6144,12504]]","[""c10::BFloat16"",""c10::BFloat16""]",null,1,64.608
aten::mm,nvjet_sm90_tst_128x56_64x9_4x1_v_bz_TNT,3,operator_shape_matched,"[[51,6144],[6144,12504]]","[""c10::BFloat16"",""c10::BFloat16""]",null,1,64.544
aten::mm,nvjet_sm90_tst_128x56_64x9_4x1_v_bz_TNT,4,operator_shape_matched,"[[55,6144],[6144,12504]]","[""c10::BFloat16"",""c10::BFloat16""]",null,1,64.16
aten::mm,nvjet_sm90_tst_128x56_64x9_4x1_v_bz_TNT,5,operator_shape_matched,"[[54,6144],[6144,12504]]","[""c10::BFloat16"",""c10::BFloat16""]",null,1,61.6
aten::mm,nvjet_sm90_tst_128x56_64x9_4x1_v_bz_TNT,6,operator_shape_matched,"[[50,6144],[6144,12504]]","[""c10::BFloat16"",""c10::BFloat16""]",null,1,60.544
aten::mm,nvjet_sm90_tst_128x56_64x9_4x1_v_bz_TNT,7,operator_shape_matched,"[[52,6144],[6144,12504]]","[""c10::BFloat16"",""c10::BFloat16""]",null,1,59.872
aten::mm,nvjet_sm90_tst_128x56_64x9_4x1_v_bz_TNT,8,operator_shape_matched,"[[56,6144],[6144,12504]]","[""c10::BFloat16"",""c10::BFloat16""]",null,1,59.52
aten::mm,nvjet_sm90_tst_128x32_64x10_4x1_v_bz_TNT,1,operator_shape_matched,"[[27,6144],[6144,12504]]","[""c10::BFloat16"",""c10::BFloat16""]",null,1,64.768
aten::mm,nvjet_sm90_tst_128x32_64x10_4x1_v_bz_TNT,2,operator_shape_matched,"[[31,6144],[6144,12504]]","[""c10::BFloat16"",""c10::BFloat16""]",null,1,64.32
aten::mm,nvjet_sm90_tst_128x32_64x10_4x1_v_bz_TNT,3,operator_shape_matched,"[[29,6144],[6144,12504]]","[""c10::BFloat16"",""c10::BFloat16""]",null,1,64.256
aten::mm,nvjet_sm90_tst_128x32_64x10_4x1_v_bz_TNT,4,operator_shape_matched,"[[25,6144],[6144,12504]]","[""c10::BFloat16"",""c10::BFloat16""]",null,1,63.456
aten::mm,nvjet_sm90_tst_128x32_64x10_4x1_v_bz_TNT,5,operator_shape_matched,"[[26,6144],[6144,12504]]","[""c10::BFloat16"",""c10::BFloat16""]",null,1,59.649
aten::mm,nvjet_sm90_tst_128x32_64x10_4x1_v_bz_TNT,6,operator_shape_matched,"[[32,6144],[6144,12504]]","[""c10::BFloat16"",""c10::BFloat16""]",null,1,59.232
aten::mm,nvjet_sm90_tst_128x32_64x10_4x1_v_bz_TNT,7,operator_shape_matched,"[[28,6144],[6144,12504]]","[""c10::BFloat16"",""c10::BFloat16""]",null,1,58.785
aten::mm,nvjet_sm90_tst_128x32_64x10_4x1_v_bz_TNT,8,operator_shape_matched,"[[30,6144],[6144,12504]]","[""c10::BFloat16"",""c10::BFloat16""]",null,1,58.497
aten::mm,nvjet_sm90_tst_128x24_64x11_4x1_v_bz_TNT,1,operator_shape_matched,"[[21,6144],[6144,12504]]","[""c10::BFloat16"",""c10::BFloat16""]",null,1,65.025
aten::mm,nvjet_sm90_tst_128x24_64x11_4x1_v_bz_TNT,2,operator_shape_matched,"[[17,6144],[6144,12504]]","[""c10::BFloat16"",""c10::BFloat16""]",null,1,64.416
aten::mm,nvjet_sm90_tst_128x24_64x11_4x1_v_bz_TNT,3,operator_shape_matched,"[[19,6144],[6144,12504]]","[""c10::BFloat16"",""c10::BFloat16""]",null,1,64.032
aten::mm,nvjet_sm90_tst_128x24_64x11_4x1_v_bz_TNT,4,operator_shape_matched,"[[23,6144],[6144,12504]]","[""c10::BFloat16"",""c10::BFloat16""]",null,1,63.776
aten::mm,nvjet_sm90_tst_128x24_64x11_4x1_v_bz_TNT,5,operator_shape_matched,"[[20,6144],[6144,12504]]","[""c10::BFloat16"",""c10::BFloat16""]",null,1,59.68
aten::mm,nvjet_sm90_tst_128x24_64x11_4x1_v_bz_TNT,6,operator_shape_matched,"[[22,6144],[6144,12504]]","[""c10::BFloat16"",""c10::BFloat16""]",null,1,58.688
aten::mm,nvjet_sm90_tst_128x24_64x11_4x1_v_bz_TNT,7,operator_shape_matched,"[[24,6144],[6144,12504]]","[""c10::BFloat16"",""c10::BFloat16""]",null,1,58.464
aten::mm,nvjet_sm90_tst_128x24_64x11_4x1_v_bz_TNT,8,operator_shape_matched,"[[18,6144],[6144,12504]]","[""c10::BFloat16"",""c10::BFloat16""]",null,1,58.272
_vllm_fa3_C::get_scheduler_metadata,"void flash::prepare_varlen_num_blocks_kernel<4, false>(int, int, int, int const*, int const*, int const*, int const*, int const*, int const*, int, int, int, int, int, cutlass::FastDivmod, cutlass::FastDivmod, int*, int*, int*, int*, int*, bool, bool, bool, int)",1,operator_shape_matched,"[[],[],[],[],[],[],[],[],[64],[65],[],[],[],[],[],[],[],[],[],[],[],[],[]]","[""Scalar"",""Scalar"",""Scalar"",""Scalar"",""Scalar"",""Scalar"",""Scalar"",""Scalar"",""int"",""int"","""","""","""","""",""Scalar"",""Scalar"",""Scalar"",""Scalar"",""Scalar"",""Scalar"",""Scalar"","""",""Scalar""]",null,240,471.489
_vllm_fa3_C::get_scheduler_metadata,"void flash::prepare_varlen_num_blocks_kernel<4, false>(int, int, int, int const*, int const*, int const*, int const*, int const*, int const*, int, int, int, int, int, cutlass::FastDivmod, cutlass::FastDivmod, int*, int*, int*, int*, int*, bool, bool, bool, int)",2,operator_shape_matched,"[[],[],[],[],[],[],[],[],[63],[64],[],[],[],[],[],[],[],[],[],[],[],[],[]]","[""Scalar"",""Scalar"",""Scalar"",""Scalar"",""Scalar"",""Scalar"",""Scalar"",""Scalar"",""int"",""int"","""","""","""","""",""Scalar"",""Scalar"",""Scalar"",""Scalar"",""Scalar"",""Scalar"",""Scalar"","""",""Scalar""]",null,1,1.664
null,"void fp32_router_gemm_kernel<__nv_bfloat16, 128, 8, 128, 6144>(float*, __nv_bfloat16 const*, float const*)",1,missing_external_id,null,null,null,114,461.878
aten::copy_,"void at::native::unrolled_elementwise_kernel<at::native::direct_copy_kernel_cuda(at::TensorIteratorBase&)::{lambda()#3}::operator()() const::{lambda()#3}::operator()() const::{lambda(int)#1}, std::array<char*, 2ul>, 4, TrivialOffsetCalculator<1, unsigned int>, TrivialOffsetCalculator<1, unsigned int>, at::native::memory::LoadWithCast<1>, at::native::memory::StoreWithCast<1> >(int, at::native::direct_copy_kernel_cuda(at::TensorIteratorBase&)::{lambda()#3}::operator()() const::{lambda()#3}::operator()() const::{lambda(int)#1}, std::array<char*, 2ul>, TrivialOffsetCalculator<1, unsigned int>, TrivialOffsetCalculator<1, unsigned int>, at::native::memory::LoadWithCast<1>, at::native::memory::StoreWithCast<1>)",1,operator_shape_matched,"[[64],[64],[]]","[""int"",""long int"",""Scalar""]",null,223,322.882
aten::copy_,"void at::native::unrolled_elementwise_kernel<at::native::direct_copy_kernel_cuda(at::TensorIteratorBase&)::{lambda()#3}::operator()() const::{lambda()#3}::operator()() const::{lambda(int)#1}, std::array<char*, 2ul>, 4, TrivialOffsetCalculator<1, unsigned int>, TrivialOffsetCalculator<1, unsigned int>, at::native::memory::LoadWithCast<1>, at::native::memory::StoreWithCast<1> >(int, at::native::direct_copy_kernel_cuda(at::TensorIteratorBase&)::{lambda()#3}::operator()() const::{lambda()#3}::operator()() const::{lambda(int)#1}, std::array<char*, 2ul>, TrivialOffsetCalculator<1, unsigned int>, TrivialOffsetCalculator<1, unsigned int>, at::native::memory::LoadWithCast<1>, at::native::memory::StoreWithCast<1>)",2,operator_shape_matched,"[[63],[63],[]]","[""int"",""long int"",""Scalar""]",null,3,4.736
aten::copy_,"void at::native::unrolled_elementwise_kernel<at::native::direct_copy_kernel_cuda(at::TensorIteratorBase&)::{lambda()#3}::operator()() const::{lambda()#3}::operator()() const::{lambda(int)#1}, std::array<char*, 2ul>, 4, TrivialOffsetCalculator<1, unsigned int>, TrivialOffsetCalculator<1, unsigned int>, at::native::memory::LoadWithCast<1>, at::native::memory::StoreWithCast<1> >(int, at::native::direct_copy_kernel_cuda(at::TensorIteratorBase&)::{lambda()#3}::operator()() const::{lambda()#3}::operator()() const::{lambda(int)#1}, std::array<char*, 2ul>, TrivialOffsetCalculator<1, unsigned int>, TrivialOffsetCalculator<1, unsigned int>, at::native::memory::LoadWithCast<1>, at::native::memory::StoreWithCast<1>)",3,operator_shape_matched,"[[1],[1],[]]","[""int"",""long int"",""Scalar""]",null,2,2.944
aten::copy_,"void at::native::unrolled_elementwise_kernel<at::native::direct_copy_kernel_cuda(at::TensorIteratorBase&)::{lambda()#3}::operator()() const::{lambda()#3}::operator()() const::{lambda(int)#1}, std::array<char*, 2ul>, 4, TrivialOffsetCalculator<1, unsigned int>, TrivialOffsetCalculator<1, unsigned int>, at::native::memory::LoadWithCast<1>, at::native::memory::StoreWithCast<1> >(int, at::native::direct_copy_kernel_cuda(at::TensorIteratorBase&)::{lambda()#3}::operator()() const::{lambda()#3}::operator()() const::{lambda(int)#1}, std::array<char*, 2ul>, TrivialOffsetCalculator<1, unsigned int>, TrivialOffsetCalculator<1, unsigned int>, at::native::memory::LoadWithCast<1>, at::native::memory::StoreWithCast<1>)",4,operator_shape_matched,"[[58],[58],[]]","[""int"",""long int"",""Scalar""]",null,1,1.984
aten::copy_,"void at::native::unrolled_elementwise_kernel<at::native::direct_copy_kernel_cuda(at::TensorIteratorBase&)::{lambda()#3}::operator()() const::{lambda()#3}::operator()() const::{lambda(int)#1}, std::array<char*, 2ul>, 4, TrivialOffsetCalculator<1, unsigned int>, TrivialOffsetCalculator<1, unsigned int>, at::native::memory::LoadWithCast<1>, at::native::memory::StoreWithCast<1> >(int, at::native::direct_copy_kernel_cuda(at::TensorIteratorBase&)::{lambda()#3}::operator()() const::{lambda()#3}::operator()() const::{lambda(int)#1}, std::array<char*, 2ul>, TrivialOffsetCalculator<1, unsigned int>, TrivialOffsetCalculator<1, unsigned int>, at::native::memory::LoadWithCast<1>, at::native::memory::StoreWithCast<1>)",5,operator_shape_matched,"[[62],[62],[]]","[""int"",""long int"",""Scalar""]",null,1,1.984
aten::copy_,"void at::native::unrolled_elementwise_kernel<at::native::direct_copy_kernel_cuda(at::TensorIteratorBase&)::{lambda()#3}::operator()() const::{lambda()#3}::operator()() const::{lambda(int)#1}, std::array<char*, 2ul>, 4, TrivialOffsetCalculator<1, unsigned int>, TrivialOffsetCalculator<1, unsigned int>, at::native::memory::LoadWithCast<1>, at::native::memory::StoreWithCast<1> >(int, at::native::direct_copy_kernel_cuda(at::TensorIteratorBase&)::{lambda()#3}::operator()() const::{lambda()#3}::operator()() const::{lambda(int)#1}, std::array<char*, 2ul>, TrivialOffsetCalculator<1, unsigned int>, TrivialOffsetCalculator<1, unsigned int>, at::native::memory::LoadWithCast<1>, at::native::memory::StoreWithCast<1>)",6,operator_shape_matched,"[[50],[50],[]]","[""int"",""long int"",""Scalar""]",null,1,1.76
aten::copy_,"void at::native::unrolled_elementwise_kernel<at::native::direct_copy_kernel_cuda(at::TensorIteratorBase&)::{lambda()#3}::operator()() const::{lambda()#3}::operator()() const::{lambda(int)#1}, std::array<char*, 2ul>, 4, TrivialOffsetCalculator<1, unsigned int>, TrivialOffsetCalculator<1, unsigned int>, at::native::memory::LoadWithCast<1>, at::native::memory::StoreWithCast<1> >(int, at::native::direct_copy_kernel_cuda(at::TensorIteratorBase&)::{lambda()#3}::operator()() const::{lambda()#3}::operator()() const::{lambda(int)#1}, std::array<char*, 2ul>, TrivialOffsetCalculator<1, unsigned int>, TrivialOffsetCalculator<1, unsigned int>, at::native::memory::LoadWithCast<1>, at::native::memory::StoreWithCast<1>)",7,operator_shape_matched,"[[61],[61],[]]","[""int"",""long int"",""Scalar""]",null,1,1.76
aten::copy_,"void at::native::unrolled_elementwise_kernel<at::native::direct_copy_kernel_cuda(at::TensorIteratorBase&)::{lambda()#3}::operator()() const::{lambda()#3}::operator()() const::{lambda(int)#1}, std::array<char*, 2ul>, 4, TrivialOffsetCalculator<1, unsigned int>, TrivialOffsetCalculator<1, unsigned int>, at::native::memory::LoadWithCast<1>, at::native::memory::StoreWithCast<1> >(int, at::native::direct_copy_kernel_cuda(at::TensorIteratorBase&)::{lambda()#3}::operator()() const::{lambda()#3}::operator()() const::{lambda(int)#1}, std::array<char*, 2ul>, TrivialOffsetCalculator<1, unsigned int>, TrivialOffsetCalculator<1, unsigned int>, at::native::memory::LoadWithCast<1>, at::native::memory::StoreWithCast<1>)",8,operator_shape_matched,"[[34],[34],[]]","[""int"",""long int"",""Scalar""]",null,1,1.696
aten::copy_,"void at::native::unrolled_elementwise_kernel<at::native::direct_copy_kernel_cuda(at::TensorIteratorBase&)::{lambda()#3}::operator()() const::{lambda()#3}::operator()() const::{lambda(int)#1}, std::array<char*, 2ul>, 4, TrivialOffsetCalculator<1, unsigned int>, TrivialOffsetCalculator<1, unsigned int>, at::native::memory::LoadWithCast<1>, at::native::memory::StoreWithCast<1> >(int, at::native::direct_copy_kernel_cuda(at::TensorIteratorBase&)::{lambda()#3}::operator()() const::{lambda()#3}::operator()() const::{lambda(int)#1}, std::array<char*, 2ul>, TrivialOffsetCalculator<1, unsigned int>, TrivialOffsetCalculator<1, unsigned int>, at::native::memory::LoadWithCast<1>, at::native::memory::StoreWithCast<1>)",9,operator_shape_matched,"[[57],[57],[]]","[""int"",""long int"",""Scalar""]",null,1,1.633
aten::copy_,"void at::native::unrolled_elementwise_kernel<at::native::direct_copy_kernel_cuda(at::TensorIteratorBase&)::{lambda()#3}::operator()() const::{lambda()#3}::operator()() const::{lambda(int)#1}, std::array<char*, 2ul>, 4, TrivialOffsetCalculator<1, unsigned int>, TrivialOffsetCalculator<1, unsigned int>, at::native::memory::LoadWithCast<1>, at::native::memory::StoreWithCast<1> >(int, at::native::direct_copy_kernel_cuda(at::TensorIteratorBase&)::{lambda()#3}::operator()() const::{lambda()#3}::operator()() const::{lambda(int)#1}, std::array<char*, 2ul>, TrivialOffsetCalculator<1, unsigned int>, TrivialOffsetCalculator<1, unsigned int>, at::native::memory::LoadWithCast<1>, at::native::memory::StoreWithCast<1>)",10,operator_shape_matched,"[[26],[26],[]]","[""int"",""long int"",""Scalar""]",null,1,1.632
aten::copy_,"void at::native::unrolled_elementwise_kernel<at::native::direct_copy_kernel_cuda(at::TensorIteratorBase&)::{lambda()#3}::operator()() const::{lambda()#3}::operator()() const::{lambda(int)#1}, std::array<char*, 2ul>, 4, TrivialOffsetCalculator<1, unsigned int>, TrivialOffsetCalculator<1, unsigned int>, at::native::memory::LoadWithCast<1>, at::native::memory::StoreWithCast<1> >(int, at::native::direct_copy_kernel_cuda(at::TensorIteratorBase&)::{lambda()#3}::operator()() const::{lambda()#3}::operator()() const::{lambda(int)#1}, std::array<char*, 2ul>, TrivialOffsetCalculator<1, unsigned int>, TrivialOffsetCalculator<1, unsigned int>, at::native::memory::LoadWithCast<1>, at::native::memory::StoreWithCast<1>)",11,operator_shape_matched,"[[41],[41],[]]","[""int"",""long int"",""Scalar""]",null,1,1.632
aten::copy_,"void at::native::unrolled_elementwise_kernel<at::native::direct_copy_kernel_cuda(at::TensorIteratorBase&)::{lambda()#3}::operator()() const::{lambda()#3}::operator()() const::{lambda(int)#1}, std::array<char*, 2ul>, 4, TrivialOffsetCalculator<1, unsigned int>, TrivialOffsetCalculator<1, unsigned int>, at::native::memory::LoadWithCast<1>, at::native::memory::StoreWithCast<1> >(int, at::native::direct_copy_kernel_cuda(at::TensorIteratorBase&)::{lambda()#3}::operator()() const::{lambda()#3}::operator()() const::{lambda(int)#1}, std::array<char*, 2ul>, TrivialOffsetCalculator<1, unsigned int>, TrivialOffsetCalculator<1, unsigned int>, at::native::memory::LoadWithCast<1>, at::native::memory::StoreWithCast<1>)",12,operator_shape_matched,"[[52],[52],[]]","[""int"",""long int"",""Scalar""]",null,1,1.632
aten::copy_,"void at::native::unrolled_elementwise_kernel<at::native::direct_copy_kernel_cuda(at::TensorIteratorBase&)::{lambda()#3}::operator()() const::{lambda()#3}::operator()() const::{lambda(int)#1}, std::array<char*, 2ul>, 4, TrivialOffsetCalculator<1, unsigned int>, TrivialOffsetCalculator<1, unsigned int>, at::native::memory::LoadWithCast<1>, at::native::memory::StoreWithCast<1> >(int, at::native::direct_copy_kernel_cuda(at::TensorIteratorBase&)::{lambda()#3}::operator()() const::{lambda()#3}::operator()() const::{lambda(int)#1}, std::array<char*, 2ul>, TrivialOffsetCalculator<1, unsigned int>, TrivialOffsetCalculator<1, unsigned int>, at::native::memory::LoadWithCast<1>, at::native::memory::StoreWithCast<1>)",13,operator_shape_matched,"[[53],[53],[]]","[""int"",""long int"",""Scalar""]",null,1,1.632
aten::copy_,"void at::native::unrolled_elementwise_kernel<at::native::direct_copy_kernel_cuda(at::TensorIteratorBase&)::{lambda()#3}::operator()() const::{lambda()#3}::operator()() const::{lambda(int)#1}, std::array<char*, 2ul>, 4, TrivialOffsetCalculator<1, unsigned int>, TrivialOffsetCalculator<1, unsigned int>, at::native::memory::LoadWithCast<1>, at::native::memory::StoreWithCast<1> >(int, at::native::direct_copy_kernel_cuda(at::TensorIteratorBase&)::{lambda()#3}::operator()() const::{lambda()#3}::operator()() const::{lambda(int)#1}, std::array<char*, 2ul>, TrivialOffsetCalculator<1, unsigned int>, TrivialOffsetCalculator<1, unsigned int>, at::native::memory::LoadWithCast<1>, at::native::memory::StoreWithCast<1>)",14,operator_shape_matched,"[[6],[6],[]]","[""int"",""long int"",""Scalar""]",null,1,1.632
aten::copy_,"void at::native::unrolled_elementwise_kernel<at::native::direct_copy_kernel_cuda(at::TensorIteratorBase&)::{lambda()#3}::operator()() const::{lambda()#3}::operator()() const::{lambda(int)#1}, std::array<char*, 2ul>, 4, TrivialOffsetCalculator<1, unsigned int>, TrivialOffsetCalculator<1, unsigned int>, at::native::memory::LoadWithCast<1>, at::native::memory::StoreWithCast<1> >(int, at::native::direct_copy_kernel_cuda(at::TensorIteratorBase&)::{lambda()#3}::operator()() const::{lambda()#3}::operator()() const::{lambda(int)#1}, std::array<char*, 2ul>, TrivialOffsetCalculator<1, unsigned int>, TrivialOffsetCalculator<1, unsigned int>, at::native::memory::LoadWithCast<1>, at::native::memory::StoreWithCast<1>)",15,operator_shape_matched,"[[23],[23],[]]","[""int"",""long int"",""Scalar""]",null,1,1.6
aten::copy_,"void at::native::unrolled_elementwise_kernel<at::native::direct_copy_kernel_cuda(at::TensorIteratorBase&)::{lambda()#3}::operator()() const::{lambda()#3}::operator()() const::{lambda(int)#1}, std::array<char*, 2ul>, 4, TrivialOffsetCalculator<1, unsigned int>, TrivialOffsetCalculator<1, unsigned int>, at::native::memory::LoadWithCast<1>, at::native::memory::StoreWithCast<1> >(int, at::native::direct_copy_kernel_cuda(at::TensorIteratorBase&)::{lambda()#3}::operator()() const::{lambda()#3}::operator()() const::{lambda(int)#1}, std::array<char*, 2ul>, TrivialOffsetCalculator<1, unsigned int>, TrivialOffsetCalculator<1, unsigned int>, at::native::memory::LoadWithCast<1>, at::native::memory::StoreWithCast<1>)",16,operator_shape_matched,"[[45],[45],[]]","[""int"",""long int"",""Scalar""]",null,1,1.6
aten::copy_,"void at::native::unrolled_elementwise_kernel<at::native::direct_copy_kernel_cuda(at::TensorIteratorBase&)::{lambda()#3}::operator()() const::{lambda()#3}::operator()() const::{lambda(int)#1}, std::array<char*, 2ul>, 4, TrivialOffsetCalculator<1, unsigned int>, TrivialOffsetCalculator<1, unsigned int>, at::native::memory::LoadWithCast<1>, at::native::memory::StoreWithCast<1> >(int, at::native::direct_copy_kernel_cuda(at::TensorIteratorBase&)::{lambda()#3}::operator()() const::{lambda()#3}::operator()() const::{lambda(int)#1}, std::array<char*, 2ul>, TrivialOffsetCalculator<1, unsigned int>, TrivialOffsetCalculator<1, unsigned int>, at::native::memory::LoadWithCast<1>, at::native::memory::StoreWithCast<1>)",17,operator_shape_matched,"[[59],[59],[]]","[""int"",""long int"",""Scalar""]",null,1,1.6
aten::copy_,"void at::native::unrolled_elementwise_kernel<at::native::direct_copy_kernel_cuda(at::TensorIteratorBase&)::{lambda()#3}::operator()() const::{lambda()#3}::operator()() const::{lambda(int)#1}, std::array<char*, 2ul>, 4, TrivialOffsetCalculator<1, unsigned int>, TrivialOffsetCalculator<1, unsigned int>, at::native::memory::LoadWithCast<1>, at::native::memory::StoreWithCast<1> >(int, at::native::direct_copy_kernel_cuda(at::TensorIteratorBase&)::{lambda()#3}::operator()() const::{lambda()#3}::operator()() const::{lambda(int)#1}, std::array<char*, 2ul>, TrivialOffsetCalculator<1, unsigned int>, TrivialOffsetCalculator<1, unsigned int>, at::native::memory::LoadWithCast<1>, at::native::memory::StoreWithCast<1>)",18,operator_shape_matched,"[[12],[12],[]]","[""int"",""long int"",""Scalar""]",null,1,1.569
aten::copy_,"void at::native::unrolled_elementwise_kernel<at::native::direct_copy_kernel_cuda(at::TensorIteratorBase&)::{lambda()#3}::operator()() const::{lambda()#3}::operator()() const::{lambda(int)#1}, std::array<char*, 2ul>, 4, TrivialOffsetCalculator<1, unsigned int>, TrivialOffsetCalculator<1, unsigned int>, at::native::memory::LoadWithCast<1>, at::native::memory::StoreWithCast<1> >(int, at::native::direct_copy_kernel_cuda(at::TensorIteratorBase&)::{lambda()#3}::operator()() const::{lambda()#3}::operator()() const::{lambda(int)#1}, std::array<char*, 2ul>, TrivialOffsetCalculator<1, unsigned int>, TrivialOffsetCalculator<1, unsigned int>, at::native::memory::LoadWithCast<1>, at::native::memory::StoreWithCast<1>)",19,operator_shape_matched,"[[21],[21],[]]","[""int"",""long int"",""Scalar""]",null,1,1.568
aten::copy_,"void at::native::unrolled_elementwise_kernel<at::native::direct_copy_kernel_cuda(at::TensorIteratorBase&)::{lambda()#3}::operator()() const::{lambda()#3}::operator()() const::{lambda(int)#1}, std::array<char*, 2ul>, 4, TrivialOffsetCalculator<1, unsigned int>, TrivialOffsetCalculator<1, unsigned int>, at::native::memory::LoadWithCast<1>, at::native::memory::StoreWithCast<1> >(int, at::native::direct_copy_kernel_cuda(at::TensorIteratorBase&)::{lambda()#3}::operator()() const::{lambda()#3}::operator()() const::{lambda(int)#1}, std::array<char*, 2ul>, TrivialOffsetCalculator<1, unsigned int>, TrivialOffsetCalculator<1, unsigned int>, at::native::memory::LoadWithCast<1>, at::native::memory::StoreWithCast<1>)",20,operator_shape_matched,"[[25],[25],[]]","[""int"",""long int"",""Scalar""]",null,1,1.568
aten::copy_,"void at::native::unrolled_elementwise_kernel<at::native::direct_copy_kernel_cuda(at::TensorIteratorBase&)::{lambda()#3}::operator()() const::{lambda()#3}::operator()() const::{lambda(int)#1}, std::array<char*, 2ul>, 4, TrivialOffsetCalculator<1, unsigned int>, TrivialOffsetCalculator<1, unsigned int>, at::native::memory::LoadWithCast<1>, at::native::memory::StoreWithCast<1> >(int, at::native::direct_copy_kernel_cuda(at::TensorIteratorBase&)::{lambda()#3}::operator()() const::{lambda()#3}::operator()() const::{lambda(int)#1}, std::array<char*, 2ul>, TrivialOffsetCalculator<1, unsigned int>, TrivialOffsetCalculator<1, unsigned int>, at::native::memory::LoadWithCast<1>, at::native::memory::StoreWithCast<1>)",21,operator_shape_matched,"[[27],[27],[]]","[""int"",""long int"",""Scalar""]",null,1,1.568
aten::copy_,"void at::native::unrolled_elementwise_kernel<at::native::direct_copy_kernel_cuda(at::TensorIteratorBase&)::{lambda()#3}::operator()() const::{lambda()#3}::operator()() const::{lambda(int)#1}, std::array<char*, 2ul>, 4, TrivialOffsetCalculator<1, unsigned int>, TrivialOffsetCalculator<1, unsigned int>, at::native::memory::LoadWithCast<1>, at::native::memory::StoreWithCast<1> >(int, at::native::direct_copy_kernel_cuda(at::TensorIteratorBase&)::{lambda()#3}::operator()() const::{lambda()#3}::operator()() const::{lambda(int)#1}, std::array<char*, 2ul>, TrivialOffsetCalculator<1, unsigned int>, TrivialOffsetCalculator<1, unsigned int>, at::native::memory::LoadWithCast<1>, at::native::memory::StoreWithCast<1>)",22,operator_shape_matched,"[[43],[43],[]]","[""int"",""long int"",""Scalar""]",null,1,1.568
aten::copy_,"void at::native::unrolled_elementwise_kernel<at::native::direct_copy_kernel_cuda(at::TensorIteratorBase&)::{lambda()#3}::operator()() const::{lambda()#3}::operator()() const::{lambda(int)#1}, std::array<char*, 2ul>, 4, TrivialOffsetCalculator<1, unsigned int>, TrivialOffsetCalculator<1, unsigned int>, at::native::memory::LoadWithCast<1>, at::native::memory::StoreWithCast<1> >(int, at::native::direct_copy_kernel_cuda(at::TensorIteratorBase&)::{lambda()#3}::operator()() const::{lambda()#3}::operator()() const::{lambda(int)#1}, std::array<char*, 2ul>, TrivialOffsetCalculator<1, unsigned int>, TrivialOffsetCalculator<1, unsigned int>, at::native::memory::LoadWithCast<1>, at::native::memory::StoreWithCast<1>)",23,operator_shape_matched,"[[32],[32],[]]","[""int"",""long int"",""Scalar""]",null,1,1.536
aten::copy_,"void at::native::unrolled_elementwise_kernel<at::native::direct_copy_kernel_cuda(at::TensorIteratorBase&)::{lambda()#3}::operator()() const::{lambda()#3}::operator()() const::{lambda(int)#1}, std::array<char*, 2ul>, 4, TrivialOffsetCalculator<1, unsigned int>, TrivialOffsetCalculator<1, unsigned int>, at::native::memory::LoadWithCast<1>, at::native::memory::StoreWithCast<1> >(int, at::native::direct_copy_kernel_cuda(at::TensorIteratorBase&)::{lambda()#3}::operator()() const::{lambda()#3}::operator()() const::{lambda(int)#1}, std::array<char*, 2ul>, TrivialOffsetCalculator<1, unsigned int>, TrivialOffsetCalculator<1, unsigned int>, at::native::memory::LoadWithCast<1>, at::native::memory::StoreWithCast<1>)",24,operator_shape_matched,"[[33],[33],[]]","[""int"",""long int"",""Scalar""]",null,1,1.536
aten::copy_,"void at::native::unrolled_elementwise_kernel<at::native::direct_copy_kernel_cuda(at::TensorIteratorBase&)::{lambda()#3}::operator()() const::{lambda()#3}::operator()() const::{lambda(int)#1}, std::array<char*, 2ul>, 4, TrivialOffsetCalculator<1, unsigned int>, TrivialOffsetCalculator<1, unsigned int>, at::native::memory::LoadWithCast<1>, at::native::memory::StoreWithCast<1> >(int, at::native::direct_copy_kernel_cuda(at::TensorIteratorBase&)::{lambda()#3}::operator()() const::{lambda()#3}::operator()() const::{lambda(int)#1}, std::array<char*, 2ul>, TrivialOffsetCalculator<1, unsigned int>, TrivialOffsetCalculator<1, unsigned int>, at::native::memory::LoadWithCast<1>, at::native::memory::StoreWithCast<1>)",25,operator_shape_matched,"[[35],[35],[]]","[""int"",""long int"",""Scalar""]",null,1,1.536
aten::copy_,"void at::native::unrolled_elementwise_kernel<at::native::direct_copy_kernel_cuda(at::TensorIteratorBase&)::{lambda()#3}::operator()() const::{lambda()#3}::operator()() const::{lambda(int)#1}, std::array<char*, 2ul>, 4, TrivialOffsetCalculator<1, unsigned int>, TrivialOffsetCalculator<1, unsigned int>, at::native::memory::LoadWithCast<1>, at::native::memory::StoreWithCast<1> >(int, at::native::direct_copy_kernel_cuda(at::TensorIteratorBase&)::{lambda()#3}::operator()() const::{lambda()#3}::operator()() const::{lambda(int)#1}, std::array<char*, 2ul>, TrivialOffsetCalculator<1, unsigned int>, TrivialOffsetCalculator<1, unsigned int>, at::native::memory::LoadWithCast<1>, at::native::memory::StoreWithCast<1>)",26,operator_shape_matched,"[[51],[51],[]]","[""int"",""long int"",""Scalar""]",null,1,1.536
aten::copy_,"void at::native::unrolled_elementwise_kernel<at::native::direct_copy_kernel_cuda(at::TensorIteratorBase&)::{lambda()#3}::operator()() const::{lambda()#3}::operator()() const::{lambda(int)#1}, std::array<char*, 2ul>, 4, TrivialOffsetCalculator<1, unsigned int>, TrivialOffsetCalculator<1, unsigned int>, at::native::memory::LoadWithCast<1>, at::native::memory::StoreWithCast<1> >(int, at::native::direct_copy_kernel_cuda(at::TensorIteratorBase&)::{lambda()#3}::operator()() const::{lambda()#3}::operator()() const::{lambda(int)#1}, std::array<char*, 2ul>, TrivialOffsetCalculator<1, unsigned int>, TrivialOffsetCalculator<1, unsigned int>, at::native::memory::LoadWithCast<1>, at::native::memory::StoreWithCast<1>)",27,operator_shape_matched,"[[22],[22],[]]","[""int"",""long int"",""Scalar""]",null,1,1.535
aten::copy_,"void at::native::unrolled_elementwise_kernel<at::native::direct_copy_kernel_cuda(at::TensorIteratorBase&)::{lambda()#3}::operator()() const::{lambda()#3}::operator()() const::{lambda(int)#1}, std::array<char*, 2ul>, 4, TrivialOffsetCalculator<1, unsigned int>, TrivialOffsetCalculator<1, unsigned int>, at::native::memory::LoadWithCast<1>, at::native::memory::StoreWithCast<1> >(int, at::native::direct_copy_kernel_cuda(at::TensorIteratorBase&)::{lambda()#3}::operator()() const::{lambda()#3}::operator()() const::{lambda(int)#1}, std::array<char*, 2ul>, TrivialOffsetCalculator<1, unsigned int>, TrivialOffsetCalculator<1, unsigned int>, at::native::memory::LoadWithCast<1>, at::native::memory::StoreWithCast<1>)",28,operator_shape_matched,"[[47],[47],[]]","[""int"",""long int"",""Scalar""]",null,1,1.535
aten::copy_,"void at::native::unrolled_elementwise_kernel<at::native::direct_copy_kernel_cuda(at::TensorIteratorBase&)::{lambda()#3}::operator()() const::{lambda()#3}::operator()() const::{lambda(int)#1}, std::array<char*, 2ul>, 4, TrivialOffsetCalculator<1, unsigned int>, TrivialOffsetCalculator<1, unsigned int>, at::native::memory::LoadWithCast<1>, at::native::memory::StoreWithCast<1> >(int, at::native::direct_copy_kernel_cuda(at::TensorIteratorBase&)::{lambda()#3}::operator()() const::{lambda()#3}::operator()() const::{lambda(int)#1}, std::array<char*, 2ul>, TrivialOffsetCalculator<1, unsigned int>, TrivialOffsetCalculator<1, unsigned int>, at::native::memory::LoadWithCast<1>, at::native::memory::StoreWithCast<1>)",29,operator_shape_matched,"[[49],[49],[]]","[""int"",""long int"",""Scalar""]",null,1,1.535
aten::copy_,"void at::native::unrolled_elementwise_kernel<at::native::direct_copy_kernel_cuda(at::TensorIteratorBase&)::{lambda()#3}::operator()() const::{lambda()#3}::operator()() const::{lambda(int)#1}, std::array<char*, 2ul>, 4, TrivialOffsetCalculator<1, unsigned int>, TrivialOffsetCalculator<1, unsigned int>, at::native::memory::LoadWithCast<1>, at::native::memory::StoreWithCast<1> >(int, at::native::direct_copy_kernel_cuda(at::TensorIteratorBase&)::{lambda()#3}::operator()() const::{lambda()#3}::operator()() const::{lambda(int)#1}, std::array<char*, 2ul>, TrivialOffsetCalculator<1, unsigned int>, TrivialOffsetCalculator<1, unsigned int>, at::native::memory::LoadWithCast<1>, at::native::memory::StoreWithCast<1>)",30,operator_shape_matched,"[[7],[7],[]]","[""int"",""long int"",""Scalar""]",null,1,1.535
aten::copy_,"void at::native::unrolled_elementwise_kernel<at::native::direct_copy_kernel_cuda(at::TensorIteratorBase&)::{lambda()#3}::operator()() const::{lambda()#3}::operator()() const::{lambda(int)#1}, std::array<char*, 2ul>, 4, TrivialOffsetCalculator<1, unsigned int>, TrivialOffsetCalculator<1, unsigned int>, at::native::memory::LoadWithCast<1>, at::native::memory::StoreWithCast<1> >(int, at::native::direct_copy_kernel_cuda(at::TensorIteratorBase&)::{lambda()#3}::operator()() const::{lambda()#3}::operator()() const::{lambda(int)#1}, std::array<char*, 2ul>, TrivialOffsetCalculator<1, unsigned int>, TrivialOffsetCalculator<1, unsigned int>, at::native::memory::LoadWithCast<1>, at::native::memory::StoreWithCast<1>)",31,operator_shape_matched,"[[60],[60],[]]","[""int"",""long int"",""Scalar""]",null,1,1.505
aten::copy_,"void at::native::unrolled_elementwise_kernel<at::native::direct_copy_kernel_cuda(at::TensorIteratorBase&)::{lambda()#3}::operator()() const::{lambda()#3}::operator()() const::{lambda(int)#1}, std::array<char*, 2ul>, 4, TrivialOffsetCalculator<1, unsigned int>, TrivialOffsetCalculator<1, unsigned int>, at::native::memory::LoadWithCast<1>, at::native::memory::StoreWithCast<1> >(int, at::native::direct_copy_kernel_cuda(at::TensorIteratorBase&)::{lambda()#3}::operator()() const::{lambda()#3}::operator()() const::{lambda(int)#1}, std::array<char*, 2ul>, TrivialOffsetCalculator<1, unsigned int>, TrivialOffsetCalculator<1, unsigned int>, at::native::memory::LoadWithCast<1>, at::native::memory::StoreWithCast<1>)",32,operator_shape_matched,"[[10],[10],[]]","[""int"",""long int"",""Scalar""]",null,1,1.504
aten::copy_,"void at::native::unrolled_elementwise_kernel<at::native::direct_copy_kernel_cuda(at::TensorIteratorBase&)::{lambda()#3}::operator()() const::{lambda()#3}::operator()() const::{lambda(int)#1}, std::array<char*, 2ul>, 4, TrivialOffsetCalculator<1, unsigned int>, TrivialOffsetCalculator<1, unsigned int>, at::native::memory::LoadWithCast<1>, at::native::memory::StoreWithCast<1> >(int, at::native::direct_copy_kernel_cuda(at::TensorIteratorBase&)::{lambda()#3}::operator()() const::{lambda()#3}::operator()() const::{lambda(int)#1}, std::array<char*, 2ul>, TrivialOffsetCalculator<1, unsigned int>, TrivialOffsetCalculator<1, unsigned int>, at::native::memory::LoadWithCast<1>, at::native::memory::StoreWithCast<1>)",33,operator_shape_matched,"[[19],[19],[]]","[""int"",""long int"",""Scalar""]",null,1,1.504
aten::copy_,"void at::native::unrolled_elementwise_kernel<at::native::direct_copy_kernel_cuda(at::TensorIteratorBase&)::{lambda()#3}::operator()() const::{lambda()#3}::operator()() const::{lambda(int)#1}, std::array<char*, 2ul>, 4, TrivialOffsetCalculator<1, unsigned int>, TrivialOffsetCalculator<1, unsigned int>, at::native::memory::LoadWithCast<1>, at::native::memory::StoreWithCast<1> >(int, at::native::direct_copy_kernel_cuda(at::TensorIteratorBase&)::{lambda()#3}::operator()() const::{lambda()#3}::operator()() const::{lambda(int)#1}, std::array<char*, 2ul>, TrivialOffsetCalculator<1, unsigned int>, TrivialOffsetCalculator<1, unsigned int>, at::native::memory::LoadWithCast<1>, at::native::memory::StoreWithCast<1>)",34,operator_shape_matched,"[[20],[20],[]]","[""int"",""long int"",""Scalar""]",null,1,1.504
aten::copy_,"void at::native::unrolled_elementwise_kernel<at::native::direct_copy_kernel_cuda(at::TensorIteratorBase&)::{lambda()#3}::operator()() const::{lambda()#3}::operator()() const::{lambda(int)#1}, std::array<char*, 2ul>, 4, TrivialOffsetCalculator<1, unsigned int>, TrivialOffsetCalculator<1, unsigned int>, at::native::memory::LoadWithCast<1>, at::native::memory::StoreWithCast<1> >(int, at::native::direct_copy_kernel_cuda(at::TensorIteratorBase&)::{lambda()#3}::operator()() const::{lambda()#3}::operator()() const::{lambda(int)#1}, std::array<char*, 2ul>, TrivialOffsetCalculator<1, unsigned int>, TrivialOffsetCalculator<1, unsigned int>, at::native::memory::LoadWithCast<1>, at::native::memory::StoreWithCast<1>)",35,operator_shape_matched,"[[28],[28],[]]","[""int"",""long int"",""Scalar""]",null,1,1.504
aten::copy_,"void at::native::unrolled_elementwise_kernel<at::native::direct_copy_kernel_cuda(at::TensorIteratorBase&)::{lambda()#3}::operator()() const::{lambda()#3}::operator()() const::{lambda(int)#1}, std::array<char*, 2ul>, 4, TrivialOffsetCalculator<1, unsigned int>, TrivialOffsetCalculator<1, unsigned int>, at::native::memory::LoadWithCast<1>, at::native::memory::StoreWithCast<1> >(int, at::native::direct_copy_kernel_cuda(at::TensorIteratorBase&)::{lambda()#3}::operator()() const::{lambda()#3}::operator()() const::{lambda(int)#1}, std::array<char*, 2ul>, TrivialOffsetCalculator<1, unsigned int>, TrivialOffsetCalculator<1, unsigned int>, at::native::memory::LoadWithCast<1>, at::native::memory::StoreWithCast<1>)",36,operator_shape_matched,"[[29],[29],[]]","[""int"",""long int"",""Scalar""]",null,1,1.504
aten::copy_,"void at::native::unrolled_elementwise_kernel<at::native::direct_copy_kernel_cuda(at::TensorIteratorBase&)::{lambda()#3}::operator()() const::{lambda()#3}::operator()() const::{lambda(int)#1}, std::array<char*, 2ul>, 4, TrivialOffsetCalculator<1, unsigned int>, TrivialOffsetCalculator<1, unsigned int>, at::native::memory::LoadWithCast<1>, at::native::memory::StoreWithCast<1> >(int, at::native::direct_copy_kernel_cuda(at::TensorIteratorBase&)::{lambda()#3}::operator()() const::{lambda()#3}::operator()() const::{lambda(int)#1}, std::array<char*, 2ul>, TrivialOffsetCalculator<1, unsigned int>, TrivialOffsetCalculator<1, unsigned int>, at::native::memory::LoadWithCast<1>, at::native::memory::StoreWithCast<1>)",37,operator_shape_matched,"[[38],[38],[]]","[""int"",""long int"",""Scalar""]",null,1,1.504
aten::copy_,"void at::native::unrolled_elementwise_kernel<at::native::direct_copy_kernel_cuda(at::TensorIteratorBase&)::{lambda()#3}::operator()() const::{lambda()#3}::operator()() const::{lambda(int)#1}, std::array<char*, 2ul>, 4, TrivialOffsetCalculator<1, unsigned int>, TrivialOffsetCalculator<1, unsigned int>, at::native::memory::LoadWithCast<1>, at::native::memory::StoreWithCast<1> >(int, at::native::direct_copy_kernel_cuda(at::TensorIteratorBase&)::{lambda()#3}::operator()() const::{lambda()#3}::operator()() const::{lambda(int)#1}, std::array<char*, 2ul>, TrivialOffsetCalculator<1, unsigned int>, TrivialOffsetCalculator<1, unsigned int>, at::native::memory::LoadWithCast<1>, at::native::memory::StoreWithCast<1>)",38,operator_shape_matched,"[[42],[42],[]]","[""int"",""long int"",""Scalar""]",null,1,1.504
aten::copy_,"void at::native::unrolled_elementwise_kernel<at::native::direct_copy_kernel_cuda(at::TensorIteratorBase&)::{lambda()#3}::operator()() const::{lambda()#3}::operator()() const::{lambda(int)#1}, std::array<char*, 2ul>, 4, TrivialOffsetCalculator<1, unsigned int>, TrivialOffsetCalculator<1, unsigned int>, at::native::memory::LoadWithCast<1>, at::native::memory::StoreWithCast<1> >(int, at::native::direct_copy_kernel_cuda(at::TensorIteratorBase&)::{lambda()#3}::operator()() const::{lambda()#3}::operator()() const::{lambda(int)#1}, std::array<char*, 2ul>, TrivialOffsetCalculator<1, unsigned int>, TrivialOffsetCalculator<1, unsigned int>, at::native::memory::LoadWithCast<1>, at::native::memory::StoreWithCast<1>)",39,operator_shape_matched,"[[46],[46],[]]","[""int"",""long int"",""Scalar""]",null,1,1.504
aten::copy_,"void at::native::unrolled_elementwise_kernel<at::native::direct_copy_kernel_cuda(at::TensorIteratorBase&)::{lambda()#3}::operator()() const::{lambda()#3}::operator()() const::{lambda(int)#1}, std::array<char*, 2ul>, 4, TrivialOffsetCalculator<1, unsigned int>, TrivialOffsetCalculator<1, unsigned int>, at::native::memory::LoadWithCast<1>, at::native::memory::StoreWithCast<1> >(int, at::native::direct_copy_kernel_cuda(at::TensorIteratorBase&)::{lambda()#3}::operator()() const::{lambda()#3}::operator()() const::{lambda(int)#1}, std::array<char*, 2ul>, TrivialOffsetCalculator<1, unsigned int>, TrivialOffsetCalculator<1, unsigned int>, at::native::memory::LoadWithCast<1>, at::native::memory::StoreWithCast<1>)",40,operator_shape_matched,"[[54],[54],[]]","[""int"",""long int"",""Scalar""]",null,1,1.504
aten::copy_,"void at::native::unrolled_elementwise_kernel<at::native::direct_copy_kernel_cuda(at::TensorIteratorBase&)::{lambda()#3}::operator()() const::{lambda()#3}::operator()() const::{lambda(int)#1}, std::array<char*, 2ul>, 4, TrivialOffsetCalculator<1, unsigned int>, TrivialOffsetCalculator<1, unsigned int>, at::native::memory::LoadWithCast<1>, at::native::memory::StoreWithCast<1> >(int, at::native::direct_copy_kernel_cuda(at::TensorIteratorBase&)::{lambda()#3}::operator()() const::{lambda()#3}::operator()() const::{lambda(int)#1}, std::array<char*, 2ul>, TrivialOffsetCalculator<1, unsigned int>, TrivialOffsetCalculator<1, unsigned int>, at::native::memory::LoadWithCast<1>, at::native::memory::StoreWithCast<1>)",41,operator_shape_matched,"[[55],[55],[]]","[""int"",""long int"",""Scalar""]",null,1,1.504
aten::copy_,"void at::native::unrolled_elementwise_kernel<at::native::direct_copy_kernel_cuda(at::TensorIteratorBase&)::{lambda()#3}::operator()() const::{lambda()#3}::operator()() const::{lambda(int)#1}, std::array<char*, 2ul>, 4, TrivialOffsetCalculator<1, unsigned int>, TrivialOffsetCalculator<1, unsigned int>, at::native::memory::LoadWithCast<1>, at::native::memory::StoreWithCast<1> >(int, at::native::direct_copy_kernel_cuda(at::TensorIteratorBase&)::{lambda()#3}::operator()() const::{lambda()#3}::operator()() const::{lambda(int)#1}, std::array<char*, 2ul>, TrivialOffsetCalculator<1, unsigned int>, TrivialOffsetCalculator<1, unsigned int>, at::native::memory::LoadWithCast<1>, at::native::memory::StoreWithCast<1>)",42,operator_shape_matched,"[[56],[56],[]]","[""int"",""long int"",""Scalar""]",null,1,1.504
aten::copy_,"void at::native::unrolled_elementwise_kernel<at::native::direct_copy_kernel_cuda(at::TensorIteratorBase&)::{lambda()#3}::operator()() const::{lambda()#3}::operator()() const::{lambda(int)#1}, std::array<char*, 2ul>, 4, TrivialOffsetCalculator<1, unsigned int>, TrivialOffsetCalculator<1, unsigned int>, at::native::memory::LoadWithCast<1>, at::native::memory::StoreWithCast<1> >(int, at::native::direct_copy_kernel_cuda(at::TensorIteratorBase&)::{lambda()#3}::operator()() const::{lambda()#3}::operator()() const::{lambda(int)#1}, std::array<char*, 2ul>, TrivialOffsetCalculator<1, unsigned int>, TrivialOffsetCalculator<1, unsigned int>, at::native::memory::LoadWithCast<1>, at::native::memory::StoreWithCast<1>)",43,operator_shape_matched,"[[9],[9],[]]","[""int"",""long int"",""Scalar""]",null,1,1.504
aten::copy_,"void at::native::unrolled_elementwise_kernel<at::native::direct_copy_kernel_cuda(at::TensorIteratorBase&)::{lambda()#3}::operator()() const::{lambda()#3}::operator()() const::{lambda(int)#1}, std::array<char*, 2ul>, 4, TrivialOffsetCalculator<1, unsigned int>, TrivialOffsetCalculator<1, unsigned int>, at::native::memory::LoadWithCast<1>, at::native::memory::StoreWithCast<1> >(int, at::native::direct_copy_kernel_cuda(at::TensorIteratorBase&)::{lambda()#3}::operator()() const::{lambda()#3}::operator()() const::{lambda(int)#1}, std::array<char*, 2ul>, TrivialOffsetCalculator<1, unsigned int>, TrivialOffsetCalculator<1, unsigned int>, at::native::memory::LoadWithCast<1>, at::native::memory::StoreWithCast<1>)",44,operator_shape_matched,"[[17],[17],[]]","[""int"",""long int"",""Scalar""]",null,1,1.503
aten::copy_,"void at::native::unrolled_elementwise_kernel<at::native::direct_copy_kernel_cuda(at::TensorIteratorBase&)::{lambda()#3}::operator()() const::{lambda()#3}::operator()() const::{lambda(int)#1}, std::array<char*, 2ul>, 4, TrivialOffsetCalculator<1, unsigned int>, TrivialOffsetCalculator<1, unsigned int>, at::native::memory::LoadWithCast<1>, at::native::memory::StoreWithCast<1> >(int, at::native::direct_copy_kernel_cuda(at::TensorIteratorBase&)::{lambda()#3}::operator()() const::{lambda()#3}::operator()() const::{lambda(int)#1}, std::array<char*, 2ul>, TrivialOffsetCalculator<1, unsigned int>, TrivialOffsetCalculator<1, unsigned int>, at::native::memory::LoadWithCast<1>, at::native::memory::StoreWithCast<1>)",45,operator_shape_matched,"[[31],[31],[]]","[""int"",""long int"",""Scalar""]",null,1,1.503
aten::copy_,"void at::native::unrolled_elementwise_kernel<at::native::direct_copy_kernel_cuda(at::TensorIteratorBase&)::{lambda()#3}::operator()() const::{lambda()#3}::operator()() const::{lambda(int)#1}, std::array<char*, 2ul>, 4, TrivialOffsetCalculator<1, unsigned int>, TrivialOffsetCalculator<1, unsigned int>, at::native::memory::LoadWithCast<1>, at::native::memory::StoreWithCast<1> >(int, at::native::direct_copy_kernel_cuda(at::TensorIteratorBase&)::{lambda()#3}::operator()() const::{lambda()#3}::operator()() const::{lambda(int)#1}, std::array<char*, 2ul>, TrivialOffsetCalculator<1, unsigned int>, TrivialOffsetCalculator<1, unsigned int>, at::native::memory::LoadWithCast<1>, at::native::memory::StoreWithCast<1>)",46,operator_shape_matched,"[[44],[44],[]]","[""int"",""long int"",""Scalar""]",null,1,1.473
aten::copy_,"void at::native::unrolled_elementwise_kernel<at::native::direct_copy_kernel_cuda(at::TensorIteratorBase&)::{lambda()#3}::operator()() const::{lambda()#3}::operator()() const::{lambda(int)#1}, std::array<char*, 2ul>, 4, TrivialOffsetCalculator<1, unsigned int>, TrivialOffsetCalculator<1, unsigned int>, at::native::memory::LoadWithCast<1>, at::native::memory::StoreWithCast<1> >(int, at::native::direct_copy_kernel_cuda(at::TensorIteratorBase&)::{lambda()#3}::operator()() const::{lambda()#3}::operator()() const::{lambda(int)#1}, std::array<char*, 2ul>, TrivialOffsetCalculator<1, unsigned int>, TrivialOffsetCalculator<1, unsigned int>, at::native::memory::LoadWithCast<1>, at::native::memory::StoreWithCast<1>)",47,operator_shape_matched,"[[5],[5],[]]","[""int"",""long int"",""Scalar""]",null,1,1.473
aten::copy_,"void at::native::unrolled_elementwise_kernel<at::native::direct_copy_kernel_cuda(at::TensorIteratorBase&)::{lambda()#3}::operator()() const::{lambda()#3}::operator()() const::{lambda(int)#1}, std::array<char*, 2ul>, 4, TrivialOffsetCalculator<1, unsigned int>, TrivialOffsetCalculator<1, unsigned int>, at::native::memory::LoadWithCast<1>, at::native::memory::StoreWithCast<1> >(int, at::native::direct_copy_kernel_cuda(at::TensorIteratorBase&)::{lambda()#3}::operator()() const::{lambda()#3}::operator()() const::{lambda(int)#1}, std::array<char*, 2ul>, TrivialOffsetCalculator<1, unsigned int>, TrivialOffsetCalculator<1, unsigned int>, at::native::memory::LoadWithCast<1>, at::native::memory::StoreWithCast<1>)",48,operator_shape_matched,"[[13],[13],[]]","[""int"",""long int"",""Scalar""]",null,1,1.472
aten::copy_,"void at::native::unrolled_elementwise_kernel<at::native::direct_copy_kernel_cuda(at::TensorIteratorBase&)::{lambda()#3}::operator()() const::{lambda()#3}::operator()() const::{lambda(int)#1}, std::array<char*, 2ul>, 4, TrivialOffsetCalculator<1, unsigned int>, TrivialOffsetCalculator<1, unsigned int>, at::native::memory::LoadWithCast<1>, at::native::memory::StoreWithCast<1> >(int, at::native::direct_copy_kernel_cuda(at::TensorIteratorBase&)::{lambda()#3}::operator()() const::{lambda()#3}::operator()() const::{lambda(int)#1}, std::array<char*, 2ul>, TrivialOffsetCalculator<1, unsigned int>, TrivialOffsetCalculator<1, unsigned int>, at::native::memory::LoadWithCast<1>, at::native::memory::StoreWithCast<1>)",49,operator_shape_matched,"[[14],[14],[]]","[""int"",""long int"",""Scalar""]",null,1,1.472
aten::copy_,"void at::native::unrolled_elementwise_kernel<at::native::direct_copy_kernel_cuda(at::TensorIteratorBase&)::{lambda()#3}::operator()() const::{lambda()#3}::operator()() const::{lambda(int)#1}, std::array<char*, 2ul>, 4, TrivialOffsetCalculator<1, unsigned int>, TrivialOffsetCalculator<1, unsigned int>, at::native::memory::LoadWithCast<1>, at::native::memory::StoreWithCast<1> >(int, at::native::direct_copy_kernel_cuda(at::TensorIteratorBase&)::{lambda()#3}::operator()() const::{lambda()#3}::operator()() const::{lambda(int)#1}, std::array<char*, 2ul>, TrivialOffsetCalculator<1, unsigned int>, TrivialOffsetCalculator<1, unsigned int>, at::native::memory::LoadWithCast<1>, at::native::memory::StoreWithCast<1>)",50,operator_shape_matched,"[[18],[18],[]]","[""int"",""long int"",""Scalar""]",null,1,1.472
aten::copy_,"void at::native::unrolled_elementwise_kernel<at::native::direct_copy_kernel_cuda(at::TensorIteratorBase&)::{lambda()#3}::operator()() const::{lambda()#3}::operator()() const::{lambda(int)#1}, std::array<char*, 2ul>, 4, TrivialOffsetCalculator<1, unsigned int>, TrivialOffsetCalculator<1, unsigned int>, at::native::memory::LoadWithCast<1>, at::native::memory::StoreWithCast<1> >(int, at::native::direct_copy_kernel_cuda(at::TensorIteratorBase&)::{lambda()#3}::operator()() const::{lambda()#3}::operator()() const::{lambda(int)#1}, std::array<char*, 2ul>, TrivialOffsetCalculator<1, unsigned int>, TrivialOffsetCalculator<1, unsigned int>, at::native::memory::LoadWithCast<1>, at::native::memory::StoreWithCast<1>)",51,operator_shape_matched,"[[30],[30],[]]","[""int"",""long int"",""Scalar""]",null,1,1.472
aten::copy_,"void at::native::unrolled_elementwise_kernel<at::native::direct_copy_kernel_cuda(at::TensorIteratorBase&)::{lambda()#3}::operator()() const::{lambda()#3}::operator()() const::{lambda(int)#1}, std::array<char*, 2ul>, 4, TrivialOffsetCalculator<1, unsigned int>, TrivialOffsetCalculator<1, unsigned int>, at::native::memory::LoadWithCast<1>, at::native::memory::StoreWithCast<1> >(int, at::native::direct_copy_kernel_cuda(at::TensorIteratorBase&)::{lambda()#3}::operator()() const::{lambda()#3}::operator()() const::{lambda(int)#1}, std::array<char*, 2ul>, TrivialOffsetCalculator<1, unsigned int>, TrivialOffsetCalculator<1, unsigned int>, at::native::memory::LoadWithCast<1>, at::native::memory::StoreWithCast<1>)",52,operator_shape_matched,"[[37],[37],[]]","[""int"",""long int"",""Scalar""]",null,1,1.472
aten::copy_,"void at::native::unrolled_elementwise_kernel<at::native::direct_copy_kernel_cuda(at::TensorIteratorBase&)::{lambda()#3}::operator()() const::{lambda()#3}::operator()() const::{lambda(int)#1}, std::array<char*, 2ul>, 4, TrivialOffsetCalculator<1, unsigned int>, TrivialOffsetCalculator<1, unsigned int>, at::native::memory::LoadWithCast<1>, at::native::memory::StoreWithCast<1> >(int, at::native::direct_copy_kernel_cuda(at::TensorIteratorBase&)::{lambda()#3}::operator()() const::{lambda()#3}::operator()() const::{lambda(int)#1}, std::array<char*, 2ul>, TrivialOffsetCalculator<1, unsigned int>, TrivialOffsetCalculator<1, unsigned int>, at::native::memory::LoadWithCast<1>, at::native::memory::StoreWithCast<1>)",53,operator_shape_matched,"[[39],[39],[]]","[""int"",""long int"",""Scalar""]",null,1,1.472
aten::copy_,"void at::native::unrolled_elementwise_kernel<at::native::direct_copy_kernel_cuda(at::TensorIteratorBase&)::{lambda()#3}::operator()() const::{lambda()#3}::operator()() const::{lambda(int)#1}, std::array<char*, 2ul>, 4, TrivialOffsetCalculator<1, unsigned int>, TrivialOffsetCalculator<1, unsigned int>, at::native::memory::LoadWithCast<1>, at::native::memory::StoreWithCast<1> >(int, at::native::direct_copy_kernel_cuda(at::TensorIteratorBase&)::{lambda()#3}::operator()() const::{lambda()#3}::operator()() const::{lambda(int)#1}, std::array<char*, 2ul>, TrivialOffsetCalculator<1, unsigned int>, TrivialOffsetCalculator<1, unsigned int>, at::native::memory::LoadWithCast<1>, at::native::memory::StoreWithCast<1>)",54,operator_shape_matched,"[[3],[3],[]]","[""int"",""long int"",""Scalar""]",null,1,1.472
aten::copy_,"void at::native::unrolled_elementwise_kernel<at::native::direct_copy_kernel_cuda(at::TensorIteratorBase&)::{lambda()#3}::operator()() const::{lambda()#3}::operator()() const::{lambda(int)#1}, std::array<char*, 2ul>, 4, TrivialOffsetCalculator<1, unsigned int>, TrivialOffsetCalculator<1, unsigned int>, at::native::memory::LoadWithCast<1>, at::native::memory::StoreWithCast<1> >(int, at::native::direct_copy_kernel_cuda(at::TensorIteratorBase&)::{lambda()#3}::operator()() const::{lambda()#3}::operator()() const::{lambda(int)#1}, std::array<char*, 2ul>, TrivialOffsetCalculator<1, unsigned int>, TrivialOffsetCalculator<1, unsigned int>, at::native::memory::LoadWithCast<1>, at::native::memory::StoreWithCast<1>)",55,operator_shape_matched,"[[11],[11],[]]","[""int"",""long int"",""Scalar""]",null,1,1.44
aten::copy_,"void at::native::unrolled_elementwise_kernel<at::native::direct_copy_kernel_cuda(at::TensorIteratorBase&)::{lambda()#3}::operator()() const::{lambda()#3}::operator()() const::{lambda(int)#1}, std::array<char*, 2ul>, 4, TrivialOffsetCalculator<1, unsigned int>, TrivialOffsetCalculator<1, unsigned int>, at::native::memory::LoadWithCast<1>, at::native::memory::StoreWithCast<1> >(int, at::native::direct_copy_kernel_cuda(at::TensorIteratorBase&)::{lambda()#3}::operator()() const::{lambda()#3}::operator()() const::{lambda(int)#1}, std::array<char*, 2ul>, TrivialOffsetCalculator<1, unsigned int>, TrivialOffsetCalculator<1, unsigned int>, at::native::memory::LoadWithCast<1>, at::native::memory::StoreWithCast<1>)",56,operator_shape_matched,"[[15],[15],[]]","[""int"",""long int"",""Scalar""]",null,1,1.44
aten::copy_,"void at::native::unrolled_elementwise_kernel<at::native::direct_copy_kernel_cuda(at::TensorIteratorBase&)::{lambda()#3}::operator()() const::{lambda()#3}::operator()() const::{lambda(int)#1}, std::array<char*, 2ul>, 4, TrivialOffsetCalculator<1, unsigned int>, TrivialOffsetCalculator<1, unsigned int>, at::native::memory::LoadWithCast<1>, at::native::memory::StoreWithCast<1> >(int, at::native::direct_copy_kernel_cuda(at::TensorIteratorBase&)::{lambda()#3}::operator()() const::{lambda()#3}::operator()() const::{lambda(int)#1}, std::array<char*, 2ul>, TrivialOffsetCalculator<1, unsigned int>, TrivialOffsetCalculator<1, unsigned int>, at::native::memory::LoadWithCast<1>, at::native::memory::StoreWithCast<1>)",57,operator_shape_matched,"[[2],[2],[]]","[""int"",""long int"",""Scalar""]",null,1,1.44
aten::copy_,"void at::native::unrolled_elementwise_kernel<at::native::direct_copy_kernel_cuda(at::TensorIteratorBase&)::{lambda()#3}::operator()() const::{lambda()#3}::operator()() const::{lambda(int)#1}, std::array<char*, 2ul>, 4, TrivialOffsetCalculator<1, unsigned int>, TrivialOffsetCalculator<1, unsigned int>, at::native::memory::LoadWithCast<1>, at::native::memory::StoreWithCast<1> >(int, at::native::direct_copy_kernel_cuda(at::TensorIteratorBase&)::{lambda()#3}::operator()() const::{lambda()#3}::operator()() const::{lambda(int)#1}, std::array<char*, 2ul>, TrivialOffsetCalculator<1, unsigned int>, TrivialOffsetCalculator<1, unsigned int>, at::native::memory::LoadWithCast<1>, at::native::memory::StoreWithCast<1>)",58,operator_shape_matched,"[[8],[8],[]]","[""int"",""long int"",""Scalar""]",null,1,1.409
aten::copy_,"void at::native::unrolled_elementwise_kernel<at::native::direct_copy_kernel_cuda(at::TensorIteratorBase&)::{lambda()#3}::operator()() const::{lambda()#3}::operator()() const::{lambda(int)#1}, std::array<char*, 2ul>, 4, TrivialOffsetCalculator<1, unsigned int>, TrivialOffsetCalculator<1, unsigned int>, at::native::memory::LoadWithCast<1>, at::native::memory::StoreWithCast<1> >(int, at::native::direct_copy_kernel_cuda(at::TensorIteratorBase&)::{lambda()#3}::operator()() const::{lambda()#3}::operator()() const::{lambda(int)#1}, std::array<char*, 2ul>, TrivialOffsetCalculator<1, unsigned int>, TrivialOffsetCalculator<1, unsigned int>, at::native::memory::LoadWithCast<1>, at::native::memory::StoreWithCast<1>)",59,operator_shape_matched,"[[36],[36],[]]","[""int"",""long int"",""Scalar""]",null,1,1.408
aten::copy_,"void at::native::unrolled_elementwise_kernel<at::native::direct_copy_kernel_cuda(at::TensorIteratorBase&)::{lambda()#3}::operator()() const::{lambda()#3}::operator()() const::{lambda(int)#1}, std::array<char*, 2ul>, 4, TrivialOffsetCalculator<1, unsigned int>, TrivialOffsetCalculator<1, unsigned int>, at::native::memory::LoadWithCast<1>, at::native::memory::StoreWithCast<1> >(int, at::native::direct_copy_kernel_cuda(at::TensorIteratorBase&)::{lambda()#3}::operator()() const::{lambda()#3}::operator()() const::{lambda(int)#1}, std::array<char*, 2ul>, TrivialOffsetCalculator<1, unsigned int>, TrivialOffsetCalculator<1, unsigned int>, at::native::memory::LoadWithCast<1>, at::native::memory::StoreWithCast<1>)",60,operator_shape_matched,"[[40],[40],[]]","[""int"",""long int"",""Scalar""]",null,1,1.408
aten::copy_,"void at::native::unrolled_elementwise_kernel<at::native::direct_copy_kernel_cuda(at::TensorIteratorBase&)::{lambda()#3}::operator()() const::{lambda()#3}::operator()() const::{lambda(int)#1}, std::array<char*, 2ul>, 4, TrivialOffsetCalculator<1, unsigned int>, TrivialOffsetCalculator<1, unsigned int>, at::native::memory::LoadWithCast<1>, at::native::memory::StoreWithCast<1> >(int, at::native::direct_copy_kernel_cuda(at::TensorIteratorBase&)::{lambda()#3}::operator()() const::{lambda()#3}::operator()() const::{lambda(int)#1}, std::array<char*, 2ul>, TrivialOffsetCalculator<1, unsigned int>, TrivialOffsetCalculator<1, unsigned int>, at::native::memory::LoadWithCast<1>, at::native::memory::StoreWithCast<1>)",61,operator_shape_matched,"[[48],[48],[]]","[""int"",""long int"",""Scalar""]",null,1,1.408
aten::copy_,"void at::native::unrolled_elementwise_kernel<at::native::direct_copy_kernel_cuda(at::TensorIteratorBase&)::{lambda()#3}::operator()() const::{lambda()#3}::operator()() const::{lambda(int)#1}, std::array<char*, 2ul>, 4, TrivialOffsetCalculator<1, unsigned int>, TrivialOffsetCalculator<1, unsigned int>, at::native::memory::LoadWithCast<1>, at::native::memory::StoreWithCast<1> >(int, at::native::direct_copy_kernel_cuda(at::TensorIteratorBase&)::{lambda()#3}::operator()() const::{lambda()#3}::operator()() const::{lambda(int)#1}, std::array<char*, 2ul>, TrivialOffsetCalculator<1, unsigned int>, TrivialOffsetCalculator<1, unsigned int>, at::native::memory::LoadWithCast<1>, at::native::memory::StoreWithCast<1>)",62,operator_shape_matched,"[[24],[24],[]]","[""int"",""long int"",""Scalar""]",null,1,1.376
aten::copy_,"void at::native::unrolled_elementwise_kernel<at::native::direct_copy_kernel_cuda(at::TensorIteratorBase&)::{lambda()#3}::operator()() const::{lambda()#3}::operator()() const::{lambda(int)#1}, std::array<char*, 2ul>, 4, TrivialOffsetCalculator<1, unsigned int>, TrivialOffsetCalculator<1, unsigned int>, at::native::memory::LoadWithCast<1>, at::native::memory::StoreWithCast<1> >(int, at::native::direct_copy_kernel_cuda(at::TensorIteratorBase&)::{lambda()#3}::operator()() const::{lambda()#3}::operator()() const::{lambda(int)#1}, std::array<char*, 2ul>, TrivialOffsetCalculator<1, unsigned int>, TrivialOffsetCalculator<1, unsigned int>, at::native::memory::LoadWithCast<1>, at::native::memory::StoreWithCast<1>)",63,operator_shape_matched,"[[4],[4],[]]","[""int"",""long int"",""Scalar""]",null,1,1.312
aten::copy_,"void at::native::unrolled_elementwise_kernel<at::native::direct_copy_kernel_cuda(at::TensorIteratorBase&)::{lambda()#3}::operator()() const::{lambda()#3}::operator()() const::{lambda(int)#1}, std::array<char*, 2ul>, 4, TrivialOffsetCalculator<1, unsigned int>, TrivialOffsetCalculator<1, unsigned int>, at::native::memory::LoadWithCast<1>, at::native::memory::StoreWithCast<1> >(int, at::native::direct_copy_kernel_cuda(at::TensorIteratorBase&)::{lambda()#3}::operator()() const::{lambda()#3}::operator()() const::{lambda(int)#1}, std::array<char*, 2ul>, TrivialOffsetCalculator<1, unsigned int>, TrivialOffsetCalculator<1, unsigned int>, at::native::memory::LoadWithCast<1>, at::native::memory::StoreWithCast<1>)",64,operator_shape_matched,"[[16],[16],[]]","[""int"",""long int"",""Scalar""]",null,1,1.28
aten::add,"void at::native::vectorized_elementwise_kernel<2, at::native::CUDAFunctor_add<long>, std::array<char*, 3ul> >(int, at::native::CUDAFunctor_add<long>, std::array<char*, 3ul>)",1,operator_shape_matched,"[[64],[64],[]]","[""long int"",""long int"",""Scalar""]",null,222,312.899
aten::add,"void at::native::vectorized_elementwise_kernel<2, at::native::CUDAFunctor_add<long>, std::array<char*, 3ul> >(int, at::native::CUDAFunctor_add<long>, std::array<char*, 3ul>)",2,operator_shape_matched,"[[8192],[8192],[]]","[""long int"",""long int"",""Scalar""]",null,31,47.745
aten::add,"void at::native::vectorized_elementwise_kernel<2, at::native::CUDAFunctor_add<long>, std::array<char*, 3ul> >(int, at::native::CUDAFunctor_add<long>, std::array<char*, 3ul>)",3,operator_shape_matched,"[[63],[63],[]]","[""long int"",""long int"",""Scalar""]",null,2,3.199
aten::add,"void at::native::vectorized_elementwise_kernel<2, at::native::CUDAFunctor_add<long>, std::array<char*, 3ul> >(int, at::native::CUDAFunctor_add<long>, std::array<char*, 3ul>)",4,operator_shape_matched,"[[50],[50],[]]","[""long int"",""long int"",""Scalar""]",null,1,1.888
aten::add,"void at::native::vectorized_elementwise_kernel<2, at::native::CUDAFunctor_add<long>, std::array<char*, 3ul> >(int, at::native::CUDAFunctor_add<long>, std::array<char*, 3ul>)",5,operator_shape_matched,"[[5089],[5089],[]]","[""long int"",""long int"",""Scalar""]",null,1,1.76
aten::add,"void at::native::vectorized_elementwise_kernel<2, at::native::CUDAFunctor_add<long>, std::array<char*, 3ul> >(int, at::native::CUDAFunctor_add<long>, std::array<char*, 3ul>)",6,operator_shape_matched,"[[36],[36],[]]","[""long int"",""long int"",""Scalar""]",null,1,1.696
aten::add,"void at::native::vectorized_elementwise_kernel<2, at::native::CUDAFunctor_add<long>, std::array<char*, 3ul> >(int, at::native::CUDAFunctor_add<long>, std::array<char*, 3ul>)",7,operator_shape_matched,"[[42],[42],[]]","[""long int"",""long int"",""Scalar""]",null,1,1.633
aten::add,"void at::native::vectorized_elementwise_kernel<2, at::native::CUDAFunctor_add<long>, std::array<char*, 3ul> >(int, at::native::CUDAFunctor_add<long>, std::array<char*, 3ul>)",8,operator_shape_matched,"[[22],[22],[]]","[""long int"",""long int"",""Scalar""]",null,1,1.6
aten::add,"void at::native::vectorized_elementwise_kernel<2, at::native::CUDAFunctor_add<long>, std::array<char*, 3ul> >(int, at::native::CUDAFunctor_add<long>, std::array<char*, 3ul>)",9,operator_shape_matched,"[[30],[30],[]]","[""long int"",""long int"",""Scalar""]",null,1,1.6
aten::add,"void at::native::vectorized_elementwise_kernel<2, at::native::CUDAFunctor_add<long>, std::array<char*, 3ul> >(int, at::native::CUDAFunctor_add<long>, std::array<char*, 3ul>)",10,operator_shape_matched,"[[62],[62],[]]","[""long int"",""long int"",""Scalar""]",null,1,1.6
aten::add,"void at::native::vectorized_elementwise_kernel<2, at::native::CUDAFunctor_add<long>, std::array<char*, 3ul> >(int, at::native::CUDAFunctor_add<long>, std::array<char*, 3ul>)",11,operator_shape_matched,"[[14],[14],[]]","[""long int"",""long int"",""Scalar""]",null,1,1.568
aten::add,"void at::native::vectorized_elementwise_kernel<2, at::native::CUDAFunctor_add<long>, std::array<char*, 3ul> >(int, at::native::CUDAFunctor_add<long>, std::array<char*, 3ul>)",12,operator_shape_matched,"[[10],[10],[]]","[""long int"",""long int"",""Scalar""]",null,1,1.536
aten::add,"void at::native::vectorized_elementwise_kernel<2, at::native::CUDAFunctor_add<long>, std::array<char*, 3ul> >(int, at::native::CUDAFunctor_add<long>, std::array<char*, 3ul>)",13,operator_shape_matched,"[[12],[12],[]]","[""long int"",""long int"",""Scalar""]",null,1,1.536
aten::add,"void at::native::vectorized_elementwise_kernel<2, at::native::CUDAFunctor_add<long>, std::array<char*, 3ul> >(int, at::native::CUDAFunctor_add<long>, std::array<char*, 3ul>)",14,operator_shape_matched,"[[34],[34],[]]","[""long int"",""long int"",""Scalar""]",null,1,1.536
aten::add,"void at::native::vectorized_elementwise_kernel<2, at::native::CUDAFunctor_add<long>, std::array<char*, 3ul> >(int, at::native::CUDAFunctor_add<long>, std::array<char*, 3ul>)",15,operator_shape_matched,"[[44],[44],[]]","[""long int"",""long int"",""Scalar""]",null,1,1.536
aten::add,"void at::native::vectorized_elementwise_kernel<2, at::native::CUDAFunctor_add<long>, std::array<char*, 3ul> >(int, at::native::CUDAFunctor_add<long>, std::array<char*, 3ul>)",16,operator_shape_matched,"[[4],[4],[]]","[""long int"",""long int"",""Scalar""]",null,1,1.536
aten::add,"void at::native::vectorized_elementwise_kernel<2, at::native::CUDAFunctor_add<long>, std::array<char*, 3ul> >(int, at::native::CUDAFunctor_add<long>, std::array<char*, 3ul>)",17,operator_shape_matched,"[[54],[54],[]]","[""long int"",""long int"",""Scalar""]",null,1,1.536
aten::add,"void at::native::vectorized_elementwise_kernel<2, at::native::CUDAFunctor_add<long>, std::array<char*, 3ul> >(int, at::native::CUDAFunctor_add<long>, std::array<char*, 3ul>)",18,operator_shape_matched,"[[58],[58],[]]","[""long int"",""long int"",""Scalar""]",null,1,1.536
aten::add,"void at::native::vectorized_elementwise_kernel<2, at::native::CUDAFunctor_add<long>, std::array<char*, 3ul> >(int, at::native::CUDAFunctor_add<long>, std::array<char*, 3ul>)",19,operator_shape_matched,"[[38],[38],[]]","[""long int"",""long int"",""Scalar""]",null,1,1.535
aten::add,"void at::native::vectorized_elementwise_kernel<2, at::native::CUDAFunctor_add<long>, std::array<char*, 3ul> >(int, at::native::CUDAFunctor_add<long>, std::array<char*, 3ul>)",20,operator_shape_matched,"[[52],[52],[]]","[""long int"",""long int"",""Scalar""]",null,1,1.535
aten::add,"void at::native::vectorized_elementwise_kernel<2, at::native::CUDAFunctor_add<long>, std::array<char*, 3ul> >(int, at::native::CUDAFunctor_add<long>, std::array<char*, 3ul>)",21,operator_shape_matched,"[[20],[20],[]]","[""long int"",""long int"",""Scalar""]",null,1,1.505
aten::add,"void at::native::vectorized_elementwise_kernel<2, at::native::CUDAFunctor_add<long>, std::array<char*, 3ul> >(int, at::native::CUDAFunctor_add<long>, std::array<char*, 3ul>)",22,operator_shape_matched,"[[46],[46],[]]","[""long int"",""long int"",""Scalar""]",null,1,1.505
aten::add,"void at::native::vectorized_elementwise_kernel<2, at::native::CUDAFunctor_add<long>, std::array<char*, 3ul> >(int, at::native::CUDAFunctor_add<long>, std::array<char*, 3ul>)",23,operator_shape_matched,"[[60],[60],[]]","[""long int"",""long int"",""Scalar""]",null,1,1.505
aten::add,"void at::native::vectorized_elementwise_kernel<2, at::native::CUDAFunctor_add<long>, std::array<char*, 3ul> >(int, at::native::CUDAFunctor_add<long>, std::array<char*, 3ul>)",24,operator_shape_matched,"[[6],[6],[]]","[""long int"",""long int"",""Scalar""]",null,1,1.505
aten::add,"void at::native::vectorized_elementwise_kernel<2, at::native::CUDAFunctor_add<long>, std::array<char*, 3ul> >(int, at::native::CUDAFunctor_add<long>, std::array<char*, 3ul>)",25,operator_shape_matched,"[[18],[18],[]]","[""long int"",""long int"",""Scalar""]",null,1,1.504
aten::add,"void at::native::vectorized_elementwise_kernel<2, at::native::CUDAFunctor_add<long>, std::array<char*, 3ul> >(int, at::native::CUDAFunctor_add<long>, std::array<char*, 3ul>)",26,operator_shape_matched,"[[1],[1],[]]","[""long int"",""long int"",""Scalar""]",null,1,1.504
aten::add,"void at::native::vectorized_elementwise_kernel<2, at::native::CUDAFunctor_add<long>, std::array<char*, 3ul> >(int, at::native::CUDAFunctor_add<long>, std::array<char*, 3ul>)",27,operator_shape_matched,"[[26],[26],[]]","[""long int"",""long int"",""Scalar""]",null,1,1.504
aten::add,"void at::native::vectorized_elementwise_kernel<2, at::native::CUDAFunctor_add<long>, std::array<char*, 3ul> >(int, at::native::CUDAFunctor_add<long>, std::array<char*, 3ul>)",28,operator_shape_matched,"[[28],[28],[]]","[""long int"",""long int"",""Scalar""]",null,1,1.504
aten::add,"void at::native::vectorized_elementwise_kernel<2, at::native::CUDAFunctor_add<long>, std::array<char*, 3ul> >(int, at::native::CUDAFunctor_add<long>, std::array<char*, 3ul>)",29,operator_shape_matched,"[[2],[2],[]]","[""long int"",""long int"",""Scalar""]",null,1,1.503
aten::add,"void at::native::vectorized_elementwise_kernel<2, at::native::CUDAFunctor_add<long>, std::array<char*, 3ul> >(int, at::native::CUDAFunctor_add<long>, std::array<char*, 3ul>)",30,operator_shape_matched,"[[40],[40],[]]","[""long int"",""long int"",""Scalar""]",null,1,1.44
aten::add,"void at::native::vectorized_elementwise_kernel<2, at::native::CUDAFunctor_add<long>, std::array<char*, 3ul> >(int, at::native::CUDAFunctor_add<long>, std::array<char*, 3ul>)",31,operator_shape_matched,"[[48],[48],[]]","[""long int"",""long int"",""Scalar""]",null,1,1.409
aten::add,"void at::native::vectorized_elementwise_kernel<2, at::native::CUDAFunctor_add<long>, std::array<char*, 3ul> >(int, at::native::CUDAFunctor_add<long>, std::array<char*, 3ul>)",32,operator_shape_matched,"[[24],[24],[]]","[""long int"",""long int"",""Scalar""]",null,1,1.376
aten::add,"void at::native::vectorized_elementwise_kernel<2, at::native::CUDAFunctor_add<long>, std::array<char*, 3ul> >(int, at::native::CUDAFunctor_add<long>, std::array<char*, 3ul>)",33,operator_shape_matched,"[[32],[32],[]]","[""long int"",""long int"",""Scalar""]",null,1,1.376
aten::add,"void at::native::vectorized_elementwise_kernel<2, at::native::CUDAFunctor_add<long>, std::array<char*, 3ul> >(int, at::native::CUDAFunctor_add<long>, std::array<char*, 3ul>)",34,operator_shape_matched,"[[56],[56],[]]","[""long int"",""long int"",""Scalar""]",null,1,1.376
aten::add,"void at::native::vectorized_elementwise_kernel<2, at::native::CUDAFunctor_add<long>, std::array<char*, 3ul> >(int, at::native::CUDAFunctor_add<long>, std::array<char*, 3ul>)",35,operator_shape_matched,"[[8],[8],[]]","[""long int"",""long int"",""Scalar""]",null,1,1.376
aten::add,"void at::native::vectorized_elementwise_kernel<2, at::native::CUDAFunctor_add<long>, std::array<char*, 3ul> >(int, at::native::CUDAFunctor_add<long>, std::array<char*, 3ul>)",36,operator_shape_matched,"[[4096],[4096],[]]","[""long int"",""long int"",""Scalar""]",null,1,1.345
aten::add,"void at::native::vectorized_elementwise_kernel<2, at::native::CUDAFunctor_add<long>, std::array<char*, 3ul> >(int, at::native::CUDAFunctor_add<long>, std::array<char*, 3ul>)",37,operator_shape_matched,"[[16],[16],[]]","[""long int"",""long int"",""Scalar""]",null,1,1.343
triton_poi_fused_add_bitwise_and_bitwise_not_bitwise_or_ge_lt_mul_sub_0,triton_poi_fused_add_bitwise_and_bitwise_not_bitwise_or_ge_lt_mul_sub_0,1,operator_shape_matched,"[[64],[64],[64],[],[],[],[],[],[]]","[""int"",""long int"",""bool"",""Scalar"",""Scalar"",""Scalar"",""Scalar"",""Scalar"",""Scalar""]",null,222,243.067
triton_poi_fused_add_bitwise_and_bitwise_not_bitwise_or_ge_lt_mul_sub_0,triton_poi_fused_add_bitwise_and_bitwise_not_bitwise_or_ge_lt_mul_sub_0,2,operator_shape_matched,"[[8192],[8192],[8192],[],[],[],[],[],[]]","[""int"",""long int"",""bool"",""Scalar"",""Scalar"",""Scalar"",""Scalar"",""Scalar"",""Scalar""]",null,31,44.481
triton_poi_fused_add_bitwise_and_bitwise_not_bitwise_or_ge_lt_mul_sub_0,triton_poi_fused_add_bitwise_and_bitwise_not_bitwise_or_ge_lt_mul_sub_0,3,operator_shape_matched,"[[63],[63],[63],[],[],[],[],[],[]]","[""int"",""long int"",""bool"",""Scalar"",""Scalar"",""Scalar"",""Scalar"",""Scalar"",""Scalar""]",null,2,2.752
triton_poi_fused_add_bitwise_and_bitwise_not_bitwise_or_ge_lt_mul_sub_0,triton_poi_fused_add_bitwise_and_bitwise_not_bitwise_or_ge_lt_mul_sub_0,4,operator_shape_matched,"[[30],[30],[30],[],[],[],[],[],[]]","[""int"",""long int"",""bool"",""Scalar"",""Scalar"",""Scalar"",""Scalar"",""Scalar"",""Scalar""]",null,1,1.6
triton_poi_fused_add_bitwise_and_bitwise_not_bitwise_or_ge_lt_mul_sub_0,triton_poi_fused_add_bitwise_and_bitwise_not_bitwise_or_ge_lt_mul_sub_0,5,operator_shape_matched,"[[46],[46],[46],[],[],[],[],[],[]]","[""int"",""long int"",""bool"",""Scalar"",""Scalar"",""Scalar"",""Scalar"",""Scalar"",""Scalar""]",null,1,1.537
triton_poi_fused_add_bitwise_and_bitwise_not_bitwise_or_ge_lt_mul_sub_0,triton_poi_fused_add_bitwise_and_bitwise_not_bitwise_or_ge_lt_mul_sub_0,6,operator_shape_matched,"[[58],[58],[58],[],[],[],[],[],[]]","[""int"",""long int"",""bool"",""Scalar"",""Scalar"",""Scalar"",""Scalar"",""Scalar"",""Scalar""]",null,1,1.504
triton_poi_fused_add_bitwise_and_bitwise_not_bitwise_or_ge_lt_mul_sub_0,triton_poi_fused_add_bitwise_and_bitwise_not_bitwise_or_ge_lt_mul_sub_0,7,operator_shape_matched,"[[26],[26],[26],[],[],[],[],[],[]]","[""int"",""long int"",""bool"",""Scalar"",""Scalar"",""Scalar"",""Scalar"",""Scalar"",""Scalar""]",null,1,1.472
triton_poi_fused_add_bitwise_and_bitwise_not_bitwise_or_ge_lt_mul_sub_0,triton_poi_fused_add_bitwise_and_bitwise_not_bitwise_or_ge_lt_mul_sub_0,8,operator_shape_matched,"[[4096],[4096],[4096],[],[],[],[],[],[]]","[""int"",""long int"",""bool"",""Scalar"",""Scalar"",""Scalar"",""Scalar"",""Scalar"",""Scalar""]",null,1,1.472
triton_poi_fused_add_bitwise_and_bitwise_not_bitwise_or_ge_lt_mul_sub_0,triton_poi_fused_add_bitwise_and_bitwise_not_bitwise_or_ge_lt_mul_sub_0,9,operator_shape_matched,"[[20],[20],[20],[],[],[],[],[],[]]","[""int"",""long int"",""bool"",""Scalar"",""Scalar"",""Scalar"",""Scalar"",""Scalar"",""Scalar""]",null,1,1.409
triton_poi_fused_add_bitwise_and_bitwise_not_bitwise_or_ge_lt_mul_sub_0,triton_poi_fused_add_bitwise_and_bitwise_not_bitwise_or_ge_lt_mul_sub_0,10,operator_shape_matched,"[[10],[10],[10],[],[],[],[],[],[]]","[""int"",""long int"",""bool"",""Scalar"",""Scalar"",""Scalar"",""Scalar"",""Scalar"",""Scalar""]",null,1,1.408
triton_poi_fused_add_bitwise_and_bitwise_not_bitwise_or_ge_lt_mul_sub_0,triton_poi_fused_add_bitwise_and_bitwise_not_bitwise_or_ge_lt_mul_sub_0,11,operator_shape_matched,"[[38],[38],[38],[],[],[],[],[],[]]","[""int"",""long int"",""bool"",""Scalar"",""Scalar"",""Scalar"",""Scalar"",""Scalar"",""Scalar""]",null,1,1.408
triton_poi_fused_add_bitwise_and_bitwise_not_bitwise_or_ge_lt_mul_sub_0,triton_poi_fused_add_bitwise_and_bitwise_not_bitwise_or_ge_lt_mul_sub_0,12,operator_shape_matched,"[[28],[28],[28],[],[],[],[],[],[]]","[""int"",""long int"",""bool"",""Scalar"",""Scalar"",""Scalar"",""Scalar"",""Scalar"",""Scalar""]",null,1,1.376
triton_poi_fused_add_bitwise_and_bitwise_not_bitwise_or_ge_lt_mul_sub_0,triton_poi_fused_add_bitwise_and_bitwise_not_bitwise_or_ge_lt_mul_sub_0,13,operator_shape_matched,"[[12],[12],[12],[],[],[],[],[],[]]","[""int"",""long int"",""bool"",""Scalar"",""Scalar"",""Scalar"",""Scalar"",""Scalar"",""Scalar""]",null,1,1.312
triton_poi_fused_add_bitwise_and_bitwise_not_bitwise_or_ge_lt_mul_sub_0,triton_poi_fused_add_bitwise_and_bitwise_not_bitwise_or_ge_lt_mul_sub_0,14,operator_shape_matched,"[[14],[14],[14],[],[],[],[],[],[]]","[""int"",""long int"",""bool"",""Scalar"",""Scalar"",""Scalar"",""Scalar"",""Scalar"",""Scalar""]",null,1,1.312
triton_poi_fused_add_bitwise_and_bitwise_not_bitwise_or_ge_lt_mul_sub_0,triton_poi_fused_add_bitwise_and_bitwise_not_bitwise_or_ge_lt_mul_sub_0,15,operator_shape_matched,"[[18],[18],[18],[],[],[],[],[],[]]","[""int"",""long int"",""bool"",""Scalar"",""Scalar"",""Scalar"",""Scalar"",""Scalar"",""Scalar""]",null,1,1.312
triton_poi_fused_add_bitwise_and_bitwise_not_bitwise_or_ge_lt_mul_sub_0,triton_poi_fused_add_bitwise_and_bitwise_not_bitwise_or_ge_lt_mul_sub_0,16,operator_shape_matched,"[[5089],[5089],[5089],[],[],[],[],[],[]]","[""int"",""long int"",""bool"",""Scalar"",""Scalar"",""Scalar"",""Scalar"",""Scalar"",""Scalar""]",null,1,1.312
triton_poi_fused_add_bitwise_and_bitwise_not_bitwise_or_ge_lt_mul_sub_0,triton_poi_fused_add_bitwise_and_bitwise_not_bitwise_or_ge_lt_mul_sub_0,17,operator_shape_matched,"[[50],[50],[50],[],[],[],[],[],[]]","[""int"",""long int"",""bool"",""Scalar"",""Scalar"",""Scalar"",""Scalar"",""Scalar"",""Scalar""]",null,1,1.311
triton_poi_fused_add_bitwise_and_bitwise_not_bitwise_or_ge_lt_mul_sub_0,triton_poi_fused_add_bitwise_and_bitwise_not_bitwise_or_ge_lt_mul_sub_0,18,operator_shape_matched,"[[22],[22],[22],[],[],[],[],[],[]]","[""int"",""long int"",""bool"",""Scalar"",""Scalar"",""Scalar"",""Scalar"",""Scalar"",""Scalar""]",null,1,1.28
triton_poi_fused_add_bitwise_and_bitwise_not_bitwise_or_ge_lt_mul_sub_0,triton_poi_fused_add_bitwise_and_bitwise_not_bitwise_or_ge_lt_mul_sub_0,19,operator_shape_matched,"[[2],[2],[2],[],[],[],[],[],[]]","[""int"",""long int"",""bool"",""Scalar"",""Scalar"",""Scalar"",""Scalar"",""Scalar"",""Scalar""]",null,1,1.28
triton_poi_fused_add_bitwise_and_bitwise_not_bitwise_or_ge_lt_mul_sub_0,triton_poi_fused_add_bitwise_and_bitwise_not_bitwise_or_ge_lt_mul_sub_0,20,operator_shape_matched,"[[34],[34],[34],[],[],[],[],[],[]]","[""int"",""long int"",""bool"",""Scalar"",""Scalar"",""Scalar"",""Scalar"",""Scalar"",""Scalar""]",null,1,1.28
triton_poi_fused_add_bitwise_and_bitwise_not_bitwise_or_ge_lt_mul_sub_0,triton_poi_fused_add_bitwise_and_bitwise_not_bitwise_or_ge_lt_mul_sub_0,21,operator_shape_matched,"[[36],[36],[36],[],[],[],[],[],[]]","[""int"",""long int"",""bool"",""Scalar"",""Scalar"",""Scalar"",""Scalar"",""Scalar"",""Scalar""]",null,1,1.28
triton_poi_fused_add_bitwise_and_bitwise_not_bitwise_or_ge_lt_mul_sub_0,triton_poi_fused_add_bitwise_and_bitwise_not_bitwise_or_ge_lt_mul_sub_0,22,operator_shape_matched,"[[42],[42],[42],[],[],[],[],[],[]]","[""int"",""long int"",""bool"",""Scalar"",""Scalar"",""Scalar"",""Scalar"",""Scalar"",""Scalar""]",null,1,1.28
triton_poi_fused_add_bitwise_and_bitwise_not_bitwise_or_ge_lt_mul_sub_0,triton_poi_fused_add_bitwise_and_bitwise_not_bitwise_or_ge_lt_mul_sub_0,23,operator_shape_matched,"[[44],[44],[44],[],[],[],[],[],[]]","[""int"",""long int"",""bool"",""Scalar"",""Scalar"",""Scalar"",""Scalar"",""Scalar"",""Scalar""]",null,1,1.28
triton_poi_fused_add_bitwise_and_bitwise_not_bitwise_or_ge_lt_mul_sub_0,triton_poi_fused_add_bitwise_and_bitwise_not_bitwise_or_ge_lt_mul_sub_0,24,operator_shape_matched,"[[4],[4],[4],[],[],[],[],[],[]]","[""int"",""long int"",""bool"",""Scalar"",""Scalar"",""Scalar"",""Scalar"",""Scalar"",""Scalar""]",null,1,1.28
triton_poi_fused_add_bitwise_and_bitwise_not_bitwise_or_ge_lt_mul_sub_0,triton_poi_fused_add_bitwise_and_bitwise_not_bitwise_or_ge_lt_mul_sub_0,25,operator_shape_matched,"[[52],[52],[52],[],[],[],[],[],[]]","[""int"",""long int"",""bool"",""Scalar"",""Scalar"",""Scalar"",""Scalar"",""Scalar"",""Scalar""]",null,1,1.28
triton_poi_fused_add_bitwise_and_bitwise_not_bitwise_or_ge_lt_mul_sub_0,triton_poi_fused_add_bitwise_and_bitwise_not_bitwise_or_ge_lt_mul_sub_0,26,operator_shape_matched,"[[54],[54],[54],[],[],[],[],[],[]]","[""int"",""long int"",""bool"",""Scalar"",""Scalar"",""Scalar"",""Scalar"",""Scalar"",""Scalar""]",null,1,1.28
triton_poi_fused_add_bitwise_and_bitwise_not_bitwise_or_ge_lt_mul_sub_0,triton_poi_fused_add_bitwise_and_bitwise_not_bitwise_or_ge_lt_mul_sub_0,27,operator_shape_matched,"[[60],[60],[60],[],[],[],[],[],[]]","[""int"",""long int"",""bool"",""Scalar"",""Scalar"",""Scalar"",""Scalar"",""Scalar"",""Scalar""]",null,1,1.28
triton_poi_fused_add_bitwise_and_bitwise_not_bitwise_or_ge_lt_mul_sub_0,triton_poi_fused_add_bitwise_and_bitwise_not_bitwise_or_ge_lt_mul_sub_0,28,operator_shape_matched,"[[62],[62],[62],[],[],[],[],[],[]]","[""int"",""long int"",""bool"",""Scalar"",""Scalar"",""Scalar"",""Scalar"",""Scalar"",""Scalar""]",null,1,1.28
triton_poi_fused_add_bitwise_and_bitwise_not_bitwise_or_ge_lt_mul_sub_0,triton_poi_fused_add_bitwise_and_bitwise_not_bitwise_or_ge_lt_mul_sub_0,29,operator_shape_matched,"[[6],[6],[6],[],[],[],[],[],[]]","[""int"",""long int"",""bool"",""Scalar"",""Scalar"",""Scalar"",""Scalar"",""Scalar"",""Scalar""]",null,1,1.28
triton_poi_fused_add_bitwise_and_bitwise_not_bitwise_or_ge_lt_mul_sub_0,triton_poi_fused_add_bitwise_and_bitwise_not_bitwise_or_ge_lt_mul_sub_0,30,operator_shape_matched,"[[24],[24],[24],[],[],[],[],[],[]]","[""int"",""long int"",""bool"",""Scalar"",""Scalar"",""Scalar"",""Scalar"",""Scalar"",""Scalar""]",null,1,1.248
triton_poi_fused_add_bitwise_and_bitwise_not_bitwise_or_ge_lt_mul_sub_0,triton_poi_fused_add_bitwise_and_bitwise_not_bitwise_or_ge_lt_mul_sub_0,31,operator_shape_matched,"[[32],[32],[32],[],[],[],[],[],[]]","[""int"",""long int"",""bool"",""Scalar"",""Scalar"",""Scalar"",""Scalar"",""Scalar"",""Scalar""]",null,1,1.088
triton_poi_fused_add_bitwise_and_bitwise_not_bitwise_or_ge_lt_mul_sub_0,triton_poi_fused_add_bitwise_and_bitwise_not_bitwise_or_ge_lt_mul_sub_0,32,operator_shape_matched,"[[48],[48],[48],[],[],[],[],[],[]]","[""int"",""long int"",""bool"",""Scalar"",""Scalar"",""Scalar"",""Scalar"",""Scalar"",""Scalar""]",null,1,1.088
triton_poi_fused_add_bitwise_and_bitwise_not_bitwise_or_ge_lt_mul_sub_0,triton_poi_fused_add_bitwise_and_bitwise_not_bitwise_or_ge_lt_mul_sub_0,33,operator_shape_matched,"[[56],[56],[56],[],[],[],[],[],[]]","[""int"",""long int"",""bool"",""Scalar"",""Scalar"",""Scalar"",""Scalar"",""Scalar"",""Scalar""]",null,1,1.088
triton_poi_fused_add_bitwise_and_bitwise_not_bitwise_or_ge_lt_mul_sub_0,triton_poi_fused_add_bitwise_and_bitwise_not_bitwise_or_ge_lt_mul_sub_0,34,operator_shape_matched,"[[8],[8],[8],[],[],[],[],[],[]]","[""int"",""long int"",""bool"",""Scalar"",""Scalar"",""Scalar"",""Scalar"",""Scalar"",""Scalar""]",null,1,1.088
triton_poi_fused_add_bitwise_and_bitwise_not_bitwise_or_ge_lt_mul_sub_0,triton_poi_fused_add_bitwise_and_bitwise_not_bitwise_or_ge_lt_mul_sub_0,35,operator_shape_matched,"[[16],[16],[16],[],[],[],[],[],[]]","[""int"",""long int"",""bool"",""Scalar"",""Scalar"",""Scalar"",""Scalar"",""Scalar"",""Scalar""]",null,1,1.056
triton_poi_fused_add_bitwise_and_bitwise_not_bitwise_or_ge_lt_mul_sub_0,triton_poi_fused_add_bitwise_and_bitwise_not_bitwise_or_ge_lt_mul_sub_0,36,operator_shape_matched,"[[40],[40],[40],[],[],[],[],[],[]]","[""int"",""long int"",""bool"",""Scalar"",""Scalar"",""Scalar"",""Scalar"",""Scalar"",""Scalar""]",null,1,1.056
aten::sub,"void at::native::unrolled_elementwise_kernel<at::native::CUDAFunctorOnSelf_add<int>, std::array<char*, 2ul>, 4, TrivialOffsetCalculator<1, unsigned int>, TrivialOffsetCalculator<1, unsigned int>, at::native::memory::LoadWithoutCast, at::native::memory::StoreWithoutCast>(int, at::native::CUDAFunctorOnSelf_add<int>, std::array<char*, 2ul>, TrivialOffsetCalculator<1, unsigned int>, TrivialOffsetCalculator<1, unsigned int>, at::native::memory::LoadWithoutCast, at::native::memory::StoreWithoutCast)",1,operator_shape_matched,"[[64],[],[]]","[""int"",""long int"",""Scalar""]",null,223,249.028
aten::sub,"void at::native::unrolled_elementwise_kernel<at::native::CUDAFunctorOnSelf_add<int>, std::array<char*, 2ul>, 4, TrivialOffsetCalculator<1, unsigned int>, TrivialOffsetCalculator<1, unsigned int>, at::native::memory::LoadWithoutCast, at::native::memory::StoreWithoutCast>(int, at::native::CUDAFunctorOnSelf_add<int>, std::array<char*, 2ul>, TrivialOffsetCalculator<1, unsigned int>, TrivialOffsetCalculator<1, unsigned int>, at::native::memory::LoadWithoutCast, at::native::memory::StoreWithoutCast)",2,operator_shape_matched,"[[3],[],[]]","[""int"",""long int"",""Scalar""]",null,5,5.278
aten::sub,"void at::native::unrolled_elementwise_kernel<at::native::CUDAFunctorOnSelf_add<int>, std::array<char*, 2ul>, 4, TrivialOffsetCalculator<1, unsigned int>, TrivialOffsetCalculator<1, unsigned int>, at::native::memory::LoadWithoutCast, at::native::memory::StoreWithoutCast>(int, at::native::CUDAFunctorOnSelf_add<int>, std::array<char*, 2ul>, TrivialOffsetCalculator<1, unsigned int>, TrivialOffsetCalculator<1, unsigned int>, at::native::memory::LoadWithoutCast, at::native::memory::StoreWithoutCast)",3,operator_shape_matched,"[[63],[],[]]","[""int"",""long int"",""Scalar""]",null,3,3.392
aten::sub,"void at::native::unrolled_elementwise_kernel<at::native::CUDAFunctorOnSelf_add<int>, std::array<char*, 2ul>, 4, TrivialOffsetCalculator<1, unsigned int>, TrivialOffsetCalculator<1, unsigned int>, at::native::memory::LoadWithoutCast, at::native::memory::StoreWithoutCast>(int, at::native::CUDAFunctorOnSelf_add<int>, std::array<char*, 2ul>, TrivialOffsetCalculator<1, unsigned int>, TrivialOffsetCalculator<1, unsigned int>, at::native::memory::LoadWithoutCast, at::native::memory::StoreWithoutCast)",4,operator_shape_matched,"[[1],[],[]]","[""int"",""long int"",""Scalar""]",null,2,2.304
aten::sub,"void at::native::unrolled_elementwise_kernel<at::native::CUDAFunctorOnSelf_add<int>, std::array<char*, 2ul>, 4, TrivialOffsetCalculator<1, unsigned int>, TrivialOffsetCalculator<1, unsigned int>, at::native::memory::LoadWithoutCast, at::native::memory::StoreWithoutCast>(int, at::native::CUDAFunctorOnSelf_add<int>, std::array<char*, 2ul>, TrivialOffsetCalculator<1, unsigned int>, TrivialOffsetCalculator<1, unsigned int>, at::native::memory::LoadWithoutCast, at::native::memory::StoreWithoutCast)",5,operator_shape_matched,"[[38],[],[]]","[""int"",""long int"",""Scalar""]",null,1,1.185
aten::sub,"void at::native::unrolled_elementwise_kernel<at::native::CUDAFunctorOnSelf_add<int>, std::array<char*, 2ul>, 4, TrivialOffsetCalculator<1, unsigned int>, TrivialOffsetCalculator<1, unsigned int>, at::native::memory::LoadWithoutCast, at::native::memory::StoreWithoutCast>(int, at::native::CUDAFunctorOnSelf_add<int>, std::array<char*, 2ul>, TrivialOffsetCalculator<1, unsigned int>, TrivialOffsetCalculator<1, unsigned int>, at::native::memory::LoadWithoutCast, at::native::memory::StoreWithoutCast)",6,operator_shape_matched,"[[13],[],[]]","[""int"",""long int"",""Scalar""]",null,1,1.184
aten::sub,"void at::native::unrolled_elementwise_kernel<at::native::CUDAFunctorOnSelf_add<int>, std::array<char*, 2ul>, 4, TrivialOffsetCalculator<1, unsigned int>, TrivialOffsetCalculator<1, unsigned int>, at::native::memory::LoadWithoutCast, at::native::memory::StoreWithoutCast>(int, at::native::CUDAFunctorOnSelf_add<int>, std::array<char*, 2ul>, TrivialOffsetCalculator<1, unsigned int>, TrivialOffsetCalculator<1, unsigned int>, at::native::memory::LoadWithoutCast, at::native::memory::StoreWithoutCast)",7,operator_shape_matched,"[[31],[],[]]","[""int"",""long int"",""Scalar""]",null,1,1.184
aten::sub,"void at::native::unrolled_elementwise_kernel<at::native::CUDAFunctorOnSelf_add<int>, std::array<char*, 2ul>, 4, TrivialOffsetCalculator<1, unsigned int>, TrivialOffsetCalculator<1, unsigned int>, at::native::memory::LoadWithoutCast, at::native::memory::StoreWithoutCast>(int, at::native::CUDAFunctorOnSelf_add<int>, std::array<char*, 2ul>, TrivialOffsetCalculator<1, unsigned int>, TrivialOffsetCalculator<1, unsigned int>, at::native::memory::LoadWithoutCast, at::native::memory::StoreWithoutCast)",8,operator_shape_matched,"[[33],[],[]]","[""int"",""long int"",""Scalar""]",null,1,1.153
aten::sub,"void at::native::unrolled_elementwise_kernel<at::native::CUDAFunctorOnSelf_add<int>, std::array<char*, 2ul>, 4, TrivialOffsetCalculator<1, unsigned int>, TrivialOffsetCalculator<1, unsigned int>, at::native::memory::LoadWithoutCast, at::native::memory::StoreWithoutCast>(int, at::native::CUDAFunctorOnSelf_add<int>, std::array<char*, 2ul>, TrivialOffsetCalculator<1, unsigned int>, TrivialOffsetCalculator<1, unsigned int>, at::native::memory::LoadWithoutCast, at::native::memory::StoreWithoutCast)",9,operator_shape_matched,"[[54],[],[]]","[""int"",""long int"",""Scalar""]",null,1,1.153
aten::sub,"void at::native::unrolled_elementwise_kernel<at::native::CUDAFunctorOnSelf_add<int>, std::array<char*, 2ul>, 4, TrivialOffsetCalculator<1, unsigned int>, TrivialOffsetCalculator<1, unsigned int>, at::native::memory::LoadWithoutCast, at::native::memory::StoreWithoutCast>(int, at::native::CUDAFunctorOnSelf_add<int>, std::array<char*, 2ul>, TrivialOffsetCalculator<1, unsigned int>, TrivialOffsetCalculator<1, unsigned int>, at::native::memory::LoadWithoutCast, at::native::memory::StoreWithoutCast)",10,operator_shape_matched,"[[32],[],[]]","[""int"",""long int"",""Scalar""]",null,1,1.152
aten::sub,"void at::native::unrolled_elementwise_kernel<at::native::CUDAFunctorOnSelf_add<int>, std::array<char*, 2ul>, 4, TrivialOffsetCalculator<1, unsigned int>, TrivialOffsetCalculator<1, unsigned int>, at::native::memory::LoadWithoutCast, at::native::memory::StoreWithoutCast>(int, at::native::CUDAFunctorOnSelf_add<int>, std::array<char*, 2ul>, TrivialOffsetCalculator<1, unsigned int>, TrivialOffsetCalculator<1, unsigned int>, at::native::memory::LoadWithoutCast, at::native::memory::StoreWithoutCast)",11,operator_shape_matched,"[[34],[],[]]","[""int"",""long int"",""Scalar""]",null,1,1.152
aten::sub,"void at::native::unrolled_elementwise_kernel<at::native::CUDAFunctorOnSelf_add<int>, std::array<char*, 2ul>, 4, TrivialOffsetCalculator<1, unsigned int>, TrivialOffsetCalculator<1, unsigned int>, at::native::memory::LoadWithoutCast, at::native::memory::StoreWithoutCast>(int, at::native::CUDAFunctorOnSelf_add<int>, std::array<char*, 2ul>, TrivialOffsetCalculator<1, unsigned int>, TrivialOffsetCalculator<1, unsigned int>, at::native::memory::LoadWithoutCast, at::native::memory::StoreWithoutCast)",12,operator_shape_matched,"[[35],[],[]]","[""int"",""long int"",""Scalar""]",null,1,1.152
aten::sub,"void at::native::unrolled_elementwise_kernel<at::native::CUDAFunctorOnSelf_add<int>, std::array<char*, 2ul>, 4, TrivialOffsetCalculator<1, unsigned int>, TrivialOffsetCalculator<1, unsigned int>, at::native::memory::LoadWithoutCast, at::native::memory::StoreWithoutCast>(int, at::native::CUDAFunctorOnSelf_add<int>, std::array<char*, 2ul>, TrivialOffsetCalculator<1, unsigned int>, TrivialOffsetCalculator<1, unsigned int>, at::native::memory::LoadWithoutCast, at::native::memory::StoreWithoutCast)",13,operator_shape_matched,"[[50],[],[]]","[""int"",""long int"",""Scalar""]",null,1,1.152
aten::sub,"void at::native::unrolled_elementwise_kernel<at::native::CUDAFunctorOnSelf_add<int>, std::array<char*, 2ul>, 4, TrivialOffsetCalculator<1, unsigned int>, TrivialOffsetCalculator<1, unsigned int>, at::native::memory::LoadWithoutCast, at::native::memory::StoreWithoutCast>(int, at::native::CUDAFunctorOnSelf_add<int>, std::array<char*, 2ul>, TrivialOffsetCalculator<1, unsigned int>, TrivialOffsetCalculator<1, unsigned int>, at::native::memory::LoadWithoutCast, at::native::memory::StoreWithoutCast)",14,operator_shape_matched,"[[58],[],[]]","[""int"",""long int"",""Scalar""]",null,1,1.152
aten::sub,"void at::native::unrolled_elementwise_kernel<at::native::CUDAFunctorOnSelf_add<int>, std::array<char*, 2ul>, 4, TrivialOffsetCalculator<1, unsigned int>, TrivialOffsetCalculator<1, unsigned int>, at::native::memory::LoadWithoutCast, at::native::memory::StoreWithoutCast>(int, at::native::CUDAFunctorOnSelf_add<int>, std::array<char*, 2ul>, TrivialOffsetCalculator<1, unsigned int>, TrivialOffsetCalculator<1, unsigned int>, at::native::memory::LoadWithoutCast, at::native::memory::StoreWithoutCast)",15,operator_shape_matched,"[[62],[],[]]","[""int"",""long int"",""Scalar""]",null,1,1.152
aten::sub,"void at::native::unrolled_elementwise_kernel<at::native::CUDAFunctorOnSelf_add<int>, std::array<char*, 2ul>, 4, TrivialOffsetCalculator<1, unsigned int>, TrivialOffsetCalculator<1, unsigned int>, at::native::memory::LoadWithoutCast, at::native::memory::StoreWithoutCast>(int, at::native::CUDAFunctorOnSelf_add<int>, std::array<char*, 2ul>, TrivialOffsetCalculator<1, unsigned int>, TrivialOffsetCalculator<1, unsigned int>, at::native::memory::LoadWithoutCast, at::native::memory::StoreWithoutCast)",16,operator_shape_matched,"[[42],[],[]]","[""int"",""long int"",""Scalar""]",null,1,1.12
aten::sub,"void at::native::unrolled_elementwise_kernel<at::native::CUDAFunctorOnSelf_add<int>, std::array<char*, 2ul>, 4, TrivialOffsetCalculator<1, unsigned int>, TrivialOffsetCalculator<1, unsigned int>, at::native::memory::LoadWithoutCast, at::native::memory::StoreWithoutCast>(int, at::native::CUDAFunctorOnSelf_add<int>, std::array<char*, 2ul>, TrivialOffsetCalculator<1, unsigned int>, TrivialOffsetCalculator<1, unsigned int>, at::native::memory::LoadWithoutCast, at::native::memory::StoreWithoutCast)",17,operator_shape_matched,"[[47],[],[]]","[""int"",""long int"",""Scalar""]",null,1,1.12
aten::sub,"void at::native::unrolled_elementwise_kernel<at::native::CUDAFunctorOnSelf_add<int>, std::array<char*, 2ul>, 4, TrivialOffsetCalculator<1, unsigned int>, TrivialOffsetCalculator<1, unsigned int>, at::native::memory::LoadWithoutCast, at::native::memory::StoreWithoutCast>(int, at::native::CUDAFunctorOnSelf_add<int>, std::array<char*, 2ul>, TrivialOffsetCalculator<1, unsigned int>, TrivialOffsetCalculator<1, unsigned int>, at::native::memory::LoadWithoutCast, at::native::memory::StoreWithoutCast)",18,operator_shape_matched,"[[48],[],[]]","[""int"",""long int"",""Scalar""]",null,1,1.12
aten::sub,"void at::native::unrolled_elementwise_kernel<at::native::CUDAFunctorOnSelf_add<int>, std::array<char*, 2ul>, 4, TrivialOffsetCalculator<1, unsigned int>, TrivialOffsetCalculator<1, unsigned int>, at::native::memory::LoadWithoutCast, at::native::memory::StoreWithoutCast>(int, at::native::CUDAFunctorOnSelf_add<int>, std::array<char*, 2ul>, TrivialOffsetCalculator<1, unsigned int>, TrivialOffsetCalculator<1, unsigned int>, at::native::memory::LoadWithoutCast, at::native::memory::StoreWithoutCast)",19,operator_shape_matched,"[[52],[],[]]","[""int"",""long int"",""Scalar""]",null,1,1.12
aten::sub,"void at::native::unrolled_elementwise_kernel<at::native::CUDAFunctorOnSelf_add<int>, std::array<char*, 2ul>, 4, TrivialOffsetCalculator<1, unsigned int>, TrivialOffsetCalculator<1, unsigned int>, at::native::memory::LoadWithoutCast, at::native::memory::StoreWithoutCast>(int, at::native::CUDAFunctorOnSelf_add<int>, std::array<char*, 2ul>, TrivialOffsetCalculator<1, unsigned int>, TrivialOffsetCalculator<1, unsigned int>, at::native::memory::LoadWithoutCast, at::native::memory::StoreWithoutCast)",20,operator_shape_matched,"[[56],[],[]]","[""int"",""long int"",""Scalar""]",null,1,1.12
aten::sub,"void at::native::unrolled_elementwise_kernel<at::native::CUDAFunctorOnSelf_add<int>, std::array<char*, 2ul>, 4, TrivialOffsetCalculator<1, unsigned int>, TrivialOffsetCalculator<1, unsigned int>, at::native::memory::LoadWithoutCast, at::native::memory::StoreWithoutCast>(int, at::native::CUDAFunctorOnSelf_add<int>, std::array<char*, 2ul>, TrivialOffsetCalculator<1, unsigned int>, TrivialOffsetCalculator<1, unsigned int>, at::native::memory::LoadWithoutCast, at::native::memory::StoreWithoutCast)",21,operator_shape_matched,"[[57],[],[]]","[""int"",""long int"",""Scalar""]",null,1,1.12
aten::sub,"void at::native::unrolled_elementwise_kernel<at::native::CUDAFunctorOnSelf_add<int>, std::array<char*, 2ul>, 4, TrivialOffsetCalculator<1, unsigned int>, TrivialOffsetCalculator<1, unsigned int>, at::native::memory::LoadWithoutCast, at::native::memory::StoreWithoutCast>(int, at::native::CUDAFunctorOnSelf_add<int>, std::array<char*, 2ul>, TrivialOffsetCalculator<1, unsigned int>, TrivialOffsetCalculator<1, unsigned int>, at::native::memory::LoadWithoutCast, at::native::memory::StoreWithoutCast)",22,operator_shape_matched,"[[20],[],[]]","[""int"",""long int"",""Scalar""]",null,1,1.088
aten::sub,"void at::native::unrolled_elementwise_kernel<at::native::CUDAFunctorOnSelf_add<int>, std::array<char*, 2ul>, 4, TrivialOffsetCalculator<1, unsigned int>, TrivialOffsetCalculator<1, unsigned int>, at::native::memory::LoadWithoutCast, at::native::memory::StoreWithoutCast>(int, at::native::CUDAFunctorOnSelf_add<int>, std::array<char*, 2ul>, TrivialOffsetCalculator<1, unsigned int>, TrivialOffsetCalculator<1, unsigned int>, at::native::memory::LoadWithoutCast, at::native::memory::StoreWithoutCast)",23,operator_shape_matched,"[[24],[],[]]","[""int"",""long int"",""Scalar""]",null,1,1.088
aten::sub,"void at::native::unrolled_elementwise_kernel<at::native::CUDAFunctorOnSelf_add<int>, std::array<char*, 2ul>, 4, TrivialOffsetCalculator<1, unsigned int>, TrivialOffsetCalculator<1, unsigned int>, at::native::memory::LoadWithoutCast, at::native::memory::StoreWithoutCast>(int, at::native::CUDAFunctorOnSelf_add<int>, std::array<char*, 2ul>, TrivialOffsetCalculator<1, unsigned int>, TrivialOffsetCalculator<1, unsigned int>, at::native::memory::LoadWithoutCast, at::native::memory::StoreWithoutCast)",24,operator_shape_matched,"[[44],[],[]]","[""int"",""long int"",""Scalar""]",null,1,1.088
aten::sub,"void at::native::unrolled_elementwise_kernel<at::native::CUDAFunctorOnSelf_add<int>, std::array<char*, 2ul>, 4, TrivialOffsetCalculator<1, unsigned int>, TrivialOffsetCalculator<1, unsigned int>, at::native::memory::LoadWithoutCast, at::native::memory::StoreWithoutCast>(int, at::native::CUDAFunctorOnSelf_add<int>, std::array<char*, 2ul>, TrivialOffsetCalculator<1, unsigned int>, TrivialOffsetCalculator<1, unsigned int>, at::native::memory::LoadWithoutCast, at::native::memory::StoreWithoutCast)",25,operator_shape_matched,"[[45],[],[]]","[""int"",""long int"",""Scalar""]",null,1,1.088
aten::sub,"void at::native::unrolled_elementwise_kernel<at::native::CUDAFunctorOnSelf_add<int>, std::array<char*, 2ul>, 4, TrivialOffsetCalculator<1, unsigned int>, TrivialOffsetCalculator<1, unsigned int>, at::native::memory::LoadWithoutCast, at::native::memory::StoreWithoutCast>(int, at::native::CUDAFunctorOnSelf_add<int>, std::array<char*, 2ul>, TrivialOffsetCalculator<1, unsigned int>, TrivialOffsetCalculator<1, unsigned int>, at::native::memory::LoadWithoutCast, at::native::memory::StoreWithoutCast)",26,operator_shape_matched,"[[49],[],[]]","[""int"",""long int"",""Scalar""]",null,1,1.088
aten::sub,"void at::native::unrolled_elementwise_kernel<at::native::CUDAFunctorOnSelf_add<int>, std::array<char*, 2ul>, 4, TrivialOffsetCalculator<1, unsigned int>, TrivialOffsetCalculator<1, unsigned int>, at::native::memory::LoadWithoutCast, at::native::memory::StoreWithoutCast>(int, at::native::CUDAFunctorOnSelf_add<int>, std::array<char*, 2ul>, TrivialOffsetCalculator<1, unsigned int>, TrivialOffsetCalculator<1, unsigned int>, at::native::memory::LoadWithoutCast, at::native::memory::StoreWithoutCast)",27,operator_shape_matched,"[[17],[],[]]","[""int"",""long int"",""Scalar""]",null,1,1.057
aten::sub,"void at::native::unrolled_elementwise_kernel<at::native::CUDAFunctorOnSelf_add<int>, std::array<char*, 2ul>, 4, TrivialOffsetCalculator<1, unsigned int>, TrivialOffsetCalculator<1, unsigned int>, at::native::memory::LoadWithoutCast, at::native::memory::StoreWithoutCast>(int, at::native::CUDAFunctorOnSelf_add<int>, std::array<char*, 2ul>, TrivialOffsetCalculator<1, unsigned int>, TrivialOffsetCalculator<1, unsigned int>, at::native::memory::LoadWithoutCast, at::native::memory::StoreWithoutCast)",28,operator_shape_matched,"[[25],[],[]]","[""int"",""long int"",""Scalar""]",null,1,1.057
aten::sub,"void at::native::unrolled_elementwise_kernel<at::native::CUDAFunctorOnSelf_add<int>, std::array<char*, 2ul>, 4, TrivialOffsetCalculator<1, unsigned int>, TrivialOffsetCalculator<1, unsigned int>, at::native::memory::LoadWithoutCast, at::native::memory::StoreWithoutCast>(int, at::native::CUDAFunctorOnSelf_add<int>, std::array<char*, 2ul>, TrivialOffsetCalculator<1, unsigned int>, TrivialOffsetCalculator<1, unsigned int>, at::native::memory::LoadWithoutCast, at::native::memory::StoreWithoutCast)",29,operator_shape_matched,"[[2],[],[]]","[""int"",""long int"",""Scalar""]",null,1,1.057
aten::sub,"void at::native::unrolled_elementwise_kernel<at::native::CUDAFunctorOnSelf_add<int>, std::array<char*, 2ul>, 4, TrivialOffsetCalculator<1, unsigned int>, TrivialOffsetCalculator<1, unsigned int>, at::native::memory::LoadWithoutCast, at::native::memory::StoreWithoutCast>(int, at::native::CUDAFunctorOnSelf_add<int>, std::array<char*, 2ul>, TrivialOffsetCalculator<1, unsigned int>, TrivialOffsetCalculator<1, unsigned int>, at::native::memory::LoadWithoutCast, at::native::memory::StoreWithoutCast)",30,operator_shape_matched,"[[46],[],[]]","[""int"",""long int"",""Scalar""]",null,1,1.057
aten::sub,"void at::native::unrolled_elementwise_kernel<at::native::CUDAFunctorOnSelf_add<int>, std::array<char*, 2ul>, 4, TrivialOffsetCalculator<1, unsigned int>, TrivialOffsetCalculator<1, unsigned int>, at::native::memory::LoadWithoutCast, at::native::memory::StoreWithoutCast>(int, at::native::CUDAFunctorOnSelf_add<int>, std::array<char*, 2ul>, TrivialOffsetCalculator<1, unsigned int>, TrivialOffsetCalculator<1, unsigned int>, at::native::memory::LoadWithoutCast, at::native::memory::StoreWithoutCast)",31,operator_shape_matched,"[[60],[],[]]","[""int"",""long int"",""Scalar""]",null,1,1.057
aten::sub,"void at::native::unrolled_elementwise_kernel<at::native::CUDAFunctorOnSelf_add<int>, std::array<char*, 2ul>, 4, TrivialOffsetCalculator<1, unsigned int>, TrivialOffsetCalculator<1, unsigned int>, at::native::memory::LoadWithoutCast, at::native::memory::StoreWithoutCast>(int, at::native::CUDAFunctorOnSelf_add<int>, std::array<char*, 2ul>, TrivialOffsetCalculator<1, unsigned int>, TrivialOffsetCalculator<1, unsigned int>, at::native::memory::LoadWithoutCast, at::native::memory::StoreWithoutCast)",32,operator_shape_matched,"[[10],[],[]]","[""int"",""long int"",""Scalar""]",null,1,1.056
aten::sub,"void at::native::unrolled_elementwise_kernel<at::native::CUDAFunctorOnSelf_add<int>, std::array<char*, 2ul>, 4, TrivialOffsetCalculator<1, unsigned int>, TrivialOffsetCalculator<1, unsigned int>, at::native::memory::LoadWithoutCast, at::native::memory::StoreWithoutCast>(int, at::native::CUDAFunctorOnSelf_add<int>, std::array<char*, 2ul>, TrivialOffsetCalculator<1, unsigned int>, TrivialOffsetCalculator<1, unsigned int>, at::native::memory::LoadWithoutCast, at::native::memory::StoreWithoutCast)",33,operator_shape_matched,"[[12],[],[]]","[""int"",""long int"",""Scalar""]",null,1,1.056
aten::sub,"void at::native::unrolled_elementwise_kernel<at::native::CUDAFunctorOnSelf_add<int>, std::array<char*, 2ul>, 4, TrivialOffsetCalculator<1, unsigned int>, TrivialOffsetCalculator<1, unsigned int>, at::native::memory::LoadWithoutCast, at::native::memory::StoreWithoutCast>(int, at::native::CUDAFunctorOnSelf_add<int>, std::array<char*, 2ul>, TrivialOffsetCalculator<1, unsigned int>, TrivialOffsetCalculator<1, unsigned int>, at::native::memory::LoadWithoutCast, at::native::memory::StoreWithoutCast)",34,operator_shape_matched,"[[14],[],[]]","[""int"",""long int"",""Scalar""]",null,1,1.056
aten::sub,"void at::native::unrolled_elementwise_kernel<at::native::CUDAFunctorOnSelf_add<int>, std::array<char*, 2ul>, 4, TrivialOffsetCalculator<1, unsigned int>, TrivialOffsetCalculator<1, unsigned int>, at::native::memory::LoadWithoutCast, at::native::memory::StoreWithoutCast>(int, at::native::CUDAFunctorOnSelf_add<int>, std::array<char*, 2ul>, TrivialOffsetCalculator<1, unsigned int>, TrivialOffsetCalculator<1, unsigned int>, at::native::memory::LoadWithoutCast, at::native::memory::StoreWithoutCast)",35,operator_shape_matched,"[[15],[],[]]","[""int"",""long int"",""Scalar""]",null,1,1.056
aten::sub,"void at::native::unrolled_elementwise_kernel<at::native::CUDAFunctorOnSelf_add<int>, std::array<char*, 2ul>, 4, TrivialOffsetCalculator<1, unsigned int>, TrivialOffsetCalculator<1, unsigned int>, at::native::memory::LoadWithoutCast, at::native::memory::StoreWithoutCast>(int, at::native::CUDAFunctorOnSelf_add<int>, std::array<char*, 2ul>, TrivialOffsetCalculator<1, unsigned int>, TrivialOffsetCalculator<1, unsigned int>, at::native::memory::LoadWithoutCast, at::native::memory::StoreWithoutCast)",36,operator_shape_matched,"[[16],[],[]]","[""int"",""long int"",""Scalar""]",null,1,1.056
aten::sub,"void at::native::unrolled_elementwise_kernel<at::native::CUDAFunctorOnSelf_add<int>, std::array<char*, 2ul>, 4, TrivialOffsetCalculator<1, unsigned int>, TrivialOffsetCalculator<1, unsigned int>, at::native::memory::LoadWithoutCast, at::native::memory::StoreWithoutCast>(int, at::native::CUDAFunctorOnSelf_add<int>, std::array<char*, 2ul>, TrivialOffsetCalculator<1, unsigned int>, TrivialOffsetCalculator<1, unsigned int>, at::native::memory::LoadWithoutCast, at::native::memory::StoreWithoutCast)",37,operator_shape_matched,"[[18],[],[]]","[""int"",""long int"",""Scalar""]",null,1,1.056
aten::sub,"void at::native::unrolled_elementwise_kernel<at::native::CUDAFunctorOnSelf_add<int>, std::array<char*, 2ul>, 4, TrivialOffsetCalculator<1, unsigned int>, TrivialOffsetCalculator<1, unsigned int>, at::native::memory::LoadWithoutCast, at::native::memory::StoreWithoutCast>(int, at::native::CUDAFunctorOnSelf_add<int>, std::array<char*, 2ul>, TrivialOffsetCalculator<1, unsigned int>, TrivialOffsetCalculator<1, unsigned int>, at::native::memory::LoadWithoutCast, at::native::memory::StoreWithoutCast)",38,operator_shape_matched,"[[21],[],[]]","[""int"",""long int"",""Scalar""]",null,1,1.056
aten::sub,"void at::native::unrolled_elementwise_kernel<at::native::CUDAFunctorOnSelf_add<int>, std::array<char*, 2ul>, 4, TrivialOffsetCalculator<1, unsigned int>, TrivialOffsetCalculator<1, unsigned int>, at::native::memory::LoadWithoutCast, at::native::memory::StoreWithoutCast>(int, at::native::CUDAFunctorOnSelf_add<int>, std::array<char*, 2ul>, TrivialOffsetCalculator<1, unsigned int>, TrivialOffsetCalculator<1, unsigned int>, at::native::memory::LoadWithoutCast, at::native::memory::StoreWithoutCast)",39,operator_shape_matched,"[[22],[],[]]","[""int"",""long int"",""Scalar""]",null,1,1.056
aten::sub,"void at::native::unrolled_elementwise_kernel<at::native::CUDAFunctorOnSelf_add<int>, std::array<char*, 2ul>, 4, TrivialOffsetCalculator<1, unsigned int>, TrivialOffsetCalculator<1, unsigned int>, at::native::memory::LoadWithoutCast, at::native::memory::StoreWithoutCast>(int, at::native::CUDAFunctorOnSelf_add<int>, std::array<char*, 2ul>, TrivialOffsetCalculator<1, unsigned int>, TrivialOffsetCalculator<1, unsigned int>, at::native::memory::LoadWithoutCast, at::native::memory::StoreWithoutCast)",40,operator_shape_matched,"[[23],[],[]]","[""int"",""long int"",""Scalar""]",null,1,1.056
aten::sub,"void at::native::unrolled_elementwise_kernel<at::native::CUDAFunctorOnSelf_add<int>, std::array<char*, 2ul>, 4, TrivialOffsetCalculator<1, unsigned int>, TrivialOffsetCalculator<1, unsigned int>, at::native::memory::LoadWithoutCast, at::native::memory::StoreWithoutCast>(int, at::native::CUDAFunctorOnSelf_add<int>, std::array<char*, 2ul>, TrivialOffsetCalculator<1, unsigned int>, TrivialOffsetCalculator<1, unsigned int>, at::native::memory::LoadWithoutCast, at::native::memory::StoreWithoutCast)",41,operator_shape_matched,"[[26],[],[]]","[""int"",""long int"",""Scalar""]",null,1,1.056
aten::sub,"void at::native::unrolled_elementwise_kernel<at::native::CUDAFunctorOnSelf_add<int>, std::array<char*, 2ul>, 4, TrivialOffsetCalculator<1, unsigned int>, TrivialOffsetCalculator<1, unsigned int>, at::native::memory::LoadWithoutCast, at::native::memory::StoreWithoutCast>(int, at::native::CUDAFunctorOnSelf_add<int>, std::array<char*, 2ul>, TrivialOffsetCalculator<1, unsigned int>, TrivialOffsetCalculator<1, unsigned int>, at::native::memory::LoadWithoutCast, at::native::memory::StoreWithoutCast)",42,operator_shape_matched,"[[27],[],[]]","[""int"",""long int"",""Scalar""]",null,1,1.056
aten::sub,"void at::native::unrolled_elementwise_kernel<at::native::CUDAFunctorOnSelf_add<int>, std::array<char*, 2ul>, 4, TrivialOffsetCalculator<1, unsigned int>, TrivialOffsetCalculator<1, unsigned int>, at::native::memory::LoadWithoutCast, at::native::memory::StoreWithoutCast>(int, at::native::CUDAFunctorOnSelf_add<int>, std::array<char*, 2ul>, TrivialOffsetCalculator<1, unsigned int>, TrivialOffsetCalculator<1, unsigned int>, at::native::memory::LoadWithoutCast, at::native::memory::StoreWithoutCast)",43,operator_shape_matched,"[[28],[],[]]","[""int"",""long int"",""Scalar""]",null,1,1.056
aten::sub,"void at::native::unrolled_elementwise_kernel<at::native::CUDAFunctorOnSelf_add<int>, std::array<char*, 2ul>, 4, TrivialOffsetCalculator<1, unsigned int>, TrivialOffsetCalculator<1, unsigned int>, at::native::memory::LoadWithoutCast, at::native::memory::StoreWithoutCast>(int, at::native::CUDAFunctorOnSelf_add<int>, std::array<char*, 2ul>, TrivialOffsetCalculator<1, unsigned int>, TrivialOffsetCalculator<1, unsigned int>, at::native::memory::LoadWithoutCast, at::native::memory::StoreWithoutCast)",44,operator_shape_matched,"[[29],[],[]]","[""int"",""long int"",""Scalar""]",null,1,1.056
aten::sub,"void at::native::unrolled_elementwise_kernel<at::native::CUDAFunctorOnSelf_add<int>, std::array<char*, 2ul>, 4, TrivialOffsetCalculator<1, unsigned int>, TrivialOffsetCalculator<1, unsigned int>, at::native::memory::LoadWithoutCast, at::native::memory::StoreWithoutCast>(int, at::native::CUDAFunctorOnSelf_add<int>, std::array<char*, 2ul>, TrivialOffsetCalculator<1, unsigned int>, TrivialOffsetCalculator<1, unsigned int>, at::native::memory::LoadWithoutCast, at::native::memory::StoreWithoutCast)",45,operator_shape_matched,"[[30],[],[]]","[""int"",""long int"",""Scalar""]",null,1,1.056
aten::sub,"void at::native::unrolled_elementwise_kernel<at::native::CUDAFunctorOnSelf_add<int>, std::array<char*, 2ul>, 4, TrivialOffsetCalculator<1, unsigned int>, TrivialOffsetCalculator<1, unsigned int>, at::native::memory::LoadWithoutCast, at::native::memory::StoreWithoutCast>(int, at::native::CUDAFunctorOnSelf_add<int>, std::array<char*, 2ul>, TrivialOffsetCalculator<1, unsigned int>, TrivialOffsetCalculator<1, unsigned int>, at::native::memory::LoadWithoutCast, at::native::memory::StoreWithoutCast)",46,operator_shape_matched,"[[36],[],[]]","[""int"",""long int"",""Scalar""]",null,1,1.056
aten::sub,"void at::native::unrolled_elementwise_kernel<at::native::CUDAFunctorOnSelf_add<int>, std::array<char*, 2ul>, 4, TrivialOffsetCalculator<1, unsigned int>, TrivialOffsetCalculator<1, unsigned int>, at::native::memory::LoadWithoutCast, at::native::memory::StoreWithoutCast>(int, at::native::CUDAFunctorOnSelf_add<int>, std::array<char*, 2ul>, TrivialOffsetCalculator<1, unsigned int>, TrivialOffsetCalculator<1, unsigned int>, at::native::memory::LoadWithoutCast, at::native::memory::StoreWithoutCast)",47,operator_shape_matched,"[[37],[],[]]","[""int"",""long int"",""Scalar""]",null,1,1.056
aten::sub,"void at::native::unrolled_elementwise_kernel<at::native::CUDAFunctorOnSelf_add<int>, std::array<char*, 2ul>, 4, TrivialOffsetCalculator<1, unsigned int>, TrivialOffsetCalculator<1, unsigned int>, at::native::memory::LoadWithoutCast, at::native::memory::StoreWithoutCast>(int, at::native::CUDAFunctorOnSelf_add<int>, std::array<char*, 2ul>, TrivialOffsetCalculator<1, unsigned int>, TrivialOffsetCalculator<1, unsigned int>, at::native::memory::LoadWithoutCast, at::native::memory::StoreWithoutCast)",48,operator_shape_matched,"[[40],[],[]]","[""int"",""long int"",""Scalar""]",null,1,1.056
aten::sub,"void at::native::unrolled_elementwise_kernel<at::native::CUDAFunctorOnSelf_add<int>, std::array<char*, 2ul>, 4, TrivialOffsetCalculator<1, unsigned int>, TrivialOffsetCalculator<1, unsigned int>, at::native::memory::LoadWithoutCast, at::native::memory::StoreWithoutCast>(int, at::native::CUDAFunctorOnSelf_add<int>, std::array<char*, 2ul>, TrivialOffsetCalculator<1, unsigned int>, TrivialOffsetCalculator<1, unsigned int>, at::native::memory::LoadWithoutCast, at::native::memory::StoreWithoutCast)",49,operator_shape_matched,"[[41],[],[]]","[""int"",""long int"",""Scalar""]",null,1,1.056
aten::sub,"void at::native::unrolled_elementwise_kernel<at::native::CUDAFunctorOnSelf_add<int>, std::array<char*, 2ul>, 4, TrivialOffsetCalculator<1, unsigned int>, TrivialOffsetCalculator<1, unsigned int>, at::native::memory::LoadWithoutCast, at::native::memory::StoreWithoutCast>(int, at::native::CUDAFunctorOnSelf_add<int>, std::array<char*, 2ul>, TrivialOffsetCalculator<1, unsigned int>, TrivialOffsetCalculator<1, unsigned int>, at::native::memory::LoadWithoutCast, at::native::memory::StoreWithoutCast)",50,operator_shape_matched,"[[43],[],[]]","[""int"",""long int"",""Scalar""]",null,1,1.056
aten::sub,"void at::native::unrolled_elementwise_kernel<at::native::CUDAFunctorOnSelf_add<int>, std::array<char*, 2ul>, 4, TrivialOffsetCalculator<1, unsigned int>, TrivialOffsetCalculator<1, unsigned int>, at::native::memory::LoadWithoutCast, at::native::memory::StoreWithoutCast>(int, at::native::CUDAFunctorOnSelf_add<int>, std::array<char*, 2ul>, TrivialOffsetCalculator<1, unsigned int>, TrivialOffsetCalculator<1, unsigned int>, at::native::memory::LoadWithoutCast, at::native::memory::StoreWithoutCast)",51,operator_shape_matched,"[[51],[],[]]","[""int"",""long int"",""Scalar""]",null,1,1.056
aten::sub,"void at::native::unrolled_elementwise_kernel<at::native::CUDAFunctorOnSelf_add<int>, std::array<char*, 2ul>, 4, TrivialOffsetCalculator<1, unsigned int>, TrivialOffsetCalculator<1, unsigned int>, at::native::memory::LoadWithoutCast, at::native::memory::StoreWithoutCast>(int, at::native::CUDAFunctorOnSelf_add<int>, std::array<char*, 2ul>, TrivialOffsetCalculator<1, unsigned int>, TrivialOffsetCalculator<1, unsigned int>, at::native::memory::LoadWithoutCast, at::native::memory::StoreWithoutCast)",52,operator_shape_matched,"[[53],[],[]]","[""int"",""long int"",""Scalar""]",null,1,1.056
aten::sub,"void at::native::unrolled_elementwise_kernel<at::native::CUDAFunctorOnSelf_add<int>, std::array<char*, 2ul>, 4, TrivialOffsetCalculator<1, unsigned int>, TrivialOffsetCalculator<1, unsigned int>, at::native::memory::LoadWithoutCast, at::native::memory::StoreWithoutCast>(int, at::native::CUDAFunctorOnSelf_add<int>, std::array<char*, 2ul>, TrivialOffsetCalculator<1, unsigned int>, TrivialOffsetCalculator<1, unsigned int>, at::native::memory::LoadWithoutCast, at::native::memory::StoreWithoutCast)",53,operator_shape_matched,"[[55],[],[]]","[""int"",""long int"",""Scalar""]",null,1,1.056
aten::sub,"void at::native::unrolled_elementwise_kernel<at::native::CUDAFunctorOnSelf_add<int>, std::array<char*, 2ul>, 4, TrivialOffsetCalculator<1, unsigned int>, TrivialOffsetCalculator<1, unsigned int>, at::native::memory::LoadWithoutCast, at::native::memory::StoreWithoutCast>(int, at::native::CUDAFunctorOnSelf_add<int>, std::array<char*, 2ul>, TrivialOffsetCalculator<1, unsigned int>, TrivialOffsetCalculator<1, unsigned int>, at::native::memory::LoadWithoutCast, at::native::memory::StoreWithoutCast)",54,operator_shape_matched,"[[59],[],[]]","[""int"",""long int"",""Scalar""]",null,1,1.056
aten::sub,"void at::native::unrolled_elementwise_kernel<at::native::CUDAFunctorOnSelf_add<int>, std::array<char*, 2ul>, 4, TrivialOffsetCalculator<1, unsigned int>, TrivialOffsetCalculator<1, unsigned int>, at::native::memory::LoadWithoutCast, at::native::memory::StoreWithoutCast>(int, at::native::CUDAFunctorOnSelf_add<int>, std::array<char*, 2ul>, TrivialOffsetCalculator<1, unsigned int>, TrivialOffsetCalculator<1, unsigned int>, at::native::memory::LoadWithoutCast, at::native::memory::StoreWithoutCast)",55,operator_shape_matched,"[[61],[],[]]","[""int"",""long int"",""Scalar""]",null,1,1.056
aten::sub,"void at::native::unrolled_elementwise_kernel<at::native::CUDAFunctorOnSelf_add<int>, std::array<char*, 2ul>, 4, TrivialOffsetCalculator<1, unsigned int>, TrivialOffsetCalculator<1, unsigned int>, at::native::memory::LoadWithoutCast, at::native::memory::StoreWithoutCast>(int, at::native::CUDAFunctorOnSelf_add<int>, std::array<char*, 2ul>, TrivialOffsetCalculator<1, unsigned int>, TrivialOffsetCalculator<1, unsigned int>, at::native::memory::LoadWithoutCast, at::native::memory::StoreWithoutCast)",56,operator_shape_matched,"[[7],[],[]]","[""int"",""long int"",""Scalar""]",null,1,1.056
aten::sub,"void at::native::unrolled_elementwise_kernel<at::native::CUDAFunctorOnSelf_add<int>, std::array<char*, 2ul>, 4, TrivialOffsetCalculator<1, unsigned int>, TrivialOffsetCalculator<1, unsigned int>, at::native::memory::LoadWithoutCast, at::native::memory::StoreWithoutCast>(int, at::native::CUDAFunctorOnSelf_add<int>, std::array<char*, 2ul>, TrivialOffsetCalculator<1, unsigned int>, TrivialOffsetCalculator<1, unsigned int>, at::native::memory::LoadWithoutCast, at::native::memory::StoreWithoutCast)",57,operator_shape_matched,"[[8],[],[]]","[""int"",""long int"",""Scalar""]",null,1,1.056
aten::sub,"void at::native::unrolled_elementwise_kernel<at::native::CUDAFunctorOnSelf_add<int>, std::array<char*, 2ul>, 4, TrivialOffsetCalculator<1, unsigned int>, TrivialOffsetCalculator<1, unsigned int>, at::native::memory::LoadWithoutCast, at::native::memory::StoreWithoutCast>(int, at::native::CUDAFunctorOnSelf_add<int>, std::array<char*, 2ul>, TrivialOffsetCalculator<1, unsigned int>, TrivialOffsetCalculator<1, unsigned int>, at::native::memory::LoadWithoutCast, at::native::memory::StoreWithoutCast)",58,operator_shape_matched,"[[19],[],[]]","[""int"",""long int"",""Scalar""]",null,1,1.055
aten::sub,"void at::native::unrolled_elementwise_kernel<at::native::CUDAFunctorOnSelf_add<int>, std::array<char*, 2ul>, 4, TrivialOffsetCalculator<1, unsigned int>, TrivialOffsetCalculator<1, unsigned int>, at::native::memory::LoadWithoutCast, at::native::memory::StoreWithoutCast>(int, at::native::CUDAFunctorOnSelf_add<int>, std::array<char*, 2ul>, TrivialOffsetCalculator<1, unsigned int>, TrivialOffsetCalculator<1, unsigned int>, at::native::memory::LoadWithoutCast, at::native::memory::StoreWithoutCast)",59,operator_shape_matched,"[[39],[],[]]","[""int"",""long int"",""Scalar""]",null,1,1.055
aten::sub,"void at::native::unrolled_elementwise_kernel<at::native::CUDAFunctorOnSelf_add<int>, std::array<char*, 2ul>, 4, TrivialOffsetCalculator<1, unsigned int>, TrivialOffsetCalculator<1, unsigned int>, at::native::memory::LoadWithoutCast, at::native::memory::StoreWithoutCast>(int, at::native::CUDAFunctorOnSelf_add<int>, std::array<char*, 2ul>, TrivialOffsetCalculator<1, unsigned int>, TrivialOffsetCalculator<1, unsigned int>, at::native::memory::LoadWithoutCast, at::native::memory::StoreWithoutCast)",60,operator_shape_matched,"[[4],[],[]]","[""int"",""long int"",""Scalar""]",null,1,1.055
aten::sub,"void at::native::unrolled_elementwise_kernel<at::native::CUDAFunctorOnSelf_add<int>, std::array<char*, 2ul>, 4, TrivialOffsetCalculator<1, unsigned int>, TrivialOffsetCalculator<1, unsigned int>, at::native::memory::LoadWithoutCast, at::native::memory::StoreWithoutCast>(int, at::native::CUDAFunctorOnSelf_add<int>, std::array<char*, 2ul>, TrivialOffsetCalculator<1, unsigned int>, TrivialOffsetCalculator<1, unsigned int>, at::native::memory::LoadWithoutCast, at::native::memory::StoreWithoutCast)",61,operator_shape_matched,"[[5],[],[]]","[""int"",""long int"",""Scalar""]",null,1,1.055
aten::sub,"void at::native::unrolled_elementwise_kernel<at::native::CUDAFunctorOnSelf_add<int>, std::array<char*, 2ul>, 4, TrivialOffsetCalculator<1, unsigned int>, TrivialOffsetCalculator<1, unsigned int>, at::native::memory::LoadWithoutCast, at::native::memory::StoreWithoutCast>(int, at::native::CUDAFunctorOnSelf_add<int>, std::array<char*, 2ul>, TrivialOffsetCalculator<1, unsigned int>, TrivialOffsetCalculator<1, unsigned int>, at::native::memory::LoadWithoutCast, at::native::memory::StoreWithoutCast)",62,operator_shape_matched,"[[6],[],[]]","[""int"",""long int"",""Scalar""]",null,1,1.055
aten::sub,"void at::native::unrolled_elementwise_kernel<at::native::CUDAFunctorOnSelf_add<int>, std::array<char*, 2ul>, 4, TrivialOffsetCalculator<1, unsigned int>, TrivialOffsetCalculator<1, unsigned int>, at::native::memory::LoadWithoutCast, at::native::memory::StoreWithoutCast>(int, at::native::CUDAFunctorOnSelf_add<int>, std::array<char*, 2ul>, TrivialOffsetCalculator<1, unsigned int>, TrivialOffsetCalculator<1, unsigned int>, at::native::memory::LoadWithoutCast, at::native::memory::StoreWithoutCast)",63,operator_shape_matched,"[[9],[],[]]","[""int"",""long int"",""Scalar""]",null,1,1.055
aten::sub,"void at::native::unrolled_elementwise_kernel<at::native::CUDAFunctorOnSelf_add<int>, std::array<char*, 2ul>, 4, TrivialOffsetCalculator<1, unsigned int>, TrivialOffsetCalculator<1, unsigned int>, at::native::memory::LoadWithoutCast, at::native::memory::StoreWithoutCast>(int, at::native::CUDAFunctorOnSelf_add<int>, std::array<char*, 2ul>, TrivialOffsetCalculator<1, unsigned int>, TrivialOffsetCalculator<1, unsigned int>, at::native::memory::LoadWithoutCast, at::native::memory::StoreWithoutCast)",64,operator_shape_matched,"[[11],[],[]]","[""int"",""long int"",""Scalar""]",null,1,1.024
aten::sub,"void at::native::unrolled_elementwise_kernel<at::native::CUDAFunctor_add<int>, std::array<char*, 3ul>, 4, TrivialOffsetCalculator<2, unsigned int>, TrivialOffsetCalculator<1, unsigned int>, at::native::memory::LoadWithoutCast, at::native::memory::StoreWithoutCast>(int, at::native::CUDAFunctor_add<int>, std::array<char*, 3ul>, TrivialOffsetCalculator<2, unsigned int>, TrivialOffsetCalculator<1, unsigned int>, at::native::memory::LoadWithoutCast, at::native::memory::StoreWithoutCast)",1,operator_shape_matched,"[[64],[64],[]]","[""int"",""int"",""Scalar""]",null,240,255.398
aten::sub,"void at::native::unrolled_elementwise_kernel<at::native::CUDAFunctor_add<int>, std::array<char*, 3ul>, 4, TrivialOffsetCalculator<2, unsigned int>, TrivialOffsetCalculator<1, unsigned int>, at::native::memory::LoadWithoutCast, at::native::memory::StoreWithoutCast>(int, at::native::CUDAFunctor_add<int>, std::array<char*, 3ul>, TrivialOffsetCalculator<2, unsigned int>, TrivialOffsetCalculator<1, unsigned int>, at::native::memory::LoadWithoutCast, at::native::memory::StoreWithoutCast)",2,operator_shape_matched,"[[32],[32],[]]","[""int"",""int"",""Scalar""]",null,8,8.385
aten::sub,"void at::native::unrolled_elementwise_kernel<at::native::CUDAFunctor_add<int>, std::array<char*, 3ul>, 4, TrivialOffsetCalculator<2, unsigned int>, TrivialOffsetCalculator<1, unsigned int>, at::native::memory::LoadWithoutCast, at::native::memory::StoreWithoutCast>(int, at::native::CUDAFunctor_add<int>, std::array<char*, 3ul>, TrivialOffsetCalculator<2, unsigned int>, TrivialOffsetCalculator<1, unsigned int>, at::native::memory::LoadWithoutCast, at::native::memory::StoreWithoutCast)",3,operator_shape_matched,"[[16],[16],[]]","[""int"",""int"",""Scalar""]",null,4,4.447
aten::sub,"void at::native::unrolled_elementwise_kernel<at::native::CUDAFunctor_add<int>, std::array<char*, 3ul>, 4, TrivialOffsetCalculator<2, unsigned int>, TrivialOffsetCalculator<1, unsigned int>, at::native::memory::LoadWithoutCast, at::native::memory::StoreWithoutCast>(int, at::native::CUDAFunctor_add<int>, std::array<char*, 3ul>, TrivialOffsetCalculator<2, unsigned int>, TrivialOffsetCalculator<1, unsigned int>, at::native::memory::LoadWithoutCast, at::native::memory::StoreWithoutCast)",4,operator_shape_matched,"[[1],[1],[]]","[""int"",""int"",""Scalar""]",null,2,2.112
aten::sub,"void at::native::unrolled_elementwise_kernel<at::native::CUDAFunctor_add<int>, std::array<char*, 3ul>, 4, TrivialOffsetCalculator<2, unsigned int>, TrivialOffsetCalculator<1, unsigned int>, at::native::memory::LoadWithoutCast, at::native::memory::StoreWithoutCast>(int, at::native::CUDAFunctor_add<int>, std::array<char*, 3ul>, TrivialOffsetCalculator<2, unsigned int>, TrivialOffsetCalculator<1, unsigned int>, at::native::memory::LoadWithoutCast, at::native::memory::StoreWithoutCast)",5,operator_shape_matched,"[[8],[8],[]]","[""int"",""int"",""Scalar""]",null,2,2.111
aten::sub,"void at::native::unrolled_elementwise_kernel<at::native::CUDAFunctor_add<int>, std::array<char*, 3ul>, 4, TrivialOffsetCalculator<2, unsigned int>, TrivialOffsetCalculator<1, unsigned int>, at::native::memory::LoadWithoutCast, at::native::memory::StoreWithoutCast>(int, at::native::CUDAFunctor_add<int>, std::array<char*, 3ul>, TrivialOffsetCalculator<2, unsigned int>, TrivialOffsetCalculator<1, unsigned int>, at::native::memory::LoadWithoutCast, at::native::memory::StoreWithoutCast)",6,operator_shape_matched,"[[15],[15],[]]","[""int"",""int"",""Scalar""]",null,1,1.12
aten::sub,"void at::native::unrolled_elementwise_kernel<at::native::CUDAFunctor_add<int>, std::array<char*, 3ul>, 4, TrivialOffsetCalculator<2, unsigned int>, TrivialOffsetCalculator<1, unsigned int>, at::native::memory::LoadWithoutCast, at::native::memory::StoreWithoutCast>(int, at::native::CUDAFunctor_add<int>, std::array<char*, 3ul>, TrivialOffsetCalculator<2, unsigned int>, TrivialOffsetCalculator<1, unsigned int>, at::native::memory::LoadWithoutCast, at::native::memory::StoreWithoutCast)",7,operator_shape_matched,"[[19],[19],[]]","[""int"",""int"",""Scalar""]",null,1,1.057
aten::sub,"void at::native::unrolled_elementwise_kernel<at::native::CUDAFunctor_add<int>, std::array<char*, 3ul>, 4, TrivialOffsetCalculator<2, unsigned int>, TrivialOffsetCalculator<1, unsigned int>, at::native::memory::LoadWithoutCast, at::native::memory::StoreWithoutCast>(int, at::native::CUDAFunctor_add<int>, std::array<char*, 3ul>, TrivialOffsetCalculator<2, unsigned int>, TrivialOffsetCalculator<1, unsigned int>, at::native::memory::LoadWithoutCast, at::native::memory::StoreWithoutCast)",8,operator_shape_matched,"[[25],[25],[]]","[""int"",""int"",""Scalar""]",null,1,1.057
aten::sub,"void at::native::unrolled_elementwise_kernel<at::native::CUDAFunctor_add<int>, std::array<char*, 3ul>, 4, TrivialOffsetCalculator<2, unsigned int>, TrivialOffsetCalculator<1, unsigned int>, at::native::memory::LoadWithoutCast, at::native::memory::StoreWithoutCast>(int, at::native::CUDAFunctor_add<int>, std::array<char*, 3ul>, TrivialOffsetCalculator<2, unsigned int>, TrivialOffsetCalculator<1, unsigned int>, at::native::memory::LoadWithoutCast, at::native::memory::StoreWithoutCast)",9,operator_shape_matched,"[[5],[5],[]]","[""int"",""int"",""Scalar""]",null,1,1.057
aten::sub,"void at::native::unrolled_elementwise_kernel<at::native::CUDAFunctor_add<int>, std::array<char*, 3ul>, 4, TrivialOffsetCalculator<2, unsigned int>, TrivialOffsetCalculator<1, unsigned int>, at::native::memory::LoadWithoutCast, at::native::memory::StoreWithoutCast>(int, at::native::CUDAFunctor_add<int>, std::array<char*, 3ul>, TrivialOffsetCalculator<2, unsigned int>, TrivialOffsetCalculator<1, unsigned int>, at::native::memory::LoadWithoutCast, at::native::memory::StoreWithoutCast)",10,operator_shape_matched,"[[7],[7],[]]","[""int"",""int"",""Scalar""]",null,1,1.057
aten::sub,"void at::native::unrolled_elementwise_kernel<at::native::CUDAFunctor_add<int>, std::array<char*, 3ul>, 4, TrivialOffsetCalculator<2, unsigned int>, TrivialOffsetCalculator<1, unsigned int>, at::native::memory::LoadWithoutCast, at::native::memory::StoreWithoutCast>(int, at::native::CUDAFunctor_add<int>, std::array<char*, 3ul>, TrivialOffsetCalculator<2, unsigned int>, TrivialOffsetCalculator<1, unsigned int>, at::native::memory::LoadWithoutCast, at::native::memory::StoreWithoutCast)",11,operator_shape_matched,"[[11],[11],[]]","[""int"",""int"",""Scalar""]",null,1,1.056
aten::sub,"void at::native::unrolled_elementwise_kernel<at::native::CUDAFunctor_add<int>, std::array<char*, 3ul>, 4, TrivialOffsetCalculator<2, unsigned int>, TrivialOffsetCalculator<1, unsigned int>, at::native::memory::LoadWithoutCast, at::native::memory::StoreWithoutCast>(int, at::native::CUDAFunctor_add<int>, std::array<char*, 3ul>, TrivialOffsetCalculator<2, unsigned int>, TrivialOffsetCalculator<1, unsigned int>, at::native::memory::LoadWithoutCast, at::native::memory::StoreWithoutCast)",12,operator_shape_matched,"[[13],[13],[]]","[""int"",""int"",""Scalar""]",null,1,1.056
aten::sub,"void at::native::unrolled_elementwise_kernel<at::native::CUDAFunctor_add<int>, std::array<char*, 3ul>, 4, TrivialOffsetCalculator<2, unsigned int>, TrivialOffsetCalculator<1, unsigned int>, at::native::memory::LoadWithoutCast, at::native::memory::StoreWithoutCast>(int, at::native::CUDAFunctor_add<int>, std::array<char*, 3ul>, TrivialOffsetCalculator<2, unsigned int>, TrivialOffsetCalculator<1, unsigned int>, at::native::memory::LoadWithoutCast, at::native::memory::StoreWithoutCast)",13,operator_shape_matched,"[[17],[17],[]]","[""int"",""int"",""Scalar""]",null,1,1.056
aten::sub,"void at::native::unrolled_elementwise_kernel<at::native::CUDAFunctor_add<int>, std::array<char*, 3ul>, 4, TrivialOffsetCalculator<2, unsigned int>, TrivialOffsetCalculator<1, unsigned int>, at::native::memory::LoadWithoutCast, at::native::memory::StoreWithoutCast>(int, at::native::CUDAFunctor_add<int>, std::array<char*, 3ul>, TrivialOffsetCalculator<2, unsigned int>, TrivialOffsetCalculator<1, unsigned int>, at::native::memory::LoadWithoutCast, at::native::memory::StoreWithoutCast)",14,operator_shape_matched,"[[21],[21],[]]","[""int"",""int"",""Scalar""]",null,1,1.056
aten::sub,"void at::native::unrolled_elementwise_kernel<at::native::CUDAFunctor_add<int>, std::array<char*, 3ul>, 4, TrivialOffsetCalculator<2, unsigned int>, TrivialOffsetCalculator<1, unsigned int>, at::native::memory::LoadWithoutCast, at::native::memory::StoreWithoutCast>(int, at::native::CUDAFunctor_add<int>, std::array<char*, 3ul>, TrivialOffsetCalculator<2, unsigned int>, TrivialOffsetCalculator<1, unsigned int>, at::native::memory::LoadWithoutCast, at::native::memory::StoreWithoutCast)",15,operator_shape_matched,"[[23],[23],[]]","[""int"",""int"",""Scalar""]",null,1,1.056
aten::sub,"void at::native::unrolled_elementwise_kernel<at::native::CUDAFunctor_add<int>, std::array<char*, 3ul>, 4, TrivialOffsetCalculator<2, unsigned int>, TrivialOffsetCalculator<1, unsigned int>, at::native::memory::LoadWithoutCast, at::native::memory::StoreWithoutCast>(int, at::native::CUDAFunctor_add<int>, std::array<char*, 3ul>, TrivialOffsetCalculator<2, unsigned int>, TrivialOffsetCalculator<1, unsigned int>, at::native::memory::LoadWithoutCast, at::native::memory::StoreWithoutCast)",16,operator_shape_matched,"[[27],[27],[]]","[""int"",""int"",""Scalar""]",null,1,1.056
aten::sub,"void at::native::unrolled_elementwise_kernel<at::native::CUDAFunctor_add<int>, std::array<char*, 3ul>, 4, TrivialOffsetCalculator<2, unsigned int>, TrivialOffsetCalculator<1, unsigned int>, at::native::memory::LoadWithoutCast, at::native::memory::StoreWithoutCast>(int, at::native::CUDAFunctor_add<int>, std::array<char*, 3ul>, TrivialOffsetCalculator<2, unsigned int>, TrivialOffsetCalculator<1, unsigned int>, at::native::memory::LoadWithoutCast, at::native::memory::StoreWithoutCast)",17,operator_shape_matched,"[[29],[29],[]]","[""int"",""int"",""Scalar""]",null,1,1.056
aten::sub,"void at::native::unrolled_elementwise_kernel<at::native::CUDAFunctor_add<int>, std::array<char*, 3ul>, 4, TrivialOffsetCalculator<2, unsigned int>, TrivialOffsetCalculator<1, unsigned int>, at::native::memory::LoadWithoutCast, at::native::memory::StoreWithoutCast>(int, at::native::CUDAFunctor_add<int>, std::array<char*, 3ul>, TrivialOffsetCalculator<2, unsigned int>, TrivialOffsetCalculator<1, unsigned int>, at::native::memory::LoadWithoutCast, at::native::memory::StoreWithoutCast)",18,operator_shape_matched,"[[31],[31],[]]","[""int"",""int"",""Scalar""]",null,1,1.056
aten::sub,"void at::native::unrolled_elementwise_kernel<at::native::CUDAFunctor_add<int>, std::array<char*, 3ul>, 4, TrivialOffsetCalculator<2, unsigned int>, TrivialOffsetCalculator<1, unsigned int>, at::native::memory::LoadWithoutCast, at::native::memory::StoreWithoutCast>(int, at::native::CUDAFunctor_add<int>, std::array<char*, 3ul>, TrivialOffsetCalculator<2, unsigned int>, TrivialOffsetCalculator<1, unsigned int>, at::native::memory::LoadWithoutCast, at::native::memory::StoreWithoutCast)",19,operator_shape_matched,"[[35],[35],[]]","[""int"",""int"",""Scalar""]",null,1,1.056
aten::sub,"void at::native::unrolled_elementwise_kernel<at::native::CUDAFunctor_add<int>, std::array<char*, 3ul>, 4, TrivialOffsetCalculator<2, unsigned int>, TrivialOffsetCalculator<1, unsigned int>, at::native::memory::LoadWithoutCast, at::native::memory::StoreWithoutCast>(int, at::native::CUDAFunctor_add<int>, std::array<char*, 3ul>, TrivialOffsetCalculator<2, unsigned int>, TrivialOffsetCalculator<1, unsigned int>, at::native::memory::LoadWithoutCast, at::native::memory::StoreWithoutCast)",20,operator_shape_matched,"[[37],[37],[]]","[""int"",""int"",""Scalar""]",null,1,1.056
aten::sub,"void at::native::unrolled_elementwise_kernel<at::native::CUDAFunctor_add<int>, std::array<char*, 3ul>, 4, TrivialOffsetCalculator<2, unsigned int>, TrivialOffsetCalculator<1, unsigned int>, at::native::memory::LoadWithoutCast, at::native::memory::StoreWithoutCast>(int, at::native::CUDAFunctor_add<int>, std::array<char*, 3ul>, TrivialOffsetCalculator<2, unsigned int>, TrivialOffsetCalculator<1, unsigned int>, at::native::memory::LoadWithoutCast, at::native::memory::StoreWithoutCast)",21,operator_shape_matched,"[[39],[39],[]]","[""int"",""int"",""Scalar""]",null,1,1.056
aten::sub,"void at::native::unrolled_elementwise_kernel<at::native::CUDAFunctor_add<int>, std::array<char*, 3ul>, 4, TrivialOffsetCalculator<2, unsigned int>, TrivialOffsetCalculator<1, unsigned int>, at::native::memory::LoadWithoutCast, at::native::memory::StoreWithoutCast>(int, at::native::CUDAFunctor_add<int>, std::array<char*, 3ul>, TrivialOffsetCalculator<2, unsigned int>, TrivialOffsetCalculator<1, unsigned int>, at::native::memory::LoadWithoutCast, at::native::memory::StoreWithoutCast)",22,operator_shape_matched,"[[3],[3],[]]","[""int"",""int"",""Scalar""]",null,1,1.056
aten::sub,"void at::native::unrolled_elementwise_kernel<at::native::CUDAFunctor_add<int>, std::array<char*, 3ul>, 4, TrivialOffsetCalculator<2, unsigned int>, TrivialOffsetCalculator<1, unsigned int>, at::native::memory::LoadWithoutCast, at::native::memory::StoreWithoutCast>(int, at::native::CUDAFunctor_add<int>, std::array<char*, 3ul>, TrivialOffsetCalculator<2, unsigned int>, TrivialOffsetCalculator<1, unsigned int>, at::native::memory::LoadWithoutCast, at::native::memory::StoreWithoutCast)",23,operator_shape_matched,"[[41],[41],[]]","[""int"",""int"",""Scalar""]",null,1,1.056
aten::sub,"void at::native::unrolled_elementwise_kernel<at::native::CUDAFunctor_add<int>, std::array<char*, 3ul>, 4, TrivialOffsetCalculator<2, unsigned int>, TrivialOffsetCalculator<1, unsigned int>, at::native::memory::LoadWithoutCast, at::native::memory::StoreWithoutCast>(int, at::native::CUDAFunctor_add<int>, std::array<char*, 3ul>, TrivialOffsetCalculator<2, unsigned int>, TrivialOffsetCalculator<1, unsigned int>, at::native::memory::LoadWithoutCast, at::native::memory::StoreWithoutCast)",24,operator_shape_matched,"[[43],[43],[]]","[""int"",""int"",""Scalar""]",null,1,1.056
aten::sub,"void at::native::unrolled_elementwise_kernel<at::native::CUDAFunctor_add<int>, std::array<char*, 3ul>, 4, TrivialOffsetCalculator<2, unsigned int>, TrivialOffsetCalculator<1, unsigned int>, at::native::memory::LoadWithoutCast, at::native::memory::StoreWithoutCast>(int, at::native::CUDAFunctor_add<int>, std::array<char*, 3ul>, TrivialOffsetCalculator<2, unsigned int>, TrivialOffsetCalculator<1, unsigned int>, at::native::memory::LoadWithoutCast, at::native::memory::StoreWithoutCast)",25,operator_shape_matched,"[[45],[45],[]]","[""int"",""int"",""Scalar""]",null,1,1.056
aten::sub,"void at::native::unrolled_elementwise_kernel<at::native::CUDAFunctor_add<int>, std::array<char*, 3ul>, 4, TrivialOffsetCalculator<2, unsigned int>, TrivialOffsetCalculator<1, unsigned int>, at::native::memory::LoadWithoutCast, at::native::memory::StoreWithoutCast>(int, at::native::CUDAFunctor_add<int>, std::array<char*, 3ul>, TrivialOffsetCalculator<2, unsigned int>, TrivialOffsetCalculator<1, unsigned int>, at::native::memory::LoadWithoutCast, at::native::memory::StoreWithoutCast)",26,operator_shape_matched,"[[47],[47],[]]","[""int"",""int"",""Scalar""]",null,1,1.056
aten::sub,"void at::native::unrolled_elementwise_kernel<at::native::CUDAFunctor_add<int>, std::array<char*, 3ul>, 4, TrivialOffsetCalculator<2, unsigned int>, TrivialOffsetCalculator<1, unsigned int>, at::native::memory::LoadWithoutCast, at::native::memory::StoreWithoutCast>(int, at::native::CUDAFunctor_add<int>, std::array<char*, 3ul>, TrivialOffsetCalculator<2, unsigned int>, TrivialOffsetCalculator<1, unsigned int>, at::native::memory::LoadWithoutCast, at::native::memory::StoreWithoutCast)",27,operator_shape_matched,"[[49],[49],[]]","[""int"",""int"",""Scalar""]",null,1,1.056
aten::sub,"void at::native::unrolled_elementwise_kernel<at::native::CUDAFunctor_add<int>, std::array<char*, 3ul>, 4, TrivialOffsetCalculator<2, unsigned int>, TrivialOffsetCalculator<1, unsigned int>, at::native::memory::LoadWithoutCast, at::native::memory::StoreWithoutCast>(int, at::native::CUDAFunctor_add<int>, std::array<char*, 3ul>, TrivialOffsetCalculator<2, unsigned int>, TrivialOffsetCalculator<1, unsigned int>, at::native::memory::LoadWithoutCast, at::native::memory::StoreWithoutCast)",28,operator_shape_matched,"[[4],[4],[]]","[""int"",""int"",""Scalar""]",null,1,1.056
aten::sub,"void at::native::unrolled_elementwise_kernel<at::native::CUDAFunctor_add<int>, std::array<char*, 3ul>, 4, TrivialOffsetCalculator<2, unsigned int>, TrivialOffsetCalculator<1, unsigned int>, at::native::memory::LoadWithoutCast, at::native::memory::StoreWithoutCast>(int, at::native::CUDAFunctor_add<int>, std::array<char*, 3ul>, TrivialOffsetCalculator<2, unsigned int>, TrivialOffsetCalculator<1, unsigned int>, at::native::memory::LoadWithoutCast, at::native::memory::StoreWithoutCast)",29,operator_shape_matched,"[[53],[53],[]]","[""int"",""int"",""Scalar""]",null,1,1.056
aten::sub,"void at::native::unrolled_elementwise_kernel<at::native::CUDAFunctor_add<int>, std::array<char*, 3ul>, 4, TrivialOffsetCalculator<2, unsigned int>, TrivialOffsetCalculator<1, unsigned int>, at::native::memory::LoadWithoutCast, at::native::memory::StoreWithoutCast>(int, at::native::CUDAFunctor_add<int>, std::array<char*, 3ul>, TrivialOffsetCalculator<2, unsigned int>, TrivialOffsetCalculator<1, unsigned int>, at::native::memory::LoadWithoutCast, at::native::memory::StoreWithoutCast)",30,operator_shape_matched,"[[57],[57],[]]","[""int"",""int"",""Scalar""]",null,1,1.056
aten::sub,"void at::native::unrolled_elementwise_kernel<at::native::CUDAFunctor_add<int>, std::array<char*, 3ul>, 4, TrivialOffsetCalculator<2, unsigned int>, TrivialOffsetCalculator<1, unsigned int>, at::native::memory::LoadWithoutCast, at::native::memory::StoreWithoutCast>(int, at::native::CUDAFunctor_add<int>, std::array<char*, 3ul>, TrivialOffsetCalculator<2, unsigned int>, TrivialOffsetCalculator<1, unsigned int>, at::native::memory::LoadWithoutCast, at::native::memory::StoreWithoutCast)",31,operator_shape_matched,"[[59],[59],[]]","[""int"",""int"",""Scalar""]",null,1,1.056
aten::sub,"void at::native::unrolled_elementwise_kernel<at::native::CUDAFunctor_add<int>, std::array<char*, 3ul>, 4, TrivialOffsetCalculator<2, unsigned int>, TrivialOffsetCalculator<1, unsigned int>, at::native::memory::LoadWithoutCast, at::native::memory::StoreWithoutCast>(int, at::native::CUDAFunctor_add<int>, std::array<char*, 3ul>, TrivialOffsetCalculator<2, unsigned int>, TrivialOffsetCalculator<1, unsigned int>, at::native::memory::LoadWithoutCast, at::native::memory::StoreWithoutCast)",32,operator_shape_matched,"[[61],[61],[]]","[""int"",""int"",""Scalar""]",null,1,1.056
aten::sub,"void at::native::unrolled_elementwise_kernel<at::native::CUDAFunctor_add<int>, std::array<char*, 3ul>, 4, TrivialOffsetCalculator<2, unsigned int>, TrivialOffsetCalculator<1, unsigned int>, at::native::memory::LoadWithoutCast, at::native::memory::StoreWithoutCast>(int, at::native::CUDAFunctor_add<int>, std::array<char*, 3ul>, TrivialOffsetCalculator<2, unsigned int>, TrivialOffsetCalculator<1, unsigned int>, at::native::memory::LoadWithoutCast, at::native::memory::StoreWithoutCast)",33,operator_shape_matched,"[[63],[63],[]]","[""int"",""int"",""Scalar""]",null,1,1.056
aten::sub,"void at::native::unrolled_elementwise_kernel<at::native::CUDAFunctor_add<int>, std::array<char*, 3ul>, 4, TrivialOffsetCalculator<2, unsigned int>, TrivialOffsetCalculator<1, unsigned int>, at::native::memory::LoadWithoutCast, at::native::memory::StoreWithoutCast>(int, at::native::CUDAFunctor_add<int>, std::array<char*, 3ul>, TrivialOffsetCalculator<2, unsigned int>, TrivialOffsetCalculator<1, unsigned int>, at::native::memory::LoadWithoutCast, at::native::memory::StoreWithoutCast)",34,operator_shape_matched,"[[9],[9],[]]","[""int"",""int"",""Scalar""]",null,1,1.056
aten::sub,"void at::native::unrolled_elementwise_kernel<at::native::CUDAFunctor_add<int>, std::array<char*, 3ul>, 4, TrivialOffsetCalculator<2, unsigned int>, TrivialOffsetCalculator<1, unsigned int>, at::native::memory::LoadWithoutCast, at::native::memory::StoreWithoutCast>(int, at::native::CUDAFunctor_add<int>, std::array<char*, 3ul>, TrivialOffsetCalculator<2, unsigned int>, TrivialOffsetCalculator<1, unsigned int>, at::native::memory::LoadWithoutCast, at::native::memory::StoreWithoutCast)",35,operator_shape_matched,"[[2],[2],[]]","[""int"",""int"",""Scalar""]",null,1,1.055
aten::sub,"void at::native::unrolled_elementwise_kernel<at::native::CUDAFunctor_add<int>, std::array<char*, 3ul>, 4, TrivialOffsetCalculator<2, unsigned int>, TrivialOffsetCalculator<1, unsigned int>, at::native::memory::LoadWithoutCast, at::native::memory::StoreWithoutCast>(int, at::native::CUDAFunctor_add<int>, std::array<char*, 3ul>, TrivialOffsetCalculator<2, unsigned int>, TrivialOffsetCalculator<1, unsigned int>, at::native::memory::LoadWithoutCast, at::native::memory::StoreWithoutCast)",36,operator_shape_matched,"[[51],[51],[]]","[""int"",""int"",""Scalar""]",null,1,1.055
aten::sub,"void at::native::unrolled_elementwise_kernel<at::native::CUDAFunctor_add<int>, std::array<char*, 3ul>, 4, TrivialOffsetCalculator<2, unsigned int>, TrivialOffsetCalculator<1, unsigned int>, at::native::memory::LoadWithoutCast, at::native::memory::StoreWithoutCast>(int, at::native::CUDAFunctor_add<int>, std::array<char*, 3ul>, TrivialOffsetCalculator<2, unsigned int>, TrivialOffsetCalculator<1, unsigned int>, at::native::memory::LoadWithoutCast, at::native::memory::StoreWithoutCast)",37,operator_shape_matched,"[[55],[55],[]]","[""int"",""int"",""Scalar""]",null,1,1.055
aten::sub,"void at::native::unrolled_elementwise_kernel<at::native::CUDAFunctor_add<int>, std::array<char*, 3ul>, 4, TrivialOffsetCalculator<2, unsigned int>, TrivialOffsetCalculator<1, unsigned int>, at::native::memory::LoadWithoutCast, at::native::memory::StoreWithoutCast>(int, at::native::CUDAFunctor_add<int>, std::array<char*, 3ul>, TrivialOffsetCalculator<2, unsigned int>, TrivialOffsetCalculator<1, unsigned int>, at::native::memory::LoadWithoutCast, at::native::memory::StoreWithoutCast)",38,operator_shape_matched,"[[33],[33],[]]","[""int"",""int"",""Scalar""]",null,1,1.025
aten::fill_,"void at::native::unrolled_elementwise_kernel<at::native::FillFunctor<int>, std::array<char*, 1ul>, 4, TrivialOffsetCalculator<0, unsigned int>, TrivialOffsetCalculator<1, unsigned int>, at::native::memory::LoadWithoutCast, at::native::memory::StoreWithoutCast>(int, at::native::FillFunctor<int>, std::array<char*, 1ul>, TrivialOffsetCalculator<0, unsigned int>, TrivialOffsetCalculator<1, unsigned int>, at::native::memory::LoadWithoutCast, at::native::memory::StoreWithoutCast)",1,operator_shape_matched,"[[64],[]]","[""int"",""int""]",null,239,219.063
aten::fill_,"void at::native::unrolled_elementwise_kernel<at::native::FillFunctor<int>, std::array<char*, 1ul>, 4, TrivialOffsetCalculator<0, unsigned int>, TrivialOffsetCalculator<1, unsigned int>, at::native::memory::LoadWithoutCast, at::native::memory::StoreWithoutCast>(int, at::native::FillFunctor<int>, std::array<char*, 1ul>, TrivialOffsetCalculator<0, unsigned int>, TrivialOffsetCalculator<1, unsigned int>, at::native::memory::LoadWithoutCast, at::native::memory::StoreWithoutCast)",2,operator_shape_matched,"[[160],[]]","[""int"",""int""]",null,10,9.375
aten::fill_,"void at::native::unrolled_elementwise_kernel<at::native::FillFunctor<int>, std::array<char*, 1ul>, 4, TrivialOffsetCalculator<0, unsigned int>, TrivialOffsetCalculator<1, unsigned int>, at::native::memory::LoadWithoutCast, at::native::memory::StoreWithoutCast>(int, at::native::FillFunctor<int>, std::array<char*, 1ul>, TrivialOffsetCalculator<0, unsigned int>, TrivialOffsetCalculator<1, unsigned int>, at::native::memory::LoadWithoutCast, at::native::memory::StoreWithoutCast)",3,operator_shape_matched,"[[208],[]]","[""int"",""int""]",null,6,5.568
aten::fill_,"void at::native::unrolled_elementwise_kernel<at::native::FillFunctor<int>, std::array<char*, 1ul>, 4, TrivialOffsetCalculator<0, unsigned int>, TrivialOffsetCalculator<1, unsigned int>, at::native::memory::LoadWithoutCast, at::native::memory::StoreWithoutCast>(int, at::native::FillFunctor<int>, std::array<char*, 1ul>, TrivialOffsetCalculator<0, unsigned int>, TrivialOffsetCalculator<1, unsigned int>, at::native::memory::LoadWithoutCast, at::native::memory::StoreWithoutCast)",4,operator_shape_matched,"[[232],[]]","[""int"",""int""]",null,4,3.712
aten::fill_,"void at::native::unrolled_elementwise_kernel<at::native::FillFunctor<int>, std::array<char*, 1ul>, 4, TrivialOffsetCalculator<0, unsigned int>, TrivialOffsetCalculator<1, unsigned int>, at::native::memory::LoadWithoutCast, at::native::memory::StoreWithoutCast>(int, at::native::FillFunctor<int>, std::array<char*, 1ul>, TrivialOffsetCalculator<0, unsigned int>, TrivialOffsetCalculator<1, unsigned int>, at::native::memory::LoadWithoutCast, at::native::memory::StoreWithoutCast)",5,operator_shape_matched,"[[244],[]]","[""int"",""int""]",null,3,2.784
aten::fill_,"void at::native::unrolled_elementwise_kernel<at::native::FillFunctor<int>, std::array<char*, 1ul>, 4, TrivialOffsetCalculator<0, unsigned int>, TrivialOffsetCalculator<1, unsigned int>, at::native::memory::LoadWithoutCast, at::native::memory::StoreWithoutCast>(int, at::native::FillFunctor<int>, std::array<char*, 1ul>, TrivialOffsetCalculator<0, unsigned int>, TrivialOffsetCalculator<1, unsigned int>, at::native::memory::LoadWithoutCast, at::native::memory::StoreWithoutCast)",6,operator_shape_matched,"[[128],[]]","[""int"",""int""]",null,3,2.72
aten::fill_,"void at::native::unrolled_elementwise_kernel<at::native::FillFunctor<int>, std::array<char*, 1ul>, 4, TrivialOffsetCalculator<0, unsigned int>, TrivialOffsetCalculator<1, unsigned int>, at::native::memory::LoadWithoutCast, at::native::memory::StoreWithoutCast>(int, at::native::FillFunctor<int>, std::array<char*, 1ul>, TrivialOffsetCalculator<0, unsigned int>, TrivialOffsetCalculator<1, unsigned int>, at::native::memory::LoadWithoutCast, at::native::memory::StoreWithoutCast)",7,operator_shape_matched,"[[1],[]]","[""int"",""Scalar""]",null,3,2.72
aten::fill_,"void at::native::unrolled_elementwise_kernel<at::native::FillFunctor<int>, std::array<char*, 1ul>, 4, TrivialOffsetCalculator<0, unsigned int>, TrivialOffsetCalculator<1, unsigned int>, at::native::memory::LoadWithoutCast, at::native::memory::StoreWithoutCast>(int, at::native::FillFunctor<int>, std::array<char*, 1ul>, TrivialOffsetCalculator<0, unsigned int>, TrivialOffsetCalculator<1, unsigned int>, at::native::memory::LoadWithoutCast, at::native::memory::StoreWithoutCast)",8,operator_shape_matched,"[[136],[]]","[""int"",""int""]",null,2,1.888
aten::fill_,"void at::native::unrolled_elementwise_kernel<at::native::FillFunctor<int>, std::array<char*, 1ul>, 4, TrivialOffsetCalculator<0, unsigned int>, TrivialOffsetCalculator<1, unsigned int>, at::native::memory::LoadWithoutCast, at::native::memory::StoreWithoutCast>(int, at::native::FillFunctor<int>, std::array<char*, 1ul>, TrivialOffsetCalculator<0, unsigned int>, TrivialOffsetCalculator<1, unsigned int>, at::native::memory::LoadWithoutCast, at::native::memory::StoreWithoutCast)",9,operator_shape_matched,"[[144],[]]","[""int"",""int""]",null,2,1.857
aten::fill_,"void at::native::unrolled_elementwise_kernel<at::native::FillFunctor<int>, std::array<char*, 1ul>, 4, TrivialOffsetCalculator<0, unsigned int>, TrivialOffsetCalculator<1, unsigned int>, at::native::memory::LoadWithoutCast, at::native::memory::StoreWithoutCast>(int, at::native::FillFunctor<int>, std::array<char*, 1ul>, TrivialOffsetCalculator<0, unsigned int>, TrivialOffsetCalculator<1, unsigned int>, at::native::memory::LoadWithoutCast, at::native::memory::StoreWithoutCast)",10,operator_shape_matched,"[[216],[]]","[""int"",""int""]",null,2,1.857
aten::fill_,"void at::native::unrolled_elementwise_kernel<at::native::FillFunctor<int>, std::array<char*, 1ul>, 4, TrivialOffsetCalculator<0, unsigned int>, TrivialOffsetCalculator<1, unsigned int>, at::native::memory::LoadWithoutCast, at::native::memory::StoreWithoutCast>(int, at::native::FillFunctor<int>, std::array<char*, 1ul>, TrivialOffsetCalculator<0, unsigned int>, TrivialOffsetCalculator<1, unsigned int>, at::native::memory::LoadWithoutCast, at::native::memory::StoreWithoutCast)",11,operator_shape_matched,"[[224],[]]","[""int"",""int""]",null,2,1.857
aten::fill_,"void at::native::unrolled_elementwise_kernel<at::native::FillFunctor<int>, std::array<char*, 1ul>, 4, TrivialOffsetCalculator<0, unsigned int>, TrivialOffsetCalculator<1, unsigned int>, at::native::memory::LoadWithoutCast, at::native::memory::StoreWithoutCast>(int, at::native::FillFunctor<int>, std::array<char*, 1ul>, TrivialOffsetCalculator<0, unsigned int>, TrivialOffsetCalculator<1, unsigned int>, at::native::memory::LoadWithoutCast, at::native::memory::StoreWithoutCast)",12,operator_shape_matched,"[[63],[]]","[""int"",""Scalar""]",null,2,1.857
aten::fill_,"void at::native::unrolled_elementwise_kernel<at::native::FillFunctor<int>, std::array<char*, 1ul>, 4, TrivialOffsetCalculator<0, unsigned int>, TrivialOffsetCalculator<1, unsigned int>, at::native::memory::LoadWithoutCast, at::native::memory::StoreWithoutCast>(int, at::native::FillFunctor<int>, std::array<char*, 1ul>, TrivialOffsetCalculator<0, unsigned int>, TrivialOffsetCalculator<1, unsigned int>, at::native::memory::LoadWithoutCast, at::native::memory::StoreWithoutCast)",13,operator_shape_matched,"[[152],[]]","[""int"",""int""]",null,2,1.856
aten::fill_,"void at::native::unrolled_elementwise_kernel<at::native::FillFunctor<int>, std::array<char*, 1ul>, 4, TrivialOffsetCalculator<0, unsigned int>, TrivialOffsetCalculator<1, unsigned int>, at::native::memory::LoadWithoutCast, at::native::memory::StoreWithoutCast>(int, at::native::FillFunctor<int>, std::array<char*, 1ul>, TrivialOffsetCalculator<0, unsigned int>, TrivialOffsetCalculator<1, unsigned int>, at::native::memory::LoadWithoutCast, at::native::memory::StoreWithoutCast)",14,operator_shape_matched,"[[168],[]]","[""int"",""int""]",null,2,1.856
aten::fill_,"void at::native::unrolled_elementwise_kernel<at::native::FillFunctor<int>, std::array<char*, 1ul>, 4, TrivialOffsetCalculator<0, unsigned int>, TrivialOffsetCalculator<1, unsigned int>, at::native::memory::LoadWithoutCast, at::native::memory::StoreWithoutCast>(int, at::native::FillFunctor<int>, std::array<char*, 1ul>, TrivialOffsetCalculator<0, unsigned int>, TrivialOffsetCalculator<1, unsigned int>, at::native::memory::LoadWithoutCast, at::native::memory::StoreWithoutCast)",15,operator_shape_matched,"[[176],[]]","[""int"",""int""]",null,2,1.856
aten::fill_,"void at::native::unrolled_elementwise_kernel<at::native::FillFunctor<int>, std::array<char*, 1ul>, 4, TrivialOffsetCalculator<0, unsigned int>, TrivialOffsetCalculator<1, unsigned int>, at::native::memory::LoadWithoutCast, at::native::memory::StoreWithoutCast>(int, at::native::FillFunctor<int>, std::array<char*, 1ul>, TrivialOffsetCalculator<0, unsigned int>, TrivialOffsetCalculator<1, unsigned int>, at::native::memory::LoadWithoutCast, at::native::memory::StoreWithoutCast)",16,operator_shape_matched,"[[192],[]]","[""int"",""int""]",null,2,1.856
aten::fill_,"void at::native::unrolled_elementwise_kernel<at::native::FillFunctor<int>, std::array<char*, 1ul>, 4, TrivialOffsetCalculator<0, unsigned int>, TrivialOffsetCalculator<1, unsigned int>, at::native::memory::LoadWithoutCast, at::native::memory::StoreWithoutCast>(int, at::native::FillFunctor<int>, std::array<char*, 1ul>, TrivialOffsetCalculator<0, unsigned int>, TrivialOffsetCalculator<1, unsigned int>, at::native::memory::LoadWithoutCast, at::native::memory::StoreWithoutCast)",17,operator_shape_matched,"[[200],[]]","[""int"",""int""]",null,2,1.856
aten::fill_,"void at::native::unrolled_elementwise_kernel<at::native::FillFunctor<int>, std::array<char*, 1ul>, 4, TrivialOffsetCalculator<0, unsigned int>, TrivialOffsetCalculator<1, unsigned int>, at::native::memory::LoadWithoutCast, at::native::memory::StoreWithoutCast>(int, at::native::FillFunctor<int>, std::array<char*, 1ul>, TrivialOffsetCalculator<0, unsigned int>, TrivialOffsetCalculator<1, unsigned int>, at::native::memory::LoadWithoutCast, at::native::memory::StoreWithoutCast)",18,operator_shape_matched,"[[240],[]]","[""int"",""int""]",null,2,1.856
aten::fill_,"void at::native::unrolled_elementwise_kernel<at::native::FillFunctor<int>, std::array<char*, 1ul>, 4, TrivialOffsetCalculator<0, unsigned int>, TrivialOffsetCalculator<1, unsigned int>, at::native::memory::LoadWithoutCast, at::native::memory::StoreWithoutCast>(int, at::native::FillFunctor<int>, std::array<char*, 1ul>, TrivialOffsetCalculator<0, unsigned int>, TrivialOffsetCalculator<1, unsigned int>, at::native::memory::LoadWithoutCast, at::native::memory::StoreWithoutCast)",19,operator_shape_matched,"[[248],[]]","[""int"",""int""]",null,2,1.856
aten::fill_,"void at::native::unrolled_elementwise_kernel<at::native::FillFunctor<int>, std::array<char*, 1ul>, 4, TrivialOffsetCalculator<0, unsigned int>, TrivialOffsetCalculator<1, unsigned int>, at::native::memory::LoadWithoutCast, at::native::memory::StoreWithoutCast>(int, at::native::FillFunctor<int>, std::array<char*, 1ul>, TrivialOffsetCalculator<0, unsigned int>, TrivialOffsetCalculator<1, unsigned int>, at::native::memory::LoadWithoutCast, at::native::memory::StoreWithoutCast)",20,operator_shape_matched,"[[184],[]]","[""int"",""int""]",null,2,1.855
aten::fill_,"void at::native::unrolled_elementwise_kernel<at::native::FillFunctor<int>, std::array<char*, 1ul>, 4, TrivialOffsetCalculator<0, unsigned int>, TrivialOffsetCalculator<1, unsigned int>, at::native::memory::LoadWithoutCast, at::native::memory::StoreWithoutCast>(int, at::native::FillFunctor<int>, std::array<char*, 1ul>, TrivialOffsetCalculator<0, unsigned int>, TrivialOffsetCalculator<1, unsigned int>, at::native::memory::LoadWithoutCast, at::native::memory::StoreWithoutCast)",21,operator_shape_matched,"[[5],[]]","[""int"",""Scalar""]",null,1,1.025
aten::fill_,"void at::native::unrolled_elementwise_kernel<at::native::FillFunctor<int>, std::array<char*, 1ul>, 4, TrivialOffsetCalculator<0, unsigned int>, TrivialOffsetCalculator<1, unsigned int>, at::native::memory::LoadWithoutCast, at::native::memory::StoreWithoutCast>(int, at::native::FillFunctor<int>, std::array<char*, 1ul>, TrivialOffsetCalculator<0, unsigned int>, TrivialOffsetCalculator<1, unsigned int>, at::native::memory::LoadWithoutCast, at::native::memory::StoreWithoutCast)",22,operator_shape_matched,"[[23],[]]","[""int"",""Scalar""]",null,1,0.928
aten::fill_,"void at::native::unrolled_elementwise_kernel<at::native::FillFunctor<int>, std::array<char*, 1ul>, 4, TrivialOffsetCalculator<0, unsigned int>, TrivialOffsetCalculator<1, unsigned int>, at::native::memory::LoadWithoutCast, at::native::memory::StoreWithoutCast>(int, at::native::FillFunctor<int>, std::array<char*, 1ul>, TrivialOffsetCalculator<0, unsigned int>, TrivialOffsetCalculator<1, unsigned int>, at::native::memory::LoadWithoutCast, at::native::memory::StoreWithoutCast)",23,operator_shape_matched,"[[25],[]]","[""int"",""Scalar""]",null,1,0.928
aten::fill_,"void at::native::unrolled_elementwise_kernel<at::native::FillFunctor<int>, std::array<char*, 1ul>, 4, TrivialOffsetCalculator<0, unsigned int>, TrivialOffsetCalculator<1, unsigned int>, at::native::memory::LoadWithoutCast, at::native::memory::StoreWithoutCast>(int, at::native::FillFunctor<int>, std::array<char*, 1ul>, TrivialOffsetCalculator<0, unsigned int>, TrivialOffsetCalculator<1, unsigned int>, at::native::memory::LoadWithoutCast, at::native::memory::StoreWithoutCast)",24,operator_shape_matched,"[[27],[]]","[""int"",""Scalar""]",null,1,0.928
aten::fill_,"void at::native::unrolled_elementwise_kernel<at::native::FillFunctor<int>, std::array<char*, 1ul>, 4, TrivialOffsetCalculator<0, unsigned int>, TrivialOffsetCalculator<1, unsigned int>, at::native::memory::LoadWithoutCast, at::native::memory::StoreWithoutCast>(int, at::native::FillFunctor<int>, std::array<char*, 1ul>, TrivialOffsetCalculator<0, unsigned int>, TrivialOffsetCalculator<1, unsigned int>, at::native::memory::LoadWithoutCast, at::native::memory::StoreWithoutCast)",25,operator_shape_matched,"[[33],[]]","[""int"",""Scalar""]",null,1,0.928
aten::fill_,"void at::native::unrolled_elementwise_kernel<at::native::FillFunctor<int>, std::array<char*, 1ul>, 4, TrivialOffsetCalculator<0, unsigned int>, TrivialOffsetCalculator<1, unsigned int>, at::native::memory::LoadWithoutCast, at::native::memory::StoreWithoutCast>(int, at::native::FillFunctor<int>, std::array<char*, 1ul>, TrivialOffsetCalculator<0, unsigned int>, TrivialOffsetCalculator<1, unsigned int>, at::native::memory::LoadWithoutCast, at::native::memory::StoreWithoutCast)",26,operator_shape_matched,"[[3],[]]","[""int"",""Scalar""]",null,1,0.928
aten::fill_,"void at::native::unrolled_elementwise_kernel<at::native::FillFunctor<int>, std::array<char*, 1ul>, 4, TrivialOffsetCalculator<0, unsigned int>, TrivialOffsetCalculator<1, unsigned int>, at::native::memory::LoadWithoutCast, at::native::memory::StoreWithoutCast>(int, at::native::FillFunctor<int>, std::array<char*, 1ul>, TrivialOffsetCalculator<0, unsigned int>, TrivialOffsetCalculator<1, unsigned int>, at::native::memory::LoadWithoutCast, at::native::memory::StoreWithoutCast)",27,operator_shape_matched,"[[43],[]]","[""int"",""Scalar""]",null,1,0.928
aten::fill_,"void at::native::unrolled_elementwise_kernel<at::native::FillFunctor<int>, std::array<char*, 1ul>, 4, TrivialOffsetCalculator<0, unsigned int>, TrivialOffsetCalculator<1, unsigned int>, at::native::memory::LoadWithoutCast, at::native::memory::StoreWithoutCast>(int, at::native::FillFunctor<int>, std::array<char*, 1ul>, TrivialOffsetCalculator<0, unsigned int>, TrivialOffsetCalculator<1, unsigned int>, at::native::memory::LoadWithoutCast, at::native::memory::StoreWithoutCast)",28,operator_shape_matched,"[[45],[]]","[""int"",""Scalar""]",null,1,0.928
aten::fill_,"void at::native::unrolled_elementwise_kernel<at::native::FillFunctor<int>, std::array<char*, 1ul>, 4, TrivialOffsetCalculator<0, unsigned int>, TrivialOffsetCalculator<1, unsigned int>, at::native::memory::LoadWithoutCast, at::native::memory::StoreWithoutCast>(int, at::native::FillFunctor<int>, std::array<char*, 1ul>, TrivialOffsetCalculator<0, unsigned int>, TrivialOffsetCalculator<1, unsigned int>, at::native::memory::LoadWithoutCast, at::native::memory::StoreWithoutCast)",29,operator_shape_matched,"[[47],[]]","[""int"",""Scalar""]",null,1,0.928
aten::fill_,"void at::native::unrolled_elementwise_kernel<at::native::FillFunctor<int>, std::array<char*, 1ul>, 4, TrivialOffsetCalculator<0, unsigned int>, TrivialOffsetCalculator<1, unsigned int>, at::native::memory::LoadWithoutCast, at::native::memory::StoreWithoutCast>(int, at::native::FillFunctor<int>, std::array<char*, 1ul>, TrivialOffsetCalculator<0, unsigned int>, TrivialOffsetCalculator<1, unsigned int>, at::native::memory::LoadWithoutCast, at::native::memory::StoreWithoutCast)",30,operator_shape_matched,"[[51],[]]","[""int"",""Scalar""]",null,1,0.928
aten::fill_,"void at::native::unrolled_elementwise_kernel<at::native::FillFunctor<int>, std::array<char*, 1ul>, 4, TrivialOffsetCalculator<0, unsigned int>, TrivialOffsetCalculator<1, unsigned int>, at::native::memory::LoadWithoutCast, at::native::memory::StoreWithoutCast>(int, at::native::FillFunctor<int>, std::array<char*, 1ul>, TrivialOffsetCalculator<0, unsigned int>, TrivialOffsetCalculator<1, unsigned int>, at::native::memory::LoadWithoutCast, at::native::memory::StoreWithoutCast)",31,operator_shape_matched,"[[59],[]]","[""int"",""Scalar""]",null,1,0.928
aten::fill_,"void at::native::unrolled_elementwise_kernel<at::native::FillFunctor<int>, std::array<char*, 1ul>, 4, TrivialOffsetCalculator<0, unsigned int>, TrivialOffsetCalculator<1, unsigned int>, at::native::memory::LoadWithoutCast, at::native::memory::StoreWithoutCast>(int, at::native::FillFunctor<int>, std::array<char*, 1ul>, TrivialOffsetCalculator<0, unsigned int>, TrivialOffsetCalculator<1, unsigned int>, at::native::memory::LoadWithoutCast, at::native::memory::StoreWithoutCast)",32,operator_shape_matched,"[[61],[]]","[""int"",""Scalar""]",null,1,0.928
aten::fill_,"void at::native::unrolled_elementwise_kernel<at::native::FillFunctor<int>, std::array<char*, 1ul>, 4, TrivialOffsetCalculator<0, unsigned int>, TrivialOffsetCalculator<1, unsigned int>, at::native::memory::LoadWithoutCast, at::native::memory::StoreWithoutCast>(int, at::native::FillFunctor<int>, std::array<char*, 1ul>, TrivialOffsetCalculator<0, unsigned int>, TrivialOffsetCalculator<1, unsigned int>, at::native::memory::LoadWithoutCast, at::native::memory::StoreWithoutCast)",33,operator_shape_matched,"[[7],[]]","[""int"",""Scalar""]",null,1,0.928
aten::fill_,"void at::native::unrolled_elementwise_kernel<at::native::FillFunctor<int>, std::array<char*, 1ul>, 4, TrivialOffsetCalculator<0, unsigned int>, TrivialOffsetCalculator<1, unsigned int>, at::native::memory::LoadWithoutCast, at::native::memory::StoreWithoutCast>(int, at::native::FillFunctor<int>, std::array<char*, 1ul>, TrivialOffsetCalculator<0, unsigned int>, TrivialOffsetCalculator<1, unsigned int>, at::native::memory::LoadWithoutCast, at::native::memory::StoreWithoutCast)",34,operator_shape_matched,"[[13],[]]","[""int"",""Scalar""]",null,1,0.897
aten::fill_,"void at::native::unrolled_elementwise_kernel<at::native::FillFunctor<int>, std::array<char*, 1ul>, 4, TrivialOffsetCalculator<0, unsigned int>, TrivialOffsetCalculator<1, unsigned int>, at::native::memory::LoadWithoutCast, at::native::memory::StoreWithoutCast>(int, at::native::FillFunctor<int>, std::array<char*, 1ul>, TrivialOffsetCalculator<0, unsigned int>, TrivialOffsetCalculator<1, unsigned int>, at::native::memory::LoadWithoutCast, at::native::memory::StoreWithoutCast)",35,operator_shape_matched,"[[15],[]]","[""int"",""Scalar""]",null,1,0.897
aten::fill_,"void at::native::unrolled_elementwise_kernel<at::native::FillFunctor<int>, std::array<char*, 1ul>, 4, TrivialOffsetCalculator<0, unsigned int>, TrivialOffsetCalculator<1, unsigned int>, at::native::memory::LoadWithoutCast, at::native::memory::StoreWithoutCast>(int, at::native::FillFunctor<int>, std::array<char*, 1ul>, TrivialOffsetCalculator<0, unsigned int>, TrivialOffsetCalculator<1, unsigned int>, at::native::memory::LoadWithoutCast, at::native::memory::StoreWithoutCast)",36,operator_shape_matched,"[[31],[]]","[""int"",""Scalar""]",null,1,0.897
aten::fill_,"void at::native::unrolled_elementwise_kernel<at::native::FillFunctor<int>, std::array<char*, 1ul>, 4, TrivialOffsetCalculator<0, unsigned int>, TrivialOffsetCalculator<1, unsigned int>, at::native::memory::LoadWithoutCast, at::native::memory::StoreWithoutCast>(int, at::native::FillFunctor<int>, std::array<char*, 1ul>, TrivialOffsetCalculator<0, unsigned int>, TrivialOffsetCalculator<1, unsigned int>, at::native::memory::LoadWithoutCast, at::native::memory::StoreWithoutCast)",37,operator_shape_matched,"[[39],[]]","[""int"",""Scalar""]",null,1,0.897
aten::fill_,"void at::native::unrolled_elementwise_kernel<at::native::FillFunctor<int>, std::array<char*, 1ul>, 4, TrivialOffsetCalculator<0, unsigned int>, TrivialOffsetCalculator<1, unsigned int>, at::native::memory::LoadWithoutCast, at::native::memory::StoreWithoutCast>(int, at::native::FillFunctor<int>, std::array<char*, 1ul>, TrivialOffsetCalculator<0, unsigned int>, TrivialOffsetCalculator<1, unsigned int>, at::native::memory::LoadWithoutCast, at::native::memory::StoreWithoutCast)",38,operator_shape_matched,"[[11],[]]","[""int"",""Scalar""]",null,1,0.896
aten::fill_,"void at::native::unrolled_elementwise_kernel<at::native::FillFunctor<int>, std::array<char*, 1ul>, 4, TrivialOffsetCalculator<0, unsigned int>, TrivialOffsetCalculator<1, unsigned int>, at::native::memory::LoadWithoutCast, at::native::memory::StoreWithoutCast>(int, at::native::FillFunctor<int>, std::array<char*, 1ul>, TrivialOffsetCalculator<0, unsigned int>, TrivialOffsetCalculator<1, unsigned int>, at::native::memory::LoadWithoutCast, at::native::memory::StoreWithoutCast)",39,operator_shape_matched,"[[17],[]]","[""int"",""Scalar""]",null,1,0.896
aten::fill_,"void at::native::unrolled_elementwise_kernel<at::native::FillFunctor<int>, std::array<char*, 1ul>, 4, TrivialOffsetCalculator<0, unsigned int>, TrivialOffsetCalculator<1, unsigned int>, at::native::memory::LoadWithoutCast, at::native::memory::StoreWithoutCast>(int, at::native::FillFunctor<int>, std::array<char*, 1ul>, TrivialOffsetCalculator<0, unsigned int>, TrivialOffsetCalculator<1, unsigned int>, at::native::memory::LoadWithoutCast, at::native::memory::StoreWithoutCast)",40,operator_shape_matched,"[[19],[]]","[""int"",""Scalar""]",null,1,0.896
aten::fill_,"void at::native::unrolled_elementwise_kernel<at::native::FillFunctor<int>, std::array<char*, 1ul>, 4, TrivialOffsetCalculator<0, unsigned int>, TrivialOffsetCalculator<1, unsigned int>, at::native::memory::LoadWithoutCast, at::native::memory::StoreWithoutCast>(int, at::native::FillFunctor<int>, std::array<char*, 1ul>, TrivialOffsetCalculator<0, unsigned int>, TrivialOffsetCalculator<1, unsigned int>, at::native::memory::LoadWithoutCast, at::native::memory::StoreWithoutCast)",41,operator_shape_matched,"[[21],[]]","[""int"",""Scalar""]",null,1,0.896
aten::fill_,"void at::native::unrolled_elementwise_kernel<at::native::FillFunctor<int>, std::array<char*, 1ul>, 4, TrivialOffsetCalculator<0, unsigned int>, TrivialOffsetCalculator<1, unsigned int>, at::native::memory::LoadWithoutCast, at::native::memory::StoreWithoutCast>(int, at::native::FillFunctor<int>, std::array<char*, 1ul>, TrivialOffsetCalculator<0, unsigned int>, TrivialOffsetCalculator<1, unsigned int>, at::native::memory::LoadWithoutCast, at::native::memory::StoreWithoutCast)",42,operator_shape_matched,"[[29],[]]","[""int"",""Scalar""]",null,1,0.896
aten::fill_,"void at::native::unrolled_elementwise_kernel<at::native::FillFunctor<int>, std::array<char*, 1ul>, 4, TrivialOffsetCalculator<0, unsigned int>, TrivialOffsetCalculator<1, unsigned int>, at::native::memory::LoadWithoutCast, at::native::memory::StoreWithoutCast>(int, at::native::FillFunctor<int>, std::array<char*, 1ul>, TrivialOffsetCalculator<0, unsigned int>, TrivialOffsetCalculator<1, unsigned int>, at::native::memory::LoadWithoutCast, at::native::memory::StoreWithoutCast)",43,operator_shape_matched,"[[35],[]]","[""int"",""Scalar""]",null,1,0.896
aten::fill_,"void at::native::unrolled_elementwise_kernel<at::native::FillFunctor<int>, std::array<char*, 1ul>, 4, TrivialOffsetCalculator<0, unsigned int>, TrivialOffsetCalculator<1, unsigned int>, at::native::memory::LoadWithoutCast, at::native::memory::StoreWithoutCast>(int, at::native::FillFunctor<int>, std::array<char*, 1ul>, TrivialOffsetCalculator<0, unsigned int>, TrivialOffsetCalculator<1, unsigned int>, at::native::memory::LoadWithoutCast, at::native::memory::StoreWithoutCast)",44,operator_shape_matched,"[[37],[]]","[""int"",""Scalar""]",null,1,0.896
aten::fill_,"void at::native::unrolled_elementwise_kernel<at::native::FillFunctor<int>, std::array<char*, 1ul>, 4, TrivialOffsetCalculator<0, unsigned int>, TrivialOffsetCalculator<1, unsigned int>, at::native::memory::LoadWithoutCast, at::native::memory::StoreWithoutCast>(int, at::native::FillFunctor<int>, std::array<char*, 1ul>, TrivialOffsetCalculator<0, unsigned int>, TrivialOffsetCalculator<1, unsigned int>, at::native::memory::LoadWithoutCast, at::native::memory::StoreWithoutCast)",45,operator_shape_matched,"[[41],[]]","[""int"",""Scalar""]",null,1,0.896
aten::fill_,"void at::native::unrolled_elementwise_kernel<at::native::FillFunctor<int>, std::array<char*, 1ul>, 4, TrivialOffsetCalculator<0, unsigned int>, TrivialOffsetCalculator<1, unsigned int>, at::native::memory::LoadWithoutCast, at::native::memory::StoreWithoutCast>(int, at::native::FillFunctor<int>, std::array<char*, 1ul>, TrivialOffsetCalculator<0, unsigned int>, TrivialOffsetCalculator<1, unsigned int>, at::native::memory::LoadWithoutCast, at::native::memory::StoreWithoutCast)",46,operator_shape_matched,"[[53],[]]","[""int"",""Scalar""]",null,1,0.896
aten::fill_,"void at::native::unrolled_elementwise_kernel<at::native::FillFunctor<int>, std::array<char*, 1ul>, 4, TrivialOffsetCalculator<0, unsigned int>, TrivialOffsetCalculator<1, unsigned int>, at::native::memory::LoadWithoutCast, at::native::memory::StoreWithoutCast>(int, at::native::FillFunctor<int>, std::array<char*, 1ul>, TrivialOffsetCalculator<0, unsigned int>, TrivialOffsetCalculator<1, unsigned int>, at::native::memory::LoadWithoutCast, at::native::memory::StoreWithoutCast)",47,operator_shape_matched,"[[55],[]]","[""int"",""Scalar""]",null,1,0.896
aten::fill_,"void at::native::unrolled_elementwise_kernel<at::native::FillFunctor<int>, std::array<char*, 1ul>, 4, TrivialOffsetCalculator<0, unsigned int>, TrivialOffsetCalculator<1, unsigned int>, at::native::memory::LoadWithoutCast, at::native::memory::StoreWithoutCast>(int, at::native::FillFunctor<int>, std::array<char*, 1ul>, TrivialOffsetCalculator<0, unsigned int>, TrivialOffsetCalculator<1, unsigned int>, at::native::memory::LoadWithoutCast, at::native::memory::StoreWithoutCast)",48,operator_shape_matched,"[[9],[]]","[""int"",""Scalar""]",null,1,0.896
aten::fill_,"void at::native::unrolled_elementwise_kernel<at::native::FillFunctor<int>, std::array<char*, 1ul>, 4, TrivialOffsetCalculator<0, unsigned int>, TrivialOffsetCalculator<1, unsigned int>, at::native::memory::LoadWithoutCast, at::native::memory::StoreWithoutCast>(int, at::native::FillFunctor<int>, std::array<char*, 1ul>, TrivialOffsetCalculator<0, unsigned int>, TrivialOffsetCalculator<1, unsigned int>, at::native::memory::LoadWithoutCast, at::native::memory::StoreWithoutCast)",49,operator_shape_matched,"[[49],[]]","[""int"",""Scalar""]",null,1,0.895
aten::fill_,"void at::native::unrolled_elementwise_kernel<at::native::FillFunctor<int>, std::array<char*, 1ul>, 4, TrivialOffsetCalculator<0, unsigned int>, TrivialOffsetCalculator<1, unsigned int>, at::native::memory::LoadWithoutCast, at::native::memory::StoreWithoutCast>(int, at::native::FillFunctor<int>, std::array<char*, 1ul>, TrivialOffsetCalculator<0, unsigned int>, TrivialOffsetCalculator<1, unsigned int>, at::native::memory::LoadWithoutCast, at::native::memory::StoreWithoutCast)",50,operator_shape_matched,"[[57],[]]","[""int"",""Scalar""]",null,1,0.895
aten::mm,nvjet_sm90_tst_128x16_64x11_4x1_v_bz_TNT,1,operator_shape_matched,"[[9,6144],[6144,12504]]","[""c10::BFloat16"",""c10::BFloat16""]",null,1,66.464
aten::mm,nvjet_sm90_tst_128x16_64x11_4x1_v_bz_TNT,2,operator_shape_matched,"[[11,6144],[6144,12504]]","[""c10::BFloat16"",""c10::BFloat16""]",null,1,64.672
aten::mm,nvjet_sm90_tst_128x16_64x11_4x1_v_bz_TNT,3,operator_shape_matched,"[[12,6144],[6144,12504]]","[""c10::BFloat16"",""c10::BFloat16""]",null,1,57.664
aten::mm,nvjet_sm90_tst_128x16_64x11_4x1_v_bz_TNT,4,operator_shape_matched,"[[10,6144],[6144,12504]]","[""c10::BFloat16"",""c10::BFloat16""]",null,1,56.352
null,"void fp32_router_gemm_kernel<__nv_bfloat16, 128, 4, 128, 6144>(float*, __nv_bfloat16 const*, float const*)",1,missing_external_id,null,null,null,57,192.928
null,"void fp32_router_gemm_kernel<__nv_bfloat16, 128, 2, 128, 6144>(float*, __nv_bfloat16 const*, float const*)",1,missing_external_id,null,null,null,57,166.563
null,"void fp32_router_gemm_kernel<__nv_bfloat16, 128, 1, 128, 6144>(float*, __nv_bfloat16 const*, float const*)",1,missing_external_id,null,null,null,57,161.154
aten::cumsum,"void at_cuda_detail::cub::detail::scan::DeviceScanKernel<at_cuda_detail::cub::detail::scan::policy_hub<int, int, int, unsigned int, std::plus<int> >::Policy1000, int const*, int*, at_cuda_detail::cub::ScanTileState<int, true>, std::plus<int>, at_cuda_detail::cub::NullType, unsigned int, int, false, at_cuda_detail::cub::NullType>(int const*, int*, at_cuda_detail::cub::ScanTileState<int, true>, int, std::plus<int>, at_cuda_detail::cub::NullType, unsigned int)",1,operator_shape_matched,"[[3],[],[],[3]]","[""int"",""Scalar"","""",""int""]",null,29,46.625
aten::cumsum,"void at_cuda_detail::cub::detail::scan::DeviceScanKernel<at_cuda_detail::cub::detail::scan::policy_hub<int, int, int, unsigned int, std::plus<int> >::Policy1000, int const*, int*, at_cuda_detail::cub::ScanTileState<int, true>, std::plus<int>, at_cuda_detail::cub::NullType, unsigned int, int, false, at_cuda_detail::cub::NullType>(int const*, int*, at_cuda_detail::cub::ScanTileState<int, true>, int, std::plus<int>, at_cuda_detail::cub::NullType, unsigned int)",2,operator_shape_matched,"[[2],[],[],[2]]","[""int"",""Scalar"","""",""int""]",null,3,4.703
aten::cumsum,"void at_cuda_detail::cub::detail::scan::DeviceScanKernel<at_cuda_detail::cub::detail::scan::policy_hub<int, int, int, unsigned int, std::plus<int> >::Policy1000, int const*, int*, at_cuda_detail::cub::ScanTileState<int, true>, std::plus<int>, at_cuda_detail::cub::NullType, unsigned int, int, false, at_cuda_detail::cub::NullType>(int const*, int*, at_cuda_detail::cub::ScanTileState<int, true>, int, std::plus<int>, at_cuda_detail::cub::NullType, unsigned int)",3,operator_shape_matched,"[[1],[],[],[1]]","[""int"",""Scalar"","""",""int""]",null,1,1.664
aten::fill_,"void at::native::vectorized_elementwise_kernel<2, at::native::FillFunctor<long>, std::array<char*, 1ul> >(int, at::native::FillFunctor<long>, std::array<char*, 1ul>)",1,operator_shape_matched,"[[2],[]]","[""long int"",""Scalar""]",null,8,8.033
aten::fill_,"void at::native::vectorized_elementwise_kernel<2, at::native::FillFunctor<long>, std::array<char*, 1ul> >(int, at::native::FillFunctor<long>, std::array<char*, 1ul>)",2,operator_shape_matched,"[[4],[]]","[""long int"",""Scalar""]",null,6,6.016
aten::fill_,"void at::native::vectorized_elementwise_kernel<2, at::native::FillFunctor<long>, std::array<char*, 1ul> >(int, at::native::FillFunctor<long>, std::array<char*, 1ul>)",3,operator_shape_matched,"[[6],[]]","[""long int"",""Scalar""]",null,6,5.984
aten::fill_,"void at::native::vectorized_elementwise_kernel<2, at::native::FillFunctor<long>, std::array<char*, 1ul> >(int, at::native::FillFunctor<long>, std::array<char*, 1ul>)",4,operator_shape_matched,"[[8],[]]","[""long int"",""Scalar""]",null,4,4.288
aten::fill_,"void at::native::vectorized_elementwise_kernel<2, at::native::FillFunctor<long>, std::array<char*, 1ul> >(int, at::native::FillFunctor<long>, std::array<char*, 1ul>)",5,operator_shape_matched,"[[12],[]]","[""long int"",""Scalar""]",null,4,4.032
aten::fill_,"void at::native::vectorized_elementwise_kernel<2, at::native::FillFunctor<long>, std::array<char*, 1ul> >(int, at::native::FillFunctor<long>, std::array<char*, 1ul>)",6,operator_shape_matched,"[[14],[]]","[""long int"",""Scalar""]",null,4,4.032
aten::fill_,"void at::native::vectorized_elementwise_kernel<2, at::native::FillFunctor<long>, std::array<char*, 1ul> >(int, at::native::FillFunctor<long>, std::array<char*, 1ul>)",7,operator_shape_matched,"[[10],[]]","[""long int"",""Scalar""]",null,4,3.967
aten::fill_,"void at::native::vectorized_elementwise_kernel<2, at::native::FillFunctor<long>, std::array<char*, 1ul> >(int, at::native::FillFunctor<long>, std::array<char*, 1ul>)",8,operator_shape_matched,"[[16],[]]","[""long int"",""Scalar""]",null,2,2.048
aten::fill_,"void at::native::vectorized_elementwise_kernel<2, at::native::FillFunctor<long>, std::array<char*, 1ul> >(int, at::native::FillFunctor<long>, std::array<char*, 1ul>)",9,operator_shape_matched,"[[28],[]]","[""long int"",""Scalar""]",null,2,2.048
aten::fill_,"void at::native::vectorized_elementwise_kernel<2, at::native::FillFunctor<long>, std::array<char*, 1ul> >(int, at::native::FillFunctor<long>, std::array<char*, 1ul>)",10,operator_shape_matched,"[[20],[]]","[""long int"",""Scalar""]",null,2,2.016
aten::fill_,"void at::native::vectorized_elementwise_kernel<2, at::native::FillFunctor<long>, std::array<char*, 1ul> >(int, at::native::FillFunctor<long>, std::array<char*, 1ul>)",11,operator_shape_matched,"[[26],[]]","[""long int"",""Scalar""]",null,2,2.016
aten::fill_,"void at::native::vectorized_elementwise_kernel<2, at::native::FillFunctor<long>, std::array<char*, 1ul> >(int, at::native::FillFunctor<long>, std::array<char*, 1ul>)",12,operator_shape_matched,"[[18],[]]","[""long int"",""Scalar""]",null,2,1.984
aten::fill_,"void at::native::vectorized_elementwise_kernel<2, at::native::FillFunctor<long>, std::array<char*, 1ul> >(int, at::native::FillFunctor<long>, std::array<char*, 1ul>)",13,operator_shape_matched,"[[22],[]]","[""long int"",""Scalar""]",null,2,1.984
aten::fill_,"void at::native::vectorized_elementwise_kernel<2, at::native::FillFunctor<long>, std::array<char*, 1ul> >(int, at::native::FillFunctor<long>, std::array<char*, 1ul>)",14,operator_shape_matched,"[[24],[]]","[""long int"",""Scalar""]",null,2,1.984
aten::fill_,"void at::native::vectorized_elementwise_kernel<2, at::native::FillFunctor<long>, std::array<char*, 1ul> >(int, at::native::FillFunctor<long>, std::array<char*, 1ul>)",15,operator_shape_matched,"[[30],[]]","[""long int"",""Scalar""]",null,2,1.984
_vllm_fa3_C::get_scheduler_metadata,"void flash::prepare_varlen_num_blocks_kernel<1, false>(int, int, int, int const*, int const*, int const*, int const*, int const*, int const*, int, int, int, int, int, cutlass::FastDivmod, cutlass::FastDivmod, int*, int*, int*, int*, int*, bool, bool, bool, int)",1,operator_shape_matched,"[[],[],[],[],[],[],[],[],[16],[17],[],[],[],[],[],[],[],[],[],[],[],[],[]]","[""Scalar"",""Scalar"",""Scalar"",""Scalar"",""Scalar"",""Scalar"",""Scalar"",""Scalar"",""int"",""int"","""","""","""","""",""Scalar"",""Scalar"",""Scalar"",""Scalar"",""Scalar"",""Scalar"",""Scalar"","""",""Scalar""]",null,4,8.319
_vllm_fa3_C::get_scheduler_metadata,"void flash::prepare_varlen_num_blocks_kernel<1, false>(int, int, int, int const*, int const*, int const*, int const*, int const*, int const*, int, int, int, int, int, cutlass::FastDivmod, cutlass::FastDivmod, int*, int*, int*, int*, int*, bool, bool, bool, int)",2,operator_shape_matched,"[[],[],[],[],[],[],[],[],[8],[9],[],[],[],[],[],[],[],[],[],[],[],[],[]]","[""Scalar"",""Scalar"",""Scalar"",""Scalar"",""Scalar"",""Scalar"",""Scalar"",""Scalar"",""int"",""int"","""","""","""","""",""Scalar"",""Scalar"",""Scalar"",""Scalar"",""Scalar"",""Scalar"",""Scalar"","""",""Scalar""]",null,2,3.999
_vllm_fa3_C::get_scheduler_metadata,"void flash::prepare_varlen_num_blocks_kernel<1, false>(int, int, int, int const*, int const*, int const*, int const*, int const*, int const*, int, int, int, int, int, cutlass::FastDivmod, cutlass::FastDivmod, int*, int*, int*, int*, int*, bool, bool, bool, int)",3,operator_shape_matched,"[[],[],[],[],[],[],[],[],[1],[2],[],[],[],[],[],[],[],[],[],[],[],[],[]]","[""Scalar"",""Scalar"",""Scalar"",""Scalar"",""Scalar"",""Scalar"",""Scalar"",""Scalar"",""int"",""int"","""","""","""","""",""Scalar"",""Scalar"",""Scalar"",""Scalar"",""Scalar"",""Scalar"",""Scalar"","""",""Scalar""]",null,2,3.712
_vllm_fa3_C::get_scheduler_metadata,"void flash::prepare_varlen_num_blocks_kernel<1, false>(int, int, int, int const*, int const*, int const*, int const*, int const*, int const*, int, int, int, int, int, cutlass::FastDivmod, cutlass::FastDivmod, int*, int*, int*, int*, int*, bool, bool, bool, int)",4,operator_shape_matched,"[[],[],[],[],[],[],[],[],[4],[5],[],[],[],[],[],[],[],[],[],[],[],[],[]]","[""Scalar"",""Scalar"",""Scalar"",""Scalar"",""Scalar"",""Scalar"",""Scalar"",""Scalar"",""int"",""int"","""","""","""","""",""Scalar"",""Scalar"",""Scalar"",""Scalar"",""Scalar"",""Scalar"",""Scalar"","""",""Scalar""]",null,1,1.984
_vllm_fa3_C::get_scheduler_metadata,"void flash::prepare_varlen_num_blocks_kernel<1, false>(int, int, int, int const*, int const*, int const*, int const*, int const*, int const*, int, int, int, int, int, cutlass::FastDivmod, cutlass::FastDivmod, int*, int*, int*, int*, int*, bool, bool, bool, int)",5,operator_shape_matched,"[[],[],[],[],[],[],[],[],[2],[3],[],[],[],[],[],[],[],[],[],[],[],[],[]]","[""Scalar"",""Scalar"",""Scalar"",""Scalar"",""Scalar"",""Scalar"",""Scalar"",""Scalar"",""int"",""int"","""","""","""","""",""Scalar"",""Scalar"",""Scalar"",""Scalar"",""Scalar"",""Scalar"",""Scalar"","""",""Scalar""]",null,1,1.952
_vllm_fa3_C::get_scheduler_metadata,"void flash::prepare_varlen_num_blocks_kernel<1, false>(int, int, int, int const*, int const*, int const*, int const*, int const*, int const*, int, int, int, int, int, cutlass::FastDivmod, cutlass::FastDivmod, int*, int*, int*, int*, int*, bool, bool, bool, int)",6,operator_shape_matched,"[[],[],[],[],[],[],[],[],[23],[24],[],[],[],[],[],[],[],[],[],[],[],[],[]]","[""Scalar"",""Scalar"",""Scalar"",""Scalar"",""Scalar"",""Scalar"",""Scalar"",""Scalar"",""int"",""int"","""","""","""","""",""Scalar"",""Scalar"",""Scalar"",""Scalar"",""Scalar"",""Scalar"",""Scalar"","""",""Scalar""]",null,1,1.76
_vllm_fa3_C::get_scheduler_metadata,"void flash::prepare_varlen_num_blocks_kernel<1, false>(int, int, int, int const*, int const*, int const*, int const*, int const*, int const*, int, int, int, int, int, cutlass::FastDivmod, cutlass::FastDivmod, int*, int*, int*, int*, int*, bool, bool, bool, int)",7,operator_shape_matched,"[[],[],[],[],[],[],[],[],[29],[30],[],[],[],[],[],[],[],[],[],[],[],[],[]]","[""Scalar"",""Scalar"",""Scalar"",""Scalar"",""Scalar"",""Scalar"",""Scalar"",""Scalar"",""int"",""int"","""","""","""","""",""Scalar"",""Scalar"",""Scalar"",""Scalar"",""Scalar"",""Scalar"",""Scalar"","""",""Scalar""]",null,1,1.76
_vllm_fa3_C::get_scheduler_metadata,"void flash::prepare_varlen_num_blocks_kernel<1, false>(int, int, int, int const*, int const*, int const*, int const*, int const*, int const*, int, int, int, int, int, cutlass::FastDivmod, cutlass::FastDivmod, int*, int*, int*, int*, int*, bool, bool, bool, int)",8,operator_shape_matched,"[[],[],[],[],[],[],[],[],[31],[32],[],[],[],[],[],[],[],[],[],[],[],[],[]]","[""Scalar"",""Scalar"",""Scalar"",""Scalar"",""Scalar"",""Scalar"",""Scalar"",""Scalar"",""int"",""int"","""","""","""","""",""Scalar"",""Scalar"",""Scalar"",""Scalar"",""Scalar"",""Scalar"",""Scalar"","""",""Scalar""]",null,1,1.76
_vllm_fa3_C::get_scheduler_metadata,"void flash::prepare_varlen_num_blocks_kernel<1, false>(int, int, int, int const*, int const*, int const*, int const*, int const*, int const*, int, int, int, int, int, cutlass::FastDivmod, cutlass::FastDivmod, int*, int*, int*, int*, int*, bool, bool, bool, int)",9,operator_shape_matched,"[[],[],[],[],[],[],[],[],[9],[10],[],[],[],[],[],[],[],[],[],[],[],[],[]]","[""Scalar"",""Scalar"",""Scalar"",""Scalar"",""Scalar"",""Scalar"",""Scalar"",""Scalar"",""int"",""int"","""","""","""","""",""Scalar"",""Scalar"",""Scalar"",""Scalar"",""Scalar"",""Scalar"",""Scalar"","""",""Scalar""]",null,1,1.729
_vllm_fa3_C::get_scheduler_metadata,"void flash::prepare_varlen_num_blocks_kernel<1, false>(int, int, int, int const*, int const*, int const*, int const*, int const*, int const*, int, int, int, int, int, cutlass::FastDivmod, cutlass::FastDivmod, int*, int*, int*, int*, int*, bool, bool, bool, int)",10,operator_shape_matched,"[[],[],[],[],[],[],[],[],[11],[12],[],[],[],[],[],[],[],[],[],[],[],[],[]]","[""Scalar"",""Scalar"",""Scalar"",""Scalar"",""Scalar"",""Scalar"",""Scalar"",""Scalar"",""int"",""int"","""","""","""","""",""Scalar"",""Scalar"",""Scalar"",""Scalar"",""Scalar"",""Scalar"",""Scalar"","""",""Scalar""]",null,1,1.728
_vllm_fa3_C::get_scheduler_metadata,"void flash::prepare_varlen_num_blocks_kernel<1, false>(int, int, int, int const*, int const*, int const*, int const*, int const*, int const*, int, int, int, int, int, cutlass::FastDivmod, cutlass::FastDivmod, int*, int*, int*, int*, int*, bool, bool, bool, int)",11,operator_shape_matched,"[[],[],[],[],[],[],[],[],[13],[14],[],[],[],[],[],[],[],[],[],[],[],[],[]]","[""Scalar"",""Scalar"",""Scalar"",""Scalar"",""Scalar"",""Scalar"",""Scalar"",""Scalar"",""int"",""int"","""","""","""","""",""Scalar"",""Scalar"",""Scalar"",""Scalar"",""Scalar"",""Scalar"",""Scalar"","""",""Scalar""]",null,1,1.728
_vllm_fa3_C::get_scheduler_metadata,"void flash::prepare_varlen_num_blocks_kernel<1, false>(int, int, int, int const*, int const*, int const*, int const*, int const*, int const*, int, int, int, int, int, cutlass::FastDivmod, cutlass::FastDivmod, int*, int*, int*, int*, int*, bool, bool, bool, int)",12,operator_shape_matched,"[[],[],[],[],[],[],[],[],[15],[16],[],[],[],[],[],[],[],[],[],[],[],[],[]]","[""Scalar"",""Scalar"",""Scalar"",""Scalar"",""Scalar"",""Scalar"",""Scalar"",""Scalar"",""int"",""int"","""","""","""","""",""Scalar"",""Scalar"",""Scalar"",""Scalar"",""Scalar"",""Scalar"",""Scalar"","""",""Scalar""]",null,1,1.728
_vllm_fa3_C::get_scheduler_metadata,"void flash::prepare_varlen_num_blocks_kernel<1, false>(int, int, int, int const*, int const*, int const*, int const*, int const*, int const*, int, int, int, int, int, cutlass::FastDivmod, cutlass::FastDivmod, int*, int*, int*, int*, int*, bool, bool, bool, int)",13,operator_shape_matched,"[[],[],[],[],[],[],[],[],[17],[18],[],[],[],[],[],[],[],[],[],[],[],[],[]]","[""Scalar"",""Scalar"",""Scalar"",""Scalar"",""Scalar"",""Scalar"",""Scalar"",""Scalar"",""int"",""int"","""","""","""","""",""Scalar"",""Scalar"",""Scalar"",""Scalar"",""Scalar"",""Scalar"",""Scalar"","""",""Scalar""]",null,1,1.728
_vllm_fa3_C::get_scheduler_metadata,"void flash::prepare_varlen_num_blocks_kernel<1, false>(int, int, int, int const*, int const*, int const*, int const*, int const*, int const*, int, int, int, int, int, cutlass::FastDivmod, cutlass::FastDivmod, int*, int*, int*, int*, int*, bool, bool, bool, int)",14,operator_shape_matched,"[[],[],[],[],[],[],[],[],[21],[22],[],[],[],[],[],[],[],[],[],[],[],[],[]]","[""Scalar"",""Scalar"",""Scalar"",""Scalar"",""Scalar"",""Scalar"",""Scalar"",""Scalar"",""int"",""int"","""","""","""","""",""Scalar"",""Scalar"",""Scalar"",""Scalar"",""Scalar"",""Scalar"",""Scalar"","""",""Scalar""]",null,1,1.728
_vllm_fa3_C::get_scheduler_metadata,"void flash::prepare_varlen_num_blocks_kernel<1, false>(int, int, int, int const*, int const*, int const*, int const*, int const*, int const*, int, int, int, int, int, cutlass::FastDivmod, cutlass::FastDivmod, int*, int*, int*, int*, int*, bool, bool, bool, int)",15,operator_shape_matched,"[[],[],[],[],[],[],[],[],[25],[26],[],[],[],[],[],[],[],[],[],[],[],[],[]]","[""Scalar"",""Scalar"",""Scalar"",""Scalar"",""Scalar"",""Scalar"",""Scalar"",""Scalar"",""int"",""int"","""","""","""","""",""Scalar"",""Scalar"",""Scalar"",""Scalar"",""Scalar"",""Scalar"",""Scalar"","""",""Scalar""]",null,1,1.728
_vllm_fa3_C::get_scheduler_metadata,"void flash::prepare_varlen_num_blocks_kernel<1, false>(int, int, int, int const*, int const*, int const*, int const*, int const*, int const*, int, int, int, int, int, cutlass::FastDivmod, cutlass::FastDivmod, int*, int*, int*, int*, int*, bool, bool, bool, int)",16,operator_shape_matched,"[[],[],[],[],[],[],[],[],[27],[28],[],[],[],[],[],[],[],[],[],[],[],[],[]]","[""Scalar"",""Scalar"",""Scalar"",""Scalar"",""Scalar"",""Scalar"",""Scalar"",""Scalar"",""int"",""int"","""","""","""","""",""Scalar"",""Scalar"",""Scalar"",""Scalar"",""Scalar"",""Scalar"",""Scalar"","""",""Scalar""]",null,1,1.728
_vllm_fa3_C::get_scheduler_metadata,"void flash::prepare_varlen_num_blocks_kernel<1, false>(int, int, int, int const*, int const*, int const*, int const*, int const*, int const*, int, int, int, int, int, cutlass::FastDivmod, cutlass::FastDivmod, int*, int*, int*, int*, int*, bool, bool, bool, int)",17,operator_shape_matched,"[[],[],[],[],[],[],[],[],[3],[4],[],[],[],[],[],[],[],[],[],[],[],[],[]]","[""Scalar"",""Scalar"",""Scalar"",""Scalar"",""Scalar"",""Scalar"",""Scalar"",""Scalar"",""int"",""int"","""","""","""","""",""Scalar"",""Scalar"",""Scalar"",""Scalar"",""Scalar"",""Scalar"",""Scalar"","""",""Scalar""]",null,1,1.728
_vllm_fa3_C::get_scheduler_metadata,"void flash::prepare_varlen_num_blocks_kernel<1, false>(int, int, int, int const*, int const*, int const*, int const*, int const*, int const*, int, int, int, int, int, cutlass::FastDivmod, cutlass::FastDivmod, int*, int*, int*, int*, int*, bool, bool, bool, int)",18,operator_shape_matched,"[[],[],[],[],[],[],[],[],[5],[6],[],[],[],[],[],[],[],[],[],[],[],[],[]]","[""Scalar"",""Scalar"",""Scalar"",""Scalar"",""Scalar"",""Scalar"",""Scalar"",""Scalar"",""int"",""int"","""","""","""","""",""Scalar"",""Scalar"",""Scalar"",""Scalar"",""Scalar"",""Scalar"",""Scalar"","""",""Scalar""]",null,1,1.728
_vllm_fa3_C::get_scheduler_metadata,"void flash::prepare_varlen_num_blocks_kernel<1, false>(int, int, int, int const*, int const*, int const*, int const*, int const*, int const*, int, int, int, int, int, cutlass::FastDivmod, cutlass::FastDivmod, int*, int*, int*, int*, int*, bool, bool, bool, int)",19,operator_shape_matched,"[[],[],[],[],[],[],[],[],[7],[8],[],[],[],[],[],[],[],[],[],[],[],[],[]]","[""Scalar"",""Scalar"",""Scalar"",""Scalar"",""Scalar"",""Scalar"",""Scalar"",""Scalar"",""int"",""int"","""","""","""","""",""Scalar"",""Scalar"",""Scalar"",""Scalar"",""Scalar"",""Scalar"",""Scalar"","""",""Scalar""]",null,1,1.728
_vllm_fa3_C::get_scheduler_metadata,"void flash::prepare_varlen_num_blocks_kernel<1, false>(int, int, int, int const*, int const*, int const*, int const*, int const*, int const*, int, int, int, int, int, cutlass::FastDivmod, cutlass::FastDivmod, int*, int*, int*, int*, int*, bool, bool, bool, int)",20,operator_shape_matched,"[[],[],[],[],[],[],[],[],[19],[20],[],[],[],[],[],[],[],[],[],[],[],[],[]]","[""Scalar"",""Scalar"",""Scalar"",""Scalar"",""Scalar"",""Scalar"",""Scalar"",""Scalar"",""int"",""int"","""","""","""","""",""Scalar"",""Scalar"",""Scalar"",""Scalar"",""Scalar"",""Scalar"",""Scalar"","""",""Scalar""]",null,1,1.727
aten::index_select,"void at::native::(anonymous namespace)::indexSelectSmallIndex<c10::BFloat16, long, unsigned int, 2, 2, -2>(at::cuda::detail::TensorInfo<c10::BFloat16, unsigned int>, at::cuda::detail::TensorInfo<c10::BFloat16 const, unsigned int>, at::cuda::detail::TensorInfo<long const, unsigned int>, int, int, unsigned int, long)",1,operator_shape_matched,"[[12504,6144],[],[16]]","[""c10::BFloat16"",""Scalar"",""long int""]",null,1,8.288
aten::index_select,"void at::native::(anonymous namespace)::indexSelectSmallIndex<c10::BFloat16, long, unsigned int, 2, 2, -2>(at::cuda::detail::TensorInfo<c10::BFloat16, unsigned int>, at::cuda::detail::TensorInfo<c10::BFloat16 const, unsigned int>, at::cuda::detail::TensorInfo<long const, unsigned int>, int, int, unsigned int, long)",2,operator_shape_matched,"[[12504,6144],[],[14]]","[""c10::BFloat16"",""Scalar"",""long int""]",null,1,7.648
aten::index_select,"void at::native::(anonymous namespace)::indexSelectSmallIndex<c10::BFloat16, long, unsigned int, 2, 2, -2>(at::cuda::detail::TensorInfo<c10::BFloat16, unsigned int>, at::cuda::detail::TensorInfo<c10::BFloat16 const, unsigned int>, at::cuda::detail::TensorInfo<long const, unsigned int>, int, int, unsigned int, long)",3,operator_shape_matched,"[[12504,6144],[],[12]]","[""c10::BFloat16"",""Scalar"",""long int""]",null,1,6.592
aten::index_select,"void at::native::(anonymous namespace)::indexSelectSmallIndex<c10::BFloat16, long, unsigned int, 2, 2, -2>(at::cuda::detail::TensorInfo<c10::BFloat16, unsigned int>, at::cuda::detail::TensorInfo<c10::BFloat16 const, unsigned int>, at::cuda::detail::TensorInfo<long const, unsigned int>, int, int, unsigned int, long)",4,operator_shape_matched,"[[12504,6144],[],[10]]","[""c10::BFloat16"",""Scalar"",""long int""]",null,1,5.824
aten::index_select,"void at::native::(anonymous namespace)::indexSelectSmallIndex<c10::BFloat16, long, unsigned int, 2, 2, -2>(at::cuda::detail::TensorInfo<c10::BFloat16, unsigned int>, at::cuda::detail::TensorInfo<c10::BFloat16 const, unsigned int>, at::cuda::detail::TensorInfo<long const, unsigned int>, int, int, unsigned int, long)",5,operator_shape_matched,"[[12504,6144],[],[8]]","[""c10::BFloat16"",""Scalar"",""long int""]",null,1,5.28
aten::index_select,"void at::native::(anonymous namespace)::indexSelectSmallIndex<c10::BFloat16, long, unsigned int, 2, 2, -2>(at::cuda::detail::TensorInfo<c10::BFloat16, unsigned int>, at::cuda::detail::TensorInfo<c10::BFloat16 const, unsigned int>, at::cuda::detail::TensorInfo<long const, unsigned int>, int, int, unsigned int, long)",6,operator_shape_matched,"[[12504,6144],[],[6]]","[""c10::BFloat16"",""Scalar"",""long int""]",null,1,4.16
aten::index_select,"void at::native::(anonymous namespace)::indexSelectSmallIndex<c10::BFloat16, long, unsigned int, 2, 2, -2>(at::cuda::detail::TensorInfo<c10::BFloat16, unsigned int>, at::cuda::detail::TensorInfo<c10::BFloat16 const, unsigned int>, at::cuda::detail::TensorInfo<long const, unsigned int>, int, int, unsigned int, long)",7,operator_shape_matched,"[[12504,6144],[],[4]]","[""c10::BFloat16"",""Scalar"",""long int""]",null,1,3.296
aten::index_select,"void at::native::(anonymous namespace)::indexSelectSmallIndex<c10::BFloat16, long, unsigned int, 2, 2, -2>(at::cuda::detail::TensorInfo<c10::BFloat16, unsigned int>, at::cuda::detail::TensorInfo<c10::BFloat16 const, unsigned int>, at::cuda::detail::TensorInfo<long const, unsigned int>, int, int, unsigned int, long)",8,operator_shape_matched,"[[12504,6144],[],[2]]","[""c10::BFloat16"",""Scalar"",""long int""]",null,1,2.337
aten::index_select,"void at::native::(anonymous namespace)::indexSelectSmallIndex<c10::BFloat16, long, unsigned int, 2, 2, -2>(at::cuda::detail::TensorInfo<c10::BFloat16, unsigned int>, at::cuda::detail::TensorInfo<c10::BFloat16 const, unsigned int>, at::cuda::detail::TensorInfo<long const, unsigned int>, int, int, unsigned int, long)",9,operator_shape_matched,"[[12504,6144],[],[1]]","[""c10::BFloat16"",""Scalar"",""long int""]",null,1,2.176
_vllm_fa3_C::get_scheduler_metadata,"void flash::prepare_varlen_num_blocks_kernel<2, false>(int, int, int, int const*, int const*, int const*, int const*, int const*, int const*, int, int, int, int, int, cutlass::FastDivmod, cutlass::FastDivmod, int*, int*, int*, int*, int*, bool, bool, bool, int)",1,operator_shape_matched,"[[],[],[],[],[],[],[],[],[32],[33],[],[],[],[],[],[],[],[],[],[],[],[],[]]","[""Scalar"",""Scalar"",""Scalar"",""Scalar"",""Scalar"",""Scalar"",""Scalar"",""Scalar"",""int"",""int"","""","""","""","""",""Scalar"",""Scalar"",""Scalar"",""Scalar"",""Scalar"",""Scalar"",""Scalar"","""",""Scalar""]",null,8,15.903
_vllm_fa3_C::get_scheduler_metadata,"void flash::prepare_varlen_num_blocks_kernel<2, false>(int, int, int, int const*, int const*, int const*, int const*, int const*, int const*, int, int, int, int, int, cutlass::FastDivmod, cutlass::FastDivmod, int*, int*, int*, int*, int*, bool, bool, bool, int)",2,operator_shape_matched,"[[],[],[],[],[],[],[],[],[51],[52],[],[],[],[],[],[],[],[],[],[],[],[],[]]","[""Scalar"",""Scalar"",""Scalar"",""Scalar"",""Scalar"",""Scalar"",""Scalar"",""Scalar"",""int"",""int"","""","""","""","""",""Scalar"",""Scalar"",""Scalar"",""Scalar"",""Scalar"",""Scalar"",""Scalar"","""",""Scalar""]",null,1,1.697
_vllm_fa3_C::get_scheduler_metadata,"void flash::prepare_varlen_num_blocks_kernel<2, false>(int, int, int, int const*, int const*, int const*, int const*, int const*, int const*, int, int, int, int, int, cutlass::FastDivmod, cutlass::FastDivmod, int*, int*, int*, int*, int*, bool, bool, bool, int)",3,operator_shape_matched,"[[],[],[],[],[],[],[],[],[43],[44],[],[],[],[],[],[],[],[],[],[],[],[],[]]","[""Scalar"",""Scalar"",""Scalar"",""Scalar"",""Scalar"",""Scalar"",""Scalar"",""Scalar"",""int"",""int"","""","""","""","""",""Scalar"",""Scalar"",""Scalar"",""Scalar"",""Scalar"",""Scalar"",""Scalar"","""",""Scalar""]",null,1,1.696
_vllm_fa3_C::get_scheduler_metadata,"void flash::prepare_varlen_num_blocks_kernel<2, false>(int, int, int, int const*, int const*, int const*, int const*, int const*, int const*, int, int, int, int, int, cutlass::FastDivmod, cutlass::FastDivmod, int*, int*, int*, int*, int*, bool, bool, bool, int)",4,operator_shape_matched,"[[],[],[],[],[],[],[],[],[49],[50],[],[],[],[],[],[],[],[],[],[],[],[],[]]","[""Scalar"",""Scalar"",""Scalar"",""Scalar"",""Scalar"",""Scalar"",""Scalar"",""Scalar"",""int"",""int"","""","""","""","""",""Scalar"",""Scalar"",""Scalar"",""Scalar"",""Scalar"",""Scalar"",""Scalar"","""",""Scalar""]",null,1,1.696
_vllm_fa3_C::get_scheduler_metadata,"void flash::prepare_varlen_num_blocks_kernel<2, false>(int, int, int, int const*, int const*, int const*, int const*, int const*, int const*, int, int, int, int, int, cutlass::FastDivmod, cutlass::FastDivmod, int*, int*, int*, int*, int*, bool, bool, bool, int)",5,operator_shape_matched,"[[],[],[],[],[],[],[],[],[53],[54],[],[],[],[],[],[],[],[],[],[],[],[],[]]","[""Scalar"",""Scalar"",""Scalar"",""Scalar"",""Scalar"",""Scalar"",""Scalar"",""Scalar"",""int"",""int"","""","""","""","""",""Scalar"",""Scalar"",""Scalar"",""Scalar"",""Scalar"",""Scalar"",""Scalar"","""",""Scalar""]",null,1,1.696
_vllm_fa3_C::get_scheduler_metadata,"void flash::prepare_varlen_num_blocks_kernel<2, false>(int, int, int, int const*, int const*, int const*, int const*, int const*, int const*, int, int, int, int, int, cutlass::FastDivmod, cutlass::FastDivmod, int*, int*, int*, int*, int*, bool, bool, bool, int)",6,operator_shape_matched,"[[],[],[],[],[],[],[],[],[55],[56],[],[],[],[],[],[],[],[],[],[],[],[],[]]","[""Scalar"",""Scalar"",""Scalar"",""Scalar"",""Scalar"",""Scalar"",""Scalar"",""Scalar"",""int"",""int"","""","""","""","""",""Scalar"",""Scalar"",""Scalar"",""Scalar"",""Scalar"",""Scalar"",""Scalar"","""",""Scalar""]",null,1,1.696
_vllm_fa3_C::get_scheduler_metadata,"void flash::prepare_varlen_num_blocks_kernel<2, false>(int, int, int, int const*, int const*, int const*, int const*, int const*, int const*, int, int, int, int, int, cutlass::FastDivmod, cutlass::FastDivmod, int*, int*, int*, int*, int*, bool, bool, bool, int)",7,operator_shape_matched,"[[],[],[],[],[],[],[],[],[57],[58],[],[],[],[],[],[],[],[],[],[],[],[],[]]","[""Scalar"",""Scalar"",""Scalar"",""Scalar"",""Scalar"",""Scalar"",""Scalar"",""Scalar"",""int"",""int"","""","""","""","""",""Scalar"",""Scalar"",""Scalar"",""Scalar"",""Scalar"",""Scalar"",""Scalar"","""",""Scalar""]",null,1,1.696
_vllm_fa3_C::get_scheduler_metadata,"void flash::prepare_varlen_num_blocks_kernel<2, false>(int, int, int, int const*, int const*, int const*, int const*, int const*, int const*, int, int, int, int, int, cutlass::FastDivmod, cutlass::FastDivmod, int*, int*, int*, int*, int*, bool, bool, bool, int)",8,operator_shape_matched,"[[],[],[],[],[],[],[],[],[59],[60],[],[],[],[],[],[],[],[],[],[],[],[],[]]","[""Scalar"",""Scalar"",""Scalar"",""Scalar"",""Scalar"",""Scalar"",""Scalar"",""Scalar"",""int"",""int"","""","""","""","""",""Scalar"",""Scalar"",""Scalar"",""Scalar"",""Scalar"",""Scalar"",""Scalar"","""",""Scalar""]",null,1,1.696
_vllm_fa3_C::get_scheduler_metadata,"void flash::prepare_varlen_num_blocks_kernel<2, false>(int, int, int, int const*, int const*, int const*, int const*, int const*, int const*, int, int, int, int, int, cutlass::FastDivmod, cutlass::FastDivmod, int*, int*, int*, int*, int*, bool, bool, bool, int)",9,operator_shape_matched,"[[],[],[],[],[],[],[],[],[61],[62],[],[],[],[],[],[],[],[],[],[],[],[],[]]","[""Scalar"",""Scalar"",""Scalar"",""Scalar"",""Scalar"",""Scalar"",""Scalar"",""Scalar"",""int"",""int"","""","""","""","""",""Scalar"",""Scalar"",""Scalar"",""Scalar"",""Scalar"",""Scalar"",""Scalar"","""",""Scalar""]",null,1,1.696
_vllm_fa3_C::get_scheduler_metadata,"void flash::prepare_varlen_num_blocks_kernel<2, false>(int, int, int, int const*, int const*, int const*, int const*, int const*, int const*, int, int, int, int, int, cutlass::FastDivmod, cutlass::FastDivmod, int*, int*, int*, int*, int*, bool, bool, bool, int)",10,operator_shape_matched,"[[],[],[],[],[],[],[],[],[33],[34],[],[],[],[],[],[],[],[],[],[],[],[],[]]","[""Scalar"",""Scalar"",""Scalar"",""Scalar"",""Scalar"",""Scalar"",""Scalar"",""Scalar"",""int"",""int"","""","""","""","""",""Scalar"",""Scalar"",""Scalar"",""Scalar"",""Scalar"",""Scalar"",""Scalar"","""",""Scalar""]",null,1,1.664
_vllm_fa3_C::get_scheduler_metadata,"void flash::prepare_varlen_num_blocks_kernel<2, false>(int, int, int, int const*, int const*, int const*, int const*, int const*, int const*, int, int, int, int, int, cutlass::FastDivmod, cutlass::FastDivmod, int*, int*, int*, int*, int*, bool, bool, bool, int)",11,operator_shape_matched,"[[],[],[],[],[],[],[],[],[35],[36],[],[],[],[],[],[],[],[],[],[],[],[],[]]","[""Scalar"",""Scalar"",""Scalar"",""Scalar"",""Scalar"",""Scalar"",""Scalar"",""Scalar"",""int"",""int"","""","""","""","""",""Scalar"",""Scalar"",""Scalar"",""Scalar"",""Scalar"",""Scalar"",""Scalar"","""",""Scalar""]",null,1,1.664
_vllm_fa3_C::get_scheduler_metadata,"void flash::prepare_varlen_num_blocks_kernel<2, false>(int, int, int, int const*, int const*, int const*, int const*, int const*, int const*, int, int, int, int, int, cutlass::FastDivmod, cutlass::FastDivmod, int*, int*, int*, int*, int*, bool, bool, bool, int)",12,operator_shape_matched,"[[],[],[],[],[],[],[],[],[37],[38],[],[],[],[],[],[],[],[],[],[],[],[],[]]","[""Scalar"",""Scalar"",""Scalar"",""Scalar"",""Scalar"",""Scalar"",""Scalar"",""Scalar"",""int"",""int"","""","""","""","""",""Scalar"",""Scalar"",""Scalar"",""Scalar"",""Scalar"",""Scalar"",""Scalar"","""",""Scalar""]",null,1,1.664
_vllm_fa3_C::get_scheduler_metadata,"void flash::prepare_varlen_num_blocks_kernel<2, false>(int, int, int, int const*, int const*, int const*, int const*, int const*, int const*, int, int, int, int, int, cutlass::FastDivmod, cutlass::FastDivmod, int*, int*, int*, int*, int*, bool, bool, bool, int)",13,operator_shape_matched,"[[],[],[],[],[],[],[],[],[41],[42],[],[],[],[],[],[],[],[],[],[],[],[],[]]","[""Scalar"",""Scalar"",""Scalar"",""Scalar"",""Scalar"",""Scalar"",""Scalar"",""Scalar"",""int"",""int"","""","""","""","""",""Scalar"",""Scalar"",""Scalar"",""Scalar"",""Scalar"",""Scalar"",""Scalar"","""",""Scalar""]",null,1,1.664
_vllm_fa3_C::get_scheduler_metadata,"void flash::prepare_varlen_num_blocks_kernel<2, false>(int, int, int, int const*, int const*, int const*, int const*, int const*, int const*, int, int, int, int, int, cutlass::FastDivmod, cutlass::FastDivmod, int*, int*, int*, int*, int*, bool, bool, bool, int)",14,operator_shape_matched,"[[],[],[],[],[],[],[],[],[45],[46],[],[],[],[],[],[],[],[],[],[],[],[],[]]","[""Scalar"",""Scalar"",""Scalar"",""Scalar"",""Scalar"",""Scalar"",""Scalar"",""Scalar"",""int"",""int"","""","""","""","""",""Scalar"",""Scalar"",""Scalar"",""Scalar"",""Scalar"",""Scalar"",""Scalar"","""",""Scalar""]",null,1,1.664
_vllm_fa3_C::get_scheduler_metadata,"void flash::prepare_varlen_num_blocks_kernel<2, false>(int, int, int, int const*, int const*, int const*, int const*, int const*, int const*, int, int, int, int, int, cutlass::FastDivmod, cutlass::FastDivmod, int*, int*, int*, int*, int*, bool, bool, bool, int)",15,operator_shape_matched,"[[],[],[],[],[],[],[],[],[47],[48],[],[],[],[],[],[],[],[],[],[],[],[],[]]","[""Scalar"",""Scalar"",""Scalar"",""Scalar"",""Scalar"",""Scalar"",""Scalar"",""Scalar"",""int"",""int"","""","""","""","""",""Scalar"",""Scalar"",""Scalar"",""Scalar"",""Scalar"",""Scalar"",""Scalar"","""",""Scalar""]",null,1,1.664
_vllm_fa3_C::get_scheduler_metadata,"void flash::prepare_varlen_num_blocks_kernel<2, false>(int, int, int, int const*, int const*, int const*, int const*, int const*, int const*, int, int, int, int, int, cutlass::FastDivmod, cutlass::FastDivmod, int*, int*, int*, int*, int*, bool, bool, bool, int)",16,operator_shape_matched,"[[],[],[],[],[],[],[],[],[39],[40],[],[],[],[],[],[],[],[],[],[],[],[],[]]","[""Scalar"",""Scalar"",""Scalar"",""Scalar"",""Scalar"",""Scalar"",""Scalar"",""Scalar"",""int"",""int"","""","""","""","""",""Scalar"",""Scalar"",""Scalar"",""Scalar"",""Scalar"",""Scalar"",""Scalar"","""",""Scalar""]",null,1,1.663
aten::sub,"void at::native::vectorized_elementwise_kernel<4, at::native::CUDAFunctorOnSelf_add<int>, std::array<char*, 2ul> >(int, at::native::CUDAFunctorOnSelf_add<int>, std::array<char*, 2ul>)",1,operator_shape_matched,"[[4],[],[]]","[""int"",""long int"",""Scalar""]",null,30,34.719
aten::sub,"void at::native::vectorized_elementwise_kernel<4, at::native::CUDAFunctorOnSelf_add<int>, std::array<char*, 2ul> >(int, at::native::CUDAFunctorOnSelf_add<int>, std::array<char*, 2ul>)",2,operator_shape_matched,"[[2],[],[]]","[""int"",""long int"",""Scalar""]",null,2,2.272
aten::sub,"void at::native::vectorized_elementwise_kernel<2, at::native::CUDAFunctorOnSelf_add<int>, std::array<char*, 2ul> >(int, at::native::CUDAFunctorOnSelf_add<int>, std::array<char*, 2ul>)",1,operator_shape_matched,"[[4],[],[]]","[""int"",""long int"",""Scalar""]",null,28,32.254
aten::sub,"void at::native::vectorized_elementwise_kernel<2, at::native::CUDAFunctorOnSelf_add<int>, std::array<char*, 2ul> >(int, at::native::CUDAFunctorOnSelf_add<int>, std::array<char*, 2ul>)",2,operator_shape_matched,"[[3],[],[]]","[""int"",""long int"",""Scalar""]",null,2,2.272
aten::cumsum,"void at_cuda_detail::cub::detail::scan::DeviceScanInitKernel<at_cuda_detail::cub::ScanTileState<int, true> >(at_cuda_detail::cub::ScanTileState<int, true>, int)",1,operator_shape_matched,"[[3],[],[],[3]]","[""int"",""Scalar"","""",""int""]",null,29,28.768
aten::cumsum,"void at_cuda_detail::cub::detail::scan::DeviceScanInitKernel<at_cuda_detail::cub::ScanTileState<int, true> >(at_cuda_detail::cub::ScanTileState<int, true>, int)",2,operator_shape_matched,"[[2],[],[],[2]]","[""int"",""Scalar"","""",""int""]",null,3,3.008
aten::cumsum,"void at_cuda_detail::cub::detail::scan::DeviceScanInitKernel<at_cuda_detail::cub::ScanTileState<int, true> >(at_cuda_detail::cub::ScanTileState<int, true>, int)",3,operator_shape_matched,"[[1],[],[],[1]]","[""int"",""Scalar"","""",""int""]",null,1,1.152
aten::scatter_,"void at::native::_scatter_gather_elementwise_kernel<128, 8, at::native::_cuda_scatter_gather_internal_kernel<true, at::native::OpaqueType<4>, long>::operator()<at::native::TensorAssign>(at::TensorIterator&, long, long, long, at::native::TensorAssign const&)::{lambda(int)#1}>(int, at::native::_cuda_scatter_gather_internal_kernel<true, at::native::OpaqueType<4>, long>::operator()<at::native::TensorAssign>(at::TensorIterator&, long, long, long, at::native::TensorAssign const&)::{lambda(int)#1})",1,operator_shape_matched,"[[8192],[],[62],[62]]","[""int"",""Scalar"",""long int"",""int""]",null,1,2.016
aten::scatter_,"void at::native::_scatter_gather_elementwise_kernel<128, 8, at::native::_cuda_scatter_gather_internal_kernel<true, at::native::OpaqueType<4>, long>::operator()<at::native::TensorAssign>(at::TensorIterator&, long, long, long, at::native::TensorAssign const&)::{lambda(int)#1}>(int, at::native::_cuda_scatter_gather_internal_kernel<true, at::native::OpaqueType<4>, long>::operator()<at::native::TensorAssign>(at::TensorIterator&, long, long, long, at::native::TensorAssign const&)::{lambda(int)#1})",2,operator_shape_matched,"[[8192],[],[34],[34]]","[""int"",""Scalar"",""long int"",""int""]",null,1,1.856
aten::scatter_,"void at::native::_scatter_gather_elementwise_kernel<128, 8, at::native::_cuda_scatter_gather_internal_kernel<true, at::native::OpaqueType<4>, long>::operator()<at::native::TensorAssign>(at::TensorIterator&, long, long, long, at::native::TensorAssign const&)::{lambda(int)#1}>(int, at::native::_cuda_scatter_gather_internal_kernel<true, at::native::OpaqueType<4>, long>::operator()<at::native::TensorAssign>(at::TensorIterator&, long, long, long, at::native::TensorAssign const&)::{lambda(int)#1})",3,operator_shape_matched,"[[8192],[],[36],[36]]","[""int"",""Scalar"",""long int"",""int""]",null,1,1.856
aten::scatter_,"void at::native::_scatter_gather_elementwise_kernel<128, 8, at::native::_cuda_scatter_gather_internal_kernel<true, at::native::OpaqueType<4>, long>::operator()<at::native::TensorAssign>(at::TensorIterator&, long, long, long, at::native::TensorAssign const&)::{lambda(int)#1}>(int, at::native::_cuda_scatter_gather_internal_kernel<true, at::native::OpaqueType<4>, long>::operator()<at::native::TensorAssign>(at::TensorIterator&, long, long, long, at::native::TensorAssign const&)::{lambda(int)#1})",4,operator_shape_matched,"[[8192],[],[58],[58]]","[""int"",""Scalar"",""long int"",""int""]",null,1,1.856
aten::scatter_,"void at::native::_scatter_gather_elementwise_kernel<128, 8, at::native::_cuda_scatter_gather_internal_kernel<true, at::native::OpaqueType<4>, long>::operator()<at::native::TensorAssign>(at::TensorIterator&, long, long, long, at::native::TensorAssign const&)::{lambda(int)#1}>(int, at::native::_cuda_scatter_gather_internal_kernel<true, at::native::OpaqueType<4>, long>::operator()<at::native::TensorAssign>(at::TensorIterator&, long, long, long, at::native::TensorAssign const&)::{lambda(int)#1})",5,operator_shape_matched,"[[8192],[],[46],[46]]","[""int"",""Scalar"",""long int"",""int""]",null,1,1.793
aten::scatter_,"void at::native::_scatter_gather_elementwise_kernel<128, 8, at::native::_cuda_scatter_gather_internal_kernel<true, at::native::OpaqueType<4>, long>::operator()<at::native::TensorAssign>(at::TensorIterator&, long, long, long, at::native::TensorAssign const&)::{lambda(int)#1}>(int, at::native::_cuda_scatter_gather_internal_kernel<true, at::native::OpaqueType<4>, long>::operator()<at::native::TensorAssign>(at::TensorIterator&, long, long, long, at::native::TensorAssign const&)::{lambda(int)#1})",6,operator_shape_matched,"[[8192],[],[48],[48]]","[""int"",""Scalar"",""long int"",""int""]",null,1,1.792
aten::scatter_,"void at::native::_scatter_gather_elementwise_kernel<128, 8, at::native::_cuda_scatter_gather_internal_kernel<true, at::native::OpaqueType<4>, long>::operator()<at::native::TensorAssign>(at::TensorIterator&, long, long, long, at::native::TensorAssign const&)::{lambda(int)#1}>(int, at::native::_cuda_scatter_gather_internal_kernel<true, at::native::OpaqueType<4>, long>::operator()<at::native::TensorAssign>(at::TensorIterator&, long, long, long, at::native::TensorAssign const&)::{lambda(int)#1})",7,operator_shape_matched,"[[8192],[],[52],[52]]","[""int"",""Scalar"",""long int"",""int""]",null,1,1.792
aten::scatter_,"void at::native::_scatter_gather_elementwise_kernel<128, 8, at::native::_cuda_scatter_gather_internal_kernel<true, at::native::OpaqueType<4>, long>::operator()<at::native::TensorAssign>(at::TensorIterator&, long, long, long, at::native::TensorAssign const&)::{lambda(int)#1}>(int, at::native::_cuda_scatter_gather_internal_kernel<true, at::native::OpaqueType<4>, long>::operator()<at::native::TensorAssign>(at::TensorIterator&, long, long, long, at::native::TensorAssign const&)::{lambda(int)#1})",8,operator_shape_matched,"[[8192],[],[60],[60]]","[""int"",""Scalar"",""long int"",""int""]",null,1,1.792
aten::scatter_,"void at::native::_scatter_gather_elementwise_kernel<128, 8, at::native::_cuda_scatter_gather_internal_kernel<true, at::native::OpaqueType<4>, long>::operator()<at::native::TensorAssign>(at::TensorIterator&, long, long, long, at::native::TensorAssign const&)::{lambda(int)#1}>(int, at::native::_cuda_scatter_gather_internal_kernel<true, at::native::OpaqueType<4>, long>::operator()<at::native::TensorAssign>(at::TensorIterator&, long, long, long, at::native::TensorAssign const&)::{lambda(int)#1})",9,operator_shape_matched,"[[8192],[],[32],[32]]","[""int"",""Scalar"",""long int"",""int""]",null,1,1.76
aten::scatter_,"void at::native::_scatter_gather_elementwise_kernel<128, 8, at::native::_cuda_scatter_gather_internal_kernel<true, at::native::OpaqueType<4>, long>::operator()<at::native::TensorAssign>(at::TensorIterator&, long, long, long, at::native::TensorAssign const&)::{lambda(int)#1}>(int, at::native::_cuda_scatter_gather_internal_kernel<true, at::native::OpaqueType<4>, long>::operator()<at::native::TensorAssign>(at::TensorIterator&, long, long, long, at::native::TensorAssign const&)::{lambda(int)#1})",10,operator_shape_matched,"[[8192],[],[38],[38]]","[""int"",""Scalar"",""long int"",""int""]",null,1,1.76
aten::scatter_,"void at::native::_scatter_gather_elementwise_kernel<128, 8, at::native::_cuda_scatter_gather_internal_kernel<true, at::native::OpaqueType<4>, long>::operator()<at::native::TensorAssign>(at::TensorIterator&, long, long, long, at::native::TensorAssign const&)::{lambda(int)#1}>(int, at::native::_cuda_scatter_gather_internal_kernel<true, at::native::OpaqueType<4>, long>::operator()<at::native::TensorAssign>(at::TensorIterator&, long, long, long, at::native::TensorAssign const&)::{lambda(int)#1})",11,operator_shape_matched,"[[8192],[],[54],[54]]","[""int"",""Scalar"",""long int"",""int""]",null,1,1.76
aten::scatter_,"void at::native::_scatter_gather_elementwise_kernel<128, 8, at::native::_cuda_scatter_gather_internal_kernel<true, at::native::OpaqueType<4>, long>::operator()<at::native::TensorAssign>(at::TensorIterator&, long, long, long, at::native::TensorAssign const&)::{lambda(int)#1}>(int, at::native::_cuda_scatter_gather_internal_kernel<true, at::native::OpaqueType<4>, long>::operator()<at::native::TensorAssign>(at::TensorIterator&, long, long, long, at::native::TensorAssign const&)::{lambda(int)#1})",12,operator_shape_matched,"[[8192],[],[50],[50]]","[""int"",""Scalar"",""long int"",""int""]",null,1,1.729
aten::scatter_,"void at::native::_scatter_gather_elementwise_kernel<128, 8, at::native::_cuda_scatter_gather_internal_kernel<true, at::native::OpaqueType<4>, long>::operator()<at::native::TensorAssign>(at::TensorIterator&, long, long, long, at::native::TensorAssign const&)::{lambda(int)#1}>(int, at::native::_cuda_scatter_gather_internal_kernel<true, at::native::OpaqueType<4>, long>::operator()<at::native::TensorAssign>(at::TensorIterator&, long, long, long, at::native::TensorAssign const&)::{lambda(int)#1})",13,operator_shape_matched,"[[8192],[],[40],[40]]","[""int"",""Scalar"",""long int"",""int""]",null,1,1.728
aten::scatter_,"void at::native::_scatter_gather_elementwise_kernel<128, 8, at::native::_cuda_scatter_gather_internal_kernel<true, at::native::OpaqueType<4>, long>::operator()<at::native::TensorAssign>(at::TensorIterator&, long, long, long, at::native::TensorAssign const&)::{lambda(int)#1}>(int, at::native::_cuda_scatter_gather_internal_kernel<true, at::native::OpaqueType<4>, long>::operator()<at::native::TensorAssign>(at::TensorIterator&, long, long, long, at::native::TensorAssign const&)::{lambda(int)#1})",14,operator_shape_matched,"[[8192],[],[42],[42]]","[""int"",""Scalar"",""long int"",""int""]",null,1,1.728
aten::scatter_,"void at::native::_scatter_gather_elementwise_kernel<128, 8, at::native::_cuda_scatter_gather_internal_kernel<true, at::native::OpaqueType<4>, long>::operator()<at::native::TensorAssign>(at::TensorIterator&, long, long, long, at::native::TensorAssign const&)::{lambda(int)#1}>(int, at::native::_cuda_scatter_gather_internal_kernel<true, at::native::OpaqueType<4>, long>::operator()<at::native::TensorAssign>(at::TensorIterator&, long, long, long, at::native::TensorAssign const&)::{lambda(int)#1})",15,operator_shape_matched,"[[8192],[],[56],[56]]","[""int"",""Scalar"",""long int"",""int""]",null,1,1.728
aten::scatter_,"void at::native::_scatter_gather_elementwise_kernel<128, 8, at::native::_cuda_scatter_gather_internal_kernel<true, at::native::OpaqueType<4>, long>::operator()<at::native::TensorAssign>(at::TensorIterator&, long, long, long, at::native::TensorAssign const&)::{lambda(int)#1}>(int, at::native::_cuda_scatter_gather_internal_kernel<true, at::native::OpaqueType<4>, long>::operator()<at::native::TensorAssign>(at::TensorIterator&, long, long, long, at::native::TensorAssign const&)::{lambda(int)#1})",16,operator_shape_matched,"[[8192],[],[44],[44]]","[""int"",""Scalar"",""long int"",""int""]",null,1,1.664
aten::scatter_,"void at::native::_scatter_gather_elementwise_kernel<128, 8, at::native::_cuda_scatter_gather_internal_kernel<true, at::native::OpaqueType<4>, long>::operator()<at::native::TensorAssign>(at::TensorIterator&, long, long, long, at::native::TensorAssign const&)::{lambda(int)#1}>(int, at::native::_cuda_scatter_gather_internal_kernel<true, at::native::OpaqueType<4>, long>::operator()<at::native::TensorAssign>(at::TensorIterator&, long, long, long, at::native::TensorAssign const&)::{lambda(int)#1})",17,operator_shape_matched,"[[8192],[],[63],[63]]","[""int"",""Scalar"",""long int"",""int""]",null,1,1.663
aten::fill_,"void at::native::vectorized_elementwise_kernel<2, at::native::FillFunctor<int>, std::array<char*, 1ul> >(int, at::native::FillFunctor<int>, std::array<char*, 1ul>)",1,operator_shape_matched,"[[22],[]]","[""int"",""Scalar""]",null,1,1.183
aten::fill_,"void at::native::vectorized_elementwise_kernel<2, at::native::FillFunctor<int>, std::array<char*, 1ul> >(int, at::native::FillFunctor<int>, std::array<char*, 1ul>)",2,operator_shape_matched,"[[6],[]]","[""int"",""Scalar""]",null,1,1.152
aten::fill_,"void at::native::vectorized_elementwise_kernel<2, at::native::FillFunctor<int>, std::array<char*, 1ul> >(int, at::native::FillFunctor<int>, std::array<char*, 1ul>)",3,operator_shape_matched,"[[50],[]]","[""int"",""Scalar""]",null,1,1.12
aten::fill_,"void at::native::vectorized_elementwise_kernel<2, at::native::FillFunctor<int>, std::array<char*, 1ul> >(int, at::native::FillFunctor<int>, std::array<char*, 1ul>)",4,operator_shape_matched,"[[10],[]]","[""int"",""Scalar""]",null,1,1.056
aten::fill_,"void at::native::vectorized_elementwise_kernel<2, at::native::FillFunctor<int>, std::array<char*, 1ul> >(int, at::native::FillFunctor<int>, std::array<char*, 1ul>)",5,operator_shape_matched,"[[46],[]]","[""int"",""Scalar""]",null,1,1.056
aten::fill_,"void at::native::vectorized_elementwise_kernel<2, at::native::FillFunctor<int>, std::array<char*, 1ul> >(int, at::native::FillFunctor<int>, std::array<char*, 1ul>)",6,operator_shape_matched,"[[14],[]]","[""int"",""Scalar""]",null,1,1.024
aten::fill_,"void at::native::vectorized_elementwise_kernel<2, at::native::FillFunctor<int>, std::array<char*, 1ul> >(int, at::native::FillFunctor<int>, std::array<char*, 1ul>)",7,operator_shape_matched,"[[38],[]]","[""int"",""Scalar""]",null,1,1.024
aten::fill_,"void at::native::vectorized_elementwise_kernel<2, at::native::FillFunctor<int>, std::array<char*, 1ul> >(int, at::native::FillFunctor<int>, std::array<char*, 1ul>)",8,operator_shape_matched,"[[54],[]]","[""int"",""Scalar""]",null,1,1.024
aten::fill_,"void at::native::vectorized_elementwise_kernel<2, at::native::FillFunctor<int>, std::array<char*, 1ul> >(int, at::native::FillFunctor<int>, std::array<char*, 1ul>)",9,operator_shape_matched,"[[18],[]]","[""int"",""Scalar""]",null,1,0.992
aten::fill_,"void at::native::vectorized_elementwise_kernel<2, at::native::FillFunctor<int>, std::array<char*, 1ul> >(int, at::native::FillFunctor<int>, std::array<char*, 1ul>)",10,operator_shape_matched,"[[2],[]]","[""int"",""Scalar""]",null,1,0.992
aten::fill_,"void at::native::vectorized_elementwise_kernel<2, at::native::FillFunctor<int>, std::array<char*, 1ul> >(int, at::native::FillFunctor<int>, std::array<char*, 1ul>)",11,operator_shape_matched,"[[30],[]]","[""int"",""Scalar""]",null,1,0.992
aten::fill_,"void at::native::vectorized_elementwise_kernel<2, at::native::FillFunctor<int>, std::array<char*, 1ul> >(int, at::native::FillFunctor<int>, std::array<char*, 1ul>)",12,operator_shape_matched,"[[34],[]]","[""int"",""Scalar""]",null,1,0.992
aten::fill_,"void at::native::vectorized_elementwise_kernel<2, at::native::FillFunctor<int>, std::array<char*, 1ul> >(int, at::native::FillFunctor<int>, std::array<char*, 1ul>)",13,operator_shape_matched,"[[42],[]]","[""int"",""Scalar""]",null,1,0.992
aten::fill_,"void at::native::vectorized_elementwise_kernel<2, at::native::FillFunctor<int>, std::array<char*, 1ul> >(int, at::native::FillFunctor<int>, std::array<char*, 1ul>)",14,operator_shape_matched,"[[58],[]]","[""int"",""Scalar""]",null,1,0.992
aten::fill_,"void at::native::vectorized_elementwise_kernel<2, at::native::FillFunctor<int>, std::array<char*, 1ul> >(int, at::native::FillFunctor<int>, std::array<char*, 1ul>)",15,operator_shape_matched,"[[26],[]]","[""int"",""Scalar""]",null,1,0.991
aten::fill_,"void at::native::vectorized_elementwise_kernel<2, at::native::FillFunctor<int>, std::array<char*, 1ul> >(int, at::native::FillFunctor<int>, std::array<char*, 1ul>)",16,operator_shape_matched,"[[62],[]]","[""int"",""Scalar""]",null,1,0.96
aten::index,"void at::native::index_elementwise_kernel<128, 4, at::native::gpu_index_kernel<at::native::index_kernel_impl<at::native::OpaqueType<2> >(at::TensorIteratorBase&, c10::ArrayRef<long>, c10::ArrayRef<long>)::{lambda(char*, char const*, long)#1}>(at::TensorIteratorBase&, c10::ArrayRef<long>, c10::ArrayRef<long>, at::native::index_kernel_impl<at::native::OpaqueType<2> >(at::TensorIteratorBase&, c10::ArrayRef<long>, c10::ArrayRef<long>)::{lambda(char*, char const*, long)#1} const&, bool)::{lambda(int)#1}>(long, at::native::gpu_index_kernel<at::native::index_kernel_impl<at::native::OpaqueType<2> >(at::TensorIteratorBase&, c10::ArrayRef<long>, c10::ArrayRef<long>)::{lambda(char*, char const*, long)#1}>(at::TensorIteratorBase&, c10::ArrayRef<long>, c10::ArrayRef<long>, at::native::index_kernel_impl<at::native::OpaqueType<2> >(at::TensorIteratorBase&, c10::ArrayRef<long>, c10::ArrayRef<long>)::{lambda(char*, char const*, long)#1} const&, bool)::{lambda(int)#1})",1,operator_shape_matched,"[[1,6144],[]]","[""c10::BFloat16"",""""]",null,1,3.68
aten::index,"void at::native::index_elementwise_kernel<128, 4, at::native::gpu_index_kernel<at::native::index_kernel_impl<at::native::OpaqueType<2> >(at::TensorIteratorBase&, c10::ArrayRef<long>, c10::ArrayRef<long>)::{lambda(char*, char const*, long)#1}>(at::TensorIteratorBase&, c10::ArrayRef<long>, c10::ArrayRef<long>, at::native::index_kernel_impl<at::native::OpaqueType<2> >(at::TensorIteratorBase&, c10::ArrayRef<long>, c10::ArrayRef<long>)::{lambda(char*, char const*, long)#1} const&, bool)::{lambda(int)#1}>(long, at::native::gpu_index_kernel<at::native::index_kernel_impl<at::native::OpaqueType<2> >(at::TensorIteratorBase&, c10::ArrayRef<long>, c10::ArrayRef<long>)::{lambda(char*, char const*, long)#1}>(at::TensorIteratorBase&, c10::ArrayRef<long>, c10::ArrayRef<long>, at::native::index_kernel_impl<at::native::OpaqueType<2> >(at::TensorIteratorBase&, c10::ArrayRef<long>, c10::ArrayRef<long>)::{lambda(char*, char const*, long)#1} const&, bool)::{lambda(int)#1})",2,operator_shape_matched,"[[4096,6144],[]]","[""c10::BFloat16"",""""]",null,1,3.68
aten::fill_,"void at::native::unrolled_elementwise_kernel<at::native::FillFunctor<long>, std::array<char*, 1ul>, 4, TrivialOffsetCalculator<0, unsigned int>, TrivialOffsetCalculator<1, unsigned int>, at::native::memory::LoadWithoutCast, at::native::memory::StoreWithoutCast>(int, at::native::FillFunctor<long>, std::array<char*, 1ul>, TrivialOffsetCalculator<0, unsigned int>, TrivialOffsetCalculator<1, unsigned int>, at::native::memory::LoadWithoutCast, at::native::memory::StoreWithoutCast)",1,operator_shape_matched,"[[1],[]]","[""long int"",""Scalar""]",null,4,3.648
triton_poi_fused_add_bitwise_and_bitwise_or_ge_lt_mul_sub_0,triton_poi_fused_add_bitwise_and_bitwise_or_ge_lt_mul_sub_0,1,operator_shape_matched,"[[1],[1],[],[],[],[],[],[]]","[""int"",""long int"",""Scalar"",""Scalar"",""Scalar"",""Scalar"",""Scalar"",""Scalar""]",null,1,1.504
triton_poi_fused_bitwise_and_bitwise_not_bitwise_or_ge_lt_1,triton_poi_fused_bitwise_and_bitwise_not_bitwise_or_ge_lt_1,1,operator_shape_matched,"[[1],[1],[],[],[],[],[]]","[""int"",""bool"",""Scalar"",""Scalar"",""Scalar"",""Scalar"",""Scalar""]",null,1,1.088
