rank,operator,input_shapes,input_dtypes,metadata_status,call_count
0,aten::empty,"[[],[],[],[],[],[]]","[""ScalarList"",""Scalar"","""","""",""Scalar"",""""]",shape_and_dtype,9727
0,aten::empty_strided,"[[],[],[],[],[],[]]","[""ScalarList"",""ScalarList"",""Scalar"",""Scalar"","""",""Scalar""]",shape_and_dtype,3726
0,AOTDispatcher Runtime Wrapper Prologue,[],[],no_input_metadata,1458
0,aten::as_strided,"[[2048,2048],[],[],[]]","[""c10::BFloat16"",""ScalarList"",""ScalarList"",""""]",shape_and_dtype,1440
0,aten::as_strided,"[[536870912],[],[],[]]","[""unsigned char"",""ScalarList"",""ScalarList"",""Scalar""]",shape_and_dtype,1440
0,aten::numpy_T,"[[2048,2048]]","[""c10::BFloat16""]",shape_and_dtype,1440
0,aten::permute,"[[2048,2048],[]]","[""c10::BFloat16"",""ScalarList""]",shape_and_dtype,1440
0,aten::slice,"[[536870912],[],[],[],[]]","[""unsigned char"",""Scalar"",""Scalar"",""Scalar"",""Scalar""]",shape_and_dtype,1440
0,aten::view,"[[32,2048],[]]","[""c10::BFloat16"",""ScalarList""]",shape_and_dtype,1440
0,aten::view,"[[64,2048],[]]","[""c10::BFloat16"",""ScalarList""]",shape_and_dtype,1440
0,aten::as_strided,"[[2048,32],[],[],[]]","[""c10::BFloat16"",""ScalarList"",""ScalarList"",""""]",shape_and_dtype,1080
0,aten::as_strided,"[[2048,6144],[],[],[]]","[""c10::BFloat16"",""ScalarList"",""ScalarList"",""""]",shape_and_dtype,1080
0,aten::numpy_T,"[[2048,32]]","[""c10::BFloat16""]",shape_and_dtype,1080
0,aten::numpy_T,"[[2048,6144]]","[""c10::BFloat16""]",shape_and_dtype,1080
0,aten::permute,"[[2048,32],[]]","[""c10::BFloat16"",""ScalarList""]",shape_and_dtype,1080
0,aten::permute,"[[2048,6144],[]]","[""c10::BFloat16"",""ScalarList""]",shape_and_dtype,1080
0,aten::zeros,"[[],[],[],[],[]]","[""ScalarList"",""Scalar"","""","""",""Scalar""]",shape_and_dtype,800
0,aten::fill_,"[[1],[]]","[""long int"",""Scalar""]",shape_and_dtype,764
0,Pregraph bytecode,[],[],no_input_metadata,738
0,TorchDynamo Cache Lookup,[],[],no_input_metadata,720
0,aten::view,"[[1,2048],[]]","[""c10::BFloat16"",""ScalarList""]",shape_and_dtype,720
0,aten::view,"[[16,2048],[]]","[""c10::BFloat16"",""ScalarList""]",shape_and_dtype,720
0,aten::view,"[[2,2048],[]]","[""c10::BFloat16"",""ScalarList""]",shape_and_dtype,720
0,aten::view,"[[4,2048],[]]","[""c10::BFloat16"",""ScalarList""]",shape_and_dtype,720
0,aten::view,"[[8,2048],[]]","[""c10::BFloat16"",""ScalarList""]",shape_and_dtype,720
0,Torch-Compiled Region: 0/0,[],[],no_input_metadata,640
0,aten::as_strided,"[[1048576],[],[],[]]","[""c10::BFloat16"",""ScalarList"",""ScalarList"",""Scalar""]",shape_and_dtype,640
0,aten::as_strided,"[[524288],[],[],[]]","[""c10::BFloat16"",""ScalarList"",""ScalarList"",""Scalar""]",shape_and_dtype,640
0,aten::empty_like,"[[32,2048],[],[],[],[],[]]","[""c10::BFloat16"","""","""","""",""Scalar"",""""]",shape_and_dtype,640
0,aten::empty_like,"[[64,2048],[],[],[],[],[]]","[""c10::BFloat16"","""","""","""",""Scalar"",""""]",shape_and_dtype,640
0,aten::slice,"[[1048576],[],[],[],[]]","[""c10::BFloat16"",""Scalar"",""Scalar"",""Scalar"",""Scalar""]",shape_and_dtype,640
0,aten::slice,"[[524288],[],[],[],[]]","[""c10::BFloat16"",""Scalar"",""Scalar"",""Scalar"",""Scalar""]",shape_and_dtype,640
0,aten::view,"[[1048576],[]]","[""c10::BFloat16"",""ScalarList""]",shape_and_dtype,640
0,aten::view,"[[131072],[]]","[""c10::BFloat16"",""ScalarList""]",shape_and_dtype,640
0,aten::view,"[[524288],[]]","[""c10::BFloat16"",""ScalarList""]",shape_and_dtype,640
0,aten::view,"[[65536],[]]","[""c10::BFloat16"",""ScalarList""]",shape_and_dtype,560
0,aten::view,"[[16384],[]]","[""c10::BFloat16"",""ScalarList""]",shape_and_dtype,480
0,aten::view,"[[262144],[]]","[""c10::BFloat16"",""ScalarList""]",shape_and_dtype,480
0,aten::view,"[[32768],[]]","[""c10::BFloat16"",""ScalarList""]",shape_and_dtype,480
0,aten::as_strided,"[[3659,2,1056,1,256],[],[],[]]","[""c10::BFloat16"",""ScalarList"",""ScalarList"",""Scalar""]",shape_and_dtype,420
0,aten::as_strided,"[[2048,4608],[],[],[]]","[""c10::BFloat16"",""ScalarList"",""ScalarList"",""""]",shape_and_dtype,360
0,aten::numpy_T,"[[2048,4608]]","[""c10::BFloat16""]",shape_and_dtype,360
0,aten::permute,"[[2048,4608],[]]","[""c10::BFloat16"",""ScalarList""]",shape_and_dtype,360
0,aten::fill_,"[[1],[]]","[""int"",""Scalar""]",shape_and_dtype,321
0,aten::as_strided,"[[131072],[],[],[]]","[""c10::BFloat16"",""ScalarList"",""ScalarList"",""Scalar""]",shape_and_dtype,320
0,aten::as_strided,"[[16384],[],[],[]]","[""c10::BFloat16"",""ScalarList"",""ScalarList"",""Scalar""]",shape_and_dtype,320
0,aten::as_strided,"[[262144],[],[],[]]","[""c10::BFloat16"",""ScalarList"",""ScalarList"",""Scalar""]",shape_and_dtype,320
0,aten::as_strided,"[[32,2048],[],[],[]]","[""c10::BFloat16"",""ScalarList"",""ScalarList"",""Scalar""]",shape_and_dtype,320
0,aten::as_strided,"[[32768],[],[],[]]","[""c10::BFloat16"",""ScalarList"",""ScalarList"",""Scalar""]",shape_and_dtype,320
0,aten::as_strided,"[[64,2048],[],[],[]]","[""c10::BFloat16"",""ScalarList"",""ScalarList"",""Scalar""]",shape_and_dtype,320
0,aten::as_strided,"[[65536],[],[],[]]","[""c10::BFloat16"",""ScalarList"",""ScalarList"",""Scalar""]",shape_and_dtype,320
0,aten::copy_,"[[32,2048],[32,2048],[]]","[""c10::BFloat16"",""c10::BFloat16"",""Scalar""]",shape_and_dtype,320
0,aten::copy_,"[[64,2048],[64,2048],[]]","[""c10::BFloat16"",""c10::BFloat16"",""Scalar""]",shape_and_dtype,320
0,aten::empty_like,"[[1,2048],[],[],[],[],[]]","[""c10::BFloat16"","""","""","""",""Scalar"",""""]",shape_and_dtype,320
0,aten::empty_like,"[[16,2048],[],[],[],[],[]]","[""c10::BFloat16"","""","""","""",""Scalar"",""""]",shape_and_dtype,320
0,aten::empty_like,"[[2,2048],[],[],[],[],[]]","[""c10::BFloat16"","""","""","""",""Scalar"",""""]",shape_and_dtype,320
0,aten::empty_like,"[[4,2048],[],[],[],[],[]]","[""c10::BFloat16"","""","""","""",""Scalar"",""""]",shape_and_dtype,320
0,aten::empty_like,"[[8,2048],[],[],[],[],[]]","[""c10::BFloat16"","""","""","""",""Scalar"",""""]",shape_and_dtype,320
0,aten::flatten,"[[1048576],[],[]]","[""c10::BFloat16"",""Scalar"",""Scalar""]",shape_and_dtype,320
0,aten::flatten,"[[524288],[],[]]","[""c10::BFloat16"",""Scalar"",""Scalar""]",shape_and_dtype,320
0,aten::reshape,"[[1048576],[]]","[""c10::BFloat16"",""ScalarList""]",shape_and_dtype,320
0,aten::reshape,"[[524288],[]]","[""c10::BFloat16"",""ScalarList""]",shape_and_dtype,320
0,aten::slice,"[[131072],[],[],[],[]]","[""c10::BFloat16"",""Scalar"",""Scalar"",""Scalar"",""Scalar""]",shape_and_dtype,320
0,aten::slice,"[[16384],[],[],[],[]]","[""c10::BFloat16"",""Scalar"",""Scalar"",""Scalar"",""Scalar""]",shape_and_dtype,320
0,aten::slice,"[[262144],[],[],[],[]]","[""c10::BFloat16"",""Scalar"",""Scalar"",""Scalar"",""Scalar""]",shape_and_dtype,320
0,aten::slice,"[[32,2048],[],[],[],[]]","[""c10::BFloat16"",""Scalar"",""Scalar"",""Scalar"",""Scalar""]",shape_and_dtype,320
0,aten::slice,"[[32768],[],[],[],[]]","[""c10::BFloat16"",""Scalar"",""Scalar"",""Scalar"",""Scalar""]",shape_and_dtype,320
0,aten::slice,"[[64,2048],[],[],[],[]]","[""c10::BFloat16"",""Scalar"",""Scalar"",""Scalar"",""Scalar""]",shape_and_dtype,320
0,aten::slice,"[[65536],[],[],[],[]]","[""c10::BFloat16"",""Scalar"",""Scalar"",""Scalar"",""Scalar""]",shape_and_dtype,320
0,aten::view,"[[1048576],[]]","[""unsigned char"",""Scalar""]",shape_and_dtype,320
0,aten::view,"[[2097152],[]]","[""unsigned char"",""Scalar""]",shape_and_dtype,320
0,aten::view,"[[32,256],[]]","[""c10::BFloat16"",""ScalarList""]",shape_and_dtype,320
0,aten::view,"[[64,256],[]]","[""c10::BFloat16"",""ScalarList""]",shape_and_dtype,320
0,aten::view,"[[4096,1,4],[]]","[""c10::BFloat16"",""ScalarList""]",shape_and_dtype,270
0,aten::as_strided,"[[64],[],[],[]]","[""int"",""ScalarList"",""ScalarList"",""Scalar""]",shape_and_dtype,232
0,aten::slice,"[[64],[],[],[],[]]","[""int"",""Scalar"",""Scalar"",""Scalar"",""Scalar""]",shape_and_dtype,232
0,aten::as_strided,"[[3659,3,4096],[],[],[]]","[""c10::BFloat16"",""ScalarList"",""ScalarList"",""""]",shape_and_dtype,210
0,aten::transpose,"[[3659,3,4096],[],[]]","[""c10::BFloat16"",""Scalar"",""Scalar""]",shape_and_dtype,210
0,aten::unbind,"[[3659,2,1056,1,256],[]]","[""c10::BFloat16"",""Scalar""]",shape_and_dtype,210
0,_C::weak_ref_tensor,"[[32,2048]]","[""c10::BFloat16""]",shape_and_dtype,186
0,_C::weak_ref_tensor,"[[64,2048]]","[""c10::BFloat16""]",shape_and_dtype,186
0,aten::as_strided,"[[1,1],[],[],[]]","[""float"",""ScalarList"",""ScalarList"",""""]",shape_and_dtype,180
0,aten::expand,"[[],[],[]]","[""float"",""ScalarList"",""Scalar""]",shape_and_dtype,180
0,aten::view,"[[],[]]","[""float"",""ScalarList""]",shape_and_dtype,180
0,_C_custom_ar::all_reduce,"[[],[32,2048],[32,2048],[],[]]","[""Scalar"",""c10::BFloat16"",""c10::BFloat16"",""Scalar"",""Scalar""]",shape_and_dtype,160
0,_C_custom_ar::all_reduce,"[[],[64,2048],[64,2048],[],[]]","[""Scalar"",""c10::BFloat16"",""c10::BFloat16"",""Scalar"",""Scalar""]",shape_and_dtype,160
0,aten::as_strided,"[[1,2048],[],[],[]]","[""c10::BFloat16"",""ScalarList"",""ScalarList"",""Scalar""]",shape_and_dtype,160
0,aten::as_strided,"[[16,2048],[],[],[]]","[""c10::BFloat16"",""ScalarList"",""ScalarList"",""Scalar""]",shape_and_dtype,160
0,aten::as_strided,"[[16,512],[],[],[]]","[""c10::BFloat16"",""ScalarList"",""ScalarList"",""Scalar""]",shape_and_dtype,160
0,aten::as_strided,"[[2,2048],[],[],[]]","[""c10::BFloat16"",""ScalarList"",""ScalarList"",""Scalar""]",shape_and_dtype,160
0,aten::as_strided,"[[32,512],[],[],[]]","[""c10::BFloat16"",""ScalarList"",""ScalarList"",""Scalar""]",shape_and_dtype,160
0,aten::as_strided,"[[32,8],[],[],[]]","[""float"",""ScalarList"",""ScalarList"",""Scalar""]",shape_and_dtype,160
0,aten::as_strided,"[[32,8],[],[],[]]","[""int"",""ScalarList"",""ScalarList"",""Scalar""]",shape_and_dtype,160
0,aten::as_strided,"[[4,2048],[],[],[]]","[""c10::BFloat16"",""ScalarList"",""ScalarList"",""Scalar""]",shape_and_dtype,160
0,aten::as_strided,"[[64,512],[],[],[]]","[""c10::BFloat16"",""ScalarList"",""ScalarList"",""Scalar""]",shape_and_dtype,160
0,aten::as_strided,"[[64,8],[],[],[]]","[""float"",""ScalarList"",""ScalarList"",""Scalar""]",shape_and_dtype,160
0,aten::as_strided,"[[64,8],[],[],[]]","[""int"",""ScalarList"",""ScalarList"",""Scalar""]",shape_and_dtype,160
0,aten::as_strided,"[[8,2048],[],[],[]]","[""c10::BFloat16"",""ScalarList"",""ScalarList"",""Scalar""]",shape_and_dtype,160
0,aten::as_strided,"[[8,512],[],[],[]]","[""c10::BFloat16"",""ScalarList"",""ScalarList"",""Scalar""]",shape_and_dtype,160
0,aten::copy_,"[[1,2048],[1,2048],[]]","[""c10::BFloat16"",""c10::BFloat16"",""Scalar""]",shape_and_dtype,160
0,aten::copy_,"[[16,2048],[16,2048],[]]","[""c10::BFloat16"",""c10::BFloat16"",""Scalar""]",shape_and_dtype,160
0,aten::copy_,"[[2,2048],[2,2048],[]]","[""c10::BFloat16"",""c10::BFloat16"",""Scalar""]",shape_and_dtype,160
0,aten::copy_,"[[4,2048],[4,2048],[]]","[""c10::BFloat16"",""c10::BFloat16"",""Scalar""]",shape_and_dtype,160
0,aten::copy_,"[[8,2048],[8,2048],[]]","[""c10::BFloat16"",""c10::BFloat16"",""Scalar""]",shape_and_dtype,160
0,aten::empty_like,"[[32,1],[],[],[],[],[]]","[""c10::BFloat16"",""Scalar"","""","""",""Scalar"",""""]",shape_and_dtype,160
0,aten::empty_like,"[[64,1],[],[],[],[],[]]","[""c10::BFloat16"",""Scalar"","""","""",""Scalar"",""""]",shape_and_dtype,160
0,aten::flatten,"[[131072],[],[]]","[""c10::BFloat16"",""Scalar"",""Scalar""]",shape_and_dtype,160
0,aten::flatten,"[[16384],[],[]]","[""c10::BFloat16"",""Scalar"",""Scalar""]",shape_and_dtype,160
0,aten::flatten,"[[262144],[],[]]","[""c10::BFloat16"",""Scalar"",""Scalar""]",shape_and_dtype,160
0,aten::flatten,"[[32768],[],[]]","[""c10::BFloat16"",""Scalar"",""Scalar""]",shape_and_dtype,160
0,aten::flatten,"[[65536],[],[]]","[""c10::BFloat16"",""Scalar"",""Scalar""]",shape_and_dtype,160
0,aten::linear,"[[32,2048],[1,2048],[]]","[""c10::BFloat16"",""c10::BFloat16"",""""]",shape_and_dtype,160
0,aten::linear,"[[32,2048],[256,2048],[]]","[""c10::BFloat16"",""c10::BFloat16"",""""]",shape_and_dtype,160
0,aten::linear,"[[32,2048],[512,2048],[]]","[""c10::BFloat16"",""c10::BFloat16"",""""]",shape_and_dtype,160
0,aten::linear,"[[32,256],[2048,256],[]]","[""c10::BFloat16"",""c10::BFloat16"",""""]",shape_and_dtype,160
0,aten::linear,"[[64,2048],[1,2048],[]]","[""c10::BFloat16"",""c10::BFloat16"",""""]",shape_and_dtype,160
0,aten::linear,"[[64,2048],[256,2048],[]]","[""c10::BFloat16"",""c10::BFloat16"",""""]",shape_and_dtype,160
0,aten::linear,"[[64,2048],[512,2048],[]]","[""c10::BFloat16"",""c10::BFloat16"",""""]",shape_and_dtype,160
0,aten::linear,"[[64,256],[2048,256],[]]","[""c10::BFloat16"",""c10::BFloat16"",""""]",shape_and_dtype,160
0,aten::mm,"[[32,2048],[2048,2048],[32,2048]]","[""c10::BFloat16"",""c10::BFloat16"",""c10::BFloat16""]",shape_and_dtype,160
0,aten::mm,"[[64,2048],[2048,2048],[64,2048]]","[""c10::BFloat16"",""c10::BFloat16"",""c10::BFloat16""]",shape_and_dtype,160
0,aten::mul,"[[32,1],[32,2048]]","[""c10::BFloat16"",""c10::BFloat16""]",shape_and_dtype,160
0,aten::mul,"[[64,1],[64,2048]]","[""c10::BFloat16"",""c10::BFloat16""]",shape_and_dtype,160
0,aten::record_stream,"[[32,2048],[]]","[""c10::BFloat16"",""""]",shape_and_dtype,160
0,aten::record_stream,"[[64,2048],[]]","[""c10::BFloat16"",""""]",shape_and_dtype,160
0,aten::reshape,"[[131072],[]]","[""c10::BFloat16"",""ScalarList""]",shape_and_dtype,160
0,aten::reshape,"[[16384],[]]","[""c10::BFloat16"",""ScalarList""]",shape_and_dtype,160
0,aten::reshape,"[[262144],[]]","[""c10::BFloat16"",""ScalarList""]",shape_and_dtype,160
0,aten::reshape,"[[32768],[]]","[""c10::BFloat16"",""ScalarList""]",shape_and_dtype,160
0,aten::reshape,"[[65536],[]]","[""c10::BFloat16"",""ScalarList""]",shape_and_dtype,160
0,aten::result_type,"[[32,1],[32,2048]]","[""c10::BFloat16"",""c10::BFloat16""]",shape_and_dtype,160
0,aten::result_type,"[[64,1],[64,2048]]","[""c10::BFloat16"",""c10::BFloat16""]",shape_and_dtype,160
0,aten::sigmoid,"[[32,1]]","[""c10::BFloat16""]",shape_and_dtype,160
0,aten::sigmoid,"[[64,1]]","[""c10::BFloat16""]",shape_and_dtype,160
0,aten::slice,"[[1,2048],[],[],[],[]]","[""c10::BFloat16"",""Scalar"",""Scalar"",""Scalar"",""Scalar""]",shape_and_dtype,160
0,aten::slice,"[[16,2048],[],[],[],[]]","[""c10::BFloat16"",""Scalar"",""Scalar"",""Scalar"",""Scalar""]",shape_and_dtype,160
0,aten::slice,"[[16,512],[],[],[],[]]","[""c10::BFloat16"",""Scalar"",""Scalar"",""Scalar"",""Scalar""]",shape_and_dtype,160
0,aten::slice,"[[2,2048],[],[],[],[]]","[""c10::BFloat16"",""Scalar"",""Scalar"",""Scalar"",""Scalar""]",shape_and_dtype,160
0,aten::slice,"[[32,512],[],[],[],[]]","[""c10::BFloat16"",""Scalar"",""Scalar"",""Scalar"",""Scalar""]",shape_and_dtype,160
0,aten::slice,"[[32,8],[],[],[],[]]","[""float"",""Scalar"",""Scalar"",""Scalar"",""Scalar""]",shape_and_dtype,160
0,aten::slice,"[[32,8],[],[],[],[]]","[""int"",""Scalar"",""Scalar"",""Scalar"",""Scalar""]",shape_and_dtype,160
0,aten::slice,"[[4,2048],[],[],[],[]]","[""c10::BFloat16"",""Scalar"",""Scalar"",""Scalar"",""Scalar""]",shape_and_dtype,160
0,aten::slice,"[[64,512],[],[],[],[]]","[""c10::BFloat16"",""Scalar"",""Scalar"",""Scalar"",""Scalar""]",shape_and_dtype,160
0,aten::slice,"[[64,8],[],[],[],[]]","[""float"",""Scalar"",""Scalar"",""Scalar"",""Scalar""]",shape_and_dtype,160
0,aten::slice,"[[64,8],[],[],[],[]]","[""int"",""Scalar"",""Scalar"",""Scalar"",""Scalar""]",shape_and_dtype,160
0,aten::slice,"[[8,2048],[],[],[],[]]","[""c10::BFloat16"",""Scalar"",""Scalar"",""Scalar"",""Scalar""]",shape_and_dtype,160
0,aten::slice,"[[8,512],[],[],[],[]]","[""c10::BFloat16"",""Scalar"",""Scalar"",""Scalar"",""Scalar""]",shape_and_dtype,160
0,aten::view,"[[1,256],[]]","[""c10::BFloat16"",""ScalarList""]",shape_and_dtype,160
0,aten::view,"[[131072],[]]","[""unsigned char"",""Scalar""]",shape_and_dtype,160
0,aten::view,"[[16,256],[]]","[""c10::BFloat16"",""ScalarList""]",shape_and_dtype,160
0,aten::view,"[[2,256],[]]","[""c10::BFloat16"",""ScalarList""]",shape_and_dtype,160
0,aten::view,"[[256,256],[]]","[""c10::BFloat16"",""ScalarList""]",shape_and_dtype,160
0,aten::view,"[[262144],[]]","[""unsigned char"",""Scalar""]",shape_and_dtype,160
0,aten::view,"[[32,1],[]]","[""c10::BFloat16"",""ScalarList""]",shape_and_dtype,160
0,aten::view,"[[32,512],[]]","[""c10::BFloat16"",""ScalarList""]",shape_and_dtype,160
0,aten::view,"[[32,8,2048],[]]","[""c10::BFloat16"",""ScalarList""]",shape_and_dtype,160
0,aten::view,"[[32768],[]]","[""unsigned char"",""Scalar""]",shape_and_dtype,160
0,aten::view,"[[4,256],[]]","[""c10::BFloat16"",""ScalarList""]",shape_and_dtype,160
0,aten::view,"[[4096],[]]","[""c10::BFloat16"",""ScalarList""]",shape_and_dtype,160
0,aten::view,"[[512,256],[]]","[""c10::BFloat16"",""ScalarList""]",shape_and_dtype,160
0,aten::view,"[[524288],[]]","[""unsigned char"",""Scalar""]",shape_and_dtype,160
0,aten::view,"[[64,1],[]]","[""c10::BFloat16"",""ScalarList""]",shape_and_dtype,160
0,aten::view,"[[64,512],[]]","[""c10::BFloat16"",""ScalarList""]",shape_and_dtype,160
0,aten::view,"[[64,8,2048],[]]","[""c10::BFloat16"",""ScalarList""]",shape_and_dtype,160
0,aten::view,"[[65536],[]]","[""unsigned char"",""Scalar""]",shape_and_dtype,160
0,aten::view,"[[8,256],[]]","[""c10::BFloat16"",""ScalarList""]",shape_and_dtype,160
0,aten::view,"[[8192],[]]","[""c10::BFloat16"",""ScalarList""]",shape_and_dtype,160
0,triton_poi_fused_mul_silu_slice_0,"[[32,512],[32,256],[],[],[]]","[""c10::BFloat16"",""c10::BFloat16"",""Scalar"",""Scalar"",""Scalar""]",shape_and_dtype,160
0,triton_poi_fused_mul_silu_slice_0,"[[64,512],[64,256],[],[],[]]","[""c10::BFloat16"",""c10::BFloat16"",""Scalar"",""Scalar"",""Scalar""]",shape_and_dtype,160
0,vllm::all_reduce,"[[32,2048],[]]","[""c10::BFloat16"",""""]",shape_and_dtype,160
0,vllm::all_reduce,"[[64,2048],[]]","[""c10::BFloat16"",""""]",shape_and_dtype,160
0,vllm::flashinfer_trtllm_fused_allreduce_norm,"[[32,2048],[32,2048],[2048],[],[],[],[],[],[],[],[],[],[],[]]","[""c10::BFloat16"",""c10::BFloat16"",""c10::BFloat16"",""Scalar"",""Scalar"",""Scalar"",""Scalar"",""Scalar"",""Scalar"","""","""","""","""",""Scalar""]",shape_and_dtype,160
0,vllm::flashinfer_trtllm_fused_allreduce_norm,"[[64,2048],[64,2048],[2048],[],[],[],[],[],[],[],[],[],[],[]]","[""c10::BFloat16"",""c10::BFloat16"",""c10::BFloat16"",""Scalar"",""Scalar"",""Scalar"",""Scalar"",""Scalar"",""Scalar"","""","""","""","""",""Scalar""]",shape_and_dtype,160
0,vllm::moe_forward_shared,"[[32,2048],[32,2048],[32,2048],[],[],[]]","[""c10::BFloat16"",""c10::BFloat16"",""c10::BFloat16"","""","""",""Scalar""]",shape_and_dtype,160
0,vllm::moe_forward_shared,"[[64,2048],[64,2048],[64,2048],[],[],[]]","[""c10::BFloat16"",""c10::BFloat16"",""c10::BFloat16"","""","""",""Scalar""]",shape_and_dtype,160
0,aten::as_strided,"[[32],[],[],[]]","[""int"",""ScalarList"",""ScalarList"",""Scalar""]",shape_and_dtype,126
0,aten::slice,"[[32],[],[],[],[]]","[""int"",""Scalar"",""Scalar"",""Scalar"",""Scalar""]",shape_and_dtype,126
0,_C::weak_ref_tensor,"[[32,16,128]]","[""c10::BFloat16""]",shape_and_dtype,120
0,_C::weak_ref_tensor,"[[32,16]]","[""c10::BFloat16""]",shape_and_dtype,120
0,_C::weak_ref_tensor,"[[64,16,128]]","[""c10::BFloat16""]",shape_and_dtype,120
0,_C::weak_ref_tensor,"[[64,16]]","[""c10::BFloat16""]",shape_and_dtype,120
0,aten::as_strided,"[[32,16],[],[],[]]","[""c10::BFloat16"",""ScalarList"",""ScalarList"",""Scalar""]",shape_and_dtype,120
0,aten::as_strided,"[[32,4096],[],[],[]]","[""c10::BFloat16"",""ScalarList"",""ScalarList"",""Scalar""]",shape_and_dtype,120
0,aten::as_strided,"[[64,16],[],[],[]]","[""c10::BFloat16"",""ScalarList"",""ScalarList"",""Scalar""]",shape_and_dtype,120
0,aten::as_strided,"[[64,2,1056,1,256],[],[],[]]","[""c10::BFloat16"",""ScalarList"",""ScalarList"",""Scalar""]",shape_and_dtype,120
0,aten::as_strided,"[[64,4096],[],[],[]]","[""c10::BFloat16"",""ScalarList"",""ScalarList"",""Scalar""]",shape_and_dtype,120
0,aten::mm,"[[32,2048],[2048,32],[32,32]]","[""c10::BFloat16"",""c10::BFloat16"",""c10::BFloat16""]",shape_and_dtype,120
0,aten::mm,"[[32,2048],[2048,6144],[32,6144]]","[""c10::BFloat16"",""c10::BFloat16"",""c10::BFloat16""]",shape_and_dtype,120
0,aten::mm,"[[64,2048],[2048,32],[64,32]]","[""c10::BFloat16"",""c10::BFloat16"",""c10::BFloat16""]",shape_and_dtype,120
0,aten::mm,"[[64,2048],[2048,6144],[64,6144]]","[""c10::BFloat16"",""c10::BFloat16"",""c10::BFloat16""]",shape_and_dtype,120
0,aten::slice,"[[32,16],[],[],[],[]]","[""c10::BFloat16"",""Scalar"",""Scalar"",""Scalar"",""Scalar""]",shape_and_dtype,120
0,aten::slice,"[[64,16],[],[],[],[]]","[""c10::BFloat16"",""Scalar"",""Scalar"",""Scalar"",""Scalar""]",shape_and_dtype,120
0,aten::to,"[[32,4096],[],[],[],[]]","[""c10::BFloat16"",""Scalar"",""Scalar"",""Scalar"",""""]",shape_and_dtype,120
0,aten::to,"[[64,4096],[],[],[],[]]","[""c10::BFloat16"",""Scalar"",""Scalar"",""Scalar"",""""]",shape_and_dtype,120
0,triton_per_fused_1,"[[32,16,128],[128],[32,16,128],[512,128],[],[]]","[""c10::BFloat16"",""c10::BFloat16"",""c10::BFloat16"",""c10::BFloat16"",""Scalar"",""Scalar""]",shape_and_dtype,120
0,triton_per_fused_1,"[[64,16,128],[128],[64,16,128],[1024,128],[],[]]","[""c10::BFloat16"",""c10::BFloat16"",""c10::BFloat16"",""c10::BFloat16"",""Scalar"",""Scalar""]",shape_and_dtype,120
0,triton_poi_fused__to_copy__unsafe_view_add_clone_linear_mean_mul_pow_rsqrt_silu_view_2,"[[1024,128],[64,2048],[],[]]","[""c10::BFloat16"",""c10::BFloat16"",""Scalar"",""Scalar""]",shape_and_dtype,120
0,triton_poi_fused__to_copy__unsafe_view_add_clone_linear_mean_mul_pow_rsqrt_silu_view_2,"[[512,128],[32,2048],[],[]]","[""c10::BFloat16"",""c10::BFloat16"",""Scalar"",""Scalar""]",shape_and_dtype,120
0,triton_poi_fused_add_4,"[[32,2048],[32,2048],[]]","[""c10::BFloat16"",""c10::BFloat16"",""Scalar""]",shape_and_dtype,120
0,triton_poi_fused_add_4,"[[64,2048],[64,2048],[]]","[""c10::BFloat16"",""c10::BFloat16"",""Scalar""]",shape_and_dtype,120
0,triton_red_fused__to_copy_add_copy__fused_add_rms_norm_moe_forward_shared_3,"[[32,2048],[32,2048],[2048],[32,2048],[32,2048],[32,2048],[32,2048],[32,2048],[],[]]","[""c10::BFloat16"",""c10::BFloat16"",""c10::BFloat16"",""c10::BFloat16"",""c10::BFloat16"",""c10::BFloat16"",""c10::BFloat16"",""c10::BFloat16"",""Scalar"",""Scalar""]",shape_and_dtype,120
0,triton_red_fused__to_copy_add_copy__fused_add_rms_norm_moe_forward_shared_3,"[[64,2048],[64,2048],[2048],[64,2048],[64,2048],[64,2048],[64,2048],[64,2048],[],[]]","[""c10::BFloat16"",""c10::BFloat16"",""c10::BFloat16"",""c10::BFloat16"",""c10::BFloat16"",""c10::BFloat16"",""c10::BFloat16"",""c10::BFloat16"",""Scalar"",""Scalar""]",shape_and_dtype,120
0,vllm::qwen_gdn_attention_core,"[[32,4096],[32,16],[32,16],[32,16,128],[],[]]","[""c10::BFloat16"",""c10::BFloat16"",""c10::BFloat16"",""c10::BFloat16"","""",""Scalar""]",shape_and_dtype,120
0,vllm::qwen_gdn_attention_core,"[[64,4096],[64,16],[64,16],[64,16,128],[],[]]","[""c10::BFloat16"",""c10::BFloat16"",""c10::BFloat16"",""c10::BFloat16"","""",""Scalar""]",shape_and_dtype,120
0,aten::as_strided,"[[65],[],[],[]]","[""int"",""ScalarList"",""ScalarList"",""Scalar""]",shape_and_dtype,96
0,_C::weak_ref_tensor,"[[1,2048]]","[""c10::BFloat16""]",shape_and_dtype,93
0,_C::weak_ref_tensor,"[[16,2048]]","[""c10::BFloat16""]",shape_and_dtype,93
0,_C::weak_ref_tensor,"[[2,2048]]","[""c10::BFloat16""]",shape_and_dtype,93
0,_C::weak_ref_tensor,"[[4,2048]]","[""c10::BFloat16""]",shape_and_dtype,93
0,_C::weak_ref_tensor,"[[8,2048]]","[""c10::BFloat16""]",shape_and_dtype,93
0,aten::as_strided,"[[64,1],[],[],[]]","[""int"",""ScalarList"",""ScalarList"",""Scalar""]",shape_and_dtype,93
0,aten::slice,"[[65],[],[],[],[]]","[""int"",""Scalar"",""Scalar"",""Scalar"",""Scalar""]",shape_and_dtype,90
0,aten::slice,"[[64,1],[],[],[],[]]","[""int"",""Scalar"",""Scalar"",""Scalar"",""Scalar""]",shape_and_dtype,87
0,triton_poi_fused_0,"[[32,16,128],[]]","[""c10::BFloat16"",""Scalar""]",shape_and_dtype,84
0,triton_poi_fused_0,"[[64,16,128],[]]","[""c10::BFloat16"",""Scalar""]",shape_and_dtype,84
0,aten::as_strided,"[[8192],[],[],[]]","[""long int"",""ScalarList"",""ScalarList"",""Scalar""]",shape_and_dtype,81
0,aten::slice,"[[8192],[],[],[],[]]","[""long int"",""Scalar"",""Scalar"",""Scalar"",""Scalar""]",shape_and_dtype,81
0,Torch-Compiled Region: 0/1,[],[],no_input_metadata,80
0,_C_custom_ar::all_reduce,"[[],[1,2048],[1,2048],[],[]]","[""Scalar"",""c10::BFloat16"",""c10::BFloat16"",""Scalar"",""Scalar""]",shape_and_dtype,80
0,_C_custom_ar::all_reduce,"[[],[16,2048],[16,2048],[],[]]","[""Scalar"",""c10::BFloat16"",""c10::BFloat16"",""Scalar"",""Scalar""]",shape_and_dtype,80
0,_C_custom_ar::all_reduce,"[[],[2,2048],[2,2048],[],[]]","[""Scalar"",""c10::BFloat16"",""c10::BFloat16"",""Scalar"",""Scalar""]",shape_and_dtype,80
0,_C_custom_ar::all_reduce,"[[],[4,2048],[4,2048],[],[]]","[""Scalar"",""c10::BFloat16"",""c10::BFloat16"",""Scalar"",""Scalar""]",shape_and_dtype,80
0,_C_custom_ar::all_reduce,"[[],[8,2048],[8,2048],[],[]]","[""Scalar"",""c10::BFloat16"",""c10::BFloat16"",""Scalar"",""Scalar""]",shape_and_dtype,80
0,aten::as_strided,"[[1,8],[],[],[]]","[""float"",""ScalarList"",""ScalarList"",""Scalar""]",shape_and_dtype,80
0,aten::as_strided,"[[1,8],[],[],[]]","[""int"",""ScalarList"",""ScalarList"",""Scalar""]",shape_and_dtype,80
0,aten::as_strided,"[[16,8],[],[],[]]","[""float"",""ScalarList"",""ScalarList"",""Scalar""]",shape_and_dtype,80
0,aten::as_strided,"[[16,8],[],[],[]]","[""int"",""ScalarList"",""ScalarList"",""Scalar""]",shape_and_dtype,80
0,aten::as_strided,"[[2,8],[],[],[]]","[""float"",""ScalarList"",""ScalarList"",""Scalar""]",shape_and_dtype,80
0,aten::as_strided,"[[2,8],[],[],[]]","[""int"",""ScalarList"",""ScalarList"",""Scalar""]",shape_and_dtype,80
0,aten::as_strided,"[[4,8],[],[],[]]","[""float"",""ScalarList"",""ScalarList"",""Scalar""]",shape_and_dtype,80
0,aten::as_strided,"[[4,8],[],[],[]]","[""int"",""ScalarList"",""ScalarList"",""Scalar""]",shape_and_dtype,80
0,aten::as_strided,"[[8,8],[],[],[]]","[""float"",""ScalarList"",""ScalarList"",""Scalar""]",shape_and_dtype,80
0,aten::as_strided,"[[8,8],[],[],[]]","[""int"",""ScalarList"",""ScalarList"",""Scalar""]",shape_and_dtype,80
0,aten::empty_like,"[[1,1],[],[],[],[],[]]","[""c10::BFloat16"",""Scalar"","""","""",""Scalar"",""""]",shape_and_dtype,80
0,aten::empty_like,"[[16,1],[],[],[],[],[]]","[""c10::BFloat16"",""Scalar"","""","""",""Scalar"",""""]",shape_and_dtype,80
0,aten::empty_like,"[[2,1],[],[],[],[],[]]","[""c10::BFloat16"",""Scalar"","""","""",""Scalar"",""""]",shape_and_dtype,80
0,aten::empty_like,"[[4,1],[],[],[],[],[]]","[""c10::BFloat16"",""Scalar"","""","""",""Scalar"",""""]",shape_and_dtype,80
0,aten::empty_like,"[[8,1],[],[],[],[],[]]","[""c10::BFloat16"",""Scalar"","""","""",""Scalar"",""""]",shape_and_dtype,80
0,aten::linear,"[[1,2048],[1,2048],[]]","[""c10::BFloat16"",""c10::BFloat16"",""""]",shape_and_dtype,80
0,aten::linear,"[[1,2048],[256,2048],[]]","[""c10::BFloat16"",""c10::BFloat16"",""""]",shape_and_dtype,80
0,aten::linear,"[[1,2048],[512,2048],[]]","[""c10::BFloat16"",""c10::BFloat16"",""""]",shape_and_dtype,80
0,aten::linear,"[[1,256],[2048,256],[]]","[""c10::BFloat16"",""c10::BFloat16"",""""]",shape_and_dtype,80
0,aten::linear,"[[16,2048],[1,2048],[]]","[""c10::BFloat16"",""c10::BFloat16"",""""]",shape_and_dtype,80
0,aten::linear,"[[16,2048],[256,2048],[]]","[""c10::BFloat16"",""c10::BFloat16"",""""]",shape_and_dtype,80
0,aten::linear,"[[16,2048],[512,2048],[]]","[""c10::BFloat16"",""c10::BFloat16"",""""]",shape_and_dtype,80
0,aten::linear,"[[16,256],[2048,256],[]]","[""c10::BFloat16"",""c10::BFloat16"",""""]",shape_and_dtype,80
0,aten::linear,"[[2,2048],[1,2048],[]]","[""c10::BFloat16"",""c10::BFloat16"",""""]",shape_and_dtype,80
0,aten::linear,"[[2,2048],[256,2048],[]]","[""c10::BFloat16"",""c10::BFloat16"",""""]",shape_and_dtype,80
0,aten::linear,"[[2,2048],[512,2048],[]]","[""c10::BFloat16"",""c10::BFloat16"",""""]",shape_and_dtype,80
0,aten::linear,"[[2,256],[2048,256],[]]","[""c10::BFloat16"",""c10::BFloat16"",""""]",shape_and_dtype,80
0,aten::linear,"[[4,2048],[1,2048],[]]","[""c10::BFloat16"",""c10::BFloat16"",""""]",shape_and_dtype,80
0,aten::linear,"[[4,2048],[256,2048],[]]","[""c10::BFloat16"",""c10::BFloat16"",""""]",shape_and_dtype,80
0,aten::linear,"[[4,2048],[512,2048],[]]","[""c10::BFloat16"",""c10::BFloat16"",""""]",shape_and_dtype,80
0,aten::linear,"[[4,256],[2048,256],[]]","[""c10::BFloat16"",""c10::BFloat16"",""""]",shape_and_dtype,80
0,aten::linear,"[[8,2048],[1,2048],[]]","[""c10::BFloat16"",""c10::BFloat16"",""""]",shape_and_dtype,80
0,aten::linear,"[[8,2048],[256,2048],[]]","[""c10::BFloat16"",""c10::BFloat16"",""""]",shape_and_dtype,80
0,aten::linear,"[[8,2048],[512,2048],[]]","[""c10::BFloat16"",""c10::BFloat16"",""""]",shape_and_dtype,80
0,aten::linear,"[[8,256],[2048,256],[]]","[""c10::BFloat16"",""c10::BFloat16"",""""]",shape_and_dtype,80
0,aten::mm,"[[1,2048],[2048,2048],[1,2048]]","[""c10::BFloat16"",""c10::BFloat16"",""c10::BFloat16""]",shape_and_dtype,80
0,aten::mm,"[[16,2048],[2048,2048],[16,2048]]","[""c10::BFloat16"",""c10::BFloat16"",""c10::BFloat16""]",shape_and_dtype,80
0,aten::mm,"[[2,2048],[2048,2048],[2,2048]]","[""c10::BFloat16"",""c10::BFloat16"",""c10::BFloat16""]",shape_and_dtype,80
0,aten::mm,"[[4,2048],[2048,2048],[4,2048]]","[""c10::BFloat16"",""c10::BFloat16"",""c10::BFloat16""]",shape_and_dtype,80
0,aten::mm,"[[8,2048],[2048,2048],[8,2048]]","[""c10::BFloat16"",""c10::BFloat16"",""c10::BFloat16""]",shape_and_dtype,80
0,aten::mul,"[[1,1],[1,2048]]","[""c10::BFloat16"",""c10::BFloat16""]",shape_and_dtype,80
0,aten::mul,"[[16,1],[16,2048]]","[""c10::BFloat16"",""c10::BFloat16""]",shape_and_dtype,80
0,aten::mul,"[[2,1],[2,2048]]","[""c10::BFloat16"",""c10::BFloat16""]",shape_and_dtype,80
0,aten::mul,"[[4,1],[4,2048]]","[""c10::BFloat16"",""c10::BFloat16""]",shape_and_dtype,80
0,aten::mul,"[[8,1],[8,2048]]","[""c10::BFloat16"",""c10::BFloat16""]",shape_and_dtype,80
0,aten::record_stream,"[[1,2048],[]]","[""c10::BFloat16"",""""]",shape_and_dtype,80
0,aten::record_stream,"[[16,2048],[]]","[""c10::BFloat16"",""""]",shape_and_dtype,80
0,aten::record_stream,"[[2,2048],[]]","[""c10::BFloat16"",""""]",shape_and_dtype,80
0,aten::record_stream,"[[4,2048],[]]","[""c10::BFloat16"",""""]",shape_and_dtype,80
0,aten::record_stream,"[[8,2048],[]]","[""c10::BFloat16"",""""]",shape_and_dtype,80
0,aten::result_type,"[[1,1],[1,2048]]","[""c10::BFloat16"",""c10::BFloat16""]",shape_and_dtype,80
0,aten::result_type,"[[16,1],[16,2048]]","[""c10::BFloat16"",""c10::BFloat16""]",shape_and_dtype,80
0,aten::result_type,"[[2,1],[2,2048]]","[""c10::BFloat16"",""c10::BFloat16""]",shape_and_dtype,80
0,aten::result_type,"[[4,1],[4,2048]]","[""c10::BFloat16"",""c10::BFloat16""]",shape_and_dtype,80
0,aten::result_type,"[[8,1],[8,2048]]","[""c10::BFloat16"",""c10::BFloat16""]",shape_and_dtype,80
0,aten::sigmoid,"[[1,1]]","[""c10::BFloat16""]",shape_and_dtype,80
0,aten::sigmoid,"[[16,1]]","[""c10::BFloat16""]",shape_and_dtype,80
0,aten::sigmoid,"[[2,1]]","[""c10::BFloat16""]",shape_and_dtype,80
0,aten::sigmoid,"[[4,1]]","[""c10::BFloat16""]",shape_and_dtype,80
0,aten::sigmoid,"[[8,1]]","[""c10::BFloat16""]",shape_and_dtype,80
0,aten::slice,"[[1,8],[],[],[],[]]","[""float"",""Scalar"",""Scalar"",""Scalar"",""Scalar""]",shape_and_dtype,80
0,aten::slice,"[[1,8],[],[],[],[]]","[""int"",""Scalar"",""Scalar"",""Scalar"",""Scalar""]",shape_and_dtype,80
0,aten::slice,"[[16,8],[],[],[],[]]","[""float"",""Scalar"",""Scalar"",""Scalar"",""Scalar""]",shape_and_dtype,80
0,aten::slice,"[[16,8],[],[],[],[]]","[""int"",""Scalar"",""Scalar"",""Scalar"",""Scalar""]",shape_and_dtype,80
0,aten::slice,"[[2,8],[],[],[],[]]","[""float"",""Scalar"",""Scalar"",""Scalar"",""Scalar""]",shape_and_dtype,80
0,aten::slice,"[[2,8],[],[],[],[]]","[""int"",""Scalar"",""Scalar"",""Scalar"",""Scalar""]",shape_and_dtype,80
0,aten::slice,"[[4,8],[],[],[],[]]","[""float"",""Scalar"",""Scalar"",""Scalar"",""Scalar""]",shape_and_dtype,80
0,aten::slice,"[[4,8],[],[],[],[]]","[""int"",""Scalar"",""Scalar"",""Scalar"",""Scalar""]",shape_and_dtype,80
0,aten::slice,"[[8,8],[],[],[],[]]","[""float"",""Scalar"",""Scalar"",""Scalar"",""Scalar""]",shape_and_dtype,80
0,aten::slice,"[[8,8],[],[],[],[]]","[""int"",""Scalar"",""Scalar"",""Scalar"",""Scalar""]",shape_and_dtype,80
0,aten::view,"[[1,1],[]]","[""c10::BFloat16"",""ScalarList""]",shape_and_dtype,80
0,aten::view,"[[1,512],[]]","[""c10::BFloat16"",""ScalarList""]",shape_and_dtype,80
0,aten::view,"[[1,8,2048],[]]","[""c10::BFloat16"",""ScalarList""]",shape_and_dtype,80
0,aten::view,"[[1,8,512],[]]","[""c10::BFloat16"",""ScalarList""]",shape_and_dtype,80
0,aten::view,"[[1,8],[]]","[""int"",""ScalarList""]",shape_and_dtype,80
0,aten::view,"[[128,256],[]]","[""c10::BFloat16"",""ScalarList""]",shape_and_dtype,80
0,aten::view,"[[16,1],[]]","[""c10::BFloat16"",""ScalarList""]",shape_and_dtype,80
0,aten::view,"[[16,512],[]]","[""c10::BFloat16"",""ScalarList""]",shape_and_dtype,80
0,aten::view,"[[16,8,2048],[]]","[""c10::BFloat16"",""ScalarList""]",shape_and_dtype,80
0,aten::view,"[[2,1],[]]","[""c10::BFloat16"",""ScalarList""]",shape_and_dtype,80
0,aten::view,"[[2,512],[]]","[""c10::BFloat16"",""ScalarList""]",shape_and_dtype,80
0,aten::view,"[[2,8,2048],[]]","[""c10::BFloat16"",""ScalarList""]",shape_and_dtype,80
0,aten::view,"[[2,8,512],[]]","[""c10::BFloat16"",""ScalarList""]",shape_and_dtype,80
0,aten::view,"[[2,8],[]]","[""int"",""ScalarList""]",shape_and_dtype,80
0,aten::view,"[[2048],[]]","[""c10::BFloat16"",""ScalarList""]",shape_and_dtype,80
0,aten::view,"[[4,1],[]]","[""c10::BFloat16"",""ScalarList""]",shape_and_dtype,80
0,aten::view,"[[4,512],[]]","[""c10::BFloat16"",""ScalarList""]",shape_and_dtype,80
0,aten::view,"[[4,8,2048],[]]","[""c10::BFloat16"",""ScalarList""]",shape_and_dtype,80
0,aten::view,"[[4,8,512],[]]","[""c10::BFloat16"",""ScalarList""]",shape_and_dtype,80
0,aten::view,"[[4,8],[]]","[""int"",""ScalarList""]",shape_and_dtype,80
0,aten::view,"[[8,1],[]]","[""c10::BFloat16"",""ScalarList""]",shape_and_dtype,80
0,aten::view,"[[8,512],[]]","[""c10::BFloat16"",""ScalarList""]",shape_and_dtype,80
0,aten::view,"[[8,8,2048],[]]","[""c10::BFloat16"",""ScalarList""]",shape_and_dtype,80
0,aten::view,"[[8,8,512],[]]","[""c10::BFloat16"",""ScalarList""]",shape_and_dtype,80
0,aten::view,"[[8,8],[]]","[""int"",""ScalarList""]",shape_and_dtype,80
0,triton_poi_fused_5,"[[32,32],[32,16],[32,16],[],[]]","[""c10::BFloat16"",""c10::BFloat16"",""c10::BFloat16"",""Scalar"",""Scalar""]",shape_and_dtype,80
0,triton_poi_fused_5,"[[64,32],[64,16],[64,16],[],[]]","[""c10::BFloat16"",""c10::BFloat16"",""c10::BFloat16"",""Scalar"",""Scalar""]",shape_and_dtype,80
0,triton_poi_fused_mul_silu_slice_0,"[[1,512],[1,256],[],[]]","[""c10::BFloat16"",""c10::BFloat16"",""Scalar"",""Scalar""]",shape_and_dtype,80
0,triton_poi_fused_mul_silu_slice_0,"[[16,512],[16,256],[],[],[]]","[""c10::BFloat16"",""c10::BFloat16"",""Scalar"",""Scalar"",""Scalar""]",shape_and_dtype,80
0,triton_poi_fused_mul_silu_slice_0,"[[2,512],[2,256],[],[],[]]","[""c10::BFloat16"",""c10::BFloat16"",""Scalar"",""Scalar"",""Scalar""]",shape_and_dtype,80
0,triton_poi_fused_mul_silu_slice_0,"[[4,512],[4,256],[],[],[]]","[""c10::BFloat16"",""c10::BFloat16"",""Scalar"",""Scalar"",""Scalar""]",shape_and_dtype,80
0,triton_poi_fused_mul_silu_slice_0,"[[8,512],[8,256],[],[],[]]","[""c10::BFloat16"",""c10::BFloat16"",""Scalar"",""Scalar"",""Scalar""]",shape_and_dtype,80
0,vllm::all_reduce,"[[1,2048],[]]","[""c10::BFloat16"",""""]",shape_and_dtype,80
0,vllm::all_reduce,"[[16,2048],[]]","[""c10::BFloat16"",""""]",shape_and_dtype,80
0,vllm::all_reduce,"[[2,2048],[]]","[""c10::BFloat16"",""""]",shape_and_dtype,80
0,vllm::all_reduce,"[[4,2048],[]]","[""c10::BFloat16"",""""]",shape_and_dtype,80
0,vllm::all_reduce,"[[8,2048],[]]","[""c10::BFloat16"",""""]",shape_and_dtype,80
0,vllm::flashinfer_trtllm_fused_allreduce_norm,"[[1,2048],[1,2048],[2048],[],[],[],[],[],[],[],[],[],[],[]]","[""c10::BFloat16"",""c10::BFloat16"",""c10::BFloat16"",""Scalar"",""Scalar"",""Scalar"",""Scalar"",""Scalar"",""Scalar"","""","""","""","""",""Scalar""]",shape_and_dtype,80
0,vllm::flashinfer_trtllm_fused_allreduce_norm,"[[16,2048],[16,2048],[2048],[],[],[],[],[],[],[],[],[],[],[]]","[""c10::BFloat16"",""c10::BFloat16"",""c10::BFloat16"",""Scalar"",""Scalar"",""Scalar"",""Scalar"",""Scalar"",""Scalar"","""","""","""","""",""Scalar""]",shape_and_dtype,80
0,vllm::flashinfer_trtllm_fused_allreduce_norm,"[[2,2048],[2,2048],[2048],[],[],[],[],[],[],[],[],[],[],[]]","[""c10::BFloat16"",""c10::BFloat16"",""c10::BFloat16"",""Scalar"",""Scalar"",""Scalar"",""Scalar"",""Scalar"",""Scalar"","""","""","""","""",""Scalar""]",shape_and_dtype,80
0,vllm::flashinfer_trtllm_fused_allreduce_norm,"[[4,2048],[4,2048],[2048],[],[],[],[],[],[],[],[],[],[],[]]","[""c10::BFloat16"",""c10::BFloat16"",""c10::BFloat16"",""Scalar"",""Scalar"",""Scalar"",""Scalar"",""Scalar"",""Scalar"","""","""","""","""",""Scalar""]",shape_and_dtype,80
0,vllm::flashinfer_trtllm_fused_allreduce_norm,"[[8,2048],[8,2048],[2048],[],[],[],[],[],[],[],[],[],[],[]]","[""c10::BFloat16"",""c10::BFloat16"",""c10::BFloat16"",""Scalar"",""Scalar"",""Scalar"",""Scalar"",""Scalar"",""Scalar"","""","""","""","""",""Scalar""]",shape_and_dtype,80
0,vllm::moe_forward_shared,"[[1,2048],[1,2048],[1,2048],[],[],[]]","[""c10::BFloat16"",""c10::BFloat16"",""c10::BFloat16"","""","""",""Scalar""]",shape_and_dtype,80
0,vllm::moe_forward_shared,"[[16,2048],[16,2048],[16,2048],[],[],[]]","[""c10::BFloat16"",""c10::BFloat16"",""c10::BFloat16"","""","""",""Scalar""]",shape_and_dtype,80
0,vllm::moe_forward_shared,"[[2,2048],[2,2048],[2,2048],[],[],[]]","[""c10::BFloat16"",""c10::BFloat16"",""c10::BFloat16"","""","""",""Scalar""]",shape_and_dtype,80
0,vllm::moe_forward_shared,"[[4,2048],[4,2048],[4,2048],[],[],[]]","[""c10::BFloat16"",""c10::BFloat16"",""c10::BFloat16"","""","""",""Scalar""]",shape_and_dtype,80
0,vllm::moe_forward_shared,"[[8,2048],[8,2048],[8,2048],[],[],[]]","[""c10::BFloat16"",""c10::BFloat16"",""c10::BFloat16"","""","""",""Scalar""]",shape_and_dtype,80
0,aten::as_strided,"[[2],[],[],[]]","[""int"",""ScalarList"",""ScalarList"",""Scalar""]",shape_and_dtype,75
0,aten::fill_,"[[0],[]]","[""long int"",""Scalar""]",shape_and_dtype,72
0,aten::slice,"[[2],[],[],[],[]]","[""int"",""Scalar"",""Scalar"",""Scalar"",""Scalar""]",shape_and_dtype,72
0,aten::as_strided,"[[16],[],[],[]]","[""int"",""ScalarList"",""ScalarList"",""Scalar""]",shape_and_dtype,63
0,aten::as_strided,"[[1],[],[],[]]","[""int"",""ScalarList"",""ScalarList"",""Scalar""]",shape_and_dtype,63
0,aten::as_strided,"[[4],[],[],[]]","[""int"",""ScalarList"",""ScalarList"",""Scalar""]",shape_and_dtype,63
0,aten::as_strided,"[[8],[],[],[]]","[""int"",""ScalarList"",""ScalarList"",""Scalar""]",shape_and_dtype,63
0,aten::slice,"[[16],[],[],[],[]]","[""int"",""Scalar"",""Scalar"",""Scalar"",""Scalar""]",shape_and_dtype,63
0,aten::slice,"[[1],[],[],[],[]]","[""int"",""Scalar"",""Scalar"",""Scalar"",""Scalar""]",shape_and_dtype,63
0,aten::slice,"[[4],[],[],[],[]]","[""int"",""Scalar"",""Scalar"",""Scalar"",""Scalar""]",shape_and_dtype,63
0,aten::slice,"[[8],[],[],[],[]]","[""int"",""Scalar"",""Scalar"",""Scalar"",""Scalar""]",shape_and_dtype,63
0,_C::weak_ref_tensor,"[[1,16,128]]","[""c10::BFloat16""]",shape_and_dtype,60
0,_C::weak_ref_tensor,"[[1,16]]","[""c10::BFloat16""]",shape_and_dtype,60
0,_C::weak_ref_tensor,"[[16,16,128]]","[""c10::BFloat16""]",shape_and_dtype,60
0,_C::weak_ref_tensor,"[[16,16]]","[""c10::BFloat16""]",shape_and_dtype,60
0,_C::weak_ref_tensor,"[[2,16,128]]","[""c10::BFloat16""]",shape_and_dtype,60
0,_C::weak_ref_tensor,"[[2,16]]","[""c10::BFloat16""]",shape_and_dtype,60
0,_C::weak_ref_tensor,"[[32,4096]]","[""c10::BFloat16""]",shape_and_dtype,60
0,_C::weak_ref_tensor,"[[4,16,128]]","[""c10::BFloat16""]",shape_and_dtype,60
0,_C::weak_ref_tensor,"[[4,16]]","[""c10::BFloat16""]",shape_and_dtype,60
0,_C::weak_ref_tensor,"[[64,4096]]","[""c10::BFloat16""]",shape_and_dtype,60
0,_C::weak_ref_tensor,"[[8,16,128]]","[""c10::BFloat16""]",shape_and_dtype,60
0,_C::weak_ref_tensor,"[[8,16]]","[""c10::BFloat16""]",shape_and_dtype,60
0,aten::_reshape_alias,"[[32,4096],[],[]]","[""c10::BFloat16"",""ScalarList"",""ScalarList""]",shape_and_dtype,60
0,aten::_reshape_alias,"[[64,4096],[],[]]","[""c10::BFloat16"",""ScalarList"",""ScalarList""]",shape_and_dtype,60
0,aten::as_strided,"[[1,16],[],[],[]]","[""c10::BFloat16"",""ScalarList"",""ScalarList"",""Scalar""]",shape_and_dtype,60
0,aten::as_strided,"[[16,16],[],[],[]]","[""c10::BFloat16"",""ScalarList"",""ScalarList"",""Scalar""]",shape_and_dtype,60
0,aten::as_strided,"[[16,4096],[],[],[]]","[""c10::BFloat16"",""ScalarList"",""ScalarList"",""Scalar""]",shape_and_dtype,60
0,aten::as_strided,"[[2,16],[],[],[]]","[""c10::BFloat16"",""ScalarList"",""ScalarList"",""Scalar""]",shape_and_dtype,60
0,aten::as_strided,"[[2,4096],[],[],[]]","[""c10::BFloat16"",""ScalarList"",""ScalarList"",""Scalar""]",shape_and_dtype,60
0,aten::as_strided,"[[32,16,128],[],[],[]]","[""c10::BFloat16"",""ScalarList"",""ScalarList"",""Scalar""]",shape_and_dtype,60
0,aten::as_strided,"[[32,4096,1],[],[],[]]","[""c10::BFloat16"",""ScalarList"",""ScalarList"",""""]",shape_and_dtype,60
0,aten::as_strided,"[[4,16],[],[],[]]","[""c10::BFloat16"",""ScalarList"",""ScalarList"",""Scalar""]",shape_and_dtype,60
0,aten::as_strided,"[[4,4096],[],[],[]]","[""c10::BFloat16"",""ScalarList"",""ScalarList"",""Scalar""]",shape_and_dtype,60
0,aten::as_strided,"[[64,16,128],[],[],[]]","[""c10::BFloat16"",""ScalarList"",""ScalarList"",""Scalar""]",shape_and_dtype,60
0,aten::as_strided,"[[64,3,4096],[],[],[]]","[""c10::BFloat16"",""ScalarList"",""ScalarList"",""""]",shape_and_dtype,60
0,aten::as_strided,"[[64,4096,1],[],[],[]]","[""c10::BFloat16"",""ScalarList"",""ScalarList"",""""]",shape_and_dtype,60
0,aten::as_strided,"[[8,16],[],[],[]]","[""c10::BFloat16"",""ScalarList"",""ScalarList"",""Scalar""]",shape_and_dtype,60
0,aten::as_strided,"[[8,4096],[],[],[]]","[""c10::BFloat16"",""ScalarList"",""ScalarList"",""Scalar""]",shape_and_dtype,60
0,aten::mm,"[[1,2048],[2048,32],[1,32]]","[""c10::BFloat16"",""c10::BFloat16"",""c10::BFloat16""]",shape_and_dtype,60
0,aten::mm,"[[1,2048],[2048,6144],[1,6144]]","[""c10::BFloat16"",""c10::BFloat16"",""c10::BFloat16""]",shape_and_dtype,60
0,aten::mm,"[[16,2048],[2048,32],[16,32]]","[""c10::BFloat16"",""c10::BFloat16"",""c10::BFloat16""]",shape_and_dtype,60
0,aten::mm,"[[16,2048],[2048,6144],[16,6144]]","[""c10::BFloat16"",""c10::BFloat16"",""c10::BFloat16""]",shape_and_dtype,60
0,aten::mm,"[[2,2048],[2048,32],[2,32]]","[""c10::BFloat16"",""c10::BFloat16"",""c10::BFloat16""]",shape_and_dtype,60
0,aten::mm,"[[2,2048],[2048,6144],[2,6144]]","[""c10::BFloat16"",""c10::BFloat16"",""c10::BFloat16""]",shape_and_dtype,60
0,aten::mm,"[[4,2048],[2048,32],[4,32]]","[""c10::BFloat16"",""c10::BFloat16"",""c10::BFloat16""]",shape_and_dtype,60
0,aten::mm,"[[4,2048],[2048,6144],[4,6144]]","[""c10::BFloat16"",""c10::BFloat16"",""c10::BFloat16""]",shape_and_dtype,60
0,aten::mm,"[[8,2048],[2048,32],[8,32]]","[""c10::BFloat16"",""c10::BFloat16"",""c10::BFloat16""]",shape_and_dtype,60
0,aten::mm,"[[8,2048],[2048,6144],[8,6144]]","[""c10::BFloat16"",""c10::BFloat16"",""c10::BFloat16""]",shape_and_dtype,60
0,aten::reshape,"[[32,16,128],[]]","[""c10::BFloat16"",""ScalarList""]",shape_and_dtype,60
0,aten::reshape,"[[32,4096],[]]","[""c10::BFloat16"",""ScalarList""]",shape_and_dtype,60
0,aten::reshape,"[[64,16,128],[]]","[""c10::BFloat16"",""ScalarList""]",shape_and_dtype,60
0,aten::reshape,"[[64,4096],[]]","[""c10::BFloat16"",""ScalarList""]",shape_and_dtype,60
0,aten::slice,"[[1,16],[],[],[],[]]","[""c10::BFloat16"",""Scalar"",""Scalar"",""Scalar"",""Scalar""]",shape_and_dtype,60
0,aten::slice,"[[16,16],[],[],[],[]]","[""c10::BFloat16"",""Scalar"",""Scalar"",""Scalar"",""Scalar""]",shape_and_dtype,60
0,aten::slice,"[[2,16],[],[],[],[]]","[""c10::BFloat16"",""Scalar"",""Scalar"",""Scalar"",""Scalar""]",shape_and_dtype,60
0,aten::slice,"[[32,16,128],[],[],[],[]]","[""c10::BFloat16"",""Scalar"",""Scalar"",""Scalar"",""Scalar""]",shape_and_dtype,60
0,aten::slice,"[[32,4096],[],[],[],[]]","[""c10::BFloat16"",""Scalar"",""Scalar"",""Scalar"",""Scalar""]",shape_and_dtype,60
0,aten::slice,"[[4,16],[],[],[],[]]","[""c10::BFloat16"",""Scalar"",""Scalar"",""Scalar"",""Scalar""]",shape_and_dtype,60
0,aten::slice,"[[64,16,128],[],[],[],[]]","[""c10::BFloat16"",""Scalar"",""Scalar"",""Scalar"",""Scalar""]",shape_and_dtype,60
0,aten::slice,"[[64,4096],[],[],[],[]]","[""c10::BFloat16"",""Scalar"",""Scalar"",""Scalar"",""Scalar""]",shape_and_dtype,60
0,aten::slice,"[[8,16],[],[],[],[]]","[""c10::BFloat16"",""Scalar"",""Scalar"",""Scalar"",""Scalar""]",shape_and_dtype,60
0,aten::squeeze,"[[32,4096,1],[]]","[""c10::BFloat16"",""Scalar""]",shape_and_dtype,60
0,aten::squeeze,"[[64,4096,1],[]]","[""c10::BFloat16"",""Scalar""]",shape_and_dtype,60
0,aten::to,"[[1,4096],[],[],[],[]]","[""c10::BFloat16"",""Scalar"",""Scalar"",""Scalar"",""""]",shape_and_dtype,60
0,aten::to,"[[16,4096],[],[],[],[]]","[""c10::BFloat16"",""Scalar"",""Scalar"",""Scalar"",""""]",shape_and_dtype,60
0,aten::to,"[[2,4096],[],[],[],[]]","[""c10::BFloat16"",""Scalar"",""Scalar"",""Scalar"",""""]",shape_and_dtype,60
0,aten::to,"[[4,4096],[],[],[],[]]","[""c10::BFloat16"",""Scalar"",""Scalar"",""Scalar"",""""]",shape_and_dtype,60
0,aten::to,"[[8,4096],[],[],[],[]]","[""c10::BFloat16"",""Scalar"",""Scalar"",""Scalar"",""""]",shape_and_dtype,60
0,aten::transpose,"[[64,3,4096],[],[]]","[""c10::BFloat16"",""Scalar"",""Scalar""]",shape_and_dtype,60
0,aten::unbind,"[[64,2,1056,1,256],[]]","[""c10::BFloat16"",""Scalar""]",shape_and_dtype,60
0,aten::unsqueeze,"[[32,16,128],[]]","[""c10::BFloat16"",""Scalar""]",shape_and_dtype,60
0,aten::unsqueeze,"[[32,4096],[]]","[""c10::BFloat16"",""Scalar""]",shape_and_dtype,60
0,aten::unsqueeze,"[[64,16,128],[]]","[""c10::BFloat16"",""Scalar""]",shape_and_dtype,60
0,aten::unsqueeze,"[[64,4096],[]]","[""c10::BFloat16"",""Scalar""]",shape_and_dtype,60
0,aten::view,"[[32,16,128],[]]","[""c10::BFloat16"",""ScalarList""]",shape_and_dtype,60
0,aten::view,"[[64,16,128],[]]","[""c10::BFloat16"",""ScalarList""]",shape_and_dtype,60
0,triton_per_fused_1,"[[1,16,128],[128],[1,16,128],[16,128],[],[]]","[""c10::BFloat16"",""c10::BFloat16"",""c10::BFloat16"",""c10::BFloat16"",""Scalar"",""Scalar""]",shape_and_dtype,60
0,triton_per_fused_1,"[[16,16,128],[128],[16,16,128],[256,128],[],[]]","[""c10::BFloat16"",""c10::BFloat16"",""c10::BFloat16"",""c10::BFloat16"",""Scalar"",""Scalar""]",shape_and_dtype,60
0,triton_per_fused_1,"[[2,16,128],[128],[2,16,128],[32,128],[],[]]","[""c10::BFloat16"",""c10::BFloat16"",""c10::BFloat16"",""c10::BFloat16"",""Scalar"",""Scalar""]",shape_and_dtype,60
0,triton_per_fused_1,"[[4,16,128],[128],[4,16,128],[64,128],[],[]]","[""c10::BFloat16"",""c10::BFloat16"",""c10::BFloat16"",""c10::BFloat16"",""Scalar"",""Scalar""]",shape_and_dtype,60
0,triton_per_fused_1,"[[8,16,128],[128],[8,16,128],[128,128],[],[]]","[""c10::BFloat16"",""c10::BFloat16"",""c10::BFloat16"",""c10::BFloat16"",""Scalar"",""Scalar""]",shape_and_dtype,60
0,triton_poi_fused__to_copy__unsafe_view_add_clone_linear_mean_mul_pow_rsqrt_silu_view_2,"[[128,128],[8,2048],[],[]]","[""c10::BFloat16"",""c10::BFloat16"",""Scalar"",""Scalar""]",shape_and_dtype,60
0,triton_poi_fused__to_copy__unsafe_view_add_clone_linear_mean_mul_pow_rsqrt_silu_view_2,"[[16,128],[1,2048],[],[]]","[""c10::BFloat16"",""c10::BFloat16"",""Scalar"",""Scalar""]",shape_and_dtype,60
0,triton_poi_fused__to_copy__unsafe_view_add_clone_linear_mean_mul_pow_rsqrt_silu_view_2,"[[256,128],[16,2048],[],[]]","[""c10::BFloat16"",""c10::BFloat16"",""Scalar"",""Scalar""]",shape_and_dtype,60
0,triton_poi_fused__to_copy__unsafe_view_add_clone_linear_mean_mul_pow_rsqrt_silu_view_2,"[[32,128],[2,2048],[],[]]","[""c10::BFloat16"",""c10::BFloat16"",""Scalar"",""Scalar""]",shape_and_dtype,60
0,triton_poi_fused__to_copy__unsafe_view_add_clone_linear_mean_mul_pow_rsqrt_silu_view_2,"[[64,128],[4,2048],[],[]]","[""c10::BFloat16"",""c10::BFloat16"",""Scalar"",""Scalar""]",shape_and_dtype,60
0,triton_poi_fused_add_4,"[[1,2048],[1,2048],[]]","[""c10::BFloat16"",""c10::BFloat16"",""Scalar""]",shape_and_dtype,60
0,triton_poi_fused_add_4,"[[16,2048],[16,2048],[]]","[""c10::BFloat16"",""c10::BFloat16"",""Scalar""]",shape_and_dtype,60
0,triton_poi_fused_add_4,"[[2,2048],[2,2048],[]]","[""c10::BFloat16"",""c10::BFloat16"",""Scalar""]",shape_and_dtype,60
0,triton_poi_fused_add_4,"[[4,2048],[4,2048],[]]","[""c10::BFloat16"",""c10::BFloat16"",""Scalar""]",shape_and_dtype,60
0,triton_poi_fused_add_4,"[[8,2048],[8,2048],[]]","[""c10::BFloat16"",""c10::BFloat16"",""Scalar""]",shape_and_dtype,60
0,triton_red_fused__to_copy_add_copy__fused_add_rms_norm_moe_forward_shared_3,"[[1,2048],[1,2048],[2048],[1,2048],[1,2048],[1,2048],[1,2048],[1,2048],[],[]]","[""c10::BFloat16"",""c10::BFloat16"",""c10::BFloat16"",""c10::BFloat16"",""c10::BFloat16"",""c10::BFloat16"",""c10::BFloat16"",""c10::BFloat16"",""Scalar"",""Scalar""]",shape_and_dtype,60
0,triton_red_fused__to_copy_add_copy__fused_add_rms_norm_moe_forward_shared_3,"[[16,2048],[16,2048],[2048],[16,2048],[16,2048],[16,2048],[16,2048],[16,2048],[],[]]","[""c10::BFloat16"",""c10::BFloat16"",""c10::BFloat16"",""c10::BFloat16"",""c10::BFloat16"",""c10::BFloat16"",""c10::BFloat16"",""c10::BFloat16"",""Scalar"",""Scalar""]",shape_and_dtype,60
0,triton_red_fused__to_copy_add_copy__fused_add_rms_norm_moe_forward_shared_3,"[[2,2048],[2,2048],[2048],[2,2048],[2,2048],[2,2048],[2,2048],[2,2048],[],[]]","[""c10::BFloat16"",""c10::BFloat16"",""c10::BFloat16"",""c10::BFloat16"",""c10::BFloat16"",""c10::BFloat16"",""c10::BFloat16"",""c10::BFloat16"",""Scalar"",""Scalar""]",shape_and_dtype,60
0,triton_red_fused__to_copy_add_copy__fused_add_rms_norm_moe_forward_shared_3,"[[4,2048],[4,2048],[2048],[4,2048],[4,2048],[4,2048],[4,2048],[4,2048],[],[]]","[""c10::BFloat16"",""c10::BFloat16"",""c10::BFloat16"",""c10::BFloat16"",""c10::BFloat16"",""c10::BFloat16"",""c10::BFloat16"",""c10::BFloat16"",""Scalar"",""Scalar""]",shape_and_dtype,60
0,triton_red_fused__to_copy_add_copy__fused_add_rms_norm_moe_forward_shared_3,"[[8,2048],[8,2048],[2048],[8,2048],[8,2048],[8,2048],[8,2048],[8,2048],[],[]]","[""c10::BFloat16"",""c10::BFloat16"",""c10::BFloat16"",""c10::BFloat16"",""c10::BFloat16"",""c10::BFloat16"",""c10::BFloat16"",""c10::BFloat16"",""Scalar"",""Scalar""]",shape_and_dtype,60
0,vllm::qwen_gdn_attention_core,"[[1,4096],[1,16],[1,16],[1,16,128],[],[]]","[""c10::BFloat16"",""c10::BFloat16"",""c10::BFloat16"",""c10::BFloat16"","""",""Scalar""]",shape_and_dtype,60
0,vllm::qwen_gdn_attention_core,"[[16,4096],[16,16],[16,16],[16,16,128],[],[]]","[""c10::BFloat16"",""c10::BFloat16"",""c10::BFloat16"",""c10::BFloat16"","""",""Scalar""]",shape_and_dtype,60
0,vllm::qwen_gdn_attention_core,"[[2,4096],[2,16],[2,16],[2,16,128],[],[]]","[""c10::BFloat16"",""c10::BFloat16"",""c10::BFloat16"",""c10::BFloat16"","""",""Scalar""]",shape_and_dtype,60
0,vllm::qwen_gdn_attention_core,"[[4,4096],[4,16],[4,16],[4,16,128],[],[]]","[""c10::BFloat16"",""c10::BFloat16"",""c10::BFloat16"",""c10::BFloat16"","""",""Scalar""]",shape_and_dtype,60
0,vllm::qwen_gdn_attention_core,"[[8,4096],[8,16],[8,16],[8,16,128],[],[]]","[""c10::BFloat16"",""c10::BFloat16"",""c10::BFloat16"",""c10::BFloat16"","""",""Scalar""]",shape_and_dtype,60
0,triton_poi_fused_0,"[[1,16,128],[]]","[""c10::BFloat16"",""Scalar""]",shape_and_dtype,42
0,triton_poi_fused_0,"[[16,16,128],[]]","[""c10::BFloat16"",""Scalar""]",shape_and_dtype,42
0,triton_poi_fused_0,"[[2,16,128],[]]","[""c10::BFloat16"",""Scalar""]",shape_and_dtype,42
0,triton_poi_fused_0,"[[4,16,128],[]]","[""c10::BFloat16"",""Scalar""]",shape_and_dtype,42
0,triton_poi_fused_0,"[[8,16,128],[]]","[""c10::BFloat16"",""Scalar""]",shape_and_dtype,42
0,_C::weak_ref_tensor,"[[32,1,256]]","[""c10::BFloat16""]",shape_and_dtype,40
0,_C::weak_ref_tensor,"[[32,8,256]]","[""c10::BFloat16""]",shape_and_dtype,40
0,_C::weak_ref_tensor,"[[64,1,256]]","[""c10::BFloat16""]",shape_and_dtype,40
0,_C::weak_ref_tensor,"[[64,8,256]]","[""c10::BFloat16""]",shape_and_dtype,40
0,aten::as_strided,"[[32,8,256],[],[],[]]","[""c10::BFloat16"",""ScalarList"",""ScalarList"",""Scalar""]",shape_and_dtype,40
0,aten::as_strided,"[[64,8,256],[],[],[]]","[""c10::BFloat16"",""ScalarList"",""ScalarList"",""Scalar""]",shape_and_dtype,40
0,aten::mm,"[[32,2048],[2048,4608],[32,4608]]","[""c10::BFloat16"",""c10::BFloat16"",""c10::BFloat16""]",shape_and_dtype,40
0,aten::mm,"[[64,2048],[2048,4608],[64,4608]]","[""c10::BFloat16"",""c10::BFloat16"",""c10::BFloat16""]",shape_and_dtype,40
0,aten::slice,"[[32,8,256],[],[],[],[]]","[""c10::BFloat16"",""Scalar"",""Scalar"",""Scalar"",""Scalar""]",shape_and_dtype,40
0,aten::slice,"[[64,8,256],[],[],[],[]]","[""c10::BFloat16"",""Scalar"",""Scalar"",""Scalar"",""Scalar""]",shape_and_dtype,40
0,triton_poi_fused_0,"[[3,32],[1048576,64],[32,32],[32,32],[],[]]","[""long int"",""c10::BFloat16"",""c10::BFloat16"",""c10::BFloat16"",""Scalar"",""Scalar""]",shape_and_dtype,40
0,triton_poi_fused_0,"[[3,64],[1048576,64],[64,32],[64,32],[],[]]","[""long int"",""c10::BFloat16"",""c10::BFloat16"",""c10::BFloat16"",""Scalar"",""Scalar""]",shape_and_dtype,40
0,triton_poi_fused_5,"[[1,32],[1,16],[1,16],[],[]]","[""c10::BFloat16"",""c10::BFloat16"",""c10::BFloat16"",""Scalar"",""Scalar""]",shape_and_dtype,40
0,triton_poi_fused_5,"[[16,32],[16,16],[16,16],[],[]]","[""c10::BFloat16"",""c10::BFloat16"",""c10::BFloat16"",""Scalar"",""Scalar""]",shape_and_dtype,40
0,triton_poi_fused_5,"[[2,32],[2,16],[2,16],[],[]]","[""c10::BFloat16"",""c10::BFloat16"",""c10::BFloat16"",""Scalar"",""Scalar""]",shape_and_dtype,40
0,triton_poi_fused_5,"[[32,4608],[32,8,256],[]]","[""c10::BFloat16"",""c10::BFloat16"",""Scalar""]",shape_and_dtype,40
0,triton_poi_fused_5,"[[4,32],[4,16],[4,16],[],[]]","[""c10::BFloat16"",""c10::BFloat16"",""c10::BFloat16"",""Scalar"",""Scalar""]",shape_and_dtype,40
0,triton_poi_fused_5,"[[64,4608],[64,8,256],[]]","[""c10::BFloat16"",""c10::BFloat16"",""Scalar""]",shape_and_dtype,40
0,triton_poi_fused_5,"[[8,32],[8,16],[8,16],[],[]]","[""c10::BFloat16"",""c10::BFloat16"",""c10::BFloat16"",""Scalar"",""Scalar""]",shape_and_dtype,40
0,triton_poi_fused_7,"[[32,4608],[32,8,1],[256],[32,32],[32,32],[32,1,1],[256],[32,8,64],[32,8,192],[32,1,64],[32,1,192],[],[],[],[]]","[""c10::BFloat16"",""float"",""c10::BFloat16"",""c10::BFloat16"",""c10::BFloat16"",""float"",""c10::BFloat16"",""c10::BFloat16"",""c10::BFloat16"",""c10::BFloat16"",""c10::BFloat16"",""Scalar"",""Scalar"",""Scalar"",""Scalar""]",shape_and_dtype,40
0,triton_poi_fused_7,"[[64,4608],[64,8,1],[256],[64,32],[64,32],[64,1,1],[256],[64,8,64],[64,8,192],[64,1,64],[64,1,192],[],[],[],[]]","[""c10::BFloat16"",""float"",""c10::BFloat16"",""c10::BFloat16"",""c10::BFloat16"",""float"",""c10::BFloat16"",""c10::BFloat16"",""c10::BFloat16"",""c10::BFloat16"",""c10::BFloat16"",""Scalar"",""Scalar"",""Scalar"",""Scalar""]",shape_and_dtype,40
0,triton_poi_fused_add_2,"[[32,2048],[32,2048],[]]","[""c10::BFloat16"",""c10::BFloat16"",""Scalar""]",shape_and_dtype,40
0,triton_poi_fused_add_2,"[[64,2048],[64,2048],[]]","[""c10::BFloat16"",""c10::BFloat16"",""Scalar""]",shape_and_dtype,40
0,triton_red_fused_6,"[[32,4608],[32,8,1],[32,1,1],[],[]]","[""c10::BFloat16"",""float"",""float"",""Scalar"",""Scalar""]",shape_and_dtype,40
0,triton_red_fused_6,"[[64,4608],[64,8,1],[64,1,1],[],[]]","[""c10::BFloat16"",""float"",""float"",""Scalar"",""Scalar""]",shape_and_dtype,40
0,triton_red_fused__to_copy_add_copy__fused_add_rms_norm_moe_forward_shared_1,"[[32,2048],[32,2048],[2048],[32,2048],[32,2048],[32,2048],[32,2048],[32,2048],[],[]]","[""c10::BFloat16"",""c10::BFloat16"",""c10::BFloat16"",""c10::BFloat16"",""c10::BFloat16"",""c10::BFloat16"",""c10::BFloat16"",""c10::BFloat16"",""Scalar"",""Scalar""]",shape_and_dtype,40
0,triton_red_fused__to_copy_add_copy__fused_add_rms_norm_moe_forward_shared_1,"[[64,2048],[64,2048],[2048],[64,2048],[64,2048],[64,2048],[64,2048],[64,2048],[],[]]","[""c10::BFloat16"",""c10::BFloat16"",""c10::BFloat16"",""c10::BFloat16"",""c10::BFloat16"",""c10::BFloat16"",""c10::BFloat16"",""c10::BFloat16"",""Scalar"",""Scalar""]",shape_and_dtype,40
0,vllm::unified_attention_with_output,"[[32,8,256],[32,1,256],[32,1,256],[32,8,256],[],[],[],[0]]","[""c10::BFloat16"",""c10::BFloat16"",""c10::BFloat16"",""c10::BFloat16"","""","""","""",""c10::BFloat16""]",shape_and_dtype,40
0,vllm::unified_attention_with_output,"[[64,8,256],[64,1,256],[64,1,256],[64,8,256],[],[],[],[0]]","[""c10::BFloat16"",""c10::BFloat16"",""c10::BFloat16"",""c10::BFloat16"","""","""","""",""c10::BFloat16""]",shape_and_dtype,40
0,vllm::unified_kv_cache_update,"[[32,1,256],[32,1,256],[]]","[""c10::BFloat16"",""c10::BFloat16"",""""]",shape_and_dtype,40
0,vllm::unified_kv_cache_update,"[[64,1,256],[64,1,256],[]]","[""c10::BFloat16"",""c10::BFloat16"",""""]",shape_and_dtype,40
0,triton_poi_fused_0,"[[32,8,256],[32,2048],[32,2048],[32,16,128],[],[]]","[""c10::BFloat16"",""c10::BFloat16"",""c10::BFloat16"",""c10::BFloat16"",""Scalar"",""Scalar""]",shape_and_dtype,36
0,triton_poi_fused_0,"[[64,8,256],[64,2048],[64,2048],[64,16,128],[],[]]","[""c10::BFloat16"",""c10::BFloat16"",""c10::BFloat16"",""c10::BFloat16"",""Scalar"",""Scalar""]",shape_and_dtype,36
0,triton_poi_fused_3,"[[32,32],[32,16],[32,16],[],[]]","[""c10::BFloat16"",""c10::BFloat16"",""c10::BFloat16"",""Scalar"",""Scalar""]",shape_and_dtype,36
0,triton_poi_fused_3,"[[64,32],[64,16],[64,16],[],[]]","[""c10::BFloat16"",""c10::BFloat16"",""c10::BFloat16"",""Scalar"",""Scalar""]",shape_and_dtype,36
0,_C::weak_ref_tensor,"[[1,4096]]","[""c10::BFloat16""]",shape_and_dtype,30
0,_C::weak_ref_tensor,"[[16,4096]]","[""c10::BFloat16""]",shape_and_dtype,30
0,_C::weak_ref_tensor,"[[2,4096]]","[""c10::BFloat16""]",shape_and_dtype,30
0,_C::weak_ref_tensor,"[[4,4096]]","[""c10::BFloat16""]",shape_and_dtype,30
0,_C::weak_ref_tensor,"[[8,4096]]","[""c10::BFloat16""]",shape_and_dtype,30
0,aten::_reshape_alias,"[[16,4096],[],[]]","[""c10::BFloat16"",""ScalarList"",""ScalarList""]",shape_and_dtype,30
0,aten::_reshape_alias,"[[2,4096],[],[]]","[""c10::BFloat16"",""ScalarList"",""ScalarList""]",shape_and_dtype,30
0,aten::_reshape_alias,"[[4,4096],[],[]]","[""c10::BFloat16"",""ScalarList"",""ScalarList""]",shape_and_dtype,30
0,aten::_reshape_alias,"[[8,4096],[],[]]","[""c10::BFloat16"",""ScalarList"",""ScalarList""]",shape_and_dtype,30
0,aten::as_strided,"[[1,16,128],[],[],[]]","[""c10::BFloat16"",""ScalarList"",""ScalarList"",""Scalar""]",shape_and_dtype,30
0,aten::as_strided,"[[1,4096,1],[],[],[]]","[""c10::BFloat16"",""ScalarList"",""ScalarList"",""""]",shape_and_dtype,30
0,aten::as_strided,"[[1,4096],[],[],[]]","[""c10::BFloat16"",""ScalarList"",""ScalarList"",""Scalar""]",shape_and_dtype,30
0,aten::as_strided,"[[16,16,128],[],[],[]]","[""c10::BFloat16"",""ScalarList"",""ScalarList"",""Scalar""]",shape_and_dtype,30
0,aten::as_strided,"[[16,4096,1],[],[],[]]","[""c10::BFloat16"",""ScalarList"",""ScalarList"",""""]",shape_and_dtype,30
0,aten::as_strided,"[[2,16,128],[],[],[]]","[""c10::BFloat16"",""ScalarList"",""ScalarList"",""Scalar""]",shape_and_dtype,30
0,aten::as_strided,"[[2,4096,1],[],[],[]]","[""c10::BFloat16"",""ScalarList"",""ScalarList"",""""]",shape_and_dtype,30
0,aten::as_strided,"[[4,16,128],[],[],[]]","[""c10::BFloat16"",""ScalarList"",""ScalarList"",""Scalar""]",shape_and_dtype,30
0,aten::as_strided,"[[4,4096,1],[],[],[]]","[""c10::BFloat16"",""ScalarList"",""ScalarList"",""""]",shape_and_dtype,30
0,aten::as_strided,"[[8,16,128],[],[],[]]","[""c10::BFloat16"",""ScalarList"",""ScalarList"",""Scalar""]",shape_and_dtype,30
0,aten::as_strided,"[[8,4096,1],[],[],[]]","[""c10::BFloat16"",""ScalarList"",""ScalarList"",""""]",shape_and_dtype,30
0,aten::reshape,"[[1,16,128],[]]","[""c10::BFloat16"",""ScalarList""]",shape_and_dtype,30
0,aten::reshape,"[[1,4096],[]]","[""c10::BFloat16"",""ScalarList""]",shape_and_dtype,30
0,aten::reshape,"[[16,16,128],[]]","[""c10::BFloat16"",""ScalarList""]",shape_and_dtype,30
0,aten::reshape,"[[16,4096],[]]","[""c10::BFloat16"",""ScalarList""]",shape_and_dtype,30
0,aten::reshape,"[[2,16,128],[]]","[""c10::BFloat16"",""ScalarList""]",shape_and_dtype,30
0,aten::reshape,"[[2,4096],[]]","[""c10::BFloat16"",""ScalarList""]",shape_and_dtype,30
0,aten::reshape,"[[4,16,128],[]]","[""c10::BFloat16"",""ScalarList""]",shape_and_dtype,30
0,aten::reshape,"[[4,4096],[]]","[""c10::BFloat16"",""ScalarList""]",shape_and_dtype,30
0,aten::reshape,"[[8,16,128],[]]","[""c10::BFloat16"",""ScalarList""]",shape_and_dtype,30
0,aten::reshape,"[[8,4096],[]]","[""c10::BFloat16"",""ScalarList""]",shape_and_dtype,30
0,aten::slice,"[[1,16,128],[],[],[],[]]","[""c10::BFloat16"",""Scalar"",""Scalar"",""Scalar"",""Scalar""]",shape_and_dtype,30
0,aten::slice,"[[1,4096],[],[],[],[]]","[""c10::BFloat16"",""Scalar"",""Scalar"",""Scalar"",""Scalar""]",shape_and_dtype,30
0,aten::slice,"[[16,16,128],[],[],[],[]]","[""c10::BFloat16"",""Scalar"",""Scalar"",""Scalar"",""Scalar""]",shape_and_dtype,30
0,aten::slice,"[[16,4096],[],[],[],[]]","[""c10::BFloat16"",""Scalar"",""Scalar"",""Scalar"",""Scalar""]",shape_and_dtype,30
0,aten::slice,"[[2,16,128],[],[],[],[]]","[""c10::BFloat16"",""Scalar"",""Scalar"",""Scalar"",""Scalar""]",shape_and_dtype,30
0,aten::slice,"[[2,4096],[],[],[],[]]","[""c10::BFloat16"",""Scalar"",""Scalar"",""Scalar"",""Scalar""]",shape_and_dtype,30
0,aten::slice,"[[4,16,128],[],[],[],[]]","[""c10::BFloat16"",""Scalar"",""Scalar"",""Scalar"",""Scalar""]",shape_and_dtype,30
0,aten::slice,"[[4,4096],[],[],[],[]]","[""c10::BFloat16"",""Scalar"",""Scalar"",""Scalar"",""Scalar""]",shape_and_dtype,30
0,aten::slice,"[[8,16,128],[],[],[],[]]","[""c10::BFloat16"",""Scalar"",""Scalar"",""Scalar"",""Scalar""]",shape_and_dtype,30
0,aten::slice,"[[8,4096],[],[],[],[]]","[""c10::BFloat16"",""Scalar"",""Scalar"",""Scalar"",""Scalar""]",shape_and_dtype,30
0,aten::squeeze,"[[1,4096,1],[]]","[""c10::BFloat16"",""Scalar""]",shape_and_dtype,30
0,aten::squeeze,"[[16,4096,1],[]]","[""c10::BFloat16"",""Scalar""]",shape_and_dtype,30
0,aten::squeeze,"[[2,4096,1],[]]","[""c10::BFloat16"",""Scalar""]",shape_and_dtype,30
0,aten::squeeze,"[[4,4096,1],[]]","[""c10::BFloat16"",""Scalar""]",shape_and_dtype,30
0,aten::squeeze,"[[8,4096,1],[]]","[""c10::BFloat16"",""Scalar""]",shape_and_dtype,30
0,aten::unsqueeze,"[[1,16,128],[]]","[""c10::BFloat16"",""Scalar""]",shape_and_dtype,30
0,aten::unsqueeze,"[[1,4096],[]]","[""c10::BFloat16"",""Scalar""]",shape_and_dtype,30
0,aten::unsqueeze,"[[16,16,128],[]]","[""c10::BFloat16"",""Scalar""]",shape_and_dtype,30
0,aten::unsqueeze,"[[16,4096],[]]","[""c10::BFloat16"",""Scalar""]",shape_and_dtype,30
0,aten::unsqueeze,"[[2,16,128],[]]","[""c10::BFloat16"",""Scalar""]",shape_and_dtype,30
0,aten::unsqueeze,"[[2,4096],[]]","[""c10::BFloat16"",""Scalar""]",shape_and_dtype,30
0,aten::unsqueeze,"[[4,16,128],[]]","[""c10::BFloat16"",""Scalar""]",shape_and_dtype,30
0,aten::unsqueeze,"[[4,4096],[]]","[""c10::BFloat16"",""Scalar""]",shape_and_dtype,30
0,aten::unsqueeze,"[[8,16,128],[]]","[""c10::BFloat16"",""Scalar""]",shape_and_dtype,30
0,aten::unsqueeze,"[[8,4096],[]]","[""c10::BFloat16"",""Scalar""]",shape_and_dtype,30
0,aten::view,"[[1,16,128],[]]","[""c10::BFloat16"",""ScalarList""]",shape_and_dtype,30
0,aten::view,"[[1,4096],[]]","[""c10::BFloat16"",""ScalarList""]",shape_and_dtype,30
0,aten::view,"[[16,16,128],[]]","[""c10::BFloat16"",""ScalarList""]",shape_and_dtype,30
0,aten::view,"[[2,16,128],[]]","[""c10::BFloat16"",""ScalarList""]",shape_and_dtype,30
0,aten::view,"[[4,16,128],[]]","[""c10::BFloat16"",""ScalarList""]",shape_and_dtype,30
0,aten::view,"[[8,16,128],[]]","[""c10::BFloat16"",""ScalarList""]",shape_and_dtype,30
0,aten::as_strided,"[[64,32],[],[],[]]","[""int"",""ScalarList"",""ScalarList"",""Scalar""]",shape_and_dtype,29
0,aten::fill_,"[[0],[]]","[""int"",""Scalar""]",shape_and_dtype,29
0,aten::slice,"[[64,32],[],[],[],[]]","[""int"",""Scalar"",""Scalar"",""Scalar"",""Scalar""]",shape_and_dtype,29
0,aten::fill_,"[[0,1],[]]","[""int"",""Scalar""]",shape_and_dtype,27
0,aten::fill_,"[[0],[]]","[""int"",""int""]",shape_and_dtype,27
0,aten::as_strided,"[[33],[],[],[]]","[""int"",""ScalarList"",""ScalarList"",""Scalar""]",shape_and_dtype,24
0,aten::copy_,"[[64],[64],[]]","[""int"",""int"",""Scalar""]",shape_and_dtype,21
0,_C::weak_ref_tensor,"[[1,1,256]]","[""c10::BFloat16""]",shape_and_dtype,20
0,_C::weak_ref_tensor,"[[1,8,256]]","[""c10::BFloat16""]",shape_and_dtype,20
0,_C::weak_ref_tensor,"[[16,1,256]]","[""c10::BFloat16""]",shape_and_dtype,20
0,_C::weak_ref_tensor,"[[16,8,256]]","[""c10::BFloat16""]",shape_and_dtype,20
0,_C::weak_ref_tensor,"[[2,1,256]]","[""c10::BFloat16""]",shape_and_dtype,20
0,_C::weak_ref_tensor,"[[2,8,256]]","[""c10::BFloat16""]",shape_and_dtype,20
0,_C::weak_ref_tensor,"[[4,1,256]]","[""c10::BFloat16""]",shape_and_dtype,20
0,_C::weak_ref_tensor,"[[4,8,256]]","[""c10::BFloat16""]",shape_and_dtype,20
0,_C::weak_ref_tensor,"[[8,1,256]]","[""c10::BFloat16""]",shape_and_dtype,20
0,_C::weak_ref_tensor,"[[8,8,256]]","[""c10::BFloat16""]",shape_and_dtype,20
0,aten::as_strided,"[[1,8,256],[],[],[]]","[""c10::BFloat16"",""ScalarList"",""ScalarList"",""Scalar""]",shape_and_dtype,20
0,aten::as_strided,"[[16,8,256],[],[],[]]","[""c10::BFloat16"",""ScalarList"",""ScalarList"",""Scalar""]",shape_and_dtype,20
0,aten::as_strided,"[[2,8,256],[],[],[]]","[""c10::BFloat16"",""ScalarList"",""ScalarList"",""Scalar""]",shape_and_dtype,20
0,aten::as_strided,"[[4,8,256],[],[],[]]","[""c10::BFloat16"",""ScalarList"",""ScalarList"",""Scalar""]",shape_and_dtype,20
0,aten::as_strided,"[[8,8,256],[],[],[]]","[""c10::BFloat16"",""ScalarList"",""ScalarList"",""Scalar""]",shape_and_dtype,20
0,aten::fill_,"[[32,8,256],[]]","[""c10::BFloat16"",""Scalar""]",shape_and_dtype,20
0,aten::fill_,"[[64,8,256],[]]","[""c10::BFloat16"",""Scalar""]",shape_and_dtype,20
0,aten::mm,"[[1,2048],[2048,4608],[1,4608]]","[""c10::BFloat16"",""c10::BFloat16"",""c10::BFloat16""]",shape_and_dtype,20
0,aten::mm,"[[16,2048],[2048,4608],[16,4608]]","[""c10::BFloat16"",""c10::BFloat16"",""c10::BFloat16""]",shape_and_dtype,20
0,aten::mm,"[[2,2048],[2048,4608],[2,4608]]","[""c10::BFloat16"",""c10::BFloat16"",""c10::BFloat16""]",shape_and_dtype,20
0,aten::mm,"[[4,2048],[2048,4608],[4,4608]]","[""c10::BFloat16"",""c10::BFloat16"",""c10::BFloat16""]",shape_and_dtype,20
0,aten::mm,"[[8,2048],[2048,4608],[8,4608]]","[""c10::BFloat16"",""c10::BFloat16"",""c10::BFloat16""]",shape_and_dtype,20
0,aten::slice,"[[1,8,256],[],[],[],[]]","[""c10::BFloat16"",""Scalar"",""Scalar"",""Scalar"",""Scalar""]",shape_and_dtype,20
0,aten::slice,"[[16,8,256],[],[],[],[]]","[""c10::BFloat16"",""Scalar"",""Scalar"",""Scalar"",""Scalar""]",shape_and_dtype,20
0,aten::slice,"[[2,8,256],[],[],[],[]]","[""c10::BFloat16"",""Scalar"",""Scalar"",""Scalar"",""Scalar""]",shape_and_dtype,20
0,aten::slice,"[[4,8,256],[],[],[],[]]","[""c10::BFloat16"",""Scalar"",""Scalar"",""Scalar"",""Scalar""]",shape_and_dtype,20
0,aten::slice,"[[8,8,256],[],[],[],[]]","[""c10::BFloat16"",""Scalar"",""Scalar"",""Scalar"",""Scalar""]",shape_and_dtype,20
0,triton_poi_fused_0,"[[3,16],[1048576,64],[16,32],[16,32],[],[]]","[""long int"",""c10::BFloat16"",""c10::BFloat16"",""c10::BFloat16"",""Scalar"",""Scalar""]",shape_and_dtype,20
0,triton_poi_fused_0,"[[3,1],[1048576,64],[1,32],[1,32],[],[]]","[""long int"",""c10::BFloat16"",""c10::BFloat16"",""c10::BFloat16"",""Scalar"",""Scalar""]",shape_and_dtype,20
0,triton_poi_fused_0,"[[3,2],[1048576,64],[2,32],[2,32],[],[]]","[""long int"",""c10::BFloat16"",""c10::BFloat16"",""c10::BFloat16"",""Scalar"",""Scalar""]",shape_and_dtype,20
0,triton_poi_fused_0,"[[3,4],[1048576,64],[4,32],[4,32],[],[]]","[""long int"",""c10::BFloat16"",""c10::BFloat16"",""c10::BFloat16"",""Scalar"",""Scalar""]",shape_and_dtype,20
0,triton_poi_fused_0,"[[3,8],[1048576,64],[8,32],[8,32],[],[]]","[""long int"",""c10::BFloat16"",""c10::BFloat16"",""c10::BFloat16"",""Scalar"",""Scalar""]",shape_and_dtype,20
0,triton_poi_fused_5,"[[1,4608],[1,8,256],[]]","[""c10::BFloat16"",""c10::BFloat16"",""Scalar""]",shape_and_dtype,20
0,triton_poi_fused_5,"[[16,4608],[16,8,256],[]]","[""c10::BFloat16"",""c10::BFloat16"",""Scalar""]",shape_and_dtype,20
0,triton_poi_fused_5,"[[2,4608],[2,8,256],[]]","[""c10::BFloat16"",""c10::BFloat16"",""Scalar""]",shape_and_dtype,20
0,triton_poi_fused_5,"[[4,4608],[4,8,256],[]]","[""c10::BFloat16"",""c10::BFloat16"",""Scalar""]",shape_and_dtype,20
0,triton_poi_fused_5,"[[8,4608],[8,8,256],[]]","[""c10::BFloat16"",""c10::BFloat16"",""Scalar""]",shape_and_dtype,20
0,triton_poi_fused_7,"[[1,4608],[1,8,1],[256],[1,32],[1,32],[1,1,1],[256],[1,8,64],[1,8,192],[1,1,64],[1,1,192],[],[],[],[]]","[""c10::BFloat16"",""float"",""c10::BFloat16"",""c10::BFloat16"",""c10::BFloat16"",""float"",""c10::BFloat16"",""c10::BFloat16"",""c10::BFloat16"",""c10::BFloat16"",""c10::BFloat16"",""Scalar"",""Scalar"",""Scalar"",""Scalar""]",shape_and_dtype,20
0,triton_poi_fused_7,"[[16,4608],[16,8,1],[256],[16,32],[16,32],[16,1,1],[256],[16,8,64],[16,8,192],[16,1,64],[16,1,192],[],[],[],[]]","[""c10::BFloat16"",""float"",""c10::BFloat16"",""c10::BFloat16"",""c10::BFloat16"",""float"",""c10::BFloat16"",""c10::BFloat16"",""c10::BFloat16"",""c10::BFloat16"",""c10::BFloat16"",""Scalar"",""Scalar"",""Scalar"",""Scalar""]",shape_and_dtype,20
0,triton_poi_fused_7,"[[2,4608],[2,8,1],[256],[2,32],[2,32],[2,1,1],[256],[2,8,64],[2,8,192],[2,1,64],[2,1,192],[],[],[],[]]","[""c10::BFloat16"",""float"",""c10::BFloat16"",""c10::BFloat16"",""c10::BFloat16"",""float"",""c10::BFloat16"",""c10::BFloat16"",""c10::BFloat16"",""c10::BFloat16"",""c10::BFloat16"",""Scalar"",""Scalar"",""Scalar"",""Scalar""]",shape_and_dtype,20
0,triton_poi_fused_7,"[[4,4608],[4,8,1],[256],[4,32],[4,32],[4,1,1],[256],[4,8,64],[4,8,192],[4,1,64],[4,1,192],[],[],[],[]]","[""c10::BFloat16"",""float"",""c10::BFloat16"",""c10::BFloat16"",""c10::BFloat16"",""float"",""c10::BFloat16"",""c10::BFloat16"",""c10::BFloat16"",""c10::BFloat16"",""c10::BFloat16"",""Scalar"",""Scalar"",""Scalar"",""Scalar""]",shape_and_dtype,20
0,triton_poi_fused_7,"[[8,4608],[8,8,1],[256],[8,32],[8,32],[8,1,1],[256],[8,8,64],[8,8,192],[8,1,64],[8,1,192],[],[],[],[]]","[""c10::BFloat16"",""float"",""c10::BFloat16"",""c10::BFloat16"",""c10::BFloat16"",""float"",""c10::BFloat16"",""c10::BFloat16"",""c10::BFloat16"",""c10::BFloat16"",""c10::BFloat16"",""Scalar"",""Scalar"",""Scalar"",""Scalar""]",shape_and_dtype,20
0,triton_poi_fused_add_2,"[[1,2048],[1,2048],[]]","[""c10::BFloat16"",""c10::BFloat16"",""Scalar""]",shape_and_dtype,20
0,triton_poi_fused_add_2,"[[16,2048],[16,2048],[]]","[""c10::BFloat16"",""c10::BFloat16"",""Scalar""]",shape_and_dtype,20
0,triton_poi_fused_add_2,"[[2,2048],[2,2048],[]]","[""c10::BFloat16"",""c10::BFloat16"",""Scalar""]",shape_and_dtype,20
0,triton_poi_fused_add_2,"[[4,2048],[4,2048],[]]","[""c10::BFloat16"",""c10::BFloat16"",""Scalar""]",shape_and_dtype,20
0,triton_poi_fused_add_2,"[[8,2048],[8,2048],[]]","[""c10::BFloat16"",""c10::BFloat16"",""Scalar""]",shape_and_dtype,20
0,triton_red_fused_6,"[[1,4608],[1,8,1],[1,1,1],[],[]]","[""c10::BFloat16"",""float"",""float"",""Scalar"",""Scalar""]",shape_and_dtype,20
0,triton_red_fused_6,"[[16,4608],[16,8,1],[16,1,1],[],[]]","[""c10::BFloat16"",""float"",""float"",""Scalar"",""Scalar""]",shape_and_dtype,20
0,triton_red_fused_6,"[[2,4608],[2,8,1],[2,1,1],[],[]]","[""c10::BFloat16"",""float"",""float"",""Scalar"",""Scalar""]",shape_and_dtype,20
0,triton_red_fused_6,"[[4,4608],[4,8,1],[4,1,1],[],[]]","[""c10::BFloat16"",""float"",""float"",""Scalar"",""Scalar""]",shape_and_dtype,20
0,triton_red_fused_6,"[[8,4608],[8,8,1],[8,1,1],[],[]]","[""c10::BFloat16"",""float"",""float"",""Scalar"",""Scalar""]",shape_and_dtype,20
0,triton_red_fused__to_copy_add_copy__fused_add_rms_norm_moe_forward_shared_1,"[[1,2048],[1,2048],[2048],[1,2048],[1,2048],[1,2048],[1,2048],[1,2048],[],[]]","[""c10::BFloat16"",""c10::BFloat16"",""c10::BFloat16"",""c10::BFloat16"",""c10::BFloat16"",""c10::BFloat16"",""c10::BFloat16"",""c10::BFloat16"",""Scalar"",""Scalar""]",shape_and_dtype,20
0,triton_red_fused__to_copy_add_copy__fused_add_rms_norm_moe_forward_shared_1,"[[16,2048],[16,2048],[2048],[16,2048],[16,2048],[16,2048],[16,2048],[16,2048],[],[]]","[""c10::BFloat16"",""c10::BFloat16"",""c10::BFloat16"",""c10::BFloat16"",""c10::BFloat16"",""c10::BFloat16"",""c10::BFloat16"",""c10::BFloat16"",""Scalar"",""Scalar""]",shape_and_dtype,20
0,triton_red_fused__to_copy_add_copy__fused_add_rms_norm_moe_forward_shared_1,"[[2,2048],[2,2048],[2048],[2,2048],[2,2048],[2,2048],[2,2048],[2,2048],[],[]]","[""c10::BFloat16"",""c10::BFloat16"",""c10::BFloat16"",""c10::BFloat16"",""c10::BFloat16"",""c10::BFloat16"",""c10::BFloat16"",""c10::BFloat16"",""Scalar"",""Scalar""]",shape_and_dtype,20
0,triton_red_fused__to_copy_add_copy__fused_add_rms_norm_moe_forward_shared_1,"[[4,2048],[4,2048],[2048],[4,2048],[4,2048],[4,2048],[4,2048],[4,2048],[],[]]","[""c10::BFloat16"",""c10::BFloat16"",""c10::BFloat16"",""c10::BFloat16"",""c10::BFloat16"",""c10::BFloat16"",""c10::BFloat16"",""c10::BFloat16"",""Scalar"",""Scalar""]",shape_and_dtype,20
0,triton_red_fused__to_copy_add_copy__fused_add_rms_norm_moe_forward_shared_1,"[[8,2048],[8,2048],[2048],[8,2048],[8,2048],[8,2048],[8,2048],[8,2048],[],[]]","[""c10::BFloat16"",""c10::BFloat16"",""c10::BFloat16"",""c10::BFloat16"",""c10::BFloat16"",""c10::BFloat16"",""c10::BFloat16"",""c10::BFloat16"",""Scalar"",""Scalar""]",shape_and_dtype,20
0,vllm::unified_attention_with_output,"[[1,8,256],[1,1,256],[1,1,256],[1,8,256],[],[],[],[0]]","[""c10::BFloat16"",""c10::BFloat16"",""c10::BFloat16"",""c10::BFloat16"","""","""","""",""c10::BFloat16""]",shape_and_dtype,20
0,vllm::unified_attention_with_output,"[[16,8,256],[16,1,256],[16,1,256],[16,8,256],[],[],[],[0]]","[""c10::BFloat16"",""c10::BFloat16"",""c10::BFloat16"",""c10::BFloat16"","""","""","""",""c10::BFloat16""]",shape_and_dtype,20
0,vllm::unified_attention_with_output,"[[2,8,256],[2,1,256],[2,1,256],[2,8,256],[],[],[],[0]]","[""c10::BFloat16"",""c10::BFloat16"",""c10::BFloat16"",""c10::BFloat16"","""","""","""",""c10::BFloat16""]",shape_and_dtype,20
0,vllm::unified_attention_with_output,"[[4,8,256],[4,1,256],[4,1,256],[4,8,256],[],[],[],[0]]","[""c10::BFloat16"",""c10::BFloat16"",""c10::BFloat16"",""c10::BFloat16"","""","""","""",""c10::BFloat16""]",shape_and_dtype,20
0,vllm::unified_attention_with_output,"[[8,8,256],[8,1,256],[8,1,256],[8,8,256],[],[],[],[0]]","[""c10::BFloat16"",""c10::BFloat16"",""c10::BFloat16"",""c10::BFloat16"","""","""","""",""c10::BFloat16""]",shape_and_dtype,20
0,vllm::unified_kv_cache_update,"[[1,1,256],[1,1,256],[]]","[""c10::BFloat16"",""c10::BFloat16"",""""]",shape_and_dtype,20
0,vllm::unified_kv_cache_update,"[[16,1,256],[16,1,256],[]]","[""c10::BFloat16"",""c10::BFloat16"",""""]",shape_and_dtype,20
0,vllm::unified_kv_cache_update,"[[2,1,256],[2,1,256],[]]","[""c10::BFloat16"",""c10::BFloat16"",""""]",shape_and_dtype,20
0,vllm::unified_kv_cache_update,"[[4,1,256],[4,1,256],[]]","[""c10::BFloat16"",""c10::BFloat16"",""""]",shape_and_dtype,20
0,vllm::unified_kv_cache_update,"[[8,1,256],[8,1,256],[]]","[""c10::BFloat16"",""c10::BFloat16"",""""]",shape_and_dtype,20
0,aten::as_strided,"[[3,8193],[],[],[]]","[""long int"",""ScalarList"",""ScalarList"",""Scalar""]",shape_and_dtype,18
0,aten::as_strided,"[[8192,2048],[],[],[]]","[""c10::BFloat16"",""ScalarList"",""ScalarList"",""Scalar""]",shape_and_dtype,18
0,aten::empty_like,"[[32],[],[],[],[],[]]","[""int"",""Scalar"","""","""",""Scalar"",""""]",shape_and_dtype,18
0,aten::empty_like,"[[64],[],[],[],[],[]]","[""int"",""Scalar"","""","""",""Scalar"",""""]",shape_and_dtype,18
0,aten::slice,"[[3,8193],[],[],[],[]]","[""long int"",""Scalar"",""Scalar"",""Scalar"",""Scalar""]",shape_and_dtype,18
0,aten::slice,"[[33],[],[],[],[]]","[""int"",""Scalar"",""Scalar"",""Scalar"",""Scalar""]",shape_and_dtype,18
0,aten::slice,"[[8192,2048],[],[],[],[]]","[""c10::BFloat16"",""Scalar"",""Scalar"",""Scalar"",""Scalar""]",shape_and_dtype,18
0,triton_poi_fused_0,"[[1,8,256],[1,2048],[1,2048],[1,16,128],[],[]]","[""c10::BFloat16"",""c10::BFloat16"",""c10::BFloat16"",""c10::BFloat16"",""Scalar"",""Scalar""]",shape_and_dtype,18
0,triton_poi_fused_0,"[[16,8,256],[16,2048],[16,2048],[16,16,128],[],[]]","[""c10::BFloat16"",""c10::BFloat16"",""c10::BFloat16"",""c10::BFloat16"",""Scalar"",""Scalar""]",shape_and_dtype,18
0,triton_poi_fused_0,"[[2,8,256],[2,2048],[2,2048],[2,16,128],[],[]]","[""c10::BFloat16"",""c10::BFloat16"",""c10::BFloat16"",""c10::BFloat16"",""Scalar"",""Scalar""]",shape_and_dtype,18
0,triton_poi_fused_0,"[[4,8,256],[4,2048],[4,2048],[4,16,128],[],[]]","[""c10::BFloat16"",""c10::BFloat16"",""c10::BFloat16"",""c10::BFloat16"",""Scalar"",""Scalar""]",shape_and_dtype,18
0,triton_poi_fused_0,"[[8,8,256],[8,2048],[8,2048],[8,16,128],[],[]]","[""c10::BFloat16"",""c10::BFloat16"",""c10::BFloat16"",""c10::BFloat16"",""Scalar"",""Scalar""]",shape_and_dtype,18
0,triton_poi_fused_3,"[[1,32],[1,16],[1,16],[],[]]","[""c10::BFloat16"",""c10::BFloat16"",""c10::BFloat16"",""Scalar"",""Scalar""]",shape_and_dtype,18
0,triton_poi_fused_3,"[[16,32],[16,16],[16,16],[],[]]","[""c10::BFloat16"",""c10::BFloat16"",""c10::BFloat16"",""Scalar"",""Scalar""]",shape_and_dtype,18
0,triton_poi_fused_3,"[[2,32],[2,16],[2,16],[],[]]","[""c10::BFloat16"",""c10::BFloat16"",""c10::BFloat16"",""Scalar"",""Scalar""]",shape_and_dtype,18
0,triton_poi_fused_3,"[[4,32],[4,16],[4,16],[],[]]","[""c10::BFloat16"",""c10::BFloat16"",""c10::BFloat16"",""Scalar"",""Scalar""]",shape_and_dtype,18
0,triton_poi_fused_3,"[[8,32],[8,16],[8,16],[],[]]","[""c10::BFloat16"",""c10::BFloat16"",""c10::BFloat16"",""Scalar"",""Scalar""]",shape_and_dtype,18
0,aten::as_strided,"[[32],[],[],[]]","[""long int"",""ScalarList"",""ScalarList"",""Scalar""]",shape_and_dtype,16
0,aten::as_strided,"[[64],[],[],[]]","[""long int"",""ScalarList"",""ScalarList"",""Scalar""]",shape_and_dtype,16
0,aten::fill_,"[[32],[]]","[""long int"",""Scalar""]",shape_and_dtype,16
0,aten::fill_,"[[64],[]]","[""long int"",""Scalar""]",shape_and_dtype,16
0,aten::slice,"[[32],[],[],[],[]]","[""long int"",""Scalar"",""Scalar"",""Scalar"",""Scalar""]",shape_and_dtype,16
0,aten::slice,"[[64],[],[],[],[]]","[""long int"",""Scalar"",""Scalar"",""Scalar"",""Scalar""]",shape_and_dtype,16
0,aten::copy_,"[[65],[65],[]]","[""int"",""int"",""Scalar""]",shape_and_dtype,15
0,aten::as_strided,"[[17],[],[],[]]","[""int"",""ScalarList"",""ScalarList"",""Scalar""]",shape_and_dtype,12
0,aten::as_strided,"[[32,1],[],[],[]]","[""int"",""ScalarList"",""ScalarList"",""Scalar""]",shape_and_dtype,12
0,aten::as_strided,"[[3],[],[],[]]","[""int"",""ScalarList"",""ScalarList"",""Scalar""]",shape_and_dtype,12
0,aten::as_strided,"[[5],[],[],[]]","[""int"",""ScalarList"",""ScalarList"",""Scalar""]",shape_and_dtype,12
0,aten::as_strided,"[[9],[],[],[]]","[""int"",""ScalarList"",""ScalarList"",""Scalar""]",shape_and_dtype,12
0,aten::copy_,"[[32],[32],[]]","[""int"",""int"",""Scalar""]",shape_and_dtype,12
0,aten::sub,"[[32],[32],[]]","[""int"",""int"",""Scalar""]",shape_and_dtype,12
0,aten::sub,"[[64],[64],[]]","[""int"",""int"",""Scalar""]",shape_and_dtype,12
0,aten::fill_,"[[1,8,256],[]]","[""c10::BFloat16"",""Scalar""]",shape_and_dtype,10
0,aten::fill_,"[[16,8,256],[]]","[""c10::BFloat16"",""Scalar""]",shape_and_dtype,10
0,aten::fill_,"[[2,8,256],[]]","[""c10::BFloat16"",""Scalar""]",shape_and_dtype,10
0,aten::fill_,"[[4,8,256],[]]","[""c10::BFloat16"",""Scalar""]",shape_and_dtype,10
0,aten::fill_,"[[8,8,256],[]]","[""c10::BFloat16"",""Scalar""]",shape_and_dtype,10
0,aten::copy_,"[[0],[],[]]","[""bool"",""bool"",""Scalar""]",shape_and_dtype,9
0,aten::copy_,"[[2],[2],[]]","[""int"",""int"",""Scalar""]",shape_and_dtype,9
0,aten::empty_like,"[[16],[],[],[],[],[]]","[""int"",""Scalar"","""","""",""Scalar"",""""]",shape_and_dtype,9
0,aten::empty_like,"[[1],[],[],[],[],[]]","[""int"",""Scalar"","""","""",""Scalar"",""""]",shape_and_dtype,9
0,aten::empty_like,"[[2],[],[],[],[],[]]","[""int"",""Scalar"","""","""",""Scalar"",""""]",shape_and_dtype,9
0,aten::empty_like,"[[4],[],[],[],[],[]]","[""int"",""Scalar"","""","""",""Scalar"",""""]",shape_and_dtype,9
0,aten::empty_like,"[[8],[],[],[],[],[]]","[""int"",""Scalar"","""","""",""Scalar"",""""]",shape_and_dtype,9
0,aten::fill_,"[[0,32],[]]","[""int"",""Scalar""]",shape_and_dtype,9
0,aten::fill_,"[[0],[]]","[""bool"",""bool""]",shape_and_dtype,9
0,aten::lift_fresh,[[]],"[""bool""]",shape_and_dtype,9
0,aten::lift_fresh,[[]],"[""int""]",shape_and_dtype,9
0,aten::slice,"[[17],[],[],[],[]]","[""int"",""Scalar"",""Scalar"",""Scalar"",""Scalar""]",shape_and_dtype,9
0,aten::slice,"[[3],[],[],[],[]]","[""int"",""Scalar"",""Scalar"",""Scalar"",""Scalar""]",shape_and_dtype,9
0,aten::slice,"[[5],[],[],[],[]]","[""int"",""Scalar"",""Scalar"",""Scalar"",""Scalar""]",shape_and_dtype,9
0,aten::slice,"[[9],[],[],[],[]]","[""int"",""Scalar"",""Scalar"",""Scalar"",""Scalar""]",shape_and_dtype,9
0,aten::as_strided,"[[16],[],[],[]]","[""long int"",""ScalarList"",""ScalarList"",""Scalar""]",shape_and_dtype,8
0,aten::as_strided,"[[1],[],[],[]]","[""long int"",""ScalarList"",""ScalarList"",""Scalar""]",shape_and_dtype,8
0,aten::as_strided,"[[2],[],[],[]]","[""long int"",""ScalarList"",""ScalarList"",""Scalar""]",shape_and_dtype,8
0,aten::as_strided,"[[4],[],[],[]]","[""long int"",""ScalarList"",""ScalarList"",""Scalar""]",shape_and_dtype,8
0,aten::as_strided,"[[8],[],[],[]]","[""long int"",""ScalarList"",""ScalarList"",""Scalar""]",shape_and_dtype,8
0,aten::fill_,"[[16],[]]","[""long int"",""Scalar""]",shape_and_dtype,8
0,aten::fill_,"[[2],[]]","[""long int"",""Scalar""]",shape_and_dtype,8
0,aten::fill_,"[[4],[]]","[""long int"",""Scalar""]",shape_and_dtype,8
0,aten::fill_,"[[8],[]]","[""long int"",""Scalar""]",shape_and_dtype,8
0,aten::slice,"[[16],[],[],[],[]]","[""long int"",""Scalar"",""Scalar"",""Scalar"",""Scalar""]",shape_and_dtype,8
0,aten::slice,"[[1],[],[],[],[]]","[""long int"",""Scalar"",""Scalar"",""Scalar"",""Scalar""]",shape_and_dtype,8
0,aten::slice,"[[2],[],[],[],[]]","[""long int"",""Scalar"",""Scalar"",""Scalar"",""Scalar""]",shape_and_dtype,8
0,aten::slice,"[[4],[],[],[],[]]","[""long int"",""Scalar"",""Scalar"",""Scalar"",""Scalar""]",shape_and_dtype,8
0,aten::slice,"[[8],[],[],[],[]]","[""long int"",""Scalar"",""Scalar"",""Scalar"",""Scalar""]",shape_and_dtype,8
0,aten::_to_copy,"[[32],[],[],[],[],[],[]]","[""int"",""Scalar"",""Scalar"","""","""",""Scalar"",""""]",shape_and_dtype,6
0,aten::_to_copy,"[[64],[],[],[],[],[],[]]","[""int"",""Scalar"",""Scalar"","""","""",""Scalar"",""""]",shape_and_dtype,6
0,aten::as_strided,"[[1,1],[],[],[]]","[""int"",""ScalarList"",""ScalarList"",""Scalar""]",shape_and_dtype,6
0,aten::as_strided,"[[16,1],[],[],[]]","[""int"",""ScalarList"",""ScalarList"",""Scalar""]",shape_and_dtype,6
0,aten::as_strided,"[[2,1],[],[],[]]","[""int"",""ScalarList"",""ScalarList"",""Scalar""]",shape_and_dtype,6
0,aten::as_strided,"[[2],[],[],[]]","[""int"",""ScalarList"",""ScalarList"",""""]",shape_and_dtype,6
0,aten::as_strided,"[[32],[],[],[]]","[""int"",""ScalarList"",""ScalarList"",""""]",shape_and_dtype,6
0,aten::as_strided,"[[33],[],[],[]]","[""int"",""ScalarList"",""ScalarList"",""""]",shape_and_dtype,6
0,aten::as_strided,"[[4,1],[],[],[]]","[""int"",""ScalarList"",""ScalarList"",""Scalar""]",shape_and_dtype,6
0,aten::as_strided,"[[64],[],[],[]]","[""int"",""ScalarList"",""ScalarList"",""""]",shape_and_dtype,6
0,aten::as_strided,"[[65],[],[],[]]","[""int"",""ScalarList"",""ScalarList"",""""]",shape_and_dtype,6
0,aten::as_strided,"[[8,1],[],[],[]]","[""int"",""ScalarList"",""ScalarList"",""Scalar""]",shape_and_dtype,6
0,aten::copy_,"[[16],[16],[]]","[""int"",""int"",""Scalar""]",shape_and_dtype,6
0,aten::copy_,"[[1],[1],[]]","[""int"",""int"",""Scalar""]",shape_and_dtype,6
0,aten::copy_,"[[32,1],[32,1],[]]","[""int"",""int"",""Scalar""]",shape_and_dtype,6
0,aten::copy_,"[[33],[33],[]]","[""int"",""int"",""Scalar""]",shape_and_dtype,6
0,aten::copy_,"[[4],[4],[]]","[""int"",""int"",""Scalar""]",shape_and_dtype,6
0,aten::copy_,"[[64,1],[64,1],[]]","[""int"",""int"",""Scalar""]",shape_and_dtype,6
0,aten::copy_,"[[8],[8],[]]","[""int"",""int"",""Scalar""]",shape_and_dtype,6
0,aten::diff,"[[33],[],[],[],[]]","[""int"",""Scalar"",""Scalar"","""",""""]",shape_and_dtype,6
0,aten::diff,"[[65],[],[],[],[]]","[""int"",""Scalar"",""Scalar"","""",""""]",shape_and_dtype,6
0,aten::moveaxis,"[[32],[],[]]","[""int"",""Scalar"",""Scalar""]",shape_and_dtype,6
0,aten::moveaxis,"[[64],[],[]]","[""int"",""Scalar"",""Scalar""]",shape_and_dtype,6
0,aten::movedim,"[[32],[],[]]","[""int"",""ScalarList"",""ScalarList""]",shape_and_dtype,6
0,aten::movedim,"[[64],[],[]]","[""int"",""ScalarList"",""ScalarList""]",shape_and_dtype,6
0,aten::permute,"[[2],[]]","[""int"",""ScalarList""]",shape_and_dtype,6
0,aten::permute,"[[32],[]]","[""int"",""ScalarList""]",shape_and_dtype,6
0,aten::permute,"[[33],[]]","[""int"",""ScalarList""]",shape_and_dtype,6
0,aten::permute,"[[64],[]]","[""int"",""ScalarList""]",shape_and_dtype,6
0,aten::permute,"[[65],[]]","[""int"",""ScalarList""]",shape_and_dtype,6
0,aten::select,"[[32,1],[],[]]","[""int"",""Scalar"",""Scalar""]",shape_and_dtype,6
0,aten::select,"[[33],[],[]]","[""int"",""Scalar"",""Scalar""]",shape_and_dtype,6
0,aten::select,"[[64,1],[],[]]","[""int"",""Scalar"",""Scalar""]",shape_and_dtype,6
0,aten::select,"[[65],[],[]]","[""int"",""Scalar"",""Scalar""]",shape_and_dtype,6
0,aten::slice,"[[32,1],[],[],[],[]]","[""int"",""Scalar"",""Scalar"",""Scalar"",""Scalar""]",shape_and_dtype,6
0,aten::sub,"[[16],[16],[]]","[""int"",""int"",""Scalar""]",shape_and_dtype,6
0,aten::sub,"[[1],[1],[]]","[""int"",""int"",""Scalar""]",shape_and_dtype,6
0,aten::sub,"[[2],[2],[]]","[""int"",""int"",""Scalar""]",shape_and_dtype,6
0,aten::sub,"[[32],[],[]]","[""int"",""long int"",""Scalar""]",shape_and_dtype,6
0,aten::sub,"[[4],[4],[]]","[""int"",""int"",""Scalar""]",shape_and_dtype,6
0,aten::sub,"[[64],[],[]]","[""int"",""long int"",""Scalar""]",shape_and_dtype,6
0,aten::sub,"[[8],[8],[]]","[""int"",""int"",""Scalar""]",shape_and_dtype,6
0,aten::to,"[[32],[],[],[],[],[],[],[]]","[""int"",""Scalar"",""Scalar"","""","""",""Scalar"",""Scalar"",""""]",shape_and_dtype,6
0,aten::to,"[[64],[],[],[],[],[],[],[]]","[""int"",""Scalar"",""Scalar"","""","""",""Scalar"",""Scalar"",""""]",shape_and_dtype,6
0,aten::_to_copy,"[[32],[],[],[],[],[],[]]","[""long int"",""Scalar"",""Scalar"","""","""",""Scalar"",""""]",shape_and_dtype,4
0,aten::_to_copy,"[[64],[],[],[],[],[],[]]","[""long int"",""Scalar"",""Scalar"","""","""",""Scalar"",""""]",shape_and_dtype,4
0,aten::as_strided,"[[32,2048],[],[],[]]","[""c10::BFloat16"",""ScalarList"",""ScalarList"",""""]",shape_and_dtype,4
0,aten::as_strided,"[[64,2048],[],[],[]]","[""c10::BFloat16"",""ScalarList"",""ScalarList"",""""]",shape_and_dtype,4
0,aten::copy_,"[[32],[32],[]]","[""long int"",""long int"",""Scalar""]",shape_and_dtype,4
0,aten::copy_,"[[64],[64],[]]","[""long int"",""long int"",""Scalar""]",shape_and_dtype,4
0,aten::empty,"[[],[],[],[],[],[]]","[""ScalarList"",""Scalar"","""","""","""",""""]",shape_and_dtype,4
0,aten::fill_,"[[32],[]]","[""int"",""Scalar""]",shape_and_dtype,4
0,aten::index,"[[32,2048],[]]","[""c10::BFloat16"",""""]",shape_and_dtype,4
0,aten::index,"[[64,2048],[]]","[""c10::BFloat16"",""""]",shape_and_dtype,4
0,aten::lift_fresh,[[32]],"[""long int""]",shape_and_dtype,4
0,aten::lift_fresh,[[64]],"[""long int""]",shape_and_dtype,4
0,aten::reshape,"[[32],[]]","[""long int"",""ScalarList""]",shape_and_dtype,4
0,aten::reshape,"[[64],[]]","[""long int"",""ScalarList""]",shape_and_dtype,4
0,aten::to,"[[32],[],[],[],[],[],[],[]]","[""long int"",""Scalar"",""Scalar"","""","""",""Scalar"",""Scalar"",""""]",shape_and_dtype,4
0,aten::to,"[[64],[],[],[],[],[],[],[]]","[""long int"",""Scalar"",""Scalar"","""","""",""Scalar"",""Scalar"",""""]",shape_and_dtype,4
0,aten::view,"[[32],[]]","[""long int"",""ScalarList""]",shape_and_dtype,4
0,aten::view,"[[64],[]]","[""long int"",""ScalarList""]",shape_and_dtype,4
0,triton_poi_fused_2,"[[32,32],[32,16],[32,16],[],[]]","[""c10::BFloat16"",""c10::BFloat16"",""c10::BFloat16"",""Scalar"",""Scalar""]",shape_and_dtype,4
0,triton_poi_fused_2,"[[64,32],[64,16],[64,16],[],[]]","[""c10::BFloat16"",""c10::BFloat16"",""c10::BFloat16"",""Scalar"",""Scalar""]",shape_and_dtype,4
0,triton_poi_fused_mul_sigmoid_view_0,"[[32,8,256],[32,2048],[32,2048],[]]","[""c10::BFloat16"",""c10::BFloat16"",""c10::BFloat16"",""Scalar""]",shape_and_dtype,4
0,triton_poi_fused_mul_sigmoid_view_0,"[[64,8,256],[64,2048],[64,2048],[]]","[""c10::BFloat16"",""c10::BFloat16"",""c10::BFloat16"",""Scalar""]",shape_and_dtype,4
0,triton_red_fused_1,"[[32,2048],[2048],[32,2048],[],[]]","[""c10::BFloat16"",""c10::BFloat16"",""c10::BFloat16"",""Scalar"",""Scalar""]",shape_and_dtype,4
0,triton_red_fused_1,"[[64,2048],[2048],[64,2048],[],[]]","[""c10::BFloat16"",""c10::BFloat16"",""c10::BFloat16"",""Scalar"",""Scalar""]",shape_and_dtype,4
0,aten::_to_copy,"[[16],[],[],[],[],[],[]]","[""int"",""Scalar"",""Scalar"","""","""",""Scalar"",""""]",shape_and_dtype,3
0,aten::_to_copy,"[[1],[],[],[],[],[],[]]","[""int"",""Scalar"",""Scalar"","""","""",""Scalar"",""""]",shape_and_dtype,3
0,aten::_to_copy,"[[2],[],[],[],[],[],[]]","[""int"",""Scalar"",""Scalar"","""","""",""Scalar"",""""]",shape_and_dtype,3
0,aten::_to_copy,"[[4],[],[],[],[],[],[]]","[""int"",""Scalar"",""Scalar"","""","""",""Scalar"",""""]",shape_and_dtype,3
0,aten::_to_copy,"[[8],[],[],[],[],[],[]]","[""int"",""Scalar"",""Scalar"","""","""",""Scalar"",""""]",shape_and_dtype,3
0,aten::as_strided,"[[16],[],[],[]]","[""int"",""ScalarList"",""ScalarList"",""""]",shape_and_dtype,3
0,aten::as_strided,"[[17],[],[],[]]","[""int"",""ScalarList"",""ScalarList"",""""]",shape_and_dtype,3
0,aten::as_strided,"[[1],[],[],[]]","[""int"",""ScalarList"",""ScalarList"",""""]",shape_and_dtype,3
0,aten::as_strided,"[[3],[],[],[]]","[""int"",""ScalarList"",""ScalarList"",""""]",shape_and_dtype,3
0,aten::as_strided,"[[4],[],[],[]]","[""int"",""ScalarList"",""ScalarList"",""""]",shape_and_dtype,3
0,aten::as_strided,"[[5],[],[],[]]","[""int"",""ScalarList"",""ScalarList"",""""]",shape_and_dtype,3
0,aten::as_strided,"[[8],[],[],[]]","[""int"",""ScalarList"",""ScalarList"",""""]",shape_and_dtype,3
0,aten::as_strided,"[[9],[],[],[]]","[""int"",""ScalarList"",""ScalarList"",""""]",shape_and_dtype,3
0,aten::copy_,"[[1,1],[1,1],[]]","[""int"",""int"",""Scalar""]",shape_and_dtype,3
0,aten::copy_,"[[16,1],[16,1],[]]","[""int"",""int"",""Scalar""]",shape_and_dtype,3
0,aten::copy_,"[[17],[17],[]]","[""int"",""int"",""Scalar""]",shape_and_dtype,3
0,aten::copy_,"[[2,1],[2,1],[]]","[""int"",""int"",""Scalar""]",shape_and_dtype,3
0,aten::copy_,"[[3],[3],[]]","[""int"",""int"",""Scalar""]",shape_and_dtype,3
0,aten::copy_,"[[4,1],[4,1],[]]","[""int"",""int"",""Scalar""]",shape_and_dtype,3
0,aten::copy_,"[[5],[5],[]]","[""int"",""int"",""Scalar""]",shape_and_dtype,3
0,aten::copy_,"[[8,1],[8,1],[]]","[""int"",""int"",""Scalar""]",shape_and_dtype,3
0,aten::copy_,"[[9],[9],[]]","[""int"",""int"",""Scalar""]",shape_and_dtype,3
0,aten::diff,"[[17],[],[],[],[]]","[""int"",""Scalar"",""Scalar"","""",""""]",shape_and_dtype,3
0,aten::diff,"[[2],[],[],[],[]]","[""int"",""Scalar"",""Scalar"","""",""""]",shape_and_dtype,3
0,aten::diff,"[[3],[],[],[],[]]","[""int"",""Scalar"",""Scalar"","""",""""]",shape_and_dtype,3
0,aten::diff,"[[5],[],[],[],[]]","[""int"",""Scalar"",""Scalar"","""",""""]",shape_and_dtype,3
0,aten::diff,"[[9],[],[],[],[]]","[""int"",""Scalar"",""Scalar"","""",""""]",shape_and_dtype,3
0,aten::moveaxis,"[[16],[],[]]","[""int"",""Scalar"",""Scalar""]",shape_and_dtype,3
0,aten::moveaxis,"[[1],[],[]]","[""int"",""Scalar"",""Scalar""]",shape_and_dtype,3
0,aten::moveaxis,"[[2],[],[]]","[""int"",""Scalar"",""Scalar""]",shape_and_dtype,3
0,aten::moveaxis,"[[4],[],[]]","[""int"",""Scalar"",""Scalar""]",shape_and_dtype,3
0,aten::moveaxis,"[[8],[],[]]","[""int"",""Scalar"",""Scalar""]",shape_and_dtype,3
0,aten::movedim,"[[16],[],[]]","[""int"",""ScalarList"",""ScalarList""]",shape_and_dtype,3
0,aten::movedim,"[[1],[],[]]","[""int"",""ScalarList"",""ScalarList""]",shape_and_dtype,3
0,aten::movedim,"[[2],[],[]]","[""int"",""ScalarList"",""ScalarList""]",shape_and_dtype,3
0,aten::movedim,"[[4],[],[]]","[""int"",""ScalarList"",""ScalarList""]",shape_and_dtype,3
0,aten::movedim,"[[8],[],[]]","[""int"",""ScalarList"",""ScalarList""]",shape_and_dtype,3
0,aten::permute,"[[16],[]]","[""int"",""ScalarList""]",shape_and_dtype,3
0,aten::permute,"[[17],[]]","[""int"",""ScalarList""]",shape_and_dtype,3
0,aten::permute,"[[1],[]]","[""int"",""ScalarList""]",shape_and_dtype,3
0,aten::permute,"[[3],[]]","[""int"",""ScalarList""]",shape_and_dtype,3
0,aten::permute,"[[4],[]]","[""int"",""ScalarList""]",shape_and_dtype,3
0,aten::permute,"[[5],[]]","[""int"",""ScalarList""]",shape_and_dtype,3
0,aten::permute,"[[8],[]]","[""int"",""ScalarList""]",shape_and_dtype,3
0,aten::permute,"[[9],[]]","[""int"",""ScalarList""]",shape_and_dtype,3
0,aten::select,"[[1,1],[],[]]","[""int"",""Scalar"",""Scalar""]",shape_and_dtype,3
0,aten::select,"[[16,1],[],[]]","[""int"",""Scalar"",""Scalar""]",shape_and_dtype,3
0,aten::select,"[[17],[],[]]","[""int"",""Scalar"",""Scalar""]",shape_and_dtype,3
0,aten::select,"[[2,1],[],[]]","[""int"",""Scalar"",""Scalar""]",shape_and_dtype,3
0,aten::select,"[[2],[],[]]","[""int"",""Scalar"",""Scalar""]",shape_and_dtype,3
0,aten::select,"[[3],[],[]]","[""int"",""Scalar"",""Scalar""]",shape_and_dtype,3
0,aten::select,"[[4,1],[],[]]","[""int"",""Scalar"",""Scalar""]",shape_and_dtype,3
0,aten::select,"[[5],[],[]]","[""int"",""Scalar"",""Scalar""]",shape_and_dtype,3
0,aten::select,"[[8,1],[],[]]","[""int"",""Scalar"",""Scalar""]",shape_and_dtype,3
0,aten::select,"[[9],[],[]]","[""int"",""Scalar"",""Scalar""]",shape_and_dtype,3
0,aten::slice,"[[1,1],[],[],[],[]]","[""int"",""Scalar"",""Scalar"",""Scalar"",""Scalar""]",shape_and_dtype,3
0,aten::slice,"[[16,1],[],[],[],[]]","[""int"",""Scalar"",""Scalar"",""Scalar"",""Scalar""]",shape_and_dtype,3
0,aten::slice,"[[2,1],[],[],[],[]]","[""int"",""Scalar"",""Scalar"",""Scalar"",""Scalar""]",shape_and_dtype,3
0,aten::slice,"[[4,1],[],[],[],[]]","[""int"",""Scalar"",""Scalar"",""Scalar"",""Scalar""]",shape_and_dtype,3
0,aten::slice,"[[8,1],[],[],[],[]]","[""int"",""Scalar"",""Scalar"",""Scalar"",""Scalar""]",shape_and_dtype,3
0,aten::sub,"[[16],[],[]]","[""int"",""long int"",""Scalar""]",shape_and_dtype,3
0,aten::sub,"[[1],[],[]]","[""int"",""long int"",""Scalar""]",shape_and_dtype,3
0,aten::sub,"[[2],[],[]]","[""int"",""long int"",""Scalar""]",shape_and_dtype,3
0,aten::sub,"[[4],[],[]]","[""int"",""long int"",""Scalar""]",shape_and_dtype,3
0,aten::sub,"[[8],[],[]]","[""int"",""long int"",""Scalar""]",shape_and_dtype,3
0,aten::to,"[[16],[],[],[],[],[],[],[]]","[""int"",""Scalar"",""Scalar"","""","""",""Scalar"",""Scalar"",""""]",shape_and_dtype,3
0,aten::to,"[[1],[],[],[],[],[],[],[]]","[""int"",""Scalar"",""Scalar"","""","""",""Scalar"",""Scalar"",""""]",shape_and_dtype,3
0,aten::to,"[[2],[],[],[],[],[],[],[]]","[""int"",""Scalar"",""Scalar"","""","""",""Scalar"",""Scalar"",""""]",shape_and_dtype,3
0,aten::to,"[[4],[],[],[],[],[],[],[]]","[""int"",""Scalar"",""Scalar"","""","""",""Scalar"",""Scalar"",""""]",shape_and_dtype,3
0,aten::to,"[[8],[],[],[],[],[],[],[]]","[""int"",""Scalar"",""Scalar"","""","""",""Scalar"",""Scalar"",""""]",shape_and_dtype,3
0,aten::_to_copy,"[[16],[],[],[],[],[],[]]","[""long int"",""Scalar"",""Scalar"","""","""",""Scalar"",""""]",shape_and_dtype,2
0,aten::_to_copy,"[[1],[],[],[],[],[],[]]","[""long int"",""Scalar"",""Scalar"","""","""",""Scalar"",""""]",shape_and_dtype,2
0,aten::_to_copy,"[[2],[],[],[],[],[],[]]","[""long int"",""Scalar"",""Scalar"","""","""",""Scalar"",""""]",shape_and_dtype,2
0,aten::_to_copy,"[[4],[],[],[],[],[],[]]","[""long int"",""Scalar"",""Scalar"","""","""",""Scalar"",""""]",shape_and_dtype,2
0,aten::_to_copy,"[[8],[],[],[],[],[],[]]","[""long int"",""Scalar"",""Scalar"","""","""",""Scalar"",""""]",shape_and_dtype,2
0,aten::as_strided,"[[1,2048],[],[],[]]","[""c10::BFloat16"",""ScalarList"",""ScalarList"",""""]",shape_and_dtype,2
0,aten::as_strided,"[[16,2048],[],[],[]]","[""c10::BFloat16"",""ScalarList"",""ScalarList"",""""]",shape_and_dtype,2
0,aten::as_strided,"[[2,2048],[],[],[]]","[""c10::BFloat16"",""ScalarList"",""ScalarList"",""""]",shape_and_dtype,2
0,aten::as_strided,"[[32,32],[],[],[]]","[""int"",""ScalarList"",""ScalarList"",""Scalar""]",shape_and_dtype,2
0,aten::as_strided,"[[32],[],[],[]]","[""bool"",""ScalarList"",""ScalarList"",""Scalar""]",shape_and_dtype,2
0,aten::as_strided,"[[4,2048],[],[],[]]","[""c10::BFloat16"",""ScalarList"",""ScalarList"",""""]",shape_and_dtype,2
0,aten::as_strided,"[[64],[],[],[]]","[""bool"",""ScalarList"",""ScalarList"",""Scalar""]",shape_and_dtype,2
0,aten::as_strided,"[[8,2048],[],[],[]]","[""c10::BFloat16"",""ScalarList"",""ScalarList"",""""]",shape_and_dtype,2
0,aten::copy_,"[[16],[16],[]]","[""long int"",""long int"",""Scalar""]",shape_and_dtype,2
0,aten::copy_,"[[1],[1],[]]","[""long int"",""long int"",""Scalar""]",shape_and_dtype,2
0,aten::copy_,"[[2],[2],[]]","[""long int"",""long int"",""Scalar""]",shape_and_dtype,2
0,aten::copy_,"[[32,32],[32,32],[]]","[""int"",""int"",""Scalar""]",shape_and_dtype,2
0,aten::copy_,"[[32],[],[]]","[""int"",""int"",""Scalar""]",shape_and_dtype,2
0,aten::copy_,"[[4],[4],[]]","[""long int"",""long int"",""Scalar""]",shape_and_dtype,2
0,aten::copy_,"[[64,32],[64,32],[]]","[""int"",""int"",""Scalar""]",shape_and_dtype,2
0,aten::copy_,"[[64],[],[]]","[""int"",""int"",""Scalar""]",shape_and_dtype,2
0,aten::copy_,"[[8],[8],[]]","[""long int"",""long int"",""Scalar""]",shape_and_dtype,2
0,aten::fill_,"[[32],[]]","[""int"",""int""]",shape_and_dtype,2
0,aten::fill_,"[[64],[]]","[""int"",""Scalar""]",shape_and_dtype,2
0,aten::fill_,"[[64],[]]","[""int"",""int""]",shape_and_dtype,2
0,aten::index,"[[1,2048],[]]","[""c10::BFloat16"",""""]",shape_and_dtype,2
0,aten::index,"[[16,2048],[]]","[""c10::BFloat16"",""""]",shape_and_dtype,2
0,aten::index,"[[2,2048],[]]","[""c10::BFloat16"",""""]",shape_and_dtype,2
0,aten::index,"[[4,2048],[]]","[""c10::BFloat16"",""""]",shape_and_dtype,2
0,aten::index,"[[8,2048],[]]","[""c10::BFloat16"",""""]",shape_and_dtype,2
0,aten::lift_fresh,[[16]],"[""long int""]",shape_and_dtype,2
0,aten::lift_fresh,[[1]],"[""long int""]",shape_and_dtype,2
0,aten::lift_fresh,[[2]],"[""long int""]",shape_and_dtype,2
0,aten::lift_fresh,[[4]],"[""long int""]",shape_and_dtype,2
0,aten::lift_fresh,[[8]],"[""long int""]",shape_and_dtype,2
0,aten::lt,"[[32],[32]]","[""int"",""int""]",shape_and_dtype,2
0,aten::lt,"[[64],[64]]","[""int"",""int""]",shape_and_dtype,2
0,aten::reshape,"[[16],[]]","[""long int"",""ScalarList""]",shape_and_dtype,2
0,aten::reshape,"[[1],[]]","[""long int"",""ScalarList""]",shape_and_dtype,2
0,aten::reshape,"[[2],[]]","[""long int"",""ScalarList""]",shape_and_dtype,2
0,aten::reshape,"[[4],[]]","[""long int"",""ScalarList""]",shape_and_dtype,2
0,aten::reshape,"[[8],[]]","[""long int"",""ScalarList""]",shape_and_dtype,2
0,aten::slice,"[[32,32],[],[],[],[]]","[""int"",""Scalar"",""Scalar"",""Scalar"",""Scalar""]",shape_and_dtype,2
0,aten::slice,"[[32],[],[],[],[]]","[""bool"",""Scalar"",""Scalar"",""Scalar"",""Scalar""]",shape_and_dtype,2
0,aten::slice,"[[64],[],[],[],[]]","[""bool"",""Scalar"",""Scalar"",""Scalar"",""Scalar""]",shape_and_dtype,2
0,aten::to,"[[16],[],[],[],[],[],[],[]]","[""long int"",""Scalar"",""Scalar"","""","""",""Scalar"",""Scalar"",""""]",shape_and_dtype,2
0,aten::to,"[[1],[],[],[],[],[],[],[]]","[""long int"",""Scalar"",""Scalar"","""","""",""Scalar"",""Scalar"",""""]",shape_and_dtype,2
0,aten::to,"[[2],[],[],[],[],[],[],[]]","[""long int"",""Scalar"",""Scalar"","""","""",""Scalar"",""Scalar"",""""]",shape_and_dtype,2
0,aten::to,"[[4],[],[],[],[],[],[],[]]","[""long int"",""Scalar"",""Scalar"","""","""",""Scalar"",""Scalar"",""""]",shape_and_dtype,2
0,aten::to,"[[8],[],[],[],[],[],[],[]]","[""long int"",""Scalar"",""Scalar"","""","""",""Scalar"",""Scalar"",""""]",shape_and_dtype,2
0,aten::view,"[[16],[]]","[""long int"",""ScalarList""]",shape_and_dtype,2
0,aten::view,"[[1],[]]","[""long int"",""ScalarList""]",shape_and_dtype,2
0,aten::view,"[[2],[]]","[""long int"",""ScalarList""]",shape_and_dtype,2
0,aten::view,"[[4],[]]","[""long int"",""ScalarList""]",shape_and_dtype,2
0,aten::view,"[[8],[]]","[""long int"",""ScalarList""]",shape_and_dtype,2
0,triton_poi_fused_2,"[[1,32],[1,16],[1,16],[],[]]","[""c10::BFloat16"",""c10::BFloat16"",""c10::BFloat16"",""Scalar"",""Scalar""]",shape_and_dtype,2
0,triton_poi_fused_2,"[[16,32],[16,16],[16,16],[],[]]","[""c10::BFloat16"",""c10::BFloat16"",""c10::BFloat16"",""Scalar"",""Scalar""]",shape_and_dtype,2
0,triton_poi_fused_2,"[[2,32],[2,16],[2,16],[],[]]","[""c10::BFloat16"",""c10::BFloat16"",""c10::BFloat16"",""Scalar"",""Scalar""]",shape_and_dtype,2
0,triton_poi_fused_2,"[[4,32],[4,16],[4,16],[],[]]","[""c10::BFloat16"",""c10::BFloat16"",""c10::BFloat16"",""Scalar"",""Scalar""]",shape_and_dtype,2
0,triton_poi_fused_2,"[[8,32],[8,16],[8,16],[],[]]","[""c10::BFloat16"",""c10::BFloat16"",""c10::BFloat16"",""Scalar"",""Scalar""]",shape_and_dtype,2
0,triton_poi_fused_mul_sigmoid_view_0,"[[1,8,256],[1,2048],[1,2048],[]]","[""c10::BFloat16"",""c10::BFloat16"",""c10::BFloat16"",""Scalar""]",shape_and_dtype,2
0,triton_poi_fused_mul_sigmoid_view_0,"[[16,8,256],[16,2048],[16,2048],[]]","[""c10::BFloat16"",""c10::BFloat16"",""c10::BFloat16"",""Scalar""]",shape_and_dtype,2
0,triton_poi_fused_mul_sigmoid_view_0,"[[2,8,256],[2,2048],[2,2048],[]]","[""c10::BFloat16"",""c10::BFloat16"",""c10::BFloat16"",""Scalar""]",shape_and_dtype,2
0,triton_poi_fused_mul_sigmoid_view_0,"[[4,8,256],[4,2048],[4,2048],[]]","[""c10::BFloat16"",""c10::BFloat16"",""c10::BFloat16"",""Scalar""]",shape_and_dtype,2
0,triton_poi_fused_mul_sigmoid_view_0,"[[8,8,256],[8,2048],[8,2048],[]]","[""c10::BFloat16"",""c10::BFloat16"",""c10::BFloat16"",""Scalar""]",shape_and_dtype,2
0,triton_red_fused_1,"[[1,2048],[2048],[1,2048],[],[]]","[""c10::BFloat16"",""c10::BFloat16"",""c10::BFloat16"",""Scalar"",""Scalar""]",shape_and_dtype,2
0,triton_red_fused_1,"[[16,2048],[2048],[16,2048],[],[]]","[""c10::BFloat16"",""c10::BFloat16"",""c10::BFloat16"",""Scalar"",""Scalar""]",shape_and_dtype,2
0,triton_red_fused_1,"[[2,2048],[2048],[2,2048],[],[]]","[""c10::BFloat16"",""c10::BFloat16"",""c10::BFloat16"",""Scalar"",""Scalar""]",shape_and_dtype,2
0,triton_red_fused_1,"[[4,2048],[2048],[4,2048],[],[]]","[""c10::BFloat16"",""c10::BFloat16"",""c10::BFloat16"",""Scalar"",""Scalar""]",shape_and_dtype,2
0,triton_red_fused_1,"[[8,2048],[2048],[8,2048],[],[]]","[""c10::BFloat16"",""c10::BFloat16"",""c10::BFloat16"",""Scalar"",""Scalar""]",shape_and_dtype,2
0,aten::as_strided,"[[1,32],[],[],[]]","[""int"",""ScalarList"",""ScalarList"",""Scalar""]",shape_and_dtype,1
0,aten::as_strided,"[[16,32],[],[],[]]","[""int"",""ScalarList"",""ScalarList"",""Scalar""]",shape_and_dtype,1
0,aten::as_strided,"[[16],[],[],[]]","[""bool"",""ScalarList"",""ScalarList"",""Scalar""]",shape_and_dtype,1
0,aten::as_strided,"[[1],[],[],[]]","[""bool"",""ScalarList"",""ScalarList"",""Scalar""]",shape_and_dtype,1
0,aten::as_strided,"[[2,32],[],[],[]]","[""int"",""ScalarList"",""ScalarList"",""Scalar""]",shape_and_dtype,1
0,aten::as_strided,"[[2],[],[],[]]","[""bool"",""ScalarList"",""ScalarList"",""Scalar""]",shape_and_dtype,1
0,aten::as_strided,"[[4,32],[],[],[]]","[""int"",""ScalarList"",""ScalarList"",""Scalar""]",shape_and_dtype,1
0,aten::as_strided,"[[4],[],[],[]]","[""bool"",""ScalarList"",""ScalarList"",""Scalar""]",shape_and_dtype,1
0,aten::as_strided,"[[8,32],[],[],[]]","[""int"",""ScalarList"",""ScalarList"",""Scalar""]",shape_and_dtype,1
0,aten::as_strided,"[[8],[],[],[]]","[""bool"",""ScalarList"",""ScalarList"",""Scalar""]",shape_and_dtype,1
0,aten::copy_,"[[1,32],[1,32],[]]","[""int"",""int"",""Scalar""]",shape_and_dtype,1
0,aten::copy_,"[[16,32],[16,32],[]]","[""int"",""int"",""Scalar""]",shape_and_dtype,1
0,aten::copy_,"[[16],[],[]]","[""int"",""int"",""Scalar""]",shape_and_dtype,1
0,aten::copy_,"[[1],[],[]]","[""int"",""int"",""Scalar""]",shape_and_dtype,1
0,aten::copy_,"[[2,32],[2,32],[]]","[""int"",""int"",""Scalar""]",shape_and_dtype,1
0,aten::copy_,"[[2],[],[]]","[""int"",""int"",""Scalar""]",shape_and_dtype,1
0,aten::copy_,"[[4,32],[4,32],[]]","[""int"",""int"",""Scalar""]",shape_and_dtype,1
0,aten::copy_,"[[4],[],[]]","[""int"",""int"",""Scalar""]",shape_and_dtype,1
0,aten::copy_,"[[8,32],[8,32],[]]","[""int"",""int"",""Scalar""]",shape_and_dtype,1
0,aten::copy_,"[[8],[],[]]","[""int"",""int"",""Scalar""]",shape_and_dtype,1
0,aten::fill_,"[[16],[]]","[""int"",""Scalar""]",shape_and_dtype,1
0,aten::fill_,"[[16],[]]","[""int"",""int""]",shape_and_dtype,1
0,aten::fill_,"[[1],[]]","[""int"",""int""]",shape_and_dtype,1
0,aten::fill_,"[[2],[]]","[""int"",""Scalar""]",shape_and_dtype,1
0,aten::fill_,"[[2],[]]","[""int"",""int""]",shape_and_dtype,1
0,aten::fill_,"[[48],[]]","[""int"",""Scalar""]",shape_and_dtype,1
0,aten::fill_,"[[4],[]]","[""int"",""Scalar""]",shape_and_dtype,1
0,aten::fill_,"[[4],[]]","[""int"",""int""]",shape_and_dtype,1
0,aten::fill_,"[[56],[]]","[""int"",""Scalar""]",shape_and_dtype,1
0,aten::fill_,"[[60],[]]","[""int"",""Scalar""]",shape_and_dtype,1
0,aten::fill_,"[[62],[]]","[""int"",""Scalar""]",shape_and_dtype,1
0,aten::fill_,"[[63],[]]","[""int"",""Scalar""]",shape_and_dtype,1
0,aten::fill_,"[[8],[]]","[""int"",""Scalar""]",shape_and_dtype,1
0,aten::fill_,"[[8],[]]","[""int"",""int""]",shape_and_dtype,1
0,aten::lt,"[[16],[16]]","[""int"",""int""]",shape_and_dtype,1
0,aten::lt,"[[1],[1]]","[""int"",""int""]",shape_and_dtype,1
0,aten::lt,"[[2],[2]]","[""int"",""int""]",shape_and_dtype,1
0,aten::lt,"[[4],[4]]","[""int"",""int""]",shape_and_dtype,1
0,aten::lt,"[[8],[8]]","[""int"",""int""]",shape_and_dtype,1
0,aten::slice,"[[1,32],[],[],[],[]]","[""int"",""Scalar"",""Scalar"",""Scalar"",""Scalar""]",shape_and_dtype,1
0,aten::slice,"[[16,32],[],[],[],[]]","[""int"",""Scalar"",""Scalar"",""Scalar"",""Scalar""]",shape_and_dtype,1
0,aten::slice,"[[16],[],[],[],[]]","[""bool"",""Scalar"",""Scalar"",""Scalar"",""Scalar""]",shape_and_dtype,1
0,aten::slice,"[[1],[],[],[],[]]","[""bool"",""Scalar"",""Scalar"",""Scalar"",""Scalar""]",shape_and_dtype,1
0,aten::slice,"[[2,32],[],[],[],[]]","[""int"",""Scalar"",""Scalar"",""Scalar"",""Scalar""]",shape_and_dtype,1
0,aten::slice,"[[2],[],[],[],[]]","[""bool"",""Scalar"",""Scalar"",""Scalar"",""Scalar""]",shape_and_dtype,1
0,aten::slice,"[[4,32],[],[],[],[]]","[""int"",""Scalar"",""Scalar"",""Scalar"",""Scalar""]",shape_and_dtype,1
0,aten::slice,"[[4],[],[],[],[]]","[""bool"",""Scalar"",""Scalar"",""Scalar"",""Scalar""]",shape_and_dtype,1
0,aten::slice,"[[8,32],[],[],[],[]]","[""int"",""Scalar"",""Scalar"",""Scalar"",""Scalar""]",shape_and_dtype,1
0,aten::slice,"[[8],[],[],[],[]]","[""bool"",""Scalar"",""Scalar"",""Scalar"",""Scalar""]",shape_and_dtype,1
