operator,input_shapes,input_dtypes,call_count
aten::empty,"[[],[],[],[],[],[]]","[""ScalarList"",""Scalar"","""","""",""Scalar"",""""]",34743
aten::empty_strided,"[[],[],[],[],[],[]]","[""ScalarList"",""ScalarList"",""Scalar"",""Scalar"","""",""Scalar""]",30181
aten::as_strided,"[[64],[],[],[]]","[""int"",""ScalarList"",""ScalarList"",""Scalar""]",25344
aten::slice,"[[64],[],[],[],[]]","[""int"",""Scalar"",""Scalar"",""Scalar"",""Scalar""]",25146
aten::as_strided,"[[65],[],[],[]]","[""int"",""ScalarList"",""ScalarList"",""Scalar""]",23504
aten::slice,"[[65],[],[],[],[]]","[""int"",""Scalar"",""Scalar"",""Scalar"",""Scalar""]",20480
aten::as_strided,"[[64,1],[],[],[]]","[""int"",""ScalarList"",""ScalarList"",""Scalar""]",16552
aten::as_strided,"[[8192],[],[],[]]","[""long int"",""ScalarList"",""ScalarList"",""Scalar""]",13834
aten::slice,"[[8192],[],[],[],[]]","[""long int"",""Scalar"",""Scalar"",""Scalar"",""Scalar""]",13834
aten::view,"[[8192,2048],[]]","[""c10::BFloat16"",""ScalarList""]",13671
aten::slice,"[[64,1],[],[],[],[]]","[""int"",""Scalar"",""Scalar"",""Scalar"",""Scalar""]",12537
aten::empty_like,"[[64],[],[],[],[],[]]","[""int"",""Scalar"","""","""",""Scalar"",""""]",8033
aten::copy_,"[[64],[64],[]]","[""int"",""int"",""Scalar""]",6984
aten::empty,"[[],[],[],[],[],[]]","[""ScalarList"",""Scalar"",""Scalar"","""","""",""Scalar""]",6058
aten::sub,"[[64],[64],[]]","[""int"",""int"",""Scalar""]",6054
aten::as_strided,"[[8192,16],[],[],[]]","[""c10::BFloat16"",""ScalarList"",""ScalarList"",""Scalar""]",5580
aten::slice,"[[8192,16],[],[],[],[]]","[""c10::BFloat16"",""Scalar"",""Scalar"",""Scalar"",""Scalar""]",5580
aten::fill_,"[[0],[]]","[""int"",""Scalar""]",5054
aten::empty_like,"[[8192,2048],[],[],[],[],[]]","[""c10::BFloat16"","""","""","""",""Scalar"",""""]",4991
aten::as_strided,"[[134217728],[],[],[]]","[""c10::BFloat16"",""ScalarList"",""ScalarList"",""Scalar""]",4960
aten::slice,"[[134217728],[],[],[],[]]","[""c10::BFloat16"",""Scalar"",""Scalar"",""Scalar"",""Scalar""]",4960
aten::view,"[[134217728],[]]","[""c10::BFloat16"",""ScalarList""]",4960
aten::as_strided,"[[8192,2048],[],[],[]]","[""c10::BFloat16"",""ScalarList"",""ScalarList"",""Scalar""]",4625
aten::slice,"[[8192,2048],[],[],[],[]]","[""c10::BFloat16"",""Scalar"",""Scalar"",""Scalar"",""Scalar""]",4625
aten::as_strided,"[[64,32],[],[],[]]","[""int"",""ScalarList"",""ScalarList"",""Scalar""]",4179
aten::slice,"[[64,32],[],[],[],[]]","[""int"",""Scalar"",""Scalar"",""Scalar"",""Scalar""]",4179
aten::fill_,"[[0],[]]","[""long int"",""Scalar""]",4116
aten::copy_,"[[65],[65],[]]","[""int"",""int"",""Scalar""]",4078
aten::as_strided,"[[33554432],[],[],[]]","[""c10::BFloat16"",""ScalarList"",""ScalarList"",""Scalar""]",4059
aten::slice,"[[33554432],[],[],[],[]]","[""c10::BFloat16"",""Scalar"",""Scalar"",""Scalar"",""Scalar""]",4059
aten::as_strided,"[[64],[],[],[]]","[""long int"",""ScalarList"",""ScalarList"",""Scalar""]",4028
aten::slice,"[[64],[],[],[],[]]","[""long int"",""Scalar"",""Scalar"",""Scalar"",""Scalar""]",4028
aten::select,"[[64,1],[],[]]","[""int"",""Scalar"",""Scalar""]",4015
aten::copy_,"[[64,1],[64,1],[]]","[""int"",""int"",""Scalar""]",3964
aten::copy_,"[[3,64],[3,64],[]]","[""long int"",""long int"",""Scalar""]",3960
aten::copy_,"[[8192,2048],[8192,2048],[]]","[""c10::BFloat16"",""c10::BFloat16"",""Scalar""]",3782
aten::zeros,"[[],[],[],[],[]]","[""ScalarList"",""Scalar"","""","""",""Scalar""]",3697
aten::_local_scalar_dense,[[]],"[""int""]",3459
aten::item,[[]],"[""int""]",3459
aten::as_strided,"[[3,8193],[],[],[]]","[""long int"",""ScalarList"",""ScalarList"",""Scalar""]",3266
aten::slice,"[[3,8193],[],[],[],[]]","[""long int"",""Scalar"",""Scalar"",""Scalar"",""Scalar""]",3266
aten::as_strided,"[[8192],[],[],[]]","[""int"",""ScalarList"",""ScalarList"",""Scalar""]",3219
aten::slice,"[[8192],[],[],[],[]]","[""int"",""Scalar"",""Scalar"",""Scalar"",""Scalar""]",3219
aten::as_strided,"[[64],[],[],[]]","[""bool"",""ScalarList"",""ScalarList"",""Scalar""]",3125
aten::slice,"[[64],[],[],[],[]]","[""bool"",""Scalar"",""Scalar"",""Scalar"",""Scalar""]",3125
aten::fill_,"[[0,1],[]]","[""int"",""Scalar""]",3087
aten::fill_,"[[0],[]]","[""int"",""int""]",3072
aten::select,"[[65],[],[]]","[""int"",""Scalar"",""Scalar""]",3024
aten::to,"[[64],[],[],[],[]]","[""long int"",""Scalar"",""Scalar"",""Scalar"",""""]",2972
aten::view,"[[64],[]]","[""long int"",""ScalarList""]",2972
aten::copy_,"[[64],[64],[]]","[""long int"",""long int"",""Scalar""]",2970
aten::promote_types,"[[],[]]","[""Scalar"",""Scalar""]",2880
aten::as_strided,"[[8192,4096],[],[],[]]","[""c10::BFloat16"",""ScalarList"",""ScalarList"",""Scalar""]",2790
aten::slice,"[[8192,4096],[],[],[],[]]","[""c10::BFloat16"",""Scalar"",""Scalar"",""Scalar"",""Scalar""]",2790
aten::as_strided,"[[2048,2048],[],[],[]]","[""c10::BFloat16"",""ScalarList"",""ScalarList"",""""]",2640
aten::as_strided,"[[536870912],[],[],[]]","[""unsigned char"",""ScalarList"",""ScalarList"",""Scalar""]",2640
aten::numpy_T,"[[2048,2048]]","[""c10::BFloat16""]",2640
aten::permute,"[[2048,2048],[]]","[""c10::BFloat16"",""ScalarList""]",2640
aten::slice,"[[536870912],[],[],[],[]]","[""unsigned char"",""Scalar"",""Scalar"",""Scalar"",""Scalar""]",2640
aten::view,"[[16777216],[]]","[""c10::BFloat16"",""ScalarList""]",2551
aten::flatten,"[[134217728],[],[]]","[""c10::BFloat16"",""Scalar"",""Scalar""]",2480
aten::reshape,"[[134217728],[]]","[""c10::BFloat16"",""ScalarList""]",2480
aten::view,"[[268435456],[]]","[""unsigned char"",""Scalar""]",2480
aten::view,"[[8192,256],[]]","[""c10::BFloat16"",""ScalarList""]",2480
aten::detach,[[64]],"[""int""]",2051
aten::resolve_conj,[[64]],"[""int""]",2051
aten::resolve_neg,[[64]],"[""int""]",2051
aten::to,"[[64],[],[],[],[],[],[],[]]","[""int"",""Scalar"",""Scalar"","""","""",""Scalar"",""Scalar"",""""]",2051
aten::_to_copy,"[[64],[],[],[],[],[],[]]","[""int"",""Scalar"","""","""","""",""Scalar"",""""]",1984
aten::copy_,"[[64],[64],[]]","[""long int"",""int"",""Scalar""]",1984
aten::to,"[[64],[],[],[],[]]","[""int"",""Scalar"",""Scalar"",""Scalar"",""""]",1984
aten::reshape,"[[64,2,124160],[]]","[""c10::BFloat16"",""ScalarList""]",1982
aten::reshape,"[[64],[]]","[""long int"",""ScalarList""]",1981
aten::as_strided,"[[2048,32],[],[],[]]","[""c10::BFloat16"",""ScalarList"",""ScalarList"",""""]",1980
aten::as_strided,"[[2048,6144],[],[],[]]","[""c10::BFloat16"",""ScalarList"",""ScalarList"",""""]",1980
aten::as_strided,"[[3659,16,128,128],[],[],[]]","[""float"",""ScalarList"",""ScalarList"",""""]",1980
aten::numpy_T,"[[2048,32]]","[""c10::BFloat16""]",1980
aten::numpy_T,"[[2048,6144]]","[""c10::BFloat16""]",1980
aten::permute,"[[2048,32],[]]","[""c10::BFloat16"",""ScalarList""]",1980
aten::permute,"[[2048,6144],[]]","[""c10::BFloat16"",""ScalarList""]",1980
aten::to,"[[4096,8192],[],[],[],[]]","[""c10::BFloat16"",""Scalar"",""Scalar"",""Scalar"",""""]",1860
aten::_to_copy,"[[3],[],[],[],[],[],[]]","[""int"",""Scalar"","""","""","""",""Scalar"",""""]",1843
aten::copy_,"[[3],[3],[]]","[""long int"",""int"",""Scalar""]",1843
aten::to,"[[3],[],[],[],[]]","[""int"",""Scalar"",""Scalar"",""Scalar"",""""]",1843
aten::view,"[[3],[]]","[""long int"",""ScalarList""]",1742
aten::reshape,"[[3],[]]","[""long int"",""ScalarList""]",1741
aten::to,"[[3,16,128,128],[],[],[],[]]","[""float"",""Scalar"",""Scalar"",""Scalar"",""""]",1740
aten::as_strided,"[[3659,2,1056,1,256],[],[],[]]","[""c10::BFloat16"",""ScalarList"",""ScalarList"",""Scalar""]",1320
aten::copy_,"[[16777216],[16777216],[]]","[""c10::BFloat16"",""c10::BFloat16"",""Scalar""]",1271
symm_mem::two_shot_all_reduce_,"[[16777216],[],[]]","[""c10::BFloat16"","""",""""]",1271
vllm::all_reduce,"[[8192,2048],[]]","[""c10::BFloat16"",""""]",1271
aten::as_strided,"[[8192,8],[],[],[]]","[""float"",""ScalarList"",""ScalarList"",""Scalar""]",1240
aten::as_strided,"[[8192,8],[],[],[]]","[""int"",""ScalarList"",""ScalarList"",""Scalar""]",1240
aten::empty_like,"[[8192,1],[],[],[],[],[]]","[""c10::BFloat16"",""Scalar"","""","""",""Scalar"",""""]",1240
aten::linear,"[[8192,2048],[1,2048],[]]","[""c10::BFloat16"",""c10::BFloat16"",""""]",1240
aten::linear,"[[8192,2048],[256,2048],[]]","[""c10::BFloat16"",""c10::BFloat16"",""""]",1240
aten::linear,"[[8192,2048],[512,2048],[]]","[""c10::BFloat16"",""c10::BFloat16"",""""]",1240
aten::linear,"[[8192,256],[2048,256],[]]","[""c10::BFloat16"",""c10::BFloat16"",""""]",1240
aten::mm,"[[8192,2048],[2048,2048],[8192,2048]]","[""c10::BFloat16"",""c10::BFloat16"",""c10::BFloat16""]",1240
aten::mul,"[[8192,1],[8192,2048]]","[""c10::BFloat16"",""c10::BFloat16""]",1240
aten::result_type,"[[8192,1],[8192,2048]]","[""c10::BFloat16"",""c10::BFloat16""]",1240
aten::sigmoid,"[[8192,1]]","[""c10::BFloat16""]",1240
aten::slice,"[[8192,8],[],[],[],[]]","[""float"",""Scalar"",""Scalar"",""Scalar"",""Scalar""]",1240
aten::slice,"[[8192,8],[],[],[],[]]","[""int"",""Scalar"",""Scalar"",""Scalar"",""Scalar""]",1240
aten::view,"[[33554432],[]]","[""c10::BFloat16"",""ScalarList""]",1240
aten::view,"[[65536,256],[]]","[""c10::BFloat16"",""ScalarList""]",1240
aten::view,"[[8192,1],[]]","[""c10::BFloat16"",""ScalarList""]",1240
aten::view,"[[8192,512],[]]","[""c10::BFloat16"",""ScalarList""]",1240
aten::zero_,"[[8192,1,2048]]","[""c10::BFloat16""]",1240
triton_poi_fused_mul_silu_slice_0,"[[8192,512],[8192,256],[],[],[]]","[""c10::BFloat16"",""c10::BFloat16"",""Scalar"",""Scalar"",""Scalar""]",1240
vllm::flashinfer_trtllm_fused_allreduce_norm,"[[8192,2048],[8192,2048],[2048],[],[],[],[],[],[],[],[],[],[],[]]","[""c10::BFloat16"",""c10::BFloat16"",""c10::BFloat16"",""Scalar"",""Scalar"",""Scalar"",""Scalar"",""Scalar"",""Scalar"","""","""","""","""",""Scalar""]",1240
vllm::moe_forward_shared,"[[8192,2048],[8192,2048],[8192,2048],[],[],[]]","[""c10::BFloat16"",""c10::BFloat16"",""c10::BFloat16"","""","""",""Scalar""]",1240
aten::empty,"[[],[],[],[],[],[]]","[""ScalarList"",""Scalar"",""Scalar"","""",""Scalar"",""""]",1190
aten::as_strided,"[[64],[],[],[]]","[""int"",""ScalarList"",""ScalarList"",""""]",1058
aten::index,"[[64],[]]","[""int"",""""]",1058
aten::fill_,"[[64],[]]","[""int"",""Scalar""]",1057
aten::flatten,"[[64,32768],[],[]]","[""int"",""Scalar"",""Scalar""]",1057
aten::lift_fresh,[[]],"[""bool""]",1057
aten::view,"[[64,32768],[]]","[""int"",""ScalarList""]",1057
aten::copy_,"[[0],[],[]]","[""bool"",""bool"",""Scalar""]",1029
aten::fill_,"[[0,32],[]]","[""int"",""Scalar""]",1029
aten::fill_,"[[0],[]]","[""bool"",""bool""]",1029
aten::lt,"[[64],[64]]","[""int"",""int""]",1008
aten::as_strided,"[[64,2048],[],[],[]]","[""c10::BFloat16"",""ScalarList"",""ScalarList"",""""]",1007
aten::as_strided,"[[64,2048],[],[],[]]","[""c10::BFloat16"",""ScalarList"",""ScalarList"",""Scalar""]",1007
aten::index,"[[64,2048],[]]","[""c10::BFloat16"",""""]",1007
aten::slice,"[[64,2048],[],[],[],[]]","[""c10::BFloat16"",""Scalar"",""Scalar"",""Scalar"",""Scalar""]",1007
aten::view,"[[64,124160],[]]","[""c10::BFloat16"",""ScalarList""]",992
aten::_to_copy,"[[64,1],[],[],[],[],[],[]]","[""int"",""Scalar"",""Scalar"","""","""",""Scalar"",""""]",991
aten::_to_copy,"[[64,248320],[],[],[],[],[],[]]","[""c10::BFloat16"",""Scalar"","""","""","""",""Scalar"",""""]",991
aten::_to_copy,"[[64],[],[],[],[],[],[]]","[""long int"",""Scalar"","""","""","""",""Scalar"",""""]",991
aten::_unsafe_view,"[[64,2,124160],[]]","[""c10::BFloat16"",""ScalarList""]",991
aten::add,"[[64],[64],[],[64]]","[""int"",""int"",""Scalar"",""int""]",991
aten::add,"[[64],[64],[]]","[""int"",""int"",""Scalar""]",991
aten::alias,"[[64,248320]]","[""c10::BFloat16""]",991
aten::argmax,"[[64,248320],[],[]]","[""float"",""Scalar"",""Scalar""]",991
aten::as_strided,"[[2,64,124160],[],[],[]]","[""c10::BFloat16"",""ScalarList"",""ScalarList"",""""]",991
aten::as_strided,"[[64,1],[],[],[]]","[""long int"",""ScalarList"",""ScalarList"",""""]",991
aten::as_strided,"[[64,248320],[],[],[]]","[""c10::BFloat16"",""ScalarList"",""ScalarList"",""Scalar""]",991
aten::clone,"[[64,2,124160],[]]","[""c10::BFloat16"",""Scalar""]",991
aten::copy_,"[[64,2,124160],[64,2,124160],[]]","[""c10::BFloat16"",""c10::BFloat16"",""Scalar""]",991
aten::copy_,"[[64,248320],[64,248320],[]]","[""float"",""c10::BFloat16"",""Scalar""]",991
aten::copy_,"[[64,32],[64,32],[]]","[""int"",""int"",""Scalar""]",991
aten::copy_,"[[64],[64],[]]","[""bool"",""bool"",""Scalar""]",991
aten::copy_,"[[64],[64],[]]","[""int"",""long int"",""Scalar""]",991
aten::empty_like,"[[64,2,124160],[],[],[],[],[]]","[""c10::BFloat16"",""Scalar"",""Scalar"","""","""",""Scalar""]",991
aten::lift_fresh,[[64]],"[""int""]",991
aten::linear,"[[64,2048],[124160,2048],[]]","[""c10::BFloat16"",""c10::BFloat16"",""""]",991
aten::movedim,"[[2,64,124160],[],[]]","[""c10::BFloat16"",""Scalar"",""Scalar""]",991
aten::movedim,"[[2,64,124160],[],[]]","[""c10::BFloat16"",""ScalarList"",""ScalarList""]",991
aten::permute,"[[2,64,124160],[]]","[""c10::BFloat16"",""ScalarList""]",991
aten::reshape,"[[128,124160],[]]","[""c10::BFloat16"",""ScalarList""]",991
aten::reshape,"[[64],[]]","[""int"",""ScalarList""]",991
aten::squeeze,"[[64,1],[]]","[""long int"",""Scalar""]",991
aten::sub,"[[64],[],[]]","[""int"",""long int"",""Scalar""]",991
aten::to,"[[64,1],[],[],[],[],[],[],[]]","[""int"",""Scalar"",""Scalar"","""","""",""Scalar"",""Scalar"",""""]",991
aten::to,"[[64,248320],[],[],[],[]]","[""c10::BFloat16"",""Scalar"",""Scalar"",""Scalar"",""""]",991
aten::unsqueeze,"[[64],[]]","[""int"",""Scalar""]",991
aten::view,"[[128,124160],[]]","[""c10::BFloat16"",""ScalarList""]",991
aten::view,"[[64,2,124160],[]]","[""c10::BFloat16"",""ScalarList""]",991
aten::view,"[[64,2048],[]]","[""c10::BFloat16"",""ScalarList""]",991
aten::view,"[[64],[]]","[""int"",""ScalarList""]",991
c10d::_allgather_base_,"[[128,124160],[64,124160],[],[],[]]","[""c10::BFloat16"",""c10::BFloat16"","""",""Scalar"",""Scalar""]",991
record_param_comms,"[[64,124160],[],[],[],[],[],[],[],[],[]]","[""c10::BFloat16"","""","""",""Scalar"","""",""ScalarList"",""ScalarList"",""Scalar"",""Scalar"",""Scalar""]",991
vllm::all_gather,"[[64,124160],[],[],[]]","[""c10::BFloat16"",""Scalar"",""Scalar"",""""]",991
_C_custom_ar::all_reduce,"[[],[64,2048],[64,2048],[],[]]","[""Scalar"",""c10::BFloat16"",""c10::BFloat16"",""Scalar"",""Scalar""]",990
aten::_local_scalar_dense,[[]],"[""float""]",990
aten::add,"[[64],[64],[]]","[""long int"",""long int"",""Scalar""]",990
aten::as_strided,"[[3,64],[],[],[]]","[""long int"",""ScalarList"",""ScalarList"",""""]",990
aten::as_strided,"[[3659,3,4096],[],[],[]]","[""c10::BFloat16"",""ScalarList"",""ScalarList"",""""]",990
aten::as_strided,"[[64,1],[],[],[]]","[""bool"",""ScalarList"",""ScalarList"",""""]",990
aten::clone,"[[3,64],[]]","[""long int"",""Scalar""]",990
aten::contiguous,"[[3,64],[]]","[""long int"",""Scalar""]",990
aten::copy_,"[[64,2048],[64,2048],[]]","[""c10::BFloat16"",""c10::BFloat16"",""Scalar""]",990
aten::embedding,"[[124160,2048],[64],[],[],[]]","[""c10::BFloat16"",""long int"",""Scalar"",""Scalar"",""Scalar""]",990
aten::empty_like,"[[3,64],[],[],[],[],[]]","[""long int"",""Scalar"","""","""","""",""Scalar""]",990
aten::empty_like,"[[3,64],[],[],[],[],[]]","[""long int"",""Scalar"",""Scalar"","""","""",""Scalar""]",990
aten::empty_like,"[[64,2048],[],[],[],[],[]]","[""c10::BFloat16"","""","""","""",""Scalar"",""""]",990
aten::empty_like,"[[64],[],[],[],[],[]]","[""long int"",""Scalar"","""","""",""Scalar"",""""]",990
aten::expand,"[[3,64],[],[]]","[""long int"",""ScalarList"",""Scalar""]",990
aten::expand,"[[64,1],[],[]]","[""bool"",""ScalarList"",""Scalar""]",990
aten::expand_as,"[[3,64],[3,64]]","[""long int"",""long int""]",990
aten::index,"[[3659,16,128,128],[]]","[""float"",""""]",990
aten::index_select,"[[2097152],[],[64],[64]]","[""int"",""Scalar"",""long int"",""int""]",990
aten::item,[[]],"[""float""]",990
aten::lift_fresh,[[64]],"[""long int""]",990
aten::lift_fresh,[[]],"[""float""]",990
aten::masked_fill_,"[[64,2048],[64,1],[]]","[""c10::BFloat16"",""bool"",""Scalar""]",990
aten::reshape,"[[64],[]]","[""bool"",""ScalarList""]",990
aten::transpose,"[[3659,3,4096],[],[]]","[""c10::BFloat16"",""Scalar"",""Scalar""]",990
aten::unsqueeze,"[[64],[]]","[""bool"",""Scalar""]",990
aten::view,"[[4096,1,4],[]]","[""c10::BFloat16"",""ScalarList""]",990
aten::view,"[[64],[]]","[""bool"",""ScalarList""]",990
aten::zero_,[[64]],"[""bool""]",990
triton_poi_fused___and_____or___add_bitwise_not_ge_lt_mul_sub_0,"[[64],[64],[64],[],[],[],[],[],[]]","[""int"",""long int"",""bool"",""Scalar"",""Scalar"",""Scalar"",""Scalar"",""Scalar"",""Scalar""]",990
vllm::all_reduce,"[[64,2048],[]]","[""c10::BFloat16"",""""]",990
aten::_to_copy,"[[4],[],[],[],[],[],[]]","[""int"",""Scalar"","""","""","""",""Scalar"",""""]",959
aten::copy_,"[[4],[4],[]]","[""long int"",""int"",""Scalar""]",959
aten::to,"[[4],[],[],[],[]]","[""int"",""Scalar"",""Scalar"",""Scalar"",""""]",959
aten::as_strided,"[[1,8192,16,128],[],[],[]]","[""c10::BFloat16"",""ScalarList"",""ScalarList"",""""]",930
aten::as_strided,"[[4096,8192],[],[],[]]","[""c10::BFloat16"",""ScalarList"",""ScalarList"",""""]",930
aten::as_strided,"[[8192,4096],[],[],[]]","[""c10::BFloat16"",""ScalarList"",""ScalarList"",""""]",930
aten::copy_,"[[8192,16,128],[8192,16,128],[]]","[""c10::BFloat16"",""c10::BFloat16"",""Scalar""]",930
aten::empty_like,"[[4096,8192],[],[],[],[],[]]","[""c10::BFloat16"","""","""","""",""Scalar"",""""]",930
aten::mm,"[[8192,2048],[2048,32],[8192,32]]","[""c10::BFloat16"",""c10::BFloat16"",""c10::BFloat16""]",930
aten::mm,"[[8192,2048],[2048,6144],[8192,6144]]","[""c10::BFloat16"",""c10::BFloat16"",""c10::BFloat16""]",930
aten::squeeze,"[[1,8192,16,128],[]]","[""c10::BFloat16"",""Scalar""]",930
aten::transpose,"[[4096,8192],[],[]]","[""c10::BFloat16"",""Scalar"",""Scalar""]",930
aten::transpose,"[[8192,4096],[],[]]","[""c10::BFloat16"",""Scalar"",""Scalar""]",930
triton_per_fused_1,"[[8192,16,128],[128],[8192,16,128],[131072,128],[],[]]","[""c10::BFloat16"",""c10::BFloat16"",""c10::BFloat16"",""c10::BFloat16"",""Scalar"",""Scalar""]",930
triton_poi_fused__to_copy__unsafe_view_add_clone_linear_mean_mul_pow_rsqrt_silu_view_2,"[[131072,128],[8192,2048],[],[]]","[""c10::BFloat16"",""c10::BFloat16"",""Scalar"",""Scalar""]",930
triton_poi_fused_add_4,"[[8192,2048],[8192,2048],[]]","[""c10::BFloat16"",""c10::BFloat16"",""Scalar""]",930
triton_red_fused__to_copy_add_copy__fused_add_rms_norm_moe_forward_shared_3,"[[8192,2048],[8192,2048],[2048],[8192,2048],[8192,2048],[8192,2048],[8192,2048],[8192,2048],[],[]]","[""c10::BFloat16"",""c10::BFloat16"",""c10::BFloat16"",""c10::BFloat16"",""c10::BFloat16"",""c10::BFloat16"",""c10::BFloat16"",""c10::BFloat16"",""Scalar"",""Scalar""]",930
vllm::qwen_gdn_attention_core,"[[8192,4096],[8192,16],[8192,16],[8192,16,128],[],[]]","[""c10::BFloat16"",""c10::BFloat16"",""c10::BFloat16"",""c10::BFloat16"","""",""Scalar""]",930
aten::_to_copy,"[[],[],[],[],[],[],[]]","[""long int"",""Scalar"","""","""","""",""Scalar"",""""]",873
aten::copy_,"[[],[],[]]","[""int"",""long int"",""Scalar""]",873
aten::to,"[[],[],[],[],[]]","[""long int"",""Scalar"",""Scalar"",""Scalar"",""""]",873
aten::_index_put_impl_,"[[3,16,128,128],[],[],[],[]]","[""float"","""",""float"",""Scalar"",""Scalar""]",870
aten::_index_put_impl_,"[[3659,16,128,128],[],[3,16,128,128],[],[]]","[""float"","""",""float"",""Scalar"",""Scalar""]",870
aten::as_strided,"[[3,1,1,1],[],[],[]]","[""bool"",""ScalarList"",""ScalarList"",""""]",870
aten::bitwise_not,[[3]],"[""bool""]",870
aten::empty_like,"[[3],[],[],[],[],[]]","[""bool"",""Scalar"","""","""",""Scalar"",""""]",870
aten::expand,"[[3,1,1,1],[],[]]","[""bool"",""ScalarList"",""Scalar""]",870
aten::index_put_,"[[3,16,128,128],[],[],[]]","[""float"","""",""float"",""Scalar""]",870
aten::index_put_,"[[3659,16,128,128],[],[3,16,128,128],[]]","[""float"","""",""float"",""Scalar""]",870
aten::masked_fill_,"[[3,16,128,128],[3,1,1,1],[]]","[""float"",""bool"",""Scalar""]",870
aten::reshape,"[[3,1,1],[]]","[""bool"",""ScalarList""]",870
aten::reshape,"[[3,1],[]]","[""bool"",""ScalarList""]",870
aten::reshape,"[[3],[]]","[""bool"",""ScalarList""]",870
aten::unsqueeze,"[[3,1,1],[]]","[""bool"",""Scalar""]",870
aten::unsqueeze,"[[3,1],[]]","[""bool"",""Scalar""]",870
aten::unsqueeze,"[[3],[]]","[""bool"",""Scalar""]",870
aten::view,"[[3,1,1],[]]","[""bool"",""ScalarList""]",870
aten::view,"[[3,1],[]]","[""bool"",""ScalarList""]",870
aten::view,"[[3],[]]","[""bool"",""ScalarList""]",870
aten::as_strided,"[[1,1],[],[],[]]","[""float"",""ScalarList"",""ScalarList"",""""]",660
aten::as_strided,"[[2048,4608],[],[],[]]","[""c10::BFloat16"",""ScalarList"",""ScalarList"",""""]",660
aten::expand,"[[],[],[]]","[""float"",""ScalarList"",""Scalar""]",660
aten::numpy_T,"[[2048,4608]]","[""c10::BFloat16""]",660
aten::permute,"[[2048,4608],[]]","[""c10::BFloat16"",""ScalarList""]",660
aten::unbind,"[[3659,2,1056,1,256],[]]","[""c10::BFloat16"",""Scalar""]",660
aten::view,"[[],[]]","[""float"",""ScalarList""]",660
triton_poi_fused_0,"[[8192,16,128],[]]","[""c10::BFloat16"",""Scalar""]",651
aten::as_strided,"[[8192,8,256],[],[],[]]","[""c10::BFloat16"",""ScalarList"",""ScalarList"",""Scalar""]",620
aten::slice,"[[8192,8,256],[],[],[],[]]","[""c10::BFloat16"",""Scalar"",""Scalar"",""Scalar"",""Scalar""]",620
triton_poi_fused_5,"[[8192,32],[8192,16],[8192,16],[],[]]","[""c10::BFloat16"",""c10::BFloat16"",""c10::BFloat16"",""Scalar"",""Scalar""]",620
aten::view,"[[4096,2048],[]]","[""c10::BFloat16"",""ScalarList""]",441
aten::view,"[[5089,2048],[]]","[""c10::BFloat16"",""ScalarList""]",441
aten::mm,"[[8192,2048],[2048,4608],[8192,4608]]","[""c10::BFloat16"",""c10::BFloat16"",""c10::BFloat16""]",310
triton_poi_fused_0,"[[3,8192],[1048576,64],[8192,32],[8192,32],[],[]]","[""long int"",""c10::BFloat16"",""c10::BFloat16"",""c10::BFloat16"",""Scalar"",""Scalar""]",310
triton_poi_fused_5,"[[8192,4608],[8192,8,256],[]]","[""c10::BFloat16"",""c10::BFloat16"",""Scalar""]",310
triton_poi_fused_7,"[[8192,4608],[8192,8,1],[256],[8192,32],[8192,32],[8192,1,1],[256],[8192,8,64],[8192,8,192],[8192,1,64],[8192,1,192],[],[],[],[]]","[""c10::BFloat16"",""float"",""c10::BFloat16"",""c10::BFloat16"",""c10::BFloat16"",""float"",""c10::BFloat16"",""c10::BFloat16"",""c10::BFloat16"",""c10::BFloat16"",""c10::BFloat16"",""Scalar"",""Scalar"",""Scalar"",""Scalar""]",310
triton_poi_fused_add_2,"[[8192,2048],[8192,2048],[]]","[""c10::BFloat16"",""c10::BFloat16"",""Scalar""]",310
triton_red_fused_6,"[[8192,4608],[8192,8,1],[8192,1,1],[],[]]","[""c10::BFloat16"",""float"",""float"",""Scalar"",""Scalar""]",310
triton_red_fused__to_copy_add_copy__fused_add_rms_norm_moe_forward_shared_1,"[[8192,2048],[8192,2048],[2048],[8192,2048],[8192,2048],[8192,2048],[8192,2048],[8192,2048],[],[]]","[""c10::BFloat16"",""c10::BFloat16"",""c10::BFloat16"",""c10::BFloat16"",""c10::BFloat16"",""c10::BFloat16"",""c10::BFloat16"",""c10::BFloat16"",""Scalar"",""Scalar""]",310
vllm::unified_attention_with_output,"[[8192,8,256],[8192,1,256],[8192,1,256],[8192,8,256],[],[],[],[0]]","[""c10::BFloat16"",""c10::BFloat16"",""c10::BFloat16"",""c10::BFloat16"","""","""","""",""c10::BFloat16""]",310
vllm::unified_kv_cache_update,"[[8192,1,256],[8192,1,256],[]]","[""c10::BFloat16"",""c10::BFloat16"",""""]",310
aten::empty,"[[],[],[],[],[],[]]","[""ScalarList"",""Scalar"","""","""","""",""""]",293
aten::arange,"[[],[],[],[0]]","[""Scalar"",""Scalar"",""Scalar"",""long int""]",280
aten::arange,"[[],[],[],[],[]]","[""Scalar"","""","""","""",""Scalar""]",280
aten::resize_,"[[0],[],[]]","[""long int"",""ScalarList"",""""]",280
triton_poi_fused_0,"[[8192,8,256],[8192,2048],[8192,2048],[8192,16,128],[],[]]","[""c10::BFloat16"",""c10::BFloat16"",""c10::BFloat16"",""c10::BFloat16"",""Scalar"",""Scalar""]",279
triton_poi_fused_3,"[[8192,32],[8192,16],[8192,16],[],[]]","[""c10::BFloat16"",""c10::BFloat16"",""c10::BFloat16"",""Scalar"",""Scalar""]",279
aten::as_strided,"[[4],[],[],[]]","[""int"",""ScalarList"",""ScalarList"",""Scalar""]",235
aten::slice,"[[4],[],[],[],[]]","[""int"",""Scalar"",""Scalar"",""Scalar"",""Scalar""]",232
aten::_to_copy,"[[2],[],[],[],[],[],[]]","[""int"",""Scalar"","""","""","""",""Scalar"",""""]",213
aten::copy_,"[[2],[2],[]]","[""long int"",""int"",""Scalar""]",213
aten::to,"[[2],[],[],[],[]]","[""int"",""Scalar"",""Scalar"",""Scalar"",""""]",213
aten::as_strided,"[[33],[],[],[]]","[""int"",""ScalarList"",""ScalarList"",""Scalar""]",202
aten::as_strided,"[[64],[],[],[]]","[""float"",""ScalarList"",""ScalarList"",""Scalar""]",198
aten::full,"[[],[],[],[],[],[]]","[""ScalarList"",""Scalar"",""Scalar"","""","""",""Scalar""]",198
aten::select,"[[64],[],[]]","[""int"",""Scalar"",""Scalar""]",198
aten::set_,"[[0],[],[],[],[]]","[""long int"","""",""Scalar"",""ScalarList"",""ScalarList""]",198
aten::slice,"[[64],[],[],[],[]]","[""float"",""Scalar"",""Scalar"",""Scalar"",""Scalar""]",198
aten::as_strided,"[[63],[],[],[]]","[""int"",""ScalarList"",""ScalarList"",""Scalar""]",196
aten::_local_scalar_dense,[[]],"[""long int""]",195
aten::as_strided,"[[],[],[],[]]","[""long int"",""ScalarList"",""ScalarList"",""""]",195
aten::item,[[]],"[""long int""]",195
aten::sub,"[[3],[],[]]","[""int"",""long int"",""Scalar""]",193
aten::select,"[[63],[],[]]","[""int"",""Scalar"",""Scalar""]",192
aten::as_strided,"[[61],[],[],[]]","[""int"",""ScalarList"",""ScalarList"",""Scalar""]",190
aten::select,"[[61],[],[]]","[""int"",""Scalar"",""Scalar""]",186
aten::as_strided,"[[59],[],[],[]]","[""int"",""ScalarList"",""ScalarList"",""Scalar""]",184
aten::view,"[[2],[]]","[""long int"",""ScalarList""]",183
aten::reshape,"[[2],[]]","[""long int"",""ScalarList""]",182
aten::as_strided,"[[5089,16],[],[],[]]","[""c10::BFloat16"",""ScalarList"",""ScalarList"",""Scalar""]",180
aten::select,"[[59],[],[]]","[""int"",""Scalar"",""Scalar""]",180
aten::slice,"[[5089,16],[],[],[],[]]","[""c10::BFloat16"",""Scalar"",""Scalar"",""Scalar"",""Scalar""]",180
aten::to,"[[2,16,128,128],[],[],[],[]]","[""float"",""Scalar"",""Scalar"",""Scalar"",""""]",180
aten::as_strided,"[[57],[],[],[]]","[""int"",""ScalarList"",""ScalarList"",""Scalar""]",178
aten::copy_,"[[4],[4],[]]","[""long int"",""long int"",""Scalar""]",177
aten::floor_divide,"[[3],[]]","[""int"",""long int""]",177
aten::sub,"[[4],[],[]]","[""int"",""long int"",""Scalar""]",175
aten::add,"[[3],[],[]]","[""int"",""long int"",""Scalar""]",174
aten::select,"[[57],[],[]]","[""int"",""Scalar"",""Scalar""]",174
aten::as_strided,"[[55],[],[],[]]","[""int"",""ScalarList"",""ScalarList"",""Scalar""]",172
aten::select,"[[55],[],[]]","[""int"",""Scalar"",""Scalar""]",168
aten::as_strided,"[[53],[],[],[]]","[""int"",""ScalarList"",""ScalarList"",""Scalar""]",166
aten::select,"[[53],[],[]]","[""int"",""Scalar"",""Scalar""]",162
aten::empty_like,"[[4096,2048],[],[],[],[],[]]","[""c10::BFloat16"","""","""","""",""Scalar"",""""]",161
aten::empty_like,"[[5089,2048],[],[],[],[],[]]","[""c10::BFloat16"","""","""","""",""Scalar"",""""]",161
aten::as_strided,"[[51],[],[],[]]","[""int"",""ScalarList"",""ScalarList"",""Scalar""]",160
aten::as_strided,"[[67108864],[],[],[]]","[""c10::BFloat16"",""ScalarList"",""ScalarList"",""Scalar""]",160
aten::as_strided,"[[83378176],[],[],[]]","[""c10::BFloat16"",""ScalarList"",""ScalarList"",""Scalar""]",160
aten::slice,"[[67108864],[],[],[],[]]","[""c10::BFloat16"",""Scalar"",""Scalar"",""Scalar"",""Scalar""]",160
aten::slice,"[[83378176],[],[],[],[]]","[""c10::BFloat16"",""Scalar"",""Scalar"",""Scalar"",""Scalar""]",160
aten::view,"[[67108864],[]]","[""c10::BFloat16"",""ScalarList""]",160
aten::view,"[[83378176],[]]","[""c10::BFloat16"",""ScalarList""]",160
aten::select,"[[51],[],[]]","[""int"",""Scalar"",""Scalar""]",156
aten::as_strided,"[[49],[],[],[]]","[""int"",""ScalarList"",""ScalarList"",""Scalar""]",154
aten::select,"[[49],[],[]]","[""int"",""Scalar"",""Scalar""]",150
aten::as_strided,"[[47],[],[],[]]","[""int"",""ScalarList"",""ScalarList"",""Scalar""]",148
aten::select,"[[47],[],[]]","[""int"",""Scalar"",""Scalar""]",144
aten::as_strided,"[[45],[],[],[]]","[""int"",""ScalarList"",""ScalarList"",""Scalar""]",142
aten::select,"[[45],[],[]]","[""int"",""Scalar"",""Scalar""]",138
aten::as_strided,"[[43],[],[],[]]","[""int"",""ScalarList"",""ScalarList"",""Scalar""]",136
aten::select,"[[43],[],[]]","[""int"",""Scalar"",""Scalar""]",132
aten::as_strided,"[[41],[],[],[]]","[""int"",""ScalarList"",""ScalarList"",""Scalar""]",130
aten::select,"[[33],[],[]]","[""int"",""Scalar"",""Scalar""]",126
aten::select,"[[41],[],[]]","[""int"",""Scalar"",""Scalar""]",126
aten::as_strided,"[[39],[],[],[]]","[""int"",""ScalarList"",""ScalarList"",""Scalar""]",124
aten::copy_,"[[3,8192],[3,8192],[]]","[""long int"",""long int"",""Scalar""]",124
aten::copy_,"[[4096,2048],[4096,2048],[]]","[""c10::BFloat16"",""c10::BFloat16"",""Scalar""]",122
aten::copy_,"[[5089,2048],[5089,2048],[]]","[""c10::BFloat16"",""c10::BFloat16"",""Scalar""]",122
aten::reshape,"[[10,1024],[]]","[""c10::BFloat16"",""ScalarList""]",120
aten::reshape,"[[12,1024],[]]","[""c10::BFloat16"",""ScalarList""]",120
aten::reshape,"[[14,1024],[]]","[""c10::BFloat16"",""ScalarList""]",120
aten::reshape,"[[16,1024],[]]","[""c10::BFloat16"",""ScalarList""]",120
aten::reshape,"[[18,1024],[]]","[""c10::BFloat16"",""ScalarList""]",120
aten::reshape,"[[20,1024],[]]","[""c10::BFloat16"",""ScalarList""]",120
aten::reshape,"[[22,1024],[]]","[""c10::BFloat16"",""ScalarList""]",120
aten::reshape,"[[24,1024],[]]","[""c10::BFloat16"",""ScalarList""]",120
aten::reshape,"[[26,1024],[]]","[""c10::BFloat16"",""ScalarList""]",120
aten::reshape,"[[28,1024],[]]","[""c10::BFloat16"",""ScalarList""]",120
aten::reshape,"[[3,1024],[]]","[""c10::BFloat16"",""ScalarList""]",120
aten::reshape,"[[30,1024],[]]","[""c10::BFloat16"",""ScalarList""]",120
aten::reshape,"[[32,1024],[]]","[""c10::BFloat16"",""ScalarList""]",120
aten::reshape,"[[34,1024],[]]","[""c10::BFloat16"",""ScalarList""]",120
aten::reshape,"[[36,1024],[]]","[""c10::BFloat16"",""ScalarList""]",120
aten::reshape,"[[38,1024],[]]","[""c10::BFloat16"",""ScalarList""]",120
aten::reshape,"[[4,1024],[]]","[""c10::BFloat16"",""ScalarList""]",120
aten::reshape,"[[40,1024],[]]","[""c10::BFloat16"",""ScalarList""]",120
aten::reshape,"[[42,1024],[]]","[""c10::BFloat16"",""ScalarList""]",120
aten::reshape,"[[44,1024],[]]","[""c10::BFloat16"",""ScalarList""]",120
aten::reshape,"[[46,1024],[]]","[""c10::BFloat16"",""ScalarList""]",120
aten::reshape,"[[48,1024],[]]","[""c10::BFloat16"",""ScalarList""]",120
aten::reshape,"[[50,1024],[]]","[""c10::BFloat16"",""ScalarList""]",120
aten::reshape,"[[52,1024],[]]","[""c10::BFloat16"",""ScalarList""]",120
aten::reshape,"[[54,1024],[]]","[""c10::BFloat16"",""ScalarList""]",120
aten::reshape,"[[56,1024],[]]","[""c10::BFloat16"",""ScalarList""]",120
aten::reshape,"[[58,1024],[]]","[""c10::BFloat16"",""ScalarList""]",120
aten::reshape,"[[6,1024],[]]","[""c10::BFloat16"",""ScalarList""]",120
aten::reshape,"[[60,1024],[]]","[""c10::BFloat16"",""ScalarList""]",120
aten::reshape,"[[62,1024],[]]","[""c10::BFloat16"",""ScalarList""]",120
aten::reshape,"[[8,1024],[]]","[""c10::BFloat16"",""ScalarList""]",120
aten::select,"[[39],[],[]]","[""int"",""Scalar"",""Scalar""]",120
aten::as_strided,"[[37],[],[],[]]","[""int"",""ScalarList"",""ScalarList"",""Scalar""]",118
aten::select,"[[37],[],[]]","[""int"",""Scalar"",""Scalar""]",114
aten::as_strided,"[[35],[],[],[]]","[""int"",""ScalarList"",""ScalarList"",""Scalar""]",112
aten::select,"[[35],[],[]]","[""int"",""Scalar"",""Scalar""]",108
aten::fill_,"[[1],[]]","[""long int"",""Scalar""]",107
aten::as_strided,"[[17],[],[],[]]","[""int"",""ScalarList"",""ScalarList"",""Scalar""]",106
aten::as_strided,"[[31],[],[],[]]","[""int"",""ScalarList"",""ScalarList"",""Scalar""]",100
aten::lift_fresh,[[1]],"[""int""]",99
aten::set_,"[[0],[],[],[],[]]","[""int"","""",""Scalar"",""ScalarList"",""ScalarList""]",99
aten::sub,"[[3],[3],[]]","[""int"",""int"",""Scalar""]",99
aten::detach_,[[1]],"[""int""]",97
aten::to,"[[1],[],[],[],[],[]]","[""int"","""",""Scalar"",""Scalar"",""Scalar"",""""]",97
aten::_local_scalar_dense,[[]],"[""bool""]",96
aten::as_strided,"[[128],[],[],[]]","[""long int"",""ScalarList"",""ScalarList"",""""]",96
aten::as_strided,"[[],[],[],[]]","[""bool"",""ScalarList"",""ScalarList"",""""]",96
aten::copy_,"[[128,2],[128,2],[]]","[""int"",""int"",""Scalar""]",96
aten::fill_,"[[1],[]]","[""bool"",""Scalar""]",96
aten::is_nonzero,[[]],"[""bool""]",96
aten::item,[[]],"[""bool""]",96
aten::select,"[[31],[],[]]","[""int"",""Scalar"",""Scalar""]",96
aten::unsqueeze,"[[128],[]]","[""long int"",""Scalar""]",96
aten::empty_like,"[[4],[],[],[],[],[]]","[""int"",""Scalar"","""","""",""Scalar"",""""]",95
aten::as_strided,"[[29],[],[],[]]","[""int"",""ScalarList"",""ScalarList"",""Scalar""]",94
aten::copy_,"[[8192],[8192],[]]","[""long int"",""long int"",""Scalar""]",93
aten::reshape,"[[2],[]]","[""bool"",""ScalarList""]",91
aten::resolve_conj,[[3]],"[""int""]",91
aten::resolve_neg,[[3]],"[""int""]",91
aten::unsqueeze,"[[2],[]]","[""bool"",""Scalar""]",91
aten::view,"[[2],[]]","[""bool"",""ScalarList""]",91
aten::_index_put_impl_,"[[2,16,128,128],[],[],[],[]]","[""float"","""",""float"",""Scalar"",""Scalar""]",90
aten::_index_put_impl_,"[[3659,16,128,128],[],[2,16,128,128],[],[]]","[""float"","""",""float"",""Scalar"",""Scalar""]",90
aten::as_strided,"[[1,4096],[],[],[]]","[""c10::BFloat16"",""ScalarList"",""ScalarList"",""Scalar""]",90
aten::as_strided,"[[10,4096],[],[],[]]","[""c10::BFloat16"",""ScalarList"",""ScalarList"",""Scalar""]",90
aten::as_strided,"[[106496],[],[],[]]","[""c10::BFloat16"",""ScalarList"",""ScalarList"",""Scalar""]",90
aten::as_strided,"[[114688],[],[],[]]","[""c10::BFloat16"",""ScalarList"",""ScalarList"",""Scalar""]",90
aten::as_strided,"[[12,4096],[],[],[]]","[""c10::BFloat16"",""ScalarList"",""ScalarList"",""Scalar""]",90
aten::as_strided,"[[122880],[],[],[]]","[""c10::BFloat16"",""ScalarList"",""ScalarList"",""Scalar""]",90
aten::as_strided,"[[12288],[],[],[]]","[""c10::BFloat16"",""ScalarList"",""ScalarList"",""Scalar""]",90
aten::as_strided,"[[129],[],[],[]]","[""long int"",""ScalarList"",""ScalarList"",""""]",90
aten::as_strided,"[[131072],[],[],[]]","[""c10::BFloat16"",""ScalarList"",""ScalarList"",""Scalar""]",90
aten::as_strided,"[[139264],[],[],[]]","[""c10::BFloat16"",""ScalarList"",""ScalarList"",""Scalar""]",90
aten::as_strided,"[[14,4096],[],[],[]]","[""c10::BFloat16"",""ScalarList"",""ScalarList"",""Scalar""]",90
aten::as_strided,"[[147456],[],[],[]]","[""c10::BFloat16"",""ScalarList"",""ScalarList"",""Scalar""]",90
aten::as_strided,"[[155648],[],[],[]]","[""c10::BFloat16"",""ScalarList"",""ScalarList"",""Scalar""]",90
aten::as_strided,"[[16,4096],[],[],[]]","[""c10::BFloat16"",""ScalarList"",""ScalarList"",""Scalar""]",90
aten::as_strided,"[[163840],[],[],[]]","[""c10::BFloat16"",""ScalarList"",""ScalarList"",""Scalar""]",90
aten::as_strided,"[[16384],[],[],[]]","[""c10::BFloat16"",""ScalarList"",""ScalarList"",""Scalar""]",90
aten::as_strided,"[[172032],[],[],[]]","[""c10::BFloat16"",""ScalarList"",""ScalarList"",""Scalar""]",90
aten::as_strided,"[[18,4096],[],[],[]]","[""c10::BFloat16"",""ScalarList"",""ScalarList"",""Scalar""]",90
aten::as_strided,"[[180224],[],[],[]]","[""c10::BFloat16"",""ScalarList"",""ScalarList"",""Scalar""]",90
aten::as_strided,"[[188416],[],[],[]]","[""c10::BFloat16"",""ScalarList"",""ScalarList"",""Scalar""]",90
aten::as_strided,"[[196608],[],[],[]]","[""c10::BFloat16"",""ScalarList"",""ScalarList"",""Scalar""]",90
aten::as_strided,"[[2,1,1,1],[],[],[]]","[""bool"",""ScalarList"",""ScalarList"",""""]",90
aten::as_strided,"[[20,4096],[],[],[]]","[""c10::BFloat16"",""ScalarList"",""ScalarList"",""Scalar""]",90
aten::as_strided,"[[204800],[],[],[]]","[""c10::BFloat16"",""ScalarList"",""ScalarList"",""Scalar""]",90
aten::as_strided,"[[212992],[],[],[]]","[""c10::BFloat16"",""ScalarList"",""ScalarList"",""Scalar""]",90
aten::as_strided,"[[22,4096],[],[],[]]","[""c10::BFloat16"",""ScalarList"",""ScalarList"",""Scalar""]",90
aten::as_strided,"[[221184],[],[],[]]","[""c10::BFloat16"",""ScalarList"",""ScalarList"",""Scalar""]",90
aten::as_strided,"[[229376],[],[],[]]","[""c10::BFloat16"",""ScalarList"",""ScalarList"",""Scalar""]",90
aten::as_strided,"[[237568],[],[],[]]","[""c10::BFloat16"",""ScalarList"",""ScalarList"",""Scalar""]",90
aten::as_strided,"[[24,4096],[],[],[]]","[""c10::BFloat16"",""ScalarList"",""ScalarList"",""Scalar""]",90
aten::as_strided,"[[245760],[],[],[]]","[""c10::BFloat16"",""ScalarList"",""ScalarList"",""Scalar""]",90
aten::as_strided,"[[24576],[],[],[]]","[""c10::BFloat16"",""ScalarList"",""ScalarList"",""Scalar""]",90
aten::as_strided,"[[253952],[],[],[]]","[""c10::BFloat16"",""ScalarList"",""ScalarList"",""Scalar""]",90
aten::as_strided,"[[26,4096],[],[],[]]","[""c10::BFloat16"",""ScalarList"",""ScalarList"",""Scalar""]",90
aten::as_strided,"[[28,4096],[],[],[]]","[""c10::BFloat16"",""ScalarList"",""ScalarList"",""Scalar""]",90
aten::as_strided,"[[3,4096],[],[],[]]","[""c10::BFloat16"",""ScalarList"",""ScalarList"",""Scalar""]",90
aten::as_strided,"[[30,4096],[],[],[]]","[""c10::BFloat16"",""ScalarList"",""ScalarList"",""Scalar""]",90
aten::as_strided,"[[32,4096],[],[],[]]","[""c10::BFloat16"",""ScalarList"",""ScalarList"",""Scalar""]",90
aten::as_strided,"[[32768],[],[],[]]","[""c10::BFloat16"",""ScalarList"",""ScalarList"",""Scalar""]",90
aten::as_strided,"[[34,4096],[],[],[]]","[""c10::BFloat16"",""ScalarList"",""ScalarList"",""Scalar""]",90
aten::as_strided,"[[36,4096],[],[],[]]","[""c10::BFloat16"",""ScalarList"",""ScalarList"",""Scalar""]",90
aten::as_strided,"[[38,4096],[],[],[]]","[""c10::BFloat16"",""ScalarList"",""ScalarList"",""Scalar""]",90
aten::as_strided,"[[4,4096],[],[],[]]","[""c10::BFloat16"",""ScalarList"",""ScalarList"",""Scalar""]",90
aten::as_strided,"[[40,4096],[],[],[]]","[""c10::BFloat16"",""ScalarList"",""ScalarList"",""Scalar""]",90
aten::as_strided,"[[40960],[],[],[]]","[""c10::BFloat16"",""ScalarList"",""ScalarList"",""Scalar""]",90
aten::as_strided,"[[4096],[],[],[]]","[""c10::BFloat16"",""ScalarList"",""ScalarList"",""Scalar""]",90
aten::as_strided,"[[42,4096],[],[],[]]","[""c10::BFloat16"",""ScalarList"",""ScalarList"",""Scalar""]",90
aten::as_strided,"[[44,4096],[],[],[]]","[""c10::BFloat16"",""ScalarList"",""ScalarList"",""Scalar""]",90
aten::as_strided,"[[46,4096],[],[],[]]","[""c10::BFloat16"",""ScalarList"",""ScalarList"",""Scalar""]",90
aten::as_strided,"[[48,4096],[],[],[]]","[""c10::BFloat16"",""ScalarList"",""ScalarList"",""Scalar""]",90
aten::as_strided,"[[49152],[],[],[]]","[""c10::BFloat16"",""ScalarList"",""ScalarList"",""Scalar""]",90
aten::as_strided,"[[50,4096],[],[],[]]","[""c10::BFloat16"",""ScalarList"",""ScalarList"",""Scalar""]",90
aten::as_strided,"[[5089,4096],[],[],[]]","[""c10::BFloat16"",""ScalarList"",""ScalarList"",""Scalar""]",90
aten::as_strided,"[[52,4096],[],[],[]]","[""c10::BFloat16"",""ScalarList"",""ScalarList"",""Scalar""]",90
aten::as_strided,"[[54,4096],[],[],[]]","[""c10::BFloat16"",""ScalarList"",""ScalarList"",""Scalar""]",90
aten::as_strided,"[[56,4096],[],[],[]]","[""c10::BFloat16"",""ScalarList"",""ScalarList"",""Scalar""]",90
aten::as_strided,"[[57344],[],[],[]]","[""c10::BFloat16"",""ScalarList"",""ScalarList"",""Scalar""]",90
aten::as_strided,"[[58,4096],[],[],[]]","[""c10::BFloat16"",""ScalarList"",""ScalarList"",""Scalar""]",90
aten::as_strided,"[[6,4096],[],[],[]]","[""c10::BFloat16"",""ScalarList"",""ScalarList"",""Scalar""]",90
aten::as_strided,"[[60,4096],[],[],[]]","[""c10::BFloat16"",""ScalarList"",""ScalarList"",""Scalar""]",90
aten::as_strided,"[[62,4096],[],[],[]]","[""c10::BFloat16"",""ScalarList"",""ScalarList"",""Scalar""]",90
aten::as_strided,"[[65536],[],[],[]]","[""c10::BFloat16"",""ScalarList"",""ScalarList"",""Scalar""]",90
aten::as_strided,"[[73728],[],[],[]]","[""c10::BFloat16"",""ScalarList"",""ScalarList"",""Scalar""]",90
aten::as_strided,"[[8,4096],[],[],[]]","[""c10::BFloat16"",""ScalarList"",""ScalarList"",""Scalar""]",90
aten::as_strided,"[[81920],[],[],[]]","[""c10::BFloat16"",""ScalarList"",""ScalarList"",""Scalar""]",90
aten::as_strided,"[[90112],[],[],[]]","[""c10::BFloat16"",""ScalarList"",""ScalarList"",""Scalar""]",90
aten::as_strided,"[[98304],[],[],[]]","[""c10::BFloat16"",""ScalarList"",""ScalarList"",""Scalar""]",90
aten::bitwise_not,[[2]],"[""bool""]",90
aten::copy_,"[[129,2],[129,2],[]]","[""int"",""int"",""Scalar""]",90
aten::empty_like,"[[2],[],[],[],[],[]]","[""bool"",""Scalar"","""","""",""Scalar"",""""]",90
aten::expand,"[[2,1,1,1],[],[]]","[""bool"",""ScalarList"",""Scalar""]",90
aten::index_put_,"[[2,16,128,128],[],[],[]]","[""float"","""",""float"",""Scalar""]",90
aten::index_put_,"[[3659,16,128,128],[],[2,16,128,128],[]]","[""float"","""",""float"",""Scalar""]",90
aten::masked_fill_,"[[2,16,128,128],[2,1,1,1],[]]","[""float"",""bool"",""Scalar""]",90
aten::reshape,"[[2,1,1],[]]","[""bool"",""ScalarList""]",90
aten::reshape,"[[2,1],[]]","[""bool"",""ScalarList""]",90
aten::select,"[[29],[],[]]","[""int"",""Scalar"",""Scalar""]",90
aten::slice,"[[106496],[],[],[],[]]","[""c10::BFloat16"",""Scalar"",""Scalar"",""Scalar"",""Scalar""]",90
aten::slice,"[[114688],[],[],[],[]]","[""c10::BFloat16"",""Scalar"",""Scalar"",""Scalar"",""Scalar""]",90
aten::slice,"[[122880],[],[],[],[]]","[""c10::BFloat16"",""Scalar"",""Scalar"",""Scalar"",""Scalar""]",90
aten::slice,"[[12288],[],[],[],[]]","[""c10::BFloat16"",""Scalar"",""Scalar"",""Scalar"",""Scalar""]",90
aten::slice,"[[131072],[],[],[],[]]","[""c10::BFloat16"",""Scalar"",""Scalar"",""Scalar"",""Scalar""]",90
aten::slice,"[[139264],[],[],[],[]]","[""c10::BFloat16"",""Scalar"",""Scalar"",""Scalar"",""Scalar""]",90
aten::slice,"[[147456],[],[],[],[]]","[""c10::BFloat16"",""Scalar"",""Scalar"",""Scalar"",""Scalar""]",90
aten::slice,"[[155648],[],[],[],[]]","[""c10::BFloat16"",""Scalar"",""Scalar"",""Scalar"",""Scalar""]",90
aten::slice,"[[163840],[],[],[],[]]","[""c10::BFloat16"",""Scalar"",""Scalar"",""Scalar"",""Scalar""]",90
aten::slice,"[[16384],[],[],[],[]]","[""c10::BFloat16"",""Scalar"",""Scalar"",""Scalar"",""Scalar""]",90
aten::slice,"[[172032],[],[],[],[]]","[""c10::BFloat16"",""Scalar"",""Scalar"",""Scalar"",""Scalar""]",90
aten::slice,"[[180224],[],[],[],[]]","[""c10::BFloat16"",""Scalar"",""Scalar"",""Scalar"",""Scalar""]",90
aten::slice,"[[188416],[],[],[],[]]","[""c10::BFloat16"",""Scalar"",""Scalar"",""Scalar"",""Scalar""]",90
aten::slice,"[[196608],[],[],[],[]]","[""c10::BFloat16"",""Scalar"",""Scalar"",""Scalar"",""Scalar""]",90
aten::slice,"[[204800],[],[],[],[]]","[""c10::BFloat16"",""Scalar"",""Scalar"",""Scalar"",""Scalar""]",90
aten::slice,"[[212992],[],[],[],[]]","[""c10::BFloat16"",""Scalar"",""Scalar"",""Scalar"",""Scalar""]",90
aten::slice,"[[221184],[],[],[],[]]","[""c10::BFloat16"",""Scalar"",""Scalar"",""Scalar"",""Scalar""]",90
aten::slice,"[[229376],[],[],[],[]]","[""c10::BFloat16"",""Scalar"",""Scalar"",""Scalar"",""Scalar""]",90
aten::slice,"[[237568],[],[],[],[]]","[""c10::BFloat16"",""Scalar"",""Scalar"",""Scalar"",""Scalar""]",90
aten::slice,"[[245760],[],[],[],[]]","[""c10::BFloat16"",""Scalar"",""Scalar"",""Scalar"",""Scalar""]",90
aten::slice,"[[24576],[],[],[],[]]","[""c10::BFloat16"",""Scalar"",""Scalar"",""Scalar"",""Scalar""]",90
aten::slice,"[[253952],[],[],[],[]]","[""c10::BFloat16"",""Scalar"",""Scalar"",""Scalar"",""Scalar""]",90
aten::slice,"[[32768],[],[],[],[]]","[""c10::BFloat16"",""Scalar"",""Scalar"",""Scalar"",""Scalar""]",90
aten::slice,"[[40960],[],[],[],[]]","[""c10::BFloat16"",""Scalar"",""Scalar"",""Scalar"",""Scalar""]",90
aten::slice,"[[4096],[],[],[],[]]","[""c10::BFloat16"",""Scalar"",""Scalar"",""Scalar"",""Scalar""]",90
aten::slice,"[[49152],[],[],[],[]]","[""c10::BFloat16"",""Scalar"",""Scalar"",""Scalar"",""Scalar""]",90
aten::slice,"[[5089,4096],[],[],[],[]]","[""c10::BFloat16"",""Scalar"",""Scalar"",""Scalar"",""Scalar""]",90
aten::slice,"[[57344],[],[],[],[]]","[""c10::BFloat16"",""Scalar"",""Scalar"",""Scalar"",""Scalar""]",90
aten::slice,"[[65536],[],[],[],[]]","[""c10::BFloat16"",""Scalar"",""Scalar"",""Scalar"",""Scalar""]",90
aten::slice,"[[73728],[],[],[],[]]","[""c10::BFloat16"",""Scalar"",""Scalar"",""Scalar"",""Scalar""]",90
aten::slice,"[[81920],[],[],[],[]]","[""c10::BFloat16"",""Scalar"",""Scalar"",""Scalar"",""Scalar""]",90
aten::slice,"[[90112],[],[],[],[]]","[""c10::BFloat16"",""Scalar"",""Scalar"",""Scalar"",""Scalar""]",90
aten::slice,"[[98304],[],[],[],[]]","[""c10::BFloat16"",""Scalar"",""Scalar"",""Scalar"",""Scalar""]",90
aten::unsqueeze,"[[129],[]]","[""long int"",""Scalar""]",90
aten::unsqueeze,"[[2,1,1],[]]","[""bool"",""Scalar""]",90
aten::unsqueeze,"[[2,1],[]]","[""bool"",""Scalar""]",90
aten::view,"[[12288],[]]","[""c10::BFloat16"",""ScalarList""]",90
aten::view,"[[16384],[]]","[""c10::BFloat16"",""ScalarList""]",90
aten::view,"[[2,1,1],[]]","[""bool"",""ScalarList""]",90
aten::view,"[[2,1],[]]","[""bool"",""ScalarList""]",90
aten::view,"[[20480],[]]","[""c10::BFloat16"",""ScalarList""]",90
aten::view,"[[24576],[]]","[""c10::BFloat16"",""ScalarList""]",90
aten::view,"[[28672],[]]","[""c10::BFloat16"",""ScalarList""]",90
aten::view,"[[32768],[]]","[""c10::BFloat16"",""ScalarList""]",90
aten::view,"[[36864],[]]","[""c10::BFloat16"",""ScalarList""]",90
aten::view,"[[40960],[]]","[""c10::BFloat16"",""ScalarList""]",90
aten::view,"[[45056],[]]","[""c10::BFloat16"",""ScalarList""]",90
aten::view,"[[49152],[]]","[""c10::BFloat16"",""ScalarList""]",90
aten::view,"[[53248],[]]","[""c10::BFloat16"",""ScalarList""]",90
aten::view,"[[57344],[]]","[""c10::BFloat16"",""ScalarList""]",90
aten::view,"[[61440],[]]","[""c10::BFloat16"",""ScalarList""]",90
aten::view,"[[6144],[]]","[""c10::BFloat16"",""ScalarList""]",90
aten::view,"[[8192],[]]","[""c10::BFloat16"",""ScalarList""]",90
aten::as_strided,"[[27],[],[],[]]","[""int"",""ScalarList"",""ScalarList"",""Scalar""]",88
aten::_pin_memory,"[[4],[]]","[""long int"",""""]",87
aten::_to_copy,"[[4],[],[],[],[],[],[]]","[""long int"",""Scalar"",""Scalar"","""","""",""Scalar"",""""]",87
aten::cat,"[[[1],[3]],[]]","[""TensorList"",""Scalar""]",87
aten::cumsum,"[[4],[],[]]","[""int"",""Scalar"",""""]",87
aten::is_pinned,"[[4],[]]","[""long int"",""""]",87
aten::pin_memory,"[[4],[]]","[""long int"",""""]",87
aten::to,"[[4],[],[],[],[],[],[],[]]","[""long int"",""Scalar"",""Scalar"","""","""",""Scalar"",""Scalar"",""""]",87
aten::select,"[[27],[],[]]","[""int"",""Scalar"",""Scalar""]",84
aten::as_strided,"[[25],[],[],[]]","[""int"",""ScalarList"",""ScalarList"",""Scalar""]",82
aten::as_strided,"[[32],[],[],[]]","[""int"",""ScalarList"",""ScalarList"",""Scalar""]",82
aten::as_strided,"[[4096,2048],[],[],[]]","[""c10::BFloat16"",""ScalarList"",""ScalarList"",""Scalar""]",81
aten::as_strided,"[[5089,2048],[],[],[]]","[""c10::BFloat16"",""ScalarList"",""ScalarList"",""Scalar""]",81
aten::slice,"[[4096,2048],[],[],[],[]]","[""c10::BFloat16"",""Scalar"",""Scalar"",""Scalar"",""Scalar""]",81
aten::slice,"[[5089,2048],[],[],[],[]]","[""c10::BFloat16"",""Scalar"",""Scalar"",""Scalar"",""Scalar""]",81
aten::view,"[[10422272],[]]","[""c10::BFloat16"",""ScalarList""]",81
aten::view,"[[8388608],[]]","[""c10::BFloat16"",""ScalarList""]",81
aten::flatten,"[[67108864],[],[]]","[""c10::BFloat16"",""Scalar"",""Scalar""]",80
aten::flatten,"[[83378176],[],[]]","[""c10::BFloat16"",""Scalar"",""Scalar""]",80
aten::reshape,"[[67108864],[]]","[""c10::BFloat16"",""ScalarList""]",80
aten::reshape,"[[83378176],[]]","[""c10::BFloat16"",""ScalarList""]",80
aten::view,"[[134217728],[]]","[""unsigned char"",""Scalar""]",80
aten::view,"[[166756352],[]]","[""unsigned char"",""Scalar""]",80
aten::view,"[[4096,256],[]]","[""c10::BFloat16"",""ScalarList""]",80
aten::view,"[[5089,256],[]]","[""c10::BFloat16"",""ScalarList""]",80
aten::slice,"[[32],[],[],[],[]]","[""int"",""Scalar"",""Scalar"",""Scalar"",""Scalar""]",79
aten::select,"[[25],[],[]]","[""int"",""Scalar"",""Scalar""]",78
aten::as_strided,"[[23],[],[],[]]","[""int"",""ScalarList"",""ScalarList"",""Scalar""]",76
aten::slice,"[[33],[],[],[],[]]","[""int"",""Scalar"",""Scalar"",""Scalar"",""Scalar""]",76
aten::select,"[[23],[],[]]","[""int"",""Scalar"",""Scalar""]",72
aten::as_strided,"[[16],[],[],[]]","[""int"",""ScalarList"",""ScalarList"",""Scalar""]",70
aten::as_strided,"[[21],[],[],[]]","[""int"",""ScalarList"",""ScalarList"",""Scalar""]",70
aten::slice,"[[16],[],[],[],[]]","[""int"",""Scalar"",""Scalar"",""Scalar"",""Scalar""]",67
aten::_to_copy,"[[1],[],[],[],[],[],[]]","[""int"",""Scalar"","""","""","""",""Scalar"",""""]",66
aten::copy_,"[[1],[1],[]]","[""long int"",""int"",""Scalar""]",66
aten::select,"[[17],[],[]]","[""int"",""Scalar"",""Scalar""]",66
aten::select,"[[21],[],[]]","[""int"",""Scalar"",""Scalar""]",66
aten::to,"[[1],[],[],[],[]]","[""int"",""Scalar"",""Scalar"",""Scalar"",""""]",66
aten::view,"[[1],[]]","[""long int"",""ScalarList""]",65
aten::as_strided,"[[19],[],[],[]]","[""int"",""ScalarList"",""ScalarList"",""Scalar""]",64
aten::as_strided,"[[8],[],[],[]]","[""int"",""ScalarList"",""ScalarList"",""Scalar""]",64
aten::lift_fresh,"[[3,4096]]","[""long int""]",64
aten::reshape,"[[1],[]]","[""long int"",""ScalarList""]",63
aten::as_strided,"[[3,4096],[],[],[]]","[""long int"",""ScalarList"",""ScalarList"",""Scalar""]",62
aten::slice,"[[3,4096],[],[],[],[]]","[""long int"",""Scalar"",""Scalar"",""Scalar"",""Scalar""]",62
aten::slice,"[[8],[],[],[],[]]","[""int"",""Scalar"",""Scalar"",""Scalar"",""Scalar""]",61
aten::_unsafe_view,"[[10,1024],[]]","[""c10::BFloat16"",""ScalarList""]",60
aten::_unsafe_view,"[[12,1024],[]]","[""c10::BFloat16"",""ScalarList""]",60
aten::_unsafe_view,"[[14,1024],[]]","[""c10::BFloat16"",""ScalarList""]",60
aten::_unsafe_view,"[[16,1024],[]]","[""c10::BFloat16"",""ScalarList""]",60
aten::_unsafe_view,"[[18,1024],[]]","[""c10::BFloat16"",""ScalarList""]",60
aten::_unsafe_view,"[[20,1024],[]]","[""c10::BFloat16"",""ScalarList""]",60
aten::_unsafe_view,"[[22,1024],[]]","[""c10::BFloat16"",""ScalarList""]",60
aten::_unsafe_view,"[[24,1024],[]]","[""c10::BFloat16"",""ScalarList""]",60
aten::_unsafe_view,"[[26,1024],[]]","[""c10::BFloat16"",""ScalarList""]",60
aten::_unsafe_view,"[[28,1024],[]]","[""c10::BFloat16"",""ScalarList""]",60
aten::_unsafe_view,"[[3,1024],[]]","[""c10::BFloat16"",""ScalarList""]",60
aten::_unsafe_view,"[[30,1024],[]]","[""c10::BFloat16"",""ScalarList""]",60
aten::_unsafe_view,"[[32,1024],[]]","[""c10::BFloat16"",""ScalarList""]",60
aten::_unsafe_view,"[[34,1024],[]]","[""c10::BFloat16"",""ScalarList""]",60
aten::_unsafe_view,"[[36,1024],[]]","[""c10::BFloat16"",""ScalarList""]",60
aten::_unsafe_view,"[[38,1024],[]]","[""c10::BFloat16"",""ScalarList""]",60
aten::_unsafe_view,"[[4,1024],[]]","[""c10::BFloat16"",""ScalarList""]",60
aten::_unsafe_view,"[[40,1024],[]]","[""c10::BFloat16"",""ScalarList""]",60
aten::_unsafe_view,"[[42,1024],[]]","[""c10::BFloat16"",""ScalarList""]",60
aten::_unsafe_view,"[[44,1024],[]]","[""c10::BFloat16"",""ScalarList""]",60
aten::_unsafe_view,"[[46,1024],[]]","[""c10::BFloat16"",""ScalarList""]",60
aten::_unsafe_view,"[[48,1024],[]]","[""c10::BFloat16"",""ScalarList""]",60
aten::_unsafe_view,"[[50,1024],[]]","[""c10::BFloat16"",""ScalarList""]",60
aten::_unsafe_view,"[[52,1024],[]]","[""c10::BFloat16"",""ScalarList""]",60
aten::_unsafe_view,"[[54,1024],[]]","[""c10::BFloat16"",""ScalarList""]",60
aten::_unsafe_view,"[[56,1024],[]]","[""c10::BFloat16"",""ScalarList""]",60
aten::_unsafe_view,"[[58,1024],[]]","[""c10::BFloat16"",""ScalarList""]",60
aten::_unsafe_view,"[[6,1024],[]]","[""c10::BFloat16"",""ScalarList""]",60
aten::_unsafe_view,"[[60,1024],[]]","[""c10::BFloat16"",""ScalarList""]",60
aten::_unsafe_view,"[[62,1024],[]]","[""c10::BFloat16"",""ScalarList""]",60
aten::_unsafe_view,"[[8,1024],[]]","[""c10::BFloat16"",""ScalarList""]",60
aten::as_strided,"[[1,4096,16,128],[],[],[]]","[""c10::BFloat16"",""ScalarList"",""ScalarList"",""""]",60
aten::as_strided,"[[1,4096,16],[],[],[]]","[""float"",""ScalarList"",""ScalarList"",""""]",60
aten::as_strided,"[[1,4096,8,128],[],[],[]]","[""c10::BFloat16"",""ScalarList"",""ScalarList"",""""]",60
aten::as_strided,"[[1,5027,16],[],[],[]]","[""float"",""ScalarList"",""ScalarList"",""""]",60
aten::as_strided,"[[1,5027,8,128],[],[],[]]","[""c10::BFloat16"",""ScalarList"",""ScalarList"",""""]",60
aten::as_strided,"[[1,8132,16],[],[],[]]","[""float"",""ScalarList"",""ScalarList"",""""]",60
aten::as_strided,"[[1,8132,8,128],[],[],[]]","[""c10::BFloat16"",""ScalarList"",""ScalarList"",""""]",60
aten::as_strided,"[[1,8134,16],[],[],[]]","[""float"",""ScalarList"",""ScalarList"",""""]",60
aten::as_strided,"[[1,8134,8,128],[],[],[]]","[""c10::BFloat16"",""ScalarList"",""ScalarList"",""""]",60
aten::as_strided,"[[1,8136,16],[],[],[]]","[""float"",""ScalarList"",""ScalarList"",""""]",60
aten::as_strided,"[[1,8136,8,128],[],[],[]]","[""c10::BFloat16"",""ScalarList"",""ScalarList"",""""]",60
aten::as_strided,"[[1,8138,16],[],[],[]]","[""float"",""ScalarList"",""ScalarList"",""""]",60
aten::as_strided,"[[1,8138,8,128],[],[],[]]","[""c10::BFloat16"",""ScalarList"",""ScalarList"",""""]",60
aten::as_strided,"[[1,8140,16],[],[],[]]","[""float"",""ScalarList"",""ScalarList"",""""]",60
aten::as_strided,"[[1,8140,8,128],[],[],[]]","[""c10::BFloat16"",""ScalarList"",""ScalarList"",""""]",60
aten::as_strided,"[[1,8142,16],[],[],[]]","[""float"",""ScalarList"",""ScalarList"",""""]",60
aten::as_strided,"[[1,8142,8,128],[],[],[]]","[""c10::BFloat16"",""ScalarList"",""ScalarList"",""""]",60
aten::as_strided,"[[1,8144,16],[],[],[]]","[""float"",""ScalarList"",""ScalarList"",""""]",60
aten::as_strided,"[[1,8144,8,128],[],[],[]]","[""c10::BFloat16"",""ScalarList"",""ScalarList"",""""]",60
aten::as_strided,"[[1,8146,16],[],[],[]]","[""float"",""ScalarList"",""ScalarList"",""""]",60
aten::as_strided,"[[1,8146,8,128],[],[],[]]","[""c10::BFloat16"",""ScalarList"",""ScalarList"",""""]",60
aten::as_strided,"[[1,8148,16],[],[],[]]","[""float"",""ScalarList"",""ScalarList"",""""]",60
aten::as_strided,"[[1,8148,8,128],[],[],[]]","[""c10::BFloat16"",""ScalarList"",""ScalarList"",""""]",60
aten::as_strided,"[[1,8150,16],[],[],[]]","[""float"",""ScalarList"",""ScalarList"",""""]",60
aten::as_strided,"[[1,8150,8,128],[],[],[]]","[""c10::BFloat16"",""ScalarList"",""ScalarList"",""""]",60
aten::as_strided,"[[1,8152,16],[],[],[]]","[""float"",""ScalarList"",""ScalarList"",""""]",60
aten::as_strided,"[[1,8152,8,128],[],[],[]]","[""c10::BFloat16"",""ScalarList"",""ScalarList"",""""]",60
aten::as_strided,"[[1,8154,16],[],[],[]]","[""float"",""ScalarList"",""ScalarList"",""""]",60
aten::as_strided,"[[1,8154,8,128],[],[],[]]","[""c10::BFloat16"",""ScalarList"",""ScalarList"",""""]",60
aten::as_strided,"[[1,8156,16],[],[],[]]","[""float"",""ScalarList"",""ScalarList"",""""]",60
aten::as_strided,"[[1,8156,8,128],[],[],[]]","[""c10::BFloat16"",""ScalarList"",""ScalarList"",""""]",60
aten::as_strided,"[[1,8158,16],[],[],[]]","[""float"",""ScalarList"",""ScalarList"",""""]",60
aten::as_strided,"[[1,8158,8,128],[],[],[]]","[""c10::BFloat16"",""ScalarList"",""ScalarList"",""""]",60
aten::as_strided,"[[1,8160,16],[],[],[]]","[""float"",""ScalarList"",""ScalarList"",""""]",60
aten::as_strided,"[[1,8160,8,128],[],[],[]]","[""c10::BFloat16"",""ScalarList"",""ScalarList"",""""]",60
aten::as_strided,"[[1,8162,16],[],[],[]]","[""float"",""ScalarList"",""ScalarList"",""""]",60
aten::as_strided,"[[1,8162,8,128],[],[],[]]","[""c10::BFloat16"",""ScalarList"",""ScalarList"",""""]",60
aten::as_strided,"[[1,8164,16],[],[],[]]","[""float"",""ScalarList"",""ScalarList"",""""]",60
aten::as_strided,"[[1,8164,8,128],[],[],[]]","[""c10::BFloat16"",""ScalarList"",""ScalarList"",""""]",60
aten::as_strided,"[[1,8166,16],[],[],[]]","[""float"",""ScalarList"",""ScalarList"",""""]",60
aten::as_strided,"[[1,8166,8,128],[],[],[]]","[""c10::BFloat16"",""ScalarList"",""ScalarList"",""""]",60
aten::as_strided,"[[1,8168,16],[],[],[]]","[""float"",""ScalarList"",""ScalarList"",""""]",60
aten::as_strided,"[[1,8168,8,128],[],[],[]]","[""c10::BFloat16"",""ScalarList"",""ScalarList"",""""]",60
aten::as_strided,"[[1,8170,16],[],[],[]]","[""float"",""ScalarList"",""ScalarList"",""""]",60
aten::as_strided,"[[1,8170,8,128],[],[],[]]","[""c10::BFloat16"",""ScalarList"",""ScalarList"",""""]",60
aten::as_strided,"[[1,8172,16],[],[],[]]","[""float"",""ScalarList"",""ScalarList"",""""]",60
aten::as_strided,"[[1,8172,8,128],[],[],[]]","[""c10::BFloat16"",""ScalarList"",""ScalarList"",""""]",60
aten::as_strided,"[[1,8174,16],[],[],[]]","[""float"",""ScalarList"",""ScalarList"",""""]",60
aten::as_strided,"[[1,8174,8,128],[],[],[]]","[""c10::BFloat16"",""ScalarList"",""ScalarList"",""""]",60
aten::as_strided,"[[1,8176,16],[],[],[]]","[""float"",""ScalarList"",""ScalarList"",""""]",60
aten::as_strided,"[[1,8176,8,128],[],[],[]]","[""c10::BFloat16"",""ScalarList"",""ScalarList"",""""]",60
aten::as_strided,"[[1,8178,16],[],[],[]]","[""float"",""ScalarList"",""ScalarList"",""""]",60
aten::as_strided,"[[1,8178,8,128],[],[],[]]","[""c10::BFloat16"",""ScalarList"",""ScalarList"",""""]",60
aten::as_strided,"[[1,8180,16],[],[],[]]","[""float"",""ScalarList"",""ScalarList"",""""]",60
aten::as_strided,"[[1,8180,8,128],[],[],[]]","[""c10::BFloat16"",""ScalarList"",""ScalarList"",""""]",60
aten::as_strided,"[[1,8182,16],[],[],[]]","[""float"",""ScalarList"",""ScalarList"",""""]",60
aten::as_strided,"[[1,8182,8,128],[],[],[]]","[""c10::BFloat16"",""ScalarList"",""ScalarList"",""""]",60
aten::as_strided,"[[1,8184,16],[],[],[]]","[""float"",""ScalarList"",""ScalarList"",""""]",60
aten::as_strided,"[[1,8184,8,128],[],[],[]]","[""c10::BFloat16"",""ScalarList"",""ScalarList"",""""]",60
aten::as_strided,"[[1,8186,16],[],[],[]]","[""float"",""ScalarList"",""ScalarList"",""""]",60
aten::as_strided,"[[1,8186,8,128],[],[],[]]","[""c10::BFloat16"",""ScalarList"",""ScalarList"",""""]",60
aten::as_strided,"[[1,8188,16],[],[],[]]","[""float"",""ScalarList"",""ScalarList"",""""]",60
aten::as_strided,"[[1,8188,8,128],[],[],[]]","[""c10::BFloat16"",""ScalarList"",""ScalarList"",""""]",60
aten::as_strided,"[[1,8189,16],[],[],[]]","[""float"",""ScalarList"",""ScalarList"",""""]",60
aten::as_strided,"[[1,8189,8,128],[],[],[]]","[""c10::BFloat16"",""ScalarList"",""ScalarList"",""""]",60
aten::as_strided,"[[1,8191,16],[],[],[]]","[""float"",""ScalarList"",""ScalarList"",""""]",60
aten::as_strided,"[[1,8191,8,128],[],[],[]]","[""c10::BFloat16"",""ScalarList"",""ScalarList"",""""]",60
aten::as_strided,"[[4096,16],[],[],[]]","[""c10::BFloat16"",""ScalarList"",""ScalarList"",""Scalar""]",60
aten::as_strided,"[[4096,4096],[],[],[]]","[""c10::BFloat16"",""ScalarList"",""ScalarList"",""""]",60
aten::clone,"[[10,1024],[]]","[""c10::BFloat16"",""Scalar""]",60
aten::clone,"[[12,1024],[]]","[""c10::BFloat16"",""Scalar""]",60
aten::clone,"[[14,1024],[]]","[""c10::BFloat16"",""Scalar""]",60
aten::clone,"[[16,1024],[]]","[""c10::BFloat16"",""Scalar""]",60
aten::clone,"[[18,1024],[]]","[""c10::BFloat16"",""Scalar""]",60
aten::clone,"[[20,1024],[]]","[""c10::BFloat16"",""Scalar""]",60
aten::clone,"[[22,1024],[]]","[""c10::BFloat16"",""Scalar""]",60
aten::clone,"[[24,1024],[]]","[""c10::BFloat16"",""Scalar""]",60
aten::clone,"[[26,1024],[]]","[""c10::BFloat16"",""Scalar""]",60
aten::clone,"[[28,1024],[]]","[""c10::BFloat16"",""Scalar""]",60
aten::clone,"[[3,1024],[]]","[""c10::BFloat16"",""Scalar""]",60
aten::clone,"[[30,1024],[]]","[""c10::BFloat16"",""Scalar""]",60
aten::clone,"[[32,1024],[]]","[""c10::BFloat16"",""Scalar""]",60
aten::clone,"[[34,1024],[]]","[""c10::BFloat16"",""Scalar""]",60
aten::clone,"[[36,1024],[]]","[""c10::BFloat16"",""Scalar""]",60
aten::clone,"[[38,1024],[]]","[""c10::BFloat16"",""Scalar""]",60
aten::clone,"[[4,1024],[]]","[""c10::BFloat16"",""Scalar""]",60
aten::clone,"[[40,1024],[]]","[""c10::BFloat16"",""Scalar""]",60
aten::clone,"[[42,1024],[]]","[""c10::BFloat16"",""Scalar""]",60
aten::clone,"[[44,1024],[]]","[""c10::BFloat16"",""Scalar""]",60
aten::clone,"[[46,1024],[]]","[""c10::BFloat16"",""Scalar""]",60
aten::clone,"[[48,1024],[]]","[""c10::BFloat16"",""Scalar""]",60
aten::clone,"[[50,1024],[]]","[""c10::BFloat16"",""Scalar""]",60
aten::clone,"[[52,1024],[]]","[""c10::BFloat16"",""Scalar""]",60
aten::clone,"[[54,1024],[]]","[""c10::BFloat16"",""Scalar""]",60
aten::clone,"[[56,1024],[]]","[""c10::BFloat16"",""Scalar""]",60
aten::clone,"[[58,1024],[]]","[""c10::BFloat16"",""Scalar""]",60
aten::clone,"[[6,1024],[]]","[""c10::BFloat16"",""Scalar""]",60
aten::clone,"[[60,1024],[]]","[""c10::BFloat16"",""Scalar""]",60
aten::clone,"[[62,1024],[]]","[""c10::BFloat16"",""Scalar""]",60
aten::clone,"[[8,1024],[]]","[""c10::BFloat16"",""Scalar""]",60
aten::copy_,"[[10,1024],[10,1024],[]]","[""c10::BFloat16"",""c10::BFloat16"",""Scalar""]",60
aten::copy_,"[[12,1024],[12,1024],[]]","[""c10::BFloat16"",""c10::BFloat16"",""Scalar""]",60
aten::copy_,"[[14,1024],[14,1024],[]]","[""c10::BFloat16"",""c10::BFloat16"",""Scalar""]",60
aten::copy_,"[[16,1024],[16,1024],[]]","[""c10::BFloat16"",""c10::BFloat16"",""Scalar""]",60
aten::copy_,"[[18,1024],[18,1024],[]]","[""c10::BFloat16"",""c10::BFloat16"",""Scalar""]",60
aten::copy_,"[[20,1024],[20,1024],[]]","[""c10::BFloat16"",""c10::BFloat16"",""Scalar""]",60
aten::copy_,"[[22,1024],[22,1024],[]]","[""c10::BFloat16"",""c10::BFloat16"",""Scalar""]",60
aten::copy_,"[[24,1024],[24,1024],[]]","[""c10::BFloat16"",""c10::BFloat16"",""Scalar""]",60
aten::copy_,"[[26,1024],[26,1024],[]]","[""c10::BFloat16"",""c10::BFloat16"",""Scalar""]",60
aten::copy_,"[[28,1024],[28,1024],[]]","[""c10::BFloat16"",""c10::BFloat16"",""Scalar""]",60
aten::copy_,"[[3,1024],[3,1024],[]]","[""c10::BFloat16"",""c10::BFloat16"",""Scalar""]",60
aten::copy_,"[[30,1024],[30,1024],[]]","[""c10::BFloat16"",""c10::BFloat16"",""Scalar""]",60
aten::copy_,"[[32,1024],[32,1024],[]]","[""c10::BFloat16"",""c10::BFloat16"",""Scalar""]",60
aten::copy_,"[[34,1024],[34,1024],[]]","[""c10::BFloat16"",""c10::BFloat16"",""Scalar""]",60
aten::copy_,"[[36,1024],[36,1024],[]]","[""c10::BFloat16"",""c10::BFloat16"",""Scalar""]",60
aten::copy_,"[[38,1024],[38,1024],[]]","[""c10::BFloat16"",""c10::BFloat16"",""Scalar""]",60
aten::copy_,"[[4,1024],[4,1024],[]]","[""c10::BFloat16"",""c10::BFloat16"",""Scalar""]",60
aten::copy_,"[[40,1024],[40,1024],[]]","[""c10::BFloat16"",""c10::BFloat16"",""Scalar""]",60
aten::copy_,"[[42,1024],[42,1024],[]]","[""c10::BFloat16"",""c10::BFloat16"",""Scalar""]",60
aten::copy_,"[[44,1024],[44,1024],[]]","[""c10::BFloat16"",""c10::BFloat16"",""Scalar""]",60
aten::copy_,"[[46,1024],[46,1024],[]]","[""c10::BFloat16"",""c10::BFloat16"",""Scalar""]",60
aten::copy_,"[[48,1024],[48,1024],[]]","[""c10::BFloat16"",""c10::BFloat16"",""Scalar""]",60
aten::copy_,"[[50,1024],[50,1024],[]]","[""c10::BFloat16"",""c10::BFloat16"",""Scalar""]",60
aten::copy_,"[[52,1024],[52,1024],[]]","[""c10::BFloat16"",""c10::BFloat16"",""Scalar""]",60
aten::copy_,"[[54,1024],[54,1024],[]]","[""c10::BFloat16"",""c10::BFloat16"",""Scalar""]",60
aten::copy_,"[[56,1024],[56,1024],[]]","[""c10::BFloat16"",""c10::BFloat16"",""Scalar""]",60
aten::copy_,"[[58,1024],[58,1024],[]]","[""c10::BFloat16"",""c10::BFloat16"",""Scalar""]",60
aten::copy_,"[[6,1024],[6,1024],[]]","[""c10::BFloat16"",""c10::BFloat16"",""Scalar""]",60
aten::copy_,"[[60,1024],[60,1024],[]]","[""c10::BFloat16"",""c10::BFloat16"",""Scalar""]",60
aten::copy_,"[[62,1024],[62,1024],[]]","[""c10::BFloat16"",""c10::BFloat16"",""Scalar""]",60
aten::copy_,"[[8,1024],[8,1024],[]]","[""c10::BFloat16"",""c10::BFloat16"",""Scalar""]",60
aten::empty_like,"[[10,1024],[],[],[],[],[]]","[""c10::BFloat16"",""Scalar"",""Scalar"","""","""",""Scalar""]",60
aten::empty_like,"[[12,1024],[],[],[],[],[]]","[""c10::BFloat16"",""Scalar"",""Scalar"","""","""",""Scalar""]",60
aten::empty_like,"[[14,1024],[],[],[],[],[]]","[""c10::BFloat16"",""Scalar"",""Scalar"","""","""",""Scalar""]",60
aten::empty_like,"[[16,1024],[],[],[],[],[]]","[""c10::BFloat16"",""Scalar"",""Scalar"","""","""",""Scalar""]",60
aten::empty_like,"[[18,1024],[],[],[],[],[]]","[""c10::BFloat16"",""Scalar"",""Scalar"","""","""",""Scalar""]",60
aten::empty_like,"[[20,1024],[],[],[],[],[]]","[""c10::BFloat16"",""Scalar"",""Scalar"","""","""",""Scalar""]",60
aten::empty_like,"[[22,1024],[],[],[],[],[]]","[""c10::BFloat16"",""Scalar"",""Scalar"","""","""",""Scalar""]",60
aten::empty_like,"[[24,1024],[],[],[],[],[]]","[""c10::BFloat16"",""Scalar"",""Scalar"","""","""",""Scalar""]",60
aten::empty_like,"[[26,1024],[],[],[],[],[]]","[""c10::BFloat16"",""Scalar"",""Scalar"","""","""",""Scalar""]",60
aten::empty_like,"[[28,1024],[],[],[],[],[]]","[""c10::BFloat16"",""Scalar"",""Scalar"","""","""",""Scalar""]",60
aten::empty_like,"[[3,1024],[],[],[],[],[]]","[""c10::BFloat16"",""Scalar"",""Scalar"","""","""",""Scalar""]",60
aten::empty_like,"[[30,1024],[],[],[],[],[]]","[""c10::BFloat16"",""Scalar"",""Scalar"","""","""",""Scalar""]",60
aten::empty_like,"[[32,1024],[],[],[],[],[]]","[""c10::BFloat16"",""Scalar"",""Scalar"","""","""",""Scalar""]",60
aten::empty_like,"[[34,1024],[],[],[],[],[]]","[""c10::BFloat16"",""Scalar"",""Scalar"","""","""",""Scalar""]",60
aten::empty_like,"[[36,1024],[],[],[],[],[]]","[""c10::BFloat16"",""Scalar"",""Scalar"","""","""",""Scalar""]",60
aten::empty_like,"[[38,1024],[],[],[],[],[]]","[""c10::BFloat16"",""Scalar"",""Scalar"","""","""",""Scalar""]",60
aten::empty_like,"[[4,1024],[],[],[],[],[]]","[""c10::BFloat16"",""Scalar"",""Scalar"","""","""",""Scalar""]",60
aten::empty_like,"[[40,1024],[],[],[],[],[]]","[""c10::BFloat16"",""Scalar"",""Scalar"","""","""",""Scalar""]",60
aten::empty_like,"[[42,1024],[],[],[],[],[]]","[""c10::BFloat16"",""Scalar"",""Scalar"","""","""",""Scalar""]",60
aten::empty_like,"[[44,1024],[],[],[],[],[]]","[""c10::BFloat16"",""Scalar"",""Scalar"","""","""",""Scalar""]",60
aten::empty_like,"[[46,1024],[],[],[],[],[]]","[""c10::BFloat16"",""Scalar"",""Scalar"","""","""",""Scalar""]",60
aten::empty_like,"[[48,1024],[],[],[],[],[]]","[""c10::BFloat16"",""Scalar"",""Scalar"","""","""",""Scalar""]",60
aten::empty_like,"[[50,1024],[],[],[],[],[]]","[""c10::BFloat16"",""Scalar"",""Scalar"","""","""",""Scalar""]",60
aten::empty_like,"[[52,1024],[],[],[],[],[]]","[""c10::BFloat16"",""Scalar"",""Scalar"","""","""",""Scalar""]",60
aten::empty_like,"[[54,1024],[],[],[],[],[]]","[""c10::BFloat16"",""Scalar"",""Scalar"","""","""",""Scalar""]",60
aten::empty_like,"[[56,1024],[],[],[],[],[]]","[""c10::BFloat16"",""Scalar"",""Scalar"","""","""",""Scalar""]",60
aten::empty_like,"[[58,1024],[],[],[],[],[]]","[""c10::BFloat16"",""Scalar"",""Scalar"","""","""",""Scalar""]",60
aten::empty_like,"[[6,1024],[],[],[],[],[]]","[""c10::BFloat16"",""Scalar"",""Scalar"","""","""",""Scalar""]",60
aten::empty_like,"[[60,1024],[],[],[],[],[]]","[""c10::BFloat16"",""Scalar"",""Scalar"","""","""",""Scalar""]",60
aten::empty_like,"[[62,1024],[],[],[],[],[]]","[""c10::BFloat16"",""Scalar"",""Scalar"","""","""",""Scalar""]",60
aten::empty_like,"[[8,1024],[],[],[],[],[]]","[""c10::BFloat16"",""Scalar"",""Scalar"","""","""",""Scalar""]",60
aten::reshape,"[[1,1024],[]]","[""c10::BFloat16"",""ScalarList""]",60
aten::reshape,"[[10,2048],[]]","[""c10::BFloat16"",""ScalarList""]",60
aten::reshape,"[[12,2048],[]]","[""c10::BFloat16"",""ScalarList""]",60
aten::reshape,"[[14,2048],[]]","[""c10::BFloat16"",""ScalarList""]",60
aten::reshape,"[[16,2048],[]]","[""c10::BFloat16"",""ScalarList""]",60
aten::reshape,"[[18,2048],[]]","[""c10::BFloat16"",""ScalarList""]",60
aten::reshape,"[[20,2048],[]]","[""c10::BFloat16"",""ScalarList""]",60
aten::reshape,"[[22,2048],[]]","[""c10::BFloat16"",""ScalarList""]",60
aten::reshape,"[[24,2048],[]]","[""c10::BFloat16"",""ScalarList""]",60
aten::reshape,"[[26,2048],[]]","[""c10::BFloat16"",""ScalarList""]",60
aten::reshape,"[[28,2048],[]]","[""c10::BFloat16"",""ScalarList""]",60
aten::reshape,"[[3,2048],[]]","[""c10::BFloat16"",""ScalarList""]",60
aten::reshape,"[[30,2048],[]]","[""c10::BFloat16"",""ScalarList""]",60
aten::reshape,"[[32,2048],[]]","[""c10::BFloat16"",""ScalarList""]",60
aten::reshape,"[[34,2048],[]]","[""c10::BFloat16"",""ScalarList""]",60
aten::reshape,"[[36,2048],[]]","[""c10::BFloat16"",""ScalarList""]",60
aten::reshape,"[[38,2048],[]]","[""c10::BFloat16"",""ScalarList""]",60
aten::reshape,"[[4,2048],[]]","[""c10::BFloat16"",""ScalarList""]",60
aten::reshape,"[[40,2048],[]]","[""c10::BFloat16"",""ScalarList""]",60
aten::reshape,"[[4096,16,128],[]]","[""c10::BFloat16"",""ScalarList""]",60
aten::reshape,"[[4096,16],[]]","[""float"",""ScalarList""]",60
aten::reshape,"[[4096,8,128],[]]","[""c10::BFloat16"",""ScalarList""]",60
aten::reshape,"[[42,2048],[]]","[""c10::BFloat16"",""ScalarList""]",60
aten::reshape,"[[44,2048],[]]","[""c10::BFloat16"",""ScalarList""]",60
aten::reshape,"[[46,2048],[]]","[""c10::BFloat16"",""ScalarList""]",60
aten::reshape,"[[48,2048],[]]","[""c10::BFloat16"",""ScalarList""]",60
aten::reshape,"[[50,2048],[]]","[""c10::BFloat16"",""ScalarList""]",60
aten::reshape,"[[5027,16,128],[]]","[""c10::BFloat16"",""ScalarList""]",60
aten::reshape,"[[5027,16],[]]","[""float"",""ScalarList""]",60
aten::reshape,"[[5027,8,128],[]]","[""c10::BFloat16"",""ScalarList""]",60
aten::reshape,"[[52,2048],[]]","[""c10::BFloat16"",""ScalarList""]",60
aten::reshape,"[[54,2048],[]]","[""c10::BFloat16"",""ScalarList""]",60
aten::reshape,"[[56,2048],[]]","[""c10::BFloat16"",""ScalarList""]",60
aten::reshape,"[[58,2048],[]]","[""c10::BFloat16"",""ScalarList""]",60
aten::reshape,"[[6,2048],[]]","[""c10::BFloat16"",""ScalarList""]",60
aten::reshape,"[[60,2048],[]]","[""c10::BFloat16"",""ScalarList""]",60
aten::reshape,"[[62,2048],[]]","[""c10::BFloat16"",""ScalarList""]",60
aten::reshape,"[[8,2048],[]]","[""c10::BFloat16"",""ScalarList""]",60
aten::reshape,"[[8132,16,128],[]]","[""c10::BFloat16"",""ScalarList""]",60
aten::reshape,"[[8132,16],[]]","[""float"",""ScalarList""]",60
aten::reshape,"[[8132,8,128],[]]","[""c10::BFloat16"",""ScalarList""]",60
aten::reshape,"[[8134,16,128],[]]","[""c10::BFloat16"",""ScalarList""]",60
aten::reshape,"[[8134,16],[]]","[""float"",""ScalarList""]",60
aten::reshape,"[[8134,8,128],[]]","[""c10::BFloat16"",""ScalarList""]",60
aten::reshape,"[[8136,16,128],[]]","[""c10::BFloat16"",""ScalarList""]",60
aten::reshape,"[[8136,16],[]]","[""float"",""ScalarList""]",60
aten::reshape,"[[8136,8,128],[]]","[""c10::BFloat16"",""ScalarList""]",60
aten::reshape,"[[8138,16,128],[]]","[""c10::BFloat16"",""ScalarList""]",60
aten::reshape,"[[8138,16],[]]","[""float"",""ScalarList""]",60
aten::reshape,"[[8138,8,128],[]]","[""c10::BFloat16"",""ScalarList""]",60
aten::reshape,"[[8140,16,128],[]]","[""c10::BFloat16"",""ScalarList""]",60
aten::reshape,"[[8140,16],[]]","[""float"",""ScalarList""]",60
aten::reshape,"[[8140,8,128],[]]","[""c10::BFloat16"",""ScalarList""]",60
aten::reshape,"[[8142,16,128],[]]","[""c10::BFloat16"",""ScalarList""]",60
aten::reshape,"[[8142,16],[]]","[""float"",""ScalarList""]",60
aten::reshape,"[[8142,8,128],[]]","[""c10::BFloat16"",""ScalarList""]",60
aten::reshape,"[[8144,16,128],[]]","[""c10::BFloat16"",""ScalarList""]",60
aten::reshape,"[[8144,16],[]]","[""float"",""ScalarList""]",60
aten::reshape,"[[8144,8,128],[]]","[""c10::BFloat16"",""ScalarList""]",60
aten::reshape,"[[8146,16,128],[]]","[""c10::BFloat16"",""ScalarList""]",60
aten::reshape,"[[8146,16],[]]","[""float"",""ScalarList""]",60
aten::reshape,"[[8146,8,128],[]]","[""c10::BFloat16"",""ScalarList""]",60
aten::reshape,"[[8148,16,128],[]]","[""c10::BFloat16"",""ScalarList""]",60
aten::reshape,"[[8148,16],[]]","[""float"",""ScalarList""]",60
aten::reshape,"[[8148,8,128],[]]","[""c10::BFloat16"",""ScalarList""]",60
aten::reshape,"[[8150,16,128],[]]","[""c10::BFloat16"",""ScalarList""]",60
aten::reshape,"[[8150,16],[]]","[""float"",""ScalarList""]",60
aten::reshape,"[[8150,8,128],[]]","[""c10::BFloat16"",""ScalarList""]",60
aten::reshape,"[[8152,16,128],[]]","[""c10::BFloat16"",""ScalarList""]",60
aten::reshape,"[[8152,16],[]]","[""float"",""ScalarList""]",60
aten::reshape,"[[8152,8,128],[]]","[""c10::BFloat16"",""ScalarList""]",60
aten::reshape,"[[8154,16,128],[]]","[""c10::BFloat16"",""ScalarList""]",60
aten::reshape,"[[8154,16],[]]","[""float"",""ScalarList""]",60
aten::reshape,"[[8154,8,128],[]]","[""c10::BFloat16"",""ScalarList""]",60
aten::reshape,"[[8156,16,128],[]]","[""c10::BFloat16"",""ScalarList""]",60
aten::reshape,"[[8156,16],[]]","[""float"",""ScalarList""]",60
aten::reshape,"[[8156,8,128],[]]","[""c10::BFloat16"",""ScalarList""]",60
aten::reshape,"[[8158,16,128],[]]","[""c10::BFloat16"",""ScalarList""]",60
aten::reshape,"[[8158,16],[]]","[""float"",""ScalarList""]",60
aten::reshape,"[[8158,8,128],[]]","[""c10::BFloat16"",""ScalarList""]",60
aten::reshape,"[[8160,16,128],[]]","[""c10::BFloat16"",""ScalarList""]",60
aten::reshape,"[[8160,16],[]]","[""float"",""ScalarList""]",60
aten::reshape,"[[8160,8,128],[]]","[""c10::BFloat16"",""ScalarList""]",60
aten::reshape,"[[8162,16,128],[]]","[""c10::BFloat16"",""ScalarList""]",60
aten::reshape,"[[8162,16],[]]","[""float"",""ScalarList""]",60
aten::reshape,"[[8162,8,128],[]]","[""c10::BFloat16"",""ScalarList""]",60
aten::reshape,"[[8164,16,128],[]]","[""c10::BFloat16"",""ScalarList""]",60
aten::reshape,"[[8164,16],[]]","[""float"",""ScalarList""]",60
aten::reshape,"[[8164,8,128],[]]","[""c10::BFloat16"",""ScalarList""]",60
aten::reshape,"[[8166,16,128],[]]","[""c10::BFloat16"",""ScalarList""]",60
aten::reshape,"[[8166,16],[]]","[""float"",""ScalarList""]",60
aten::reshape,"[[8166,8,128],[]]","[""c10::BFloat16"",""ScalarList""]",60
aten::reshape,"[[8168,16,128],[]]","[""c10::BFloat16"",""ScalarList""]",60
aten::reshape,"[[8168,16],[]]","[""float"",""ScalarList""]",60
aten::reshape,"[[8168,8,128],[]]","[""c10::BFloat16"",""ScalarList""]",60
aten::reshape,"[[8170,16,128],[]]","[""c10::BFloat16"",""ScalarList""]",60
aten::reshape,"[[8170,16],[]]","[""float"",""ScalarList""]",60
aten::reshape,"[[8170,8,128],[]]","[""c10::BFloat16"",""ScalarList""]",60
aten::reshape,"[[8172,16,128],[]]","[""c10::BFloat16"",""ScalarList""]",60
aten::reshape,"[[8172,16],[]]","[""float"",""ScalarList""]",60
aten::reshape,"[[8172,8,128],[]]","[""c10::BFloat16"",""ScalarList""]",60
aten::reshape,"[[8174,16,128],[]]","[""c10::BFloat16"",""ScalarList""]",60
aten::reshape,"[[8174,16],[]]","[""float"",""ScalarList""]",60
aten::reshape,"[[8174,8,128],[]]","[""c10::BFloat16"",""ScalarList""]",60
aten::reshape,"[[8176,16,128],[]]","[""c10::BFloat16"",""ScalarList""]",60
aten::reshape,"[[8176,16],[]]","[""float"",""ScalarList""]",60
aten::reshape,"[[8176,8,128],[]]","[""c10::BFloat16"",""ScalarList""]",60
aten::reshape,"[[8178,16,128],[]]","[""c10::BFloat16"",""ScalarList""]",60
aten::reshape,"[[8178,16],[]]","[""float"",""ScalarList""]",60
aten::reshape,"[[8178,8,128],[]]","[""c10::BFloat16"",""ScalarList""]",60
aten::reshape,"[[8180,16,128],[]]","[""c10::BFloat16"",""ScalarList""]",60
aten::reshape,"[[8180,16],[]]","[""float"",""ScalarList""]",60
aten::reshape,"[[8180,8,128],[]]","[""c10::BFloat16"",""ScalarList""]",60
aten::reshape,"[[8182,16,128],[]]","[""c10::BFloat16"",""ScalarList""]",60
aten::reshape,"[[8182,16],[]]","[""float"",""ScalarList""]",60
aten::reshape,"[[8182,8,128],[]]","[""c10::BFloat16"",""ScalarList""]",60
aten::reshape,"[[8184,16,128],[]]","[""c10::BFloat16"",""ScalarList""]",60
aten::reshape,"[[8184,16],[]]","[""float"",""ScalarList""]",60
aten::reshape,"[[8184,8,128],[]]","[""c10::BFloat16"",""ScalarList""]",60
aten::reshape,"[[8186,16,128],[]]","[""c10::BFloat16"",""ScalarList""]",60
aten::reshape,"[[8186,16],[]]","[""float"",""ScalarList""]",60
aten::reshape,"[[8186,8,128],[]]","[""c10::BFloat16"",""ScalarList""]",60
aten::reshape,"[[8188,16,128],[]]","[""c10::BFloat16"",""ScalarList""]",60
aten::reshape,"[[8188,16],[]]","[""float"",""ScalarList""]",60
aten::reshape,"[[8188,8,128],[]]","[""c10::BFloat16"",""ScalarList""]",60
aten::reshape,"[[8189,16,128],[]]","[""c10::BFloat16"",""ScalarList""]",60
aten::reshape,"[[8189,16],[]]","[""float"",""ScalarList""]",60
aten::reshape,"[[8189,8,128],[]]","[""c10::BFloat16"",""ScalarList""]",60
aten::reshape,"[[8191,16,128],[]]","[""c10::BFloat16"",""ScalarList""]",60
aten::reshape,"[[8191,16],[]]","[""float"",""ScalarList""]",60
aten::reshape,"[[8191,8,128],[]]","[""c10::BFloat16"",""ScalarList""]",60
aten::select,"[[19],[],[]]","[""int"",""Scalar"",""Scalar""]",60
aten::slice,"[[4096,16],[],[],[],[]]","[""c10::BFloat16"",""Scalar"",""Scalar"",""Scalar"",""Scalar""]",60
aten::squeeze,"[[1,4096,16,128],[]]","[""c10::BFloat16"",""Scalar""]",60
aten::squeeze,"[[1,4096,16],[]]","[""float"",""Scalar""]",60
aten::squeeze,"[[1,4096,8,128],[]]","[""c10::BFloat16"",""Scalar""]",60
aten::squeeze,"[[1,5027,16],[]]","[""float"",""Scalar""]",60
aten::squeeze,"[[1,5027,8,128],[]]","[""c10::BFloat16"",""Scalar""]",60
aten::squeeze,"[[1,8132,16],[]]","[""float"",""Scalar""]",60
aten::squeeze,"[[1,8132,8,128],[]]","[""c10::BFloat16"",""Scalar""]",60
aten::squeeze,"[[1,8134,16],[]]","[""float"",""Scalar""]",60
aten::squeeze,"[[1,8134,8,128],[]]","[""c10::BFloat16"",""Scalar""]",60
aten::squeeze,"[[1,8136,16],[]]","[""float"",""Scalar""]",60
aten::squeeze,"[[1,8136,8,128],[]]","[""c10::BFloat16"",""Scalar""]",60
aten::squeeze,"[[1,8138,16],[]]","[""float"",""Scalar""]",60
aten::squeeze,"[[1,8138,8,128],[]]","[""c10::BFloat16"",""Scalar""]",60
aten::squeeze,"[[1,8140,16],[]]","[""float"",""Scalar""]",60
aten::squeeze,"[[1,8140,8,128],[]]","[""c10::BFloat16"",""Scalar""]",60
aten::squeeze,"[[1,8142,16],[]]","[""float"",""Scalar""]",60
aten::squeeze,"[[1,8142,8,128],[]]","[""c10::BFloat16"",""Scalar""]",60
aten::squeeze,"[[1,8144,16],[]]","[""float"",""Scalar""]",60
aten::squeeze,"[[1,8144,8,128],[]]","[""c10::BFloat16"",""Scalar""]",60
aten::squeeze,"[[1,8146,16],[]]","[""float"",""Scalar""]",60
aten::squeeze,"[[1,8146,8,128],[]]","[""c10::BFloat16"",""Scalar""]",60
aten::squeeze,"[[1,8148,16],[]]","[""float"",""Scalar""]",60
aten::squeeze,"[[1,8148,8,128],[]]","[""c10::BFloat16"",""Scalar""]",60
aten::squeeze,"[[1,8150,16],[]]","[""float"",""Scalar""]",60
aten::squeeze,"[[1,8150,8,128],[]]","[""c10::BFloat16"",""Scalar""]",60
aten::squeeze,"[[1,8152,16],[]]","[""float"",""Scalar""]",60
aten::squeeze,"[[1,8152,8,128],[]]","[""c10::BFloat16"",""Scalar""]",60
aten::squeeze,"[[1,8154,16],[]]","[""float"",""Scalar""]",60
aten::squeeze,"[[1,8154,8,128],[]]","[""c10::BFloat16"",""Scalar""]",60
aten::squeeze,"[[1,8156,16],[]]","[""float"",""Scalar""]",60
aten::squeeze,"[[1,8156,8,128],[]]","[""c10::BFloat16"",""Scalar""]",60
aten::squeeze,"[[1,8158,16],[]]","[""float"",""Scalar""]",60
aten::squeeze,"[[1,8158,8,128],[]]","[""c10::BFloat16"",""Scalar""]",60
aten::squeeze,"[[1,8160,16],[]]","[""float"",""Scalar""]",60
aten::squeeze,"[[1,8160,8,128],[]]","[""c10::BFloat16"",""Scalar""]",60
aten::squeeze,"[[1,8162,16],[]]","[""float"",""Scalar""]",60
aten::squeeze,"[[1,8162,8,128],[]]","[""c10::BFloat16"",""Scalar""]",60
aten::squeeze,"[[1,8164,16],[]]","[""float"",""Scalar""]",60
aten::squeeze,"[[1,8164,8,128],[]]","[""c10::BFloat16"",""Scalar""]",60
aten::squeeze,"[[1,8166,16],[]]","[""float"",""Scalar""]",60
aten::squeeze,"[[1,8166,8,128],[]]","[""c10::BFloat16"",""Scalar""]",60
aten::squeeze,"[[1,8168,16],[]]","[""float"",""Scalar""]",60
aten::squeeze,"[[1,8168,8,128],[]]","[""c10::BFloat16"",""Scalar""]",60
aten::squeeze,"[[1,8170,16],[]]","[""float"",""Scalar""]",60
aten::squeeze,"[[1,8170,8,128],[]]","[""c10::BFloat16"",""Scalar""]",60
aten::squeeze,"[[1,8172,16],[]]","[""float"",""Scalar""]",60
aten::squeeze,"[[1,8172,8,128],[]]","[""c10::BFloat16"",""Scalar""]",60
aten::squeeze,"[[1,8174,16],[]]","[""float"",""Scalar""]",60
aten::squeeze,"[[1,8174,8,128],[]]","[""c10::BFloat16"",""Scalar""]",60
aten::squeeze,"[[1,8176,16],[]]","[""float"",""Scalar""]",60
aten::squeeze,"[[1,8176,8,128],[]]","[""c10::BFloat16"",""Scalar""]",60
aten::squeeze,"[[1,8178,16],[]]","[""float"",""Scalar""]",60
aten::squeeze,"[[1,8178,8,128],[]]","[""c10::BFloat16"",""Scalar""]",60
aten::squeeze,"[[1,8180,16],[]]","[""float"",""Scalar""]",60
aten::squeeze,"[[1,8180,8,128],[]]","[""c10::BFloat16"",""Scalar""]",60
aten::squeeze,"[[1,8182,16],[]]","[""float"",""Scalar""]",60
aten::squeeze,"[[1,8182,8,128],[]]","[""c10::BFloat16"",""Scalar""]",60
aten::squeeze,"[[1,8184,16],[]]","[""float"",""Scalar""]",60
aten::squeeze,"[[1,8184,8,128],[]]","[""c10::BFloat16"",""Scalar""]",60
aten::squeeze,"[[1,8186,16],[]]","[""float"",""Scalar""]",60
aten::squeeze,"[[1,8186,8,128],[]]","[""c10::BFloat16"",""Scalar""]",60
aten::squeeze,"[[1,8188,16],[]]","[""float"",""Scalar""]",60
aten::squeeze,"[[1,8188,8,128],[]]","[""c10::BFloat16"",""Scalar""]",60
aten::squeeze,"[[1,8189,16],[]]","[""float"",""Scalar""]",60
aten::squeeze,"[[1,8189,8,128],[]]","[""c10::BFloat16"",""Scalar""]",60
aten::squeeze,"[[1,8191,16],[]]","[""float"",""Scalar""]",60
aten::squeeze,"[[1,8191,8,128],[]]","[""c10::BFloat16"",""Scalar""]",60
aten::to,"[[1,16,128,128],[],[],[],[]]","[""float"",""Scalar"",""Scalar"",""Scalar"",""""]",60
aten::to,"[[4096,16],[],[],[],[]]","[""float"",""Scalar"",""Scalar"",""Scalar"",""""]",60
aten::to,"[[4096,4096],[],[],[],[]]","[""c10::BFloat16"",""Scalar"",""Scalar"",""Scalar"",""""]",60
aten::to,"[[4096,5089],[],[],[],[]]","[""c10::BFloat16"",""Scalar"",""Scalar"",""Scalar"",""""]",60
aten::to,"[[5027,16],[],[],[],[]]","[""float"",""Scalar"",""Scalar"",""Scalar"",""""]",60
aten::to,"[[8132,16],[],[],[],[]]","[""float"",""Scalar"",""Scalar"",""Scalar"",""""]",60
aten::to,"[[8134,16],[],[],[],[]]","[""float"",""Scalar"",""Scalar"",""Scalar"",""""]",60
aten::to,"[[8136,16],[],[],[],[]]","[""float"",""Scalar"",""Scalar"",""Scalar"",""""]",60
aten::to,"[[8138,16],[],[],[],[]]","[""float"",""Scalar"",""Scalar"",""Scalar"",""""]",60
aten::to,"[[8140,16],[],[],[],[]]","[""float"",""Scalar"",""Scalar"",""Scalar"",""""]",60
aten::to,"[[8142,16],[],[],[],[]]","[""float"",""Scalar"",""Scalar"",""Scalar"",""""]",60
aten::to,"[[8144,16],[],[],[],[]]","[""float"",""Scalar"",""Scalar"",""Scalar"",""""]",60
aten::to,"[[8146,16],[],[],[],[]]","[""float"",""Scalar"",""Scalar"",""Scalar"",""""]",60
aten::to,"[[8148,16],[],[],[],[]]","[""float"",""Scalar"",""Scalar"",""Scalar"",""""]",60
aten::to,"[[8150,16],[],[],[],[]]","[""float"",""Scalar"",""Scalar"",""Scalar"",""""]",60
aten::to,"[[8152,16],[],[],[],[]]","[""float"",""Scalar"",""Scalar"",""Scalar"",""""]",60
aten::to,"[[8154,16],[],[],[],[]]","[""float"",""Scalar"",""Scalar"",""Scalar"",""""]",60
aten::to,"[[8156,16],[],[],[],[]]","[""float"",""Scalar"",""Scalar"",""Scalar"",""""]",60
aten::to,"[[8158,16],[],[],[],[]]","[""float"",""Scalar"",""Scalar"",""Scalar"",""""]",60
aten::to,"[[8160,16],[],[],[],[]]","[""float"",""Scalar"",""Scalar"",""Scalar"",""""]",60
aten::to,"[[8162,16],[],[],[],[]]","[""float"",""Scalar"",""Scalar"",""Scalar"",""""]",60
aten::to,"[[8164,16],[],[],[],[]]","[""float"",""Scalar"",""Scalar"",""Scalar"",""""]",60
aten::to,"[[8166,16],[],[],[],[]]","[""float"",""Scalar"",""Scalar"",""Scalar"",""""]",60
aten::to,"[[8168,16],[],[],[],[]]","[""float"",""Scalar"",""Scalar"",""Scalar"",""""]",60
aten::to,"[[8170,16],[],[],[],[]]","[""float"",""Scalar"",""Scalar"",""Scalar"",""""]",60
aten::to,"[[8172,16],[],[],[],[]]","[""float"",""Scalar"",""Scalar"",""Scalar"",""""]",60
aten::to,"[[8174,16],[],[],[],[]]","[""float"",""Scalar"",""Scalar"",""Scalar"",""""]",60
aten::to,"[[8176,16],[],[],[],[]]","[""float"",""Scalar"",""Scalar"",""Scalar"",""""]",60
aten::to,"[[8178,16],[],[],[],[]]","[""float"",""Scalar"",""Scalar"",""Scalar"",""""]",60
aten::to,"[[8180,16],[],[],[],[]]","[""float"",""Scalar"",""Scalar"",""Scalar"",""""]",60
aten::to,"[[8182,16],[],[],[],[]]","[""float"",""Scalar"",""Scalar"",""Scalar"",""""]",60
aten::to,"[[8184,16],[],[],[],[]]","[""float"",""Scalar"",""Scalar"",""Scalar"",""""]",60
aten::to,"[[8186,16],[],[],[],[]]","[""float"",""Scalar"",""Scalar"",""Scalar"",""""]",60
aten::to,"[[8188,16],[],[],[],[]]","[""float"",""Scalar"",""Scalar"",""Scalar"",""""]",60
aten::to,"[[8189,16],[],[],[],[]]","[""float"",""Scalar"",""Scalar"",""Scalar"",""""]",60
aten::to,"[[8191,16],[],[],[],[]]","[""float"",""Scalar"",""Scalar"",""Scalar"",""""]",60
aten::transpose,"[[4096,4096],[],[]]","[""c10::BFloat16"",""Scalar"",""Scalar""]",60
aten::unsqueeze,"[[4096,16,128],[]]","[""c10::BFloat16"",""Scalar""]",60
aten::unsqueeze,"[[4096,16],[]]","[""float"",""Scalar""]",60
aten::unsqueeze,"[[4096,8,128],[]]","[""c10::BFloat16"",""Scalar""]",60
aten::unsqueeze,"[[5027,16,128],[]]","[""c10::BFloat16"",""Scalar""]",60
aten::unsqueeze,"[[5027,16],[]]","[""float"",""Scalar""]",60
aten::unsqueeze,"[[5027,8,128],[]]","[""c10::BFloat16"",""Scalar""]",60
aten::unsqueeze,"[[8132,16,128],[]]","[""c10::BFloat16"",""Scalar""]",60
aten::unsqueeze,"[[8132,16],[]]","[""float"",""Scalar""]",60
aten::unsqueeze,"[[8132,8,128],[]]","[""c10::BFloat16"",""Scalar""]",60
aten::unsqueeze,"[[8134,16,128],[]]","[""c10::BFloat16"",""Scalar""]",60
aten::unsqueeze,"[[8134,16],[]]","[""float"",""Scalar""]",60
aten::unsqueeze,"[[8134,8,128],[]]","[""c10::BFloat16"",""Scalar""]",60
aten::unsqueeze,"[[8136,16,128],[]]","[""c10::BFloat16"",""Scalar""]",60
aten::unsqueeze,"[[8136,16],[]]","[""float"",""Scalar""]",60
aten::unsqueeze,"[[8136,8,128],[]]","[""c10::BFloat16"",""Scalar""]",60
aten::unsqueeze,"[[8138,16,128],[]]","[""c10::BFloat16"",""Scalar""]",60
aten::unsqueeze,"[[8138,16],[]]","[""float"",""Scalar""]",60
aten::unsqueeze,"[[8138,8,128],[]]","[""c10::BFloat16"",""Scalar""]",60
aten::unsqueeze,"[[8140,16,128],[]]","[""c10::BFloat16"",""Scalar""]",60
aten::unsqueeze,"[[8140,16],[]]","[""float"",""Scalar""]",60
aten::unsqueeze,"[[8140,8,128],[]]","[""c10::BFloat16"",""Scalar""]",60
aten::unsqueeze,"[[8142,16,128],[]]","[""c10::BFloat16"",""Scalar""]",60
aten::unsqueeze,"[[8142,16],[]]","[""float"",""Scalar""]",60
aten::unsqueeze,"[[8142,8,128],[]]","[""c10::BFloat16"",""Scalar""]",60
aten::unsqueeze,"[[8144,16,128],[]]","[""c10::BFloat16"",""Scalar""]",60
aten::unsqueeze,"[[8144,16],[]]","[""float"",""Scalar""]",60
aten::unsqueeze,"[[8144,8,128],[]]","[""c10::BFloat16"",""Scalar""]",60
aten::unsqueeze,"[[8146,16,128],[]]","[""c10::BFloat16"",""Scalar""]",60
aten::unsqueeze,"[[8146,16],[]]","[""float"",""Scalar""]",60
aten::unsqueeze,"[[8146,8,128],[]]","[""c10::BFloat16"",""Scalar""]",60
aten::unsqueeze,"[[8148,16,128],[]]","[""c10::BFloat16"",""Scalar""]",60
aten::unsqueeze,"[[8148,16],[]]","[""float"",""Scalar""]",60
aten::unsqueeze,"[[8148,8,128],[]]","[""c10::BFloat16"",""Scalar""]",60
aten::unsqueeze,"[[8150,16,128],[]]","[""c10::BFloat16"",""Scalar""]",60
aten::unsqueeze,"[[8150,16],[]]","[""float"",""Scalar""]",60
aten::unsqueeze,"[[8150,8,128],[]]","[""c10::BFloat16"",""Scalar""]",60
aten::unsqueeze,"[[8152,16,128],[]]","[""c10::BFloat16"",""Scalar""]",60
aten::unsqueeze,"[[8152,16],[]]","[""float"",""Scalar""]",60
aten::unsqueeze,"[[8152,8,128],[]]","[""c10::BFloat16"",""Scalar""]",60
aten::unsqueeze,"[[8154,16,128],[]]","[""c10::BFloat16"",""Scalar""]",60
aten::unsqueeze,"[[8154,16],[]]","[""float"",""Scalar""]",60
aten::unsqueeze,"[[8154,8,128],[]]","[""c10::BFloat16"",""Scalar""]",60
aten::unsqueeze,"[[8156,16,128],[]]","[""c10::BFloat16"",""Scalar""]",60
aten::unsqueeze,"[[8156,16],[]]","[""float"",""Scalar""]",60
aten::unsqueeze,"[[8156,8,128],[]]","[""c10::BFloat16"",""Scalar""]",60
aten::unsqueeze,"[[8158,16,128],[]]","[""c10::BFloat16"",""Scalar""]",60
aten::unsqueeze,"[[8158,16],[]]","[""float"",""Scalar""]",60
aten::unsqueeze,"[[8158,8,128],[]]","[""c10::BFloat16"",""Scalar""]",60
aten::unsqueeze,"[[8160,16,128],[]]","[""c10::BFloat16"",""Scalar""]",60
aten::unsqueeze,"[[8160,16],[]]","[""float"",""Scalar""]",60
aten::unsqueeze,"[[8160,8,128],[]]","[""c10::BFloat16"",""Scalar""]",60
aten::unsqueeze,"[[8162,16,128],[]]","[""c10::BFloat16"",""Scalar""]",60
aten::unsqueeze,"[[8162,16],[]]","[""float"",""Scalar""]",60
aten::unsqueeze,"[[8162,8,128],[]]","[""c10::BFloat16"",""Scalar""]",60
aten::unsqueeze,"[[8164,16,128],[]]","[""c10::BFloat16"",""Scalar""]",60
aten::unsqueeze,"[[8164,16],[]]","[""float"",""Scalar""]",60
aten::unsqueeze,"[[8164,8,128],[]]","[""c10::BFloat16"",""Scalar""]",60
aten::unsqueeze,"[[8166,16,128],[]]","[""c10::BFloat16"",""Scalar""]",60
aten::unsqueeze,"[[8166,16],[]]","[""float"",""Scalar""]",60
aten::unsqueeze,"[[8166,8,128],[]]","[""c10::BFloat16"",""Scalar""]",60
aten::unsqueeze,"[[8168,16,128],[]]","[""c10::BFloat16"",""Scalar""]",60
aten::unsqueeze,"[[8168,16],[]]","[""float"",""Scalar""]",60
aten::unsqueeze,"[[8168,8,128],[]]","[""c10::BFloat16"",""Scalar""]",60
aten::unsqueeze,"[[8170,16,128],[]]","[""c10::BFloat16"",""Scalar""]",60
aten::unsqueeze,"[[8170,16],[]]","[""float"",""Scalar""]",60
aten::unsqueeze,"[[8170,8,128],[]]","[""c10::BFloat16"",""Scalar""]",60
aten::unsqueeze,"[[8172,16,128],[]]","[""c10::BFloat16"",""Scalar""]",60
aten::unsqueeze,"[[8172,16],[]]","[""float"",""Scalar""]",60
aten::unsqueeze,"[[8172,8,128],[]]","[""c10::BFloat16"",""Scalar""]",60
aten::unsqueeze,"[[8174,16,128],[]]","[""c10::BFloat16"",""Scalar""]",60
aten::unsqueeze,"[[8174,16],[]]","[""float"",""Scalar""]",60
aten::unsqueeze,"[[8174,8,128],[]]","[""c10::BFloat16"",""Scalar""]",60
aten::unsqueeze,"[[8176,16,128],[]]","[""c10::BFloat16"",""Scalar""]",60
aten::unsqueeze,"[[8176,16],[]]","[""float"",""Scalar""]",60
aten::unsqueeze,"[[8176,8,128],[]]","[""c10::BFloat16"",""Scalar""]",60
aten::unsqueeze,"[[8178,16,128],[]]","[""c10::BFloat16"",""Scalar""]",60
aten::unsqueeze,"[[8178,16],[]]","[""float"",""Scalar""]",60
aten::unsqueeze,"[[8178,8,128],[]]","[""c10::BFloat16"",""Scalar""]",60
aten::unsqueeze,"[[8180,16,128],[]]","[""c10::BFloat16"",""Scalar""]",60
aten::unsqueeze,"[[8180,16],[]]","[""float"",""Scalar""]",60
aten::unsqueeze,"[[8180,8,128],[]]","[""c10::BFloat16"",""Scalar""]",60
aten::unsqueeze,"[[8182,16,128],[]]","[""c10::BFloat16"",""Scalar""]",60
aten::unsqueeze,"[[8182,16],[]]","[""float"",""Scalar""]",60
aten::unsqueeze,"[[8182,8,128],[]]","[""c10::BFloat16"",""Scalar""]",60
aten::unsqueeze,"[[8184,16,128],[]]","[""c10::BFloat16"",""Scalar""]",60
aten::unsqueeze,"[[8184,16],[]]","[""float"",""Scalar""]",60
aten::unsqueeze,"[[8184,8,128],[]]","[""c10::BFloat16"",""Scalar""]",60
aten::unsqueeze,"[[8186,16,128],[]]","[""c10::BFloat16"",""Scalar""]",60
aten::unsqueeze,"[[8186,16],[]]","[""float"",""Scalar""]",60
aten::unsqueeze,"[[8186,8,128],[]]","[""c10::BFloat16"",""Scalar""]",60
aten::unsqueeze,"[[8188,16,128],[]]","[""c10::BFloat16"",""Scalar""]",60
aten::unsqueeze,"[[8188,16],[]]","[""float"",""Scalar""]",60
aten::unsqueeze,"[[8188,8,128],[]]","[""c10::BFloat16"",""Scalar""]",60
aten::unsqueeze,"[[8189,16,128],[]]","[""c10::BFloat16"",""Scalar""]",60
aten::unsqueeze,"[[8189,16],[]]","[""float"",""Scalar""]",60
aten::unsqueeze,"[[8189,8,128],[]]","[""c10::BFloat16"",""Scalar""]",60
aten::unsqueeze,"[[8191,16,128],[]]","[""c10::BFloat16"",""Scalar""]",60
aten::unsqueeze,"[[8191,16],[]]","[""float"",""Scalar""]",60
aten::unsqueeze,"[[8191,8,128],[]]","[""c10::BFloat16"",""Scalar""]",60
aten::view,"[[1,1024],[]]","[""c10::BFloat16"",""ScalarList""]",60
aten::view,"[[10,1024],[]]","[""c10::BFloat16"",""ScalarList""]",60
aten::view,"[[10240],[]]","[""c10::BFloat16"",""ScalarList""]",60
aten::view,"[[1024],[]]","[""c10::BFloat16"",""ScalarList""]",60
aten::view,"[[12,1024],[]]","[""c10::BFloat16"",""ScalarList""]",60
aten::view,"[[14,1024],[]]","[""c10::BFloat16"",""ScalarList""]",60
aten::view,"[[14336],[]]","[""c10::BFloat16"",""ScalarList""]",60
aten::view,"[[16,1024],[]]","[""c10::BFloat16"",""ScalarList""]",60
aten::view,"[[18,1024],[]]","[""c10::BFloat16"",""ScalarList""]",60
aten::view,"[[18432],[]]","[""c10::BFloat16"",""ScalarList""]",60
aten::view,"[[20,1024],[]]","[""c10::BFloat16"",""ScalarList""]",60
aten::view,"[[22,1024],[]]","[""c10::BFloat16"",""ScalarList""]",60
aten::view,"[[22528],[]]","[""c10::BFloat16"",""ScalarList""]",60
aten::view,"[[24,1024],[]]","[""c10::BFloat16"",""ScalarList""]",60
aten::view,"[[26,1024],[]]","[""c10::BFloat16"",""ScalarList""]",60
aten::view,"[[26624],[]]","[""c10::BFloat16"",""ScalarList""]",60
aten::view,"[[28,1024],[]]","[""c10::BFloat16"",""ScalarList""]",60
aten::view,"[[3,1024],[]]","[""c10::BFloat16"",""ScalarList""]",60
aten::view,"[[30,1024],[]]","[""c10::BFloat16"",""ScalarList""]",60
aten::view,"[[30720],[]]","[""c10::BFloat16"",""ScalarList""]",60
aten::view,"[[3072],[]]","[""c10::BFloat16"",""ScalarList""]",60
aten::view,"[[32,1024],[]]","[""c10::BFloat16"",""ScalarList""]",60
aten::view,"[[34,1024],[]]","[""c10::BFloat16"",""ScalarList""]",60
aten::view,"[[34816],[]]","[""c10::BFloat16"",""ScalarList""]",60
aten::view,"[[36,1024],[]]","[""c10::BFloat16"",""ScalarList""]",60
aten::view,"[[38,1024],[]]","[""c10::BFloat16"",""ScalarList""]",60
aten::view,"[[38912],[]]","[""c10::BFloat16"",""ScalarList""]",60
aten::view,"[[4,1024],[]]","[""c10::BFloat16"",""ScalarList""]",60
aten::view,"[[40,1024],[]]","[""c10::BFloat16"",""ScalarList""]",60
aten::view,"[[4096,16,128],[]]","[""c10::BFloat16"",""ScalarList""]",60
aten::view,"[[4096,16],[]]","[""float"",""ScalarList""]",60
aten::view,"[[4096,8,128],[]]","[""c10::BFloat16"",""ScalarList""]",60
aten::view,"[[4096],[]]","[""c10::BFloat16"",""ScalarList""]",60
aten::view,"[[42,1024],[]]","[""c10::BFloat16"",""ScalarList""]",60
aten::view,"[[43008],[]]","[""c10::BFloat16"",""ScalarList""]",60
aten::view,"[[44,1024],[]]","[""c10::BFloat16"",""ScalarList""]",60
aten::view,"[[46,1024],[]]","[""c10::BFloat16"",""ScalarList""]",60
aten::view,"[[47104],[]]","[""c10::BFloat16"",""ScalarList""]",60
aten::view,"[[48,1024],[]]","[""c10::BFloat16"",""ScalarList""]",60
aten::view,"[[50,1024],[]]","[""c10::BFloat16"",""ScalarList""]",60
aten::view,"[[5027,16,128],[]]","[""c10::BFloat16"",""ScalarList""]",60
aten::view,"[[5027,16],[]]","[""float"",""ScalarList""]",60
aten::view,"[[5027,8,128],[]]","[""c10::BFloat16"",""ScalarList""]",60
aten::view,"[[51200],[]]","[""c10::BFloat16"",""ScalarList""]",60
aten::view,"[[52,1024],[]]","[""c10::BFloat16"",""ScalarList""]",60
aten::view,"[[54,1024],[]]","[""c10::BFloat16"",""ScalarList""]",60
aten::view,"[[55296],[]]","[""c10::BFloat16"",""ScalarList""]",60
aten::view,"[[56,1024],[]]","[""c10::BFloat16"",""ScalarList""]",60
aten::view,"[[58,1024],[]]","[""c10::BFloat16"",""ScalarList""]",60
aten::view,"[[59392],[]]","[""c10::BFloat16"",""ScalarList""]",60
aten::view,"[[6,1024],[]]","[""c10::BFloat16"",""ScalarList""]",60
aten::view,"[[60,1024],[]]","[""c10::BFloat16"",""ScalarList""]",60
aten::view,"[[62,1024],[]]","[""c10::BFloat16"",""ScalarList""]",60
aten::view,"[[63488],[]]","[""c10::BFloat16"",""ScalarList""]",60
aten::view,"[[8,1024],[]]","[""c10::BFloat16"",""ScalarList""]",60
aten::view,"[[8132,16,128],[]]","[""c10::BFloat16"",""ScalarList""]",60
aten::view,"[[8132,16],[]]","[""float"",""ScalarList""]",60
aten::view,"[[8132,8,128],[]]","[""c10::BFloat16"",""ScalarList""]",60
aten::view,"[[8134,16,128],[]]","[""c10::BFloat16"",""ScalarList""]",60
aten::view,"[[8134,16],[]]","[""float"",""ScalarList""]",60
aten::view,"[[8134,8,128],[]]","[""c10::BFloat16"",""ScalarList""]",60
aten::view,"[[8136,16,128],[]]","[""c10::BFloat16"",""ScalarList""]",60
aten::view,"[[8136,16],[]]","[""float"",""ScalarList""]",60
aten::view,"[[8136,8,128],[]]","[""c10::BFloat16"",""ScalarList""]",60
aten::view,"[[8138,16,128],[]]","[""c10::BFloat16"",""ScalarList""]",60
aten::view,"[[8138,16],[]]","[""float"",""ScalarList""]",60
aten::view,"[[8138,8,128],[]]","[""c10::BFloat16"",""ScalarList""]",60
aten::view,"[[8140,16,128],[]]","[""c10::BFloat16"",""ScalarList""]",60
aten::view,"[[8140,16],[]]","[""float"",""ScalarList""]",60
aten::view,"[[8140,8,128],[]]","[""c10::BFloat16"",""ScalarList""]",60
aten::view,"[[8142,16,128],[]]","[""c10::BFloat16"",""ScalarList""]",60
aten::view,"[[8142,16],[]]","[""float"",""ScalarList""]",60
aten::view,"[[8142,8,128],[]]","[""c10::BFloat16"",""ScalarList""]",60
aten::view,"[[8144,16,128],[]]","[""c10::BFloat16"",""ScalarList""]",60
aten::view,"[[8144,16],[]]","[""float"",""ScalarList""]",60
aten::view,"[[8144,8,128],[]]","[""c10::BFloat16"",""ScalarList""]",60
aten::view,"[[8146,16,128],[]]","[""c10::BFloat16"",""ScalarList""]",60
aten::view,"[[8146,16],[]]","[""float"",""ScalarList""]",60
aten::view,"[[8146,8,128],[]]","[""c10::BFloat16"",""ScalarList""]",60
aten::view,"[[8148,16,128],[]]","[""c10::BFloat16"",""ScalarList""]",60
aten::view,"[[8148,16],[]]","[""float"",""ScalarList""]",60
aten::view,"[[8148,8,128],[]]","[""c10::BFloat16"",""ScalarList""]",60
aten::view,"[[8150,16,128],[]]","[""c10::BFloat16"",""ScalarList""]",60
aten::view,"[[8150,16],[]]","[""float"",""ScalarList""]",60
aten::view,"[[8150,8,128],[]]","[""c10::BFloat16"",""ScalarList""]",60
aten::view,"[[8152,16,128],[]]","[""c10::BFloat16"",""ScalarList""]",60
aten::view,"[[8152,16],[]]","[""float"",""ScalarList""]",60
aten::view,"[[8152,8,128],[]]","[""c10::BFloat16"",""ScalarList""]",60
aten::view,"[[8154,16,128],[]]","[""c10::BFloat16"",""ScalarList""]",60
aten::view,"[[8154,16],[]]","[""float"",""ScalarList""]",60
aten::view,"[[8154,8,128],[]]","[""c10::BFloat16"",""ScalarList""]",60
aten::view,"[[8156,16,128],[]]","[""c10::BFloat16"",""ScalarList""]",60
aten::view,"[[8156,16],[]]","[""float"",""ScalarList""]",60
aten::view,"[[8156,8,128],[]]","[""c10::BFloat16"",""ScalarList""]",60
aten::view,"[[8158,16,128],[]]","[""c10::BFloat16"",""ScalarList""]",60
aten::view,"[[8158,16],[]]","[""float"",""ScalarList""]",60
aten::view,"[[8158,8,128],[]]","[""c10::BFloat16"",""ScalarList""]",60
aten::view,"[[8160,16,128],[]]","[""c10::BFloat16"",""ScalarList""]",60
aten::view,"[[8160,16],[]]","[""float"",""ScalarList""]",60
aten::view,"[[8160,8,128],[]]","[""c10::BFloat16"",""ScalarList""]",60
aten::view,"[[8162,16,128],[]]","[""c10::BFloat16"",""ScalarList""]",60
aten::view,"[[8162,16],[]]","[""float"",""ScalarList""]",60
aten::view,"[[8162,8,128],[]]","[""c10::BFloat16"",""ScalarList""]",60
aten::view,"[[8164,16,128],[]]","[""c10::BFloat16"",""ScalarList""]",60
aten::view,"[[8164,16],[]]","[""float"",""ScalarList""]",60
aten::view,"[[8164,8,128],[]]","[""c10::BFloat16"",""ScalarList""]",60
aten::view,"[[8166,16,128],[]]","[""c10::BFloat16"",""ScalarList""]",60
aten::view,"[[8166,16],[]]","[""float"",""ScalarList""]",60
aten::view,"[[8166,8,128],[]]","[""c10::BFloat16"",""ScalarList""]",60
aten::view,"[[8168,16,128],[]]","[""c10::BFloat16"",""ScalarList""]",60
aten::view,"[[8168,16],[]]","[""float"",""ScalarList""]",60
aten::view,"[[8168,8,128],[]]","[""c10::BFloat16"",""ScalarList""]",60
aten::view,"[[8170,16,128],[]]","[""c10::BFloat16"",""ScalarList""]",60
aten::view,"[[8170,16],[]]","[""float"",""ScalarList""]",60
aten::view,"[[8170,8,128],[]]","[""c10::BFloat16"",""ScalarList""]",60
aten::view,"[[8172,16,128],[]]","[""c10::BFloat16"",""ScalarList""]",60
aten::view,"[[8172,16],[]]","[""float"",""ScalarList""]",60
aten::view,"[[8172,8,128],[]]","[""c10::BFloat16"",""ScalarList""]",60
aten::view,"[[8174,16,128],[]]","[""c10::BFloat16"",""ScalarList""]",60
aten::view,"[[8174,16],[]]","[""float"",""ScalarList""]",60
aten::view,"[[8174,8,128],[]]","[""c10::BFloat16"",""ScalarList""]",60
aten::view,"[[8176,16,128],[]]","[""c10::BFloat16"",""ScalarList""]",60
aten::view,"[[8176,16],[]]","[""float"",""ScalarList""]",60
aten::view,"[[8176,8,128],[]]","[""c10::BFloat16"",""ScalarList""]",60
aten::view,"[[8178,16,128],[]]","[""c10::BFloat16"",""ScalarList""]",60
aten::view,"[[8178,16],[]]","[""float"",""ScalarList""]",60
aten::view,"[[8178,8,128],[]]","[""c10::BFloat16"",""ScalarList""]",60
aten::view,"[[8180,16,128],[]]","[""c10::BFloat16"",""ScalarList""]",60
aten::view,"[[8180,16],[]]","[""float"",""ScalarList""]",60
aten::view,"[[8180,8,128],[]]","[""c10::BFloat16"",""ScalarList""]",60
aten::view,"[[8182,16,128],[]]","[""c10::BFloat16"",""ScalarList""]",60
aten::view,"[[8182,16],[]]","[""float"",""ScalarList""]",60
aten::view,"[[8182,8,128],[]]","[""c10::BFloat16"",""ScalarList""]",60
aten::view,"[[8184,16,128],[]]","[""c10::BFloat16"",""ScalarList""]",60
aten::view,"[[8184,16],[]]","[""float"",""ScalarList""]",60
aten::view,"[[8184,8,128],[]]","[""c10::BFloat16"",""ScalarList""]",60
aten::view,"[[8186,16,128],[]]","[""c10::BFloat16"",""ScalarList""]",60
aten::view,"[[8186,16],[]]","[""float"",""ScalarList""]",60
aten::view,"[[8186,8,128],[]]","[""c10::BFloat16"",""ScalarList""]",60
aten::view,"[[8188,16,128],[]]","[""c10::BFloat16"",""ScalarList""]",60
aten::view,"[[8188,16],[]]","[""float"",""ScalarList""]",60
aten::view,"[[8188,8,128],[]]","[""c10::BFloat16"",""ScalarList""]",60
aten::view,"[[8189,16,128],[]]","[""c10::BFloat16"",""ScalarList""]",60
aten::view,"[[8189,16],[]]","[""float"",""ScalarList""]",60
aten::view,"[[8189,8,128],[]]","[""c10::BFloat16"",""ScalarList""]",60
aten::view,"[[8191,16,128],[]]","[""c10::BFloat16"",""ScalarList""]",60
aten::view,"[[8191,16],[]]","[""float"",""ScalarList""]",60
aten::view,"[[8191,8,128],[]]","[""c10::BFloat16"",""ScalarList""]",60
aten::as_strided,"[[10],[],[],[]]","[""int"",""ScalarList"",""ScalarList"",""Scalar""]",58
aten::as_strided,"[[12],[],[],[]]","[""int"",""ScalarList"",""ScalarList"",""Scalar""]",58
aten::as_strided,"[[14],[],[],[]]","[""int"",""ScalarList"",""ScalarList"",""Scalar""]",58
aten::as_strided,"[[18],[],[],[]]","[""int"",""ScalarList"",""ScalarList"",""Scalar""]",58
aten::as_strided,"[[20],[],[],[]]","[""int"",""ScalarList"",""ScalarList"",""Scalar""]",58
aten::as_strided,"[[22],[],[],[]]","[""int"",""ScalarList"",""ScalarList"",""Scalar""]",58
aten::as_strided,"[[24],[],[],[]]","[""int"",""ScalarList"",""ScalarList"",""Scalar""]",58
aten::as_strided,"[[26],[],[],[]]","[""int"",""ScalarList"",""ScalarList"",""Scalar""]",58
aten::as_strided,"[[28],[],[],[]]","[""int"",""ScalarList"",""ScalarList"",""Scalar""]",58
aten::as_strided,"[[30],[],[],[]]","[""int"",""ScalarList"",""ScalarList"",""Scalar""]",58
aten::as_strided,"[[34],[],[],[]]","[""int"",""ScalarList"",""ScalarList"",""Scalar""]",58
aten::as_strided,"[[36],[],[],[]]","[""int"",""ScalarList"",""ScalarList"",""Scalar""]",58
aten::as_strided,"[[38],[],[],[]]","[""int"",""ScalarList"",""ScalarList"",""Scalar""]",58
aten::as_strided,"[[40],[],[],[]]","[""int"",""ScalarList"",""ScalarList"",""Scalar""]",58
aten::as_strided,"[[42],[],[],[]]","[""int"",""ScalarList"",""ScalarList"",""Scalar""]",58
aten::as_strided,"[[44],[],[],[]]","[""int"",""ScalarList"",""ScalarList"",""Scalar""]",58
aten::as_strided,"[[46],[],[],[]]","[""int"",""ScalarList"",""ScalarList"",""Scalar""]",58
aten::as_strided,"[[48],[],[],[]]","[""int"",""ScalarList"",""ScalarList"",""Scalar""]",58
aten::as_strided,"[[50],[],[],[]]","[""int"",""ScalarList"",""ScalarList"",""Scalar""]",58
aten::as_strided,"[[52],[],[],[]]","[""int"",""ScalarList"",""ScalarList"",""Scalar""]",58
aten::as_strided,"[[54],[],[],[]]","[""int"",""ScalarList"",""ScalarList"",""Scalar""]",58
aten::as_strided,"[[56],[],[],[]]","[""int"",""ScalarList"",""ScalarList"",""Scalar""]",58
aten::as_strided,"[[58],[],[],[]]","[""int"",""ScalarList"",""ScalarList"",""Scalar""]",58
aten::as_strided,"[[60],[],[],[]]","[""int"",""ScalarList"",""ScalarList"",""Scalar""]",58
aten::as_strided,"[[62],[],[],[]]","[""int"",""ScalarList"",""ScalarList"",""Scalar""]",58
aten::as_strided,"[[6],[],[],[]]","[""int"",""ScalarList"",""ScalarList"",""Scalar""]",58
aten::as_strided,"[[9],[],[],[]]","[""int"",""ScalarList"",""ScalarList"",""Scalar""]",58
aten::slice,"[[10],[],[],[],[]]","[""int"",""Scalar"",""Scalar"",""Scalar"",""Scalar""]",55
aten::slice,"[[12],[],[],[],[]]","[""int"",""Scalar"",""Scalar"",""Scalar"",""Scalar""]",55
aten::slice,"[[14],[],[],[],[]]","[""int"",""Scalar"",""Scalar"",""Scalar"",""Scalar""]",55
aten::slice,"[[18],[],[],[],[]]","[""int"",""Scalar"",""Scalar"",""Scalar"",""Scalar""]",55
aten::slice,"[[20],[],[],[],[]]","[""int"",""Scalar"",""Scalar"",""Scalar"",""Scalar""]",55
aten::slice,"[[22],[],[],[],[]]","[""int"",""Scalar"",""Scalar"",""Scalar"",""Scalar""]",55
aten::slice,"[[24],[],[],[],[]]","[""int"",""Scalar"",""Scalar"",""Scalar"",""Scalar""]",55
aten::slice,"[[26],[],[],[],[]]","[""int"",""Scalar"",""Scalar"",""Scalar"",""Scalar""]",55
aten::slice,"[[28],[],[],[],[]]","[""int"",""Scalar"",""Scalar"",""Scalar"",""Scalar""]",55
aten::slice,"[[30],[],[],[],[]]","[""int"",""Scalar"",""Scalar"",""Scalar"",""Scalar""]",55
aten::slice,"[[34],[],[],[],[]]","[""int"",""Scalar"",""Scalar"",""Scalar"",""Scalar""]",55
aten::slice,"[[36],[],[],[],[]]","[""int"",""Scalar"",""Scalar"",""Scalar"",""Scalar""]",55
aten::slice,"[[38],[],[],[],[]]","[""int"",""Scalar"",""Scalar"",""Scalar"",""Scalar""]",55
aten::slice,"[[40],[],[],[],[]]","[""int"",""Scalar"",""Scalar"",""Scalar"",""Scalar""]",55
aten::slice,"[[42],[],[],[],[]]","[""int"",""Scalar"",""Scalar"",""Scalar"",""Scalar""]",55
aten::slice,"[[44],[],[],[],[]]","[""int"",""Scalar"",""Scalar"",""Scalar"",""Scalar""]",55
aten::slice,"[[46],[],[],[],[]]","[""int"",""Scalar"",""Scalar"",""Scalar"",""Scalar""]",55
aten::slice,"[[48],[],[],[],[]]","[""int"",""Scalar"",""Scalar"",""Scalar"",""Scalar""]",55
aten::slice,"[[50],[],[],[],[]]","[""int"",""Scalar"",""Scalar"",""Scalar"",""Scalar""]",55
aten::slice,"[[52],[],[],[],[]]","[""int"",""Scalar"",""Scalar"",""Scalar"",""Scalar""]",55
aten::slice,"[[54],[],[],[],[]]","[""int"",""Scalar"",""Scalar"",""Scalar"",""Scalar""]",55
aten::slice,"[[56],[],[],[],[]]","[""int"",""Scalar"",""Scalar"",""Scalar"",""Scalar""]",55
aten::slice,"[[58],[],[],[],[]]","[""int"",""Scalar"",""Scalar"",""Scalar"",""Scalar""]",55
aten::slice,"[[60],[],[],[],[]]","[""int"",""Scalar"",""Scalar"",""Scalar"",""Scalar""]",55
aten::slice,"[[62],[],[],[],[]]","[""int"",""Scalar"",""Scalar"",""Scalar"",""Scalar""]",55
aten::slice,"[[6],[],[],[],[]]","[""int"",""Scalar"",""Scalar"",""Scalar"",""Scalar""]",55
aten::as_strided,"[[15],[],[],[]]","[""int"",""ScalarList"",""ScalarList"",""Scalar""]",52
aten::as_strided,"[[32,1],[],[],[]]","[""int"",""ScalarList"",""ScalarList"",""Scalar""]",50
aten::empty_like,"[[32],[],[],[],[],[]]","[""int"",""Scalar"","""","""",""Scalar"",""""]",50
aten::_pin_memory,"[[128,2],[]]","[""int"",""""]",48
aten::_to_copy,"[[128,2],[],[],[],[],[],[]]","[""int"",""Scalar"",""Scalar"","""","""",""Scalar"",""""]",48
aten::_to_copy,"[[128,2],[],[],[],[],[],[]]","[""long int"",""Scalar"","""","""","""",""Scalar"",""""]",48
aten::_to_copy,"[[128],[],[],[],[],[],[]]","[""bool"",""Scalar"","""","""","""",""Scalar"",""""]",48
aten::as_strided,"[[128,2],[],[],[]]","[""long int"",""ScalarList"",""ScalarList"",""Scalar""]",48
aten::cat,"[[[128,1],[128,1]],[]]","[""TensorList"",""Scalar""]",48
aten::copy_,"[[128,2],[128,2],[]]","[""int"",""long int"",""Scalar""]",48
aten::copy_,"[[128],[128],[]]","[""long int"",""bool"",""Scalar""]",48
aten::cumsum,"[[128],[],[]]","[""bool"",""Scalar"",""""]",48
aten::eq,"[[128],[]]","[""long int"",""Scalar""]",48
aten::is_pinned,"[[128,2],[]]","[""int"",""""]",48
aten::narrow,"[[128,2],[],[],[]]","[""long int"",""Scalar"",""Scalar"",""Scalar""]",48
aten::pin_memory,"[[128,2],[]]","[""int"",""""]",48
aten::select,"[[15],[],[]]","[""int"",""Scalar"",""Scalar""]",48
aten::slice,"[[128,2],[],[],[],[]]","[""long int"",""Scalar"",""Scalar"",""Scalar"",""Scalar""]",48
aten::stack,"[[[128],[128]],[]]","[""TensorList"",""Scalar""]",48
aten::sub,"[[128],[],[]]","[""long int"",""long int"",""Scalar""]",48
aten::sub,"[[32],[32],[]]","[""int"",""int"",""Scalar""]",48
aten::to,"[[128,2],[],[],[],[],[],[],[]]","[""int"",""Scalar"",""Scalar"","""","""",""Scalar"",""Scalar"",""""]",48
aten::to,"[[128,2],[],[],[],[],[]]","[""long int"","""",""Scalar"",""Scalar"",""Scalar"",""""]",48
aten::to,"[[128],[],[],[],[]]","[""bool"",""Scalar"",""Scalar"",""Scalar"",""""]",48
aten::as_strided,"[[13],[],[],[]]","[""int"",""ScalarList"",""ScalarList"",""Scalar""]",46
aten::as_strided,"[[3],[],[],[]]","[""int"",""ScalarList"",""ScalarList"",""Scalar""]",46
aten::_pin_memory,"[[129,2],[]]","[""int"",""""]",45
aten::_to_copy,"[[129,2],[],[],[],[],[],[]]","[""int"",""Scalar"",""Scalar"","""","""",""Scalar"",""""]",45
aten::_to_copy,"[[129,2],[],[],[],[],[],[]]","[""long int"",""Scalar"","""","""","""",""Scalar"",""""]",45
aten::_to_copy,"[[129],[],[],[],[],[],[]]","[""bool"",""Scalar"","""","""","""",""Scalar"",""""]",45
aten::as_strided,"[[129,2],[],[],[]]","[""long int"",""ScalarList"",""ScalarList"",""Scalar""]",45
aten::cat,"[[[129,1],[129,1]],[]]","[""TensorList"",""Scalar""]",45
aten::copy_,"[[129,2],[129,2],[]]","[""int"",""long int"",""Scalar""]",45
aten::copy_,"[[129],[129],[]]","[""long int"",""bool"",""Scalar""]",45
aten::cumsum,"[[129],[],[]]","[""bool"",""Scalar"",""""]",45
aten::eq,"[[129],[]]","[""long int"",""Scalar""]",45
aten::is_pinned,"[[129,2],[]]","[""int"",""""]",45
aten::narrow,"[[129,2],[],[],[]]","[""long int"",""Scalar"",""Scalar"",""Scalar""]",45
aten::pin_memory,"[[129,2],[]]","[""int"",""""]",45
aten::slice,"[[129,2],[],[],[],[]]","[""long int"",""Scalar"",""Scalar"",""Scalar"",""Scalar""]",45
aten::stack,"[[[129],[129]],[]]","[""TensorList"",""Scalar""]",45
aten::sub,"[[129],[],[]]","[""long int"",""long int"",""Scalar""]",45
aten::to,"[[129,2],[],[],[],[],[],[],[]]","[""int"",""Scalar"",""Scalar"","""","""",""Scalar"",""Scalar"",""""]",45
aten::to,"[[129,2],[],[],[],[],[]]","[""long int"","""",""Scalar"",""Scalar"",""Scalar"",""""]",45
aten::to,"[[129],[],[],[],[]]","[""bool"",""Scalar"",""Scalar"",""Scalar"",""""]",45
aten::select,"[[13],[],[]]","[""int"",""Scalar"",""Scalar""]",42
aten::copy_,"[[10422272],[10422272],[]]","[""c10::BFloat16"",""c10::BFloat16"",""Scalar""]",41
aten::copy_,"[[8388608],[8388608],[]]","[""c10::BFloat16"",""c10::BFloat16"",""Scalar""]",41
symm_mem::two_shot_all_reduce_,"[[10422272],[],[]]","[""c10::BFloat16"","""",""""]",41
symm_mem::two_shot_all_reduce_,"[[8388608],[],[]]","[""c10::BFloat16"","""",""""]",41
vllm::all_reduce,"[[4096,2048],[]]","[""c10::BFloat16"",""""]",41
vllm::all_reduce,"[[5089,2048],[]]","[""c10::BFloat16"",""""]",41
aten::as_strided,"[[11],[],[],[]]","[""int"",""ScalarList"",""ScalarList"",""Scalar""]",40
aten::as_strided,"[[4096,8],[],[],[]]","[""float"",""ScalarList"",""ScalarList"",""Scalar""]",40
aten::as_strided,"[[4096,8],[],[],[]]","[""int"",""ScalarList"",""ScalarList"",""Scalar""]",40
aten::as_strided,"[[5089,8],[],[],[]]","[""float"",""ScalarList"",""ScalarList"",""Scalar""]",40
aten::as_strided,"[[5089,8],[],[],[]]","[""int"",""ScalarList"",""ScalarList"",""Scalar""]",40
aten::empty_like,"[[4096,1],[],[],[],[],[]]","[""c10::BFloat16"",""Scalar"","""","""",""Scalar"",""""]",40
aten::empty_like,"[[5089,1],[],[],[],[],[]]","[""c10::BFloat16"",""Scalar"","""","""",""Scalar"",""""]",40
aten::linear,"[[4096,2048],[1,2048],[]]","[""c10::BFloat16"",""c10::BFloat16"",""""]",40
aten::linear,"[[4096,2048],[256,2048],[]]","[""c10::BFloat16"",""c10::BFloat16"",""""]",40
aten::linear,"[[4096,2048],[512,2048],[]]","[""c10::BFloat16"",""c10::BFloat16"",""""]",40
aten::linear,"[[4096,256],[2048,256],[]]","[""c10::BFloat16"",""c10::BFloat16"",""""]",40
aten::linear,"[[5089,2048],[1,2048],[]]","[""c10::BFloat16"",""c10::BFloat16"",""""]",40
aten::linear,"[[5089,2048],[256,2048],[]]","[""c10::BFloat16"",""c10::BFloat16"",""""]",40
aten::linear,"[[5089,2048],[512,2048],[]]","[""c10::BFloat16"",""c10::BFloat16"",""""]",40
aten::linear,"[[5089,256],[2048,256],[]]","[""c10::BFloat16"",""c10::BFloat16"",""""]",40
aten::mm,"[[4096,2048],[2048,2048],[4096,2048]]","[""c10::BFloat16"",""c10::BFloat16"",""c10::BFloat16""]",40
aten::mm,"[[5089,2048],[2048,2048],[5089,2048]]","[""c10::BFloat16"",""c10::BFloat16"",""c10::BFloat16""]",40
aten::mul,"[[4096,1],[4096,2048]]","[""c10::BFloat16"",""c10::BFloat16""]",40
aten::mul,"[[5089,1],[5089,2048]]","[""c10::BFloat16"",""c10::BFloat16""]",40
aten::result_type,"[[4096,1],[4096,2048]]","[""c10::BFloat16"",""c10::BFloat16""]",40
aten::result_type,"[[5089,1],[5089,2048]]","[""c10::BFloat16"",""c10::BFloat16""]",40
aten::sigmoid,"[[4096,1]]","[""c10::BFloat16""]",40
aten::sigmoid,"[[5089,1]]","[""c10::BFloat16""]",40
aten::slice,"[[17],[],[],[],[]]","[""int"",""Scalar"",""Scalar"",""Scalar"",""Scalar""]",40
aten::slice,"[[4096,8],[],[],[],[]]","[""float"",""Scalar"",""Scalar"",""Scalar"",""Scalar""]",40
aten::slice,"[[4096,8],[],[],[],[]]","[""int"",""Scalar"",""Scalar"",""Scalar"",""Scalar""]",40
aten::slice,"[[5089,8],[],[],[],[]]","[""float"",""Scalar"",""Scalar"",""Scalar"",""Scalar""]",40
aten::slice,"[[5089,8],[],[],[],[]]","[""int"",""Scalar"",""Scalar"",""Scalar"",""Scalar""]",40
aten::view,"[[20844544],[]]","[""c10::BFloat16"",""ScalarList""]",40
aten::view,"[[32768,256],[]]","[""c10::BFloat16"",""ScalarList""]",40
aten::view,"[[40712,256],[]]","[""c10::BFloat16"",""ScalarList""]",40
aten::view,"[[4096,1],[]]","[""c10::BFloat16"",""ScalarList""]",40
aten::view,"[[4096,512],[]]","[""c10::BFloat16"",""ScalarList""]",40
aten::view,"[[5089,1],[]]","[""c10::BFloat16"",""ScalarList""]",40
aten::view,"[[5089,512],[]]","[""c10::BFloat16"",""ScalarList""]",40
aten::zero_,"[[4096,1,2048]]","[""c10::BFloat16""]",40
aten::zero_,"[[5089,1,2048]]","[""c10::BFloat16""]",40
triton_poi_fused_mul_silu_slice_0,"[[4096,512],[4096,256],[],[],[]]","[""c10::BFloat16"",""c10::BFloat16"",""Scalar"",""Scalar"",""Scalar""]",40
triton_poi_fused_mul_silu_slice_0,"[[5089,512],[5089,256],[],[],[]]","[""c10::BFloat16"",""c10::BFloat16"",""Scalar"",""Scalar"",""Scalar""]",40
vllm::flashinfer_trtllm_fused_allreduce_norm,"[[4096,2048],[4096,2048],[2048],[],[],[],[],[],[],[],[],[],[],[]]","[""c10::BFloat16"",""c10::BFloat16"",""c10::BFloat16"",""Scalar"",""Scalar"",""Scalar"",""Scalar"",""Scalar"",""Scalar"","""","""","""","""",""Scalar""]",40
vllm::flashinfer_trtllm_fused_allreduce_norm,"[[5089,2048],[5089,2048],[2048],[],[],[],[],[],[],[],[],[],[],[]]","[""c10::BFloat16"",""c10::BFloat16"",""c10::BFloat16"",""Scalar"",""Scalar"",""Scalar"",""Scalar"",""Scalar"",""Scalar"","""","""","""","""",""Scalar""]",40
vllm::moe_forward_shared,"[[4096,2048],[4096,2048],[4096,2048],[],[],[]]","[""c10::BFloat16"",""c10::BFloat16"",""c10::BFloat16"","""","""",""Scalar""]",40
vllm::moe_forward_shared,"[[5089,2048],[5089,2048],[5089,2048],[],[],[]]","[""c10::BFloat16"",""c10::BFloat16"",""c10::BFloat16"","""","""",""Scalar""]",40
aten::as_strided,"[[2],[],[],[]]","[""int"",""ScalarList"",""ScalarList"",""Scalar""]",37
aten::copy_,"[[3,4096],[3,4096],[]]","[""long int"",""long int"",""Scalar""]",37
aten::select,"[[11],[],[]]","[""int"",""Scalar"",""Scalar""]",36
aten::select,"[[9],[],[]]","[""int"",""Scalar"",""Scalar""]",36
aten::as_strided,"[[5],[],[],[]]","[""int"",""ScalarList"",""ScalarList"",""Scalar""]",34
aten::slice,"[[2],[],[],[],[]]","[""int"",""Scalar"",""Scalar"",""Scalar"",""Scalar""]",34
aten::alias,"[[3,4096]]","[""long int""]",33
aten::as_strided,"[[32],[],[],[]]","[""long int"",""ScalarList"",""ScalarList"",""Scalar""]",32
aten::slice,"[[32],[],[],[],[]]","[""long int"",""Scalar"",""Scalar"",""Scalar"",""Scalar""]",32
aten::view,"[[1,2048],[]]","[""c10::BFloat16"",""ScalarList""]",32
aten::_to_copy,"[[8192],[],[],[],[],[],[]]","[""int"",""Scalar"","""","""","""",""Scalar"",""""]",31
aten::add,"[[8192],[8192],[]]","[""long int"",""long int"",""Scalar""]",31
aten::as_strided,"[[3,8192],[],[],[]]","[""long int"",""ScalarList"",""ScalarList"",""""]",31
aten::as_strided,"[[8192,1],[],[],[]]","[""bool"",""ScalarList"",""ScalarList"",""""]",31
aten::as_strided,"[[8192,2048],[],[],[]]","[""c10::BFloat16"",""ScalarList"",""ScalarList"",""""]",31
aten::clone,"[[3,8192],[]]","[""long int"",""Scalar""]",31
aten::contiguous,"[[3,8192],[]]","[""long int"",""Scalar""]",31
aten::copy_,"[[10,2048],[10,2048],[]]","[""c10::BFloat16"",""c10::BFloat16"",""Scalar""]",31
aten::copy_,"[[12,2048],[12,2048],[]]","[""c10::BFloat16"",""c10::BFloat16"",""Scalar""]",31
aten::copy_,"[[14,2048],[14,2048],[]]","[""c10::BFloat16"",""c10::BFloat16"",""Scalar""]",31
aten::copy_,"[[16,2048],[16,2048],[]]","[""c10::BFloat16"",""c10::BFloat16"",""Scalar""]",31
aten::copy_,"[[18,2048],[18,2048],[]]","[""c10::BFloat16"",""c10::BFloat16"",""Scalar""]",31
aten::copy_,"[[20,2048],[20,2048],[]]","[""c10::BFloat16"",""c10::BFloat16"",""Scalar""]",31
aten::copy_,"[[22,2048],[22,2048],[]]","[""c10::BFloat16"",""c10::BFloat16"",""Scalar""]",31
aten::copy_,"[[24,2048],[24,2048],[]]","[""c10::BFloat16"",""c10::BFloat16"",""Scalar""]",31
aten::copy_,"[[26,2048],[26,2048],[]]","[""c10::BFloat16"",""c10::BFloat16"",""Scalar""]",31
aten::copy_,"[[28,2048],[28,2048],[]]","[""c10::BFloat16"",""c10::BFloat16"",""Scalar""]",31
aten::copy_,"[[30,2048],[30,2048],[]]","[""c10::BFloat16"",""c10::BFloat16"",""Scalar""]",31
aten::copy_,"[[32,2048],[32,2048],[]]","[""c10::BFloat16"",""c10::BFloat16"",""Scalar""]",31
aten::copy_,"[[34,2048],[34,2048],[]]","[""c10::BFloat16"",""c10::BFloat16"",""Scalar""]",31
aten::copy_,"[[36,2048],[36,2048],[]]","[""c10::BFloat16"",""c10::BFloat16"",""Scalar""]",31
aten::copy_,"[[38,2048],[38,2048],[]]","[""c10::BFloat16"",""c10::BFloat16"",""Scalar""]",31
aten::copy_,"[[4,2048],[4,2048],[]]","[""c10::BFloat16"",""c10::BFloat16"",""Scalar""]",31
aten::copy_,"[[40,2048],[40,2048],[]]","[""c10::BFloat16"",""c10::BFloat16"",""Scalar""]",31
aten::copy_,"[[42,2048],[42,2048],[]]","[""c10::BFloat16"",""c10::BFloat16"",""Scalar""]",31
aten::copy_,"[[44,2048],[44,2048],[]]","[""c10::BFloat16"",""c10::BFloat16"",""Scalar""]",31
aten::copy_,"[[46,2048],[46,2048],[]]","[""c10::BFloat16"",""c10::BFloat16"",""Scalar""]",31
aten::copy_,"[[48,2048],[48,2048],[]]","[""c10::BFloat16"",""c10::BFloat16"",""Scalar""]",31
aten::copy_,"[[50,2048],[50,2048],[]]","[""c10::BFloat16"",""c10::BFloat16"",""Scalar""]",31
aten::copy_,"[[52,2048],[52,2048],[]]","[""c10::BFloat16"",""c10::BFloat16"",""Scalar""]",31
aten::copy_,"[[54,2048],[54,2048],[]]","[""c10::BFloat16"",""c10::BFloat16"",""Scalar""]",31
aten::copy_,"[[56,2048],[56,2048],[]]","[""c10::BFloat16"",""c10::BFloat16"",""Scalar""]",31
aten::copy_,"[[58,2048],[58,2048],[]]","[""c10::BFloat16"",""c10::BFloat16"",""Scalar""]",31
aten::copy_,"[[6,2048],[6,2048],[]]","[""c10::BFloat16"",""c10::BFloat16"",""Scalar""]",31
aten::copy_,"[[60,2048],[60,2048],[]]","[""c10::BFloat16"",""c10::BFloat16"",""Scalar""]",31
aten::copy_,"[[62,2048],[62,2048],[]]","[""c10::BFloat16"",""c10::BFloat16"",""Scalar""]",31
aten::copy_,"[[8,2048],[8,2048],[]]","[""c10::BFloat16"",""c10::BFloat16"",""Scalar""]",31
aten::copy_,"[[8192],[8192],[]]","[""int"",""int"",""Scalar""]",31
aten::copy_,"[[8192],[8192],[]]","[""long int"",""int"",""Scalar""]",31
aten::embedding,"[[124160,2048],[8192],[],[],[]]","[""c10::BFloat16"",""long int"",""Scalar"",""Scalar"",""Scalar""]",31
aten::empty_like,"[[3,8192],[],[],[],[],[]]","[""long int"",""Scalar"","""","""","""",""Scalar""]",31
aten::empty_like,"[[3,8192],[],[],[],[],[]]","[""long int"",""Scalar"",""Scalar"","""","""",""Scalar""]",31
aten::empty_like,"[[8192],[],[],[],[],[]]","[""long int"",""Scalar"","""","""",""Scalar"",""""]",31
aten::expand,"[[3,8192],[],[]]","[""long int"",""ScalarList"",""Scalar""]",31
aten::expand,"[[8192,1],[],[]]","[""bool"",""ScalarList"",""Scalar""]",31
aten::expand_as,"[[3,8192],[3,8192]]","[""long int"",""long int""]",31
aten::index,"[[8192,2048],[]]","[""c10::BFloat16"",""""]",31
aten::index_select,"[[2097152],[],[8192],[8192]]","[""int"",""Scalar"",""long int"",""int""]",31
aten::lift_fresh,[[8192]],"[""long int""]",31
aten::masked_fill_,"[[8192,2048],[8192,1],[]]","[""c10::BFloat16"",""bool"",""Scalar""]",31
aten::reshape,"[[1],[]]","[""bool"",""ScalarList""]",31
aten::reshape,"[[8192],[]]","[""bool"",""ScalarList""]",31
aten::reshape,"[[8192],[]]","[""long int"",""ScalarList""]",31
aten::slice,"[[3],[],[],[],[]]","[""int"",""Scalar"",""Scalar"",""Scalar"",""Scalar""]",31
aten::to,"[[8192],[],[],[],[]]","[""int"",""Scalar"",""Scalar"",""Scalar"",""""]",31
aten::to,"[[8192],[],[],[],[]]","[""long int"",""Scalar"",""Scalar"",""Scalar"",""""]",31
aten::unsqueeze,"[[1],[]]","[""bool"",""Scalar""]",31
aten::unsqueeze,"[[8192],[]]","[""bool"",""Scalar""]",31
aten::view,"[[10,2048],[]]","[""c10::BFloat16"",""ScalarList""]",31
aten::view,"[[12,2048],[]]","[""c10::BFloat16"",""ScalarList""]",31
aten::view,"[[14,2048],[]]","[""c10::BFloat16"",""ScalarList""]",31
aten::view,"[[16,2048],[]]","[""c10::BFloat16"",""ScalarList""]",31
aten::view,"[[18,2048],[]]","[""c10::BFloat16"",""ScalarList""]",31
aten::view,"[[1],[]]","[""bool"",""ScalarList""]",31
aten::view,"[[20,2048],[]]","[""c10::BFloat16"",""ScalarList""]",31
aten::view,"[[22,2048],[]]","[""c10::BFloat16"",""ScalarList""]",31
aten::view,"[[24,2048],[]]","[""c10::BFloat16"",""ScalarList""]",31
aten::view,"[[26,2048],[]]","[""c10::BFloat16"",""ScalarList""]",31
aten::view,"[[28,2048],[]]","[""c10::BFloat16"",""ScalarList""]",31
aten::view,"[[3,2048],[]]","[""c10::BFloat16"",""ScalarList""]",31
aten::view,"[[30,2048],[]]","[""c10::BFloat16"",""ScalarList""]",31
aten::view,"[[32,2048],[]]","[""c10::BFloat16"",""ScalarList""]",31
aten::view,"[[34,2048],[]]","[""c10::BFloat16"",""ScalarList""]",31
aten::view,"[[36,2048],[]]","[""c10::BFloat16"",""ScalarList""]",31
aten::view,"[[38,2048],[]]","[""c10::BFloat16"",""ScalarList""]",31
aten::view,"[[4,2048],[]]","[""c10::BFloat16"",""ScalarList""]",31
aten::view,"[[40,2048],[]]","[""c10::BFloat16"",""ScalarList""]",31
aten::view,"[[42,2048],[]]","[""c10::BFloat16"",""ScalarList""]",31
aten::view,"[[44,2048],[]]","[""c10::BFloat16"",""ScalarList""]",31
aten::view,"[[46,2048],[]]","[""c10::BFloat16"",""ScalarList""]",31
aten::view,"[[48,2048],[]]","[""c10::BFloat16"",""ScalarList""]",31
aten::view,"[[50,2048],[]]","[""c10::BFloat16"",""ScalarList""]",31
aten::view,"[[52,2048],[]]","[""c10::BFloat16"",""ScalarList""]",31
aten::view,"[[54,2048],[]]","[""c10::BFloat16"",""ScalarList""]",31
aten::view,"[[56,2048],[]]","[""c10::BFloat16"",""ScalarList""]",31
aten::view,"[[58,2048],[]]","[""c10::BFloat16"",""ScalarList""]",31
aten::view,"[[6,2048],[]]","[""c10::BFloat16"",""ScalarList""]",31
aten::view,"[[60,2048],[]]","[""c10::BFloat16"",""ScalarList""]",31
aten::view,"[[62,2048],[]]","[""c10::BFloat16"",""ScalarList""]",31
aten::view,"[[8,2048],[]]","[""c10::BFloat16"",""ScalarList""]",31
aten::view,"[[8192],[]]","[""bool"",""ScalarList""]",31
aten::view,"[[8192],[]]","[""long int"",""ScalarList""]",31
aten::zero_,[[8192]],"[""bool""]",31
triton_poi_fused_2,"[[8192,32],[8192,16],[8192,16],[],[]]","[""c10::BFloat16"",""c10::BFloat16"",""c10::BFloat16"",""Scalar"",""Scalar""]",31
triton_poi_fused___and_____or___add_bitwise_not_ge_lt_mul_sub_0,"[[8192],[8192],[8192],[],[],[],[],[],[]]","[""int"",""long int"",""bool"",""Scalar"",""Scalar"",""Scalar"",""Scalar"",""Scalar"",""Scalar""]",31
triton_poi_fused_mul_sigmoid_view_0,"[[8192,8,256],[8192,2048],[8192,2048],[]]","[""c10::BFloat16"",""c10::BFloat16"",""c10::BFloat16"",""Scalar""]",31
triton_red_fused_1,"[[8192,2048],[2048],[8192,2048],[],[]]","[""c10::BFloat16"",""c10::BFloat16"",""c10::BFloat16"",""Scalar"",""Scalar""]",31
aten::_index_put_impl_,"[[1,16,128,128],[],[],[],[]]","[""float"","""",""float"",""Scalar"",""Scalar""]",30
aten::_index_put_impl_,"[[3659,16,128,128],[],[16,128,128],[],[]]","[""float"","""",""float"",""Scalar"",""Scalar""]",30
aten::_unsafe_view,"[[10,2048],[]]","[""c10::BFloat16"",""ScalarList""]",30
aten::_unsafe_view,"[[12,2048],[]]","[""c10::BFloat16"",""ScalarList""]",30
aten::_unsafe_view,"[[14,2048],[]]","[""c10::BFloat16"",""ScalarList""]",30
aten::_unsafe_view,"[[16,2048],[]]","[""c10::BFloat16"",""ScalarList""]",30
aten::_unsafe_view,"[[18,2048],[]]","[""c10::BFloat16"",""ScalarList""]",30
aten::_unsafe_view,"[[20,2048],[]]","[""c10::BFloat16"",""ScalarList""]",30
aten::_unsafe_view,"[[22,2048],[]]","[""c10::BFloat16"",""ScalarList""]",30
aten::_unsafe_view,"[[24,2048],[]]","[""c10::BFloat16"",""ScalarList""]",30
aten::_unsafe_view,"[[26,2048],[]]","[""c10::BFloat16"",""ScalarList""]",30
aten::_unsafe_view,"[[28,2048],[]]","[""c10::BFloat16"",""ScalarList""]",30
aten::_unsafe_view,"[[3,2048],[]]","[""c10::BFloat16"",""ScalarList""]",30
aten::_unsafe_view,"[[30,2048],[]]","[""c10::BFloat16"",""ScalarList""]",30
aten::_unsafe_view,"[[32,2048],[]]","[""c10::BFloat16"",""ScalarList""]",30
aten::_unsafe_view,"[[34,2048],[]]","[""c10::BFloat16"",""ScalarList""]",30
aten::_unsafe_view,"[[36,2048],[]]","[""c10::BFloat16"",""ScalarList""]",30
aten::_unsafe_view,"[[38,2048],[]]","[""c10::BFloat16"",""ScalarList""]",30
aten::_unsafe_view,"[[4,2048],[]]","[""c10::BFloat16"",""ScalarList""]",30
aten::_unsafe_view,"[[40,2048],[]]","[""c10::BFloat16"",""ScalarList""]",30
aten::_unsafe_view,"[[42,2048],[]]","[""c10::BFloat16"",""ScalarList""]",30
aten::_unsafe_view,"[[44,2048],[]]","[""c10::BFloat16"",""ScalarList""]",30
aten::_unsafe_view,"[[46,2048],[]]","[""c10::BFloat16"",""ScalarList""]",30
aten::_unsafe_view,"[[48,2048],[]]","[""c10::BFloat16"",""ScalarList""]",30
aten::_unsafe_view,"[[50,2048],[]]","[""c10::BFloat16"",""ScalarList""]",30
aten::_unsafe_view,"[[52,2048],[]]","[""c10::BFloat16"",""ScalarList""]",30
aten::_unsafe_view,"[[54,2048],[]]","[""c10::BFloat16"",""ScalarList""]",30
aten::_unsafe_view,"[[56,2048],[]]","[""c10::BFloat16"",""ScalarList""]",30
aten::_unsafe_view,"[[58,2048],[]]","[""c10::BFloat16"",""ScalarList""]",30
aten::_unsafe_view,"[[6,2048],[]]","[""c10::BFloat16"",""ScalarList""]",30
aten::_unsafe_view,"[[60,2048],[]]","[""c10::BFloat16"",""ScalarList""]",30
aten::_unsafe_view,"[[62,2048],[]]","[""c10::BFloat16"",""ScalarList""]",30
aten::_unsafe_view,"[[8,2048],[]]","[""c10::BFloat16"",""ScalarList""]",30
aten::as_strided,"[[1,1,1,16,128],[],[],[]]","[""c10::BFloat16"",""ScalarList"",""ScalarList"",""""]",30
aten::as_strided,"[[1,1,1,1],[],[],[]]","[""bool"",""ScalarList"",""ScalarList"",""""]",30
aten::as_strided,"[[1,1,10,16,128],[],[],[]]","[""c10::BFloat16"",""ScalarList"",""ScalarList"",""""]",30
aten::as_strided,"[[1,1,12,16,128],[],[],[]]","[""c10::BFloat16"",""ScalarList"",""ScalarList"",""""]",30
aten::as_strided,"[[1,1,14,16,128],[],[],[]]","[""c10::BFloat16"",""ScalarList"",""ScalarList"",""""]",30
aten::as_strided,"[[1,1,16,16,128],[],[],[]]","[""c10::BFloat16"",""ScalarList"",""ScalarList"",""""]",30
aten::as_strided,"[[1,1,18,16,128],[],[],[]]","[""c10::BFloat16"",""ScalarList"",""ScalarList"",""""]",30
aten::as_strided,"[[1,1,20,16,128],[],[],[]]","[""c10::BFloat16"",""ScalarList"",""ScalarList"",""""]",30
aten::as_strided,"[[1,1,22,16,128],[],[],[]]","[""c10::BFloat16"",""ScalarList"",""ScalarList"",""""]",30
aten::as_strided,"[[1,1,24,16,128],[],[],[]]","[""c10::BFloat16"",""ScalarList"",""ScalarList"",""""]",30
aten::as_strided,"[[1,1,26,16,128],[],[],[]]","[""c10::BFloat16"",""ScalarList"",""ScalarList"",""""]",30
aten::as_strided,"[[1,1,28,16,128],[],[],[]]","[""c10::BFloat16"",""ScalarList"",""ScalarList"",""""]",30
aten::as_strided,"[[1,1,3,16,128],[],[],[]]","[""c10::BFloat16"",""ScalarList"",""ScalarList"",""""]",30
aten::as_strided,"[[1,1,30,16,128],[],[],[]]","[""c10::BFloat16"",""ScalarList"",""ScalarList"",""""]",30
aten::as_strided,"[[1,1,32,16,128],[],[],[]]","[""c10::BFloat16"",""ScalarList"",""ScalarList"",""""]",30
aten::as_strided,"[[1,1,34,16,128],[],[],[]]","[""c10::BFloat16"",""ScalarList"",""ScalarList"",""""]",30
aten::as_strided,"[[1,1,36,16,128],[],[],[]]","[""c10::BFloat16"",""ScalarList"",""ScalarList"",""""]",30
aten::as_strided,"[[1,1,38,16,128],[],[],[]]","[""c10::BFloat16"",""ScalarList"",""ScalarList"",""""]",30
aten::as_strided,"[[1,1,4,16,128],[],[],[]]","[""c10::BFloat16"",""ScalarList"",""ScalarList"",""""]",30
aten::as_strided,"[[1,1,40,16,128],[],[],[]]","[""c10::BFloat16"",""ScalarList"",""ScalarList"",""""]",30
aten::as_strided,"[[1,1,42,16,128],[],[],[]]","[""c10::BFloat16"",""ScalarList"",""ScalarList"",""""]",30
aten::as_strided,"[[1,1,44,16,128],[],[],[]]","[""c10::BFloat16"",""ScalarList"",""ScalarList"",""""]",30
aten::as_strided,"[[1,1,46,16,128],[],[],[]]","[""c10::BFloat16"",""ScalarList"",""ScalarList"",""""]",30
aten::as_strided,"[[1,1,48,16,128],[],[],[]]","[""c10::BFloat16"",""ScalarList"",""ScalarList"",""""]",30
aten::as_strided,"[[1,1,50,16,128],[],[],[]]","[""c10::BFloat16"",""ScalarList"",""ScalarList"",""""]",30
aten::as_strided,"[[1,1,52,16,128],[],[],[]]","[""c10::BFloat16"",""ScalarList"",""ScalarList"",""""]",30
aten::as_strided,"[[1,1,54,16,128],[],[],[]]","[""c10::BFloat16"",""ScalarList"",""ScalarList"",""""]",30
aten::as_strided,"[[1,1,56,16,128],[],[],[]]","[""c10::BFloat16"",""ScalarList"",""ScalarList"",""""]",30
aten::as_strided,"[[1,1,58,16,128],[],[],[]]","[""c10::BFloat16"",""ScalarList"",""ScalarList"",""""]",30
aten::as_strided,"[[1,1,6,16,128],[],[],[]]","[""c10::BFloat16"",""ScalarList"",""ScalarList"",""""]",30
aten::as_strided,"[[1,1,60,16,128],[],[],[]]","[""c10::BFloat16"",""ScalarList"",""ScalarList"",""""]",30
aten::as_strided,"[[1,1,62,16,128],[],[],[]]","[""c10::BFloat16"",""ScalarList"",""ScalarList"",""""]",30
aten::as_strided,"[[1,1,8,16,128],[],[],[]]","[""c10::BFloat16"",""ScalarList"",""ScalarList"",""""]",30
aten::as_strided,"[[1,5027,16,128],[],[],[]]","[""c10::BFloat16"",""ScalarList"",""ScalarList"",""""]",30
aten::as_strided,"[[1,5089,16,128],[],[],[]]","[""c10::BFloat16"",""ScalarList"",""ScalarList"",""""]",30
aten::as_strided,"[[1,8132,16,128],[],[],[]]","[""c10::BFloat16"",""ScalarList"",""ScalarList"",""""]",30
aten::as_strided,"[[1,8134,16,128],[],[],[]]","[""c10::BFloat16"",""ScalarList"",""ScalarList"",""""]",30
aten::as_strided,"[[1,8136,16,128],[],[],[]]","[""c10::BFloat16"",""ScalarList"",""ScalarList"",""""]",30
aten::as_strided,"[[1,8138,16,128],[],[],[]]","[""c10::BFloat16"",""ScalarList"",""ScalarList"",""""]",30
aten::as_strided,"[[1,8140,16,128],[],[],[]]","[""c10::BFloat16"",""ScalarList"",""ScalarList"",""""]",30
aten::as_strided,"[[1,8142,16,128],[],[],[]]","[""c10::BFloat16"",""ScalarList"",""ScalarList"",""""]",30
aten::as_strided,"[[1,8144,16,128],[],[],[]]","[""c10::BFloat16"",""ScalarList"",""ScalarList"",""""]",30
aten::as_strided,"[[1,8146,16,128],[],[],[]]","[""c10::BFloat16"",""ScalarList"",""ScalarList"",""""]",30
aten::as_strided,"[[1,8148,16,128],[],[],[]]","[""c10::BFloat16"",""ScalarList"",""ScalarList"",""""]",30
aten::as_strided,"[[1,8150,16,128],[],[],[]]","[""c10::BFloat16"",""ScalarList"",""ScalarList"",""""]",30
aten::as_strided,"[[1,8152,16,128],[],[],[]]","[""c10::BFloat16"",""ScalarList"",""ScalarList"",""""]",30
aten::as_strided,"[[1,8154,16,128],[],[],[]]","[""c10::BFloat16"",""ScalarList"",""ScalarList"",""""]",30
aten::as_strided,"[[1,8156,16,128],[],[],[]]","[""c10::BFloat16"",""ScalarList"",""ScalarList"",""""]",30
aten::as_strided,"[[1,8158,16,128],[],[],[]]","[""c10::BFloat16"",""ScalarList"",""ScalarList"",""""]",30
aten::as_strided,"[[1,8160,16,128],[],[],[]]","[""c10::BFloat16"",""ScalarList"",""ScalarList"",""""]",30
aten::as_strided,"[[1,8162,16,128],[],[],[]]","[""c10::BFloat16"",""ScalarList"",""ScalarList"",""""]",30
aten::as_strided,"[[1,8164,16,128],[],[],[]]","[""c10::BFloat16"",""ScalarList"",""ScalarList"",""""]",30
aten::as_strided,"[[1,8166,16,128],[],[],[]]","[""c10::BFloat16"",""ScalarList"",""ScalarList"",""""]",30
aten::as_strided,"[[1,8168,16,128],[],[],[]]","[""c10::BFloat16"",""ScalarList"",""ScalarList"",""""]",30
aten::as_strided,"[[1,8170,16,128],[],[],[]]","[""c10::BFloat16"",""ScalarList"",""ScalarList"",""""]",30
aten::as_strided,"[[1,8172,16,128],[],[],[]]","[""c10::BFloat16"",""ScalarList"",""ScalarList"",""""]",30
aten::as_strided,"[[1,8174,16,128],[],[],[]]","[""c10::BFloat16"",""ScalarList"",""ScalarList"",""""]",30
aten::as_strided,"[[1,8176,16,128],[],[],[]]","[""c10::BFloat16"",""ScalarList"",""ScalarList"",""""]",30
aten::as_strided,"[[1,8178,16,128],[],[],[]]","[""c10::BFloat16"",""ScalarList"",""ScalarList"",""""]",30
aten::as_strided,"[[1,8180,16,128],[],[],[]]","[""c10::BFloat16"",""ScalarList"",""ScalarList"",""""]",30
aten::as_strided,"[[1,8182,16,128],[],[],[]]","[""c10::BFloat16"",""ScalarList"",""ScalarList"",""""]",30
aten::as_strided,"[[1,8184,16,128],[],[],[]]","[""c10::BFloat16"",""ScalarList"",""ScalarList"",""""]",30
aten::as_strided,"[[1,8186,16,128],[],[],[]]","[""c10::BFloat16"",""ScalarList"",""ScalarList"",""""]",30
aten::as_strided,"[[1,8188,16,128],[],[],[]]","[""c10::BFloat16"",""ScalarList"",""ScalarList"",""""]",30
aten::as_strided,"[[1,8189,16,128],[],[],[]]","[""c10::BFloat16"",""ScalarList"",""ScalarList"",""""]",30
aten::as_strided,"[[1,8191,16,128],[],[],[]]","[""c10::BFloat16"",""ScalarList"",""ScalarList"",""""]",30
aten::as_strided,"[[4096,4096],[],[],[]]","[""c10::BFloat16"",""ScalarList"",""ScalarList"",""Scalar""]",30
aten::as_strided,"[[4096,5089],[],[],[]]","[""c10::BFloat16"",""ScalarList"",""ScalarList"",""""]",30
aten::as_strided,"[[5089,4096],[],[],[]]","[""c10::BFloat16"",""ScalarList"",""ScalarList"",""""]",30
aten::bitwise_not,[[1]],"[""bool""]",30
aten::cat,"[[[1,1,16,128],[1,8191,16,128]],[]]","[""TensorList"",""Scalar""]",30
aten::cat,"[[[1,10,16,128],[1,8182,16,128]],[]]","[""TensorList"",""Scalar""]",30
aten::cat,"[[[1,12,16,128],[1,8180,16,128]],[]]","[""TensorList"",""Scalar""]",30
aten::cat,"[[[1,14,16,128],[1,8178,16,128]],[]]","[""TensorList"",""Scalar""]",30
aten::cat,"[[[1,16,16,128],[1,8176,16,128]],[]]","[""TensorList"",""Scalar""]",30
aten::cat,"[[[1,18,16,128],[1,8174,16,128]],[]]","[""TensorList"",""Scalar""]",30
aten::cat,"[[[1,20,16,128],[1,8172,16,128]],[]]","[""TensorList"",""Scalar""]",30
aten::cat,"[[[1,22,16,128],[1,8170,16,128]],[]]","[""TensorList"",""Scalar""]",30
aten::cat,"[[[1,24,16,128],[1,8168,16,128]],[]]","[""TensorList"",""Scalar""]",30
aten::cat,"[[[1,26,16,128],[1,8166,16,128]],[]]","[""TensorList"",""Scalar""]",30
aten::cat,"[[[1,28,16,128],[1,8164,16,128]],[]]","[""TensorList"",""Scalar""]",30
aten::cat,"[[[1,3,16,128],[1,8189,16,128]],[]]","[""TensorList"",""Scalar""]",30
aten::cat,"[[[1,30,16,128],[1,8162,16,128]],[]]","[""TensorList"",""Scalar""]",30
aten::cat,"[[[1,32,16,128],[1,8160,16,128]],[]]","[""TensorList"",""Scalar""]",30
aten::cat,"[[[1,34,16,128],[1,8158,16,128]],[]]","[""TensorList"",""Scalar""]",30
aten::cat,"[[[1,36,16,128],[1,8156,16,128]],[]]","[""TensorList"",""Scalar""]",30
aten::cat,"[[[1,38,16,128],[1,8154,16,128]],[]]","[""TensorList"",""Scalar""]",30
aten::cat,"[[[1,4,16,128],[1,8188,16,128]],[]]","[""TensorList"",""Scalar""]",30
aten::cat,"[[[1,40,16,128],[1,8152,16,128]],[]]","[""TensorList"",""Scalar""]",30
aten::cat,"[[[1,42,16,128],[1,8150,16,128]],[]]","[""TensorList"",""Scalar""]",30
aten::cat,"[[[1,44,16,128],[1,8148,16,128]],[]]","[""TensorList"",""Scalar""]",30
aten::cat,"[[[1,46,16,128],[1,8146,16,128]],[]]","[""TensorList"",""Scalar""]",30
aten::cat,"[[[1,48,16,128],[1,8144,16,128]],[]]","[""TensorList"",""Scalar""]",30
aten::cat,"[[[1,50,16,128],[1,8142,16,128]],[]]","[""TensorList"",""Scalar""]",30
aten::cat,"[[[1,52,16,128],[1,8140,16,128]],[]]","[""TensorList"",""Scalar""]",30
aten::cat,"[[[1,54,16,128],[1,8138,16,128]],[]]","[""TensorList"",""Scalar""]",30
aten::cat,"[[[1,56,16,128],[1,8136,16,128]],[]]","[""TensorList"",""Scalar""]",30
aten::cat,"[[[1,58,16,128],[1,8134,16,128]],[]]","[""TensorList"",""Scalar""]",30
aten::cat,"[[[1,6,16,128],[1,8186,16,128]],[]]","[""TensorList"",""Scalar""]",30
aten::cat,"[[[1,60,16,128],[1,8132,16,128]],[]]","[""TensorList"",""Scalar""]",30
aten::cat,"[[[1,62,16,128],[1,5027,16,128]],[]]","[""TensorList"",""Scalar""]",30
aten::cat,"[[[1,8,16,128],[1,8184,16,128]],[]]","[""TensorList"",""Scalar""]",30
aten::cat,"[[[10240],[10240],[20480]],[]]","[""TensorList"",""Scalar""]",30
aten::cat,"[[[1024],[1024],[2048]],[]]","[""TensorList"",""Scalar""]",30
aten::cat,"[[[12288],[12288],[24576]],[]]","[""TensorList"",""Scalar""]",30
aten::cat,"[[[14336],[14336],[28672]],[]]","[""TensorList"",""Scalar""]",30
aten::cat,"[[[16384],[16384],[32768]],[]]","[""TensorList"",""Scalar""]",30
aten::cat,"[[[18432],[18432],[36864]],[]]","[""TensorList"",""Scalar""]",30
aten::cat,"[[[20480],[20480],[40960]],[]]","[""TensorList"",""Scalar""]",30
aten::cat,"[[[22528],[22528],[45056]],[]]","[""TensorList"",""Scalar""]",30
aten::cat,"[[[24576],[24576],[49152]],[]]","[""TensorList"",""Scalar""]",30
aten::cat,"[[[26624],[26624],[53248]],[]]","[""TensorList"",""Scalar""]",30
aten::cat,"[[[28672],[28672],[57344]],[]]","[""TensorList"",""Scalar""]",30
aten::cat,"[[[30720],[30720],[61440]],[]]","[""TensorList"",""Scalar""]",30
aten::cat,"[[[3072],[3072],[6144]],[]]","[""TensorList"",""Scalar""]",30
aten::cat,"[[[32768],[32768],[65536]],[]]","[""TensorList"",""Scalar""]",30
aten::cat,"[[[34816],[34816],[69632]],[]]","[""TensorList"",""Scalar""]",30
aten::cat,"[[[36864],[36864],[73728]],[]]","[""TensorList"",""Scalar""]",30
aten::cat,"[[[38912],[38912],[77824]],[]]","[""TensorList"",""Scalar""]",30
aten::cat,"[[[40960],[40960],[81920]],[]]","[""TensorList"",""Scalar""]",30
aten::cat,"[[[4096],[4096],[8192]],[]]","[""TensorList"",""Scalar""]",30
aten::cat,"[[[43008],[43008],[86016]],[]]","[""TensorList"",""Scalar""]",30
aten::cat,"[[[45056],[45056],[90112]],[]]","[""TensorList"",""Scalar""]",30
aten::cat,"[[[47104],[47104],[94208]],[]]","[""TensorList"",""Scalar""]",30
aten::cat,"[[[49152],[49152],[98304]],[]]","[""TensorList"",""Scalar""]",30
aten::cat,"[[[51200],[51200],[102400]],[]]","[""TensorList"",""Scalar""]",30
aten::cat,"[[[53248],[53248],[106496]],[]]","[""TensorList"",""Scalar""]",30
aten::cat,"[[[55296],[55296],[110592]],[]]","[""TensorList"",""Scalar""]",30
aten::cat,"[[[57344],[57344],[114688]],[]]","[""TensorList"",""Scalar""]",30
aten::cat,"[[[59392],[59392],[118784]],[]]","[""TensorList"",""Scalar""]",30
aten::cat,"[[[61440],[61440],[122880]],[]]","[""TensorList"",""Scalar""]",30
aten::cat,"[[[6144],[6144],[12288]],[]]","[""TensorList"",""Scalar""]",30
aten::cat,"[[[63488],[63488],[126976]],[]]","[""TensorList"",""Scalar""]",30
aten::cat,"[[[8192],[8192],[16384]],[]]","[""TensorList"",""Scalar""]",30
aten::clone,"[[10,2048],[]]","[""c10::BFloat16"",""Scalar""]",30
aten::clone,"[[12,2048],[]]","[""c10::BFloat16"",""Scalar""]",30
aten::clone,"[[14,2048],[]]","[""c10::BFloat16"",""Scalar""]",30
aten::clone,"[[16,2048],[]]","[""c10::BFloat16"",""Scalar""]",30
aten::clone,"[[18,2048],[]]","[""c10::BFloat16"",""Scalar""]",30
aten::clone,"[[20,2048],[]]","[""c10::BFloat16"",""Scalar""]",30
aten::clone,"[[22,2048],[]]","[""c10::BFloat16"",""Scalar""]",30
aten::clone,"[[24,2048],[]]","[""c10::BFloat16"",""Scalar""]",30
aten::clone,"[[26,2048],[]]","[""c10::BFloat16"",""Scalar""]",30
aten::clone,"[[28,2048],[]]","[""c10::BFloat16"",""Scalar""]",30
aten::clone,"[[3,2048],[]]","[""c10::BFloat16"",""Scalar""]",30
aten::clone,"[[30,2048],[]]","[""c10::BFloat16"",""Scalar""]",30
aten::clone,"[[32,2048],[]]","[""c10::BFloat16"",""Scalar""]",30
aten::clone,"[[34,2048],[]]","[""c10::BFloat16"",""Scalar""]",30
aten::clone,"[[36,2048],[]]","[""c10::BFloat16"",""Scalar""]",30
aten::clone,"[[38,2048],[]]","[""c10::BFloat16"",""Scalar""]",30
aten::clone,"[[4,2048],[]]","[""c10::BFloat16"",""Scalar""]",30
aten::clone,"[[40,2048],[]]","[""c10::BFloat16"",""Scalar""]",30
aten::clone,"[[42,2048],[]]","[""c10::BFloat16"",""Scalar""]",30
aten::clone,"[[44,2048],[]]","[""c10::BFloat16"",""Scalar""]",30
aten::clone,"[[46,2048],[]]","[""c10::BFloat16"",""Scalar""]",30
aten::clone,"[[48,2048],[]]","[""c10::BFloat16"",""Scalar""]",30
aten::clone,"[[50,2048],[]]","[""c10::BFloat16"",""Scalar""]",30
aten::clone,"[[52,2048],[]]","[""c10::BFloat16"",""Scalar""]",30
aten::clone,"[[54,2048],[]]","[""c10::BFloat16"",""Scalar""]",30
aten::clone,"[[56,2048],[]]","[""c10::BFloat16"",""Scalar""]",30
aten::clone,"[[58,2048],[]]","[""c10::BFloat16"",""Scalar""]",30
aten::clone,"[[6,2048],[]]","[""c10::BFloat16"",""Scalar""]",30
aten::clone,"[[60,2048],[]]","[""c10::BFloat16"",""Scalar""]",30
aten::clone,"[[62,2048],[]]","[""c10::BFloat16"",""Scalar""]",30
aten::clone,"[[8,2048],[]]","[""c10::BFloat16"",""Scalar""]",30
aten::copy_,"[[3,2048],[3,2048],[]]","[""c10::BFloat16"",""c10::BFloat16"",""Scalar""]",30
aten::copy_,"[[4096,16,128],[4096,16,128],[]]","[""c10::BFloat16"",""c10::BFloat16"",""Scalar""]",30
aten::copy_,"[[5089,16,128],[5089,16,128],[]]","[""c10::BFloat16"",""c10::BFloat16"",""Scalar""]",30
aten::empty_like,"[[10,2048],[],[],[],[],[]]","[""c10::BFloat16"",""Scalar"",""Scalar"","""","""",""Scalar""]",30
aten::empty_like,"[[12,2048],[],[],[],[],[]]","[""c10::BFloat16"",""Scalar"",""Scalar"","""","""",""Scalar""]",30
aten::empty_like,"[[14,2048],[],[],[],[],[]]","[""c10::BFloat16"",""Scalar"",""Scalar"","""","""",""Scalar""]",30
aten::empty_like,"[[16,2048],[],[],[],[],[]]","[""c10::BFloat16"",""Scalar"",""Scalar"","""","""",""Scalar""]",30
aten::empty_like,"[[18,2048],[],[],[],[],[]]","[""c10::BFloat16"",""Scalar"",""Scalar"","""","""",""Scalar""]",30
aten::empty_like,"[[1],[],[],[],[],[]]","[""bool"",""Scalar"","""","""",""Scalar"",""""]",30
aten::empty_like,"[[20,2048],[],[],[],[],[]]","[""c10::BFloat16"",""Scalar"",""Scalar"","""","""",""Scalar""]",30
aten::empty_like,"[[22,2048],[],[],[],[],[]]","[""c10::BFloat16"",""Scalar"",""Scalar"","""","""",""Scalar""]",30
aten::empty_like,"[[24,2048],[],[],[],[],[]]","[""c10::BFloat16"",""Scalar"",""Scalar"","""","""",""Scalar""]",30
aten::empty_like,"[[26,2048],[],[],[],[],[]]","[""c10::BFloat16"",""Scalar"",""Scalar"","""","""",""Scalar""]",30
aten::empty_like,"[[28,2048],[],[],[],[],[]]","[""c10::BFloat16"",""Scalar"",""Scalar"","""","""",""Scalar""]",30
aten::empty_like,"[[3,2048],[],[],[],[],[]]","[""c10::BFloat16"",""Scalar"",""Scalar"","""","""",""Scalar""]",30
aten::empty_like,"[[30,2048],[],[],[],[],[]]","[""c10::BFloat16"",""Scalar"",""Scalar"","""","""",""Scalar""]",30
aten::empty_like,"[[32,2048],[],[],[],[],[]]","[""c10::BFloat16"",""Scalar"",""Scalar"","""","""",""Scalar""]",30
aten::empty_like,"[[34,2048],[],[],[],[],[]]","[""c10::BFloat16"",""Scalar"",""Scalar"","""","""",""Scalar""]",30
aten::empty_like,"[[36,2048],[],[],[],[],[]]","[""c10::BFloat16"",""Scalar"",""Scalar"","""","""",""Scalar""]",30
aten::empty_like,"[[38,2048],[],[],[],[],[]]","[""c10::BFloat16"",""Scalar"",""Scalar"","""","""",""Scalar""]",30
aten::empty_like,"[[4,2048],[],[],[],[],[]]","[""c10::BFloat16"",""Scalar"",""Scalar"","""","""",""Scalar""]",30
aten::empty_like,"[[40,2048],[],[],[],[],[]]","[""c10::BFloat16"",""Scalar"",""Scalar"","""","""",""Scalar""]",30
aten::empty_like,"[[4096,16],[],[],[],[],[]]","[""float"",""Scalar"","""","""",""Scalar"",""""]",30
aten::empty_like,"[[4096,4096],[],[],[],[],[]]","[""c10::BFloat16"","""","""","""",""Scalar"",""""]",30
aten::empty_like,"[[4096,5089],[],[],[],[],[]]","[""c10::BFloat16"","""","""","""",""Scalar"",""""]",30
aten::empty_like,"[[42,2048],[],[],[],[],[]]","[""c10::BFloat16"",""Scalar"",""Scalar"","""","""",""Scalar""]",30
aten::empty_like,"[[44,2048],[],[],[],[],[]]","[""c10::BFloat16"",""Scalar"",""Scalar"","""","""",""Scalar""]",30
aten::empty_like,"[[46,2048],[],[],[],[],[]]","[""c10::BFloat16"",""Scalar"",""Scalar"","""","""",""Scalar""]",30
aten::empty_like,"[[48,2048],[],[],[],[],[]]","[""c10::BFloat16"",""Scalar"",""Scalar"","""","""",""Scalar""]",30
aten::empty_like,"[[50,2048],[],[],[],[],[]]","[""c10::BFloat16"",""Scalar"",""Scalar"","""","""",""Scalar""]",30
aten::empty_like,"[[5027,16],[],[],[],[],[]]","[""float"",""Scalar"","""","""",""Scalar"",""""]",30
aten::empty_like,"[[52,2048],[],[],[],[],[]]","[""c10::BFloat16"",""Scalar"",""Scalar"","""","""",""Scalar""]",30
aten::empty_like,"[[54,2048],[],[],[],[],[]]","[""c10::BFloat16"",""Scalar"",""Scalar"","""","""",""Scalar""]",30
aten::empty_like,"[[56,2048],[],[],[],[],[]]","[""c10::BFloat16"",""Scalar"",""Scalar"","""","""",""Scalar""]",30
aten::empty_like,"[[58,2048],[],[],[],[],[]]","[""c10::BFloat16"",""Scalar"",""Scalar"","""","""",""Scalar""]",30
aten::empty_like,"[[6,2048],[],[],[],[],[]]","[""c10::BFloat16"",""Scalar"",""Scalar"","""","""",""Scalar""]",30
aten::empty_like,"[[60,2048],[],[],[],[],[]]","[""c10::BFloat16"",""Scalar"",""Scalar"","""","""",""Scalar""]",30
aten::empty_like,"[[62,2048],[],[],[],[],[]]","[""c10::BFloat16"",""Scalar"",""Scalar"","""","""",""Scalar""]",30
aten::empty_like,"[[8,2048],[],[],[],[],[]]","[""c10::BFloat16"",""Scalar"",""Scalar"","""","""",""Scalar""]",30
aten::empty_like,"[[8132,16],[],[],[],[],[]]","[""float"",""Scalar"","""","""",""Scalar"",""""]",30
aten::empty_like,"[[8134,16],[],[],[],[],[]]","[""float"",""Scalar"","""","""",""Scalar"",""""]",30
aten::empty_like,"[[8136,16],[],[],[],[],[]]","[""float"",""Scalar"","""","""",""Scalar"",""""]",30
aten::empty_like,"[[8138,16],[],[],[],[],[]]","[""float"",""Scalar"","""","""",""Scalar"",""""]",30
aten::empty_like,"[[8140,16],[],[],[],[],[]]","[""float"",""Scalar"","""","""",""Scalar"",""""]",30
aten::empty_like,"[[8142,16],[],[],[],[],[]]","[""float"",""Scalar"","""","""",""Scalar"",""""]",30
aten::empty_like,"[[8144,16],[],[],[],[],[]]","[""float"",""Scalar"","""","""",""Scalar"",""""]",30
aten::empty_like,"[[8146,16],[],[],[],[],[]]","[""float"",""Scalar"","""","""",""Scalar"",""""]",30
aten::empty_like,"[[8148,16],[],[],[],[],[]]","[""float"",""Scalar"","""","""",""Scalar"",""""]",30
aten::empty_like,"[[8150,16],[],[],[],[],[]]","[""float"",""Scalar"","""","""",""Scalar"",""""]",30
aten::empty_like,"[[8152,16],[],[],[],[],[]]","[""float"",""Scalar"","""","""",""Scalar"",""""]",30
aten::empty_like,"[[8154,16],[],[],[],[],[]]","[""float"",""Scalar"","""","""",""Scalar"",""""]",30
aten::empty_like,"[[8156,16],[],[],[],[],[]]","[""float"",""Scalar"","""","""",""Scalar"",""""]",30
aten::empty_like,"[[8158,16],[],[],[],[],[]]","[""float"",""Scalar"","""","""",""Scalar"",""""]",30
aten::empty_like,"[[8160,16],[],[],[],[],[]]","[""float"",""Scalar"","""","""",""Scalar"",""""]",30
aten::empty_like,"[[8162,16],[],[],[],[],[]]","[""float"",""Scalar"","""","""",""Scalar"",""""]",30
aten::empty_like,"[[8164,16],[],[],[],[],[]]","[""float"",""Scalar"","""","""",""Scalar"",""""]",30
aten::empty_like,"[[8166,16],[],[],[],[],[]]","[""float"",""Scalar"","""","""",""Scalar"",""""]",30
aten::empty_like,"[[8168,16],[],[],[],[],[]]","[""float"",""Scalar"","""","""",""Scalar"",""""]",30
aten::empty_like,"[[8170,16],[],[],[],[],[]]","[""float"",""Scalar"","""","""",""Scalar"",""""]",30
aten::empty_like,"[[8172,16],[],[],[],[],[]]","[""float"",""Scalar"","""","""",""Scalar"",""""]",30
aten::empty_like,"[[8174,16],[],[],[],[],[]]","[""float"",""Scalar"","""","""",""Scalar"",""""]",30
aten::empty_like,"[[8176,16],[],[],[],[],[]]","[""float"",""Scalar"","""","""",""Scalar"",""""]",30
aten::empty_like,"[[8178,16],[],[],[],[],[]]","[""float"",""Scalar"","""","""",""Scalar"",""""]",30
aten::empty_like,"[[8180,16],[],[],[],[],[]]","[""float"",""Scalar"","""","""",""Scalar"",""""]",30
aten::empty_like,"[[8182,16],[],[],[],[],[]]","[""float"",""Scalar"","""","""",""Scalar"",""""]",30
aten::empty_like,"[[8184,16],[],[],[],[],[]]","[""float"",""Scalar"","""","""",""Scalar"",""""]",30
aten::empty_like,"[[8186,16],[],[],[],[],[]]","[""float"",""Scalar"","""","""",""Scalar"",""""]",30
aten::empty_like,"[[8188,16],[],[],[],[],[]]","[""float"",""Scalar"","""","""",""Scalar"",""""]",30
aten::empty_like,"[[8189,16],[],[],[],[],[]]","[""float"",""Scalar"","""","""",""Scalar"",""""]",30
aten::empty_like,"[[8191,16],[],[],[],[],[]]","[""float"",""Scalar"","""","""",""Scalar"",""""]",30
aten::exp,"[[4096,16]]","[""float""]",30
aten::exp,"[[5027,16]]","[""float""]",30
aten::exp,"[[8132,16]]","[""float""]",30
aten::exp,"[[8134,16]]","[""float""]",30
aten::exp,"[[8136,16]]","[""float""]",30
aten::exp,"[[8138,16]]","[""float""]",30
aten::exp,"[[8140,16]]","[""float""]",30
aten::exp,"[[8142,16]]","[""float""]",30
aten::exp,"[[8144,16]]","[""float""]",30
aten::exp,"[[8146,16]]","[""float""]",30
aten::exp,"[[8148,16]]","[""float""]",30
aten::exp,"[[8150,16]]","[""float""]",30
aten::exp,"[[8152,16]]","[""float""]",30
aten::exp,"[[8154,16]]","[""float""]",30
aten::exp,"[[8156,16]]","[""float""]",30
aten::exp,"[[8158,16]]","[""float""]",30
aten::exp,"[[8160,16]]","[""float""]",30
aten::exp,"[[8162,16]]","[""float""]",30
aten::exp,"[[8164,16]]","[""float""]",30
aten::exp,"[[8166,16]]","[""float""]",30
aten::exp,"[[8168,16]]","[""float""]",30
aten::exp,"[[8170,16]]","[""float""]",30
aten::exp,"[[8172,16]]","[""float""]",30
aten::exp,"[[8174,16]]","[""float""]",30
aten::exp,"[[8176,16]]","[""float""]",30
aten::exp,"[[8178,16]]","[""float""]",30
aten::exp,"[[8180,16]]","[""float""]",30
aten::exp,"[[8182,16]]","[""float""]",30
aten::exp,"[[8184,16]]","[""float""]",30
aten::exp,"[[8186,16]]","[""float""]",30
aten::exp,"[[8188,16]]","[""float""]",30
aten::exp,"[[8189,16]]","[""float""]",30
aten::exp,"[[8191,16]]","[""float""]",30
aten::expand,"[[1,1,1,1],[],[]]","[""bool"",""ScalarList"",""Scalar""]",30
aten::index_put_,"[[1,16,128,128],[],[],[]]","[""float"","""",""float"",""Scalar""]",30
aten::index_put_,"[[3659,16,128,128],[],[16,128,128],[]]","[""float"","""",""float"",""Scalar""]",30
aten::masked_fill_,"[[1,16,128,128],[1,1,1,1],[]]","[""float"",""bool"",""Scalar""]",30
aten::mm,"[[4096,2048],[2048,32],[4096,32]]","[""c10::BFloat16"",""c10::BFloat16"",""c10::BFloat16""]",30
aten::mm,"[[4096,2048],[2048,6144],[4096,6144]]","[""c10::BFloat16"",""c10::BFloat16"",""c10::BFloat16""]",30
aten::mm,"[[5089,2048],[2048,32],[5089,32]]","[""c10::BFloat16"",""c10::BFloat16"",""c10::BFloat16""]",30
aten::mm,"[[5089,2048],[2048,6144],[5089,6144]]","[""c10::BFloat16"",""c10::BFloat16"",""c10::BFloat16""]",30
aten::new_empty,"[[1,1,8,128],[],[],[],[],[]]","[""c10::BFloat16"",""ScalarList"","""","""","""",""Scalar""]",30
aten::new_empty,"[[1,10,8,128],[],[],[],[],[]]","[""c10::BFloat16"",""ScalarList"","""","""","""",""Scalar""]",30
aten::new_empty,"[[1,12,8,128],[],[],[],[],[]]","[""c10::BFloat16"",""ScalarList"","""","""","""",""Scalar""]",30
aten::new_empty,"[[1,14,8,128],[],[],[],[],[]]","[""c10::BFloat16"",""ScalarList"","""","""","""",""Scalar""]",30
aten::new_empty,"[[1,16,8,128],[],[],[],[],[]]","[""c10::BFloat16"",""ScalarList"","""","""","""",""Scalar""]",30
aten::new_empty,"[[1,18,8,128],[],[],[],[],[]]","[""c10::BFloat16"",""ScalarList"","""","""","""",""Scalar""]",30
aten::new_empty,"[[1,20,8,128],[],[],[],[],[]]","[""c10::BFloat16"",""ScalarList"","""","""","""",""Scalar""]",30
aten::new_empty,"[[1,22,8,128],[],[],[],[],[]]","[""c10::BFloat16"",""ScalarList"","""","""","""",""Scalar""]",30
aten::new_empty,"[[1,24,8,128],[],[],[],[],[]]","[""c10::BFloat16"",""ScalarList"","""","""","""",""Scalar""]",30
aten::new_empty,"[[1,26,8,128],[],[],[],[],[]]","[""c10::BFloat16"",""ScalarList"","""","""","""",""Scalar""]",30
aten::new_empty,"[[1,28,8,128],[],[],[],[],[]]","[""c10::BFloat16"",""ScalarList"","""","""","""",""Scalar""]",30
aten::new_empty,"[[1,3,8,128],[],[],[],[],[]]","[""c10::BFloat16"",""ScalarList"","""","""","""",""Scalar""]",30
aten::new_empty,"[[1,30,8,128],[],[],[],[],[]]","[""c10::BFloat16"",""ScalarList"","""","""","""",""Scalar""]",30
aten::new_empty,"[[1,32,8,128],[],[],[],[],[]]","[""c10::BFloat16"",""ScalarList"","""","""","""",""Scalar""]",30
aten::new_empty,"[[1,34,8,128],[],[],[],[],[]]","[""c10::BFloat16"",""ScalarList"","""","""","""",""Scalar""]",30
aten::new_empty,"[[1,36,8,128],[],[],[],[],[]]","[""c10::BFloat16"",""ScalarList"","""","""","""",""Scalar""]",30
aten::new_empty,"[[1,38,8,128],[],[],[],[],[]]","[""c10::BFloat16"",""ScalarList"","""","""","""",""Scalar""]",30
aten::new_empty,"[[1,4,8,128],[],[],[],[],[]]","[""c10::BFloat16"",""ScalarList"","""","""","""",""Scalar""]",30
aten::new_empty,"[[1,40,8,128],[],[],[],[],[]]","[""c10::BFloat16"",""ScalarList"","""","""","""",""Scalar""]",30
aten::new_empty,"[[1,42,8,128],[],[],[],[],[]]","[""c10::BFloat16"",""ScalarList"","""","""","""",""Scalar""]",30
aten::new_empty,"[[1,44,8,128],[],[],[],[],[]]","[""c10::BFloat16"",""ScalarList"","""","""","""",""Scalar""]",30
aten::new_empty,"[[1,46,8,128],[],[],[],[],[]]","[""c10::BFloat16"",""ScalarList"","""","""","""",""Scalar""]",30
aten::new_empty,"[[1,48,8,128],[],[],[],[],[]]","[""c10::BFloat16"",""ScalarList"","""","""","""",""Scalar""]",30
aten::new_empty,"[[1,50,8,128],[],[],[],[],[]]","[""c10::BFloat16"",""ScalarList"","""","""","""",""Scalar""]",30
aten::new_empty,"[[1,52,8,128],[],[],[],[],[]]","[""c10::BFloat16"",""ScalarList"","""","""","""",""Scalar""]",30
aten::new_empty,"[[1,54,8,128],[],[],[],[],[]]","[""c10::BFloat16"",""ScalarList"","""","""","""",""Scalar""]",30
aten::new_empty,"[[1,56,8,128],[],[],[],[],[]]","[""c10::BFloat16"",""ScalarList"","""","""","""",""Scalar""]",30
aten::new_empty,"[[1,58,8,128],[],[],[],[],[]]","[""c10::BFloat16"",""ScalarList"","""","""","""",""Scalar""]",30
aten::new_empty,"[[1,6,8,128],[],[],[],[],[]]","[""c10::BFloat16"",""ScalarList"","""","""","""",""Scalar""]",30
aten::new_empty,"[[1,60,8,128],[],[],[],[],[]]","[""c10::BFloat16"",""ScalarList"","""","""","""",""Scalar""]",30
aten::new_empty,"[[1,62,8,128],[],[],[],[],[]]","[""c10::BFloat16"",""ScalarList"","""","""","""",""Scalar""]",30
aten::new_empty,"[[1,8,8,128],[],[],[],[],[]]","[""c10::BFloat16"",""ScalarList"","""","""","""",""Scalar""]",30
aten::reshape,"[[1,1,1],[]]","[""bool"",""ScalarList""]",30
aten::reshape,"[[1,1],[]]","[""bool"",""ScalarList""]",30
aten::reshape,"[[1,2048],[]]","[""c10::BFloat16"",""ScalarList""]",30
aten::slice,"[[4096,4096],[],[],[],[]]","[""c10::BFloat16"",""Scalar"",""Scalar"",""Scalar"",""Scalar""]",30
aten::split_with_sizes,"[[1,4096],[],[]]","[""c10::BFloat16"",""ScalarList"",""Scalar""]",30
aten::split_with_sizes,"[[10,4096],[],[]]","[""c10::BFloat16"",""ScalarList"",""Scalar""]",30
aten::split_with_sizes,"[[12,4096],[],[]]","[""c10::BFloat16"",""ScalarList"",""Scalar""]",30
aten::split_with_sizes,"[[14,4096],[],[]]","[""c10::BFloat16"",""ScalarList"",""Scalar""]",30
aten::split_with_sizes,"[[16,4096],[],[]]","[""c10::BFloat16"",""ScalarList"",""Scalar""]",30
aten::split_with_sizes,"[[18,4096],[],[]]","[""c10::BFloat16"",""ScalarList"",""Scalar""]",30
aten::split_with_sizes,"[[20,4096],[],[]]","[""c10::BFloat16"",""ScalarList"",""Scalar""]",30
aten::split_with_sizes,"[[22,4096],[],[]]","[""c10::BFloat16"",""ScalarList"",""Scalar""]",30
aten::split_with_sizes,"[[24,4096],[],[]]","[""c10::BFloat16"",""ScalarList"",""Scalar""]",30
aten::split_with_sizes,"[[26,4096],[],[]]","[""c10::BFloat16"",""ScalarList"",""Scalar""]",30
aten::split_with_sizes,"[[28,4096],[],[]]","[""c10::BFloat16"",""ScalarList"",""Scalar""]",30
aten::split_with_sizes,"[[3,4096],[],[]]","[""c10::BFloat16"",""ScalarList"",""Scalar""]",30
aten::split_with_sizes,"[[30,4096],[],[]]","[""c10::BFloat16"",""ScalarList"",""Scalar""]",30
aten::split_with_sizes,"[[32,4096],[],[]]","[""c10::BFloat16"",""ScalarList"",""Scalar""]",30
aten::split_with_sizes,"[[34,4096],[],[]]","[""c10::BFloat16"",""ScalarList"",""Scalar""]",30
aten::split_with_sizes,"[[36,4096],[],[]]","[""c10::BFloat16"",""ScalarList"",""Scalar""]",30
aten::split_with_sizes,"[[38,4096],[],[]]","[""c10::BFloat16"",""ScalarList"",""Scalar""]",30
aten::split_with_sizes,"[[4,4096],[],[]]","[""c10::BFloat16"",""ScalarList"",""Scalar""]",30
aten::split_with_sizes,"[[40,4096],[],[]]","[""c10::BFloat16"",""ScalarList"",""Scalar""]",30
aten::split_with_sizes,"[[42,4096],[],[]]","[""c10::BFloat16"",""ScalarList"",""Scalar""]",30
aten::split_with_sizes,"[[44,4096],[],[]]","[""c10::BFloat16"",""ScalarList"",""Scalar""]",30
aten::split_with_sizes,"[[46,4096],[],[]]","[""c10::BFloat16"",""ScalarList"",""Scalar""]",30
aten::split_with_sizes,"[[48,4096],[],[]]","[""c10::BFloat16"",""ScalarList"",""Scalar""]",30
aten::split_with_sizes,"[[50,4096],[],[]]","[""c10::BFloat16"",""ScalarList"",""Scalar""]",30
aten::split_with_sizes,"[[52,4096],[],[]]","[""c10::BFloat16"",""ScalarList"",""Scalar""]",30
aten::split_with_sizes,"[[54,4096],[],[]]","[""c10::BFloat16"",""ScalarList"",""Scalar""]",30
aten::split_with_sizes,"[[56,4096],[],[]]","[""c10::BFloat16"",""ScalarList"",""Scalar""]",30
aten::split_with_sizes,"[[58,4096],[],[]]","[""c10::BFloat16"",""ScalarList"",""Scalar""]",30
aten::split_with_sizes,"[[6,4096],[],[]]","[""c10::BFloat16"",""ScalarList"",""Scalar""]",30
aten::split_with_sizes,"[[60,4096],[],[]]","[""c10::BFloat16"",""ScalarList"",""Scalar""]",30
aten::split_with_sizes,"[[62,4096],[],[]]","[""c10::BFloat16"",""ScalarList"",""Scalar""]",30
aten::split_with_sizes,"[[8,4096],[],[]]","[""c10::BFloat16"",""ScalarList"",""Scalar""]",30
aten::squeeze,"[[1,1,1,16,128],[]]","[""c10::BFloat16"",""Scalar""]",30
aten::squeeze,"[[1,1,10,16,128],[]]","[""c10::BFloat16"",""Scalar""]",30
aten::squeeze,"[[1,1,12,16,128],[]]","[""c10::BFloat16"",""Scalar""]",30
aten::squeeze,"[[1,1,14,16,128],[]]","[""c10::BFloat16"",""Scalar""]",30
aten::squeeze,"[[1,1,16,16,128],[]]","[""c10::BFloat16"",""Scalar""]",30
aten::squeeze,"[[1,1,18,16,128],[]]","[""c10::BFloat16"",""Scalar""]",30
aten::squeeze,"[[1,1,20,16,128],[]]","[""c10::BFloat16"",""Scalar""]",30
aten::squeeze,"[[1,1,22,16,128],[]]","[""c10::BFloat16"",""Scalar""]",30
aten::squeeze,"[[1,1,24,16,128],[]]","[""c10::BFloat16"",""Scalar""]",30
aten::squeeze,"[[1,1,26,16,128],[]]","[""c10::BFloat16"",""Scalar""]",30
aten::squeeze,"[[1,1,28,16,128],[]]","[""c10::BFloat16"",""Scalar""]",30
aten::squeeze,"[[1,1,3,16,128],[]]","[""c10::BFloat16"",""Scalar""]",30
aten::squeeze,"[[1,1,30,16,128],[]]","[""c10::BFloat16"",""Scalar""]",30
aten::squeeze,"[[1,1,32,16,128],[]]","[""c10::BFloat16"",""Scalar""]",30
aten::squeeze,"[[1,1,34,16,128],[]]","[""c10::BFloat16"",""Scalar""]",30
aten::squeeze,"[[1,1,36,16,128],[]]","[""c10::BFloat16"",""Scalar""]",30
aten::squeeze,"[[1,1,38,16,128],[]]","[""c10::BFloat16"",""Scalar""]",30
aten::squeeze,"[[1,1,4,16,128],[]]","[""c10::BFloat16"",""Scalar""]",30
aten::squeeze,"[[1,1,40,16,128],[]]","[""c10::BFloat16"",""Scalar""]",30
aten::squeeze,"[[1,1,42,16,128],[]]","[""c10::BFloat16"",""Scalar""]",30
aten::squeeze,"[[1,1,44,16,128],[]]","[""c10::BFloat16"",""Scalar""]",30
aten::squeeze,"[[1,1,46,16,128],[]]","[""c10::BFloat16"",""Scalar""]",30
aten::squeeze,"[[1,1,48,16,128],[]]","[""c10::BFloat16"",""Scalar""]",30
aten::squeeze,"[[1,1,50,16,128],[]]","[""c10::BFloat16"",""Scalar""]",30
aten::squeeze,"[[1,1,52,16,128],[]]","[""c10::BFloat16"",""Scalar""]",30
aten::squeeze,"[[1,1,54,16,128],[]]","[""c10::BFloat16"",""Scalar""]",30
aten::squeeze,"[[1,1,56,16,128],[]]","[""c10::BFloat16"",""Scalar""]",30
aten::squeeze,"[[1,1,58,16,128],[]]","[""c10::BFloat16"",""Scalar""]",30
aten::squeeze,"[[1,1,6,16,128],[]]","[""c10::BFloat16"",""Scalar""]",30
aten::squeeze,"[[1,1,60,16,128],[]]","[""c10::BFloat16"",""Scalar""]",30
aten::squeeze,"[[1,1,62,16,128],[]]","[""c10::BFloat16"",""Scalar""]",30
aten::squeeze,"[[1,1,8,16,128],[]]","[""c10::BFloat16"",""Scalar""]",30
aten::squeeze,"[[1,5027,16,128],[]]","[""c10::BFloat16"",""Scalar""]",30
aten::squeeze,"[[1,5089,16,128],[]]","[""c10::BFloat16"",""Scalar""]",30
aten::squeeze,"[[1,8132,16,128],[]]","[""c10::BFloat16"",""Scalar""]",30
aten::squeeze,"[[1,8134,16,128],[]]","[""c10::BFloat16"",""Scalar""]",30
aten::squeeze,"[[1,8136,16,128],[]]","[""c10::BFloat16"",""Scalar""]",30
aten::squeeze,"[[1,8138,16,128],[]]","[""c10::BFloat16"",""Scalar""]",30
aten::squeeze,"[[1,8140,16,128],[]]","[""c10::BFloat16"",""Scalar""]",30
aten::squeeze,"[[1,8142,16,128],[]]","[""c10::BFloat16"",""Scalar""]",30
aten::squeeze,"[[1,8144,16,128],[]]","[""c10::BFloat16"",""Scalar""]",30
aten::squeeze,"[[1,8146,16,128],[]]","[""c10::BFloat16"",""Scalar""]",30
aten::squeeze,"[[1,8148,16,128],[]]","[""c10::BFloat16"",""Scalar""]",30
aten::squeeze,"[[1,8150,16,128],[]]","[""c10::BFloat16"",""Scalar""]",30
aten::squeeze,"[[1,8152,16,128],[]]","[""c10::BFloat16"",""Scalar""]",30
aten::squeeze,"[[1,8154,16,128],[]]","[""c10::BFloat16"",""Scalar""]",30
aten::squeeze,"[[1,8156,16,128],[]]","[""c10::BFloat16"",""Scalar""]",30
aten::squeeze,"[[1,8158,16,128],[]]","[""c10::BFloat16"",""Scalar""]",30
aten::squeeze,"[[1,8160,16,128],[]]","[""c10::BFloat16"",""Scalar""]",30
aten::squeeze,"[[1,8162,16,128],[]]","[""c10::BFloat16"",""Scalar""]",30
aten::squeeze,"[[1,8164,16,128],[]]","[""c10::BFloat16"",""Scalar""]",30
aten::squeeze,"[[1,8166,16,128],[]]","[""c10::BFloat16"",""Scalar""]",30
aten::squeeze,"[[1,8168,16,128],[]]","[""c10::BFloat16"",""Scalar""]",30
aten::squeeze,"[[1,8170,16,128],[]]","[""c10::BFloat16"",""Scalar""]",30
aten::squeeze,"[[1,8172,16,128],[]]","[""c10::BFloat16"",""Scalar""]",30
aten::squeeze,"[[1,8174,16,128],[]]","[""c10::BFloat16"",""Scalar""]",30
aten::squeeze,"[[1,8176,16,128],[]]","[""c10::BFloat16"",""Scalar""]",30
aten::squeeze,"[[1,8178,16,128],[]]","[""c10::BFloat16"",""Scalar""]",30
aten::squeeze,"[[1,8180,16,128],[]]","[""c10::BFloat16"",""Scalar""]",30
aten::squeeze,"[[1,8182,16,128],[]]","[""c10::BFloat16"",""Scalar""]",30
aten::squeeze,"[[1,8184,16,128],[]]","[""c10::BFloat16"",""Scalar""]",30
aten::squeeze,"[[1,8186,16,128],[]]","[""c10::BFloat16"",""Scalar""]",30
aten::squeeze,"[[1,8188,16,128],[]]","[""c10::BFloat16"",""Scalar""]",30
aten::squeeze,"[[1,8189,16,128],[]]","[""c10::BFloat16"",""Scalar""]",30
aten::squeeze,"[[1,8191,16,128],[]]","[""c10::BFloat16"",""Scalar""]",30
aten::transpose,"[[4096,5089],[],[]]","[""c10::BFloat16"",""Scalar"",""Scalar""]",30
aten::transpose,"[[5089,4096],[],[]]","[""c10::BFloat16"",""Scalar"",""Scalar""]",30
aten::unsqueeze,"[[1,1,1],[]]","[""bool"",""Scalar""]",30
aten::unsqueeze,"[[1,1],[]]","[""bool"",""Scalar""]",30
aten::view,"[[1,1,1],[]]","[""bool"",""ScalarList""]",30
aten::view,"[[1,16,128,128],[]]","[""float"",""ScalarList""]",30
aten::view,"[[1,1],[]]","[""bool"",""ScalarList""]",30
aten::view,"[[102400],[]]","[""c10::BFloat16"",""ScalarList""]",30
aten::view,"[[106496],[]]","[""c10::BFloat16"",""ScalarList""]",30
aten::view,"[[110592],[]]","[""c10::BFloat16"",""ScalarList""]",30
aten::view,"[[114688],[]]","[""c10::BFloat16"",""ScalarList""]",30
aten::view,"[[118784],[]]","[""c10::BFloat16"",""ScalarList""]",30
aten::view,"[[122880],[]]","[""c10::BFloat16"",""ScalarList""]",30
aten::view,"[[126976],[]]","[""c10::BFloat16"",""ScalarList""]",30
aten::view,"[[2048],[]]","[""c10::BFloat16"",""ScalarList""]",30
aten::view,"[[65536],[]]","[""c10::BFloat16"",""ScalarList""]",30
aten::view,"[[69632],[]]","[""c10::BFloat16"",""ScalarList""]",30
aten::view,"[[73728],[]]","[""c10::BFloat16"",""ScalarList""]",30
aten::view,"[[77824],[]]","[""c10::BFloat16"",""ScalarList""]",30
aten::view,"[[81920],[]]","[""c10::BFloat16"",""ScalarList""]",30
aten::view,"[[86016],[]]","[""c10::BFloat16"",""ScalarList""]",30
aten::view,"[[90112],[]]","[""c10::BFloat16"",""ScalarList""]",30
aten::view,"[[94208],[]]","[""c10::BFloat16"",""ScalarList""]",30
aten::view,"[[98304],[]]","[""c10::BFloat16"",""ScalarList""]",30
triton_per_fused_1,"[[4096,16,128],[128],[4096,16,128],[65536,128],[],[]]","[""c10::BFloat16"",""c10::BFloat16"",""c10::BFloat16"",""c10::BFloat16"",""Scalar"",""Scalar""]",30
triton_per_fused_1,"[[5089,16,128],[128],[5089,16,128],[81424,128],[],[]]","[""c10::BFloat16"",""c10::BFloat16"",""c10::BFloat16"",""c10::BFloat16"",""Scalar"",""Scalar""]",30
triton_poi_fused__to_copy__unsafe_view_add_clone_linear_mean_mul_pow_rsqrt_silu_view_2,"[[65536,128],[4096,2048],[],[]]","[""c10::BFloat16"",""c10::BFloat16"",""Scalar"",""Scalar""]",30
triton_poi_fused__to_copy__unsafe_view_add_clone_linear_mean_mul_pow_rsqrt_silu_view_2,"[[81424,128],[5089,2048],[],[]]","[""c10::BFloat16"",""c10::BFloat16"",""Scalar"",""Scalar""]",30
triton_poi_fused_add_4,"[[4096,2048],[4096,2048],[]]","[""c10::BFloat16"",""c10::BFloat16"",""Scalar""]",30
triton_poi_fused_add_4,"[[5089,2048],[5089,2048],[]]","[""c10::BFloat16"",""c10::BFloat16"",""Scalar""]",30
triton_red_fused__to_copy_add_copy__fused_add_rms_norm_moe_forward_shared_3,"[[4096,2048],[4096,2048],[2048],[4096,2048],[4096,2048],[4096,2048],[4096,2048],[4096,2048],[],[]]","[""c10::BFloat16"",""c10::BFloat16"",""c10::BFloat16"",""c10::BFloat16"",""c10::BFloat16"",""c10::BFloat16"",""c10::BFloat16"",""c10::BFloat16"",""Scalar"",""Scalar""]",30
triton_red_fused__to_copy_add_copy__fused_add_rms_norm_moe_forward_shared_3,"[[5089,2048],[5089,2048],[2048],[5089,2048],[5089,2048],[5089,2048],[5089,2048],[5089,2048],[],[]]","[""c10::BFloat16"",""c10::BFloat16"",""c10::BFloat16"",""c10::BFloat16"",""c10::BFloat16"",""c10::BFloat16"",""c10::BFloat16"",""c10::BFloat16"",""Scalar"",""Scalar""]",30
vllm::qwen_gdn_attention_core,"[[4096,4096],[4096,16],[4096,16],[4096,16,128],[],[]]","[""c10::BFloat16"",""c10::BFloat16"",""c10::BFloat16"",""c10::BFloat16"","""",""Scalar""]",30
vllm::qwen_gdn_attention_core,"[[5089,4096],[5089,16],[5089,16],[5089,16,128],[],[]]","[""c10::BFloat16"",""c10::BFloat16"",""c10::BFloat16"",""c10::BFloat16"","""",""Scalar""]",30
aten::as_strided,"[[7],[],[],[]]","[""int"",""ScalarList"",""ScalarList"",""Scalar""]",28
aten::copy_,"[[32],[32],[]]","[""int"",""int"",""Scalar""]",28
aten::as_strided,"[[16,1],[],[],[]]","[""int"",""ScalarList"",""ScalarList"",""Scalar""]",27
aten::copy_,"[[33],[33],[]]","[""int"",""int"",""Scalar""]",27
aten::empty_like,"[[16],[],[],[],[],[]]","[""int"",""Scalar"","""","""",""Scalar"",""""]",26
aten::select,"[[32,1],[],[]]","[""int"",""Scalar"",""Scalar""]",25
aten::slice,"[[32,1],[],[],[],[]]","[""int"",""Scalar"",""Scalar"",""Scalar"",""Scalar""]",25
aten::select,"[[7],[],[]]","[""int"",""Scalar"",""Scalar""]",24
aten::sub,"[[16],[16],[]]","[""int"",""int"",""Scalar""]",24
aten::slice,"[[9],[],[],[],[]]","[""int"",""Scalar"",""Scalar"",""Scalar"",""Scalar""]",22
aten::select,"[[5],[],[]]","[""int"",""Scalar"",""Scalar""]",21
triton_poi_fused_0,"[[4096,16,128],[]]","[""c10::BFloat16"",""Scalar""]",21
triton_poi_fused_0,"[[5089,16,128],[]]","[""c10::BFloat16"",""Scalar""]",21
aten::as_strided,"[[4096,8,256],[],[],[]]","[""c10::BFloat16"",""ScalarList"",""ScalarList"",""Scalar""]",20
aten::as_strided,"[[5089,8,256],[],[],[]]","[""c10::BFloat16"",""ScalarList"",""ScalarList"",""Scalar""]",20
aten::empty_like,"[[3],[],[],[],[],[]]","[""int"",""Scalar"","""","""",""Scalar"",""""]",20
aten::slice,"[[4096,8,256],[],[],[],[]]","[""c10::BFloat16"",""Scalar"",""Scalar"",""Scalar"",""Scalar""]",20
aten::slice,"[[5089,8,256],[],[],[],[]]","[""c10::BFloat16"",""Scalar"",""Scalar"",""Scalar"",""Scalar""]",20
triton_poi_fused_5,"[[4096,32],[4096,16],[4096,16],[],[]]","[""c10::BFloat16"",""c10::BFloat16"",""c10::BFloat16"",""Scalar"",""Scalar""]",20
triton_poi_fused_5,"[[5089,32],[5089,16],[5089,16],[],[]]","[""c10::BFloat16"",""c10::BFloat16"",""c10::BFloat16"",""Scalar"",""Scalar""]",20
aten::empty_like,"[[1],[],[],[],[],[]]","[""int"",""Scalar"","""","""",""Scalar"",""""]",19
aten::sub,"[[1],[1],[]]","[""int"",""int"",""Scalar""]",19
aten::sub,"[[2],[],[]]","[""int"",""long int"",""Scalar""]",19
aten::add,"[[2],[],[]]","[""int"",""long int"",""Scalar""]",18
aten::cat,"[[[1],[64],[64]],[]]","[""TensorList"",""Scalar""]",18
aten::copy_,"[[3],[3],[]]","[""long int"",""long int"",""Scalar""]",18
aten::floor_divide,"[[2],[]]","[""int"",""long int""]",18
aten::as_strided,"[[8192],[],[],[]]","[""int"",""ScalarList"",""ScalarList"",""""]",17
aten::copy_,"[[16],[16],[]]","[""int"",""int"",""Scalar""]",17
aten::as_strided,"[[16],[],[],[]]","[""long int"",""ScalarList"",""ScalarList"",""Scalar""]",16
aten::fill_,"[[2],[]]","[""long int"",""Scalar""]",16
aten::slice,"[[16],[],[],[],[]]","[""long int"",""Scalar"",""Scalar"",""Scalar"",""Scalar""]",16
aten::as_strided,"[[8,1],[],[],[]]","[""int"",""ScalarList"",""ScalarList"",""Scalar""]",15
aten::copy_,"[[17],[17],[]]","[""int"",""int"",""Scalar""]",15
aten::empty_like,"[[63],[],[],[],[],[]]","[""int"",""Scalar"","""","""",""Scalar"",""""]",15
aten::select,"[[3],[],[]]","[""int"",""Scalar"",""Scalar""]",15
aten::sub,"[[2],[2],[]]","[""int"",""int"",""Scalar""]",15
aten::as_strided,"[[1,1],[],[],[]]","[""int"",""ScalarList"",""ScalarList"",""Scalar""]",14
aten::empty_like,"[[8],[],[],[],[],[]]","[""int"",""Scalar"","""","""",""Scalar"",""""]",14
aten::select,"[[16,1],[],[]]","[""int"",""Scalar"",""Scalar""]",14
aten::slice,"[[16,1],[],[],[],[]]","[""int"",""Scalar"",""Scalar"",""Scalar"",""Scalar""]",13
aten::slice,"[[5],[],[],[],[]]","[""int"",""Scalar"",""Scalar"",""Scalar"",""Scalar""]",13
aten::as_strided,"[[2048],[],[],[]]","[""int"",""ScalarList"",""ScalarList"",""Scalar""]",12
aten::copy_,"[[63,1],[63,1],[]]","[""int"",""int"",""Scalar""]",12
aten::fill_,"[[2,1],[]]","[""int"",""Scalar""]",12
aten::fill_,"[[4],[]]","[""long int"",""Scalar""]",12
aten::fill_,"[[6],[]]","[""long int"",""Scalar""]",12
aten::slice,"[[2048],[],[],[],[]]","[""int"",""Scalar"",""Scalar"",""Scalar"",""Scalar""]",12
aten::sub,"[[11],[11],[]]","[""int"",""int"",""Scalar""]",12
aten::sub,"[[13],[13],[]]","[""int"",""int"",""Scalar""]",12
aten::sub,"[[15],[15],[]]","[""int"",""int"",""Scalar""]",12
aten::sub,"[[17],[17],[]]","[""int"",""int"",""Scalar""]",12
aten::sub,"[[19],[19],[]]","[""int"",""int"",""Scalar""]",12
aten::sub,"[[21],[21],[]]","[""int"",""int"",""Scalar""]",12
aten::sub,"[[23],[23],[]]","[""int"",""int"",""Scalar""]",12
aten::sub,"[[25],[25],[]]","[""int"",""int"",""Scalar""]",12
aten::sub,"[[27],[27],[]]","[""int"",""int"",""Scalar""]",12
aten::sub,"[[29],[29],[]]","[""int"",""int"",""Scalar""]",12
aten::sub,"[[31],[31],[]]","[""int"",""int"",""Scalar""]",12
aten::sub,"[[33],[33],[]]","[""int"",""int"",""Scalar""]",12
aten::sub,"[[35],[35],[]]","[""int"",""int"",""Scalar""]",12
aten::sub,"[[37],[37],[]]","[""int"",""int"",""Scalar""]",12
aten::sub,"[[39],[39],[]]","[""int"",""int"",""Scalar""]",12
aten::sub,"[[41],[41],[]]","[""int"",""int"",""Scalar""]",12
aten::sub,"[[43],[43],[]]","[""int"",""int"",""Scalar""]",12
aten::sub,"[[45],[45],[]]","[""int"",""int"",""Scalar""]",12
aten::sub,"[[47],[47],[]]","[""int"",""int"",""Scalar""]",12
aten::sub,"[[49],[49],[]]","[""int"",""int"",""Scalar""]",12
aten::sub,"[[51],[51],[]]","[""int"",""int"",""Scalar""]",12
aten::sub,"[[53],[53],[]]","[""int"",""int"",""Scalar""]",12
aten::sub,"[[55],[55],[]]","[""int"",""int"",""Scalar""]",12
aten::sub,"[[57],[57],[]]","[""int"",""int"",""Scalar""]",12
aten::sub,"[[59],[59],[]]","[""int"",""int"",""Scalar""]",12
aten::sub,"[[5],[5],[]]","[""int"",""int"",""Scalar""]",12
aten::sub,"[[61],[61],[]]","[""int"",""int"",""Scalar""]",12
aten::sub,"[[63],[63],[]]","[""int"",""int"",""Scalar""]",12
aten::sub,"[[7],[7],[]]","[""int"",""int"",""Scalar""]",12
aten::sub,"[[8],[8],[]]","[""int"",""int"",""Scalar""]",12
aten::sub,"[[9],[9],[]]","[""int"",""int"",""Scalar""]",12
aten::copy_,"[[1],[1],[]]","[""int"",""int"",""Scalar""]",11
aten::copy_,"[[2],[2],[]]","[""int"",""int"",""Scalar""]",11
aten::copy_,"[[8],[8],[]]","[""int"",""int"",""Scalar""]",11
aten::empty_like,"[[11],[],[],[],[],[]]","[""int"",""Scalar"","""","""",""Scalar"",""""]",11
aten::empty_like,"[[13],[],[],[],[],[]]","[""int"",""Scalar"","""","""",""Scalar"",""""]",11
aten::empty_like,"[[15],[],[],[],[],[]]","[""int"",""Scalar"","""","""",""Scalar"",""""]",11
aten::empty_like,"[[17],[],[],[],[],[]]","[""int"",""Scalar"","""","""",""Scalar"",""""]",11
aten::empty_like,"[[19],[],[],[],[],[]]","[""int"",""Scalar"","""","""",""Scalar"",""""]",11
aten::empty_like,"[[21],[],[],[],[],[]]","[""int"",""Scalar"","""","""",""Scalar"",""""]",11
aten::empty_like,"[[23],[],[],[],[],[]]","[""int"",""Scalar"","""","""",""Scalar"",""""]",11
aten::empty_like,"[[25],[],[],[],[],[]]","[""int"",""Scalar"","""","""",""Scalar"",""""]",11
aten::empty_like,"[[27],[],[],[],[],[]]","[""int"",""Scalar"","""","""",""Scalar"",""""]",11
aten::empty_like,"[[29],[],[],[],[],[]]","[""int"",""Scalar"","""","""",""Scalar"",""""]",11
aten::empty_like,"[[31],[],[],[],[],[]]","[""int"",""Scalar"","""","""",""Scalar"",""""]",11
aten::empty_like,"[[33],[],[],[],[],[]]","[""int"",""Scalar"","""","""",""Scalar"",""""]",11
aten::empty_like,"[[35],[],[],[],[],[]]","[""int"",""Scalar"","""","""",""Scalar"",""""]",11
aten::empty_like,"[[37],[],[],[],[],[]]","[""int"",""Scalar"","""","""",""Scalar"",""""]",11
aten::empty_like,"[[39],[],[],[],[],[]]","[""int"",""Scalar"","""","""",""Scalar"",""""]",11
aten::empty_like,"[[41],[],[],[],[],[]]","[""int"",""Scalar"","""","""",""Scalar"",""""]",11
aten::empty_like,"[[43],[],[],[],[],[]]","[""int"",""Scalar"","""","""",""Scalar"",""""]",11
aten::empty_like,"[[45],[],[],[],[],[]]","[""int"",""Scalar"","""","""",""Scalar"",""""]",11
aten::empty_like,"[[47],[],[],[],[],[]]","[""int"",""Scalar"","""","""",""Scalar"",""""]",11
aten::empty_like,"[[49],[],[],[],[],[]]","[""int"",""Scalar"","""","""",""Scalar"",""""]",11
aten::empty_like,"[[51],[],[],[],[],[]]","[""int"",""Scalar"","""","""",""Scalar"",""""]",11
aten::empty_like,"[[53],[],[],[],[],[]]","[""int"",""Scalar"","""","""",""Scalar"",""""]",11
aten::empty_like,"[[55],[],[],[],[],[]]","[""int"",""Scalar"","""","""",""Scalar"",""""]",11
aten::empty_like,"[[57],[],[],[],[],[]]","[""int"",""Scalar"","""","""",""Scalar"",""""]",11
aten::empty_like,"[[59],[],[],[],[],[]]","[""int"",""Scalar"","""","""",""Scalar"",""""]",11
aten::empty_like,"[[5],[],[],[],[],[]]","[""int"",""Scalar"","""","""",""Scalar"",""""]",11
aten::empty_like,"[[61],[],[],[],[],[]]","[""int"",""Scalar"","""","""",""Scalar"",""""]",11
aten::empty_like,"[[7],[],[],[],[],[]]","[""int"",""Scalar"","""","""",""Scalar"",""""]",11
aten::empty_like,"[[9],[],[],[],[],[]]","[""int"",""Scalar"","""","""",""Scalar"",""""]",11
aten::copy_,"[[63],[63],[]]","[""int"",""int"",""Scalar""]",10
aten::mm,"[[4096,2048],[2048,4608],[4096,4608]]","[""c10::BFloat16"",""c10::BFloat16"",""c10::BFloat16""]",10
aten::mm,"[[5089,2048],[2048,4608],[5089,4608]]","[""c10::BFloat16"",""c10::BFloat16"",""c10::BFloat16""]",10
aten::resolve_conj,[[2]],"[""int""]",10
aten::resolve_neg,[[2]],"[""int""]",10
triton_poi_fused_0,"[[3,4096],[1048576,64],[4096,32],[4096,32],[],[]]","[""long int"",""c10::BFloat16"",""c10::BFloat16"",""c10::BFloat16"",""Scalar"",""Scalar""]",10
triton_poi_fused_0,"[[3,5089],[1048576,64],[5089,32],[5089,32],[],[]]","[""long int"",""c10::BFloat16"",""c10::BFloat16"",""c10::BFloat16"",""Scalar"",""Scalar""]",10
triton_poi_fused_5,"[[4096,4608],[4096,8,256],[]]","[""c10::BFloat16"",""c10::BFloat16"",""Scalar""]",10
triton_poi_fused_5,"[[5089,4608],[5089,8,256],[]]","[""c10::BFloat16"",""c10::BFloat16"",""Scalar""]",10
triton_poi_fused_7,"[[4096,4608],[4096,8,1],[256],[4096,32],[4096,32],[4096,1,1],[256],[4096,8,64],[4096,8,192],[4096,1,64],[4096,1,192],[],[],[],[]]","[""c10::BFloat16"",""float"",""c10::BFloat16"",""c10::BFloat16"",""c10::BFloat16"",""float"",""c10::BFloat16"",""c10::BFloat16"",""c10::BFloat16"",""c10::BFloat16"",""c10::BFloat16"",""Scalar"",""Scalar"",""Scalar"",""Scalar""]",10
triton_poi_fused_7,"[[5089,4608],[5089,8,1],[256],[5089,32],[5089,32],[5089,1,1],[256],[5089,8,64],[5089,8,192],[5089,1,64],[5089,1,192],[],[],[],[]]","[""c10::BFloat16"",""float"",""c10::BFloat16"",""c10::BFloat16"",""c10::BFloat16"",""float"",""c10::BFloat16"",""c10::BFloat16"",""c10::BFloat16"",""c10::BFloat16"",""c10::BFloat16"",""Scalar"",""Scalar"",""Scalar"",""Scalar""]",10
triton_poi_fused_add_2,"[[4096,2048],[4096,2048],[]]","[""c10::BFloat16"",""c10::BFloat16"",""Scalar""]",10
triton_poi_fused_add_2,"[[5089,2048],[5089,2048],[]]","[""c10::BFloat16"",""c10::BFloat16"",""Scalar""]",10
triton_red_fused_6,"[[4096,4608],[4096,8,1],[4096,1,1],[],[]]","[""c10::BFloat16"",""float"",""float"",""Scalar"",""Scalar""]",10
triton_red_fused_6,"[[5089,4608],[5089,8,1],[5089,1,1],[],[]]","[""c10::BFloat16"",""float"",""float"",""Scalar"",""Scalar""]",10
triton_red_fused__to_copy_add_copy__fused_add_rms_norm_moe_forward_shared_1,"[[4096,2048],[4096,2048],[2048],[4096,2048],[4096,2048],[4096,2048],[4096,2048],[4096,2048],[],[]]","[""c10::BFloat16"",""c10::BFloat16"",""c10::BFloat16"",""c10::BFloat16"",""c10::BFloat16"",""c10::BFloat16"",""c10::BFloat16"",""c10::BFloat16"",""Scalar"",""Scalar""]",10
triton_red_fused__to_copy_add_copy__fused_add_rms_norm_moe_forward_shared_1,"[[5089,2048],[5089,2048],[2048],[5089,2048],[5089,2048],[5089,2048],[5089,2048],[5089,2048],[],[]]","[""c10::BFloat16"",""c10::BFloat16"",""c10::BFloat16"",""c10::BFloat16"",""c10::BFloat16"",""c10::BFloat16"",""c10::BFloat16"",""c10::BFloat16"",""Scalar"",""Scalar""]",10
vllm::unified_attention_with_output,"[[4096,8,256],[4096,1,256],[4096,1,256],[4096,8,256],[],[],[],[0]]","[""c10::BFloat16"",""c10::BFloat16"",""c10::BFloat16"",""c10::BFloat16"","""","""","""",""c10::BFloat16""]",10
vllm::unified_attention_with_output,"[[5089,8,256],[5089,1,256],[5089,1,256],[5089,8,256],[],[],[],[0]]","[""c10::BFloat16"",""c10::BFloat16"",""c10::BFloat16"",""c10::BFloat16"","""","""","""",""c10::BFloat16""]",10
vllm::unified_kv_cache_update,"[[4096,1,256],[4096,1,256],[]]","[""c10::BFloat16"",""c10::BFloat16"",""""]",10
vllm::unified_kv_cache_update,"[[5089,1,256],[5089,1,256],[]]","[""c10::BFloat16"",""c10::BFloat16"",""""]",10
aten::_pin_memory,"[[3],[]]","[""long int"",""""]",9
aten::_to_copy,"[[3],[],[],[],[],[],[]]","[""long int"",""Scalar"",""Scalar"","""","""",""Scalar"",""""]",9
aten::as_strided,"[[1],[],[],[]]","[""int"",""ScalarList"",""ScalarList"",""Scalar""]",9
aten::as_strided,"[[4,1],[],[],[]]","[""int"",""ScalarList"",""ScalarList"",""Scalar""]",9
aten::as_strided,"[[63,1],[],[],[]]","[""int"",""ScalarList"",""ScalarList"",""Scalar""]",9
aten::cat,"[[[1],[2]],[]]","[""TensorList"",""Scalar""]",9
aten::copy_,"[[2],[2],[]]","[""long int"",""long int"",""Scalar""]",9
aten::copy_,"[[9],[9],[]]","[""int"",""int"",""Scalar""]",9
aten::cumsum,"[[3],[],[]]","[""int"",""Scalar"",""""]",9
aten::fill_,"[[4,1],[]]","[""int"",""Scalar""]",9
aten::fill_,"[[6,1],[]]","[""int"",""Scalar""]",9
aten::is_pinned,"[[3],[]]","[""long int"",""""]",9
aten::pin_memory,"[[3],[]]","[""long int"",""""]",9
aten::to,"[[3],[],[],[],[],[],[],[]]","[""long int"",""Scalar"",""Scalar"","""","""",""Scalar"",""Scalar"",""""]",9
aten::view,"[[63],[]]","[""long int"",""ScalarList""]",9
triton_poi_fused_0,"[[4096,8,256],[4096,2048],[4096,2048],[4096,16,128],[],[]]","[""c10::BFloat16"",""c10::BFloat16"",""c10::BFloat16"",""c10::BFloat16"",""Scalar"",""Scalar""]",9
triton_poi_fused_0,"[[5089,8,256],[5089,2048],[5089,2048],[5089,16,128],[],[]]","[""c10::BFloat16"",""c10::BFloat16"",""c10::BFloat16"",""c10::BFloat16"",""Scalar"",""Scalar""]",9
triton_poi_fused_3,"[[4096,32],[4096,16],[4096,16],[],[]]","[""c10::BFloat16"",""c10::BFloat16"",""c10::BFloat16"",""Scalar"",""Scalar""]",9
triton_poi_fused_3,"[[5089,32],[5089,16],[5089,16],[],[]]","[""c10::BFloat16"",""c10::BFloat16"",""c10::BFloat16"",""Scalar"",""Scalar""]",9
aten::_to_copy,"[[63],[],[],[],[],[],[]]","[""int"",""Scalar"","""","""","""",""Scalar"",""""]",8
aten::as_strided,"[[2,1],[],[],[]]","[""int"",""ScalarList"",""ScalarList"",""Scalar""]",8
aten::as_strided,"[[32,2048],[],[],[]]","[""c10::BFloat16"",""ScalarList"",""ScalarList"",""""]",8
aten::as_strided,"[[32,2048],[],[],[]]","[""c10::BFloat16"",""ScalarList"",""ScalarList"",""Scalar""]",8
aten::as_strided,"[[32,32],[],[],[]]","[""int"",""ScalarList"",""ScalarList"",""Scalar""]",8
aten::as_strided,"[[32],[],[],[]]","[""bool"",""ScalarList"",""ScalarList"",""Scalar""]",8
aten::as_strided,"[[8],[],[],[]]","[""long int"",""ScalarList"",""ScalarList"",""Scalar""]",8
aten::copy_,"[[1,1],[1,1],[]]","[""int"",""int"",""Scalar""]",8
aten::copy_,"[[3,63],[3,63],[]]","[""long int"",""long int"",""Scalar""]",8
aten::copy_,"[[4],[4],[]]","[""int"",""int"",""Scalar""]",8
aten::copy_,"[[63],[63],[]]","[""long int"",""int"",""Scalar""]",8
aten::copy_,"[[63],[63],[]]","[""long int"",""long int"",""Scalar""]",8
aten::empty_like,"[[2],[],[],[],[],[]]","[""int"",""Scalar"","""","""",""Scalar"",""""]",8
aten::fill_,"[[10],[]]","[""long int"",""Scalar""]",8
aten::fill_,"[[12],[]]","[""long int"",""Scalar""]",8
aten::fill_,"[[14],[]]","[""long int"",""Scalar""]",8
aten::fill_,"[[8],[]]","[""long int"",""Scalar""]",8
aten::index,"[[32,2048],[]]","[""c10::BFloat16"",""""]",8
aten::lt,"[[32],[32]]","[""int"",""int""]",8
aten::select,"[[1,1],[],[]]","[""int"",""Scalar"",""Scalar""]",8
aten::select,"[[8,1],[],[]]","[""int"",""Scalar"",""Scalar""]",8
aten::slice,"[[32,2048],[],[],[],[]]","[""c10::BFloat16"",""Scalar"",""Scalar"",""Scalar"",""Scalar""]",8
aten::slice,"[[32,32],[],[],[],[]]","[""int"",""Scalar"",""Scalar"",""Scalar"",""Scalar""]",8
aten::slice,"[[32],[],[],[],[]]","[""bool"",""Scalar"",""Scalar"",""Scalar"",""Scalar""]",8
aten::slice,"[[8],[],[],[],[]]","[""long int"",""Scalar"",""Scalar"",""Scalar"",""Scalar""]",8
aten::to,"[[63],[],[],[],[]]","[""int"",""Scalar"",""Scalar"",""Scalar"",""""]",8
aten::to,"[[63],[],[],[],[]]","[""long int"",""Scalar"",""Scalar"",""Scalar"",""""]",8
aten::as_strided,"[[11,1],[],[],[]]","[""int"",""ScalarList"",""ScalarList"",""Scalar""]",7
aten::as_strided,"[[13,1],[],[],[]]","[""int"",""ScalarList"",""ScalarList"",""Scalar""]",7
aten::as_strided,"[[15,1],[],[],[]]","[""int"",""ScalarList"",""ScalarList"",""Scalar""]",7
aten::as_strided,"[[17,1],[],[],[]]","[""int"",""ScalarList"",""ScalarList"",""Scalar""]",7
aten::as_strided,"[[19,1],[],[],[]]","[""int"",""ScalarList"",""ScalarList"",""Scalar""]",7
aten::as_strided,"[[21,1],[],[],[]]","[""int"",""ScalarList"",""ScalarList"",""Scalar""]",7
aten::as_strided,"[[23,1],[],[],[]]","[""int"",""ScalarList"",""ScalarList"",""Scalar""]",7
aten::as_strided,"[[25,1],[],[],[]]","[""int"",""ScalarList"",""ScalarList"",""Scalar""]",7
aten::as_strided,"[[27,1],[],[],[]]","[""int"",""ScalarList"",""ScalarList"",""Scalar""]",7
aten::as_strided,"[[29,1],[],[],[]]","[""int"",""ScalarList"",""ScalarList"",""Scalar""]",7
aten::as_strided,"[[3,1],[],[],[]]","[""int"",""ScalarList"",""ScalarList"",""Scalar""]",7
aten::as_strided,"[[31,1],[],[],[]]","[""int"",""ScalarList"",""ScalarList"",""Scalar""]",7
aten::as_strided,"[[33,1],[],[],[]]","[""int"",""ScalarList"",""ScalarList"",""Scalar""]",7
aten::as_strided,"[[35,1],[],[],[]]","[""int"",""ScalarList"",""ScalarList"",""Scalar""]",7
aten::as_strided,"[[37,1],[],[],[]]","[""int"",""ScalarList"",""ScalarList"",""Scalar""]",7
aten::as_strided,"[[39,1],[],[],[]]","[""int"",""ScalarList"",""ScalarList"",""Scalar""]",7
aten::as_strided,"[[41,1],[],[],[]]","[""int"",""ScalarList"",""ScalarList"",""Scalar""]",7
aten::as_strided,"[[43,1],[],[],[]]","[""int"",""ScalarList"",""ScalarList"",""Scalar""]",7
aten::as_strided,"[[45,1],[],[],[]]","[""int"",""ScalarList"",""ScalarList"",""Scalar""]",7
aten::as_strided,"[[47,1],[],[],[]]","[""int"",""ScalarList"",""ScalarList"",""Scalar""]",7
aten::as_strided,"[[49,1],[],[],[]]","[""int"",""ScalarList"",""ScalarList"",""Scalar""]",7
aten::as_strided,"[[5,1],[],[],[]]","[""int"",""ScalarList"",""ScalarList"",""Scalar""]",7
aten::as_strided,"[[51,1],[],[],[]]","[""int"",""ScalarList"",""ScalarList"",""Scalar""]",7
aten::as_strided,"[[53,1],[],[],[]]","[""int"",""ScalarList"",""ScalarList"",""Scalar""]",7
aten::as_strided,"[[55,1],[],[],[]]","[""int"",""ScalarList"",""ScalarList"",""Scalar""]",7
aten::as_strided,"[[57,1],[],[],[]]","[""int"",""ScalarList"",""ScalarList"",""Scalar""]",7
aten::as_strided,"[[59,1],[],[],[]]","[""int"",""ScalarList"",""ScalarList"",""Scalar""]",7
aten::as_strided,"[[61,1],[],[],[]]","[""int"",""ScalarList"",""ScalarList"",""Scalar""]",7
aten::as_strided,"[[7,1],[],[],[]]","[""int"",""ScalarList"",""ScalarList"",""Scalar""]",7
aten::as_strided,"[[9,1],[],[],[]]","[""int"",""ScalarList"",""ScalarList"",""Scalar""]",7
aten::slice,"[[8,1],[],[],[],[]]","[""int"",""Scalar"",""Scalar"",""Scalar"",""Scalar""]",7
aten::as_strided,"[[2050],[],[],[]]","[""int"",""ScalarList"",""ScalarList"",""Scalar""]",6
aten::as_strided,"[[2054],[],[],[]]","[""int"",""ScalarList"",""ScalarList"",""Scalar""]",6
aten::as_strided,"[[2058],[],[],[]]","[""int"",""ScalarList"",""ScalarList"",""Scalar""]",6
aten::as_strided,"[[2060],[],[],[]]","[""int"",""ScalarList"",""ScalarList"",""Scalar""]",6
aten::as_strided,"[[2064],[],[],[]]","[""int"",""ScalarList"",""ScalarList"",""Scalar""]",6
aten::as_strided,"[[2068],[],[],[]]","[""int"",""ScalarList"",""ScalarList"",""Scalar""]",6
aten::as_strided,"[[2070],[],[],[]]","[""int"",""ScalarList"",""ScalarList"",""Scalar""]",6
aten::as_strided,"[[2074],[],[],[]]","[""int"",""ScalarList"",""ScalarList"",""Scalar""]",6
aten::as_strided,"[[2078],[],[],[]]","[""int"",""ScalarList"",""ScalarList"",""Scalar""]",6
aten::as_strided,"[[2082],[],[],[]]","[""int"",""ScalarList"",""ScalarList"",""Scalar""]",6
aten::as_strided,"[[2086],[],[],[]]","[""int"",""ScalarList"",""ScalarList"",""Scalar""]",6
aten::as_strided,"[[2088],[],[],[]]","[""int"",""ScalarList"",""ScalarList"",""Scalar""]",6
aten::as_strided,"[[2092],[],[],[]]","[""int"",""ScalarList"",""ScalarList"",""Scalar""]",6
aten::as_strided,"[[2096],[],[],[]]","[""int"",""ScalarList"",""ScalarList"",""Scalar""]",6
aten::as_strided,"[[2098],[],[],[]]","[""int"",""ScalarList"",""ScalarList"",""Scalar""]",6
aten::as_strided,"[[2102],[],[],[]]","[""int"",""ScalarList"",""ScalarList"",""Scalar""]",6
aten::as_strided,"[[2106],[],[],[]]","[""int"",""ScalarList"",""ScalarList"",""Scalar""]",6
aten::as_strided,"[[2110],[],[],[]]","[""int"",""ScalarList"",""ScalarList"",""Scalar""]",6
aten::as_strided,"[[2114],[],[],[]]","[""int"",""ScalarList"",""ScalarList"",""Scalar""]",6
aten::as_strided,"[[2116],[],[],[]]","[""int"",""ScalarList"",""ScalarList"",""Scalar""]",6
aten::as_strided,"[[2120],[],[],[]]","[""int"",""ScalarList"",""ScalarList"",""Scalar""]",6
aten::as_strided,"[[2124],[],[],[]]","[""int"",""ScalarList"",""ScalarList"",""Scalar""]",6
aten::as_strided,"[[2126],[],[],[]]","[""int"",""ScalarList"",""ScalarList"",""Scalar""]",6
aten::as_strided,"[[2130],[],[],[]]","[""int"",""ScalarList"",""ScalarList"",""Scalar""]",6
aten::as_strided,"[[2134],[],[],[]]","[""int"",""ScalarList"",""ScalarList"",""Scalar""]",6
aten::as_strided,"[[2138],[],[],[]]","[""int"",""ScalarList"",""ScalarList"",""Scalar""]",6
aten::as_strided,"[[2142],[],[],[]]","[""int"",""ScalarList"",""ScalarList"",""Scalar""]",6
aten::as_strided,"[[2144],[],[],[]]","[""int"",""ScalarList"",""ScalarList"",""Scalar""]",6
aten::as_strided,"[[2148],[],[],[]]","[""int"",""ScalarList"",""ScalarList"",""Scalar""]",6
aten::as_strided,"[[2152],[],[],[]]","[""int"",""ScalarList"",""ScalarList"",""Scalar""]",6
aten::as_strided,"[[2154],[],[],[]]","[""int"",""ScalarList"",""ScalarList"",""Scalar""]",6
aten::as_strided,"[[79],[],[],[]]","[""long int"",""ScalarList"",""ScalarList"",""""]",6
aten::cat,"[[[2],[64],[63]],[]]","[""TensorList"",""Scalar""]",6
aten::cat,"[[[3],[64],[62]],[]]","[""TensorList"",""Scalar""]",6
aten::cat,"[[[64],[64]],[]]","[""TensorList"",""Scalar""]",6
aten::copy_,"[[1025],[1025],[]]","[""int"",""long int"",""Scalar""]",6
aten::copy_,"[[1025],[1025],[]]","[""long int"",""long int"",""Scalar""]",6
aten::copy_,"[[1027],[1027],[]]","[""int"",""long int"",""Scalar""]",6
aten::copy_,"[[1027],[1027],[]]","[""long int"",""long int"",""Scalar""]",6
aten::copy_,"[[1029],[1029],[]]","[""int"",""long int"",""Scalar""]",6
aten::copy_,"[[1029],[1029],[]]","[""long int"",""long int"",""Scalar""]",6
aten::copy_,"[[1030],[1030],[]]","[""int"",""long int"",""Scalar""]",6
aten::copy_,"[[1030],[1030],[]]","[""long int"",""long int"",""Scalar""]",6
aten::copy_,"[[1032],[1032],[]]","[""int"",""long int"",""Scalar""]",6
aten::copy_,"[[1032],[1032],[]]","[""long int"",""long int"",""Scalar""]",6
aten::copy_,"[[1034],[1034],[]]","[""int"",""long int"",""Scalar""]",6
aten::copy_,"[[1034],[1034],[]]","[""long int"",""long int"",""Scalar""]",6
aten::copy_,"[[1035],[1035],[]]","[""int"",""long int"",""Scalar""]",6
aten::copy_,"[[1035],[1035],[]]","[""long int"",""long int"",""Scalar""]",6
aten::copy_,"[[1037],[1037],[]]","[""int"",""long int"",""Scalar""]",6
aten::copy_,"[[1037],[1037],[]]","[""long int"",""long int"",""Scalar""]",6
aten::copy_,"[[1039],[1039],[]]","[""int"",""long int"",""Scalar""]",6
aten::copy_,"[[1039],[1039],[]]","[""long int"",""long int"",""Scalar""]",6
aten::copy_,"[[1041],[1041],[]]","[""int"",""long int"",""Scalar""]",6
aten::copy_,"[[1041],[1041],[]]","[""long int"",""long int"",""Scalar""]",6
aten::copy_,"[[1043],[1043],[]]","[""int"",""long int"",""Scalar""]",6
aten::copy_,"[[1043],[1043],[]]","[""long int"",""long int"",""Scalar""]",6
aten::copy_,"[[1044],[1044],[]]","[""int"",""long int"",""Scalar""]",6
aten::copy_,"[[1044],[1044],[]]","[""long int"",""long int"",""Scalar""]",6
aten::copy_,"[[1046],[1046],[]]","[""int"",""long int"",""Scalar""]",6
aten::copy_,"[[1046],[1046],[]]","[""long int"",""long int"",""Scalar""]",6
aten::copy_,"[[1048],[1048],[]]","[""int"",""long int"",""Scalar""]",6
aten::copy_,"[[1048],[1048],[]]","[""long int"",""long int"",""Scalar""]",6
aten::copy_,"[[1049],[1049],[]]","[""int"",""long int"",""Scalar""]",6
aten::copy_,"[[1049],[1049],[]]","[""long int"",""long int"",""Scalar""]",6
aten::copy_,"[[1051],[1051],[]]","[""int"",""long int"",""Scalar""]",6
aten::copy_,"[[1051],[1051],[]]","[""long int"",""long int"",""Scalar""]",6
aten::copy_,"[[1053],[1053],[]]","[""int"",""long int"",""Scalar""]",6
aten::copy_,"[[1053],[1053],[]]","[""long int"",""long int"",""Scalar""]",6
aten::copy_,"[[1055],[1055],[]]","[""int"",""long int"",""Scalar""]",6
aten::copy_,"[[1055],[1055],[]]","[""long int"",""long int"",""Scalar""]",6
aten::copy_,"[[1057],[1057],[]]","[""int"",""long int"",""Scalar""]",6
aten::copy_,"[[1057],[1057],[]]","[""long int"",""long int"",""Scalar""]",6
aten::copy_,"[[1058],[1058],[]]","[""int"",""long int"",""Scalar""]",6
aten::copy_,"[[1058],[1058],[]]","[""long int"",""long int"",""Scalar""]",6
aten::copy_,"[[1060],[1060],[]]","[""int"",""long int"",""Scalar""]",6
aten::copy_,"[[1060],[1060],[]]","[""long int"",""long int"",""Scalar""]",6
aten::copy_,"[[1062],[1062],[]]","[""int"",""long int"",""Scalar""]",6
aten::copy_,"[[1062],[1062],[]]","[""long int"",""long int"",""Scalar""]",6
aten::copy_,"[[1063],[1063],[]]","[""int"",""long int"",""Scalar""]",6
aten::copy_,"[[1063],[1063],[]]","[""long int"",""long int"",""Scalar""]",6
aten::copy_,"[[1065],[1065],[]]","[""int"",""long int"",""Scalar""]",6
aten::copy_,"[[1065],[1065],[]]","[""long int"",""long int"",""Scalar""]",6
aten::copy_,"[[1067],[1067],[]]","[""int"",""long int"",""Scalar""]",6
aten::copy_,"[[1067],[1067],[]]","[""long int"",""long int"",""Scalar""]",6
aten::copy_,"[[1069],[1069],[]]","[""int"",""long int"",""Scalar""]",6
aten::copy_,"[[1069],[1069],[]]","[""long int"",""long int"",""Scalar""]",6
aten::copy_,"[[1071],[1071],[]]","[""int"",""long int"",""Scalar""]",6
aten::copy_,"[[1071],[1071],[]]","[""long int"",""long int"",""Scalar""]",6
aten::copy_,"[[1072],[1072],[]]","[""int"",""long int"",""Scalar""]",6
aten::copy_,"[[1072],[1072],[]]","[""long int"",""long int"",""Scalar""]",6
aten::copy_,"[[1074],[1074],[]]","[""int"",""long int"",""Scalar""]",6
aten::copy_,"[[1074],[1074],[]]","[""long int"",""long int"",""Scalar""]",6
aten::copy_,"[[1076],[1076],[]]","[""int"",""long int"",""Scalar""]",6
aten::copy_,"[[1076],[1076],[]]","[""long int"",""long int"",""Scalar""]",6
aten::copy_,"[[1077],[1077],[]]","[""int"",""long int"",""Scalar""]",6
aten::copy_,"[[1077],[1077],[]]","[""long int"",""long int"",""Scalar""]",6
aten::copy_,"[[3],[3],[]]","[""int"",""int"",""Scalar""]",6
aten::copy_,"[[512],[512],[]]","[""int"",""long int"",""Scalar""]",6
aten::copy_,"[[512],[512],[]]","[""long int"",""long int"",""Scalar""]",6
aten::copy_,"[[5],[5],[]]","[""int"",""int"",""Scalar""]",6
aten::copy_,"[[64,2],[64,2],[]]","[""int"",""int"",""Scalar""]",6
aten::copy_,"[[691],[691],[]]","[""int"",""long int"",""Scalar""]",6
aten::copy_,"[[691],[691],[]]","[""long int"",""long int"",""Scalar""]",6
aten::copy_,"[[79,2],[79,2],[]]","[""int"",""int"",""Scalar""]",6
aten::detach,[[63]],"[""int""]",6
aten::fill_,"[[1,1],[]]","[""int"",""Scalar""]",6
aten::fill_,"[[10,1],[]]","[""int"",""Scalar""]",6
aten::fill_,"[[12,1],[]]","[""int"",""Scalar""]",6
aten::fill_,"[[14,1],[]]","[""int"",""Scalar""]",6
aten::fill_,"[[1],[]]","[""int"",""Scalar""]",6
aten::fill_,"[[8,1],[]]","[""int"",""Scalar""]",6
aten::gt,"[[11],[]]","[""int"",""Scalar""]",6
aten::gt,"[[13],[]]","[""int"",""Scalar""]",6
aten::gt,"[[15],[]]","[""int"",""Scalar""]",6
aten::gt,"[[17],[]]","[""int"",""Scalar""]",6
aten::gt,"[[19],[]]","[""int"",""Scalar""]",6
aten::gt,"[[21],[]]","[""int"",""Scalar""]",6
aten::gt,"[[23],[]]","[""int"",""Scalar""]",6
aten::gt,"[[25],[]]","[""int"",""Scalar""]",6
aten::gt,"[[27],[]]","[""int"",""Scalar""]",6
aten::gt,"[[29],[]]","[""int"",""Scalar""]",6
aten::gt,"[[31],[]]","[""int"",""Scalar""]",6
aten::gt,"[[33],[]]","[""int"",""Scalar""]",6
aten::gt,"[[35],[]]","[""int"",""Scalar""]",6
aten::gt,"[[37],[]]","[""int"",""Scalar""]",6
aten::gt,"[[39],[]]","[""int"",""Scalar""]",6
aten::gt,"[[3],[]]","[""int"",""Scalar""]",6
aten::gt,"[[41],[]]","[""int"",""Scalar""]",6
aten::gt,"[[43],[]]","[""int"",""Scalar""]",6
aten::gt,"[[45],[]]","[""int"",""Scalar""]",6
aten::gt,"[[47],[]]","[""int"",""Scalar""]",6
aten::gt,"[[49],[]]","[""int"",""Scalar""]",6
aten::gt,"[[51],[]]","[""int"",""Scalar""]",6
aten::gt,"[[53],[]]","[""int"",""Scalar""]",6
aten::gt,"[[55],[]]","[""int"",""Scalar""]",6
aten::gt,"[[57],[]]","[""int"",""Scalar""]",6
aten::gt,"[[59],[]]","[""int"",""Scalar""]",6
aten::gt,"[[5],[]]","[""int"",""Scalar""]",6
aten::gt,"[[61],[]]","[""int"",""Scalar""]",6
aten::gt,"[[63],[]]","[""int"",""Scalar""]",6
aten::gt,"[[64],[]]","[""int"",""Scalar""]",6
aten::gt,"[[7],[]]","[""int"",""Scalar""]",6
aten::gt,"[[9],[]]","[""int"",""Scalar""]",6
aten::narrow,"[[10],[],[],[]]","[""int"",""Scalar"",""Scalar"",""Scalar""]",6
aten::narrow,"[[12],[],[],[]]","[""int"",""Scalar"",""Scalar"",""Scalar""]",6
aten::narrow,"[[14],[],[],[]]","[""int"",""Scalar"",""Scalar"",""Scalar""]",6
aten::narrow,"[[16],[],[],[]]","[""int"",""Scalar"",""Scalar"",""Scalar""]",6
aten::narrow,"[[18],[],[],[]]","[""int"",""Scalar"",""Scalar"",""Scalar""]",6
aten::narrow,"[[20],[],[],[]]","[""int"",""Scalar"",""Scalar"",""Scalar""]",6
aten::narrow,"[[22],[],[],[]]","[""int"",""Scalar"",""Scalar"",""Scalar""]",6
aten::narrow,"[[24],[],[],[]]","[""int"",""Scalar"",""Scalar"",""Scalar""]",6
aten::narrow,"[[26],[],[],[]]","[""int"",""Scalar"",""Scalar"",""Scalar""]",6
aten::narrow,"[[28],[],[],[]]","[""int"",""Scalar"",""Scalar"",""Scalar""]",6
aten::narrow,"[[2],[],[],[]]","[""int"",""Scalar"",""Scalar"",""Scalar""]",6
aten::narrow,"[[30],[],[],[]]","[""int"",""Scalar"",""Scalar"",""Scalar""]",6
aten::narrow,"[[32],[],[],[]]","[""int"",""Scalar"",""Scalar"",""Scalar""]",6
aten::narrow,"[[34],[],[],[]]","[""int"",""Scalar"",""Scalar"",""Scalar""]",6
aten::narrow,"[[36],[],[],[]]","[""int"",""Scalar"",""Scalar"",""Scalar""]",6
aten::narrow,"[[38],[],[],[]]","[""int"",""Scalar"",""Scalar"",""Scalar""]",6
aten::narrow,"[[40],[],[],[]]","[""int"",""Scalar"",""Scalar"",""Scalar""]",6
aten::narrow,"[[42],[],[],[]]","[""int"",""Scalar"",""Scalar"",""Scalar""]",6
aten::narrow,"[[44],[],[],[]]","[""int"",""Scalar"",""Scalar"",""Scalar""]",6
aten::narrow,"[[46],[],[],[]]","[""int"",""Scalar"",""Scalar"",""Scalar""]",6
aten::narrow,"[[48],[],[],[]]","[""int"",""Scalar"",""Scalar"",""Scalar""]",6
aten::narrow,"[[4],[],[],[]]","[""int"",""Scalar"",""Scalar"",""Scalar""]",6
aten::narrow,"[[50],[],[],[]]","[""int"",""Scalar"",""Scalar"",""Scalar""]",6
aten::narrow,"[[52],[],[],[]]","[""int"",""Scalar"",""Scalar"",""Scalar""]",6
aten::narrow,"[[54],[],[],[]]","[""int"",""Scalar"",""Scalar"",""Scalar""]",6
aten::narrow,"[[56],[],[],[]]","[""int"",""Scalar"",""Scalar"",""Scalar""]",6
aten::narrow,"[[58],[],[],[]]","[""int"",""Scalar"",""Scalar"",""Scalar""]",6
aten::narrow,"[[60],[],[],[]]","[""int"",""Scalar"",""Scalar"",""Scalar""]",6
aten::narrow,"[[62],[],[],[]]","[""int"",""Scalar"",""Scalar"",""Scalar""]",6
aten::narrow,"[[64],[],[],[]]","[""int"",""Scalar"",""Scalar"",""Scalar""]",6
aten::narrow,"[[65],[],[],[]]","[""int"",""Scalar"",""Scalar"",""Scalar""]",6
aten::narrow,"[[6],[],[],[]]","[""int"",""Scalar"",""Scalar"",""Scalar""]",6
aten::narrow,"[[8],[],[],[]]","[""int"",""Scalar"",""Scalar"",""Scalar""]",6
aten::neg,[[11]],"[""int""]",6
aten::neg,[[13]],"[""int""]",6
aten::neg,[[15]],"[""int""]",6
aten::neg,[[17]],"[""int""]",6
aten::neg,[[19]],"[""int""]",6
aten::neg,[[1]],"[""int""]",6
aten::neg,[[21]],"[""int""]",6
aten::neg,[[23]],"[""int""]",6
aten::neg,[[25]],"[""int""]",6
aten::neg,[[27]],"[""int""]",6
aten::neg,[[29]],"[""int""]",6
aten::neg,[[31]],"[""int""]",6
aten::neg,[[33]],"[""int""]",6
aten::neg,[[35]],"[""int""]",6
aten::neg,[[37]],"[""int""]",6
aten::neg,[[39]],"[""int""]",6
aten::neg,[[3]],"[""int""]",6
aten::neg,[[41]],"[""int""]",6
aten::neg,[[43]],"[""int""]",6
aten::neg,[[45]],"[""int""]",6
aten::neg,[[47]],"[""int""]",6
aten::neg,[[49]],"[""int""]",6
aten::neg,[[51]],"[""int""]",6
aten::neg,[[53]],"[""int""]",6
aten::neg,[[55]],"[""int""]",6
aten::neg,[[57]],"[""int""]",6
aten::neg,[[59]],"[""int""]",6
aten::neg,[[5]],"[""int""]",6
aten::neg,[[61]],"[""int""]",6
aten::neg,[[63]],"[""int""]",6
aten::neg,[[64]],"[""int""]",6
aten::neg,[[7]],"[""int""]",6
aten::neg,[[9]],"[""int""]",6
aten::reshape,"[[63,2,124160],[]]","[""c10::BFloat16"",""ScalarList""]",6
aten::reshape,"[[63],[]]","[""long int"",""ScalarList""]",6
aten::resolve_conj,[[1]],"[""int""]",6
aten::resolve_conj,[[63]],"[""int""]",6
aten::resolve_neg,[[1]],"[""int""]",6
aten::resolve_neg,[[63]],"[""int""]",6
aten::select,"[[1],[],[]]","[""int"",""Scalar"",""Scalar""]",6
aten::slice,"[[1,1],[],[],[],[]]","[""int"",""Scalar"",""Scalar"",""Scalar"",""Scalar""]",6
aten::slice,"[[2050],[],[],[],[]]","[""int"",""Scalar"",""Scalar"",""Scalar"",""Scalar""]",6
aten::slice,"[[2054],[],[],[],[]]","[""int"",""Scalar"",""Scalar"",""Scalar"",""Scalar""]",6
aten::slice,"[[2058],[],[],[],[]]","[""int"",""Scalar"",""Scalar"",""Scalar"",""Scalar""]",6
aten::slice,"[[2060],[],[],[],[]]","[""int"",""Scalar"",""Scalar"",""Scalar"",""Scalar""]",6
aten::slice,"[[2064],[],[],[],[]]","[""int"",""Scalar"",""Scalar"",""Scalar"",""Scalar""]",6
aten::slice,"[[2068],[],[],[],[]]","[""int"",""Scalar"",""Scalar"",""Scalar"",""Scalar""]",6
aten::slice,"[[2070],[],[],[],[]]","[""int"",""Scalar"",""Scalar"",""Scalar"",""Scalar""]",6
aten::slice,"[[2074],[],[],[],[]]","[""int"",""Scalar"",""Scalar"",""Scalar"",""Scalar""]",6
aten::slice,"[[2078],[],[],[],[]]","[""int"",""Scalar"",""Scalar"",""Scalar"",""Scalar""]",6
aten::slice,"[[2082],[],[],[],[]]","[""int"",""Scalar"",""Scalar"",""Scalar"",""Scalar""]",6
aten::slice,"[[2086],[],[],[],[]]","[""int"",""Scalar"",""Scalar"",""Scalar"",""Scalar""]",6
aten::slice,"[[2088],[],[],[],[]]","[""int"",""Scalar"",""Scalar"",""Scalar"",""Scalar""]",6
aten::slice,"[[2092],[],[],[],[]]","[""int"",""Scalar"",""Scalar"",""Scalar"",""Scalar""]",6
aten::slice,"[[2096],[],[],[],[]]","[""int"",""Scalar"",""Scalar"",""Scalar"",""Scalar""]",6
aten::slice,"[[2098],[],[],[],[]]","[""int"",""Scalar"",""Scalar"",""Scalar"",""Scalar""]",6
aten::slice,"[[2102],[],[],[],[]]","[""int"",""Scalar"",""Scalar"",""Scalar"",""Scalar""]",6
aten::slice,"[[2106],[],[],[],[]]","[""int"",""Scalar"",""Scalar"",""Scalar"",""Scalar""]",6
aten::slice,"[[2110],[],[],[],[]]","[""int"",""Scalar"",""Scalar"",""Scalar"",""Scalar""]",6
aten::slice,"[[2114],[],[],[],[]]","[""int"",""Scalar"",""Scalar"",""Scalar"",""Scalar""]",6
aten::slice,"[[2116],[],[],[],[]]","[""int"",""Scalar"",""Scalar"",""Scalar"",""Scalar""]",6
aten::slice,"[[2120],[],[],[],[]]","[""int"",""Scalar"",""Scalar"",""Scalar"",""Scalar""]",6
aten::slice,"[[2124],[],[],[],[]]","[""int"",""Scalar"",""Scalar"",""Scalar"",""Scalar""]",6
aten::slice,"[[2126],[],[],[],[]]","[""int"",""Scalar"",""Scalar"",""Scalar"",""Scalar""]",6
aten::slice,"[[2130],[],[],[],[]]","[""int"",""Scalar"",""Scalar"",""Scalar"",""Scalar""]",6
aten::slice,"[[2134],[],[],[],[]]","[""int"",""Scalar"",""Scalar"",""Scalar"",""Scalar""]",6
aten::slice,"[[2138],[],[],[],[]]","[""int"",""Scalar"",""Scalar"",""Scalar"",""Scalar""]",6
aten::slice,"[[2142],[],[],[],[]]","[""int"",""Scalar"",""Scalar"",""Scalar"",""Scalar""]",6
aten::slice,"[[2144],[],[],[],[]]","[""int"",""Scalar"",""Scalar"",""Scalar"",""Scalar""]",6
aten::slice,"[[2148],[],[],[],[]]","[""int"",""Scalar"",""Scalar"",""Scalar"",""Scalar""]",6
aten::slice,"[[2152],[],[],[],[]]","[""int"",""Scalar"",""Scalar"",""Scalar"",""Scalar""]",6
aten::slice,"[[2154],[],[],[],[]]","[""int"",""Scalar"",""Scalar"",""Scalar"",""Scalar""]",6
aten::sub,"[[4],[4],[]]","[""int"",""int"",""Scalar""]",6
aten::to,"[[63],[],[],[],[],[],[],[]]","[""int"",""Scalar"",""Scalar"","""","""",""Scalar"",""Scalar"",""""]",6
aten::unsqueeze,"[[79],[]]","[""long int"",""Scalar""]",6
aten::copy_,"[[10],[10],[]]","[""int"",""int"",""Scalar""]",5
aten::copy_,"[[12],[12],[]]","[""int"",""int"",""Scalar""]",5
aten::copy_,"[[14],[14],[]]","[""int"",""int"",""Scalar""]",5
aten::copy_,"[[18],[18],[]]","[""int"",""int"",""Scalar""]",5
aten::copy_,"[[20],[20],[]]","[""int"",""int"",""Scalar""]",5
aten::copy_,"[[22],[22],[]]","[""int"",""int"",""Scalar""]",5
aten::copy_,"[[24],[24],[]]","[""int"",""int"",""Scalar""]",5
aten::copy_,"[[26],[26],[]]","[""int"",""int"",""Scalar""]",5
aten::copy_,"[[28],[28],[]]","[""int"",""int"",""Scalar""]",5
aten::copy_,"[[3,1],[3,1],[]]","[""long int"",""long int"",""Scalar""]",5
aten::copy_,"[[30],[30],[]]","[""int"",""int"",""Scalar""]",5
aten::copy_,"[[32],[32],[]]","[""long int"",""long int"",""Scalar""]",5
aten::copy_,"[[34],[34],[]]","[""long int"",""long int"",""Scalar""]",5
aten::copy_,"[[36],[36],[]]","[""long int"",""long int"",""Scalar""]",5
aten::copy_,"[[38],[38],[]]","[""long int"",""long int"",""Scalar""]",5
aten::copy_,"[[40],[40],[]]","[""long int"",""long int"",""Scalar""]",5
aten::copy_,"[[42],[42],[]]","[""long int"",""long int"",""Scalar""]",5
aten::copy_,"[[44],[44],[]]","[""long int"",""long int"",""Scalar""]",5
aten::copy_,"[[46],[46],[]]","[""long int"",""long int"",""Scalar""]",5
aten::copy_,"[[48],[48],[]]","[""long int"",""long int"",""Scalar""]",5
aten::copy_,"[[50],[50],[]]","[""long int"",""long int"",""Scalar""]",5
aten::copy_,"[[52],[52],[]]","[""long int"",""long int"",""Scalar""]",5
aten::copy_,"[[54],[54],[]]","[""long int"",""long int"",""Scalar""]",5
aten::copy_,"[[56],[56],[]]","[""long int"",""long int"",""Scalar""]",5
aten::copy_,"[[58],[58],[]]","[""long int"",""long int"",""Scalar""]",5
aten::copy_,"[[60],[60],[]]","[""long int"",""long int"",""Scalar""]",5
aten::copy_,"[[62],[62],[]]","[""long int"",""long int"",""Scalar""]",5
aten::copy_,"[[6],[6],[]]","[""int"",""int"",""Scalar""]",5
aten::detach,[[1]],"[""int""]",5
aten::floor_divide,"[[1],[]]","[""int"",""long int""]",5
aten::select,"[[2,1],[],[]]","[""int"",""Scalar"",""Scalar""]",5
aten::select,"[[4,1],[],[]]","[""int"",""Scalar"",""Scalar""]",5
aten::select,"[[63,1],[],[]]","[""int"",""Scalar"",""Scalar""]",5
aten::to,"[[1],[],[],[],[],[],[],[]]","[""int"",""Scalar"",""Scalar"","""","""",""Scalar"",""Scalar"",""""]",5
aten::to,"[[1],[],[],[],[]]","[""long int"",""Scalar"",""Scalar"",""Scalar"",""""]",5
aten::_to_copy,"[[11],[],[],[],[],[],[]]","[""int"",""Scalar"","""","""","""",""Scalar"",""""]",4
aten::_to_copy,"[[13],[],[],[],[],[],[]]","[""int"",""Scalar"","""","""","""",""Scalar"",""""]",4
aten::_to_copy,"[[15],[],[],[],[],[],[]]","[""int"",""Scalar"","""","""","""",""Scalar"",""""]",4
aten::_to_copy,"[[17],[],[],[],[],[],[]]","[""int"",""Scalar"","""","""","""",""Scalar"",""""]",4
aten::_to_copy,"[[19],[],[],[],[],[],[]]","[""int"",""Scalar"","""","""","""",""Scalar"",""""]",4
aten::_to_copy,"[[21],[],[],[],[],[],[]]","[""int"",""Scalar"","""","""","""",""Scalar"",""""]",4
aten::_to_copy,"[[23],[],[],[],[],[],[]]","[""int"",""Scalar"","""","""","""",""Scalar"",""""]",4
aten::_to_copy,"[[25],[],[],[],[],[],[]]","[""int"",""Scalar"","""","""","""",""Scalar"",""""]",4
aten::_to_copy,"[[27],[],[],[],[],[],[]]","[""int"",""Scalar"","""","""","""",""Scalar"",""""]",4
aten::_to_copy,"[[29],[],[],[],[],[],[]]","[""int"",""Scalar"","""","""","""",""Scalar"",""""]",4
aten::_to_copy,"[[31],[],[],[],[],[],[]]","[""int"",""Scalar"","""","""","""",""Scalar"",""""]",4
aten::_to_copy,"[[33],[],[],[],[],[],[]]","[""int"",""Scalar"","""","""","""",""Scalar"",""""]",4
aten::_to_copy,"[[35],[],[],[],[],[],[]]","[""int"",""Scalar"","""","""","""",""Scalar"",""""]",4
aten::_to_copy,"[[37],[],[],[],[],[],[]]","[""int"",""Scalar"","""","""","""",""Scalar"",""""]",4
aten::_to_copy,"[[39],[],[],[],[],[],[]]","[""int"",""Scalar"","""","""","""",""Scalar"",""""]",4
aten::_to_copy,"[[41],[],[],[],[],[],[]]","[""int"",""Scalar"","""","""","""",""Scalar"",""""]",4
aten::_to_copy,"[[43],[],[],[],[],[],[]]","[""int"",""Scalar"","""","""","""",""Scalar"",""""]",4
aten::_to_copy,"[[45],[],[],[],[],[],[]]","[""int"",""Scalar"","""","""","""",""Scalar"",""""]",4
aten::_to_copy,"[[47],[],[],[],[],[],[]]","[""int"",""Scalar"","""","""","""",""Scalar"",""""]",4
aten::_to_copy,"[[49],[],[],[],[],[],[]]","[""int"",""Scalar"","""","""","""",""Scalar"",""""]",4
aten::_to_copy,"[[51],[],[],[],[],[],[]]","[""int"",""Scalar"","""","""","""",""Scalar"",""""]",4
aten::_to_copy,"[[53],[],[],[],[],[],[]]","[""int"",""Scalar"","""","""","""",""Scalar"",""""]",4
aten::_to_copy,"[[55],[],[],[],[],[],[]]","[""int"",""Scalar"","""","""","""",""Scalar"",""""]",4
aten::_to_copy,"[[57],[],[],[],[],[],[]]","[""int"",""Scalar"","""","""","""",""Scalar"",""""]",4
aten::_to_copy,"[[59],[],[],[],[],[],[]]","[""int"",""Scalar"","""","""","""",""Scalar"",""""]",4
aten::_to_copy,"[[5],[],[],[],[],[],[]]","[""int"",""Scalar"","""","""","""",""Scalar"",""""]",4
aten::_to_copy,"[[61],[],[],[],[],[],[]]","[""int"",""Scalar"","""","""","""",""Scalar"",""""]",4
aten::_to_copy,"[[64],[],[],[],[],[],[]]","[""bool"",""Scalar"","""","""","""",""Scalar"",""""]",4
aten::_to_copy,"[[7],[],[],[],[],[],[]]","[""int"",""Scalar"","""","""","""",""Scalar"",""""]",4
aten::_to_copy,"[[9],[],[],[],[],[],[]]","[""int"",""Scalar"","""","""","""",""Scalar"",""""]",4
aten::as_strided,"[[11],[],[],[]]","[""bool"",""ScalarList"",""ScalarList"",""Scalar""]",4
aten::as_strided,"[[13],[],[],[]]","[""bool"",""ScalarList"",""ScalarList"",""Scalar""]",4
aten::as_strided,"[[15],[],[],[]]","[""bool"",""ScalarList"",""ScalarList"",""Scalar""]",4
aten::as_strided,"[[16,2048],[],[],[]]","[""c10::BFloat16"",""ScalarList"",""ScalarList"",""""]",4
aten::as_strided,"[[16,2048],[],[],[]]","[""c10::BFloat16"",""ScalarList"",""ScalarList"",""Scalar""]",4
aten::as_strided,"[[16,32],[],[],[]]","[""int"",""ScalarList"",""ScalarList"",""Scalar""]",4
aten::as_strided,"[[16],[],[],[]]","[""bool"",""ScalarList"",""ScalarList"",""Scalar""]",4
aten::as_strided,"[[17],[],[],[]]","[""bool"",""ScalarList"",""ScalarList"",""Scalar""]",4
aten::as_strided,"[[19],[],[],[]]","[""bool"",""ScalarList"",""ScalarList"",""Scalar""]",4
aten::as_strided,"[[1],[],[],[]]","[""long int"",""ScalarList"",""ScalarList"",""Scalar""]",4
aten::as_strided,"[[21],[],[],[]]","[""bool"",""ScalarList"",""ScalarList"",""Scalar""]",4
aten::as_strided,"[[23],[],[],[]]","[""bool"",""ScalarList"",""ScalarList"",""Scalar""]",4
aten::as_strided,"[[25],[],[],[]]","[""bool"",""ScalarList"",""ScalarList"",""Scalar""]",4
aten::as_strided,"[[27],[],[],[]]","[""bool"",""ScalarList"",""ScalarList"",""Scalar""]",4
aten::as_strided,"[[29],[],[],[]]","[""bool"",""ScalarList"",""ScalarList"",""Scalar""]",4
aten::as_strided,"[[2],[],[],[]]","[""long int"",""ScalarList"",""ScalarList"",""Scalar""]",4
aten::as_strided,"[[31],[],[],[]]","[""bool"",""ScalarList"",""ScalarList"",""Scalar""]",4
aten::as_strided,"[[33],[],[],[]]","[""bool"",""ScalarList"",""ScalarList"",""Scalar""]",4
aten::as_strided,"[[35],[],[],[]]","[""bool"",""ScalarList"",""ScalarList"",""Scalar""]",4
aten::as_strided,"[[37],[],[],[]]","[""bool"",""ScalarList"",""ScalarList"",""Scalar""]",4
aten::as_strided,"[[39],[],[],[]]","[""bool"",""ScalarList"",""ScalarList"",""Scalar""]",4
aten::as_strided,"[[3],[],[],[]]","[""bool"",""ScalarList"",""ScalarList"",""Scalar""]",4
aten::as_strided,"[[4096],[],[],[]]","[""long int"",""ScalarList"",""ScalarList"",""Scalar""]",4
aten::as_strided,"[[41],[],[],[]]","[""bool"",""ScalarList"",""ScalarList"",""Scalar""]",4
aten::as_strided,"[[43],[],[],[]]","[""bool"",""ScalarList"",""ScalarList"",""Scalar""]",4
aten::as_strided,"[[45],[],[],[]]","[""bool"",""ScalarList"",""ScalarList"",""Scalar""]",4
aten::as_strided,"[[47],[],[],[]]","[""bool"",""ScalarList"",""ScalarList"",""Scalar""]",4
aten::as_strided,"[[49],[],[],[]]","[""bool"",""ScalarList"",""ScalarList"",""Scalar""]",4
aten::as_strided,"[[4],[],[],[]]","[""long int"",""ScalarList"",""ScalarList"",""Scalar""]",4
aten::as_strided,"[[5089],[],[],[]]","[""long int"",""ScalarList"",""ScalarList"",""Scalar""]",4
aten::as_strided,"[[51],[],[],[]]","[""bool"",""ScalarList"",""ScalarList"",""Scalar""]",4
aten::as_strided,"[[53],[],[],[]]","[""bool"",""ScalarList"",""ScalarList"",""Scalar""]",4
aten::as_strided,"[[55],[],[],[]]","[""bool"",""ScalarList"",""ScalarList"",""Scalar""]",4
aten::as_strided,"[[57],[],[],[]]","[""bool"",""ScalarList"",""ScalarList"",""Scalar""]",4
aten::as_strided,"[[59],[],[],[]]","[""bool"",""ScalarList"",""ScalarList"",""Scalar""]",4
aten::as_strided,"[[5],[],[],[]]","[""bool"",""ScalarList"",""ScalarList"",""Scalar""]",4
aten::as_strided,"[[61],[],[],[]]","[""bool"",""ScalarList"",""ScalarList"",""Scalar""]",4
aten::as_strided,"[[63],[],[],[]]","[""bool"",""ScalarList"",""ScalarList"",""Scalar""]",4
aten::as_strided,"[[7],[],[],[]]","[""bool"",""ScalarList"",""ScalarList"",""Scalar""]",4
aten::as_strided,"[[9],[],[],[]]","[""bool"",""ScalarList"",""ScalarList"",""Scalar""]",4
aten::copy_,"[[10,1],[10,1],[]]","[""int"",""int"",""Scalar""]",4
aten::copy_,"[[11,1],[11,1],[]]","[""int"",""int"",""Scalar""]",4
aten::copy_,"[[11],[11],[]]","[""long int"",""int"",""Scalar""]",4
aten::copy_,"[[12,1],[12,1],[]]","[""int"",""int"",""Scalar""]",4
aten::copy_,"[[13,1],[13,1],[]]","[""int"",""int"",""Scalar""]",4
aten::copy_,"[[13],[13],[]]","[""long int"",""int"",""Scalar""]",4
aten::copy_,"[[14,1],[14,1],[]]","[""int"",""int"",""Scalar""]",4
aten::copy_,"[[15,1],[15,1],[]]","[""int"",""int"",""Scalar""]",4
aten::copy_,"[[15],[15],[]]","[""long int"",""int"",""Scalar""]",4
aten::copy_,"[[16,1],[16,1],[]]","[""int"",""int"",""Scalar""]",4
aten::copy_,"[[17,1],[17,1],[]]","[""int"",""int"",""Scalar""]",4
aten::copy_,"[[17],[17],[]]","[""long int"",""int"",""Scalar""]",4
aten::copy_,"[[18,1],[18,1],[]]","[""int"",""int"",""Scalar""]",4
aten::copy_,"[[19,1],[19,1],[]]","[""int"",""int"",""Scalar""]",4
aten::copy_,"[[19],[19],[]]","[""long int"",""int"",""Scalar""]",4
aten::copy_,"[[2,1],[2,1],[]]","[""int"",""int"",""Scalar""]",4
aten::copy_,"[[20,1],[20,1],[]]","[""int"",""int"",""Scalar""]",4
aten::copy_,"[[21,1],[21,1],[]]","[""int"",""int"",""Scalar""]",4
aten::copy_,"[[21],[21],[]]","[""long int"",""int"",""Scalar""]",4
aten::copy_,"[[22,1],[22,1],[]]","[""int"",""int"",""Scalar""]",4
aten::copy_,"[[23,1],[23,1],[]]","[""int"",""int"",""Scalar""]",4
aten::copy_,"[[23],[23],[]]","[""long int"",""int"",""Scalar""]",4
aten::copy_,"[[24,1],[24,1],[]]","[""int"",""int"",""Scalar""]",4
aten::copy_,"[[25,1],[25,1],[]]","[""int"",""int"",""Scalar""]",4
aten::copy_,"[[25],[25],[]]","[""long int"",""int"",""Scalar""]",4
aten::copy_,"[[26,1],[26,1],[]]","[""int"",""int"",""Scalar""]",4
aten::copy_,"[[27,1],[27,1],[]]","[""int"",""int"",""Scalar""]",4
aten::copy_,"[[27],[27],[]]","[""long int"",""int"",""Scalar""]",4
aten::copy_,"[[28,1],[28,1],[]]","[""int"",""int"",""Scalar""]",4
aten::copy_,"[[29,1],[29,1],[]]","[""int"",""int"",""Scalar""]",4
aten::copy_,"[[29],[29],[]]","[""long int"",""int"",""Scalar""]",4
aten::copy_,"[[2],[],[]]","[""bool"",""bool"",""Scalar""]",4
aten::copy_,"[[3,10],[3,10],[]]","[""long int"",""long int"",""Scalar""]",4
aten::copy_,"[[3,12],[3,12],[]]","[""long int"",""long int"",""Scalar""]",4
aten::copy_,"[[3,14],[3,14],[]]","[""long int"",""long int"",""Scalar""]",4
aten::copy_,"[[3,16],[3,16],[]]","[""long int"",""long int"",""Scalar""]",4
aten::copy_,"[[3,18],[3,18],[]]","[""long int"",""long int"",""Scalar""]",4
aten::copy_,"[[3,1],[3,1],[]]","[""int"",""int"",""Scalar""]",4
aten::copy_,"[[3,20],[3,20],[]]","[""long int"",""long int"",""Scalar""]",4
aten::copy_,"[[3,22],[3,22],[]]","[""long int"",""long int"",""Scalar""]",4
aten::copy_,"[[3,24],[3,24],[]]","[""long int"",""long int"",""Scalar""]",4
aten::copy_,"[[3,26],[3,26],[]]","[""long int"",""long int"",""Scalar""]",4
aten::copy_,"[[3,28],[3,28],[]]","[""long int"",""long int"",""Scalar""]",4
aten::copy_,"[[3,2],[3,2],[]]","[""long int"",""long int"",""Scalar""]",4
aten::copy_,"[[3,30],[3,30],[]]","[""long int"",""long int"",""Scalar""]",4
aten::copy_,"[[3,32],[3,32],[]]","[""long int"",""long int"",""Scalar""]",4
aten::copy_,"[[3,34],[3,34],[]]","[""long int"",""long int"",""Scalar""]",4
aten::copy_,"[[3,36],[3,36],[]]","[""long int"",""long int"",""Scalar""]",4
aten::copy_,"[[3,38],[3,38],[]]","[""long int"",""long int"",""Scalar""]",4
aten::copy_,"[[3,40],[3,40],[]]","[""long int"",""long int"",""Scalar""]",4
aten::copy_,"[[3,42],[3,42],[]]","[""long int"",""long int"",""Scalar""]",4
aten::copy_,"[[3,44],[3,44],[]]","[""long int"",""long int"",""Scalar""]",4
aten::copy_,"[[3,46],[3,46],[]]","[""long int"",""long int"",""Scalar""]",4
aten::copy_,"[[3,48],[3,48],[]]","[""long int"",""long int"",""Scalar""]",4
aten::copy_,"[[3,4],[3,4],[]]","[""long int"",""long int"",""Scalar""]",4
aten::copy_,"[[3,5089],[3,5089],[]]","[""long int"",""long int"",""Scalar""]",4
aten::copy_,"[[3,50],[3,50],[]]","[""long int"",""long int"",""Scalar""]",4
aten::copy_,"[[3,52],[3,52],[]]","[""long int"",""long int"",""Scalar""]",4
aten::copy_,"[[3,54],[3,54],[]]","[""long int"",""long int"",""Scalar""]",4
aten::copy_,"[[3,56],[3,56],[]]","[""long int"",""long int"",""Scalar""]",4
aten::copy_,"[[3,58],[3,58],[]]","[""long int"",""long int"",""Scalar""]",4
aten::copy_,"[[3,60],[3,60],[]]","[""long int"",""long int"",""Scalar""]",4
aten::copy_,"[[3,62],[3,62],[]]","[""long int"",""long int"",""Scalar""]",4
aten::copy_,"[[3,6],[3,6],[]]","[""long int"",""long int"",""Scalar""]",4
aten::copy_,"[[3,8],[3,8],[]]","[""long int"",""long int"",""Scalar""]",4
aten::copy_,"[[30,1],[30,1],[]]","[""int"",""int"",""Scalar""]",4
aten::copy_,"[[31,1],[31,1],[]]","[""int"",""int"",""Scalar""]",4
aten::copy_,"[[31],[31],[]]","[""long int"",""int"",""Scalar""]",4
aten::copy_,"[[32,1],[32,1],[]]","[""int"",""int"",""Scalar""]",4
aten::copy_,"[[33,1],[33,1],[]]","[""int"",""int"",""Scalar""]",4
aten::copy_,"[[33],[33],[]]","[""long int"",""int"",""Scalar""]",4
aten::copy_,"[[34,1],[34,1],[]]","[""int"",""int"",""Scalar""]",4
aten::copy_,"[[34],[34],[]]","[""int"",""int"",""Scalar""]",4
aten::copy_,"[[35,1],[35,1],[]]","[""int"",""int"",""Scalar""]",4
aten::copy_,"[[35],[35],[]]","[""long int"",""int"",""Scalar""]",4
aten::copy_,"[[36,1],[36,1],[]]","[""int"",""int"",""Scalar""]",4
aten::copy_,"[[36],[36],[]]","[""int"",""int"",""Scalar""]",4
aten::copy_,"[[37,1],[37,1],[]]","[""int"",""int"",""Scalar""]",4
aten::copy_,"[[37],[37],[]]","[""long int"",""int"",""Scalar""]",4
aten::copy_,"[[38,1],[38,1],[]]","[""int"",""int"",""Scalar""]",4
aten::copy_,"[[38],[38],[]]","[""int"",""int"",""Scalar""]",4
aten::copy_,"[[39,1],[39,1],[]]","[""int"",""int"",""Scalar""]",4
aten::copy_,"[[39],[39],[]]","[""long int"",""int"",""Scalar""]",4
aten::copy_,"[[4,1],[4,1],[]]","[""int"",""int"",""Scalar""]",4
aten::copy_,"[[40,1],[40,1],[]]","[""int"",""int"",""Scalar""]",4
aten::copy_,"[[40],[40],[]]","[""int"",""int"",""Scalar""]",4
aten::copy_,"[[41,1],[41,1],[]]","[""int"",""int"",""Scalar""]",4
aten::copy_,"[[41],[41],[]]","[""long int"",""int"",""Scalar""]",4
aten::copy_,"[[42,1],[42,1],[]]","[""int"",""int"",""Scalar""]",4
aten::copy_,"[[42],[42],[]]","[""int"",""int"",""Scalar""]",4
aten::copy_,"[[43,1],[43,1],[]]","[""int"",""int"",""Scalar""]",4
aten::copy_,"[[43],[43],[]]","[""long int"",""int"",""Scalar""]",4
aten::copy_,"[[44,1],[44,1],[]]","[""int"",""int"",""Scalar""]",4
aten::copy_,"[[44],[44],[]]","[""int"",""int"",""Scalar""]",4
aten::copy_,"[[45,1],[45,1],[]]","[""int"",""int"",""Scalar""]",4
aten::copy_,"[[45],[45],[]]","[""long int"",""int"",""Scalar""]",4
aten::copy_,"[[46,1],[46,1],[]]","[""int"",""int"",""Scalar""]",4
aten::copy_,"[[46],[46],[]]","[""int"",""int"",""Scalar""]",4
aten::copy_,"[[47,1],[47,1],[]]","[""int"",""int"",""Scalar""]",4
aten::copy_,"[[47],[47],[]]","[""long int"",""int"",""Scalar""]",4
aten::copy_,"[[48,1],[48,1],[]]","[""int"",""int"",""Scalar""]",4
aten::copy_,"[[48],[48],[]]","[""int"",""int"",""Scalar""]",4
aten::copy_,"[[49,1],[49,1],[]]","[""int"",""int"",""Scalar""]",4
aten::copy_,"[[49],[49],[]]","[""long int"",""int"",""Scalar""]",4
aten::copy_,"[[5,1],[5,1],[]]","[""int"",""int"",""Scalar""]",4
aten::copy_,"[[50,1],[50,1],[]]","[""int"",""int"",""Scalar""]",4
aten::copy_,"[[50],[50],[]]","[""int"",""int"",""Scalar""]",4
aten::copy_,"[[51,1],[51,1],[]]","[""int"",""int"",""Scalar""]",4
aten::copy_,"[[51],[51],[]]","[""long int"",""int"",""Scalar""]",4
aten::copy_,"[[52,1],[52,1],[]]","[""int"",""int"",""Scalar""]",4
aten::copy_,"[[52],[52],[]]","[""int"",""int"",""Scalar""]",4
aten::copy_,"[[53,1],[53,1],[]]","[""int"",""int"",""Scalar""]",4
aten::copy_,"[[53],[53],[]]","[""long int"",""int"",""Scalar""]",4
aten::copy_,"[[54,1],[54,1],[]]","[""int"",""int"",""Scalar""]",4
aten::copy_,"[[54],[54],[]]","[""int"",""int"",""Scalar""]",4
aten::copy_,"[[55,1],[55,1],[]]","[""int"",""int"",""Scalar""]",4
aten::copy_,"[[55],[55],[]]","[""long int"",""int"",""Scalar""]",4
aten::copy_,"[[56,1],[56,1],[]]","[""int"",""int"",""Scalar""]",4
aten::copy_,"[[56],[56],[]]","[""int"",""int"",""Scalar""]",4
aten::copy_,"[[57,1],[57,1],[]]","[""int"",""int"",""Scalar""]",4
aten::copy_,"[[57],[57],[]]","[""long int"",""int"",""Scalar""]",4
aten::copy_,"[[58,1],[58,1],[]]","[""int"",""int"",""Scalar""]",4
aten::copy_,"[[58],[58],[]]","[""int"",""int"",""Scalar""]",4
aten::copy_,"[[59,1],[59,1],[]]","[""int"",""int"",""Scalar""]",4
aten::copy_,"[[59],[59],[]]","[""long int"",""int"",""Scalar""]",4
aten::copy_,"[[5],[5],[]]","[""long int"",""int"",""Scalar""]",4
aten::copy_,"[[6,1],[6,1],[]]","[""int"",""int"",""Scalar""]",4
aten::copy_,"[[60,1],[60,1],[]]","[""int"",""int"",""Scalar""]",4
aten::copy_,"[[60],[60],[]]","[""int"",""int"",""Scalar""]",4
aten::copy_,"[[61,1],[61,1],[]]","[""int"",""int"",""Scalar""]",4
aten::copy_,"[[61],[61],[]]","[""long int"",""int"",""Scalar""]",4
aten::copy_,"[[62,1],[62,1],[]]","[""int"",""int"",""Scalar""]",4
aten::copy_,"[[62],[62],[]]","[""int"",""int"",""Scalar""]",4
aten::copy_,"[[7,1],[7,1],[]]","[""int"",""int"",""Scalar""]",4
aten::copy_,"[[7],[7],[]]","[""long int"",""int"",""Scalar""]",4
aten::copy_,"[[8,1],[8,1],[]]","[""int"",""int"",""Scalar""]",4
aten::copy_,"[[9,1],[9,1],[]]","[""int"",""int"",""Scalar""]",4
aten::copy_,"[[9],[9],[]]","[""long int"",""int"",""Scalar""]",4
aten::detach,[[11]],"[""int""]",4
aten::detach,[[13]],"[""int""]",4
aten::detach,[[15]],"[""int""]",4
aten::detach,[[17]],"[""int""]",4
aten::detach,[[19]],"[""int""]",4
aten::detach,[[21]],"[""int""]",4
aten::detach,[[23]],"[""int""]",4
aten::detach,[[25]],"[""int""]",4
aten::detach,[[27]],"[""int""]",4
aten::detach,[[29]],"[""int""]",4
aten::detach,[[31]],"[""int""]",4
aten::detach,[[33]],"[""int""]",4
aten::detach,[[35]],"[""int""]",4
aten::detach,[[37]],"[""int""]",4
aten::detach,[[39]],"[""int""]",4
aten::detach,[[3]],"[""int""]",4
aten::detach,[[41]],"[""int""]",4
aten::detach,[[43]],"[""int""]",4
aten::detach,[[45]],"[""int""]",4
aten::detach,[[47]],"[""int""]",4
aten::detach,[[49]],"[""int""]",4
aten::detach,[[51]],"[""int""]",4
aten::detach,[[53]],"[""int""]",4
aten::detach,[[55]],"[""int""]",4
aten::detach,[[57]],"[""int""]",4
aten::detach,[[59]],"[""int""]",4
aten::detach,[[5]],"[""int""]",4
aten::detach,[[61]],"[""int""]",4
aten::detach,[[7]],"[""int""]",4
aten::detach,[[9]],"[""int""]",4
aten::fill_,"[[16],[]]","[""long int"",""Scalar""]",4
aten::fill_,"[[18],[]]","[""long int"",""Scalar""]",4
aten::fill_,"[[2,32],[]]","[""int"",""Scalar""]",4
aten::fill_,"[[20],[]]","[""long int"",""Scalar""]",4
aten::fill_,"[[22],[]]","[""long int"",""Scalar""]",4
aten::fill_,"[[24],[]]","[""long int"",""Scalar""]",4
aten::fill_,"[[26],[]]","[""long int"",""Scalar""]",4
aten::fill_,"[[28],[]]","[""long int"",""Scalar""]",4
aten::fill_,"[[2],[]]","[""bool"",""bool""]",4
aten::fill_,"[[30],[]]","[""long int"",""Scalar""]",4
aten::fill_,"[[63],[]]","[""int"",""Scalar""]",4
aten::index,"[[16,2048],[]]","[""c10::BFloat16"",""""]",4
aten::lift_fresh,[[63]],"[""long int""]",4
aten::lt,"[[16],[16]]","[""int"",""int""]",4
aten::resolve_conj,[[11]],"[""int""]",4
aten::resolve_conj,[[13]],"[""int""]",4
aten::resolve_conj,[[15]],"[""int""]",4
aten::resolve_conj,[[17]],"[""int""]",4
aten::resolve_conj,[[19]],"[""int""]",4
aten::resolve_conj,[[21]],"[""int""]",4
aten::resolve_conj,[[23]],"[""int""]",4
aten::resolve_conj,[[25]],"[""int""]",4
aten::resolve_conj,[[27]],"[""int""]",4
aten::resolve_conj,[[29]],"[""int""]",4
aten::resolve_conj,[[31]],"[""int""]",4
aten::resolve_conj,[[33]],"[""int""]",4
aten::resolve_conj,[[35]],"[""int""]",4
aten::resolve_conj,[[37]],"[""int""]",4
aten::resolve_conj,[[39]],"[""int""]",4
aten::resolve_conj,[[41]],"[""int""]",4
aten::resolve_conj,[[43]],"[""int""]",4
aten::resolve_conj,[[45]],"[""int""]",4
aten::resolve_conj,[[47]],"[""int""]",4
aten::resolve_conj,[[49]],"[""int""]",4
aten::resolve_conj,[[51]],"[""int""]",4
aten::resolve_conj,[[53]],"[""int""]",4
aten::resolve_conj,[[55]],"[""int""]",4
aten::resolve_conj,[[57]],"[""int""]",4
aten::resolve_conj,[[59]],"[""int""]",4
aten::resolve_conj,[[5]],"[""int""]",4
aten::resolve_conj,[[61]],"[""int""]",4
aten::resolve_conj,[[7]],"[""int""]",4
aten::resolve_conj,[[9]],"[""int""]",4
aten::resolve_neg,[[11]],"[""int""]",4
aten::resolve_neg,[[13]],"[""int""]",4
aten::resolve_neg,[[15]],"[""int""]",4
aten::resolve_neg,[[17]],"[""int""]",4
aten::resolve_neg,[[19]],"[""int""]",4
aten::resolve_neg,[[21]],"[""int""]",4
aten::resolve_neg,[[23]],"[""int""]",4
aten::resolve_neg,[[25]],"[""int""]",4
aten::resolve_neg,[[27]],"[""int""]",4
aten::resolve_neg,[[29]],"[""int""]",4
aten::resolve_neg,[[31]],"[""int""]",4
aten::resolve_neg,[[33]],"[""int""]",4
aten::resolve_neg,[[35]],"[""int""]",4
aten::resolve_neg,[[37]],"[""int""]",4
aten::resolve_neg,[[39]],"[""int""]",4
aten::resolve_neg,[[41]],"[""int""]",4
aten::resolve_neg,[[43]],"[""int""]",4
aten::resolve_neg,[[45]],"[""int""]",4
aten::resolve_neg,[[47]],"[""int""]",4
aten::resolve_neg,[[49]],"[""int""]",4
aten::resolve_neg,[[51]],"[""int""]",4
aten::resolve_neg,[[53]],"[""int""]",4
aten::resolve_neg,[[55]],"[""int""]",4
aten::resolve_neg,[[57]],"[""int""]",4
aten::resolve_neg,[[59]],"[""int""]",4
aten::resolve_neg,[[5]],"[""int""]",4
aten::resolve_neg,[[61]],"[""int""]",4
aten::resolve_neg,[[7]],"[""int""]",4
aten::resolve_neg,[[9]],"[""int""]",4
aten::slice,"[[11,1],[],[],[],[]]","[""int"",""Scalar"",""Scalar"",""Scalar"",""Scalar""]",4
aten::slice,"[[11],[],[],[],[]]","[""bool"",""Scalar"",""Scalar"",""Scalar"",""Scalar""]",4
aten::slice,"[[11],[],[],[],[]]","[""int"",""Scalar"",""Scalar"",""Scalar"",""Scalar""]",4
aten::slice,"[[13,1],[],[],[],[]]","[""int"",""Scalar"",""Scalar"",""Scalar"",""Scalar""]",4
aten::slice,"[[13],[],[],[],[]]","[""bool"",""Scalar"",""Scalar"",""Scalar"",""Scalar""]",4
aten::slice,"[[13],[],[],[],[]]","[""int"",""Scalar"",""Scalar"",""Scalar"",""Scalar""]",4
aten::slice,"[[15,1],[],[],[],[]]","[""int"",""Scalar"",""Scalar"",""Scalar"",""Scalar""]",4
aten::slice,"[[15],[],[],[],[]]","[""bool"",""Scalar"",""Scalar"",""Scalar"",""Scalar""]",4
aten::slice,"[[15],[],[],[],[]]","[""int"",""Scalar"",""Scalar"",""Scalar"",""Scalar""]",4
aten::slice,"[[16,2048],[],[],[],[]]","[""c10::BFloat16"",""Scalar"",""Scalar"",""Scalar"",""Scalar""]",4
aten::slice,"[[16,32],[],[],[],[]]","[""int"",""Scalar"",""Scalar"",""Scalar"",""Scalar""]",4
aten::slice,"[[16],[],[],[],[]]","[""bool"",""Scalar"",""Scalar"",""Scalar"",""Scalar""]",4
aten::slice,"[[17,1],[],[],[],[]]","[""int"",""Scalar"",""Scalar"",""Scalar"",""Scalar""]",4
aten::slice,"[[17],[],[],[],[]]","[""bool"",""Scalar"",""Scalar"",""Scalar"",""Scalar""]",4
aten::slice,"[[19,1],[],[],[],[]]","[""int"",""Scalar"",""Scalar"",""Scalar"",""Scalar""]",4
aten::slice,"[[19],[],[],[],[]]","[""bool"",""Scalar"",""Scalar"",""Scalar"",""Scalar""]",4
aten::slice,"[[19],[],[],[],[]]","[""int"",""Scalar"",""Scalar"",""Scalar"",""Scalar""]",4
aten::slice,"[[1],[],[],[],[]]","[""long int"",""Scalar"",""Scalar"",""Scalar"",""Scalar""]",4
aten::slice,"[[21,1],[],[],[],[]]","[""int"",""Scalar"",""Scalar"",""Scalar"",""Scalar""]",4
aten::slice,"[[21],[],[],[],[]]","[""bool"",""Scalar"",""Scalar"",""Scalar"",""Scalar""]",4
aten::slice,"[[21],[],[],[],[]]","[""int"",""Scalar"",""Scalar"",""Scalar"",""Scalar""]",4
aten::slice,"[[23,1],[],[],[],[]]","[""int"",""Scalar"",""Scalar"",""Scalar"",""Scalar""]",4
aten::slice,"[[23],[],[],[],[]]","[""bool"",""Scalar"",""Scalar"",""Scalar"",""Scalar""]",4
aten::slice,"[[23],[],[],[],[]]","[""int"",""Scalar"",""Scalar"",""Scalar"",""Scalar""]",4
aten::slice,"[[25,1],[],[],[],[]]","[""int"",""Scalar"",""Scalar"",""Scalar"",""Scalar""]",4
aten::slice,"[[25],[],[],[],[]]","[""bool"",""Scalar"",""Scalar"",""Scalar"",""Scalar""]",4
aten::slice,"[[25],[],[],[],[]]","[""int"",""Scalar"",""Scalar"",""Scalar"",""Scalar""]",4
aten::slice,"[[27,1],[],[],[],[]]","[""int"",""Scalar"",""Scalar"",""Scalar"",""Scalar""]",4
aten::slice,"[[27],[],[],[],[]]","[""bool"",""Scalar"",""Scalar"",""Scalar"",""Scalar""]",4
aten::slice,"[[27],[],[],[],[]]","[""int"",""Scalar"",""Scalar"",""Scalar"",""Scalar""]",4
aten::slice,"[[29,1],[],[],[],[]]","[""int"",""Scalar"",""Scalar"",""Scalar"",""Scalar""]",4
aten::slice,"[[29],[],[],[],[]]","[""bool"",""Scalar"",""Scalar"",""Scalar"",""Scalar""]",4
aten::slice,"[[29],[],[],[],[]]","[""int"",""Scalar"",""Scalar"",""Scalar"",""Scalar""]",4
aten::slice,"[[2],[],[],[],[]]","[""long int"",""Scalar"",""Scalar"",""Scalar"",""Scalar""]",4
aten::slice,"[[3,1],[],[],[],[]]","[""int"",""Scalar"",""Scalar"",""Scalar"",""Scalar""]",4
aten::slice,"[[31,1],[],[],[],[]]","[""int"",""Scalar"",""Scalar"",""Scalar"",""Scalar""]",4
aten::slice,"[[31],[],[],[],[]]","[""bool"",""Scalar"",""Scalar"",""Scalar"",""Scalar""]",4
aten::slice,"[[31],[],[],[],[]]","[""int"",""Scalar"",""Scalar"",""Scalar"",""Scalar""]",4
aten::slice,"[[33,1],[],[],[],[]]","[""int"",""Scalar"",""Scalar"",""Scalar"",""Scalar""]",4
aten::slice,"[[33],[],[],[],[]]","[""bool"",""Scalar"",""Scalar"",""Scalar"",""Scalar""]",4
aten::slice,"[[35,1],[],[],[],[]]","[""int"",""Scalar"",""Scalar"",""Scalar"",""Scalar""]",4
aten::slice,"[[35],[],[],[],[]]","[""bool"",""Scalar"",""Scalar"",""Scalar"",""Scalar""]",4
aten::slice,"[[35],[],[],[],[]]","[""int"",""Scalar"",""Scalar"",""Scalar"",""Scalar""]",4
aten::slice,"[[37,1],[],[],[],[]]","[""int"",""Scalar"",""Scalar"",""Scalar"",""Scalar""]",4
aten::slice,"[[37],[],[],[],[]]","[""bool"",""Scalar"",""Scalar"",""Scalar"",""Scalar""]",4
aten::slice,"[[37],[],[],[],[]]","[""int"",""Scalar"",""Scalar"",""Scalar"",""Scalar""]",4
aten::slice,"[[39,1],[],[],[],[]]","[""int"",""Scalar"",""Scalar"",""Scalar"",""Scalar""]",4
aten::slice,"[[39],[],[],[],[]]","[""bool"",""Scalar"",""Scalar"",""Scalar"",""Scalar""]",4
aten::slice,"[[39],[],[],[],[]]","[""int"",""Scalar"",""Scalar"",""Scalar"",""Scalar""]",4
aten::slice,"[[3],[],[],[],[]]","[""bool"",""Scalar"",""Scalar"",""Scalar"",""Scalar""]",4
aten::slice,"[[4,1],[],[],[],[]]","[""int"",""Scalar"",""Scalar"",""Scalar"",""Scalar""]",4
aten::slice,"[[4096],[],[],[],[]]","[""long int"",""Scalar"",""Scalar"",""Scalar"",""Scalar""]",4
aten::slice,"[[41,1],[],[],[],[]]","[""int"",""Scalar"",""Scalar"",""Scalar"",""Scalar""]",4
aten::slice,"[[41],[],[],[],[]]","[""bool"",""Scalar"",""Scalar"",""Scalar"",""Scalar""]",4
aten::slice,"[[41],[],[],[],[]]","[""int"",""Scalar"",""Scalar"",""Scalar"",""Scalar""]",4
aten::slice,"[[43,1],[],[],[],[]]","[""int"",""Scalar"",""Scalar"",""Scalar"",""Scalar""]",4
aten::slice,"[[43],[],[],[],[]]","[""bool"",""Scalar"",""Scalar"",""Scalar"",""Scalar""]",4
aten::slice,"[[43],[],[],[],[]]","[""int"",""Scalar"",""Scalar"",""Scalar"",""Scalar""]",4
aten::slice,"[[45,1],[],[],[],[]]","[""int"",""Scalar"",""Scalar"",""Scalar"",""Scalar""]",4
aten::slice,"[[45],[],[],[],[]]","[""bool"",""Scalar"",""Scalar"",""Scalar"",""Scalar""]",4
aten::slice,"[[45],[],[],[],[]]","[""int"",""Scalar"",""Scalar"",""Scalar"",""Scalar""]",4
aten::slice,"[[47,1],[],[],[],[]]","[""int"",""Scalar"",""Scalar"",""Scalar"",""Scalar""]",4
aten::slice,"[[47],[],[],[],[]]","[""bool"",""Scalar"",""Scalar"",""Scalar"",""Scalar""]",4
aten::slice,"[[47],[],[],[],[]]","[""int"",""Scalar"",""Scalar"",""Scalar"",""Scalar""]",4
aten::slice,"[[49,1],[],[],[],[]]","[""int"",""Scalar"",""Scalar"",""Scalar"",""Scalar""]",4
aten::slice,"[[49],[],[],[],[]]","[""bool"",""Scalar"",""Scalar"",""Scalar"",""Scalar""]",4
aten::slice,"[[49],[],[],[],[]]","[""int"",""Scalar"",""Scalar"",""Scalar"",""Scalar""]",4
aten::slice,"[[4],[],[],[],[]]","[""long int"",""Scalar"",""Scalar"",""Scalar"",""Scalar""]",4
aten::slice,"[[5,1],[],[],[],[]]","[""int"",""Scalar"",""Scalar"",""Scalar"",""Scalar""]",4
aten::slice,"[[5089],[],[],[],[]]","[""long int"",""Scalar"",""Scalar"",""Scalar"",""Scalar""]",4
aten::slice,"[[51,1],[],[],[],[]]","[""int"",""Scalar"",""Scalar"",""Scalar"",""Scalar""]",4
aten::slice,"[[51],[],[],[],[]]","[""bool"",""Scalar"",""Scalar"",""Scalar"",""Scalar""]",4
aten::slice,"[[51],[],[],[],[]]","[""int"",""Scalar"",""Scalar"",""Scalar"",""Scalar""]",4
aten::slice,"[[53,1],[],[],[],[]]","[""int"",""Scalar"",""Scalar"",""Scalar"",""Scalar""]",4
aten::slice,"[[53],[],[],[],[]]","[""bool"",""Scalar"",""Scalar"",""Scalar"",""Scalar""]",4
aten::slice,"[[53],[],[],[],[]]","[""int"",""Scalar"",""Scalar"",""Scalar"",""Scalar""]",4
aten::slice,"[[55,1],[],[],[],[]]","[""int"",""Scalar"",""Scalar"",""Scalar"",""Scalar""]",4
aten::slice,"[[55],[],[],[],[]]","[""bool"",""Scalar"",""Scalar"",""Scalar"",""Scalar""]",4
aten::slice,"[[55],[],[],[],[]]","[""int"",""Scalar"",""Scalar"",""Scalar"",""Scalar""]",4
aten::slice,"[[57,1],[],[],[],[]]","[""int"",""Scalar"",""Scalar"",""Scalar"",""Scalar""]",4
aten::slice,"[[57],[],[],[],[]]","[""bool"",""Scalar"",""Scalar"",""Scalar"",""Scalar""]",4
aten::slice,"[[57],[],[],[],[]]","[""int"",""Scalar"",""Scalar"",""Scalar"",""Scalar""]",4
aten::slice,"[[59,1],[],[],[],[]]","[""int"",""Scalar"",""Scalar"",""Scalar"",""Scalar""]",4
aten::slice,"[[59],[],[],[],[]]","[""bool"",""Scalar"",""Scalar"",""Scalar"",""Scalar""]",4
aten::slice,"[[59],[],[],[],[]]","[""int"",""Scalar"",""Scalar"",""Scalar"",""Scalar""]",4
aten::slice,"[[5],[],[],[],[]]","[""bool"",""Scalar"",""Scalar"",""Scalar"",""Scalar""]",4
aten::slice,"[[61,1],[],[],[],[]]","[""int"",""Scalar"",""Scalar"",""Scalar"",""Scalar""]",4
aten::slice,"[[61],[],[],[],[]]","[""bool"",""Scalar"",""Scalar"",""Scalar"",""Scalar""]",4
aten::slice,"[[61],[],[],[],[]]","[""int"",""Scalar"",""Scalar"",""Scalar"",""Scalar""]",4
aten::slice,"[[63,1],[],[],[],[]]","[""int"",""Scalar"",""Scalar"",""Scalar"",""Scalar""]",4
aten::slice,"[[63],[],[],[],[]]","[""bool"",""Scalar"",""Scalar"",""Scalar"",""Scalar""]",4
aten::slice,"[[63],[],[],[],[]]","[""int"",""Scalar"",""Scalar"",""Scalar"",""Scalar""]",4
aten::slice,"[[7,1],[],[],[],[]]","[""int"",""Scalar"",""Scalar"",""Scalar"",""Scalar""]",4
aten::slice,"[[7],[],[],[],[]]","[""bool"",""Scalar"",""Scalar"",""Scalar"",""Scalar""]",4
aten::slice,"[[7],[],[],[],[]]","[""int"",""Scalar"",""Scalar"",""Scalar"",""Scalar""]",4
aten::slice,"[[9,1],[],[],[],[]]","[""int"",""Scalar"",""Scalar"",""Scalar"",""Scalar""]",4
aten::slice,"[[9],[],[],[],[]]","[""bool"",""Scalar"",""Scalar"",""Scalar"",""Scalar""]",4
aten::sub,"[[1],[],[]]","[""int"",""long int"",""Scalar""]",4
aten::to,"[[11],[],[],[],[],[],[],[]]","[""int"",""Scalar"",""Scalar"","""","""",""Scalar"",""Scalar"",""""]",4
aten::to,"[[11],[],[],[],[]]","[""int"",""Scalar"",""Scalar"",""Scalar"",""""]",4
aten::to,"[[13],[],[],[],[],[],[],[]]","[""int"",""Scalar"",""Scalar"","""","""",""Scalar"",""Scalar"",""""]",4
aten::to,"[[13],[],[],[],[]]","[""int"",""Scalar"",""Scalar"",""Scalar"",""""]",4
aten::to,"[[15],[],[],[],[],[],[],[]]","[""int"",""Scalar"",""Scalar"","""","""",""Scalar"",""Scalar"",""""]",4
aten::to,"[[15],[],[],[],[]]","[""int"",""Scalar"",""Scalar"",""Scalar"",""""]",4
aten::to,"[[17],[],[],[],[],[],[],[]]","[""int"",""Scalar"",""Scalar"","""","""",""Scalar"",""Scalar"",""""]",4
aten::to,"[[17],[],[],[],[]]","[""int"",""Scalar"",""Scalar"",""Scalar"",""""]",4
aten::to,"[[19],[],[],[],[],[],[],[]]","[""int"",""Scalar"",""Scalar"","""","""",""Scalar"",""Scalar"",""""]",4
aten::to,"[[19],[],[],[],[]]","[""int"",""Scalar"",""Scalar"",""Scalar"",""""]",4
aten::to,"[[21],[],[],[],[],[],[],[]]","[""int"",""Scalar"",""Scalar"","""","""",""Scalar"",""Scalar"",""""]",4
aten::to,"[[21],[],[],[],[]]","[""int"",""Scalar"",""Scalar"",""Scalar"",""""]",4
aten::to,"[[23],[],[],[],[],[],[],[]]","[""int"",""Scalar"",""Scalar"","""","""",""Scalar"",""Scalar"",""""]",4
aten::to,"[[23],[],[],[],[]]","[""int"",""Scalar"",""Scalar"",""Scalar"",""""]",4
aten::to,"[[25],[],[],[],[],[],[],[]]","[""int"",""Scalar"",""Scalar"","""","""",""Scalar"",""Scalar"",""""]",4
aten::to,"[[25],[],[],[],[]]","[""int"",""Scalar"",""Scalar"",""Scalar"",""""]",4
aten::to,"[[27],[],[],[],[],[],[],[]]","[""int"",""Scalar"",""Scalar"","""","""",""Scalar"",""Scalar"",""""]",4
aten::to,"[[27],[],[],[],[]]","[""int"",""Scalar"",""Scalar"",""Scalar"",""""]",4
aten::to,"[[29],[],[],[],[],[],[],[]]","[""int"",""Scalar"",""Scalar"","""","""",""Scalar"",""Scalar"",""""]",4
aten::to,"[[29],[],[],[],[]]","[""int"",""Scalar"",""Scalar"",""Scalar"",""""]",4
aten::to,"[[31],[],[],[],[],[],[],[]]","[""int"",""Scalar"",""Scalar"","""","""",""Scalar"",""Scalar"",""""]",4
aten::to,"[[31],[],[],[],[]]","[""int"",""Scalar"",""Scalar"",""Scalar"",""""]",4
aten::to,"[[33],[],[],[],[],[],[],[]]","[""int"",""Scalar"",""Scalar"","""","""",""Scalar"",""Scalar"",""""]",4
aten::to,"[[33],[],[],[],[]]","[""int"",""Scalar"",""Scalar"",""Scalar"",""""]",4
aten::to,"[[35],[],[],[],[],[],[],[]]","[""int"",""Scalar"",""Scalar"","""","""",""Scalar"",""Scalar"",""""]",4
aten::to,"[[35],[],[],[],[]]","[""int"",""Scalar"",""Scalar"",""Scalar"",""""]",4
aten::to,"[[37],[],[],[],[],[],[],[]]","[""int"",""Scalar"",""Scalar"","""","""",""Scalar"",""Scalar"",""""]",4
aten::to,"[[37],[],[],[],[]]","[""int"",""Scalar"",""Scalar"",""Scalar"",""""]",4
aten::to,"[[39],[],[],[],[],[],[],[]]","[""int"",""Scalar"",""Scalar"","""","""",""Scalar"",""Scalar"",""""]",4
aten::to,"[[39],[],[],[],[]]","[""int"",""Scalar"",""Scalar"",""Scalar"",""""]",4
aten::to,"[[3],[],[],[],[],[],[],[]]","[""int"",""Scalar"",""Scalar"","""","""",""Scalar"",""Scalar"",""""]",4
aten::to,"[[41],[],[],[],[],[],[],[]]","[""int"",""Scalar"",""Scalar"","""","""",""Scalar"",""Scalar"",""""]",4
aten::to,"[[41],[],[],[],[]]","[""int"",""Scalar"",""Scalar"",""Scalar"",""""]",4
aten::to,"[[43],[],[],[],[],[],[],[]]","[""int"",""Scalar"",""Scalar"","""","""",""Scalar"",""Scalar"",""""]",4
aten::to,"[[43],[],[],[],[]]","[""int"",""Scalar"",""Scalar"",""Scalar"",""""]",4
aten::to,"[[45],[],[],[],[],[],[],[]]","[""int"",""Scalar"",""Scalar"","""","""",""Scalar"",""Scalar"",""""]",4
aten::to,"[[45],[],[],[],[]]","[""int"",""Scalar"",""Scalar"",""Scalar"",""""]",4
aten::to,"[[47],[],[],[],[],[],[],[]]","[""int"",""Scalar"",""Scalar"","""","""",""Scalar"",""Scalar"",""""]",4
aten::to,"[[47],[],[],[],[]]","[""int"",""Scalar"",""Scalar"",""Scalar"",""""]",4
aten::to,"[[49],[],[],[],[],[],[],[]]","[""int"",""Scalar"",""Scalar"","""","""",""Scalar"",""Scalar"",""""]",4
aten::to,"[[49],[],[],[],[]]","[""int"",""Scalar"",""Scalar"",""Scalar"",""""]",4
aten::to,"[[51],[],[],[],[],[],[],[]]","[""int"",""Scalar"",""Scalar"","""","""",""Scalar"",""Scalar"",""""]",4
aten::to,"[[51],[],[],[],[]]","[""int"",""Scalar"",""Scalar"",""Scalar"",""""]",4
aten::to,"[[53],[],[],[],[],[],[],[]]","[""int"",""Scalar"",""Scalar"","""","""",""Scalar"",""Scalar"",""""]",4
aten::to,"[[53],[],[],[],[]]","[""int"",""Scalar"",""Scalar"",""Scalar"",""""]",4
aten::to,"[[55],[],[],[],[],[],[],[]]","[""int"",""Scalar"",""Scalar"","""","""",""Scalar"",""Scalar"",""""]",4
aten::to,"[[55],[],[],[],[]]","[""int"",""Scalar"",""Scalar"",""Scalar"",""""]",4
aten::to,"[[57],[],[],[],[],[],[],[]]","[""int"",""Scalar"",""Scalar"","""","""",""Scalar"",""Scalar"",""""]",4
aten::to,"[[57],[],[],[],[]]","[""int"",""Scalar"",""Scalar"",""Scalar"",""""]",4
aten::to,"[[59],[],[],[],[],[],[],[]]","[""int"",""Scalar"",""Scalar"","""","""",""Scalar"",""Scalar"",""""]",4
aten::to,"[[59],[],[],[],[]]","[""int"",""Scalar"",""Scalar"",""Scalar"",""""]",4
aten::to,"[[5],[],[],[],[],[],[],[]]","[""int"",""Scalar"",""Scalar"","""","""",""Scalar"",""Scalar"",""""]",4
aten::to,"[[5],[],[],[],[]]","[""int"",""Scalar"",""Scalar"",""Scalar"",""""]",4
aten::to,"[[61],[],[],[],[],[],[],[]]","[""int"",""Scalar"",""Scalar"","""","""",""Scalar"",""Scalar"",""""]",4
aten::to,"[[61],[],[],[],[]]","[""int"",""Scalar"",""Scalar"",""Scalar"",""""]",4
aten::to,"[[64],[],[],[],[]]","[""bool"",""Scalar"",""Scalar"",""Scalar"",""""]",4
aten::to,"[[7],[],[],[],[],[],[],[]]","[""int"",""Scalar"",""Scalar"","""","""",""Scalar"",""Scalar"",""""]",4
aten::to,"[[7],[],[],[],[]]","[""int"",""Scalar"",""Scalar"",""Scalar"",""""]",4
aten::to,"[[9],[],[],[],[],[],[],[]]","[""int"",""Scalar"",""Scalar"","""","""",""Scalar"",""Scalar"",""""]",4
aten::to,"[[9],[],[],[],[]]","[""int"",""Scalar"",""Scalar"",""Scalar"",""""]",4
aten::view,"[[32],[]]","[""long int"",""ScalarList""]",4
aten::view,"[[34],[]]","[""long int"",""ScalarList""]",4
aten::view,"[[36],[]]","[""long int"",""ScalarList""]",4
aten::view,"[[38],[]]","[""long int"",""ScalarList""]",4
aten::view,"[[40],[]]","[""long int"",""ScalarList""]",4
aten::view,"[[42],[]]","[""long int"",""ScalarList""]",4
aten::view,"[[44],[]]","[""long int"",""ScalarList""]",4
aten::view,"[[46],[]]","[""long int"",""ScalarList""]",4
aten::view,"[[48],[]]","[""long int"",""ScalarList""]",4
aten::view,"[[50],[]]","[""long int"",""ScalarList""]",4
aten::view,"[[52],[]]","[""long int"",""ScalarList""]",4
aten::view,"[[54],[]]","[""long int"",""ScalarList""]",4
aten::view,"[[56],[]]","[""long int"",""ScalarList""]",4
aten::view,"[[58],[]]","[""long int"",""ScalarList""]",4
aten::view,"[[60],[]]","[""long int"",""ScalarList""]",4
aten::view,"[[62],[]]","[""long int"",""ScalarList""]",4
aten::_pin_memory,"[[1025],[]]","[""long int"",""""]",3
aten::_pin_memory,"[[1027],[]]","[""long int"",""""]",3
aten::_pin_memory,"[[1029],[]]","[""long int"",""""]",3
aten::_pin_memory,"[[1030],[]]","[""long int"",""""]",3
aten::_pin_memory,"[[1032],[]]","[""long int"",""""]",3
aten::_pin_memory,"[[1034],[]]","[""long int"",""""]",3
aten::_pin_memory,"[[1035],[]]","[""long int"",""""]",3
aten::_pin_memory,"[[1037],[]]","[""long int"",""""]",3
aten::_pin_memory,"[[1039],[]]","[""long int"",""""]",3
aten::_pin_memory,"[[1041],[]]","[""long int"",""""]",3
aten::_pin_memory,"[[1043],[]]","[""long int"",""""]",3
aten::_pin_memory,"[[1044],[]]","[""long int"",""""]",3
aten::_pin_memory,"[[1046],[]]","[""long int"",""""]",3
aten::_pin_memory,"[[1048],[]]","[""long int"",""""]",3
aten::_pin_memory,"[[1049],[]]","[""long int"",""""]",3
aten::_pin_memory,"[[1051],[]]","[""long int"",""""]",3
aten::_pin_memory,"[[1053],[]]","[""long int"",""""]",3
aten::_pin_memory,"[[1055],[]]","[""long int"",""""]",3
aten::_pin_memory,"[[1057],[]]","[""long int"",""""]",3
aten::_pin_memory,"[[1058],[]]","[""long int"",""""]",3
aten::_pin_memory,"[[1060],[]]","[""long int"",""""]",3
aten::_pin_memory,"[[1062],[]]","[""long int"",""""]",3
aten::_pin_memory,"[[1063],[]]","[""long int"",""""]",3
aten::_pin_memory,"[[1065],[]]","[""long int"",""""]",3
aten::_pin_memory,"[[1067],[]]","[""long int"",""""]",3
aten::_pin_memory,"[[1069],[]]","[""long int"",""""]",3
aten::_pin_memory,"[[1071],[]]","[""long int"",""""]",3
aten::_pin_memory,"[[1072],[]]","[""long int"",""""]",3
aten::_pin_memory,"[[1074],[]]","[""long int"",""""]",3
aten::_pin_memory,"[[1076],[]]","[""long int"",""""]",3
aten::_pin_memory,"[[1077],[]]","[""long int"",""""]",3
aten::_pin_memory,"[[2],[]]","[""long int"",""""]",3
aten::_pin_memory,"[[512],[]]","[""long int"",""""]",3
aten::_pin_memory,"[[64,2],[]]","[""int"",""""]",3
aten::_pin_memory,"[[691],[]]","[""long int"",""""]",3
aten::_pin_memory,"[[79,2],[]]","[""int"",""""]",3
aten::_to_copy,"[[11],[],[],[],[],[],[]]","[""bool"",""Scalar"","""","""","""",""Scalar"",""""]",3
aten::_to_copy,"[[13],[],[],[],[],[],[]]","[""bool"",""Scalar"","""","""","""",""Scalar"",""""]",3
aten::_to_copy,"[[15],[],[],[],[],[],[]]","[""bool"",""Scalar"","""","""","""",""Scalar"",""""]",3
aten::_to_copy,"[[17],[],[],[],[],[],[]]","[""bool"",""Scalar"","""","""","""",""Scalar"",""""]",3
aten::_to_copy,"[[19],[],[],[],[],[],[]]","[""bool"",""Scalar"","""","""","""",""Scalar"",""""]",3
aten::_to_copy,"[[21],[],[],[],[],[],[]]","[""bool"",""Scalar"","""","""","""",""Scalar"",""""]",3
aten::_to_copy,"[[23],[],[],[],[],[],[]]","[""bool"",""Scalar"","""","""","""",""Scalar"",""""]",3
aten::_to_copy,"[[25],[],[],[],[],[],[]]","[""bool"",""Scalar"","""","""","""",""Scalar"",""""]",3
aten::_to_copy,"[[27],[],[],[],[],[],[]]","[""bool"",""Scalar"","""","""","""",""Scalar"",""""]",3
aten::_to_copy,"[[29],[],[],[],[],[],[]]","[""bool"",""Scalar"","""","""","""",""Scalar"",""""]",3
aten::_to_copy,"[[2],[],[],[],[],[],[]]","[""long int"",""Scalar"",""Scalar"","""","""",""Scalar"",""""]",3
aten::_to_copy,"[[31],[],[],[],[],[],[]]","[""bool"",""Scalar"","""","""","""",""Scalar"",""""]",3
aten::_to_copy,"[[33],[],[],[],[],[],[]]","[""bool"",""Scalar"","""","""","""",""Scalar"",""""]",3
aten::_to_copy,"[[35],[],[],[],[],[],[]]","[""bool"",""Scalar"","""","""","""",""Scalar"",""""]",3
aten::_to_copy,"[[37],[],[],[],[],[],[]]","[""bool"",""Scalar"","""","""","""",""Scalar"",""""]",3
aten::_to_copy,"[[39],[],[],[],[],[],[]]","[""bool"",""Scalar"","""","""","""",""Scalar"",""""]",3
aten::_to_copy,"[[3],[],[],[],[],[],[]]","[""bool"",""Scalar"","""","""","""",""Scalar"",""""]",3
aten::_to_copy,"[[41],[],[],[],[],[],[]]","[""bool"",""Scalar"","""","""","""",""Scalar"",""""]",3
aten::_to_copy,"[[43],[],[],[],[],[],[]]","[""bool"",""Scalar"","""","""","""",""Scalar"",""""]",3
aten::_to_copy,"[[45],[],[],[],[],[],[]]","[""bool"",""Scalar"","""","""","""",""Scalar"",""""]",3
aten::_to_copy,"[[47],[],[],[],[],[],[]]","[""bool"",""Scalar"","""","""","""",""Scalar"",""""]",3
aten::_to_copy,"[[49],[],[],[],[],[],[]]","[""bool"",""Scalar"","""","""","""",""Scalar"",""""]",3
aten::_to_copy,"[[51],[],[],[],[],[],[]]","[""bool"",""Scalar"","""","""","""",""Scalar"",""""]",3
aten::_to_copy,"[[53],[],[],[],[],[],[]]","[""bool"",""Scalar"","""","""","""",""Scalar"",""""]",3
aten::_to_copy,"[[55],[],[],[],[],[],[]]","[""bool"",""Scalar"","""","""","""",""Scalar"",""""]",3
aten::_to_copy,"[[57],[],[],[],[],[],[]]","[""bool"",""Scalar"","""","""","""",""Scalar"",""""]",3
aten::_to_copy,"[[59],[],[],[],[],[],[]]","[""bool"",""Scalar"","""","""","""",""Scalar"",""""]",3
aten::_to_copy,"[[5],[],[],[],[],[],[]]","[""bool"",""Scalar"","""","""","""",""Scalar"",""""]",3
aten::_to_copy,"[[61],[],[],[],[],[],[]]","[""bool"",""Scalar"","""","""","""",""Scalar"",""""]",3
aten::_to_copy,"[[63,1],[],[],[],[],[],[]]","[""int"",""Scalar"",""Scalar"","""","""",""Scalar"",""""]",3
aten::_to_copy,"[[63,248320],[],[],[],[],[],[]]","[""c10::BFloat16"",""Scalar"","""","""","""",""Scalar"",""""]",3
aten::_to_copy,"[[63],[],[],[],[],[],[]]","[""bool"",""Scalar"","""","""","""",""Scalar"",""""]",3
aten::_to_copy,"[[63],[],[],[],[],[],[]]","[""long int"",""Scalar"","""","""","""",""Scalar"",""""]",3
aten::_to_copy,"[[64,2],[],[],[],[],[],[]]","[""int"",""Scalar"",""Scalar"","""","""",""Scalar"",""""]",3
aten::_to_copy,"[[79,2],[],[],[],[],[],[]]","[""int"",""Scalar"",""Scalar"","""","""",""Scalar"",""""]",3
aten::_to_copy,"[[79,2],[],[],[],[],[],[]]","[""long int"",""Scalar"","""","""","""",""Scalar"",""""]",3
aten::_to_copy,"[[79],[],[],[],[],[],[]]","[""bool"",""Scalar"","""","""","""",""Scalar"",""""]",3
aten::_to_copy,"[[7],[],[],[],[],[],[]]","[""bool"",""Scalar"","""","""","""",""Scalar"",""""]",3
aten::_to_copy,"[[9],[],[],[],[],[],[]]","[""bool"",""Scalar"","""","""","""",""Scalar"",""""]",3
aten::_unsafe_view,"[[63,2,124160],[]]","[""c10::BFloat16"",""ScalarList""]",3
aten::add,"[[63],[63],[],[63]]","[""int"",""int"",""Scalar"",""int""]",3
aten::add,"[[63],[63],[]]","[""int"",""int"",""Scalar""]",3
aten::alias,"[[63,248320]]","[""c10::BFloat16""]",3
aten::any,[[11]],"[""bool""]",3
aten::any,[[13]],"[""bool""]",3
aten::any,[[15]],"[""bool""]",3
aten::any,[[17]],"[""bool""]",3
aten::any,[[19]],"[""bool""]",3
aten::any,[[21]],"[""bool""]",3
aten::any,[[23]],"[""bool""]",3
aten::any,[[25]],"[""bool""]",3
aten::any,[[27]],"[""bool""]",3
aten::any,[[29]],"[""bool""]",3
aten::any,[[31]],"[""bool""]",3
aten::any,[[33]],"[""bool""]",3
aten::any,[[35]],"[""bool""]",3
aten::any,[[37]],"[""bool""]",3
aten::any,[[39]],"[""bool""]",3
aten::any,[[3]],"[""bool""]",3
aten::any,[[41]],"[""bool""]",3
aten::any,[[43]],"[""bool""]",3
aten::any,[[45]],"[""bool""]",3
aten::any,[[47]],"[""bool""]",3
aten::any,[[49]],"[""bool""]",3
aten::any,[[51]],"[""bool""]",3
aten::any,[[53]],"[""bool""]",3
aten::any,[[55]],"[""bool""]",3
aten::any,[[57]],"[""bool""]",3
aten::any,[[59]],"[""bool""]",3
aten::any,[[5]],"[""bool""]",3
aten::any,[[61]],"[""bool""]",3
aten::any,[[63]],"[""bool""]",3
aten::any,[[64]],"[""bool""]",3
aten::any,[[7]],"[""bool""]",3
aten::any,[[9]],"[""bool""]",3
aten::argmax,"[[11],[],[]]","[""int"",""Scalar"",""Scalar""]",3
aten::argmax,"[[13],[],[]]","[""int"",""Scalar"",""Scalar""]",3
aten::argmax,"[[15],[],[]]","[""int"",""Scalar"",""Scalar""]",3
aten::argmax,"[[17],[],[]]","[""int"",""Scalar"",""Scalar""]",3
aten::argmax,"[[19],[],[]]","[""int"",""Scalar"",""Scalar""]",3
aten::argmax,"[[21],[],[]]","[""int"",""Scalar"",""Scalar""]",3
aten::argmax,"[[23],[],[]]","[""int"",""Scalar"",""Scalar""]",3
aten::argmax,"[[25],[],[]]","[""int"",""Scalar"",""Scalar""]",3
aten::argmax,"[[27],[],[]]","[""int"",""Scalar"",""Scalar""]",3
aten::argmax,"[[29],[],[]]","[""int"",""Scalar"",""Scalar""]",3
aten::argmax,"[[31],[],[]]","[""int"",""Scalar"",""Scalar""]",3
aten::argmax,"[[33],[],[]]","[""int"",""Scalar"",""Scalar""]",3
aten::argmax,"[[35],[],[]]","[""int"",""Scalar"",""Scalar""]",3
aten::argmax,"[[37],[],[]]","[""int"",""Scalar"",""Scalar""]",3
aten::argmax,"[[39],[],[]]","[""int"",""Scalar"",""Scalar""]",3
aten::argmax,"[[3],[],[]]","[""int"",""Scalar"",""Scalar""]",3
aten::argmax,"[[41],[],[]]","[""int"",""Scalar"",""Scalar""]",3
aten::argmax,"[[43],[],[]]","[""int"",""Scalar"",""Scalar""]",3
aten::argmax,"[[45],[],[]]","[""int"",""Scalar"",""Scalar""]",3
aten::argmax,"[[47],[],[]]","[""int"",""Scalar"",""Scalar""]",3
aten::argmax,"[[49],[],[]]","[""int"",""Scalar"",""Scalar""]",3
aten::argmax,"[[51],[],[]]","[""int"",""Scalar"",""Scalar""]",3
aten::argmax,"[[53],[],[]]","[""int"",""Scalar"",""Scalar""]",3
aten::argmax,"[[55],[],[]]","[""int"",""Scalar"",""Scalar""]",3
aten::argmax,"[[57],[],[]]","[""int"",""Scalar"",""Scalar""]",3
aten::argmax,"[[59],[],[]]","[""int"",""Scalar"",""Scalar""]",3
aten::argmax,"[[5],[],[]]","[""int"",""Scalar"",""Scalar""]",3
aten::argmax,"[[61],[],[]]","[""int"",""Scalar"",""Scalar""]",3
aten::argmax,"[[63,248320],[],[]]","[""float"",""Scalar"",""Scalar""]",3
aten::argmax,"[[63],[],[]]","[""int"",""Scalar"",""Scalar""]",3
aten::argmax,"[[64],[],[]]","[""int"",""Scalar"",""Scalar""]",3
aten::argmax,"[[7],[],[]]","[""int"",""Scalar"",""Scalar""]",3
aten::argmax,"[[9],[],[]]","[""int"",""Scalar"",""Scalar""]",3
aten::as_strided,"[[10,1],[],[],[]]","[""int"",""ScalarList"",""ScalarList"",""Scalar""]",3
aten::as_strided,"[[1025],[],[],[]]","[""long int"",""ScalarList"",""ScalarList"",""""]",3
aten::as_strided,"[[1027],[],[],[]]","[""long int"",""ScalarList"",""ScalarList"",""""]",3
aten::as_strided,"[[1029],[],[],[]]","[""long int"",""ScalarList"",""ScalarList"",""""]",3
aten::as_strided,"[[1030],[],[],[]]","[""long int"",""ScalarList"",""ScalarList"",""""]",3
aten::as_strided,"[[1032],[],[],[]]","[""long int"",""ScalarList"",""ScalarList"",""""]",3
aten::as_strided,"[[1034],[],[],[]]","[""long int"",""ScalarList"",""ScalarList"",""""]",3
aten::as_strided,"[[1035],[],[],[]]","[""long int"",""ScalarList"",""ScalarList"",""""]",3
aten::as_strided,"[[1037],[],[],[]]","[""long int"",""ScalarList"",""ScalarList"",""""]",3
aten::as_strided,"[[1039],[],[],[]]","[""long int"",""ScalarList"",""ScalarList"",""""]",3
aten::as_strided,"[[1041],[],[],[]]","[""long int"",""ScalarList"",""ScalarList"",""""]",3
aten::as_strided,"[[1043],[],[],[]]","[""long int"",""ScalarList"",""ScalarList"",""""]",3
aten::as_strided,"[[1044],[],[],[]]","[""long int"",""ScalarList"",""ScalarList"",""""]",3
aten::as_strided,"[[1046],[],[],[]]","[""long int"",""ScalarList"",""ScalarList"",""""]",3
aten::as_strided,"[[1048],[],[],[]]","[""long int"",""ScalarList"",""ScalarList"",""""]",3
aten::as_strided,"[[1049],[],[],[]]","[""long int"",""ScalarList"",""ScalarList"",""""]",3
aten::as_strided,"[[1051],[],[],[]]","[""long int"",""ScalarList"",""ScalarList"",""""]",3
aten::as_strided,"[[1053],[],[],[]]","[""long int"",""ScalarList"",""ScalarList"",""""]",3
aten::as_strided,"[[1055],[],[],[]]","[""long int"",""ScalarList"",""ScalarList"",""""]",3
aten::as_strided,"[[1057],[],[],[]]","[""long int"",""ScalarList"",""ScalarList"",""""]",3
aten::as_strided,"[[1058],[],[],[]]","[""long int"",""ScalarList"",""ScalarList"",""""]",3
aten::as_strided,"[[1060],[],[],[]]","[""long int"",""ScalarList"",""ScalarList"",""""]",3
aten::as_strided,"[[1062],[],[],[]]","[""long int"",""ScalarList"",""ScalarList"",""""]",3
aten::as_strided,"[[1063],[],[],[]]","[""long int"",""ScalarList"",""ScalarList"",""""]",3
aten::as_strided,"[[1065],[],[],[]]","[""long int"",""ScalarList"",""ScalarList"",""""]",3
aten::as_strided,"[[1067],[],[],[]]","[""long int"",""ScalarList"",""ScalarList"",""""]",3
aten::as_strided,"[[1069],[],[],[]]","[""long int"",""ScalarList"",""ScalarList"",""""]",3
aten::as_strided,"[[1071],[],[],[]]","[""long int"",""ScalarList"",""ScalarList"",""""]",3
aten::as_strided,"[[1072],[],[],[]]","[""long int"",""ScalarList"",""ScalarList"",""""]",3
aten::as_strided,"[[1074],[],[],[]]","[""long int"",""ScalarList"",""ScalarList"",""""]",3
aten::as_strided,"[[1076],[],[],[]]","[""long int"",""ScalarList"",""ScalarList"",""""]",3
aten::as_strided,"[[1077],[],[],[]]","[""long int"",""ScalarList"",""ScalarList"",""""]",3
aten::as_strided,"[[12,1],[],[],[]]","[""int"",""ScalarList"",""ScalarList"",""Scalar""]",3
aten::as_strided,"[[14,1],[],[],[]]","[""int"",""ScalarList"",""ScalarList"",""Scalar""]",3
aten::as_strided,"[[18,1],[],[],[]]","[""int"",""ScalarList"",""ScalarList"",""Scalar""]",3
aten::as_strided,"[[2,63,124160],[],[],[]]","[""c10::BFloat16"",""ScalarList"",""ScalarList"",""""]",3
aten::as_strided,"[[20,1],[],[],[]]","[""int"",""ScalarList"",""ScalarList"",""Scalar""]",3
aten::as_strided,"[[22,1],[],[],[]]","[""int"",""ScalarList"",""ScalarList"",""Scalar""]",3
aten::as_strided,"[[24,1],[],[],[]]","[""int"",""ScalarList"",""ScalarList"",""Scalar""]",3
aten::as_strided,"[[26,1],[],[],[]]","[""int"",""ScalarList"",""ScalarList"",""Scalar""]",3
aten::as_strided,"[[28,1],[],[],[]]","[""int"",""ScalarList"",""ScalarList"",""Scalar""]",3
aten::as_strided,"[[30,1],[],[],[]]","[""int"",""ScalarList"",""ScalarList"",""Scalar""]",3
aten::as_strided,"[[512],[],[],[]]","[""long int"",""ScalarList"",""ScalarList"",""""]",3
aten::as_strided,"[[6,1],[],[],[]]","[""int"",""ScalarList"",""ScalarList"",""Scalar""]",3
aten::as_strided,"[[63,1],[],[],[]]","[""long int"",""ScalarList"",""ScalarList"",""""]",3
aten::as_strided,"[[63,248320],[],[],[]]","[""c10::BFloat16"",""ScalarList"",""ScalarList"",""Scalar""]",3
aten::as_strided,"[[691],[],[],[]]","[""long int"",""ScalarList"",""ScalarList"",""""]",3
aten::as_strided,"[[79,2],[],[],[]]","[""long int"",""ScalarList"",""ScalarList"",""Scalar""]",3
aten::cat,"[[[10],[64],[54]],[]]","[""TensorList"",""Scalar""]",3
aten::cat,"[[[11],[64],[53]],[]]","[""TensorList"",""Scalar""]",3
aten::cat,"[[[11],[64],[54]],[]]","[""TensorList"",""Scalar""]",3
aten::cat,"[[[12],[64],[52]],[]]","[""TensorList"",""Scalar""]",3
aten::cat,"[[[13],[64],[51]],[]]","[""TensorList"",""Scalar""]",3
aten::cat,"[[[14],[64],[50]],[]]","[""TensorList"",""Scalar""]",3
aten::cat,"[[[15],[64]],[]]","[""TensorList"",""Scalar""]",3
aten::cat,"[[[1],[64],[63]],[]]","[""TensorList"",""Scalar""]",3
aten::cat,"[[[2],[64],[62]],[]]","[""TensorList"",""Scalar""]",3
aten::cat,"[[[3],[64],[61]],[]]","[""TensorList"",""Scalar""]",3
aten::cat,"[[[4],[64],[60]],[]]","[""TensorList"",""Scalar""]",3
aten::cat,"[[[4],[64],[61]],[]]","[""TensorList"",""Scalar""]",3
aten::cat,"[[[5],[64],[59]],[]]","[""TensorList"",""Scalar""]",3
aten::cat,"[[[5],[64],[60]],[]]","[""TensorList"",""Scalar""]",3
aten::cat,"[[[6],[64],[58]],[]]","[""TensorList"",""Scalar""]",3
aten::cat,"[[[6],[64],[59]],[]]","[""TensorList"",""Scalar""]",3
aten::cat,"[[[79,1],[79,1]],[]]","[""TensorList"",""Scalar""]",3
aten::cat,"[[[7],[64],[57]],[]]","[""TensorList"",""Scalar""]",3
aten::cat,"[[[8],[64],[56]],[]]","[""TensorList"",""Scalar""]",3
aten::cat,"[[[8],[64],[57]],[]]","[""TensorList"",""Scalar""]",3
aten::cat,"[[[9],[64],[55]],[]]","[""TensorList"",""Scalar""]",3
aten::clone,"[[63,2,124160],[]]","[""c10::BFloat16"",""Scalar""]",3
aten::copy_,"[[1025],[1025],[]]","[""int"",""int"",""Scalar""]",3
aten::copy_,"[[1027],[1027],[]]","[""int"",""int"",""Scalar""]",3
aten::copy_,"[[1029],[1029],[]]","[""int"",""int"",""Scalar""]",3
aten::copy_,"[[1030],[1030],[]]","[""int"",""int"",""Scalar""]",3
aten::copy_,"[[1032],[1032],[]]","[""int"",""int"",""Scalar""]",3
aten::copy_,"[[1034],[1034],[]]","[""int"",""int"",""Scalar""]",3
aten::copy_,"[[1035],[1035],[]]","[""int"",""int"",""Scalar""]",3
aten::copy_,"[[1037],[1037],[]]","[""int"",""int"",""Scalar""]",3
aten::copy_,"[[1039],[1039],[]]","[""int"",""int"",""Scalar""]",3
aten::copy_,"[[1041],[1041],[]]","[""int"",""int"",""Scalar""]",3
aten::copy_,"[[1043],[1043],[]]","[""int"",""int"",""Scalar""]",3
aten::copy_,"[[1044],[1044],[]]","[""int"",""int"",""Scalar""]",3
aten::copy_,"[[1046],[1046],[]]","[""int"",""int"",""Scalar""]",3
aten::copy_,"[[1048],[1048],[]]","[""int"",""int"",""Scalar""]",3
aten::copy_,"[[1049],[1049],[]]","[""int"",""int"",""Scalar""]",3
aten::copy_,"[[1051],[1051],[]]","[""int"",""int"",""Scalar""]",3
aten::copy_,"[[1053],[1053],[]]","[""int"",""int"",""Scalar""]",3
aten::copy_,"[[1055],[1055],[]]","[""int"",""int"",""Scalar""]",3
aten::copy_,"[[1057],[1057],[]]","[""int"",""int"",""Scalar""]",3
aten::copy_,"[[1058],[1058],[]]","[""int"",""int"",""Scalar""]",3
aten::copy_,"[[1060],[1060],[]]","[""int"",""int"",""Scalar""]",3
aten::copy_,"[[1062],[1062],[]]","[""int"",""int"",""Scalar""]",3
aten::copy_,"[[1063],[1063],[]]","[""int"",""int"",""Scalar""]",3
aten::copy_,"[[1065],[1065],[]]","[""int"",""int"",""Scalar""]",3
aten::copy_,"[[1067],[1067],[]]","[""int"",""int"",""Scalar""]",3
aten::copy_,"[[1069],[1069],[]]","[""int"",""int"",""Scalar""]",3
aten::copy_,"[[1071],[1071],[]]","[""int"",""int"",""Scalar""]",3
aten::copy_,"[[1072],[1072],[]]","[""int"",""int"",""Scalar""]",3
aten::copy_,"[[1074],[1074],[]]","[""int"",""int"",""Scalar""]",3
aten::copy_,"[[1076],[1076],[]]","[""int"",""int"",""Scalar""]",3
aten::copy_,"[[1077],[1077],[]]","[""int"",""int"",""Scalar""]",3
aten::copy_,"[[10],[10],[]]","[""long int"",""long int"",""Scalar""]",3
aten::copy_,"[[11],[11],[]]","[""int"",""bool"",""Scalar""]",3
aten::copy_,"[[11],[11],[]]","[""int"",""int"",""Scalar""]",3
aten::copy_,"[[12],[12],[]]","[""long int"",""long int"",""Scalar""]",3
aten::copy_,"[[13],[13],[]]","[""int"",""bool"",""Scalar""]",3
aten::copy_,"[[13],[13],[]]","[""int"",""int"",""Scalar""]",3
aten::copy_,"[[14],[14],[]]","[""long int"",""long int"",""Scalar""]",3
aten::copy_,"[[15],[15],[]]","[""int"",""bool"",""Scalar""]",3
aten::copy_,"[[15],[15],[]]","[""int"",""int"",""Scalar""]",3
aten::copy_,"[[16],[16],[]]","[""long int"",""long int"",""Scalar""]",3
aten::copy_,"[[17],[17],[]]","[""int"",""bool"",""Scalar""]",3
aten::copy_,"[[18],[18],[]]","[""long int"",""long int"",""Scalar""]",3
aten::copy_,"[[19],[19],[]]","[""int"",""bool"",""Scalar""]",3
aten::copy_,"[[19],[19],[]]","[""int"",""int"",""Scalar""]",3
aten::copy_,"[[1],[1],[]]","[""long int"",""long int"",""Scalar""]",3
aten::copy_,"[[20],[20],[]]","[""long int"",""long int"",""Scalar""]",3
aten::copy_,"[[21],[21],[]]","[""int"",""bool"",""Scalar""]",3
aten::copy_,"[[21],[21],[]]","[""int"",""int"",""Scalar""]",3
aten::copy_,"[[22],[22],[]]","[""long int"",""long int"",""Scalar""]",3
aten::copy_,"[[23],[23],[]]","[""int"",""bool"",""Scalar""]",3
aten::copy_,"[[23],[23],[]]","[""int"",""int"",""Scalar""]",3
aten::copy_,"[[24],[24],[]]","[""long int"",""long int"",""Scalar""]",3
aten::copy_,"[[25],[25],[]]","[""int"",""bool"",""Scalar""]",3
aten::copy_,"[[25],[25],[]]","[""int"",""int"",""Scalar""]",3
aten::copy_,"[[26],[26],[]]","[""long int"",""long int"",""Scalar""]",3
aten::copy_,"[[27],[27],[]]","[""int"",""bool"",""Scalar""]",3
aten::copy_,"[[27],[27],[]]","[""int"",""int"",""Scalar""]",3
aten::copy_,"[[28],[28],[]]","[""long int"",""long int"",""Scalar""]",3
aten::copy_,"[[29],[29],[]]","[""int"",""bool"",""Scalar""]",3
aten::copy_,"[[29],[29],[]]","[""int"",""int"",""Scalar""]",3
aten::copy_,"[[30],[30],[]]","[""long int"",""long int"",""Scalar""]",3
aten::copy_,"[[31],[31],[]]","[""int"",""bool"",""Scalar""]",3
aten::copy_,"[[31],[31],[]]","[""int"",""int"",""Scalar""]",3
aten::copy_,"[[33],[33],[]]","[""int"",""bool"",""Scalar""]",3
aten::copy_,"[[35],[35],[]]","[""int"",""bool"",""Scalar""]",3
aten::copy_,"[[35],[35],[]]","[""int"",""int"",""Scalar""]",3
aten::copy_,"[[37],[37],[]]","[""int"",""bool"",""Scalar""]",3
aten::copy_,"[[37],[37],[]]","[""int"",""int"",""Scalar""]",3
aten::copy_,"[[39],[39],[]]","[""int"",""bool"",""Scalar""]",3
aten::copy_,"[[39],[39],[]]","[""int"",""int"",""Scalar""]",3
aten::copy_,"[[3],[3],[]]","[""int"",""bool"",""Scalar""]",3
aten::copy_,"[[4096],[4096],[]]","[""long int"",""long int"",""Scalar""]",3
aten::copy_,"[[41],[41],[]]","[""int"",""bool"",""Scalar""]",3
aten::copy_,"[[41],[41],[]]","[""int"",""int"",""Scalar""]",3
aten::copy_,"[[43],[43],[]]","[""int"",""bool"",""Scalar""]",3
aten::copy_,"[[43],[43],[]]","[""int"",""int"",""Scalar""]",3
aten::copy_,"[[45],[45],[]]","[""int"",""bool"",""Scalar""]",3
aten::copy_,"[[45],[45],[]]","[""int"",""int"",""Scalar""]",3
aten::copy_,"[[47],[47],[]]","[""int"",""bool"",""Scalar""]",3
aten::copy_,"[[47],[47],[]]","[""int"",""int"",""Scalar""]",3
aten::copy_,"[[49],[49],[]]","[""int"",""bool"",""Scalar""]",3
aten::copy_,"[[49],[49],[]]","[""int"",""int"",""Scalar""]",3
aten::copy_,"[[4],[],[]]","[""bool"",""bool"",""Scalar""]",3
aten::copy_,"[[5089],[5089],[]]","[""long int"",""long int"",""Scalar""]",3
aten::copy_,"[[512],[512],[]]","[""int"",""int"",""Scalar""]",3
aten::copy_,"[[51],[51],[]]","[""int"",""bool"",""Scalar""]",3
aten::copy_,"[[51],[51],[]]","[""int"",""int"",""Scalar""]",3
aten::copy_,"[[53],[53],[]]","[""int"",""bool"",""Scalar""]",3
aten::copy_,"[[53],[53],[]]","[""int"",""int"",""Scalar""]",3
aten::copy_,"[[55],[55],[]]","[""int"",""bool"",""Scalar""]",3
aten::copy_,"[[55],[55],[]]","[""int"",""int"",""Scalar""]",3
aten::copy_,"[[57],[57],[]]","[""int"",""bool"",""Scalar""]",3
aten::copy_,"[[57],[57],[]]","[""int"",""int"",""Scalar""]",3
aten::copy_,"[[59],[59],[]]","[""int"",""bool"",""Scalar""]",3
aten::copy_,"[[59],[59],[]]","[""int"",""int"",""Scalar""]",3
aten::copy_,"[[5],[5],[]]","[""int"",""bool"",""Scalar""]",3
aten::copy_,"[[61],[61],[]]","[""int"",""bool"",""Scalar""]",3
aten::copy_,"[[61],[61],[]]","[""int"",""int"",""Scalar""]",3
aten::copy_,"[[63,2,124160],[63,2,124160],[]]","[""c10::BFloat16"",""c10::BFloat16"",""Scalar""]",3
aten::copy_,"[[63,248320],[63,248320],[]]","[""float"",""c10::BFloat16"",""Scalar""]",3
aten::copy_,"[[63,32],[63,32],[]]","[""int"",""int"",""Scalar""]",3
aten::copy_,"[[63],[63],[]]","[""bool"",""bool"",""Scalar""]",3
aten::copy_,"[[63],[63],[]]","[""int"",""bool"",""Scalar""]",3
aten::copy_,"[[63],[63],[]]","[""int"",""long int"",""Scalar""]",3
aten::copy_,"[[64],[64],[]]","[""int"",""bool"",""Scalar""]",3
aten::copy_,"[[691],[691],[]]","[""int"",""int"",""Scalar""]",3
aten::copy_,"[[6],[6],[]]","[""long int"",""long int"",""Scalar""]",3
aten::copy_,"[[6],[],[]]","[""bool"",""bool"",""Scalar""]",3
aten::copy_,"[[79,2],[79,2],[]]","[""int"",""long int"",""Scalar""]",3
aten::copy_,"[[79],[79],[]]","[""long int"",""bool"",""Scalar""]",3
aten::copy_,"[[7],[7],[]]","[""int"",""bool"",""Scalar""]",3
aten::copy_,"[[7],[7],[]]","[""int"",""int"",""Scalar""]",3
aten::copy_,"[[8],[8],[]]","[""long int"",""long int"",""Scalar""]",3
aten::copy_,"[[9],[9],[]]","[""int"",""bool"",""Scalar""]",3
aten::cumsum,"[[79],[],[]]","[""bool"",""Scalar"",""""]",3
aten::detach_,[[1025]],"[""int""]",3
aten::detach_,[[1027]],"[""int""]",3
aten::detach_,[[1029]],"[""int""]",3
aten::detach_,[[1030]],"[""int""]",3
aten::detach_,[[1032]],"[""int""]",3
aten::detach_,[[1034]],"[""int""]",3
aten::detach_,[[1035]],"[""int""]",3
aten::detach_,[[1037]],"[""int""]",3
aten::detach_,[[1039]],"[""int""]",3
aten::detach_,[[1041]],"[""int""]",3
aten::detach_,[[1043]],"[""int""]",3
aten::detach_,[[1044]],"[""int""]",3
aten::detach_,[[1046]],"[""int""]",3
aten::detach_,[[1048]],"[""int""]",3
aten::detach_,[[1049]],"[""int""]",3
aten::detach_,[[1051]],"[""int""]",3
aten::detach_,[[1053]],"[""int""]",3
aten::detach_,[[1055]],"[""int""]",3
aten::detach_,[[1057]],"[""int""]",3
aten::detach_,[[1058]],"[""int""]",3
aten::detach_,[[1060]],"[""int""]",3
aten::detach_,[[1062]],"[""int""]",3
aten::detach_,[[1063]],"[""int""]",3
aten::detach_,[[1065]],"[""int""]",3
aten::detach_,[[1067]],"[""int""]",3
aten::detach_,[[1069]],"[""int""]",3
aten::detach_,[[1071]],"[""int""]",3
aten::detach_,[[1072]],"[""int""]",3
aten::detach_,[[1074]],"[""int""]",3
aten::detach_,[[1076]],"[""int""]",3
aten::detach_,[[1077]],"[""int""]",3
aten::detach_,[[512]],"[""int""]",3
aten::detach_,[[691]],"[""int""]",3
aten::diff,"[[10],[],[],[],[]]","[""int"",""Scalar"",""Scalar"","""",""""]",3
aten::diff,"[[12],[],[],[],[]]","[""int"",""Scalar"",""Scalar"","""",""""]",3
aten::diff,"[[14],[],[],[],[]]","[""int"",""Scalar"",""Scalar"","""",""""]",3
aten::diff,"[[16],[],[],[],[]]","[""int"",""Scalar"",""Scalar"","""",""""]",3
aten::diff,"[[18],[],[],[],[]]","[""int"",""Scalar"",""Scalar"","""",""""]",3
aten::diff,"[[20],[],[],[],[]]","[""int"",""Scalar"",""Scalar"","""",""""]",3
aten::diff,"[[22],[],[],[],[]]","[""int"",""Scalar"",""Scalar"","""",""""]",3
aten::diff,"[[24],[],[],[],[]]","[""int"",""Scalar"",""Scalar"","""",""""]",3
aten::diff,"[[26],[],[],[],[]]","[""int"",""Scalar"",""Scalar"","""",""""]",3
aten::diff,"[[28],[],[],[],[]]","[""int"",""Scalar"",""Scalar"","""",""""]",3
aten::diff,"[[2],[],[],[],[]]","[""int"",""Scalar"",""Scalar"","""",""""]",3
aten::diff,"[[30],[],[],[],[]]","[""int"",""Scalar"",""Scalar"","""",""""]",3
aten::diff,"[[32],[],[],[],[]]","[""int"",""Scalar"",""Scalar"","""",""""]",3
aten::diff,"[[34],[],[],[],[]]","[""int"",""Scalar"",""Scalar"","""",""""]",3
aten::diff,"[[36],[],[],[],[]]","[""int"",""Scalar"",""Scalar"","""",""""]",3
aten::diff,"[[38],[],[],[],[]]","[""int"",""Scalar"",""Scalar"","""",""""]",3
aten::diff,"[[40],[],[],[],[]]","[""int"",""Scalar"",""Scalar"","""",""""]",3
aten::diff,"[[42],[],[],[],[]]","[""int"",""Scalar"",""Scalar"","""",""""]",3
aten::diff,"[[44],[],[],[],[]]","[""int"",""Scalar"",""Scalar"","""",""""]",3
aten::diff,"[[46],[],[],[],[]]","[""int"",""Scalar"",""Scalar"","""",""""]",3
aten::diff,"[[48],[],[],[],[]]","[""int"",""Scalar"",""Scalar"","""",""""]",3
aten::diff,"[[4],[],[],[],[]]","[""int"",""Scalar"",""Scalar"","""",""""]",3
aten::diff,"[[50],[],[],[],[]]","[""int"",""Scalar"",""Scalar"","""",""""]",3
aten::diff,"[[52],[],[],[],[]]","[""int"",""Scalar"",""Scalar"","""",""""]",3
aten::diff,"[[54],[],[],[],[]]","[""int"",""Scalar"",""Scalar"","""",""""]",3
aten::diff,"[[56],[],[],[],[]]","[""int"",""Scalar"",""Scalar"","""",""""]",3
aten::diff,"[[58],[],[],[],[]]","[""int"",""Scalar"",""Scalar"","""",""""]",3
aten::diff,"[[60],[],[],[],[]]","[""int"",""Scalar"",""Scalar"","""",""""]",3
aten::diff,"[[62],[],[],[],[]]","[""int"",""Scalar"",""Scalar"","""",""""]",3
aten::diff,"[[64],[],[],[],[]]","[""int"",""Scalar"",""Scalar"","""",""""]",3
aten::diff,"[[65],[],[],[],[]]","[""int"",""Scalar"",""Scalar"","""",""""]",3
aten::diff,"[[6],[],[],[],[]]","[""int"",""Scalar"",""Scalar"","""",""""]",3
aten::diff,"[[8],[],[],[],[]]","[""int"",""Scalar"",""Scalar"","""",""""]",3
aten::empty_like,"[[1025],[],[],[],[],[]]","[""int"",""Scalar"","""","""","""",""Scalar""]",3
aten::empty_like,"[[1027],[],[],[],[],[]]","[""int"",""Scalar"","""","""","""",""Scalar""]",3
aten::empty_like,"[[1029],[],[],[],[],[]]","[""int"",""Scalar"","""","""","""",""Scalar""]",3
aten::empty_like,"[[1030],[],[],[],[],[]]","[""int"",""Scalar"","""","""","""",""Scalar""]",3
aten::empty_like,"[[1032],[],[],[],[],[]]","[""int"",""Scalar"","""","""","""",""Scalar""]",3
aten::empty_like,"[[1034],[],[],[],[],[]]","[""int"",""Scalar"","""","""","""",""Scalar""]",3
aten::empty_like,"[[1035],[],[],[],[],[]]","[""int"",""Scalar"","""","""","""",""Scalar""]",3
aten::empty_like,"[[1037],[],[],[],[],[]]","[""int"",""Scalar"","""","""","""",""Scalar""]",3
aten::empty_like,"[[1039],[],[],[],[],[]]","[""int"",""Scalar"","""","""","""",""Scalar""]",3
aten::empty_like,"[[1041],[],[],[],[],[]]","[""int"",""Scalar"","""","""","""",""Scalar""]",3
aten::empty_like,"[[1043],[],[],[],[],[]]","[""int"",""Scalar"","""","""","""",""Scalar""]",3
aten::empty_like,"[[1044],[],[],[],[],[]]","[""int"",""Scalar"","""","""","""",""Scalar""]",3
aten::empty_like,"[[1046],[],[],[],[],[]]","[""int"",""Scalar"","""","""","""",""Scalar""]",3
aten::empty_like,"[[1048],[],[],[],[],[]]","[""int"",""Scalar"","""","""","""",""Scalar""]",3
aten::empty_like,"[[1049],[],[],[],[],[]]","[""int"",""Scalar"","""","""","""",""Scalar""]",3
aten::empty_like,"[[1051],[],[],[],[],[]]","[""int"",""Scalar"","""","""","""",""Scalar""]",3
aten::empty_like,"[[1053],[],[],[],[],[]]","[""int"",""Scalar"","""","""","""",""Scalar""]",3
aten::empty_like,"[[1055],[],[],[],[],[]]","[""int"",""Scalar"","""","""","""",""Scalar""]",3
aten::empty_like,"[[1057],[],[],[],[],[]]","[""int"",""Scalar"","""","""","""",""Scalar""]",3
aten::empty_like,"[[1058],[],[],[],[],[]]","[""int"",""Scalar"","""","""","""",""Scalar""]",3
aten::empty_like,"[[1060],[],[],[],[],[]]","[""int"",""Scalar"","""","""","""",""Scalar""]",3
aten::empty_like,"[[1062],[],[],[],[],[]]","[""int"",""Scalar"","""","""","""",""Scalar""]",3
aten::empty_like,"[[1063],[],[],[],[],[]]","[""int"",""Scalar"","""","""","""",""Scalar""]",3
aten::empty_like,"[[1065],[],[],[],[],[]]","[""int"",""Scalar"","""","""","""",""Scalar""]",3
aten::empty_like,"[[1067],[],[],[],[],[]]","[""int"",""Scalar"","""","""","""",""Scalar""]",3
aten::empty_like,"[[1069],[],[],[],[],[]]","[""int"",""Scalar"","""","""","""",""Scalar""]",3
aten::empty_like,"[[1071],[],[],[],[],[]]","[""int"",""Scalar"","""","""","""",""Scalar""]",3
aten::empty_like,"[[1072],[],[],[],[],[]]","[""int"",""Scalar"","""","""","""",""Scalar""]",3
aten::empty_like,"[[1074],[],[],[],[],[]]","[""int"",""Scalar"","""","""","""",""Scalar""]",3
aten::empty_like,"[[1076],[],[],[],[],[]]","[""int"",""Scalar"","""","""","""",""Scalar""]",3
aten::empty_like,"[[1077],[],[],[],[],[]]","[""int"",""Scalar"","""","""","""",""Scalar""]",3
aten::empty_like,"[[512],[],[],[],[],[]]","[""int"",""Scalar"","""","""","""",""Scalar""]",3
aten::empty_like,"[[63,2,124160],[],[],[],[],[]]","[""c10::BFloat16"",""Scalar"",""Scalar"","""","""",""Scalar""]",3
aten::empty_like,"[[691],[],[],[],[],[]]","[""int"",""Scalar"","""","""","""",""Scalar""]",3
aten::eq,"[[79],[]]","[""long int"",""Scalar""]",3
aten::expand,"[[1025],[],[]]","[""long int"",""ScalarList"",""Scalar""]",3
aten::expand,"[[1027],[],[]]","[""long int"",""ScalarList"",""Scalar""]",3
aten::expand,"[[1029],[],[]]","[""long int"",""ScalarList"",""Scalar""]",3
aten::expand,"[[1030],[],[]]","[""long int"",""ScalarList"",""Scalar""]",3
aten::expand,"[[1032],[],[]]","[""long int"",""ScalarList"",""Scalar""]",3
aten::expand,"[[1034],[],[]]","[""long int"",""ScalarList"",""Scalar""]",3
aten::expand,"[[1035],[],[]]","[""long int"",""ScalarList"",""Scalar""]",3
aten::expand,"[[1037],[],[]]","[""long int"",""ScalarList"",""Scalar""]",3
aten::expand,"[[1039],[],[]]","[""long int"",""ScalarList"",""Scalar""]",3
aten::expand,"[[1041],[],[]]","[""long int"",""ScalarList"",""Scalar""]",3
aten::expand,"[[1043],[],[]]","[""long int"",""ScalarList"",""Scalar""]",3
aten::expand,"[[1044],[],[]]","[""long int"",""ScalarList"",""Scalar""]",3
aten::expand,"[[1046],[],[]]","[""long int"",""ScalarList"",""Scalar""]",3
aten::expand,"[[1048],[],[]]","[""long int"",""ScalarList"",""Scalar""]",3
aten::expand,"[[1049],[],[]]","[""long int"",""ScalarList"",""Scalar""]",3
aten::expand,"[[1051],[],[]]","[""long int"",""ScalarList"",""Scalar""]",3
aten::expand,"[[1053],[],[]]","[""long int"",""ScalarList"",""Scalar""]",3
aten::expand,"[[1055],[],[]]","[""long int"",""ScalarList"",""Scalar""]",3
aten::expand,"[[1057],[],[]]","[""long int"",""ScalarList"",""Scalar""]",3
aten::expand,"[[1058],[],[]]","[""long int"",""ScalarList"",""Scalar""]",3
aten::expand,"[[1060],[],[]]","[""long int"",""ScalarList"",""Scalar""]",3
aten::expand,"[[1062],[],[]]","[""long int"",""ScalarList"",""Scalar""]",3
aten::expand,"[[1063],[],[]]","[""long int"",""ScalarList"",""Scalar""]",3
aten::expand,"[[1065],[],[]]","[""long int"",""ScalarList"",""Scalar""]",3
aten::expand,"[[1067],[],[]]","[""long int"",""ScalarList"",""Scalar""]",3
aten::expand,"[[1069],[],[]]","[""long int"",""ScalarList"",""Scalar""]",3
aten::expand,"[[1071],[],[]]","[""long int"",""ScalarList"",""Scalar""]",3
aten::expand,"[[1072],[],[]]","[""long int"",""ScalarList"",""Scalar""]",3
aten::expand,"[[1074],[],[]]","[""long int"",""ScalarList"",""Scalar""]",3
aten::expand,"[[1076],[],[]]","[""long int"",""ScalarList"",""Scalar""]",3
aten::expand,"[[1077],[],[]]","[""long int"",""ScalarList"",""Scalar""]",3
aten::expand,"[[512],[],[]]","[""long int"",""ScalarList"",""Scalar""]",3
aten::expand,"[[691],[],[]]","[""long int"",""ScalarList"",""Scalar""]",3
aten::expand_as,"[[1025],[1025]]","[""long int"",""int""]",3
aten::expand_as,"[[1027],[1027]]","[""long int"",""int""]",3
aten::expand_as,"[[1029],[1029]]","[""long int"",""int""]",3
aten::expand_as,"[[1030],[1030]]","[""long int"",""int""]",3
aten::expand_as,"[[1032],[1032]]","[""long int"",""int""]",3
aten::expand_as,"[[1034],[1034]]","[""long int"",""int""]",3
aten::expand_as,"[[1035],[1035]]","[""long int"",""int""]",3
aten::expand_as,"[[1037],[1037]]","[""long int"",""int""]",3
aten::expand_as,"[[1039],[1039]]","[""long int"",""int""]",3
aten::expand_as,"[[1041],[1041]]","[""long int"",""int""]",3
aten::expand_as,"[[1043],[1043]]","[""long int"",""int""]",3
aten::expand_as,"[[1044],[1044]]","[""long int"",""int""]",3
aten::expand_as,"[[1046],[1046]]","[""long int"",""int""]",3
aten::expand_as,"[[1048],[1048]]","[""long int"",""int""]",3
aten::expand_as,"[[1049],[1049]]","[""long int"",""int""]",3
aten::expand_as,"[[1051],[1051]]","[""long int"",""int""]",3
aten::expand_as,"[[1053],[1053]]","[""long int"",""int""]",3
aten::expand_as,"[[1055],[1055]]","[""long int"",""int""]",3
aten::expand_as,"[[1057],[1057]]","[""long int"",""int""]",3
aten::expand_as,"[[1058],[1058]]","[""long int"",""int""]",3
aten::expand_as,"[[1060],[1060]]","[""long int"",""int""]",3
aten::expand_as,"[[1062],[1062]]","[""long int"",""int""]",3
aten::expand_as,"[[1063],[1063]]","[""long int"",""int""]",3
aten::expand_as,"[[1065],[1065]]","[""long int"",""int""]",3
aten::expand_as,"[[1067],[1067]]","[""long int"",""int""]",3
aten::expand_as,"[[1069],[1069]]","[""long int"",""int""]",3
aten::expand_as,"[[1071],[1071]]","[""long int"",""int""]",3
aten::expand_as,"[[1072],[1072]]","[""long int"",""int""]",3
aten::expand_as,"[[1074],[1074]]","[""long int"",""int""]",3
aten::expand_as,"[[1076],[1076]]","[""long int"",""int""]",3
aten::expand_as,"[[1077],[1077]]","[""long int"",""int""]",3
aten::expand_as,"[[512],[512]]","[""long int"",""int""]",3
aten::expand_as,"[[691],[691]]","[""long int"",""int""]",3
aten::fill_,"[[16,1],[]]","[""int"",""Scalar""]",3
aten::fill_,"[[18,1],[]]","[""int"",""Scalar""]",3
aten::fill_,"[[20,1],[]]","[""int"",""Scalar""]",3
aten::fill_,"[[22,1],[]]","[""int"",""Scalar""]",3
aten::fill_,"[[24,1],[]]","[""int"",""Scalar""]",3
aten::fill_,"[[26,1],[]]","[""int"",""Scalar""]",3
aten::fill_,"[[28,1],[]]","[""int"",""Scalar""]",3
aten::fill_,"[[30,1],[]]","[""int"",""Scalar""]",3
aten::fill_,"[[4,32],[]]","[""int"",""Scalar""]",3
aten::fill_,"[[4],[]]","[""bool"",""bool""]",3
aten::fill_,"[[6,32],[]]","[""int"",""Scalar""]",3
aten::fill_,"[[6],[]]","[""bool"",""bool""]",3
aten::floor_divide,"[[11],[]]","[""int"",""long int""]",3
aten::floor_divide,"[[13],[]]","[""int"",""long int""]",3
aten::floor_divide,"[[15],[]]","[""int"",""long int""]",3
aten::floor_divide,"[[17],[]]","[""int"",""long int""]",3
aten::floor_divide,"[[19],[]]","[""int"",""long int""]",3
aten::floor_divide,"[[21],[]]","[""int"",""long int""]",3
aten::floor_divide,"[[23],[]]","[""int"",""long int""]",3
aten::floor_divide,"[[25],[]]","[""int"",""long int""]",3
aten::floor_divide,"[[27],[]]","[""int"",""long int""]",3
aten::floor_divide,"[[29],[]]","[""int"",""long int""]",3
aten::floor_divide,"[[31],[]]","[""int"",""long int""]",3
aten::floor_divide,"[[33],[]]","[""int"",""long int""]",3
aten::floor_divide,"[[35],[]]","[""int"",""long int""]",3
aten::floor_divide,"[[37],[]]","[""int"",""long int""]",3
aten::floor_divide,"[[39],[]]","[""int"",""long int""]",3
aten::floor_divide,"[[41],[]]","[""int"",""long int""]",3
aten::floor_divide,"[[43],[]]","[""int"",""long int""]",3
aten::floor_divide,"[[45],[]]","[""int"",""long int""]",3
aten::floor_divide,"[[47],[]]","[""int"",""long int""]",3
aten::floor_divide,"[[49],[]]","[""int"",""long int""]",3
aten::floor_divide,"[[51],[]]","[""int"",""long int""]",3
aten::floor_divide,"[[53],[]]","[""int"",""long int""]",3
aten::floor_divide,"[[55],[]]","[""int"",""long int""]",3
aten::floor_divide,"[[57],[]]","[""int"",""long int""]",3
aten::floor_divide,"[[59],[]]","[""int"",""long int""]",3
aten::floor_divide,"[[5],[]]","[""int"",""long int""]",3
aten::floor_divide,"[[61],[]]","[""int"",""long int""]",3
aten::floor_divide,"[[63],[]]","[""int"",""long int""]",3
aten::floor_divide,"[[64],[]]","[""int"",""long int""]",3
aten::floor_divide,"[[7],[]]","[""int"",""long int""]",3
aten::floor_divide,"[[9],[]]","[""int"",""long int""]",3
aten::gt,"[[1],[]]","[""int"",""Scalar""]",3
aten::is_pinned,"[[1025],[]]","[""long int"",""""]",3
aten::is_pinned,"[[1027],[]]","[""long int"",""""]",3
aten::is_pinned,"[[1029],[]]","[""long int"",""""]",3
aten::is_pinned,"[[1030],[]]","[""long int"",""""]",3
aten::is_pinned,"[[1032],[]]","[""long int"",""""]",3
aten::is_pinned,"[[1034],[]]","[""long int"",""""]",3
aten::is_pinned,"[[1035],[]]","[""long int"",""""]",3
aten::is_pinned,"[[1037],[]]","[""long int"",""""]",3
aten::is_pinned,"[[1039],[]]","[""long int"",""""]",3
aten::is_pinned,"[[1041],[]]","[""long int"",""""]",3
aten::is_pinned,"[[1043],[]]","[""long int"",""""]",3
aten::is_pinned,"[[1044],[]]","[""long int"",""""]",3
aten::is_pinned,"[[1046],[]]","[""long int"",""""]",3
aten::is_pinned,"[[1048],[]]","[""long int"",""""]",3
aten::is_pinned,"[[1049],[]]","[""long int"",""""]",3
aten::is_pinned,"[[1051],[]]","[""long int"",""""]",3
aten::is_pinned,"[[1053],[]]","[""long int"",""""]",3
aten::is_pinned,"[[1055],[]]","[""long int"",""""]",3
aten::is_pinned,"[[1057],[]]","[""long int"",""""]",3
aten::is_pinned,"[[1058],[]]","[""long int"",""""]",3
aten::is_pinned,"[[1060],[]]","[""long int"",""""]",3
aten::is_pinned,"[[1062],[]]","[""long int"",""""]",3
aten::is_pinned,"[[1063],[]]","[""long int"",""""]",3
aten::is_pinned,"[[1065],[]]","[""long int"",""""]",3
aten::is_pinned,"[[1067],[]]","[""long int"",""""]",3
aten::is_pinned,"[[1069],[]]","[""long int"",""""]",3
aten::is_pinned,"[[1071],[]]","[""long int"",""""]",3
aten::is_pinned,"[[1072],[]]","[""long int"",""""]",3
aten::is_pinned,"[[1074],[]]","[""long int"",""""]",3
aten::is_pinned,"[[1076],[]]","[""long int"",""""]",3
aten::is_pinned,"[[1077],[]]","[""long int"",""""]",3
aten::is_pinned,"[[2],[]]","[""long int"",""""]",3
aten::is_pinned,"[[512],[]]","[""long int"",""""]",3
aten::is_pinned,"[[64,2],[]]","[""int"",""""]",3
aten::is_pinned,"[[691],[]]","[""long int"",""""]",3
aten::is_pinned,"[[79,2],[]]","[""int"",""""]",3
aten::lift_fresh,[[1025]],"[""int""]",3
aten::lift_fresh,[[1025]],"[""long int""]",3
aten::lift_fresh,[[1027]],"[""int""]",3
aten::lift_fresh,[[1027]],"[""long int""]",3
aten::lift_fresh,[[1029]],"[""int""]",3
aten::lift_fresh,[[1029]],"[""long int""]",3
aten::lift_fresh,[[1030]],"[""int""]",3
aten::lift_fresh,[[1030]],"[""long int""]",3
aten::lift_fresh,[[1032]],"[""int""]",3
aten::lift_fresh,[[1032]],"[""long int""]",3
aten::lift_fresh,[[1034]],"[""int""]",3
aten::lift_fresh,[[1034]],"[""long int""]",3
aten::lift_fresh,[[1035]],"[""int""]",3
aten::lift_fresh,[[1035]],"[""long int""]",3
aten::lift_fresh,[[1037]],"[""int""]",3
aten::lift_fresh,[[1037]],"[""long int""]",3
aten::lift_fresh,[[1039]],"[""int""]",3
aten::lift_fresh,[[1039]],"[""long int""]",3
aten::lift_fresh,[[1041]],"[""int""]",3
aten::lift_fresh,[[1041]],"[""long int""]",3
aten::lift_fresh,[[1043]],"[""int""]",3
aten::lift_fresh,[[1043]],"[""long int""]",3
aten::lift_fresh,[[1044]],"[""int""]",3
aten::lift_fresh,[[1044]],"[""long int""]",3
aten::lift_fresh,[[1046]],"[""int""]",3
aten::lift_fresh,[[1046]],"[""long int""]",3
aten::lift_fresh,[[1048]],"[""int""]",3
aten::lift_fresh,[[1048]],"[""long int""]",3
aten::lift_fresh,[[1049]],"[""int""]",3
aten::lift_fresh,[[1049]],"[""long int""]",3
aten::lift_fresh,[[1051]],"[""int""]",3
aten::lift_fresh,[[1051]],"[""long int""]",3
aten::lift_fresh,[[1053]],"[""int""]",3
aten::lift_fresh,[[1053]],"[""long int""]",3
aten::lift_fresh,[[1055]],"[""int""]",3
aten::lift_fresh,[[1055]],"[""long int""]",3
aten::lift_fresh,[[1057]],"[""int""]",3
aten::lift_fresh,[[1057]],"[""long int""]",3
aten::lift_fresh,[[1058]],"[""int""]",3
aten::lift_fresh,[[1058]],"[""long int""]",3
aten::lift_fresh,[[1060]],"[""int""]",3
aten::lift_fresh,[[1060]],"[""long int""]",3
aten::lift_fresh,[[1062]],"[""int""]",3
aten::lift_fresh,[[1062]],"[""long int""]",3
aten::lift_fresh,[[1063]],"[""int""]",3
aten::lift_fresh,[[1063]],"[""long int""]",3
aten::lift_fresh,[[1065]],"[""int""]",3
aten::lift_fresh,[[1065]],"[""long int""]",3
aten::lift_fresh,[[1067]],"[""int""]",3
aten::lift_fresh,[[1067]],"[""long int""]",3
aten::lift_fresh,[[1069]],"[""int""]",3
aten::lift_fresh,[[1069]],"[""long int""]",3
aten::lift_fresh,[[1071]],"[""int""]",3
aten::lift_fresh,[[1071]],"[""long int""]",3
aten::lift_fresh,[[1072]],"[""int""]",3
aten::lift_fresh,[[1072]],"[""long int""]",3
aten::lift_fresh,[[1074]],"[""int""]",3
aten::lift_fresh,[[1074]],"[""long int""]",3
aten::lift_fresh,[[1076]],"[""int""]",3
aten::lift_fresh,[[1076]],"[""long int""]",3
aten::lift_fresh,[[1077]],"[""int""]",3
aten::lift_fresh,[[1077]],"[""long int""]",3
aten::lift_fresh,[[32]],"[""long int""]",3
aten::lift_fresh,[[34]],"[""long int""]",3
aten::lift_fresh,[[36]],"[""long int""]",3
aten::lift_fresh,[[38]],"[""long int""]",3
aten::lift_fresh,[[40]],"[""long int""]",3
aten::lift_fresh,[[42]],"[""long int""]",3
aten::lift_fresh,[[44]],"[""long int""]",3
aten::lift_fresh,[[46]],"[""long int""]",3
aten::lift_fresh,[[48]],"[""long int""]",3
aten::lift_fresh,[[50]],"[""long int""]",3
aten::lift_fresh,[[512]],"[""int""]",3
aten::lift_fresh,[[512]],"[""long int""]",3
aten::lift_fresh,[[52]],"[""long int""]",3
aten::lift_fresh,[[54]],"[""long int""]",3
aten::lift_fresh,[[56]],"[""long int""]",3
aten::lift_fresh,[[58]],"[""long int""]",3
aten::lift_fresh,[[60]],"[""long int""]",3
aten::lift_fresh,[[62]],"[""long int""]",3
aten::lift_fresh,[[63]],"[""int""]",3
aten::lift_fresh,[[691]],"[""int""]",3
aten::lift_fresh,[[691]],"[""long int""]",3
aten::linear,"[[63,2048],[124160,2048],[]]","[""c10::BFloat16"",""c10::BFloat16"",""""]",3
aten::movedim,"[[2,63,124160],[],[]]","[""c10::BFloat16"",""Scalar"",""Scalar""]",3
aten::movedim,"[[2,63,124160],[],[]]","[""c10::BFloat16"",""ScalarList"",""ScalarList""]",3
aten::narrow,"[[79,2],[],[],[]]","[""long int"",""Scalar"",""Scalar"",""Scalar""]",3
aten::permute,"[[2,63,124160],[]]","[""c10::BFloat16"",""ScalarList""]",3
aten::pin_memory,"[[1025],[]]","[""long int"",""""]",3
aten::pin_memory,"[[1027],[]]","[""long int"",""""]",3
aten::pin_memory,"[[1029],[]]","[""long int"",""""]",3
aten::pin_memory,"[[1030],[]]","[""long int"",""""]",3
aten::pin_memory,"[[1032],[]]","[""long int"",""""]",3
aten::pin_memory,"[[1034],[]]","[""long int"",""""]",3
aten::pin_memory,"[[1035],[]]","[""long int"",""""]",3
aten::pin_memory,"[[1037],[]]","[""long int"",""""]",3
aten::pin_memory,"[[1039],[]]","[""long int"",""""]",3
aten::pin_memory,"[[1041],[]]","[""long int"",""""]",3
aten::pin_memory,"[[1043],[]]","[""long int"",""""]",3
aten::pin_memory,"[[1044],[]]","[""long int"",""""]",3
aten::pin_memory,"[[1046],[]]","[""long int"",""""]",3
aten::pin_memory,"[[1048],[]]","[""long int"",""""]",3
aten::pin_memory,"[[1049],[]]","[""long int"",""""]",3
aten::pin_memory,"[[1051],[]]","[""long int"",""""]",3
aten::pin_memory,"[[1053],[]]","[""long int"",""""]",3
aten::pin_memory,"[[1055],[]]","[""long int"",""""]",3
aten::pin_memory,"[[1057],[]]","[""long int"",""""]",3
aten::pin_memory,"[[1058],[]]","[""long int"",""""]",3
aten::pin_memory,"[[1060],[]]","[""long int"",""""]",3
aten::pin_memory,"[[1062],[]]","[""long int"",""""]",3
aten::pin_memory,"[[1063],[]]","[""long int"",""""]",3
aten::pin_memory,"[[1065],[]]","[""long int"",""""]",3
aten::pin_memory,"[[1067],[]]","[""long int"",""""]",3
aten::pin_memory,"[[1069],[]]","[""long int"",""""]",3
aten::pin_memory,"[[1071],[]]","[""long int"",""""]",3
aten::pin_memory,"[[1072],[]]","[""long int"",""""]",3
aten::pin_memory,"[[1074],[]]","[""long int"",""""]",3
aten::pin_memory,"[[1076],[]]","[""long int"",""""]",3
aten::pin_memory,"[[1077],[]]","[""long int"",""""]",3
aten::pin_memory,"[[2],[]]","[""long int"",""""]",3
aten::pin_memory,"[[512],[]]","[""long int"",""""]",3
aten::pin_memory,"[[64,2],[]]","[""int"",""""]",3
aten::pin_memory,"[[691],[]]","[""long int"",""""]",3
aten::pin_memory,"[[79,2],[]]","[""int"",""""]",3
aten::reshape,"[[126,124160],[]]","[""c10::BFloat16"",""ScalarList""]",3
aten::reshape,"[[32],[]]","[""long int"",""ScalarList""]",3
aten::reshape,"[[34],[]]","[""long int"",""ScalarList""]",3
aten::reshape,"[[36],[]]","[""long int"",""ScalarList""]",3
aten::reshape,"[[38],[]]","[""long int"",""ScalarList""]",3
aten::reshape,"[[40],[]]","[""long int"",""ScalarList""]",3
aten::reshape,"[[42],[]]","[""long int"",""ScalarList""]",3
aten::reshape,"[[44],[]]","[""long int"",""ScalarList""]",3
aten::reshape,"[[46],[]]","[""long int"",""ScalarList""]",3
aten::reshape,"[[48],[]]","[""long int"",""ScalarList""]",3
aten::reshape,"[[50],[]]","[""long int"",""ScalarList""]",3
aten::reshape,"[[52],[]]","[""long int"",""ScalarList""]",3
aten::reshape,"[[54],[]]","[""long int"",""ScalarList""]",3
aten::reshape,"[[56],[]]","[""long int"",""ScalarList""]",3
aten::reshape,"[[58],[]]","[""long int"",""ScalarList""]",3
aten::reshape,"[[60],[]]","[""long int"",""ScalarList""]",3
aten::reshape,"[[62],[]]","[""long int"",""ScalarList""]",3
aten::reshape,"[[63],[]]","[""int"",""ScalarList""]",3
aten::select,"[[10],[],[]]","[""int"",""Scalar"",""Scalar""]",3
aten::select,"[[11,1],[],[]]","[""int"",""Scalar"",""Scalar""]",3
aten::select,"[[12],[],[]]","[""int"",""Scalar"",""Scalar""]",3
aten::select,"[[13,1],[],[]]","[""int"",""Scalar"",""Scalar""]",3
aten::select,"[[14],[],[]]","[""int"",""Scalar"",""Scalar""]",3
aten::select,"[[15,1],[],[]]","[""int"",""Scalar"",""Scalar""]",3
aten::select,"[[16],[],[]]","[""int"",""Scalar"",""Scalar""]",3
aten::select,"[[17,1],[],[]]","[""int"",""Scalar"",""Scalar""]",3
aten::select,"[[18],[],[]]","[""int"",""Scalar"",""Scalar""]",3
aten::select,"[[19,1],[],[]]","[""int"",""Scalar"",""Scalar""]",3
aten::select,"[[20],[],[]]","[""int"",""Scalar"",""Scalar""]",3
aten::select,"[[21,1],[],[]]","[""int"",""Scalar"",""Scalar""]",3
aten::select,"[[22],[],[]]","[""int"",""Scalar"",""Scalar""]",3
aten::select,"[[23,1],[],[]]","[""int"",""Scalar"",""Scalar""]",3
aten::select,"[[24],[],[]]","[""int"",""Scalar"",""Scalar""]",3
aten::select,"[[25,1],[],[]]","[""int"",""Scalar"",""Scalar""]",3
aten::select,"[[26],[],[]]","[""int"",""Scalar"",""Scalar""]",3
aten::select,"[[27,1],[],[]]","[""int"",""Scalar"",""Scalar""]",3
aten::select,"[[28],[],[]]","[""int"",""Scalar"",""Scalar""]",3
aten::select,"[[29,1],[],[]]","[""int"",""Scalar"",""Scalar""]",3
aten::select,"[[2],[],[]]","[""int"",""Scalar"",""Scalar""]",3
aten::select,"[[3,1],[],[]]","[""int"",""Scalar"",""Scalar""]",3
aten::select,"[[30],[],[]]","[""int"",""Scalar"",""Scalar""]",3
aten::select,"[[31,1],[],[]]","[""int"",""Scalar"",""Scalar""]",3
aten::select,"[[32],[],[]]","[""int"",""Scalar"",""Scalar""]",3
aten::select,"[[33,1],[],[]]","[""int"",""Scalar"",""Scalar""]",3
aten::select,"[[34],[],[]]","[""int"",""Scalar"",""Scalar""]",3
aten::select,"[[35,1],[],[]]","[""int"",""Scalar"",""Scalar""]",3
aten::select,"[[36],[],[]]","[""int"",""Scalar"",""Scalar""]",3
aten::select,"[[37,1],[],[]]","[""int"",""Scalar"",""Scalar""]",3
aten::select,"[[38],[],[]]","[""int"",""Scalar"",""Scalar""]",3
aten::select,"[[39,1],[],[]]","[""int"",""Scalar"",""Scalar""]",3
aten::select,"[[40],[],[]]","[""int"",""Scalar"",""Scalar""]",3
aten::select,"[[41,1],[],[]]","[""int"",""Scalar"",""Scalar""]",3
aten::select,"[[42],[],[]]","[""int"",""Scalar"",""Scalar""]",3
aten::select,"[[43,1],[],[]]","[""int"",""Scalar"",""Scalar""]",3
aten::select,"[[44],[],[]]","[""int"",""Scalar"",""Scalar""]",3
aten::select,"[[45,1],[],[]]","[""int"",""Scalar"",""Scalar""]",3
aten::select,"[[46],[],[]]","[""int"",""Scalar"",""Scalar""]",3
aten::select,"[[47,1],[],[]]","[""int"",""Scalar"",""Scalar""]",3
aten::select,"[[48],[],[]]","[""int"",""Scalar"",""Scalar""]",3
aten::select,"[[49,1],[],[]]","[""int"",""Scalar"",""Scalar""]",3
aten::select,"[[4],[],[]]","[""int"",""Scalar"",""Scalar""]",3
aten::select,"[[5,1],[],[]]","[""int"",""Scalar"",""Scalar""]",3
aten::select,"[[50],[],[]]","[""int"",""Scalar"",""Scalar""]",3
aten::select,"[[51,1],[],[]]","[""int"",""Scalar"",""Scalar""]",3
aten::select,"[[52],[],[]]","[""int"",""Scalar"",""Scalar""]",3
aten::select,"[[53,1],[],[]]","[""int"",""Scalar"",""Scalar""]",3
aten::select,"[[54],[],[]]","[""int"",""Scalar"",""Scalar""]",3
aten::select,"[[55,1],[],[]]","[""int"",""Scalar"",""Scalar""]",3
aten::select,"[[56],[],[]]","[""int"",""Scalar"",""Scalar""]",3
aten::select,"[[57,1],[],[]]","[""int"",""Scalar"",""Scalar""]",3
aten::select,"[[58],[],[]]","[""int"",""Scalar"",""Scalar""]",3
aten::select,"[[59,1],[],[]]","[""int"",""Scalar"",""Scalar""]",3
aten::select,"[[60],[],[]]","[""int"",""Scalar"",""Scalar""]",3
aten::select,"[[61,1],[],[]]","[""int"",""Scalar"",""Scalar""]",3
aten::select,"[[62],[],[]]","[""int"",""Scalar"",""Scalar""]",3
aten::select,"[[6],[],[]]","[""int"",""Scalar"",""Scalar""]",3
aten::select,"[[7,1],[],[]]","[""int"",""Scalar"",""Scalar""]",3
aten::select,"[[8],[],[]]","[""int"",""Scalar"",""Scalar""]",3
aten::select,"[[9,1],[],[]]","[""int"",""Scalar"",""Scalar""]",3
aten::slice,"[[1],[],[],[],[]]","[""int"",""Scalar"",""Scalar"",""Scalar"",""Scalar""]",3
aten::slice,"[[2,1],[],[],[],[]]","[""int"",""Scalar"",""Scalar"",""Scalar"",""Scalar""]",3
aten::slice,"[[79,2],[],[],[],[]]","[""long int"",""Scalar"",""Scalar"",""Scalar"",""Scalar""]",3
aten::squeeze,"[[63,1],[]]","[""long int"",""Scalar""]",3
aten::stack,"[[[79],[79]],[]]","[""TensorList"",""Scalar""]",3
aten::sub,"[[63],[],[]]","[""int"",""long int"",""Scalar""]",3
aten::sub,"[[79],[],[]]","[""long int"",""long int"",""Scalar""]",3
aten::sum,"[[11],[],[],[]]","[""int"",""ScalarList"",""Scalar"",""""]",3
aten::sum,"[[11],[]]","[""int"",""""]",3
aten::sum,"[[13],[],[],[]]","[""int"",""ScalarList"",""Scalar"",""""]",3
aten::sum,"[[13],[]]","[""int"",""""]",3
aten::sum,"[[15],[],[],[]]","[""int"",""ScalarList"",""Scalar"",""""]",3
aten::sum,"[[15],[]]","[""int"",""""]",3
aten::sum,"[[17],[],[],[]]","[""int"",""ScalarList"",""Scalar"",""""]",3
aten::sum,"[[17],[]]","[""int"",""""]",3
aten::sum,"[[19],[],[],[]]","[""int"",""ScalarList"",""Scalar"",""""]",3
aten::sum,"[[19],[]]","[""int"",""""]",3
aten::sum,"[[1],[],[],[]]","[""int"",""ScalarList"",""Scalar"",""""]",3
aten::sum,"[[1],[]]","[""int"",""""]",3
aten::sum,"[[21],[],[],[]]","[""int"",""ScalarList"",""Scalar"",""""]",3
aten::sum,"[[21],[]]","[""int"",""""]",3
aten::sum,"[[23],[],[],[]]","[""int"",""ScalarList"",""Scalar"",""""]",3
aten::sum,"[[23],[]]","[""int"",""""]",3
aten::sum,"[[25],[],[],[]]","[""int"",""ScalarList"",""Scalar"",""""]",3
aten::sum,"[[25],[]]","[""int"",""""]",3
aten::sum,"[[27],[],[],[]]","[""int"",""ScalarList"",""Scalar"",""""]",3
aten::sum,"[[27],[]]","[""int"",""""]",3
aten::sum,"[[29],[],[],[]]","[""int"",""ScalarList"",""Scalar"",""""]",3
aten::sum,"[[29],[]]","[""int"",""""]",3
aten::sum,"[[31],[],[],[]]","[""int"",""ScalarList"",""Scalar"",""""]",3
aten::sum,"[[31],[]]","[""int"",""""]",3
aten::sum,"[[33],[],[],[]]","[""int"",""ScalarList"",""Scalar"",""""]",3
aten::sum,"[[33],[]]","[""int"",""""]",3
aten::sum,"[[35],[],[],[]]","[""int"",""ScalarList"",""Scalar"",""""]",3
aten::sum,"[[35],[]]","[""int"",""""]",3
aten::sum,"[[37],[],[],[]]","[""int"",""ScalarList"",""Scalar"",""""]",3
aten::sum,"[[37],[]]","[""int"",""""]",3
aten::sum,"[[39],[],[],[]]","[""int"",""ScalarList"",""Scalar"",""""]",3
aten::sum,"[[39],[]]","[""int"",""""]",3
aten::sum,"[[3],[],[],[]]","[""int"",""ScalarList"",""Scalar"",""""]",3
aten::sum,"[[3],[]]","[""int"",""""]",3
aten::sum,"[[41],[],[],[]]","[""int"",""ScalarList"",""Scalar"",""""]",3
aten::sum,"[[41],[]]","[""int"",""""]",3
aten::sum,"[[43],[],[],[]]","[""int"",""ScalarList"",""Scalar"",""""]",3
aten::sum,"[[43],[]]","[""int"",""""]",3
aten::sum,"[[45],[],[],[]]","[""int"",""ScalarList"",""Scalar"",""""]",3
aten::sum,"[[45],[]]","[""int"",""""]",3
aten::sum,"[[47],[],[],[]]","[""int"",""ScalarList"",""Scalar"",""""]",3
aten::sum,"[[47],[]]","[""int"",""""]",3
aten::sum,"[[49],[],[],[]]","[""int"",""ScalarList"",""Scalar"",""""]",3
aten::sum,"[[49],[]]","[""int"",""""]",3
aten::sum,"[[51],[],[],[]]","[""int"",""ScalarList"",""Scalar"",""""]",3
aten::sum,"[[51],[]]","[""int"",""""]",3
aten::sum,"[[53],[],[],[]]","[""int"",""ScalarList"",""Scalar"",""""]",3
aten::sum,"[[53],[]]","[""int"",""""]",3
aten::sum,"[[55],[],[],[]]","[""int"",""ScalarList"",""Scalar"",""""]",3
aten::sum,"[[55],[]]","[""int"",""""]",3
aten::sum,"[[57],[],[],[]]","[""int"",""ScalarList"",""Scalar"",""""]",3
aten::sum,"[[57],[]]","[""int"",""""]",3
aten::sum,"[[59],[],[],[]]","[""int"",""ScalarList"",""Scalar"",""""]",3
aten::sum,"[[59],[]]","[""int"",""""]",3
aten::sum,"[[5],[],[],[]]","[""int"",""ScalarList"",""Scalar"",""""]",3
aten::sum,"[[5],[]]","[""int"",""""]",3
aten::sum,"[[61],[],[],[]]","[""int"",""ScalarList"",""Scalar"",""""]",3
aten::sum,"[[61],[]]","[""int"",""""]",3
aten::sum,"[[63],[],[],[]]","[""int"",""ScalarList"",""Scalar"",""""]",3
aten::sum,"[[63],[]]","[""int"",""""]",3
aten::sum,"[[64],[],[],[]]","[""int"",""ScalarList"",""Scalar"",""""]",3
aten::sum,"[[64],[]]","[""int"",""""]",3
aten::sum,"[[7],[],[],[]]","[""int"",""ScalarList"",""Scalar"",""""]",3
aten::sum,"[[7],[]]","[""int"",""""]",3
aten::sum,"[[9],[],[],[]]","[""int"",""ScalarList"",""Scalar"",""""]",3
aten::sum,"[[9],[]]","[""int"",""""]",3
aten::to,"[[1025],[],[],[],[],[]]","[""int"","""",""Scalar"",""Scalar"",""Scalar"",""""]",3
aten::to,"[[1027],[],[],[],[],[]]","[""int"","""",""Scalar"",""Scalar"",""Scalar"",""""]",3
aten::to,"[[1029],[],[],[],[],[]]","[""int"","""",""Scalar"",""Scalar"",""Scalar"",""""]",3
aten::to,"[[1030],[],[],[],[],[]]","[""int"","""",""Scalar"",""Scalar"",""Scalar"",""""]",3
aten::to,"[[1032],[],[],[],[],[]]","[""int"","""",""Scalar"",""Scalar"",""Scalar"",""""]",3
aten::to,"[[1034],[],[],[],[],[]]","[""int"","""",""Scalar"",""Scalar"",""Scalar"",""""]",3
aten::to,"[[1035],[],[],[],[],[]]","[""int"","""",""Scalar"",""Scalar"",""Scalar"",""""]",3
aten::to,"[[1037],[],[],[],[],[]]","[""int"","""",""Scalar"",""Scalar"",""Scalar"",""""]",3
aten::to,"[[1039],[],[],[],[],[]]","[""int"","""",""Scalar"",""Scalar"",""Scalar"",""""]",3
aten::to,"[[1041],[],[],[],[],[]]","[""int"","""",""Scalar"",""Scalar"",""Scalar"",""""]",3
aten::to,"[[1043],[],[],[],[],[]]","[""int"","""",""Scalar"",""Scalar"",""Scalar"",""""]",3
aten::to,"[[1044],[],[],[],[],[]]","[""int"","""",""Scalar"",""Scalar"",""Scalar"",""""]",3
aten::to,"[[1046],[],[],[],[],[]]","[""int"","""",""Scalar"",""Scalar"",""Scalar"",""""]",3
aten::to,"[[1048],[],[],[],[],[]]","[""int"","""",""Scalar"",""Scalar"",""Scalar"",""""]",3
aten::to,"[[1049],[],[],[],[],[]]","[""int"","""",""Scalar"",""Scalar"",""Scalar"",""""]",3
aten::to,"[[1051],[],[],[],[],[]]","[""int"","""",""Scalar"",""Scalar"",""Scalar"",""""]",3
aten::to,"[[1053],[],[],[],[],[]]","[""int"","""",""Scalar"",""Scalar"",""Scalar"",""""]",3
aten::to,"[[1055],[],[],[],[],[]]","[""int"","""",""Scalar"",""Scalar"",""Scalar"",""""]",3
aten::to,"[[1057],[],[],[],[],[]]","[""int"","""",""Scalar"",""Scalar"",""Scalar"",""""]",3
aten::to,"[[1058],[],[],[],[],[]]","[""int"","""",""Scalar"",""Scalar"",""Scalar"",""""]",3
aten::to,"[[1060],[],[],[],[],[]]","[""int"","""",""Scalar"",""Scalar"",""Scalar"",""""]",3
aten::to,"[[1062],[],[],[],[],[]]","[""int"","""",""Scalar"",""Scalar"",""Scalar"",""""]",3
aten::to,"[[1063],[],[],[],[],[]]","[""int"","""",""Scalar"",""Scalar"",""Scalar"",""""]",3
aten::to,"[[1065],[],[],[],[],[]]","[""int"","""",""Scalar"",""Scalar"",""Scalar"",""""]",3
aten::to,"[[1067],[],[],[],[],[]]","[""int"","""",""Scalar"",""Scalar"",""Scalar"",""""]",3
aten::to,"[[1069],[],[],[],[],[]]","[""int"","""",""Scalar"",""Scalar"",""Scalar"",""""]",3
aten::to,"[[1071],[],[],[],[],[]]","[""int"","""",""Scalar"",""Scalar"",""Scalar"",""""]",3
aten::to,"[[1072],[],[],[],[],[]]","[""int"","""",""Scalar"",""Scalar"",""Scalar"",""""]",3
aten::to,"[[1074],[],[],[],[],[]]","[""int"","""",""Scalar"",""Scalar"",""Scalar"",""""]",3
aten::to,"[[1076],[],[],[],[],[]]","[""int"","""",""Scalar"",""Scalar"",""Scalar"",""""]",3
aten::to,"[[1077],[],[],[],[],[]]","[""int"","""",""Scalar"",""Scalar"",""Scalar"",""""]",3
aten::to,"[[10],[],[],[],[]]","[""long int"",""Scalar"",""Scalar"",""Scalar"",""""]",3
aten::to,"[[11],[],[],[],[]]","[""bool"",""Scalar"",""Scalar"",""Scalar"",""""]",3
aten::to,"[[12],[],[],[],[]]","[""long int"",""Scalar"",""Scalar"",""Scalar"",""""]",3
aten::to,"[[13],[],[],[],[]]","[""bool"",""Scalar"",""Scalar"",""Scalar"",""""]",3
aten::to,"[[14],[],[],[],[]]","[""long int"",""Scalar"",""Scalar"",""Scalar"",""""]",3
aten::to,"[[15],[],[],[],[]]","[""bool"",""Scalar"",""Scalar"",""Scalar"",""""]",3
aten::to,"[[16],[],[],[],[]]","[""long int"",""Scalar"",""Scalar"",""Scalar"",""""]",3
aten::to,"[[17],[],[],[],[]]","[""bool"",""Scalar"",""Scalar"",""Scalar"",""""]",3
aten::to,"[[18],[],[],[],[]]","[""long int"",""Scalar"",""Scalar"",""Scalar"",""""]",3
aten::to,"[[19],[],[],[],[]]","[""bool"",""Scalar"",""Scalar"",""Scalar"",""""]",3
aten::to,"[[20],[],[],[],[]]","[""long int"",""Scalar"",""Scalar"",""Scalar"",""""]",3
aten::to,"[[21],[],[],[],[]]","[""bool"",""Scalar"",""Scalar"",""Scalar"",""""]",3
aten::to,"[[22],[],[],[],[]]","[""long int"",""Scalar"",""Scalar"",""Scalar"",""""]",3
aten::to,"[[23],[],[],[],[]]","[""bool"",""Scalar"",""Scalar"",""Scalar"",""""]",3
aten::to,"[[24],[],[],[],[]]","[""long int"",""Scalar"",""Scalar"",""Scalar"",""""]",3
aten::to,"[[25],[],[],[],[]]","[""bool"",""Scalar"",""Scalar"",""Scalar"",""""]",3
aten::to,"[[26],[],[],[],[]]","[""long int"",""Scalar"",""Scalar"",""Scalar"",""""]",3
aten::to,"[[27],[],[],[],[]]","[""bool"",""Scalar"",""Scalar"",""Scalar"",""""]",3
aten::to,"[[28],[],[],[],[]]","[""long int"",""Scalar"",""Scalar"",""Scalar"",""""]",3
aten::to,"[[29],[],[],[],[]]","[""bool"",""Scalar"",""Scalar"",""Scalar"",""""]",3
aten::to,"[[2],[],[],[],[],[],[],[]]","[""long int"",""Scalar"",""Scalar"","""","""",""Scalar"",""Scalar"",""""]",3
aten::to,"[[2],[],[],[],[]]","[""long int"",""Scalar"",""Scalar"",""Scalar"",""""]",3
aten::to,"[[30],[],[],[],[]]","[""long int"",""Scalar"",""Scalar"",""Scalar"",""""]",3
aten::to,"[[31],[],[],[],[]]","[""bool"",""Scalar"",""Scalar"",""Scalar"",""""]",3
aten::to,"[[32],[],[],[],[]]","[""long int"",""Scalar"",""Scalar"",""Scalar"",""""]",3
aten::to,"[[33],[],[],[],[]]","[""bool"",""Scalar"",""Scalar"",""Scalar"",""""]",3
aten::to,"[[34],[],[],[],[]]","[""long int"",""Scalar"",""Scalar"",""Scalar"",""""]",3
aten::to,"[[35],[],[],[],[]]","[""bool"",""Scalar"",""Scalar"",""Scalar"",""""]",3
aten::to,"[[36],[],[],[],[]]","[""long int"",""Scalar"",""Scalar"",""Scalar"",""""]",3
aten::to,"[[37],[],[],[],[]]","[""bool"",""Scalar"",""Scalar"",""Scalar"",""""]",3
aten::to,"[[38],[],[],[],[]]","[""long int"",""Scalar"",""Scalar"",""Scalar"",""""]",3
aten::to,"[[39],[],[],[],[]]","[""bool"",""Scalar"",""Scalar"",""Scalar"",""""]",3
aten::to,"[[3],[],[],[],[]]","[""bool"",""Scalar"",""Scalar"",""Scalar"",""""]",3
aten::to,"[[40],[],[],[],[]]","[""long int"",""Scalar"",""Scalar"",""Scalar"",""""]",3
aten::to,"[[41],[],[],[],[]]","[""bool"",""Scalar"",""Scalar"",""Scalar"",""""]",3
aten::to,"[[42],[],[],[],[]]","[""long int"",""Scalar"",""Scalar"",""Scalar"",""""]",3
aten::to,"[[43],[],[],[],[]]","[""bool"",""Scalar"",""Scalar"",""Scalar"",""""]",3
aten::to,"[[44],[],[],[],[]]","[""long int"",""Scalar"",""Scalar"",""Scalar"",""""]",3
aten::to,"[[45],[],[],[],[]]","[""bool"",""Scalar"",""Scalar"",""Scalar"",""""]",3
aten::to,"[[46],[],[],[],[]]","[""long int"",""Scalar"",""Scalar"",""Scalar"",""""]",3
aten::to,"[[47],[],[],[],[]]","[""bool"",""Scalar"",""Scalar"",""Scalar"",""""]",3
aten::to,"[[48],[],[],[],[]]","[""long int"",""Scalar"",""Scalar"",""Scalar"",""""]",3
aten::to,"[[49],[],[],[],[]]","[""bool"",""Scalar"",""Scalar"",""Scalar"",""""]",3
aten::to,"[[4],[],[],[],[]]","[""long int"",""Scalar"",""Scalar"",""Scalar"",""""]",3
aten::to,"[[50],[],[],[],[]]","[""long int"",""Scalar"",""Scalar"",""Scalar"",""""]",3
aten::to,"[[512],[],[],[],[],[]]","[""int"","""",""Scalar"",""Scalar"",""Scalar"",""""]",3
aten::to,"[[51],[],[],[],[]]","[""bool"",""Scalar"",""Scalar"",""Scalar"",""""]",3
aten::to,"[[52],[],[],[],[]]","[""long int"",""Scalar"",""Scalar"",""Scalar"",""""]",3
aten::to,"[[53],[],[],[],[]]","[""bool"",""Scalar"",""Scalar"",""Scalar"",""""]",3
aten::to,"[[54],[],[],[],[]]","[""long int"",""Scalar"",""Scalar"",""Scalar"",""""]",3
aten::to,"[[55],[],[],[],[]]","[""bool"",""Scalar"",""Scalar"",""Scalar"",""""]",3
aten::to,"[[56],[],[],[],[]]","[""long int"",""Scalar"",""Scalar"",""Scalar"",""""]",3
aten::to,"[[57],[],[],[],[]]","[""bool"",""Scalar"",""Scalar"",""Scalar"",""""]",3
aten::to,"[[58],[],[],[],[]]","[""long int"",""Scalar"",""Scalar"",""Scalar"",""""]",3
aten::to,"[[59],[],[],[],[]]","[""bool"",""Scalar"",""Scalar"",""Scalar"",""""]",3
aten::to,"[[5],[],[],[],[]]","[""bool"",""Scalar"",""Scalar"",""Scalar"",""""]",3
aten::to,"[[60],[],[],[],[]]","[""long int"",""Scalar"",""Scalar"",""Scalar"",""""]",3
aten::to,"[[61],[],[],[],[]]","[""bool"",""Scalar"",""Scalar"",""Scalar"",""""]",3
aten::to,"[[62],[],[],[],[]]","[""long int"",""Scalar"",""Scalar"",""Scalar"",""""]",3
aten::to,"[[63,1],[],[],[],[],[],[],[]]","[""int"",""Scalar"",""Scalar"","""","""",""Scalar"",""Scalar"",""""]",3
aten::to,"[[63,248320],[],[],[],[]]","[""c10::BFloat16"",""Scalar"",""Scalar"",""Scalar"",""""]",3
aten::to,"[[63],[],[],[],[]]","[""bool"",""Scalar"",""Scalar"",""Scalar"",""""]",3
aten::to,"[[64,2],[],[],[],[],[],[],[]]","[""int"",""Scalar"",""Scalar"","""","""",""Scalar"",""Scalar"",""""]",3
aten::to,"[[691],[],[],[],[],[]]","[""int"","""",""Scalar"",""Scalar"",""Scalar"",""""]",3
aten::to,"[[6],[],[],[],[]]","[""long int"",""Scalar"",""Scalar"",""Scalar"",""""]",3
aten::to,"[[79,2],[],[],[],[],[],[],[]]","[""int"",""Scalar"",""Scalar"","""","""",""Scalar"",""Scalar"",""""]",3
aten::to,"[[79,2],[],[],[],[],[]]","[""long int"","""",""Scalar"",""Scalar"",""Scalar"",""""]",3
aten::to,"[[79],[],[],[],[]]","[""bool"",""Scalar"",""Scalar"",""Scalar"",""""]",3
aten::to,"[[7],[],[],[],[]]","[""bool"",""Scalar"",""Scalar"",""Scalar"",""""]",3
aten::to,"[[8],[],[],[],[]]","[""long int"",""Scalar"",""Scalar"",""Scalar"",""""]",3
aten::to,"[[9],[],[],[],[]]","[""bool"",""Scalar"",""Scalar"",""Scalar"",""""]",3
aten::unbind,"[[11],[]]","[""int"",""Scalar""]",3
aten::unbind,"[[13],[]]","[""int"",""Scalar""]",3
aten::unbind,"[[15],[]]","[""int"",""Scalar""]",3
aten::unbind,"[[17],[]]","[""int"",""Scalar""]",3
aten::unbind,"[[19],[]]","[""int"",""Scalar""]",3
aten::unbind,"[[1],[]]","[""int"",""Scalar""]",3
aten::unbind,"[[21],[]]","[""int"",""Scalar""]",3
aten::unbind,"[[23],[]]","[""int"",""Scalar""]",3
aten::unbind,"[[25],[]]","[""int"",""Scalar""]",3
aten::unbind,"[[27],[]]","[""int"",""Scalar""]",3
aten::unbind,"[[29],[]]","[""int"",""Scalar""]",3
aten::unbind,"[[31],[]]","[""int"",""Scalar""]",3
aten::unbind,"[[33],[]]","[""int"",""Scalar""]",3
aten::unbind,"[[35],[]]","[""int"",""Scalar""]",3
aten::unbind,"[[37],[]]","[""int"",""Scalar""]",3
aten::unbind,"[[39],[]]","[""int"",""Scalar""]",3
aten::unbind,"[[3],[]]","[""int"",""Scalar""]",3
aten::unbind,"[[41],[]]","[""int"",""Scalar""]",3
aten::unbind,"[[43],[]]","[""int"",""Scalar""]",3
aten::unbind,"[[45],[]]","[""int"",""Scalar""]",3
aten::unbind,"[[47],[]]","[""int"",""Scalar""]",3
aten::unbind,"[[49],[]]","[""int"",""Scalar""]",3
aten::unbind,"[[51],[]]","[""int"",""Scalar""]",3
aten::unbind,"[[53],[]]","[""int"",""Scalar""]",3
aten::unbind,"[[55],[]]","[""int"",""Scalar""]",3
aten::unbind,"[[57],[]]","[""int"",""Scalar""]",3
aten::unbind,"[[59],[]]","[""int"",""Scalar""]",3
aten::unbind,"[[5],[]]","[""int"",""Scalar""]",3
aten::unbind,"[[61],[]]","[""int"",""Scalar""]",3
aten::unbind,"[[63],[]]","[""int"",""Scalar""]",3
aten::unbind,"[[64],[]]","[""int"",""Scalar""]",3
aten::unbind,"[[7],[]]","[""int"",""Scalar""]",3
aten::unbind,"[[9],[]]","[""int"",""Scalar""]",3
aten::unsqueeze,"[[63],[]]","[""int"",""Scalar""]",3
aten::view,"[[10],[]]","[""long int"",""ScalarList""]",3
aten::view,"[[126,124160],[]]","[""c10::BFloat16"",""ScalarList""]",3
aten::view,"[[12],[]]","[""long int"",""ScalarList""]",3
aten::view,"[[14],[]]","[""long int"",""ScalarList""]",3
aten::view,"[[16],[]]","[""long int"",""ScalarList""]",3
aten::view,"[[18],[]]","[""long int"",""ScalarList""]",3
aten::view,"[[2,124160],[]]","[""c10::BFloat16"",""ScalarList""]",3
aten::view,"[[20],[]]","[""long int"",""ScalarList""]",3
aten::view,"[[22],[]]","[""long int"",""ScalarList""]",3
aten::view,"[[24],[]]","[""long int"",""ScalarList""]",3
aten::view,"[[26],[]]","[""long int"",""ScalarList""]",3
aten::view,"[[28],[]]","[""long int"",""ScalarList""]",3
aten::view,"[[30],[]]","[""long int"",""ScalarList""]",3
aten::view,"[[4],[]]","[""long int"",""ScalarList""]",3
aten::view,"[[63,124160],[]]","[""c10::BFloat16"",""ScalarList""]",3
aten::view,"[[63,2,124160],[]]","[""c10::BFloat16"",""ScalarList""]",3
aten::view,"[[63,2048],[]]","[""c10::BFloat16"",""ScalarList""]",3
aten::view,"[[63],[]]","[""int"",""ScalarList""]",3
aten::view,"[[6],[]]","[""long int"",""ScalarList""]",3
aten::view,"[[8],[]]","[""long int"",""ScalarList""]",3
c10d::_allgather_base_,"[[126,124160],[63,124160],[],[],[]]","[""c10::BFloat16"",""c10::BFloat16"","""",""Scalar"",""Scalar""]",3
record_param_comms,"[[63,124160],[],[],[],[],[],[],[],[],[]]","[""c10::BFloat16"","""","""",""Scalar"","""",""ScalarList"",""ScalarList"",""Scalar"",""Scalar"",""Scalar""]",3
vllm::all_gather,"[[63,124160],[],[],[]]","[""c10::BFloat16"",""Scalar"",""Scalar"",""""]",3
_C_custom_ar::all_reduce,"[[],[63,2048],[63,2048],[],[]]","[""Scalar"",""c10::BFloat16"",""c10::BFloat16"",""Scalar"",""Scalar""]",2
aten::_to_copy,"[[1,1],[],[],[],[],[],[]]","[""int"",""Scalar"",""Scalar"","""","""",""Scalar"",""""]",2
aten::_to_copy,"[[1,248320],[],[],[],[],[],[]]","[""c10::BFloat16"",""Scalar"","""","""","""",""Scalar"",""""]",2
aten::_to_copy,"[[10],[],[],[],[],[],[]]","[""int"",""Scalar"","""","""","""",""Scalar"",""""]",2
aten::_to_copy,"[[12],[],[],[],[],[],[]]","[""int"",""Scalar"","""","""","""",""Scalar"",""""]",2
aten::_to_copy,"[[14],[],[],[],[],[],[]]","[""int"",""Scalar"","""","""","""",""Scalar"",""""]",2
aten::_to_copy,"[[16],[],[],[],[],[],[]]","[""int"",""Scalar"","""","""","""",""Scalar"",""""]",2
aten::_to_copy,"[[18],[],[],[],[],[],[]]","[""int"",""Scalar"","""","""","""",""Scalar"",""""]",2
aten::_to_copy,"[[1],[],[],[],[],[],[]]","[""long int"",""Scalar"","""","""","""",""Scalar"",""""]",2
aten::_to_copy,"[[20],[],[],[],[],[],[]]","[""int"",""Scalar"","""","""","""",""Scalar"",""""]",2
aten::_to_copy,"[[22],[],[],[],[],[],[]]","[""int"",""Scalar"","""","""","""",""Scalar"",""""]",2
aten::_to_copy,"[[24],[],[],[],[],[],[]]","[""int"",""Scalar"","""","""","""",""Scalar"",""""]",2
aten::_to_copy,"[[26],[],[],[],[],[],[]]","[""int"",""Scalar"","""","""","""",""Scalar"",""""]",2
aten::_to_copy,"[[28],[],[],[],[],[],[]]","[""int"",""Scalar"","""","""","""",""Scalar"",""""]",2
aten::_to_copy,"[[30],[],[],[],[],[],[]]","[""int"",""Scalar"","""","""","""",""Scalar"",""""]",2
aten::_to_copy,"[[32],[],[],[],[],[],[]]","[""int"",""Scalar"","""","""","""",""Scalar"",""""]",2
aten::_to_copy,"[[32],[],[],[],[],[],[]]","[""long int"",""Scalar"",""Scalar"","""","""",""Scalar"",""""]",2
aten::_to_copy,"[[34],[],[],[],[],[],[]]","[""int"",""Scalar"","""","""","""",""Scalar"",""""]",2
aten::_to_copy,"[[34],[],[],[],[],[],[]]","[""long int"",""Scalar"",""Scalar"","""","""",""Scalar"",""""]",2
aten::_to_copy,"[[36],[],[],[],[],[],[]]","[""int"",""Scalar"","""","""","""",""Scalar"",""""]",2
aten::_to_copy,"[[36],[],[],[],[],[],[]]","[""long int"",""Scalar"",""Scalar"","""","""",""Scalar"",""""]",2
aten::_to_copy,"[[38],[],[],[],[],[],[]]","[""int"",""Scalar"","""","""","""",""Scalar"",""""]",2
aten::_to_copy,"[[38],[],[],[],[],[],[]]","[""long int"",""Scalar"",""Scalar"","""","""",""Scalar"",""""]",2
aten::_to_copy,"[[40],[],[],[],[],[],[]]","[""int"",""Scalar"","""","""","""",""Scalar"",""""]",2
aten::_to_copy,"[[40],[],[],[],[],[],[]]","[""long int"",""Scalar"",""Scalar"","""","""",""Scalar"",""""]",2
aten::_to_copy,"[[42],[],[],[],[],[],[]]","[""int"",""Scalar"","""","""","""",""Scalar"",""""]",2
aten::_to_copy,"[[42],[],[],[],[],[],[]]","[""long int"",""Scalar"",""Scalar"","""","""",""Scalar"",""""]",2
aten::_to_copy,"[[44],[],[],[],[],[],[]]","[""int"",""Scalar"","""","""","""",""Scalar"",""""]",2
aten::_to_copy,"[[44],[],[],[],[],[],[]]","[""long int"",""Scalar"",""Scalar"","""","""",""Scalar"",""""]",2
aten::_to_copy,"[[46],[],[],[],[],[],[]]","[""int"",""Scalar"","""","""","""",""Scalar"",""""]",2
aten::_to_copy,"[[46],[],[],[],[],[],[]]","[""long int"",""Scalar"",""Scalar"","""","""",""Scalar"",""""]",2
aten::_to_copy,"[[48],[],[],[],[],[],[]]","[""int"",""Scalar"","""","""","""",""Scalar"",""""]",2
aten::_to_copy,"[[48],[],[],[],[],[],[]]","[""long int"",""Scalar"",""Scalar"","""","""",""Scalar"",""""]",2
aten::_to_copy,"[[50],[],[],[],[],[],[]]","[""int"",""Scalar"","""","""","""",""Scalar"",""""]",2
aten::_to_copy,"[[50],[],[],[],[],[],[]]","[""long int"",""Scalar"",""Scalar"","""","""",""Scalar"",""""]",2
aten::_to_copy,"[[52],[],[],[],[],[],[]]","[""int"",""Scalar"","""","""","""",""Scalar"",""""]",2
aten::_to_copy,"[[52],[],[],[],[],[],[]]","[""long int"",""Scalar"",""Scalar"","""","""",""Scalar"",""""]",2
aten::_to_copy,"[[54],[],[],[],[],[],[]]","[""int"",""Scalar"","""","""","""",""Scalar"",""""]",2
aten::_to_copy,"[[54],[],[],[],[],[],[]]","[""long int"",""Scalar"",""Scalar"","""","""",""Scalar"",""""]",2
aten::_to_copy,"[[56],[],[],[],[],[],[]]","[""int"",""Scalar"","""","""","""",""Scalar"",""""]",2
aten::_to_copy,"[[56],[],[],[],[],[],[]]","[""long int"",""Scalar"",""Scalar"","""","""",""Scalar"",""""]",2
aten::_to_copy,"[[58],[],[],[],[],[],[]]","[""int"",""Scalar"","""","""","""",""Scalar"",""""]",2
aten::_to_copy,"[[58],[],[],[],[],[],[]]","[""long int"",""Scalar"",""Scalar"","""","""",""Scalar"",""""]",2
aten::_to_copy,"[[60],[],[],[],[],[],[]]","[""int"",""Scalar"","""","""","""",""Scalar"",""""]",2
aten::_to_copy,"[[60],[],[],[],[],[],[]]","[""long int"",""Scalar"",""Scalar"","""","""",""Scalar"",""""]",2
aten::_to_copy,"[[62],[],[],[],[],[],[]]","[""int"",""Scalar"","""","""","""",""Scalar"",""""]",2
aten::_to_copy,"[[62],[],[],[],[],[],[]]","[""long int"",""Scalar"",""Scalar"","""","""",""Scalar"",""""]",2
aten::_to_copy,"[[63],[],[],[],[],[],[]]","[""long int"",""Scalar"",""Scalar"","""","""",""Scalar"",""""]",2
aten::_to_copy,"[[6],[],[],[],[],[],[]]","[""int"",""Scalar"","""","""","""",""Scalar"",""""]",2
aten::_to_copy,"[[8],[],[],[],[],[],[]]","[""int"",""Scalar"","""","""","""",""Scalar"",""""]",2
aten::add,"[[1],[1],[],[1]]","[""int"",""int"",""Scalar"",""int""]",2
aten::add,"[[1],[1],[]]","[""int"",""int"",""Scalar""]",2
aten::add,"[[1],[],[]]","[""int"",""long int"",""Scalar""]",2
aten::add,"[[63],[63],[]]","[""long int"",""long int"",""Scalar""]",2
aten::alias,"[[1,248320]]","[""c10::BFloat16""]",2
aten::argmax,"[[1,248320],[],[]]","[""float"",""Scalar"",""Scalar""]",2
aten::as_strided,"[[1,1],[],[],[]]","[""long int"",""ScalarList"",""ScalarList"",""""]",2
aten::as_strided,"[[1,248320],[],[],[]]","[""c10::BFloat16"",""ScalarList"",""ScalarList"",""Scalar""]",2
aten::as_strided,"[[1,32],[],[],[]]","[""int"",""ScalarList"",""ScalarList"",""Scalar""]",2
aten::as_strided,"[[1],[],[],[]]","[""bool"",""ScalarList"",""ScalarList"",""Scalar""]",2
aten::as_strided,"[[2,1,124160],[],[],[]]","[""c10::BFloat16"",""ScalarList"",""ScalarList"",""""]",2
aten::as_strided,"[[3,1],[],[],[]]","[""long int"",""ScalarList"",""ScalarList"",""""]",2
aten::as_strided,"[[3,63],[],[],[]]","[""long int"",""ScalarList"",""ScalarList"",""""]",2
aten::as_strided,"[[34,1],[],[],[]]","[""int"",""ScalarList"",""ScalarList"",""Scalar""]",2
aten::as_strided,"[[34],[],[],[]]","[""int"",""ScalarList"",""ScalarList"",""""]",2
aten::as_strided,"[[36,1],[],[],[]]","[""int"",""ScalarList"",""ScalarList"",""Scalar""]",2
aten::as_strided,"[[36],[],[],[]]","[""int"",""ScalarList"",""ScalarList"",""""]",2
aten::as_strided,"[[38,1],[],[],[]]","[""int"",""ScalarList"",""ScalarList"",""Scalar""]",2
aten::as_strided,"[[38],[],[],[]]","[""int"",""ScalarList"",""ScalarList"",""""]",2
aten::as_strided,"[[40,1],[],[],[]]","[""int"",""ScalarList"",""ScalarList"",""Scalar""]",2
aten::as_strided,"[[40],[],[],[]]","[""int"",""ScalarList"",""ScalarList"",""""]",2
aten::as_strided,"[[42,1],[],[],[]]","[""int"",""ScalarList"",""ScalarList"",""Scalar""]",2
aten::as_strided,"[[42],[],[],[]]","[""int"",""ScalarList"",""ScalarList"",""""]",2
aten::as_strided,"[[44,1],[],[],[]]","[""int"",""ScalarList"",""ScalarList"",""Scalar""]",2
aten::as_strided,"[[44],[],[],[]]","[""int"",""ScalarList"",""ScalarList"",""""]",2
aten::as_strided,"[[46,1],[],[],[]]","[""int"",""ScalarList"",""ScalarList"",""Scalar""]",2
aten::as_strided,"[[46],[],[],[]]","[""int"",""ScalarList"",""ScalarList"",""""]",2
aten::as_strided,"[[48,1],[],[],[]]","[""int"",""ScalarList"",""ScalarList"",""Scalar""]",2
aten::as_strided,"[[48],[],[],[]]","[""int"",""ScalarList"",""ScalarList"",""""]",2
aten::as_strided,"[[50,1],[],[],[]]","[""int"",""ScalarList"",""ScalarList"",""Scalar""]",2
aten::as_strided,"[[50],[],[],[]]","[""int"",""ScalarList"",""ScalarList"",""""]",2
aten::as_strided,"[[52,1],[],[],[]]","[""int"",""ScalarList"",""ScalarList"",""Scalar""]",2
aten::as_strided,"[[52],[],[],[]]","[""int"",""ScalarList"",""ScalarList"",""""]",2
aten::as_strided,"[[54,1],[],[],[]]","[""int"",""ScalarList"",""ScalarList"",""Scalar""]",2
aten::as_strided,"[[54],[],[],[]]","[""int"",""ScalarList"",""ScalarList"",""""]",2
aten::as_strided,"[[56,1],[],[],[]]","[""int"",""ScalarList"",""ScalarList"",""Scalar""]",2
aten::as_strided,"[[56],[],[],[]]","[""int"",""ScalarList"",""ScalarList"",""""]",2
aten::as_strided,"[[58,1],[],[],[]]","[""int"",""ScalarList"",""ScalarList"",""Scalar""]",2
aten::as_strided,"[[58],[],[],[]]","[""int"",""ScalarList"",""ScalarList"",""""]",2
aten::as_strided,"[[60,1],[],[],[]]","[""int"",""ScalarList"",""ScalarList"",""Scalar""]",2
aten::as_strided,"[[60],[],[],[]]","[""int"",""ScalarList"",""ScalarList"",""""]",2
aten::as_strided,"[[62,1],[],[],[]]","[""int"",""ScalarList"",""ScalarList"",""Scalar""]",2
aten::as_strided,"[[62],[],[],[]]","[""int"",""ScalarList"",""ScalarList"",""""]",2
aten::as_strided,"[[63,1],[],[],[]]","[""bool"",""ScalarList"",""ScalarList"",""""]",2
aten::as_strided,"[[63],[],[],[]]","[""int"",""ScalarList"",""ScalarList"",""""]",2
aten::as_strided,"[[64],[],[],[]]","[""long int"",""ScalarList"",""ScalarList"",""""]",2
aten::as_strided,"[[8,2048],[],[],[]]","[""c10::BFloat16"",""ScalarList"",""ScalarList"",""""]",2
aten::as_strided,"[[8,2048],[],[],[]]","[""c10::BFloat16"",""ScalarList"",""ScalarList"",""Scalar""]",2
aten::as_strided,"[[8,32],[],[],[]]","[""int"",""ScalarList"",""ScalarList"",""Scalar""]",2
aten::as_strided,"[[8],[],[],[]]","[""bool"",""ScalarList"",""ScalarList"",""Scalar""]",2
aten::clone,"[[3,63],[]]","[""long int"",""Scalar""]",2
aten::contiguous,"[[3,63],[]]","[""long int"",""Scalar""]",2
aten::copy_,"[[1,248320],[1,248320],[]]","[""float"",""c10::BFloat16"",""Scalar""]",2
aten::copy_,"[[1,32],[1,32],[]]","[""int"",""int"",""Scalar""]",2
aten::copy_,"[[10],[10],[]]","[""long int"",""int"",""Scalar""]",2
aten::copy_,"[[10],[],[]]","[""bool"",""bool"",""Scalar""]",2
aten::copy_,"[[12],[12],[]]","[""long int"",""int"",""Scalar""]",2
aten::copy_,"[[12],[],[]]","[""bool"",""bool"",""Scalar""]",2
aten::copy_,"[[14],[14],[]]","[""long int"",""int"",""Scalar""]",2
aten::copy_,"[[14],[],[]]","[""bool"",""bool"",""Scalar""]",2
aten::copy_,"[[16],[16],[]]","[""long int"",""int"",""Scalar""]",2
aten::copy_,"[[18],[18],[]]","[""long int"",""int"",""Scalar""]",2
aten::copy_,"[[1],[1],[]]","[""bool"",""bool"",""Scalar""]",2
aten::copy_,"[[1],[1],[]]","[""int"",""long int"",""Scalar""]",2
aten::copy_,"[[1],[],[]]","[""bool"",""bool"",""Scalar""]",2
aten::copy_,"[[20],[20],[]]","[""long int"",""int"",""Scalar""]",2
aten::copy_,"[[22],[22],[]]","[""long int"",""int"",""Scalar""]",2
aten::copy_,"[[24],[24],[]]","[""long int"",""int"",""Scalar""]",2
aten::copy_,"[[26],[26],[]]","[""long int"",""int"",""Scalar""]",2
aten::copy_,"[[28],[28],[]]","[""long int"",""int"",""Scalar""]",2
aten::copy_,"[[30],[30],[]]","[""long int"",""int"",""Scalar""]",2
aten::copy_,"[[32],[32],[]]","[""long int"",""int"",""Scalar""]",2
aten::copy_,"[[34],[34],[]]","[""long int"",""int"",""Scalar""]",2
aten::copy_,"[[36],[36],[]]","[""long int"",""int"",""Scalar""]",2
aten::copy_,"[[38],[38],[]]","[""long int"",""int"",""Scalar""]",2
aten::copy_,"[[40],[40],[]]","[""long int"",""int"",""Scalar""]",2
aten::copy_,"[[42],[42],[]]","[""long int"",""int"",""Scalar""]",2
aten::copy_,"[[44],[44],[]]","[""long int"",""int"",""Scalar""]",2
aten::copy_,"[[46],[46],[]]","[""long int"",""int"",""Scalar""]",2
aten::copy_,"[[48],[48],[]]","[""long int"",""int"",""Scalar""]",2
aten::copy_,"[[50],[50],[]]","[""long int"",""int"",""Scalar""]",2
aten::copy_,"[[52],[52],[]]","[""long int"",""int"",""Scalar""]",2
aten::copy_,"[[54],[54],[]]","[""long int"",""int"",""Scalar""]",2
aten::copy_,"[[56],[56],[]]","[""long int"",""int"",""Scalar""]",2
aten::copy_,"[[58],[58],[]]","[""long int"",""int"",""Scalar""]",2
aten::copy_,"[[60],[60],[]]","[""long int"",""int"",""Scalar""]",2
aten::copy_,"[[62],[62],[]]","[""long int"",""int"",""Scalar""]",2
aten::copy_,"[[63,2048],[63,2048],[]]","[""c10::BFloat16"",""c10::BFloat16"",""Scalar""]",2
aten::copy_,"[[6],[6],[]]","[""long int"",""int"",""Scalar""]",2
aten::copy_,"[[8],[8],[]]","[""long int"",""int"",""Scalar""]",2
aten::copy_,"[[8],[],[]]","[""bool"",""bool"",""Scalar""]",2
aten::detach_,[[32]],"[""long int""]",2
aten::detach_,[[34]],"[""long int""]",2
aten::detach_,[[36]],"[""long int""]",2
aten::detach_,[[38]],"[""long int""]",2
aten::detach_,[[40]],"[""long int""]",2
aten::detach_,[[42]],"[""long int""]",2
aten::detach_,[[44]],"[""long int""]",2
aten::detach_,[[46]],"[""long int""]",2
aten::detach_,[[48]],"[""long int""]",2
aten::detach_,[[50]],"[""long int""]",2
aten::detach_,[[52]],"[""long int""]",2
aten::detach_,[[54]],"[""long int""]",2
aten::detach_,[[56]],"[""long int""]",2
aten::detach_,[[58]],"[""long int""]",2
aten::detach_,[[60]],"[""long int""]",2
aten::detach_,[[62]],"[""long int""]",2
aten::detach_,[[63]],"[""long int""]",2
aten::embedding,"[[124160,2048],[63],[],[],[]]","[""c10::BFloat16"",""long int"",""Scalar"",""Scalar"",""Scalar""]",2
aten::empty_like,"[[10],[],[],[],[],[]]","[""int"",""Scalar"","""","""",""Scalar"",""""]",2
aten::empty_like,"[[12],[],[],[],[],[]]","[""int"",""Scalar"","""","""",""Scalar"",""""]",2
aten::empty_like,"[[14],[],[],[],[],[]]","[""int"",""Scalar"","""","""",""Scalar"",""""]",2
aten::empty_like,"[[18],[],[],[],[],[]]","[""int"",""Scalar"","""","""",""Scalar"",""""]",2
aten::empty_like,"[[20],[],[],[],[],[]]","[""int"",""Scalar"","""","""",""Scalar"",""""]",2
aten::empty_like,"[[22],[],[],[],[],[]]","[""int"",""Scalar"","""","""",""Scalar"",""""]",2
aten::empty_like,"[[24],[],[],[],[],[]]","[""int"",""Scalar"","""","""",""Scalar"",""""]",2
aten::empty_like,"[[26],[],[],[],[],[]]","[""int"",""Scalar"","""","""",""Scalar"",""""]",2
aten::empty_like,"[[28],[],[],[],[],[]]","[""int"",""Scalar"","""","""",""Scalar"",""""]",2
aten::empty_like,"[[3,63],[],[],[],[],[]]","[""long int"",""Scalar"","""","""","""",""Scalar""]",2
aten::empty_like,"[[3,63],[],[],[],[],[]]","[""long int"",""Scalar"",""Scalar"","""","""",""Scalar""]",2
aten::empty_like,"[[30],[],[],[],[],[]]","[""int"",""Scalar"","""","""",""Scalar"",""""]",2
aten::empty_like,"[[34],[],[],[],[],[]]","[""int"",""Scalar"","""","""",""Scalar"",""""]",2
aten::empty_like,"[[36],[],[],[],[],[]]","[""int"",""Scalar"","""","""",""Scalar"",""""]",2
aten::empty_like,"[[38],[],[],[],[],[]]","[""int"",""Scalar"","""","""",""Scalar"",""""]",2
aten::empty_like,"[[40],[],[],[],[],[]]","[""int"",""Scalar"","""","""",""Scalar"",""""]",2
aten::empty_like,"[[42],[],[],[],[],[]]","[""int"",""Scalar"","""","""",""Scalar"",""""]",2
aten::empty_like,"[[44],[],[],[],[],[]]","[""int"",""Scalar"","""","""",""Scalar"",""""]",2
aten::empty_like,"[[46],[],[],[],[],[]]","[""int"",""Scalar"","""","""",""Scalar"",""""]",2
aten::empty_like,"[[48],[],[],[],[],[]]","[""int"",""Scalar"","""","""",""Scalar"",""""]",2
aten::empty_like,"[[50],[],[],[],[],[]]","[""int"",""Scalar"","""","""",""Scalar"",""""]",2
aten::empty_like,"[[52],[],[],[],[],[]]","[""int"",""Scalar"","""","""",""Scalar"",""""]",2
aten::empty_like,"[[54],[],[],[],[],[]]","[""int"",""Scalar"","""","""",""Scalar"",""""]",2
aten::empty_like,"[[56],[],[],[],[],[]]","[""int"",""Scalar"","""","""",""Scalar"",""""]",2
aten::empty_like,"[[58],[],[],[],[],[]]","[""int"",""Scalar"","""","""",""Scalar"",""""]",2
aten::empty_like,"[[60],[],[],[],[],[]]","[""int"",""Scalar"","""","""",""Scalar"",""""]",2
aten::empty_like,"[[62],[],[],[],[],[]]","[""int"",""Scalar"","""","""",""Scalar"",""""]",2
aten::empty_like,"[[63,2048],[],[],[],[],[]]","[""c10::BFloat16"","""","""","""",""Scalar"",""""]",2
aten::empty_like,"[[63],[],[],[],[],[]]","[""long int"",""Scalar"","""","""",""Scalar"",""""]",2
aten::empty_like,"[[6],[],[],[],[],[]]","[""int"",""Scalar"","""","""",""Scalar"",""""]",2
aten::expand,"[[3,63],[],[]]","[""long int"",""ScalarList"",""Scalar""]",2
aten::expand,"[[63,1],[],[]]","[""bool"",""ScalarList"",""Scalar""]",2
aten::expand_as,"[[3,63],[3,63]]","[""long int"",""long int""]",2
aten::fill_,"[[1,32],[]]","[""int"",""Scalar""]",2
aten::fill_,"[[10,32],[]]","[""int"",""Scalar""]",2
aten::fill_,"[[10],[]]","[""bool"",""bool""]",2
aten::fill_,"[[10],[]]","[""int"",""Scalar""]",2
aten::fill_,"[[11],[]]","[""int"",""Scalar""]",2
aten::fill_,"[[12,32],[]]","[""int"",""Scalar""]",2
aten::fill_,"[[12],[]]","[""bool"",""bool""]",2
aten::fill_,"[[12],[]]","[""int"",""Scalar""]",2
aten::fill_,"[[13],[]]","[""int"",""Scalar""]",2
aten::fill_,"[[14,32],[]]","[""int"",""Scalar""]",2
aten::fill_,"[[14],[]]","[""bool"",""bool""]",2
aten::fill_,"[[14],[]]","[""int"",""Scalar""]",2
aten::fill_,"[[15],[]]","[""int"",""Scalar""]",2
aten::fill_,"[[16],[]]","[""int"",""Scalar""]",2
aten::fill_,"[[17],[]]","[""int"",""Scalar""]",2
aten::fill_,"[[18],[]]","[""int"",""Scalar""]",2
aten::fill_,"[[19],[]]","[""int"",""Scalar""]",2
aten::fill_,"[[1],[]]","[""bool"",""bool""]",2
aten::fill_,"[[20],[]]","[""int"",""Scalar""]",2
aten::fill_,"[[21],[]]","[""int"",""Scalar""]",2
aten::fill_,"[[22],[]]","[""int"",""Scalar""]",2
aten::fill_,"[[23],[]]","[""int"",""Scalar""]",2
aten::fill_,"[[24],[]]","[""int"",""Scalar""]",2
aten::fill_,"[[25],[]]","[""int"",""Scalar""]",2
aten::fill_,"[[26],[]]","[""int"",""Scalar""]",2
aten::fill_,"[[27],[]]","[""int"",""Scalar""]",2
aten::fill_,"[[28],[]]","[""int"",""Scalar""]",2
aten::fill_,"[[29],[]]","[""int"",""Scalar""]",2
aten::fill_,"[[2],[]]","[""int"",""Scalar""]",2
aten::fill_,"[[30],[]]","[""int"",""Scalar""]",2
aten::fill_,"[[31],[]]","[""int"",""Scalar""]",2
aten::fill_,"[[32],[]]","[""int"",""Scalar""]",2
aten::fill_,"[[33],[]]","[""int"",""Scalar""]",2
aten::fill_,"[[34],[]]","[""int"",""Scalar""]",2
aten::fill_,"[[35],[]]","[""int"",""Scalar""]",2
aten::fill_,"[[36],[]]","[""int"",""Scalar""]",2
aten::fill_,"[[37],[]]","[""int"",""Scalar""]",2
aten::fill_,"[[38],[]]","[""int"",""Scalar""]",2
aten::fill_,"[[39],[]]","[""int"",""Scalar""]",2
aten::fill_,"[[3],[]]","[""int"",""Scalar""]",2
aten::fill_,"[[40],[]]","[""int"",""Scalar""]",2
aten::fill_,"[[41],[]]","[""int"",""Scalar""]",2
aten::fill_,"[[42],[]]","[""int"",""Scalar""]",2
aten::fill_,"[[43],[]]","[""int"",""Scalar""]",2
aten::fill_,"[[44],[]]","[""int"",""Scalar""]",2
aten::fill_,"[[45],[]]","[""int"",""Scalar""]",2
aten::fill_,"[[46],[]]","[""int"",""Scalar""]",2
aten::fill_,"[[47],[]]","[""int"",""Scalar""]",2
aten::fill_,"[[48],[]]","[""int"",""Scalar""]",2
aten::fill_,"[[49],[]]","[""int"",""Scalar""]",2
aten::fill_,"[[4],[]]","[""int"",""Scalar""]",2
aten::fill_,"[[50],[]]","[""int"",""Scalar""]",2
aten::fill_,"[[51],[]]","[""int"",""Scalar""]",2
aten::fill_,"[[52],[]]","[""int"",""Scalar""]",2
aten::fill_,"[[53],[]]","[""int"",""Scalar""]",2
aten::fill_,"[[54],[]]","[""int"",""Scalar""]",2
aten::fill_,"[[55],[]]","[""int"",""Scalar""]",2
aten::fill_,"[[56],[]]","[""int"",""Scalar""]",2
aten::fill_,"[[57],[]]","[""int"",""Scalar""]",2
aten::fill_,"[[58],[]]","[""int"",""Scalar""]",2
aten::fill_,"[[59],[]]","[""int"",""Scalar""]",2
aten::fill_,"[[5],[]]","[""int"",""Scalar""]",2
aten::fill_,"[[60],[]]","[""int"",""Scalar""]",2
aten::fill_,"[[61],[]]","[""int"",""Scalar""]",2
aten::fill_,"[[62],[]]","[""int"",""Scalar""]",2
aten::fill_,"[[6],[]]","[""int"",""Scalar""]",2
aten::fill_,"[[7],[]]","[""int"",""Scalar""]",2
aten::fill_,"[[8,32],[]]","[""int"",""Scalar""]",2
aten::fill_,"[[8],[]]","[""bool"",""bool""]",2
aten::fill_,"[[8],[]]","[""int"",""Scalar""]",2
aten::fill_,"[[9],[]]","[""int"",""Scalar""]",2
aten::index,"[[8,2048],[]]","[""c10::BFloat16"",""""]",2
aten::index_select,"[[2097152],[],[63],[63]]","[""int"",""Scalar"",""long int"",""int""]",2
aten::linear,"[[1,2048],[124160,2048],[]]","[""c10::BFloat16"",""c10::BFloat16"",""""]",2
aten::lt,"[[1],[1]]","[""int"",""int""]",2
aten::lt,"[[8],[8]]","[""int"",""int""]",2
aten::masked_fill_,"[[63,2048],[63,1],[]]","[""c10::BFloat16"",""bool"",""Scalar""]",2
aten::movedim,"[[2,1,124160],[],[]]","[""c10::BFloat16"",""Scalar"",""Scalar""]",2
aten::movedim,"[[2,1,124160],[],[]]","[""c10::BFloat16"",""ScalarList"",""ScalarList""]",2
aten::permute,"[[2,1,124160],[]]","[""c10::BFloat16"",""ScalarList""]",2
aten::reshape,"[[1,2,124160],[]]","[""c10::BFloat16"",""ScalarList""]",2
aten::reshape,"[[10,2,124160],[]]","[""c10::BFloat16"",""ScalarList""]",2
aten::reshape,"[[10],[]]","[""long int"",""ScalarList""]",2
aten::reshape,"[[11,2,124160],[]]","[""c10::BFloat16"",""ScalarList""]",2
aten::reshape,"[[12,2,124160],[]]","[""c10::BFloat16"",""ScalarList""]",2
aten::reshape,"[[12],[]]","[""long int"",""ScalarList""]",2
aten::reshape,"[[13,2,124160],[]]","[""c10::BFloat16"",""ScalarList""]",2
aten::reshape,"[[14,2,124160],[]]","[""c10::BFloat16"",""ScalarList""]",2
aten::reshape,"[[14],[]]","[""long int"",""ScalarList""]",2
aten::reshape,"[[15,2,124160],[]]","[""c10::BFloat16"",""ScalarList""]",2
aten::reshape,"[[16,2,124160],[]]","[""c10::BFloat16"",""ScalarList""]",2
aten::reshape,"[[16],[]]","[""long int"",""ScalarList""]",2
aten::reshape,"[[17,2,124160],[]]","[""c10::BFloat16"",""ScalarList""]",2
aten::reshape,"[[18,2,124160],[]]","[""c10::BFloat16"",""ScalarList""]",2
aten::reshape,"[[18],[]]","[""long int"",""ScalarList""]",2
aten::reshape,"[[19,2,124160],[]]","[""c10::BFloat16"",""ScalarList""]",2
aten::reshape,"[[1],[]]","[""int"",""ScalarList""]",2
aten::reshape,"[[2,124160],[]]","[""c10::BFloat16"",""ScalarList""]",2
aten::reshape,"[[2,2,124160],[]]","[""c10::BFloat16"",""ScalarList""]",2
aten::reshape,"[[20,2,124160],[]]","[""c10::BFloat16"",""ScalarList""]",2
aten::reshape,"[[20],[]]","[""long int"",""ScalarList""]",2
aten::reshape,"[[21,2,124160],[]]","[""c10::BFloat16"",""ScalarList""]",2
aten::reshape,"[[22,2,124160],[]]","[""c10::BFloat16"",""ScalarList""]",2
aten::reshape,"[[22],[]]","[""long int"",""ScalarList""]",2
aten::reshape,"[[23,2,124160],[]]","[""c10::BFloat16"",""ScalarList""]",2
aten::reshape,"[[24,2,124160],[]]","[""c10::BFloat16"",""ScalarList""]",2
aten::reshape,"[[24],[]]","[""long int"",""ScalarList""]",2
aten::reshape,"[[25,2,124160],[]]","[""c10::BFloat16"",""ScalarList""]",2
aten::reshape,"[[26,2,124160],[]]","[""c10::BFloat16"",""ScalarList""]",2
aten::reshape,"[[26],[]]","[""long int"",""ScalarList""]",2
aten::reshape,"[[27,2,124160],[]]","[""c10::BFloat16"",""ScalarList""]",2
aten::reshape,"[[28,2,124160],[]]","[""c10::BFloat16"",""ScalarList""]",2
aten::reshape,"[[28],[]]","[""long int"",""ScalarList""]",2
aten::reshape,"[[29,2,124160],[]]","[""c10::BFloat16"",""ScalarList""]",2
aten::reshape,"[[3,2,124160],[]]","[""c10::BFloat16"",""ScalarList""]",2
aten::reshape,"[[30,2,124160],[]]","[""c10::BFloat16"",""ScalarList""]",2
aten::reshape,"[[30],[]]","[""long int"",""ScalarList""]",2
aten::reshape,"[[31,2,124160],[]]","[""c10::BFloat16"",""ScalarList""]",2
aten::reshape,"[[32,2,124160],[]]","[""c10::BFloat16"",""ScalarList""]",2
aten::reshape,"[[33,2,124160],[]]","[""c10::BFloat16"",""ScalarList""]",2
aten::reshape,"[[34,2,124160],[]]","[""c10::BFloat16"",""ScalarList""]",2
aten::reshape,"[[35,2,124160],[]]","[""c10::BFloat16"",""ScalarList""]",2
aten::reshape,"[[36,2,124160],[]]","[""c10::BFloat16"",""ScalarList""]",2
aten::reshape,"[[37,2,124160],[]]","[""c10::BFloat16"",""ScalarList""]",2
aten::reshape,"[[38,2,124160],[]]","[""c10::BFloat16"",""ScalarList""]",2
aten::reshape,"[[39,2,124160],[]]","[""c10::BFloat16"",""ScalarList""]",2
aten::reshape,"[[4,2,124160],[]]","[""c10::BFloat16"",""ScalarList""]",2
aten::reshape,"[[40,2,124160],[]]","[""c10::BFloat16"",""ScalarList""]",2
aten::reshape,"[[41,2,124160],[]]","[""c10::BFloat16"",""ScalarList""]",2
aten::reshape,"[[42,2,124160],[]]","[""c10::BFloat16"",""ScalarList""]",2
aten::reshape,"[[43,2,124160],[]]","[""c10::BFloat16"",""ScalarList""]",2
aten::reshape,"[[44,2,124160],[]]","[""c10::BFloat16"",""ScalarList""]",2
aten::reshape,"[[45,2,124160],[]]","[""c10::BFloat16"",""ScalarList""]",2
aten::reshape,"[[46,2,124160],[]]","[""c10::BFloat16"",""ScalarList""]",2
aten::reshape,"[[47,2,124160],[]]","[""c10::BFloat16"",""ScalarList""]",2
aten::reshape,"[[48,2,124160],[]]","[""c10::BFloat16"",""ScalarList""]",2
aten::reshape,"[[49,2,124160],[]]","[""c10::BFloat16"",""ScalarList""]",2
aten::reshape,"[[4],[]]","[""long int"",""ScalarList""]",2
aten::reshape,"[[5,2,124160],[]]","[""c10::BFloat16"",""ScalarList""]",2
aten::reshape,"[[50,2,124160],[]]","[""c10::BFloat16"",""ScalarList""]",2
aten::reshape,"[[51,2,124160],[]]","[""c10::BFloat16"",""ScalarList""]",2
aten::reshape,"[[52,2,124160],[]]","[""c10::BFloat16"",""ScalarList""]",2
aten::reshape,"[[53,2,124160],[]]","[""c10::BFloat16"",""ScalarList""]",2
aten::reshape,"[[54,2,124160],[]]","[""c10::BFloat16"",""ScalarList""]",2
aten::reshape,"[[55,2,124160],[]]","[""c10::BFloat16"",""ScalarList""]",2
aten::reshape,"[[56,2,124160],[]]","[""c10::BFloat16"",""ScalarList""]",2
aten::reshape,"[[57,2,124160],[]]","[""c10::BFloat16"",""ScalarList""]",2
aten::reshape,"[[58,2,124160],[]]","[""c10::BFloat16"",""ScalarList""]",2
aten::reshape,"[[59,2,124160],[]]","[""c10::BFloat16"",""ScalarList""]",2
aten::reshape,"[[6,2,124160],[]]","[""c10::BFloat16"",""ScalarList""]",2
aten::reshape,"[[60,2,124160],[]]","[""c10::BFloat16"",""ScalarList""]",2
aten::reshape,"[[61,2,124160],[]]","[""c10::BFloat16"",""ScalarList""]",2
aten::reshape,"[[62,2,124160],[]]","[""c10::BFloat16"",""ScalarList""]",2
aten::reshape,"[[63],[]]","[""bool"",""ScalarList""]",2
aten::reshape,"[[6],[]]","[""long int"",""ScalarList""]",2
aten::reshape,"[[7,2,124160],[]]","[""c10::BFloat16"",""ScalarList""]",2
aten::reshape,"[[8,2,124160],[]]","[""c10::BFloat16"",""ScalarList""]",2
aten::reshape,"[[8],[]]","[""long int"",""ScalarList""]",2
aten::reshape,"[[9,2,124160],[]]","[""c10::BFloat16"",""ScalarList""]",2
aten::select,"[[10,1],[],[]]","[""int"",""Scalar"",""Scalar""]",2
aten::select,"[[12,1],[],[]]","[""int"",""Scalar"",""Scalar""]",2
aten::select,"[[14,1],[],[]]","[""int"",""Scalar"",""Scalar""]",2
aten::select,"[[18,1],[],[]]","[""int"",""Scalar"",""Scalar""]",2
aten::select,"[[20,1],[],[]]","[""int"",""Scalar"",""Scalar""]",2
aten::select,"[[22,1],[],[]]","[""int"",""Scalar"",""Scalar""]",2
aten::select,"[[24,1],[],[]]","[""int"",""Scalar"",""Scalar""]",2
aten::select,"[[26,1],[],[]]","[""int"",""Scalar"",""Scalar""]",2
aten::select,"[[28,1],[],[]]","[""int"",""Scalar"",""Scalar""]",2
aten::select,"[[30,1],[],[]]","[""int"",""Scalar"",""Scalar""]",2
aten::select,"[[34,1],[],[]]","[""int"",""Scalar"",""Scalar""]",2
aten::select,"[[36,1],[],[]]","[""int"",""Scalar"",""Scalar""]",2
aten::select,"[[38,1],[],[]]","[""int"",""Scalar"",""Scalar""]",2
aten::select,"[[40,1],[],[]]","[""int"",""Scalar"",""Scalar""]",2
aten::select,"[[42,1],[],[]]","[""int"",""Scalar"",""Scalar""]",2
aten::select,"[[44,1],[],[]]","[""int"",""Scalar"",""Scalar""]",2
aten::select,"[[46,1],[],[]]","[""int"",""Scalar"",""Scalar""]",2
aten::select,"[[48,1],[],[]]","[""int"",""Scalar"",""Scalar""]",2
aten::select,"[[50,1],[],[]]","[""int"",""Scalar"",""Scalar""]",2
aten::select,"[[52,1],[],[]]","[""int"",""Scalar"",""Scalar""]",2
aten::select,"[[54,1],[],[]]","[""int"",""Scalar"",""Scalar""]",2
aten::select,"[[56,1],[],[]]","[""int"",""Scalar"",""Scalar""]",2
aten::select,"[[58,1],[],[]]","[""int"",""Scalar"",""Scalar""]",2
aten::select,"[[6,1],[],[]]","[""int"",""Scalar"",""Scalar""]",2
aten::select,"[[60,1],[],[]]","[""int"",""Scalar"",""Scalar""]",2
aten::select,"[[62,1],[],[]]","[""int"",""Scalar"",""Scalar""]",2
aten::slice,"[[1,32],[],[],[],[]]","[""int"",""Scalar"",""Scalar"",""Scalar"",""Scalar""]",2
aten::slice,"[[1],[],[],[],[]]","[""bool"",""Scalar"",""Scalar"",""Scalar"",""Scalar""]",2
aten::slice,"[[8,2048],[],[],[],[]]","[""c10::BFloat16"",""Scalar"",""Scalar"",""Scalar"",""Scalar""]",2
aten::slice,"[[8,32],[],[],[],[]]","[""int"",""Scalar"",""Scalar"",""Scalar"",""Scalar""]",2
aten::slice,"[[8],[],[],[],[]]","[""bool"",""Scalar"",""Scalar"",""Scalar"",""Scalar""]",2
aten::squeeze,"[[1,1],[]]","[""long int"",""Scalar""]",2
aten::to,"[[1,1],[],[],[],[],[],[],[]]","[""int"",""Scalar"",""Scalar"","""","""",""Scalar"",""Scalar"",""""]",2
aten::to,"[[1,248320],[],[],[],[]]","[""c10::BFloat16"",""Scalar"",""Scalar"",""Scalar"",""""]",2
aten::to,"[[10],[],[],[],[]]","[""int"",""Scalar"",""Scalar"",""Scalar"",""""]",2
aten::to,"[[11],[],[],[],[]]","[""long int"",""Scalar"",""Scalar"",""Scalar"",""""]",2
aten::to,"[[12],[],[],[],[]]","[""int"",""Scalar"",""Scalar"",""Scalar"",""""]",2
aten::to,"[[13],[],[],[],[]]","[""long int"",""Scalar"",""Scalar"",""Scalar"",""""]",2
aten::to,"[[14],[],[],[],[]]","[""int"",""Scalar"",""Scalar"",""Scalar"",""""]",2
aten::to,"[[15],[],[],[],[]]","[""long int"",""Scalar"",""Scalar"",""Scalar"",""""]",2
aten::to,"[[16],[],[],[],[]]","[""int"",""Scalar"",""Scalar"",""Scalar"",""""]",2
aten::to,"[[17],[],[],[],[]]","[""long int"",""Scalar"",""Scalar"",""Scalar"",""""]",2
aten::to,"[[18],[],[],[],[]]","[""int"",""Scalar"",""Scalar"",""Scalar"",""""]",2
aten::to,"[[19],[],[],[],[]]","[""long int"",""Scalar"",""Scalar"",""Scalar"",""""]",2
aten::to,"[[20],[],[],[],[]]","[""int"",""Scalar"",""Scalar"",""Scalar"",""""]",2
aten::to,"[[21],[],[],[],[]]","[""long int"",""Scalar"",""Scalar"",""Scalar"",""""]",2
aten::to,"[[22],[],[],[],[]]","[""int"",""Scalar"",""Scalar"",""Scalar"",""""]",2
aten::to,"[[23],[],[],[],[]]","[""long int"",""Scalar"",""Scalar"",""Scalar"",""""]",2
aten::to,"[[24],[],[],[],[]]","[""int"",""Scalar"",""Scalar"",""Scalar"",""""]",2
aten::to,"[[25],[],[],[],[]]","[""long int"",""Scalar"",""Scalar"",""Scalar"",""""]",2
aten::to,"[[26],[],[],[],[]]","[""int"",""Scalar"",""Scalar"",""Scalar"",""""]",2
aten::to,"[[27],[],[],[],[]]","[""long int"",""Scalar"",""Scalar"",""Scalar"",""""]",2
aten::to,"[[28],[],[],[],[]]","[""int"",""Scalar"",""Scalar"",""Scalar"",""""]",2
aten::to,"[[29],[],[],[],[]]","[""long int"",""Scalar"",""Scalar"",""Scalar"",""""]",2
aten::to,"[[30],[],[],[],[]]","[""int"",""Scalar"",""Scalar"",""Scalar"",""""]",2
aten::to,"[[31],[],[],[],[]]","[""long int"",""Scalar"",""Scalar"",""Scalar"",""""]",2
aten::to,"[[32],[],[],[],[],[],[],[]]","[""long int"",""Scalar"",""Scalar"","""","""",""Scalar"",""Scalar"",""""]",2
aten::to,"[[32],[],[],[],[],[]]","[""long int"","""",""Scalar"",""Scalar"",""Scalar"",""""]",2
aten::to,"[[32],[],[],[],[]]","[""int"",""Scalar"",""Scalar"",""Scalar"",""""]",2
aten::to,"[[33],[],[],[],[]]","[""long int"",""Scalar"",""Scalar"",""Scalar"",""""]",2
aten::to,"[[34],[],[],[],[],[],[],[]]","[""long int"",""Scalar"",""Scalar"","""","""",""Scalar"",""Scalar"",""""]",2
aten::to,"[[34],[],[],[],[],[]]","[""long int"","""",""Scalar"",""Scalar"",""Scalar"",""""]",2
aten::to,"[[34],[],[],[],[]]","[""int"",""Scalar"",""Scalar"",""Scalar"",""""]",2
aten::to,"[[35],[],[],[],[]]","[""long int"",""Scalar"",""Scalar"",""Scalar"",""""]",2
aten::to,"[[36],[],[],[],[],[],[],[]]","[""long int"",""Scalar"",""Scalar"","""","""",""Scalar"",""Scalar"",""""]",2
aten::to,"[[36],[],[],[],[],[]]","[""long int"","""",""Scalar"",""Scalar"",""Scalar"",""""]",2
aten::to,"[[36],[],[],[],[]]","[""int"",""Scalar"",""Scalar"",""Scalar"",""""]",2
aten::to,"[[37],[],[],[],[]]","[""long int"",""Scalar"",""Scalar"",""Scalar"",""""]",2
aten::to,"[[38],[],[],[],[],[],[],[]]","[""long int"",""Scalar"",""Scalar"","""","""",""Scalar"",""Scalar"",""""]",2
aten::to,"[[38],[],[],[],[],[]]","[""long int"","""",""Scalar"",""Scalar"",""Scalar"",""""]",2
aten::to,"[[38],[],[],[],[]]","[""int"",""Scalar"",""Scalar"",""Scalar"",""""]",2
aten::to,"[[39],[],[],[],[]]","[""long int"",""Scalar"",""Scalar"",""Scalar"",""""]",2
aten::to,"[[3],[],[],[],[]]","[""long int"",""Scalar"",""Scalar"",""Scalar"",""""]",2
aten::to,"[[40],[],[],[],[],[],[],[]]","[""long int"",""Scalar"",""Scalar"","""","""",""Scalar"",""Scalar"",""""]",2
aten::to,"[[40],[],[],[],[],[]]","[""long int"","""",""Scalar"",""Scalar"",""Scalar"",""""]",2
aten::to,"[[40],[],[],[],[]]","[""int"",""Scalar"",""Scalar"",""Scalar"",""""]",2
aten::to,"[[41],[],[],[],[]]","[""long int"",""Scalar"",""Scalar"",""Scalar"",""""]",2
aten::to,"[[42],[],[],[],[],[],[],[]]","[""long int"",""Scalar"",""Scalar"","""","""",""Scalar"",""Scalar"",""""]",2
aten::to,"[[42],[],[],[],[],[]]","[""long int"","""",""Scalar"",""Scalar"",""Scalar"",""""]",2
aten::to,"[[42],[],[],[],[]]","[""int"",""Scalar"",""Scalar"",""Scalar"",""""]",2
aten::to,"[[43],[],[],[],[]]","[""long int"",""Scalar"",""Scalar"",""Scalar"",""""]",2
aten::to,"[[44],[],[],[],[],[],[],[]]","[""long int"",""Scalar"",""Scalar"","""","""",""Scalar"",""Scalar"",""""]",2
aten::to,"[[44],[],[],[],[],[]]","[""long int"","""",""Scalar"",""Scalar"",""Scalar"",""""]",2
aten::to,"[[44],[],[],[],[]]","[""int"",""Scalar"",""Scalar"",""Scalar"",""""]",2
aten::to,"[[45],[],[],[],[]]","[""long int"",""Scalar"",""Scalar"",""Scalar"",""""]",2
aten::to,"[[46],[],[],[],[],[],[],[]]","[""long int"",""Scalar"",""Scalar"","""","""",""Scalar"",""Scalar"",""""]",2
aten::to,"[[46],[],[],[],[],[]]","[""long int"","""",""Scalar"",""Scalar"",""Scalar"",""""]",2
aten::to,"[[46],[],[],[],[]]","[""int"",""Scalar"",""Scalar"",""Scalar"",""""]",2
aten::to,"[[47],[],[],[],[]]","[""long int"",""Scalar"",""Scalar"",""Scalar"",""""]",2
aten::to,"[[48],[],[],[],[],[],[],[]]","[""long int"",""Scalar"",""Scalar"","""","""",""Scalar"",""Scalar"",""""]",2
aten::to,"[[48],[],[],[],[],[]]","[""long int"","""",""Scalar"",""Scalar"",""Scalar"",""""]",2
aten::to,"[[48],[],[],[],[]]","[""int"",""Scalar"",""Scalar"",""Scalar"",""""]",2
aten::to,"[[49],[],[],[],[]]","[""long int"",""Scalar"",""Scalar"",""Scalar"",""""]",2
aten::to,"[[50],[],[],[],[],[],[],[]]","[""long int"",""Scalar"",""Scalar"","""","""",""Scalar"",""Scalar"",""""]",2
aten::to,"[[50],[],[],[],[],[]]","[""long int"","""",""Scalar"",""Scalar"",""Scalar"",""""]",2
aten::to,"[[50],[],[],[],[]]","[""int"",""Scalar"",""Scalar"",""Scalar"",""""]",2
aten::to,"[[51],[],[],[],[]]","[""long int"",""Scalar"",""Scalar"",""Scalar"",""""]",2
aten::to,"[[52],[],[],[],[],[],[],[]]","[""long int"",""Scalar"",""Scalar"","""","""",""Scalar"",""Scalar"",""""]",2
aten::to,"[[52],[],[],[],[],[]]","[""long int"","""",""Scalar"",""Scalar"",""Scalar"",""""]",2
aten::to,"[[52],[],[],[],[]]","[""int"",""Scalar"",""Scalar"",""Scalar"",""""]",2
aten::to,"[[53],[],[],[],[]]","[""long int"",""Scalar"",""Scalar"",""Scalar"",""""]",2
aten::to,"[[54],[],[],[],[],[],[],[]]","[""long int"",""Scalar"",""Scalar"","""","""",""Scalar"",""Scalar"",""""]",2
aten::to,"[[54],[],[],[],[],[]]","[""long int"","""",""Scalar"",""Scalar"",""Scalar"",""""]",2
aten::to,"[[54],[],[],[],[]]","[""int"",""Scalar"",""Scalar"",""Scalar"",""""]",2
aten::to,"[[55],[],[],[],[]]","[""long int"",""Scalar"",""Scalar"",""Scalar"",""""]",2
aten::to,"[[56],[],[],[],[],[],[],[]]","[""long int"",""Scalar"",""Scalar"","""","""",""Scalar"",""Scalar"",""""]",2
aten::to,"[[56],[],[],[],[],[]]","[""long int"","""",""Scalar"",""Scalar"",""Scalar"",""""]",2
aten::to,"[[56],[],[],[],[]]","[""int"",""Scalar"",""Scalar"",""Scalar"",""""]",2
aten::to,"[[57],[],[],[],[]]","[""long int"",""Scalar"",""Scalar"",""Scalar"",""""]",2
aten::to,"[[58],[],[],[],[],[],[],[]]","[""long int"",""Scalar"",""Scalar"","""","""",""Scalar"",""Scalar"",""""]",2
aten::to,"[[58],[],[],[],[],[]]","[""long int"","""",""Scalar"",""Scalar"",""Scalar"",""""]",2
aten::to,"[[58],[],[],[],[]]","[""int"",""Scalar"",""Scalar"",""Scalar"",""""]",2
aten::to,"[[59],[],[],[],[]]","[""long int"",""Scalar"",""Scalar"",""Scalar"",""""]",2
aten::to,"[[5],[],[],[],[]]","[""long int"",""Scalar"",""Scalar"",""Scalar"",""""]",2
aten::to,"[[60],[],[],[],[],[],[],[]]","[""long int"",""Scalar"",""Scalar"","""","""",""Scalar"",""Scalar"",""""]",2
aten::to,"[[60],[],[],[],[],[]]","[""long int"","""",""Scalar"",""Scalar"",""Scalar"",""""]",2
aten::to,"[[60],[],[],[],[]]","[""int"",""Scalar"",""Scalar"",""Scalar"",""""]",2
aten::to,"[[61],[],[],[],[]]","[""long int"",""Scalar"",""Scalar"",""Scalar"",""""]",2
aten::to,"[[62],[],[],[],[],[],[],[]]","[""long int"",""Scalar"",""Scalar"","""","""",""Scalar"",""Scalar"",""""]",2
aten::to,"[[62],[],[],[],[],[]]","[""long int"","""",""Scalar"",""Scalar"",""Scalar"",""""]",2
aten::to,"[[62],[],[],[],[]]","[""int"",""Scalar"",""Scalar"",""Scalar"",""""]",2
aten::to,"[[63],[],[],[],[],[],[],[]]","[""long int"",""Scalar"",""Scalar"","""","""",""Scalar"",""Scalar"",""""]",2
aten::to,"[[63],[],[],[],[],[]]","[""long int"","""",""Scalar"",""Scalar"",""Scalar"",""""]",2
aten::to,"[[6],[],[],[],[]]","[""int"",""Scalar"",""Scalar"",""Scalar"",""""]",2
aten::to,"[[7],[],[],[],[]]","[""long int"",""Scalar"",""Scalar"",""Scalar"",""""]",2
aten::to,"[[8],[],[],[],[]]","[""int"",""Scalar"",""Scalar"",""Scalar"",""""]",2
aten::to,"[[9],[],[],[],[]]","[""long int"",""Scalar"",""Scalar"",""Scalar"",""""]",2
aten::unsqueeze,"[[1],[]]","[""int"",""Scalar""]",2
aten::unsqueeze,"[[63],[]]","[""bool"",""Scalar""]",2
aten::unsqueeze,"[[64],[]]","[""long int"",""Scalar""]",2
aten::view,"[[1,124160],[]]","[""c10::BFloat16"",""ScalarList""]",2
aten::view,"[[1,2,124160],[]]","[""c10::BFloat16"",""ScalarList""]",2
aten::view,"[[10,124160],[]]","[""c10::BFloat16"",""ScalarList""]",2
aten::view,"[[11],[]]","[""long int"",""ScalarList""]",2
aten::view,"[[12,124160],[]]","[""c10::BFloat16"",""ScalarList""]",2
aten::view,"[[13],[]]","[""long int"",""ScalarList""]",2
aten::view,"[[14,124160],[]]","[""c10::BFloat16"",""ScalarList""]",2
aten::view,"[[15],[]]","[""long int"",""ScalarList""]",2
aten::view,"[[16,124160],[]]","[""c10::BFloat16"",""ScalarList""]",2
aten::view,"[[17],[]]","[""long int"",""ScalarList""]",2
aten::view,"[[18,124160],[]]","[""c10::BFloat16"",""ScalarList""]",2
aten::view,"[[19],[]]","[""long int"",""ScalarList""]",2
aten::view,"[[1],[]]","[""int"",""ScalarList""]",2
aten::view,"[[20,124160],[]]","[""c10::BFloat16"",""ScalarList""]",2
aten::view,"[[21],[]]","[""long int"",""ScalarList""]",2
aten::view,"[[22,124160],[]]","[""c10::BFloat16"",""ScalarList""]",2
aten::view,"[[23],[]]","[""long int"",""ScalarList""]",2
aten::view,"[[24,124160],[]]","[""c10::BFloat16"",""ScalarList""]",2
aten::view,"[[25],[]]","[""long int"",""ScalarList""]",2
aten::view,"[[26,124160],[]]","[""c10::BFloat16"",""ScalarList""]",2
aten::view,"[[27],[]]","[""long int"",""ScalarList""]",2
aten::view,"[[28,124160],[]]","[""c10::BFloat16"",""ScalarList""]",2
aten::view,"[[29],[]]","[""long int"",""ScalarList""]",2
aten::view,"[[30,124160],[]]","[""c10::BFloat16"",""ScalarList""]",2
aten::view,"[[31],[]]","[""long int"",""ScalarList""]",2
aten::view,"[[32,124160],[]]","[""c10::BFloat16"",""ScalarList""]",2
aten::view,"[[33],[]]","[""long int"",""ScalarList""]",2
aten::view,"[[34,124160],[]]","[""c10::BFloat16"",""ScalarList""]",2
aten::view,"[[35],[]]","[""long int"",""ScalarList""]",2
aten::view,"[[36,124160],[]]","[""c10::BFloat16"",""ScalarList""]",2
aten::view,"[[37],[]]","[""long int"",""ScalarList""]",2
aten::view,"[[38,124160],[]]","[""c10::BFloat16"",""ScalarList""]",2
aten::view,"[[39],[]]","[""long int"",""ScalarList""]",2
aten::view,"[[4,124160],[]]","[""c10::BFloat16"",""ScalarList""]",2
aten::view,"[[40,124160],[]]","[""c10::BFloat16"",""ScalarList""]",2
aten::view,"[[41],[]]","[""long int"",""ScalarList""]",2
aten::view,"[[42,124160],[]]","[""c10::BFloat16"",""ScalarList""]",2
aten::view,"[[43],[]]","[""long int"",""ScalarList""]",2
aten::view,"[[44,124160],[]]","[""c10::BFloat16"",""ScalarList""]",2
aten::view,"[[45],[]]","[""long int"",""ScalarList""]",2
aten::view,"[[46,124160],[]]","[""c10::BFloat16"",""ScalarList""]",2
aten::view,"[[47],[]]","[""long int"",""ScalarList""]",2
aten::view,"[[48,124160],[]]","[""c10::BFloat16"",""ScalarList""]",2
aten::view,"[[49],[]]","[""long int"",""ScalarList""]",2
aten::view,"[[50,124160],[]]","[""c10::BFloat16"",""ScalarList""]",2
aten::view,"[[51],[]]","[""long int"",""ScalarList""]",2
aten::view,"[[52,124160],[]]","[""c10::BFloat16"",""ScalarList""]",2
aten::view,"[[53],[]]","[""long int"",""ScalarList""]",2
aten::view,"[[54,124160],[]]","[""c10::BFloat16"",""ScalarList""]",2
aten::view,"[[55],[]]","[""long int"",""ScalarList""]",2
aten::view,"[[56,124160],[]]","[""c10::BFloat16"",""ScalarList""]",2
aten::view,"[[57],[]]","[""long int"",""ScalarList""]",2
aten::view,"[[58,124160],[]]","[""c10::BFloat16"",""ScalarList""]",2
aten::view,"[[59],[]]","[""long int"",""ScalarList""]",2
aten::view,"[[5],[]]","[""long int"",""ScalarList""]",2
aten::view,"[[6,124160],[]]","[""c10::BFloat16"",""ScalarList""]",2
aten::view,"[[60,124160],[]]","[""c10::BFloat16"",""ScalarList""]",2
aten::view,"[[61],[]]","[""long int"",""ScalarList""]",2
aten::view,"[[62,124160],[]]","[""c10::BFloat16"",""ScalarList""]",2
aten::view,"[[63],[]]","[""bool"",""ScalarList""]",2
aten::view,"[[7],[]]","[""long int"",""ScalarList""]",2
aten::view,"[[8,124160],[]]","[""c10::BFloat16"",""ScalarList""]",2
aten::view,"[[9],[]]","[""long int"",""ScalarList""]",2
aten::zero_,[[63]],"[""bool""]",2
c10d::_allgather_base_,"[[2,124160],[1,124160],[],[],[]]","[""c10::BFloat16"",""c10::BFloat16"","""",""Scalar"",""Scalar""]",2
record_param_comms,"[[1,124160],[],[],[],[],[],[],[],[],[]]","[""c10::BFloat16"","""","""",""Scalar"","""",""ScalarList"",""ScalarList"",""Scalar"",""Scalar"",""Scalar""]",2
triton_poi_fused___and_____or___add_bitwise_not_ge_lt_mul_sub_0,"[[63],[63],[63],[],[],[],[],[],[]]","[""int"",""long int"",""bool"",""Scalar"",""Scalar"",""Scalar"",""Scalar"",""Scalar"",""Scalar""]",2
vllm::all_gather,"[[1,124160],[],[],[]]","[""c10::BFloat16"",""Scalar"",""Scalar"",""""]",2
vllm::all_reduce,"[[63,2048],[]]","[""c10::BFloat16"",""""]",2
_C_custom_ar::all_reduce,"[[],[1,2048],[1,2048],[],[]]","[""Scalar"",""c10::BFloat16"",""c10::BFloat16"",""Scalar"",""Scalar""]",1
_C_custom_ar::all_reduce,"[[],[10,2048],[10,2048],[],[]]","[""Scalar"",""c10::BFloat16"",""c10::BFloat16"",""Scalar"",""Scalar""]",1
_C_custom_ar::all_reduce,"[[],[12,2048],[12,2048],[],[]]","[""Scalar"",""c10::BFloat16"",""c10::BFloat16"",""Scalar"",""Scalar""]",1
_C_custom_ar::all_reduce,"[[],[14,2048],[14,2048],[],[]]","[""Scalar"",""c10::BFloat16"",""c10::BFloat16"",""Scalar"",""Scalar""]",1
_C_custom_ar::all_reduce,"[[],[16,2048],[16,2048],[],[]]","[""Scalar"",""c10::BFloat16"",""c10::BFloat16"",""Scalar"",""Scalar""]",1
_C_custom_ar::all_reduce,"[[],[18,2048],[18,2048],[],[]]","[""Scalar"",""c10::BFloat16"",""c10::BFloat16"",""Scalar"",""Scalar""]",1
_C_custom_ar::all_reduce,"[[],[2,2048],[2,2048],[],[]]","[""Scalar"",""c10::BFloat16"",""c10::BFloat16"",""Scalar"",""Scalar""]",1
_C_custom_ar::all_reduce,"[[],[20,2048],[20,2048],[],[]]","[""Scalar"",""c10::BFloat16"",""c10::BFloat16"",""Scalar"",""Scalar""]",1
_C_custom_ar::all_reduce,"[[],[22,2048],[22,2048],[],[]]","[""Scalar"",""c10::BFloat16"",""c10::BFloat16"",""Scalar"",""Scalar""]",1
_C_custom_ar::all_reduce,"[[],[24,2048],[24,2048],[],[]]","[""Scalar"",""c10::BFloat16"",""c10::BFloat16"",""Scalar"",""Scalar""]",1
_C_custom_ar::all_reduce,"[[],[26,2048],[26,2048],[],[]]","[""Scalar"",""c10::BFloat16"",""c10::BFloat16"",""Scalar"",""Scalar""]",1
_C_custom_ar::all_reduce,"[[],[28,2048],[28,2048],[],[]]","[""Scalar"",""c10::BFloat16"",""c10::BFloat16"",""Scalar"",""Scalar""]",1
_C_custom_ar::all_reduce,"[[],[30,2048],[30,2048],[],[]]","[""Scalar"",""c10::BFloat16"",""c10::BFloat16"",""Scalar"",""Scalar""]",1
_C_custom_ar::all_reduce,"[[],[32,2048],[32,2048],[],[]]","[""Scalar"",""c10::BFloat16"",""c10::BFloat16"",""Scalar"",""Scalar""]",1
_C_custom_ar::all_reduce,"[[],[34,2048],[34,2048],[],[]]","[""Scalar"",""c10::BFloat16"",""c10::BFloat16"",""Scalar"",""Scalar""]",1
_C_custom_ar::all_reduce,"[[],[36,2048],[36,2048],[],[]]","[""Scalar"",""c10::BFloat16"",""c10::BFloat16"",""Scalar"",""Scalar""]",1
_C_custom_ar::all_reduce,"[[],[38,2048],[38,2048],[],[]]","[""Scalar"",""c10::BFloat16"",""c10::BFloat16"",""Scalar"",""Scalar""]",1
_C_custom_ar::all_reduce,"[[],[4,2048],[4,2048],[],[]]","[""Scalar"",""c10::BFloat16"",""c10::BFloat16"",""Scalar"",""Scalar""]",1
_C_custom_ar::all_reduce,"[[],[40,2048],[40,2048],[],[]]","[""Scalar"",""c10::BFloat16"",""c10::BFloat16"",""Scalar"",""Scalar""]",1
_C_custom_ar::all_reduce,"[[],[42,2048],[42,2048],[],[]]","[""Scalar"",""c10::BFloat16"",""c10::BFloat16"",""Scalar"",""Scalar""]",1
_C_custom_ar::all_reduce,"[[],[44,2048],[44,2048],[],[]]","[""Scalar"",""c10::BFloat16"",""c10::BFloat16"",""Scalar"",""Scalar""]",1
_C_custom_ar::all_reduce,"[[],[46,2048],[46,2048],[],[]]","[""Scalar"",""c10::BFloat16"",""c10::BFloat16"",""Scalar"",""Scalar""]",1
_C_custom_ar::all_reduce,"[[],[48,2048],[48,2048],[],[]]","[""Scalar"",""c10::BFloat16"",""c10::BFloat16"",""Scalar"",""Scalar""]",1
_C_custom_ar::all_reduce,"[[],[50,2048],[50,2048],[],[]]","[""Scalar"",""c10::BFloat16"",""c10::BFloat16"",""Scalar"",""Scalar""]",1
_C_custom_ar::all_reduce,"[[],[52,2048],[52,2048],[],[]]","[""Scalar"",""c10::BFloat16"",""c10::BFloat16"",""Scalar"",""Scalar""]",1
_C_custom_ar::all_reduce,"[[],[54,2048],[54,2048],[],[]]","[""Scalar"",""c10::BFloat16"",""c10::BFloat16"",""Scalar"",""Scalar""]",1
_C_custom_ar::all_reduce,"[[],[56,2048],[56,2048],[],[]]","[""Scalar"",""c10::BFloat16"",""c10::BFloat16"",""Scalar"",""Scalar""]",1
_C_custom_ar::all_reduce,"[[],[58,2048],[58,2048],[],[]]","[""Scalar"",""c10::BFloat16"",""c10::BFloat16"",""Scalar"",""Scalar""]",1
_C_custom_ar::all_reduce,"[[],[6,2048],[6,2048],[],[]]","[""Scalar"",""c10::BFloat16"",""c10::BFloat16"",""Scalar"",""Scalar""]",1
_C_custom_ar::all_reduce,"[[],[60,2048],[60,2048],[],[]]","[""Scalar"",""c10::BFloat16"",""c10::BFloat16"",""Scalar"",""Scalar""]",1
_C_custom_ar::all_reduce,"[[],[62,2048],[62,2048],[],[]]","[""Scalar"",""c10::BFloat16"",""c10::BFloat16"",""Scalar"",""Scalar""]",1
_C_custom_ar::all_reduce,"[[],[8,2048],[8,2048],[],[]]","[""Scalar"",""c10::BFloat16"",""c10::BFloat16"",""Scalar"",""Scalar""]",1
aten::_to_copy,"[[10,1],[],[],[],[],[],[]]","[""int"",""Scalar"",""Scalar"","""","""",""Scalar"",""""]",1
aten::_to_copy,"[[10,248320],[],[],[],[],[],[]]","[""c10::BFloat16"",""Scalar"","""","""","""",""Scalar"",""""]",1
aten::_to_copy,"[[10],[],[],[],[],[],[]]","[""long int"",""Scalar"","""","""","""",""Scalar"",""""]",1
aten::_to_copy,"[[11,1],[],[],[],[],[],[]]","[""int"",""Scalar"",""Scalar"","""","""",""Scalar"",""""]",1
aten::_to_copy,"[[11,248320],[],[],[],[],[],[]]","[""c10::BFloat16"",""Scalar"","""","""","""",""Scalar"",""""]",1
aten::_to_copy,"[[11],[],[],[],[],[],[]]","[""long int"",""Scalar"","""","""","""",""Scalar"",""""]",1
aten::_to_copy,"[[12,1],[],[],[],[],[],[]]","[""int"",""Scalar"",""Scalar"","""","""",""Scalar"",""""]",1
aten::_to_copy,"[[12,248320],[],[],[],[],[],[]]","[""c10::BFloat16"",""Scalar"","""","""","""",""Scalar"",""""]",1
aten::_to_copy,"[[12],[],[],[],[],[],[]]","[""long int"",""Scalar"","""","""","""",""Scalar"",""""]",1
aten::_to_copy,"[[13,1],[],[],[],[],[],[]]","[""int"",""Scalar"",""Scalar"","""","""",""Scalar"",""""]",1
aten::_to_copy,"[[13,248320],[],[],[],[],[],[]]","[""c10::BFloat16"",""Scalar"","""","""","""",""Scalar"",""""]",1
aten::_to_copy,"[[13],[],[],[],[],[],[]]","[""long int"",""Scalar"","""","""","""",""Scalar"",""""]",1
aten::_to_copy,"[[14,1],[],[],[],[],[],[]]","[""int"",""Scalar"",""Scalar"","""","""",""Scalar"",""""]",1
aten::_to_copy,"[[14,248320],[],[],[],[],[],[]]","[""c10::BFloat16"",""Scalar"","""","""","""",""Scalar"",""""]",1
aten::_to_copy,"[[14],[],[],[],[],[],[]]","[""long int"",""Scalar"","""","""","""",""Scalar"",""""]",1
aten::_to_copy,"[[15,1],[],[],[],[],[],[]]","[""int"",""Scalar"",""Scalar"","""","""",""Scalar"",""""]",1
aten::_to_copy,"[[15,248320],[],[],[],[],[],[]]","[""c10::BFloat16"",""Scalar"","""","""","""",""Scalar"",""""]",1
aten::_to_copy,"[[15],[],[],[],[],[],[]]","[""long int"",""Scalar"","""","""","""",""Scalar"",""""]",1
aten::_to_copy,"[[16,1],[],[],[],[],[],[]]","[""int"",""Scalar"",""Scalar"","""","""",""Scalar"",""""]",1
aten::_to_copy,"[[16,248320],[],[],[],[],[],[]]","[""c10::BFloat16"",""Scalar"","""","""","""",""Scalar"",""""]",1
aten::_to_copy,"[[16],[],[],[],[],[],[]]","[""long int"",""Scalar"","""","""","""",""Scalar"",""""]",1
aten::_to_copy,"[[17,1],[],[],[],[],[],[]]","[""int"",""Scalar"",""Scalar"","""","""",""Scalar"",""""]",1
aten::_to_copy,"[[17,248320],[],[],[],[],[],[]]","[""c10::BFloat16"",""Scalar"","""","""","""",""Scalar"",""""]",1
aten::_to_copy,"[[17],[],[],[],[],[],[]]","[""long int"",""Scalar"","""","""","""",""Scalar"",""""]",1
aten::_to_copy,"[[18,1],[],[],[],[],[],[]]","[""int"",""Scalar"",""Scalar"","""","""",""Scalar"",""""]",1
aten::_to_copy,"[[18,248320],[],[],[],[],[],[]]","[""c10::BFloat16"",""Scalar"","""","""","""",""Scalar"",""""]",1
aten::_to_copy,"[[18],[],[],[],[],[],[]]","[""long int"",""Scalar"","""","""","""",""Scalar"",""""]",1
aten::_to_copy,"[[19,1],[],[],[],[],[],[]]","[""int"",""Scalar"",""Scalar"","""","""",""Scalar"",""""]",1
aten::_to_copy,"[[19,248320],[],[],[],[],[],[]]","[""c10::BFloat16"",""Scalar"","""","""","""",""Scalar"",""""]",1
aten::_to_copy,"[[19],[],[],[],[],[],[]]","[""long int"",""Scalar"","""","""","""",""Scalar"",""""]",1
aten::_to_copy,"[[2,1],[],[],[],[],[],[]]","[""int"",""Scalar"",""Scalar"","""","""",""Scalar"",""""]",1
aten::_to_copy,"[[2,248320],[],[],[],[],[],[]]","[""c10::BFloat16"",""Scalar"","""","""","""",""Scalar"",""""]",1
aten::_to_copy,"[[20,1],[],[],[],[],[],[]]","[""int"",""Scalar"",""Scalar"","""","""",""Scalar"",""""]",1
aten::_to_copy,"[[20,248320],[],[],[],[],[],[]]","[""c10::BFloat16"",""Scalar"","""","""","""",""Scalar"",""""]",1
aten::_to_copy,"[[20],[],[],[],[],[],[]]","[""long int"",""Scalar"","""","""","""",""Scalar"",""""]",1
aten::_to_copy,"[[21,1],[],[],[],[],[],[]]","[""int"",""Scalar"",""Scalar"","""","""",""Scalar"",""""]",1
aten::_to_copy,"[[21,248320],[],[],[],[],[],[]]","[""c10::BFloat16"",""Scalar"","""","""","""",""Scalar"",""""]",1
aten::_to_copy,"[[21],[],[],[],[],[],[]]","[""long int"",""Scalar"","""","""","""",""Scalar"",""""]",1
aten::_to_copy,"[[22,1],[],[],[],[],[],[]]","[""int"",""Scalar"",""Scalar"","""","""",""Scalar"",""""]",1
aten::_to_copy,"[[22,248320],[],[],[],[],[],[]]","[""c10::BFloat16"",""Scalar"","""","""","""",""Scalar"",""""]",1
aten::_to_copy,"[[22],[],[],[],[],[],[]]","[""long int"",""Scalar"","""","""","""",""Scalar"",""""]",1
aten::_to_copy,"[[23,1],[],[],[],[],[],[]]","[""int"",""Scalar"",""Scalar"","""","""",""Scalar"",""""]",1
aten::_to_copy,"[[23,248320],[],[],[],[],[],[]]","[""c10::BFloat16"",""Scalar"","""","""","""",""Scalar"",""""]",1
aten::_to_copy,"[[23],[],[],[],[],[],[]]","[""long int"",""Scalar"","""","""","""",""Scalar"",""""]",1
aten::_to_copy,"[[24,1],[],[],[],[],[],[]]","[""int"",""Scalar"",""Scalar"","""","""",""Scalar"",""""]",1
aten::_to_copy,"[[24,248320],[],[],[],[],[],[]]","[""c10::BFloat16"",""Scalar"","""","""","""",""Scalar"",""""]",1
aten::_to_copy,"[[24],[],[],[],[],[],[]]","[""long int"",""Scalar"","""","""","""",""Scalar"",""""]",1
aten::_to_copy,"[[25,1],[],[],[],[],[],[]]","[""int"",""Scalar"",""Scalar"","""","""",""Scalar"",""""]",1
aten::_to_copy,"[[25,248320],[],[],[],[],[],[]]","[""c10::BFloat16"",""Scalar"","""","""","""",""Scalar"",""""]",1
aten::_to_copy,"[[25],[],[],[],[],[],[]]","[""long int"",""Scalar"","""","""","""",""Scalar"",""""]",1
aten::_to_copy,"[[26,1],[],[],[],[],[],[]]","[""int"",""Scalar"",""Scalar"","""","""",""Scalar"",""""]",1
aten::_to_copy,"[[26,248320],[],[],[],[],[],[]]","[""c10::BFloat16"",""Scalar"","""","""","""",""Scalar"",""""]",1
aten::_to_copy,"[[26],[],[],[],[],[],[]]","[""long int"",""Scalar"","""","""","""",""Scalar"",""""]",1
aten::_to_copy,"[[27,1],[],[],[],[],[],[]]","[""int"",""Scalar"",""Scalar"","""","""",""Scalar"",""""]",1
aten::_to_copy,"[[27,248320],[],[],[],[],[],[]]","[""c10::BFloat16"",""Scalar"","""","""","""",""Scalar"",""""]",1
aten::_to_copy,"[[27],[],[],[],[],[],[]]","[""long int"",""Scalar"","""","""","""",""Scalar"",""""]",1
aten::_to_copy,"[[28,1],[],[],[],[],[],[]]","[""int"",""Scalar"",""Scalar"","""","""",""Scalar"",""""]",1
aten::_to_copy,"[[28,248320],[],[],[],[],[],[]]","[""c10::BFloat16"",""Scalar"","""","""","""",""Scalar"",""""]",1
aten::_to_copy,"[[28],[],[],[],[],[],[]]","[""long int"",""Scalar"","""","""","""",""Scalar"",""""]",1
aten::_to_copy,"[[29,1],[],[],[],[],[],[]]","[""int"",""Scalar"",""Scalar"","""","""",""Scalar"",""""]",1
aten::_to_copy,"[[29,248320],[],[],[],[],[],[]]","[""c10::BFloat16"",""Scalar"","""","""","""",""Scalar"",""""]",1
aten::_to_copy,"[[29],[],[],[],[],[],[]]","[""long int"",""Scalar"","""","""","""",""Scalar"",""""]",1
aten::_to_copy,"[[2],[],[],[],[],[],[]]","[""long int"",""Scalar"","""","""","""",""Scalar"",""""]",1
aten::_to_copy,"[[3,1],[],[],[],[],[],[]]","[""int"",""Scalar"",""Scalar"","""","""",""Scalar"",""""]",1
aten::_to_copy,"[[3,248320],[],[],[],[],[],[]]","[""c10::BFloat16"",""Scalar"","""","""","""",""Scalar"",""""]",1
aten::_to_copy,"[[30,1],[],[],[],[],[],[]]","[""int"",""Scalar"",""Scalar"","""","""",""Scalar"",""""]",1
aten::_to_copy,"[[30,248320],[],[],[],[],[],[]]","[""c10::BFloat16"",""Scalar"","""","""","""",""Scalar"",""""]",1
aten::_to_copy,"[[30],[],[],[],[],[],[]]","[""long int"",""Scalar"","""","""","""",""Scalar"",""""]",1
aten::_to_copy,"[[31,1],[],[],[],[],[],[]]","[""int"",""Scalar"",""Scalar"","""","""",""Scalar"",""""]",1
aten::_to_copy,"[[31,248320],[],[],[],[],[],[]]","[""c10::BFloat16"",""Scalar"","""","""","""",""Scalar"",""""]",1
aten::_to_copy,"[[31],[],[],[],[],[],[]]","[""long int"",""Scalar"","""","""","""",""Scalar"",""""]",1
aten::_to_copy,"[[32,1],[],[],[],[],[],[]]","[""int"",""Scalar"",""Scalar"","""","""",""Scalar"",""""]",1
aten::_to_copy,"[[32,248320],[],[],[],[],[],[]]","[""c10::BFloat16"",""Scalar"","""","""","""",""Scalar"",""""]",1
aten::_to_copy,"[[32],[],[],[],[],[],[]]","[""long int"",""Scalar"","""","""","""",""Scalar"",""""]",1
aten::_to_copy,"[[33,1],[],[],[],[],[],[]]","[""int"",""Scalar"",""Scalar"","""","""",""Scalar"",""""]",1
aten::_to_copy,"[[33,248320],[],[],[],[],[],[]]","[""c10::BFloat16"",""Scalar"","""","""","""",""Scalar"",""""]",1
aten::_to_copy,"[[33],[],[],[],[],[],[]]","[""long int"",""Scalar"","""","""","""",""Scalar"",""""]",1
aten::_to_copy,"[[34,1],[],[],[],[],[],[]]","[""int"",""Scalar"",""Scalar"","""","""",""Scalar"",""""]",1
aten::_to_copy,"[[34,248320],[],[],[],[],[],[]]","[""c10::BFloat16"",""Scalar"","""","""","""",""Scalar"",""""]",1
aten::_to_copy,"[[34],[],[],[],[],[],[]]","[""long int"",""Scalar"","""","""","""",""Scalar"",""""]",1
aten::_to_copy,"[[35,1],[],[],[],[],[],[]]","[""int"",""Scalar"",""Scalar"","""","""",""Scalar"",""""]",1
aten::_to_copy,"[[35,248320],[],[],[],[],[],[]]","[""c10::BFloat16"",""Scalar"","""","""","""",""Scalar"",""""]",1
aten::_to_copy,"[[35],[],[],[],[],[],[]]","[""long int"",""Scalar"","""","""","""",""Scalar"",""""]",1
aten::_to_copy,"[[36,1],[],[],[],[],[],[]]","[""int"",""Scalar"",""Scalar"","""","""",""Scalar"",""""]",1
aten::_to_copy,"[[36,248320],[],[],[],[],[],[]]","[""c10::BFloat16"",""Scalar"","""","""","""",""Scalar"",""""]",1
aten::_to_copy,"[[36],[],[],[],[],[],[]]","[""long int"",""Scalar"","""","""","""",""Scalar"",""""]",1
aten::_to_copy,"[[37,1],[],[],[],[],[],[]]","[""int"",""Scalar"",""Scalar"","""","""",""Scalar"",""""]",1
aten::_to_copy,"[[37,248320],[],[],[],[],[],[]]","[""c10::BFloat16"",""Scalar"","""","""","""",""Scalar"",""""]",1
aten::_to_copy,"[[37],[],[],[],[],[],[]]","[""long int"",""Scalar"","""","""","""",""Scalar"",""""]",1
aten::_to_copy,"[[38,1],[],[],[],[],[],[]]","[""int"",""Scalar"",""Scalar"","""","""",""Scalar"",""""]",1
aten::_to_copy,"[[38,248320],[],[],[],[],[],[]]","[""c10::BFloat16"",""Scalar"","""","""","""",""Scalar"",""""]",1
aten::_to_copy,"[[38],[],[],[],[],[],[]]","[""long int"",""Scalar"","""","""","""",""Scalar"",""""]",1
aten::_to_copy,"[[39,1],[],[],[],[],[],[]]","[""int"",""Scalar"",""Scalar"","""","""",""Scalar"",""""]",1
aten::_to_copy,"[[39,248320],[],[],[],[],[],[]]","[""c10::BFloat16"",""Scalar"","""","""","""",""Scalar"",""""]",1
aten::_to_copy,"[[39],[],[],[],[],[],[]]","[""long int"",""Scalar"","""","""","""",""Scalar"",""""]",1
aten::_to_copy,"[[3],[],[],[],[],[],[]]","[""long int"",""Scalar"","""","""","""",""Scalar"",""""]",1
aten::_to_copy,"[[4,1],[],[],[],[],[],[]]","[""int"",""Scalar"",""Scalar"","""","""",""Scalar"",""""]",1
aten::_to_copy,"[[4,248320],[],[],[],[],[],[]]","[""c10::BFloat16"",""Scalar"","""","""","""",""Scalar"",""""]",1
aten::_to_copy,"[[40,1],[],[],[],[],[],[]]","[""int"",""Scalar"",""Scalar"","""","""",""Scalar"",""""]",1
aten::_to_copy,"[[40,248320],[],[],[],[],[],[]]","[""c10::BFloat16"",""Scalar"","""","""","""",""Scalar"",""""]",1
aten::_to_copy,"[[4096],[],[],[],[],[],[]]","[""int"",""Scalar"","""","""","""",""Scalar"",""""]",1
aten::_to_copy,"[[40],[],[],[],[],[],[]]","[""long int"",""Scalar"","""","""","""",""Scalar"",""""]",1
aten::_to_copy,"[[41,1],[],[],[],[],[],[]]","[""int"",""Scalar"",""Scalar"","""","""",""Scalar"",""""]",1
aten::_to_copy,"[[41,248320],[],[],[],[],[],[]]","[""c10::BFloat16"",""Scalar"","""","""","""",""Scalar"",""""]",1
aten::_to_copy,"[[41],[],[],[],[],[],[]]","[""long int"",""Scalar"","""","""","""",""Scalar"",""""]",1
aten::_to_copy,"[[42,1],[],[],[],[],[],[]]","[""int"",""Scalar"",""Scalar"","""","""",""Scalar"",""""]",1
aten::_to_copy,"[[42,248320],[],[],[],[],[],[]]","[""c10::BFloat16"",""Scalar"","""","""","""",""Scalar"",""""]",1
aten::_to_copy,"[[42],[],[],[],[],[],[]]","[""long int"",""Scalar"","""","""","""",""Scalar"",""""]",1
aten::_to_copy,"[[43,1],[],[],[],[],[],[]]","[""int"",""Scalar"",""Scalar"","""","""",""Scalar"",""""]",1
aten::_to_copy,"[[43,248320],[],[],[],[],[],[]]","[""c10::BFloat16"",""Scalar"","""","""","""",""Scalar"",""""]",1
aten::_to_copy,"[[43],[],[],[],[],[],[]]","[""long int"",""Scalar"","""","""","""",""Scalar"",""""]",1
aten::_to_copy,"[[44,1],[],[],[],[],[],[]]","[""int"",""Scalar"",""Scalar"","""","""",""Scalar"",""""]",1
aten::_to_copy,"[[44,248320],[],[],[],[],[],[]]","[""c10::BFloat16"",""Scalar"","""","""","""",""Scalar"",""""]",1
aten::_to_copy,"[[44],[],[],[],[],[],[]]","[""long int"",""Scalar"","""","""","""",""Scalar"",""""]",1
aten::_to_copy,"[[45,1],[],[],[],[],[],[]]","[""int"",""Scalar"",""Scalar"","""","""",""Scalar"",""""]",1
aten::_to_copy,"[[45,248320],[],[],[],[],[],[]]","[""c10::BFloat16"",""Scalar"","""","""","""",""Scalar"",""""]",1
aten::_to_copy,"[[45],[],[],[],[],[],[]]","[""long int"",""Scalar"","""","""","""",""Scalar"",""""]",1
aten::_to_copy,"[[46,1],[],[],[],[],[],[]]","[""int"",""Scalar"",""Scalar"","""","""",""Scalar"",""""]",1
aten::_to_copy,"[[46,248320],[],[],[],[],[],[]]","[""c10::BFloat16"",""Scalar"","""","""","""",""Scalar"",""""]",1
aten::_to_copy,"[[46],[],[],[],[],[],[]]","[""long int"",""Scalar"","""","""","""",""Scalar"",""""]",1
aten::_to_copy,"[[47,1],[],[],[],[],[],[]]","[""int"",""Scalar"",""Scalar"","""","""",""Scalar"",""""]",1
aten::_to_copy,"[[47,248320],[],[],[],[],[],[]]","[""c10::BFloat16"",""Scalar"","""","""","""",""Scalar"",""""]",1
aten::_to_copy,"[[47],[],[],[],[],[],[]]","[""long int"",""Scalar"","""","""","""",""Scalar"",""""]",1
aten::_to_copy,"[[48,1],[],[],[],[],[],[]]","[""int"",""Scalar"",""Scalar"","""","""",""Scalar"",""""]",1
aten::_to_copy,"[[48,248320],[],[],[],[],[],[]]","[""c10::BFloat16"",""Scalar"","""","""","""",""Scalar"",""""]",1
aten::_to_copy,"[[48],[],[],[],[],[],[]]","[""long int"",""Scalar"","""","""","""",""Scalar"",""""]",1
aten::_to_copy,"[[49,1],[],[],[],[],[],[]]","[""int"",""Scalar"",""Scalar"","""","""",""Scalar"",""""]",1
aten::_to_copy,"[[49,248320],[],[],[],[],[],[]]","[""c10::BFloat16"",""Scalar"","""","""","""",""Scalar"",""""]",1
aten::_to_copy,"[[49],[],[],[],[],[],[]]","[""long int"",""Scalar"","""","""","""",""Scalar"",""""]",1
aten::_to_copy,"[[4],[],[],[],[],[],[]]","[""long int"",""Scalar"","""","""","""",""Scalar"",""""]",1
aten::_to_copy,"[[5,1],[],[],[],[],[],[]]","[""int"",""Scalar"",""Scalar"","""","""",""Scalar"",""""]",1
aten::_to_copy,"[[5,248320],[],[],[],[],[],[]]","[""c10::BFloat16"",""Scalar"","""","""","""",""Scalar"",""""]",1
aten::_to_copy,"[[50,1],[],[],[],[],[],[]]","[""int"",""Scalar"",""Scalar"","""","""",""Scalar"",""""]",1
aten::_to_copy,"[[50,248320],[],[],[],[],[],[]]","[""c10::BFloat16"",""Scalar"","""","""","""",""Scalar"",""""]",1
aten::_to_copy,"[[5089],[],[],[],[],[],[]]","[""int"",""Scalar"","""","""","""",""Scalar"",""""]",1
aten::_to_copy,"[[50],[],[],[],[],[],[]]","[""long int"",""Scalar"","""","""","""",""Scalar"",""""]",1
aten::_to_copy,"[[51,1],[],[],[],[],[],[]]","[""int"",""Scalar"",""Scalar"","""","""",""Scalar"",""""]",1
aten::_to_copy,"[[51,248320],[],[],[],[],[],[]]","[""c10::BFloat16"",""Scalar"","""","""","""",""Scalar"",""""]",1
aten::_to_copy,"[[51],[],[],[],[],[],[]]","[""long int"",""Scalar"","""","""","""",""Scalar"",""""]",1
aten::_to_copy,"[[52,1],[],[],[],[],[],[]]","[""int"",""Scalar"",""Scalar"","""","""",""Scalar"",""""]",1
aten::_to_copy,"[[52,248320],[],[],[],[],[],[]]","[""c10::BFloat16"",""Scalar"","""","""","""",""Scalar"",""""]",1
aten::_to_copy,"[[52],[],[],[],[],[],[]]","[""long int"",""Scalar"","""","""","""",""Scalar"",""""]",1
aten::_to_copy,"[[53,1],[],[],[],[],[],[]]","[""int"",""Scalar"",""Scalar"","""","""",""Scalar"",""""]",1
aten::_to_copy,"[[53,248320],[],[],[],[],[],[]]","[""c10::BFloat16"",""Scalar"","""","""","""",""Scalar"",""""]",1
aten::_to_copy,"[[53],[],[],[],[],[],[]]","[""long int"",""Scalar"","""","""","""",""Scalar"",""""]",1
aten::_to_copy,"[[54,1],[],[],[],[],[],[]]","[""int"",""Scalar"",""Scalar"","""","""",""Scalar"",""""]",1
aten::_to_copy,"[[54,248320],[],[],[],[],[],[]]","[""c10::BFloat16"",""Scalar"","""","""","""",""Scalar"",""""]",1
aten::_to_copy,"[[54],[],[],[],[],[],[]]","[""long int"",""Scalar"","""","""","""",""Scalar"",""""]",1
aten::_to_copy,"[[55,1],[],[],[],[],[],[]]","[""int"",""Scalar"",""Scalar"","""","""",""Scalar"",""""]",1
aten::_to_copy,"[[55,248320],[],[],[],[],[],[]]","[""c10::BFloat16"",""Scalar"","""","""","""",""Scalar"",""""]",1
aten::_to_copy,"[[55],[],[],[],[],[],[]]","[""long int"",""Scalar"","""","""","""",""Scalar"",""""]",1
aten::_to_copy,"[[56,1],[],[],[],[],[],[]]","[""int"",""Scalar"",""Scalar"","""","""",""Scalar"",""""]",1
aten::_to_copy,"[[56,248320],[],[],[],[],[],[]]","[""c10::BFloat16"",""Scalar"","""","""","""",""Scalar"",""""]",1
aten::_to_copy,"[[56],[],[],[],[],[],[]]","[""long int"",""Scalar"","""","""","""",""Scalar"",""""]",1
aten::_to_copy,"[[57,1],[],[],[],[],[],[]]","[""int"",""Scalar"",""Scalar"","""","""",""Scalar"",""""]",1
aten::_to_copy,"[[57,248320],[],[],[],[],[],[]]","[""c10::BFloat16"",""Scalar"","""","""","""",""Scalar"",""""]",1
aten::_to_copy,"[[57],[],[],[],[],[],[]]","[""long int"",""Scalar"","""","""","""",""Scalar"",""""]",1
aten::_to_copy,"[[58,1],[],[],[],[],[],[]]","[""int"",""Scalar"",""Scalar"","""","""",""Scalar"",""""]",1
aten::_to_copy,"[[58,248320],[],[],[],[],[],[]]","[""c10::BFloat16"",""Scalar"","""","""","""",""Scalar"",""""]",1
aten::_to_copy,"[[58],[],[],[],[],[],[]]","[""long int"",""Scalar"","""","""","""",""Scalar"",""""]",1
aten::_to_copy,"[[59,1],[],[],[],[],[],[]]","[""int"",""Scalar"",""Scalar"","""","""",""Scalar"",""""]",1
aten::_to_copy,"[[59,248320],[],[],[],[],[],[]]","[""c10::BFloat16"",""Scalar"","""","""","""",""Scalar"",""""]",1
aten::_to_copy,"[[59],[],[],[],[],[],[]]","[""long int"",""Scalar"","""","""","""",""Scalar"",""""]",1
aten::_to_copy,"[[5],[],[],[],[],[],[]]","[""long int"",""Scalar"","""","""","""",""Scalar"",""""]",1
aten::_to_copy,"[[6,1],[],[],[],[],[],[]]","[""int"",""Scalar"",""Scalar"","""","""",""Scalar"",""""]",1
aten::_to_copy,"[[6,248320],[],[],[],[],[],[]]","[""c10::BFloat16"",""Scalar"","""","""","""",""Scalar"",""""]",1
aten::_to_copy,"[[60,1],[],[],[],[],[],[]]","[""int"",""Scalar"",""Scalar"","""","""",""Scalar"",""""]",1
aten::_to_copy,"[[60,248320],[],[],[],[],[],[]]","[""c10::BFloat16"",""Scalar"","""","""","""",""Scalar"",""""]",1
aten::_to_copy,"[[60],[],[],[],[],[],[]]","[""long int"",""Scalar"","""","""","""",""Scalar"",""""]",1
aten::_to_copy,"[[61,1],[],[],[],[],[],[]]","[""int"",""Scalar"",""Scalar"","""","""",""Scalar"",""""]",1
aten::_to_copy,"[[61,248320],[],[],[],[],[],[]]","[""c10::BFloat16"",""Scalar"","""","""","""",""Scalar"",""""]",1
aten::_to_copy,"[[61],[],[],[],[],[],[]]","[""long int"",""Scalar"","""","""","""",""Scalar"",""""]",1
aten::_to_copy,"[[62,1],[],[],[],[],[],[]]","[""int"",""Scalar"",""Scalar"","""","""",""Scalar"",""""]",1
aten::_to_copy,"[[62,248320],[],[],[],[],[],[]]","[""c10::BFloat16"",""Scalar"","""","""","""",""Scalar"",""""]",1
aten::_to_copy,"[[62],[],[],[],[],[],[]]","[""long int"",""Scalar"","""","""","""",""Scalar"",""""]",1
aten::_to_copy,"[[64,2],[],[],[],[],[],[]]","[""long int"",""Scalar"","""","""","""",""Scalar"",""""]",1
aten::_to_copy,"[[6],[],[],[],[],[],[]]","[""long int"",""Scalar"","""","""","""",""Scalar"",""""]",1
aten::_to_copy,"[[7,1],[],[],[],[],[],[]]","[""int"",""Scalar"",""Scalar"","""","""",""Scalar"",""""]",1
aten::_to_copy,"[[7,248320],[],[],[],[],[],[]]","[""c10::BFloat16"",""Scalar"","""","""","""",""Scalar"",""""]",1
aten::_to_copy,"[[7],[],[],[],[],[],[]]","[""long int"",""Scalar"","""","""","""",""Scalar"",""""]",1
aten::_to_copy,"[[8,1],[],[],[],[],[],[]]","[""int"",""Scalar"",""Scalar"","""","""",""Scalar"",""""]",1
aten::_to_copy,"[[8,248320],[],[],[],[],[],[]]","[""c10::BFloat16"",""Scalar"","""","""","""",""Scalar"",""""]",1
aten::_to_copy,"[[8],[],[],[],[],[],[]]","[""long int"",""Scalar"","""","""","""",""Scalar"",""""]",1
aten::_to_copy,"[[9,1],[],[],[],[],[],[]]","[""int"",""Scalar"",""Scalar"","""","""",""Scalar"",""""]",1
aten::_to_copy,"[[9,248320],[],[],[],[],[],[]]","[""c10::BFloat16"",""Scalar"","""","""","""",""Scalar"",""""]",1
aten::_to_copy,"[[9],[],[],[],[],[],[]]","[""long int"",""Scalar"","""","""","""",""Scalar"",""""]",1
aten::_unsafe_view,"[[10,2,124160],[]]","[""c10::BFloat16"",""ScalarList""]",1
aten::_unsafe_view,"[[11,2,124160],[]]","[""c10::BFloat16"",""ScalarList""]",1
aten::_unsafe_view,"[[12,2,124160],[]]","[""c10::BFloat16"",""ScalarList""]",1
aten::_unsafe_view,"[[13,2,124160],[]]","[""c10::BFloat16"",""ScalarList""]",1
aten::_unsafe_view,"[[14,2,124160],[]]","[""c10::BFloat16"",""ScalarList""]",1
aten::_unsafe_view,"[[15,2,124160],[]]","[""c10::BFloat16"",""ScalarList""]",1
aten::_unsafe_view,"[[16,2,124160],[]]","[""c10::BFloat16"",""ScalarList""]",1
aten::_unsafe_view,"[[17,2,124160],[]]","[""c10::BFloat16"",""ScalarList""]",1
aten::_unsafe_view,"[[18,2,124160],[]]","[""c10::BFloat16"",""ScalarList""]",1
aten::_unsafe_view,"[[19,2,124160],[]]","[""c10::BFloat16"",""ScalarList""]",1
aten::_unsafe_view,"[[2,2,124160],[]]","[""c10::BFloat16"",""ScalarList""]",1
aten::_unsafe_view,"[[20,2,124160],[]]","[""c10::BFloat16"",""ScalarList""]",1
aten::_unsafe_view,"[[21,2,124160],[]]","[""c10::BFloat16"",""ScalarList""]",1
aten::_unsafe_view,"[[22,2,124160],[]]","[""c10::BFloat16"",""ScalarList""]",1
aten::_unsafe_view,"[[23,2,124160],[]]","[""c10::BFloat16"",""ScalarList""]",1
aten::_unsafe_view,"[[24,2,124160],[]]","[""c10::BFloat16"",""ScalarList""]",1
aten::_unsafe_view,"[[25,2,124160],[]]","[""c10::BFloat16"",""ScalarList""]",1
aten::_unsafe_view,"[[26,2,124160],[]]","[""c10::BFloat16"",""ScalarList""]",1
aten::_unsafe_view,"[[27,2,124160],[]]","[""c10::BFloat16"",""ScalarList""]",1
aten::_unsafe_view,"[[28,2,124160],[]]","[""c10::BFloat16"",""ScalarList""]",1
aten::_unsafe_view,"[[29,2,124160],[]]","[""c10::BFloat16"",""ScalarList""]",1
aten::_unsafe_view,"[[3,2,124160],[]]","[""c10::BFloat16"",""ScalarList""]",1
aten::_unsafe_view,"[[30,2,124160],[]]","[""c10::BFloat16"",""ScalarList""]",1
aten::_unsafe_view,"[[31,2,124160],[]]","[""c10::BFloat16"",""ScalarList""]",1
aten::_unsafe_view,"[[32,2,124160],[]]","[""c10::BFloat16"",""ScalarList""]",1
aten::_unsafe_view,"[[33,2,124160],[]]","[""c10::BFloat16"",""ScalarList""]",1
aten::_unsafe_view,"[[34,2,124160],[]]","[""c10::BFloat16"",""ScalarList""]",1
aten::_unsafe_view,"[[35,2,124160],[]]","[""c10::BFloat16"",""ScalarList""]",1
aten::_unsafe_view,"[[36,2,124160],[]]","[""c10::BFloat16"",""ScalarList""]",1
aten::_unsafe_view,"[[37,2,124160],[]]","[""c10::BFloat16"",""ScalarList""]",1
aten::_unsafe_view,"[[38,2,124160],[]]","[""c10::BFloat16"",""ScalarList""]",1
aten::_unsafe_view,"[[39,2,124160],[]]","[""c10::BFloat16"",""ScalarList""]",1
aten::_unsafe_view,"[[4,2,124160],[]]","[""c10::BFloat16"",""ScalarList""]",1
aten::_unsafe_view,"[[40,2,124160],[]]","[""c10::BFloat16"",""ScalarList""]",1
aten::_unsafe_view,"[[41,2,124160],[]]","[""c10::BFloat16"",""ScalarList""]",1
aten::_unsafe_view,"[[42,2,124160],[]]","[""c10::BFloat16"",""ScalarList""]",1
aten::_unsafe_view,"[[43,2,124160],[]]","[""c10::BFloat16"",""ScalarList""]",1
aten::_unsafe_view,"[[44,2,124160],[]]","[""c10::BFloat16"",""ScalarList""]",1
aten::_unsafe_view,"[[45,2,124160],[]]","[""c10::BFloat16"",""ScalarList""]",1
aten::_unsafe_view,"[[46,2,124160],[]]","[""c10::BFloat16"",""ScalarList""]",1
aten::_unsafe_view,"[[47,2,124160],[]]","[""c10::BFloat16"",""ScalarList""]",1
aten::_unsafe_view,"[[48,2,124160],[]]","[""c10::BFloat16"",""ScalarList""]",1
aten::_unsafe_view,"[[49,2,124160],[]]","[""c10::BFloat16"",""ScalarList""]",1
aten::_unsafe_view,"[[5,2,124160],[]]","[""c10::BFloat16"",""ScalarList""]",1
aten::_unsafe_view,"[[50,2,124160],[]]","[""c10::BFloat16"",""ScalarList""]",1
aten::_unsafe_view,"[[51,2,124160],[]]","[""c10::BFloat16"",""ScalarList""]",1
aten::_unsafe_view,"[[52,2,124160],[]]","[""c10::BFloat16"",""ScalarList""]",1
aten::_unsafe_view,"[[53,2,124160],[]]","[""c10::BFloat16"",""ScalarList""]",1
aten::_unsafe_view,"[[54,2,124160],[]]","[""c10::BFloat16"",""ScalarList""]",1
aten::_unsafe_view,"[[55,2,124160],[]]","[""c10::BFloat16"",""ScalarList""]",1
aten::_unsafe_view,"[[56,2,124160],[]]","[""c10::BFloat16"",""ScalarList""]",1
aten::_unsafe_view,"[[57,2,124160],[]]","[""c10::BFloat16"",""ScalarList""]",1
aten::_unsafe_view,"[[58,2,124160],[]]","[""c10::BFloat16"",""ScalarList""]",1
aten::_unsafe_view,"[[59,2,124160],[]]","[""c10::BFloat16"",""ScalarList""]",1
aten::_unsafe_view,"[[6,2,124160],[]]","[""c10::BFloat16"",""ScalarList""]",1
aten::_unsafe_view,"[[60,2,124160],[]]","[""c10::BFloat16"",""ScalarList""]",1
aten::_unsafe_view,"[[61,2,124160],[]]","[""c10::BFloat16"",""ScalarList""]",1
aten::_unsafe_view,"[[62,2,124160],[]]","[""c10::BFloat16"",""ScalarList""]",1
aten::_unsafe_view,"[[7,2,124160],[]]","[""c10::BFloat16"",""ScalarList""]",1
aten::_unsafe_view,"[[8,2,124160],[]]","[""c10::BFloat16"",""ScalarList""]",1
aten::_unsafe_view,"[[9,2,124160],[]]","[""c10::BFloat16"",""ScalarList""]",1
aten::add,"[[10],[10],[],[10]]","[""int"",""int"",""Scalar"",""int""]",1
aten::add,"[[10],[10],[]]","[""int"",""int"",""Scalar""]",1
aten::add,"[[10],[10],[]]","[""long int"",""long int"",""Scalar""]",1
aten::add,"[[11],[11],[],[11]]","[""int"",""int"",""Scalar"",""int""]",1
aten::add,"[[11],[11],[]]","[""int"",""int"",""Scalar""]",1
aten::add,"[[12],[12],[],[12]]","[""int"",""int"",""Scalar"",""int""]",1
aten::add,"[[12],[12],[]]","[""int"",""int"",""Scalar""]",1
aten::add,"[[12],[12],[]]","[""long int"",""long int"",""Scalar""]",1
aten::add,"[[13],[13],[],[13]]","[""int"",""int"",""Scalar"",""int""]",1
aten::add,"[[13],[13],[]]","[""int"",""int"",""Scalar""]",1
aten::add,"[[14],[14],[],[14]]","[""int"",""int"",""Scalar"",""int""]",1
aten::add,"[[14],[14],[]]","[""int"",""int"",""Scalar""]",1
aten::add,"[[14],[14],[]]","[""long int"",""long int"",""Scalar""]",1
aten::add,"[[15],[15],[],[15]]","[""int"",""int"",""Scalar"",""int""]",1
aten::add,"[[15],[15],[]]","[""int"",""int"",""Scalar""]",1
aten::add,"[[16],[16],[],[16]]","[""int"",""int"",""Scalar"",""int""]",1
aten::add,"[[16],[16],[]]","[""int"",""int"",""Scalar""]",1
aten::add,"[[16],[16],[]]","[""long int"",""long int"",""Scalar""]",1
aten::add,"[[17],[17],[],[17]]","[""int"",""int"",""Scalar"",""int""]",1
aten::add,"[[17],[17],[]]","[""int"",""int"",""Scalar""]",1
aten::add,"[[18],[18],[],[18]]","[""int"",""int"",""Scalar"",""int""]",1
aten::add,"[[18],[18],[]]","[""int"",""int"",""Scalar""]",1
aten::add,"[[18],[18],[]]","[""long int"",""long int"",""Scalar""]",1
aten::add,"[[19],[19],[],[19]]","[""int"",""int"",""Scalar"",""int""]",1
aten::add,"[[19],[19],[]]","[""int"",""int"",""Scalar""]",1
aten::add,"[[1],[1],[]]","[""long int"",""long int"",""Scalar""]",1
aten::add,"[[20],[20],[],[20]]","[""int"",""int"",""Scalar"",""int""]",1
aten::add,"[[20],[20],[]]","[""int"",""int"",""Scalar""]",1
aten::add,"[[20],[20],[]]","[""long int"",""long int"",""Scalar""]",1
aten::add,"[[21],[21],[],[21]]","[""int"",""int"",""Scalar"",""int""]",1
aten::add,"[[21],[21],[]]","[""int"",""int"",""Scalar""]",1
aten::add,"[[22],[22],[],[22]]","[""int"",""int"",""Scalar"",""int""]",1
aten::add,"[[22],[22],[]]","[""int"",""int"",""Scalar""]",1
aten::add,"[[22],[22],[]]","[""long int"",""long int"",""Scalar""]",1
aten::add,"[[23],[23],[],[23]]","[""int"",""int"",""Scalar"",""int""]",1
aten::add,"[[23],[23],[]]","[""int"",""int"",""Scalar""]",1
aten::add,"[[24],[24],[],[24]]","[""int"",""int"",""Scalar"",""int""]",1
aten::add,"[[24],[24],[]]","[""int"",""int"",""Scalar""]",1
aten::add,"[[24],[24],[]]","[""long int"",""long int"",""Scalar""]",1
aten::add,"[[25],[25],[],[25]]","[""int"",""int"",""Scalar"",""int""]",1
aten::add,"[[25],[25],[]]","[""int"",""int"",""Scalar""]",1
aten::add,"[[26],[26],[],[26]]","[""int"",""int"",""Scalar"",""int""]",1
aten::add,"[[26],[26],[]]","[""int"",""int"",""Scalar""]",1
aten::add,"[[26],[26],[]]","[""long int"",""long int"",""Scalar""]",1
aten::add,"[[27],[27],[],[27]]","[""int"",""int"",""Scalar"",""int""]",1
aten::add,"[[27],[27],[]]","[""int"",""int"",""Scalar""]",1
aten::add,"[[28],[28],[],[28]]","[""int"",""int"",""Scalar"",""int""]",1
aten::add,"[[28],[28],[]]","[""int"",""int"",""Scalar""]",1
aten::add,"[[28],[28],[]]","[""long int"",""long int"",""Scalar""]",1
aten::add,"[[29],[29],[],[29]]","[""int"",""int"",""Scalar"",""int""]",1
aten::add,"[[29],[29],[]]","[""int"",""int"",""Scalar""]",1
aten::add,"[[2],[2],[],[2]]","[""int"",""int"",""Scalar"",""int""]",1
aten::add,"[[2],[2],[]]","[""int"",""int"",""Scalar""]",1
aten::add,"[[2],[2],[]]","[""long int"",""long int"",""Scalar""]",1
aten::add,"[[30],[30],[],[30]]","[""int"",""int"",""Scalar"",""int""]",1
aten::add,"[[30],[30],[]]","[""int"",""int"",""Scalar""]",1
aten::add,"[[30],[30],[]]","[""long int"",""long int"",""Scalar""]",1
aten::add,"[[31],[31],[],[31]]","[""int"",""int"",""Scalar"",""int""]",1
aten::add,"[[31],[31],[]]","[""int"",""int"",""Scalar""]",1
aten::add,"[[32],[32],[],[32]]","[""int"",""int"",""Scalar"",""int""]",1
aten::add,"[[32],[32],[]]","[""int"",""int"",""Scalar""]",1
aten::add,"[[32],[32],[]]","[""long int"",""long int"",""Scalar""]",1
aten::add,"[[33],[33],[],[33]]","[""int"",""int"",""Scalar"",""int""]",1
aten::add,"[[33],[33],[]]","[""int"",""int"",""Scalar""]",1
aten::add,"[[34],[34],[],[34]]","[""int"",""int"",""Scalar"",""int""]",1
aten::add,"[[34],[34],[]]","[""int"",""int"",""Scalar""]",1
aten::add,"[[34],[34],[]]","[""long int"",""long int"",""Scalar""]",1
aten::add,"[[35],[35],[],[35]]","[""int"",""int"",""Scalar"",""int""]",1
aten::add,"[[35],[35],[]]","[""int"",""int"",""Scalar""]",1
aten::add,"[[36],[36],[],[36]]","[""int"",""int"",""Scalar"",""int""]",1
aten::add,"[[36],[36],[]]","[""int"",""int"",""Scalar""]",1
aten::add,"[[36],[36],[]]","[""long int"",""long int"",""Scalar""]",1
aten::add,"[[37],[37],[],[37]]","[""int"",""int"",""Scalar"",""int""]",1
aten::add,"[[37],[37],[]]","[""int"",""int"",""Scalar""]",1
aten::add,"[[38],[38],[],[38]]","[""int"",""int"",""Scalar"",""int""]",1
aten::add,"[[38],[38],[]]","[""int"",""int"",""Scalar""]",1
aten::add,"[[38],[38],[]]","[""long int"",""long int"",""Scalar""]",1
aten::add,"[[39],[39],[],[39]]","[""int"",""int"",""Scalar"",""int""]",1
aten::add,"[[39],[39],[]]","[""int"",""int"",""Scalar""]",1
aten::add,"[[3],[3],[],[3]]","[""int"",""int"",""Scalar"",""int""]",1
aten::add,"[[3],[3],[]]","[""int"",""int"",""Scalar""]",1
aten::add,"[[4096],[4096],[]]","[""long int"",""long int"",""Scalar""]",1
aten::add,"[[40],[40],[],[40]]","[""int"",""int"",""Scalar"",""int""]",1
aten::add,"[[40],[40],[]]","[""int"",""int"",""Scalar""]",1
aten::add,"[[40],[40],[]]","[""long int"",""long int"",""Scalar""]",1
aten::add,"[[41],[41],[],[41]]","[""int"",""int"",""Scalar"",""int""]",1
aten::add,"[[41],[41],[]]","[""int"",""int"",""Scalar""]",1
aten::add,"[[42],[42],[],[42]]","[""int"",""int"",""Scalar"",""int""]",1
aten::add,"[[42],[42],[]]","[""int"",""int"",""Scalar""]",1
aten::add,"[[42],[42],[]]","[""long int"",""long int"",""Scalar""]",1
aten::add,"[[43],[43],[],[43]]","[""int"",""int"",""Scalar"",""int""]",1
aten::add,"[[43],[43],[]]","[""int"",""int"",""Scalar""]",1
aten::add,"[[44],[44],[],[44]]","[""int"",""int"",""Scalar"",""int""]",1
aten::add,"[[44],[44],[]]","[""int"",""int"",""Scalar""]",1
aten::add,"[[44],[44],[]]","[""long int"",""long int"",""Scalar""]",1
aten::add,"[[45],[45],[],[45]]","[""int"",""int"",""Scalar"",""int""]",1
aten::add,"[[45],[45],[]]","[""int"",""int"",""Scalar""]",1
aten::add,"[[46],[46],[],[46]]","[""int"",""int"",""Scalar"",""int""]",1
aten::add,"[[46],[46],[]]","[""int"",""int"",""Scalar""]",1
aten::add,"[[46],[46],[]]","[""long int"",""long int"",""Scalar""]",1
aten::add,"[[47],[47],[],[47]]","[""int"",""int"",""Scalar"",""int""]",1
aten::add,"[[47],[47],[]]","[""int"",""int"",""Scalar""]",1
aten::add,"[[48],[48],[],[48]]","[""int"",""int"",""Scalar"",""int""]",1
aten::add,"[[48],[48],[]]","[""int"",""int"",""Scalar""]",1
aten::add,"[[48],[48],[]]","[""long int"",""long int"",""Scalar""]",1
aten::add,"[[49],[49],[],[49]]","[""int"",""int"",""Scalar"",""int""]",1
aten::add,"[[49],[49],[]]","[""int"",""int"",""Scalar""]",1
aten::add,"[[4],[4],[],[4]]","[""int"",""int"",""Scalar"",""int""]",1
aten::add,"[[4],[4],[]]","[""int"",""int"",""Scalar""]",1
aten::add,"[[4],[4],[]]","[""long int"",""long int"",""Scalar""]",1
aten::add,"[[5089],[5089],[]]","[""long int"",""long int"",""Scalar""]",1
aten::add,"[[50],[50],[],[50]]","[""int"",""int"",""Scalar"",""int""]",1
aten::add,"[[50],[50],[]]","[""int"",""int"",""Scalar""]",1
aten::add,"[[50],[50],[]]","[""long int"",""long int"",""Scalar""]",1
aten::add,"[[51],[51],[],[51]]","[""int"",""int"",""Scalar"",""int""]",1
aten::add,"[[51],[51],[]]","[""int"",""int"",""Scalar""]",1
aten::add,"[[52],[52],[],[52]]","[""int"",""int"",""Scalar"",""int""]",1
aten::add,"[[52],[52],[]]","[""int"",""int"",""Scalar""]",1
aten::add,"[[52],[52],[]]","[""long int"",""long int"",""Scalar""]",1
aten::add,"[[53],[53],[],[53]]","[""int"",""int"",""Scalar"",""int""]",1
aten::add,"[[53],[53],[]]","[""int"",""int"",""Scalar""]",1
aten::add,"[[54],[54],[],[54]]","[""int"",""int"",""Scalar"",""int""]",1
aten::add,"[[54],[54],[]]","[""int"",""int"",""Scalar""]",1
aten::add,"[[54],[54],[]]","[""long int"",""long int"",""Scalar""]",1
aten::add,"[[55],[55],[],[55]]","[""int"",""int"",""Scalar"",""int""]",1
aten::add,"[[55],[55],[]]","[""int"",""int"",""Scalar""]",1
aten::add,"[[56],[56],[],[56]]","[""int"",""int"",""Scalar"",""int""]",1
aten::add,"[[56],[56],[]]","[""int"",""int"",""Scalar""]",1
aten::add,"[[56],[56],[]]","[""long int"",""long int"",""Scalar""]",1
aten::add,"[[57],[57],[],[57]]","[""int"",""int"",""Scalar"",""int""]",1
aten::add,"[[57],[57],[]]","[""int"",""int"",""Scalar""]",1
aten::add,"[[58],[58],[],[58]]","[""int"",""int"",""Scalar"",""int""]",1
aten::add,"[[58],[58],[]]","[""int"",""int"",""Scalar""]",1
aten::add,"[[58],[58],[]]","[""long int"",""long int"",""Scalar""]",1
aten::add,"[[59],[59],[],[59]]","[""int"",""int"",""Scalar"",""int""]",1
aten::add,"[[59],[59],[]]","[""int"",""int"",""Scalar""]",1
aten::add,"[[5],[5],[],[5]]","[""int"",""int"",""Scalar"",""int""]",1
aten::add,"[[5],[5],[]]","[""int"",""int"",""Scalar""]",1
aten::add,"[[60],[60],[],[60]]","[""int"",""int"",""Scalar"",""int""]",1
aten::add,"[[60],[60],[]]","[""int"",""int"",""Scalar""]",1
aten::add,"[[60],[60],[]]","[""long int"",""long int"",""Scalar""]",1
aten::add,"[[61],[61],[],[61]]","[""int"",""int"",""Scalar"",""int""]",1
aten::add,"[[61],[61],[]]","[""int"",""int"",""Scalar""]",1
aten::add,"[[62],[62],[],[62]]","[""int"",""int"",""Scalar"",""int""]",1
aten::add,"[[62],[62],[]]","[""int"",""int"",""Scalar""]",1
aten::add,"[[62],[62],[]]","[""long int"",""long int"",""Scalar""]",1
aten::add,"[[6],[6],[],[6]]","[""int"",""int"",""Scalar"",""int""]",1
aten::add,"[[6],[6],[]]","[""int"",""int"",""Scalar""]",1
aten::add,"[[6],[6],[]]","[""long int"",""long int"",""Scalar""]",1
aten::add,"[[7],[7],[],[7]]","[""int"",""int"",""Scalar"",""int""]",1
aten::add,"[[7],[7],[]]","[""int"",""int"",""Scalar""]",1
aten::add,"[[8],[8],[],[8]]","[""int"",""int"",""Scalar"",""int""]",1
aten::add,"[[8],[8],[]]","[""int"",""int"",""Scalar""]",1
aten::add,"[[8],[8],[]]","[""long int"",""long int"",""Scalar""]",1
aten::add,"[[9],[9],[],[9]]","[""int"",""int"",""Scalar"",""int""]",1
aten::add,"[[9],[9],[]]","[""int"",""int"",""Scalar""]",1
aten::alias,"[[10,248320]]","[""c10::BFloat16""]",1
aten::alias,"[[11,248320]]","[""c10::BFloat16""]",1
aten::alias,"[[12,248320]]","[""c10::BFloat16""]",1
aten::alias,"[[13,248320]]","[""c10::BFloat16""]",1
aten::alias,"[[14,248320]]","[""c10::BFloat16""]",1
aten::alias,"[[15,248320]]","[""c10::BFloat16""]",1
aten::alias,"[[16,248320]]","[""c10::BFloat16""]",1
aten::alias,"[[17,248320]]","[""c10::BFloat16""]",1
aten::alias,"[[18,248320]]","[""c10::BFloat16""]",1
aten::alias,"[[19,248320]]","[""c10::BFloat16""]",1
aten::alias,"[[2,248320]]","[""c10::BFloat16""]",1
aten::alias,"[[20,248320]]","[""c10::BFloat16""]",1
aten::alias,"[[21,248320]]","[""c10::BFloat16""]",1
aten::alias,"[[22,248320]]","[""c10::BFloat16""]",1
aten::alias,"[[23,248320]]","[""c10::BFloat16""]",1
aten::alias,"[[24,248320]]","[""c10::BFloat16""]",1
aten::alias,"[[25,248320]]","[""c10::BFloat16""]",1
aten::alias,"[[26,248320]]","[""c10::BFloat16""]",1
aten::alias,"[[27,248320]]","[""c10::BFloat16""]",1
aten::alias,"[[28,248320]]","[""c10::BFloat16""]",1
aten::alias,"[[29,248320]]","[""c10::BFloat16""]",1
aten::alias,"[[3,248320]]","[""c10::BFloat16""]",1
aten::alias,"[[30,248320]]","[""c10::BFloat16""]",1
aten::alias,"[[31,248320]]","[""c10::BFloat16""]",1
aten::alias,"[[32,248320]]","[""c10::BFloat16""]",1
aten::alias,"[[33,248320]]","[""c10::BFloat16""]",1
aten::alias,"[[34,248320]]","[""c10::BFloat16""]",1
aten::alias,"[[35,248320]]","[""c10::BFloat16""]",1
aten::alias,"[[36,248320]]","[""c10::BFloat16""]",1
aten::alias,"[[37,248320]]","[""c10::BFloat16""]",1
aten::alias,"[[38,248320]]","[""c10::BFloat16""]",1
aten::alias,"[[39,248320]]","[""c10::BFloat16""]",1
aten::alias,"[[4,248320]]","[""c10::BFloat16""]",1
aten::alias,"[[40,248320]]","[""c10::BFloat16""]",1
aten::alias,"[[41,248320]]","[""c10::BFloat16""]",1
aten::alias,"[[42,248320]]","[""c10::BFloat16""]",1
aten::alias,"[[43,248320]]","[""c10::BFloat16""]",1
aten::alias,"[[44,248320]]","[""c10::BFloat16""]",1
aten::alias,"[[45,248320]]","[""c10::BFloat16""]",1
aten::alias,"[[46,248320]]","[""c10::BFloat16""]",1
aten::alias,"[[47,248320]]","[""c10::BFloat16""]",1
aten::alias,"[[48,248320]]","[""c10::BFloat16""]",1
aten::alias,"[[49,248320]]","[""c10::BFloat16""]",1
aten::alias,"[[5,248320]]","[""c10::BFloat16""]",1
aten::alias,"[[50,248320]]","[""c10::BFloat16""]",1
aten::alias,"[[51,248320]]","[""c10::BFloat16""]",1
aten::alias,"[[52,248320]]","[""c10::BFloat16""]",1
aten::alias,"[[53,248320]]","[""c10::BFloat16""]",1
aten::alias,"[[54,248320]]","[""c10::BFloat16""]",1
aten::alias,"[[55,248320]]","[""c10::BFloat16""]",1
aten::alias,"[[56,248320]]","[""c10::BFloat16""]",1
aten::alias,"[[57,248320]]","[""c10::BFloat16""]",1
aten::alias,"[[58,248320]]","[""c10::BFloat16""]",1
aten::alias,"[[59,248320]]","[""c10::BFloat16""]",1
aten::alias,"[[6,248320]]","[""c10::BFloat16""]",1
aten::alias,"[[60,248320]]","[""c10::BFloat16""]",1
aten::alias,"[[61,248320]]","[""c10::BFloat16""]",1
aten::alias,"[[62,248320]]","[""c10::BFloat16""]",1
aten::alias,"[[7,248320]]","[""c10::BFloat16""]",1
aten::alias,"[[8,248320]]","[""c10::BFloat16""]",1
aten::alias,"[[9,248320]]","[""c10::BFloat16""]",1
aten::argmax,"[[10,248320],[],[]]","[""float"",""Scalar"",""Scalar""]",1
aten::argmax,"[[11,248320],[],[]]","[""float"",""Scalar"",""Scalar""]",1
aten::argmax,"[[12,248320],[],[]]","[""float"",""Scalar"",""Scalar""]",1
aten::argmax,"[[13,248320],[],[]]","[""float"",""Scalar"",""Scalar""]",1
aten::argmax,"[[14,248320],[],[]]","[""float"",""Scalar"",""Scalar""]",1
aten::argmax,"[[15,248320],[],[]]","[""float"",""Scalar"",""Scalar""]",1
aten::argmax,"[[16,248320],[],[]]","[""float"",""Scalar"",""Scalar""]",1
aten::argmax,"[[17,248320],[],[]]","[""float"",""Scalar"",""Scalar""]",1
aten::argmax,"[[18,248320],[],[]]","[""float"",""Scalar"",""Scalar""]",1
aten::argmax,"[[19,248320],[],[]]","[""float"",""Scalar"",""Scalar""]",1
aten::argmax,"[[2,248320],[],[]]","[""float"",""Scalar"",""Scalar""]",1
aten::argmax,"[[20,248320],[],[]]","[""float"",""Scalar"",""Scalar""]",1
aten::argmax,"[[21,248320],[],[]]","[""float"",""Scalar"",""Scalar""]",1
aten::argmax,"[[22,248320],[],[]]","[""float"",""Scalar"",""Scalar""]",1
aten::argmax,"[[23,248320],[],[]]","[""float"",""Scalar"",""Scalar""]",1
aten::argmax,"[[24,248320],[],[]]","[""float"",""Scalar"",""Scalar""]",1
aten::argmax,"[[25,248320],[],[]]","[""float"",""Scalar"",""Scalar""]",1
aten::argmax,"[[26,248320],[],[]]","[""float"",""Scalar"",""Scalar""]",1
aten::argmax,"[[27,248320],[],[]]","[""float"",""Scalar"",""Scalar""]",1
aten::argmax,"[[28,248320],[],[]]","[""float"",""Scalar"",""Scalar""]",1
aten::argmax,"[[29,248320],[],[]]","[""float"",""Scalar"",""Scalar""]",1
aten::argmax,"[[3,248320],[],[]]","[""float"",""Scalar"",""Scalar""]",1
aten::argmax,"[[30,248320],[],[]]","[""float"",""Scalar"",""Scalar""]",1
aten::argmax,"[[31,248320],[],[]]","[""float"",""Scalar"",""Scalar""]",1
aten::argmax,"[[32,248320],[],[]]","[""float"",""Scalar"",""Scalar""]",1
aten::argmax,"[[33,248320],[],[]]","[""float"",""Scalar"",""Scalar""]",1
aten::argmax,"[[34,248320],[],[]]","[""float"",""Scalar"",""Scalar""]",1
aten::argmax,"[[35,248320],[],[]]","[""float"",""Scalar"",""Scalar""]",1
aten::argmax,"[[36,248320],[],[]]","[""float"",""Scalar"",""Scalar""]",1
aten::argmax,"[[37,248320],[],[]]","[""float"",""Scalar"",""Scalar""]",1
aten::argmax,"[[38,248320],[],[]]","[""float"",""Scalar"",""Scalar""]",1
aten::argmax,"[[39,248320],[],[]]","[""float"",""Scalar"",""Scalar""]",1
aten::argmax,"[[4,248320],[],[]]","[""float"",""Scalar"",""Scalar""]",1
aten::argmax,"[[40,248320],[],[]]","[""float"",""Scalar"",""Scalar""]",1
aten::argmax,"[[41,248320],[],[]]","[""float"",""Scalar"",""Scalar""]",1
aten::argmax,"[[42,248320],[],[]]","[""float"",""Scalar"",""Scalar""]",1
aten::argmax,"[[43,248320],[],[]]","[""float"",""Scalar"",""Scalar""]",1
aten::argmax,"[[44,248320],[],[]]","[""float"",""Scalar"",""Scalar""]",1
aten::argmax,"[[45,248320],[],[]]","[""float"",""Scalar"",""Scalar""]",1
aten::argmax,"[[46,248320],[],[]]","[""float"",""Scalar"",""Scalar""]",1
aten::argmax,"[[47,248320],[],[]]","[""float"",""Scalar"",""Scalar""]",1
aten::argmax,"[[48,248320],[],[]]","[""float"",""Scalar"",""Scalar""]",1
aten::argmax,"[[49,248320],[],[]]","[""float"",""Scalar"",""Scalar""]",1
aten::argmax,"[[5,248320],[],[]]","[""float"",""Scalar"",""Scalar""]",1
aten::argmax,"[[50,248320],[],[]]","[""float"",""Scalar"",""Scalar""]",1
aten::argmax,"[[51,248320],[],[]]","[""float"",""Scalar"",""Scalar""]",1
aten::argmax,"[[52,248320],[],[]]","[""float"",""Scalar"",""Scalar""]",1
aten::argmax,"[[53,248320],[],[]]","[""float"",""Scalar"",""Scalar""]",1
aten::argmax,"[[54,248320],[],[]]","[""float"",""Scalar"",""Scalar""]",1
aten::argmax,"[[55,248320],[],[]]","[""float"",""Scalar"",""Scalar""]",1
aten::argmax,"[[56,248320],[],[]]","[""float"",""Scalar"",""Scalar""]",1
aten::argmax,"[[57,248320],[],[]]","[""float"",""Scalar"",""Scalar""]",1
aten::argmax,"[[58,248320],[],[]]","[""float"",""Scalar"",""Scalar""]",1
aten::argmax,"[[59,248320],[],[]]","[""float"",""Scalar"",""Scalar""]",1
aten::argmax,"[[6,248320],[],[]]","[""float"",""Scalar"",""Scalar""]",1
aten::argmax,"[[60,248320],[],[]]","[""float"",""Scalar"",""Scalar""]",1
aten::argmax,"[[61,248320],[],[]]","[""float"",""Scalar"",""Scalar""]",1
aten::argmax,"[[62,248320],[],[]]","[""float"",""Scalar"",""Scalar""]",1
aten::argmax,"[[7,248320],[],[]]","[""float"",""Scalar"",""Scalar""]",1
aten::argmax,"[[8,248320],[],[]]","[""float"",""Scalar"",""Scalar""]",1
aten::argmax,"[[9,248320],[],[]]","[""float"",""Scalar"",""Scalar""]",1
aten::as_strided,"[[1,1],[],[],[]]","[""bool"",""ScalarList"",""ScalarList"",""""]",1
aten::as_strided,"[[1,2048],[],[],[]]","[""c10::BFloat16"",""ScalarList"",""ScalarList"",""""]",1
aten::as_strided,"[[1,2048],[],[],[]]","[""c10::BFloat16"",""ScalarList"",""ScalarList"",""Scalar""]",1
aten::as_strided,"[[10,1],[],[],[]]","[""bool"",""ScalarList"",""ScalarList"",""""]",1
aten::as_strided,"[[10,1],[],[],[]]","[""long int"",""ScalarList"",""ScalarList"",""""]",1
aten::as_strided,"[[10,248320],[],[],[]]","[""c10::BFloat16"",""ScalarList"",""ScalarList"",""Scalar""]",1
aten::as_strided,"[[11,1],[],[],[]]","[""long int"",""ScalarList"",""ScalarList"",""""]",1
aten::as_strided,"[[11,248320],[],[],[]]","[""c10::BFloat16"",""ScalarList"",""ScalarList"",""Scalar""]",1
aten::as_strided,"[[11,32],[],[],[]]","[""int"",""ScalarList"",""ScalarList"",""Scalar""]",1
aten::as_strided,"[[12,1],[],[],[]]","[""bool"",""ScalarList"",""ScalarList"",""""]",1
aten::as_strided,"[[12,1],[],[],[]]","[""long int"",""ScalarList"",""ScalarList"",""""]",1
aten::as_strided,"[[12,248320],[],[],[]]","[""c10::BFloat16"",""ScalarList"",""ScalarList"",""Scalar""]",1
aten::as_strided,"[[13,1],[],[],[]]","[""long int"",""ScalarList"",""ScalarList"",""""]",1
aten::as_strided,"[[13,248320],[],[],[]]","[""c10::BFloat16"",""ScalarList"",""ScalarList"",""Scalar""]",1
aten::as_strided,"[[13,32],[],[],[]]","[""int"",""ScalarList"",""ScalarList"",""Scalar""]",1
aten::as_strided,"[[14,1],[],[],[]]","[""bool"",""ScalarList"",""ScalarList"",""""]",1
aten::as_strided,"[[14,1],[],[],[]]","[""long int"",""ScalarList"",""ScalarList"",""""]",1
aten::as_strided,"[[14,248320],[],[],[]]","[""c10::BFloat16"",""ScalarList"",""ScalarList"",""Scalar""]",1
aten::as_strided,"[[15,1],[],[],[]]","[""long int"",""ScalarList"",""ScalarList"",""""]",1
aten::as_strided,"[[15,248320],[],[],[]]","[""c10::BFloat16"",""ScalarList"",""ScalarList"",""Scalar""]",1
aten::as_strided,"[[15,32],[],[],[]]","[""int"",""ScalarList"",""ScalarList"",""Scalar""]",1
aten::as_strided,"[[16,1],[],[],[]]","[""bool"",""ScalarList"",""ScalarList"",""""]",1
aten::as_strided,"[[16,1],[],[],[]]","[""long int"",""ScalarList"",""ScalarList"",""""]",1
aten::as_strided,"[[16,248320],[],[],[]]","[""c10::BFloat16"",""ScalarList"",""ScalarList"",""Scalar""]",1
aten::as_strided,"[[17,1],[],[],[]]","[""long int"",""ScalarList"",""ScalarList"",""""]",1
aten::as_strided,"[[17,248320],[],[],[]]","[""c10::BFloat16"",""ScalarList"",""ScalarList"",""Scalar""]",1
aten::as_strided,"[[17,32],[],[],[]]","[""int"",""ScalarList"",""ScalarList"",""Scalar""]",1
aten::as_strided,"[[18,1],[],[],[]]","[""bool"",""ScalarList"",""ScalarList"",""""]",1
aten::as_strided,"[[18,1],[],[],[]]","[""long int"",""ScalarList"",""ScalarList"",""""]",1
aten::as_strided,"[[18,248320],[],[],[]]","[""c10::BFloat16"",""ScalarList"",""ScalarList"",""Scalar""]",1
aten::as_strided,"[[19,1],[],[],[]]","[""long int"",""ScalarList"",""ScalarList"",""""]",1
aten::as_strided,"[[19,248320],[],[],[]]","[""c10::BFloat16"",""ScalarList"",""ScalarList"",""Scalar""]",1
aten::as_strided,"[[19,32],[],[],[]]","[""int"",""ScalarList"",""ScalarList"",""Scalar""]",1
aten::as_strided,"[[2,10,124160],[],[],[]]","[""c10::BFloat16"",""ScalarList"",""ScalarList"",""""]",1
aten::as_strided,"[[2,11,124160],[],[],[]]","[""c10::BFloat16"",""ScalarList"",""ScalarList"",""""]",1
aten::as_strided,"[[2,12,124160],[],[],[]]","[""c10::BFloat16"",""ScalarList"",""ScalarList"",""""]",1
aten::as_strided,"[[2,13,124160],[],[],[]]","[""c10::BFloat16"",""ScalarList"",""ScalarList"",""""]",1
aten::as_strided,"[[2,14,124160],[],[],[]]","[""c10::BFloat16"",""ScalarList"",""ScalarList"",""""]",1
aten::as_strided,"[[2,15,124160],[],[],[]]","[""c10::BFloat16"",""ScalarList"",""ScalarList"",""""]",1
aten::as_strided,"[[2,16,124160],[],[],[]]","[""c10::BFloat16"",""ScalarList"",""ScalarList"",""""]",1
aten::as_strided,"[[2,17,124160],[],[],[]]","[""c10::BFloat16"",""ScalarList"",""ScalarList"",""""]",1
aten::as_strided,"[[2,18,124160],[],[],[]]","[""c10::BFloat16"",""ScalarList"",""ScalarList"",""""]",1
aten::as_strided,"[[2,19,124160],[],[],[]]","[""c10::BFloat16"",""ScalarList"",""ScalarList"",""""]",1
aten::as_strided,"[[2,1],[],[],[]]","[""bool"",""ScalarList"",""ScalarList"",""""]",1
aten::as_strided,"[[2,1],[],[],[]]","[""long int"",""ScalarList"",""ScalarList"",""""]",1
aten::as_strided,"[[2,2,124160],[],[],[]]","[""c10::BFloat16"",""ScalarList"",""ScalarList"",""""]",1
aten::as_strided,"[[2,20,124160],[],[],[]]","[""c10::BFloat16"",""ScalarList"",""ScalarList"",""""]",1
aten::as_strided,"[[2,2048],[],[],[]]","[""c10::BFloat16"",""ScalarList"",""ScalarList"",""""]",1
aten::as_strided,"[[2,2048],[],[],[]]","[""c10::BFloat16"",""ScalarList"",""ScalarList"",""Scalar""]",1
aten::as_strided,"[[2,21,124160],[],[],[]]","[""c10::BFloat16"",""ScalarList"",""ScalarList"",""""]",1
aten::as_strided,"[[2,22,124160],[],[],[]]","[""c10::BFloat16"",""ScalarList"",""ScalarList"",""""]",1
aten::as_strided,"[[2,23,124160],[],[],[]]","[""c10::BFloat16"",""ScalarList"",""ScalarList"",""""]",1
aten::as_strided,"[[2,24,124160],[],[],[]]","[""c10::BFloat16"",""ScalarList"",""ScalarList"",""""]",1
aten::as_strided,"[[2,248320],[],[],[]]","[""c10::BFloat16"",""ScalarList"",""ScalarList"",""Scalar""]",1
aten::as_strided,"[[2,25,124160],[],[],[]]","[""c10::BFloat16"",""ScalarList"",""ScalarList"",""""]",1
aten::as_strided,"[[2,26,124160],[],[],[]]","[""c10::BFloat16"",""ScalarList"",""ScalarList"",""""]",1
aten::as_strided,"[[2,27,124160],[],[],[]]","[""c10::BFloat16"",""ScalarList"",""ScalarList"",""""]",1
aten::as_strided,"[[2,28,124160],[],[],[]]","[""c10::BFloat16"",""ScalarList"",""ScalarList"",""""]",1
aten::as_strided,"[[2,29,124160],[],[],[]]","[""c10::BFloat16"",""ScalarList"",""ScalarList"",""""]",1
aten::as_strided,"[[2,3,124160],[],[],[]]","[""c10::BFloat16"",""ScalarList"",""ScalarList"",""""]",1
aten::as_strided,"[[2,30,124160],[],[],[]]","[""c10::BFloat16"",""ScalarList"",""ScalarList"",""""]",1
aten::as_strided,"[[2,31,124160],[],[],[]]","[""c10::BFloat16"",""ScalarList"",""ScalarList"",""""]",1
aten::as_strided,"[[2,32,124160],[],[],[]]","[""c10::BFloat16"",""ScalarList"",""ScalarList"",""""]",1
aten::as_strided,"[[2,32],[],[],[]]","[""int"",""ScalarList"",""ScalarList"",""Scalar""]",1
aten::as_strided,"[[2,33,124160],[],[],[]]","[""c10::BFloat16"",""ScalarList"",""ScalarList"",""""]",1
aten::as_strided,"[[2,34,124160],[],[],[]]","[""c10::BFloat16"",""ScalarList"",""ScalarList"",""""]",1
aten::as_strided,"[[2,35,124160],[],[],[]]","[""c10::BFloat16"",""ScalarList"",""ScalarList"",""""]",1
aten::as_strided,"[[2,36,124160],[],[],[]]","[""c10::BFloat16"",""ScalarList"",""ScalarList"",""""]",1
aten::as_strided,"[[2,37,124160],[],[],[]]","[""c10::BFloat16"",""ScalarList"",""ScalarList"",""""]",1
aten::as_strided,"[[2,38,124160],[],[],[]]","[""c10::BFloat16"",""ScalarList"",""ScalarList"",""""]",1
aten::as_strided,"[[2,39,124160],[],[],[]]","[""c10::BFloat16"",""ScalarList"",""ScalarList"",""""]",1
aten::as_strided,"[[2,4,124160],[],[],[]]","[""c10::BFloat16"",""ScalarList"",""ScalarList"",""""]",1
aten::as_strided,"[[2,40,124160],[],[],[]]","[""c10::BFloat16"",""ScalarList"",""ScalarList"",""""]",1
aten::as_strided,"[[2,41,124160],[],[],[]]","[""c10::BFloat16"",""ScalarList"",""ScalarList"",""""]",1
aten::as_strided,"[[2,42,124160],[],[],[]]","[""c10::BFloat16"",""ScalarList"",""ScalarList"",""""]",1
aten::as_strided,"[[2,43,124160],[],[],[]]","[""c10::BFloat16"",""ScalarList"",""ScalarList"",""""]",1
aten::as_strided,"[[2,44,124160],[],[],[]]","[""c10::BFloat16"",""ScalarList"",""ScalarList"",""""]",1
aten::as_strided,"[[2,45,124160],[],[],[]]","[""c10::BFloat16"",""ScalarList"",""ScalarList"",""""]",1
aten::as_strided,"[[2,46,124160],[],[],[]]","[""c10::BFloat16"",""ScalarList"",""ScalarList"",""""]",1
aten::as_strided,"[[2,47,124160],[],[],[]]","[""c10::BFloat16"",""ScalarList"",""ScalarList"",""""]",1
aten::as_strided,"[[2,48,124160],[],[],[]]","[""c10::BFloat16"",""ScalarList"",""ScalarList"",""""]",1
aten::as_strided,"[[2,49,124160],[],[],[]]","[""c10::BFloat16"",""ScalarList"",""ScalarList"",""""]",1
aten::as_strided,"[[2,5,124160],[],[],[]]","[""c10::BFloat16"",""ScalarList"",""ScalarList"",""""]",1
aten::as_strided,"[[2,50,124160],[],[],[]]","[""c10::BFloat16"",""ScalarList"",""ScalarList"",""""]",1
aten::as_strided,"[[2,51,124160],[],[],[]]","[""c10::BFloat16"",""ScalarList"",""ScalarList"",""""]",1
aten::as_strided,"[[2,52,124160],[],[],[]]","[""c10::BFloat16"",""ScalarList"",""ScalarList"",""""]",1
aten::as_strided,"[[2,53,124160],[],[],[]]","[""c10::BFloat16"",""ScalarList"",""ScalarList"",""""]",1
aten::as_strided,"[[2,54,124160],[],[],[]]","[""c10::BFloat16"",""ScalarList"",""ScalarList"",""""]",1
aten::as_strided,"[[2,55,124160],[],[],[]]","[""c10::BFloat16"",""ScalarList"",""ScalarList"",""""]",1
aten::as_strided,"[[2,56,124160],[],[],[]]","[""c10::BFloat16"",""ScalarList"",""ScalarList"",""""]",1
aten::as_strided,"[[2,57,124160],[],[],[]]","[""c10::BFloat16"",""ScalarList"",""ScalarList"",""""]",1
aten::as_strided,"[[2,58,124160],[],[],[]]","[""c10::BFloat16"",""ScalarList"",""ScalarList"",""""]",1
aten::as_strided,"[[2,59,124160],[],[],[]]","[""c10::BFloat16"",""ScalarList"",""ScalarList"",""""]",1
aten::as_strided,"[[2,6,124160],[],[],[]]","[""c10::BFloat16"",""ScalarList"",""ScalarList"",""""]",1
aten::as_strided,"[[2,60,124160],[],[],[]]","[""c10::BFloat16"",""ScalarList"",""ScalarList"",""""]",1
aten::as_strided,"[[2,61,124160],[],[],[]]","[""c10::BFloat16"",""ScalarList"",""ScalarList"",""""]",1
aten::as_strided,"[[2,62,124160],[],[],[]]","[""c10::BFloat16"",""ScalarList"",""ScalarList"",""""]",1
aten::as_strided,"[[2,7,124160],[],[],[]]","[""c10::BFloat16"",""ScalarList"",""ScalarList"",""""]",1
aten::as_strided,"[[2,8,124160],[],[],[]]","[""c10::BFloat16"",""ScalarList"",""ScalarList"",""""]",1
aten::as_strided,"[[2,9,124160],[],[],[]]","[""c10::BFloat16"",""ScalarList"",""ScalarList"",""""]",1
aten::as_strided,"[[20,1],[],[],[]]","[""bool"",""ScalarList"",""ScalarList"",""""]",1
aten::as_strided,"[[20,1],[],[],[]]","[""long int"",""ScalarList"",""ScalarList"",""""]",1
aten::as_strided,"[[20,248320],[],[],[]]","[""c10::BFloat16"",""ScalarList"",""ScalarList"",""Scalar""]",1
aten::as_strided,"[[21,1],[],[],[]]","[""long int"",""ScalarList"",""ScalarList"",""""]",1
aten::as_strided,"[[21,248320],[],[],[]]","[""c10::BFloat16"",""ScalarList"",""ScalarList"",""Scalar""]",1
aten::as_strided,"[[21,32],[],[],[]]","[""int"",""ScalarList"",""ScalarList"",""Scalar""]",1
aten::as_strided,"[[22,1],[],[],[]]","[""bool"",""ScalarList"",""ScalarList"",""""]",1
aten::as_strided,"[[22,1],[],[],[]]","[""long int"",""ScalarList"",""ScalarList"",""""]",1
aten::as_strided,"[[22,248320],[],[],[]]","[""c10::BFloat16"",""ScalarList"",""ScalarList"",""Scalar""]",1
aten::as_strided,"[[23,1],[],[],[]]","[""long int"",""ScalarList"",""ScalarList"",""""]",1
aten::as_strided,"[[23,248320],[],[],[]]","[""c10::BFloat16"",""ScalarList"",""ScalarList"",""Scalar""]",1
aten::as_strided,"[[23,32],[],[],[]]","[""int"",""ScalarList"",""ScalarList"",""Scalar""]",1
aten::as_strided,"[[24,1],[],[],[]]","[""bool"",""ScalarList"",""ScalarList"",""""]",1
aten::as_strided,"[[24,1],[],[],[]]","[""long int"",""ScalarList"",""ScalarList"",""""]",1
aten::as_strided,"[[24,248320],[],[],[]]","[""c10::BFloat16"",""ScalarList"",""ScalarList"",""Scalar""]",1
aten::as_strided,"[[25,1],[],[],[]]","[""long int"",""ScalarList"",""ScalarList"",""""]",1
aten::as_strided,"[[25,248320],[],[],[]]","[""c10::BFloat16"",""ScalarList"",""ScalarList"",""Scalar""]",1
aten::as_strided,"[[25,32],[],[],[]]","[""int"",""ScalarList"",""ScalarList"",""Scalar""]",1
aten::as_strided,"[[26,1],[],[],[]]","[""bool"",""ScalarList"",""ScalarList"",""""]",1
aten::as_strided,"[[26,1],[],[],[]]","[""long int"",""ScalarList"",""ScalarList"",""""]",1
aten::as_strided,"[[26,248320],[],[],[]]","[""c10::BFloat16"",""ScalarList"",""ScalarList"",""Scalar""]",1
aten::as_strided,"[[27,1],[],[],[]]","[""long int"",""ScalarList"",""ScalarList"",""""]",1
aten::as_strided,"[[27,248320],[],[],[]]","[""c10::BFloat16"",""ScalarList"",""ScalarList"",""Scalar""]",1
aten::as_strided,"[[27,32],[],[],[]]","[""int"",""ScalarList"",""ScalarList"",""Scalar""]",1
aten::as_strided,"[[28,1],[],[],[]]","[""bool"",""ScalarList"",""ScalarList"",""""]",1
aten::as_strided,"[[28,1],[],[],[]]","[""long int"",""ScalarList"",""ScalarList"",""""]",1
aten::as_strided,"[[28,248320],[],[],[]]","[""c10::BFloat16"",""ScalarList"",""ScalarList"",""Scalar""]",1
aten::as_strided,"[[29,1],[],[],[]]","[""long int"",""ScalarList"",""ScalarList"",""""]",1
aten::as_strided,"[[29,248320],[],[],[]]","[""c10::BFloat16"",""ScalarList"",""ScalarList"",""Scalar""]",1
aten::as_strided,"[[29,32],[],[],[]]","[""int"",""ScalarList"",""ScalarList"",""Scalar""]",1
aten::as_strided,"[[2],[],[],[]]","[""bool"",""ScalarList"",""ScalarList"",""Scalar""]",1
aten::as_strided,"[[3,10],[],[],[]]","[""long int"",""ScalarList"",""ScalarList"",""""]",1
aten::as_strided,"[[3,12],[],[],[]]","[""long int"",""ScalarList"",""ScalarList"",""""]",1
aten::as_strided,"[[3,14],[],[],[]]","[""long int"",""ScalarList"",""ScalarList"",""""]",1
aten::as_strided,"[[3,16],[],[],[]]","[""long int"",""ScalarList"",""ScalarList"",""""]",1
aten::as_strided,"[[3,18],[],[],[]]","[""long int"",""ScalarList"",""ScalarList"",""""]",1
aten::as_strided,"[[3,20],[],[],[]]","[""long int"",""ScalarList"",""ScalarList"",""""]",1
aten::as_strided,"[[3,22],[],[],[]]","[""long int"",""ScalarList"",""ScalarList"",""""]",1
aten::as_strided,"[[3,248320],[],[],[]]","[""c10::BFloat16"",""ScalarList"",""ScalarList"",""Scalar""]",1
aten::as_strided,"[[3,24],[],[],[]]","[""long int"",""ScalarList"",""ScalarList"",""""]",1
aten::as_strided,"[[3,26],[],[],[]]","[""long int"",""ScalarList"",""ScalarList"",""""]",1
aten::as_strided,"[[3,28],[],[],[]]","[""long int"",""ScalarList"",""ScalarList"",""""]",1
aten::as_strided,"[[3,2],[],[],[]]","[""long int"",""ScalarList"",""ScalarList"",""""]",1
aten::as_strided,"[[3,30],[],[],[]]","[""long int"",""ScalarList"",""ScalarList"",""""]",1
aten::as_strided,"[[3,32],[],[],[]]","[""int"",""ScalarList"",""ScalarList"",""Scalar""]",1
aten::as_strided,"[[3,32],[],[],[]]","[""long int"",""ScalarList"",""ScalarList"",""""]",1
aten::as_strided,"[[3,34],[],[],[]]","[""long int"",""ScalarList"",""ScalarList"",""""]",1
aten::as_strided,"[[3,36],[],[],[]]","[""long int"",""ScalarList"",""ScalarList"",""""]",1
aten::as_strided,"[[3,38],[],[],[]]","[""long int"",""ScalarList"",""ScalarList"",""""]",1
aten::as_strided,"[[3,4096],[],[],[]]","[""long int"",""ScalarList"",""ScalarList"",""""]",1
aten::as_strided,"[[3,40],[],[],[]]","[""long int"",""ScalarList"",""ScalarList"",""""]",1
aten::as_strided,"[[3,42],[],[],[]]","[""long int"",""ScalarList"",""ScalarList"",""""]",1
aten::as_strided,"[[3,44],[],[],[]]","[""long int"",""ScalarList"",""ScalarList"",""""]",1
aten::as_strided,"[[3,46],[],[],[]]","[""long int"",""ScalarList"",""ScalarList"",""""]",1
aten::as_strided,"[[3,48],[],[],[]]","[""long int"",""ScalarList"",""ScalarList"",""""]",1
aten::as_strided,"[[3,4],[],[],[]]","[""long int"",""ScalarList"",""ScalarList"",""""]",1
aten::as_strided,"[[3,5089],[],[],[]]","[""long int"",""ScalarList"",""ScalarList"",""""]",1
aten::as_strided,"[[3,50],[],[],[]]","[""long int"",""ScalarList"",""ScalarList"",""""]",1
aten::as_strided,"[[3,52],[],[],[]]","[""long int"",""ScalarList"",""ScalarList"",""""]",1
aten::as_strided,"[[3,54],[],[],[]]","[""long int"",""ScalarList"",""ScalarList"",""""]",1
aten::as_strided,"[[3,56],[],[],[]]","[""long int"",""ScalarList"",""ScalarList"",""""]",1
aten::as_strided,"[[3,58],[],[],[]]","[""long int"",""ScalarList"",""ScalarList"",""""]",1
aten::as_strided,"[[3,60],[],[],[]]","[""long int"",""ScalarList"",""ScalarList"",""""]",1
aten::as_strided,"[[3,62],[],[],[]]","[""long int"",""ScalarList"",""ScalarList"",""""]",1
aten::as_strided,"[[3,6],[],[],[]]","[""long int"",""ScalarList"",""ScalarList"",""""]",1
aten::as_strided,"[[3,8],[],[],[]]","[""long int"",""ScalarList"",""ScalarList"",""""]",1
aten::as_strided,"[[30,1],[],[],[]]","[""bool"",""ScalarList"",""ScalarList"",""""]",1
aten::as_strided,"[[30,1],[],[],[]]","[""long int"",""ScalarList"",""ScalarList"",""""]",1
aten::as_strided,"[[30,248320],[],[],[]]","[""c10::BFloat16"",""ScalarList"",""ScalarList"",""Scalar""]",1
aten::as_strided,"[[31,1],[],[],[]]","[""long int"",""ScalarList"",""ScalarList"",""""]",1
aten::as_strided,"[[31,248320],[],[],[]]","[""c10::BFloat16"",""ScalarList"",""ScalarList"",""Scalar""]",1
aten::as_strided,"[[31,32],[],[],[]]","[""int"",""ScalarList"",""ScalarList"",""Scalar""]",1
aten::as_strided,"[[32,1],[],[],[]]","[""bool"",""ScalarList"",""ScalarList"",""""]",1
aten::as_strided,"[[32,1],[],[],[]]","[""long int"",""ScalarList"",""ScalarList"",""""]",1
aten::as_strided,"[[32,248320],[],[],[]]","[""c10::BFloat16"",""ScalarList"",""ScalarList"",""Scalar""]",1
aten::as_strided,"[[32],[],[],[]]","[""int"",""ScalarList"",""ScalarList"",""""]",1
aten::as_strided,"[[33,1],[],[],[]]","[""long int"",""ScalarList"",""ScalarList"",""""]",1
aten::as_strided,"[[33,248320],[],[],[]]","[""c10::BFloat16"",""ScalarList"",""ScalarList"",""Scalar""]",1
aten::as_strided,"[[33,32],[],[],[]]","[""int"",""ScalarList"",""ScalarList"",""Scalar""]",1
aten::as_strided,"[[34,1],[],[],[]]","[""bool"",""ScalarList"",""ScalarList"",""""]",1
aten::as_strided,"[[34,1],[],[],[]]","[""long int"",""ScalarList"",""ScalarList"",""""]",1
aten::as_strided,"[[34,248320],[],[],[]]","[""c10::BFloat16"",""ScalarList"",""ScalarList"",""Scalar""]",1
aten::as_strided,"[[35,1],[],[],[]]","[""long int"",""ScalarList"",""ScalarList"",""""]",1
aten::as_strided,"[[35,248320],[],[],[]]","[""c10::BFloat16"",""ScalarList"",""ScalarList"",""Scalar""]",1
aten::as_strided,"[[35,32],[],[],[]]","[""int"",""ScalarList"",""ScalarList"",""Scalar""]",1
aten::as_strided,"[[36,1],[],[],[]]","[""bool"",""ScalarList"",""ScalarList"",""""]",1
aten::as_strided,"[[36,1],[],[],[]]","[""long int"",""ScalarList"",""ScalarList"",""""]",1
aten::as_strided,"[[36,248320],[],[],[]]","[""c10::BFloat16"",""ScalarList"",""ScalarList"",""Scalar""]",1
aten::as_strided,"[[37,1],[],[],[]]","[""long int"",""ScalarList"",""ScalarList"",""""]",1
aten::as_strided,"[[37,248320],[],[],[]]","[""c10::BFloat16"",""ScalarList"",""ScalarList"",""Scalar""]",1
aten::as_strided,"[[37,32],[],[],[]]","[""int"",""ScalarList"",""ScalarList"",""Scalar""]",1
aten::as_strided,"[[38,1],[],[],[]]","[""bool"",""ScalarList"",""ScalarList"",""""]",1
aten::as_strided,"[[38,1],[],[],[]]","[""long int"",""ScalarList"",""ScalarList"",""""]",1
aten::as_strided,"[[38,248320],[],[],[]]","[""c10::BFloat16"",""ScalarList"",""ScalarList"",""Scalar""]",1
aten::as_strided,"[[39,1],[],[],[]]","[""long int"",""ScalarList"",""ScalarList"",""""]",1
aten::as_strided,"[[39,248320],[],[],[]]","[""c10::BFloat16"",""ScalarList"",""ScalarList"",""Scalar""]",1
aten::as_strided,"[[39,32],[],[],[]]","[""int"",""ScalarList"",""ScalarList"",""Scalar""]",1
aten::as_strided,"[[4,1],[],[],[]]","[""bool"",""ScalarList"",""ScalarList"",""""]",1
aten::as_strided,"[[4,1],[],[],[]]","[""long int"",""ScalarList"",""ScalarList"",""""]",1
aten::as_strided,"[[4,2048],[],[],[]]","[""c10::BFloat16"",""ScalarList"",""ScalarList"",""""]",1
aten::as_strided,"[[4,2048],[],[],[]]","[""c10::BFloat16"",""ScalarList"",""ScalarList"",""Scalar""]",1
aten::as_strided,"[[4,248320],[],[],[]]","[""c10::BFloat16"",""ScalarList"",""ScalarList"",""Scalar""]",1
aten::as_strided,"[[4,32],[],[],[]]","[""int"",""ScalarList"",""ScalarList"",""Scalar""]",1
aten::as_strided,"[[40,1],[],[],[]]","[""bool"",""ScalarList"",""ScalarList"",""""]",1
aten::as_strided,"[[40,1],[],[],[]]","[""long int"",""ScalarList"",""ScalarList"",""""]",1
aten::as_strided,"[[40,248320],[],[],[]]","[""c10::BFloat16"",""ScalarList"",""ScalarList"",""Scalar""]",1
aten::as_strided,"[[4096,1],[],[],[]]","[""bool"",""ScalarList"",""ScalarList"",""""]",1
aten::as_strided,"[[4096,2048],[],[],[]]","[""c10::BFloat16"",""ScalarList"",""ScalarList"",""""]",1
aten::as_strided,"[[41,1],[],[],[]]","[""long int"",""ScalarList"",""ScalarList"",""""]",1
aten::as_strided,"[[41,248320],[],[],[]]","[""c10::BFloat16"",""ScalarList"",""ScalarList"",""Scalar""]",1
aten::as_strided,"[[41,32],[],[],[]]","[""int"",""ScalarList"",""ScalarList"",""Scalar""]",1
aten::as_strided,"[[42,1],[],[],[]]","[""bool"",""ScalarList"",""ScalarList"",""""]",1
aten::as_strided,"[[42,1],[],[],[]]","[""long int"",""ScalarList"",""ScalarList"",""""]",1
aten::as_strided,"[[42,248320],[],[],[]]","[""c10::BFloat16"",""ScalarList"",""ScalarList"",""Scalar""]",1
aten::as_strided,"[[43,1],[],[],[]]","[""long int"",""ScalarList"",""ScalarList"",""""]",1
aten::as_strided,"[[43,248320],[],[],[]]","[""c10::BFloat16"",""ScalarList"",""ScalarList"",""Scalar""]",1
aten::as_strided,"[[43,32],[],[],[]]","[""int"",""ScalarList"",""ScalarList"",""Scalar""]",1
aten::as_strided,"[[44,1],[],[],[]]","[""bool"",""ScalarList"",""ScalarList"",""""]",1
aten::as_strided,"[[44,1],[],[],[]]","[""long int"",""ScalarList"",""ScalarList"",""""]",1
aten::as_strided,"[[44,248320],[],[],[]]","[""c10::BFloat16"",""ScalarList"",""ScalarList"",""Scalar""]",1
aten::as_strided,"[[45,1],[],[],[]]","[""long int"",""ScalarList"",""ScalarList"",""""]",1
aten::as_strided,"[[45,248320],[],[],[]]","[""c10::BFloat16"",""ScalarList"",""ScalarList"",""Scalar""]",1
aten::as_strided,"[[45,32],[],[],[]]","[""int"",""ScalarList"",""ScalarList"",""Scalar""]",1
aten::as_strided,"[[46,1],[],[],[]]","[""bool"",""ScalarList"",""ScalarList"",""""]",1
aten::as_strided,"[[46,1],[],[],[]]","[""long int"",""ScalarList"",""ScalarList"",""""]",1
aten::as_strided,"[[46,248320],[],[],[]]","[""c10::BFloat16"",""ScalarList"",""ScalarList"",""Scalar""]",1
aten::as_strided,"[[47,1],[],[],[]]","[""long int"",""ScalarList"",""ScalarList"",""""]",1
aten::as_strided,"[[47,248320],[],[],[]]","[""c10::BFloat16"",""ScalarList"",""ScalarList"",""Scalar""]",1
aten::as_strided,"[[47,32],[],[],[]]","[""int"",""ScalarList"",""ScalarList"",""Scalar""]",1
aten::as_strided,"[[48,1],[],[],[]]","[""bool"",""ScalarList"",""ScalarList"",""""]",1
aten::as_strided,"[[48,1],[],[],[]]","[""long int"",""ScalarList"",""ScalarList"",""""]",1
aten::as_strided,"[[48,248320],[],[],[]]","[""c10::BFloat16"",""ScalarList"",""ScalarList"",""Scalar""]",1
aten::as_strided,"[[49,1],[],[],[]]","[""long int"",""ScalarList"",""ScalarList"",""""]",1
aten::as_strided,"[[49,248320],[],[],[]]","[""c10::BFloat16"",""ScalarList"",""ScalarList"",""Scalar""]",1
aten::as_strided,"[[49,32],[],[],[]]","[""int"",""ScalarList"",""ScalarList"",""Scalar""]",1
aten::as_strided,"[[4],[],[],[]]","[""bool"",""ScalarList"",""ScalarList"",""Scalar""]",1
aten::as_strided,"[[5,1],[],[],[]]","[""long int"",""ScalarList"",""ScalarList"",""""]",1
aten::as_strided,"[[5,248320],[],[],[]]","[""c10::BFloat16"",""ScalarList"",""ScalarList"",""Scalar""]",1
aten::as_strided,"[[5,32],[],[],[]]","[""int"",""ScalarList"",""ScalarList"",""Scalar""]",1
aten::as_strided,"[[50,1],[],[],[]]","[""bool"",""ScalarList"",""ScalarList"",""""]",1
aten::as_strided,"[[50,1],[],[],[]]","[""long int"",""ScalarList"",""ScalarList"",""""]",1
aten::as_strided,"[[50,248320],[],[],[]]","[""c10::BFloat16"",""ScalarList"",""ScalarList"",""Scalar""]",1
aten::as_strided,"[[5089,1],[],[],[]]","[""bool"",""ScalarList"",""ScalarList"",""""]",1
aten::as_strided,"[[5089,2048],[],[],[]]","[""c10::BFloat16"",""ScalarList"",""ScalarList"",""""]",1
aten::as_strided,"[[51,1],[],[],[]]","[""long int"",""ScalarList"",""ScalarList"",""""]",1
aten::as_strided,"[[51,248320],[],[],[]]","[""c10::BFloat16"",""ScalarList"",""ScalarList"",""Scalar""]",1
aten::as_strided,"[[51,32],[],[],[]]","[""int"",""ScalarList"",""ScalarList"",""Scalar""]",1
aten::as_strided,"[[52,1],[],[],[]]","[""bool"",""ScalarList"",""ScalarList"",""""]",1
aten::as_strided,"[[52,1],[],[],[]]","[""long int"",""ScalarList"",""ScalarList"",""""]",1
aten::as_strided,"[[52,248320],[],[],[]]","[""c10::BFloat16"",""ScalarList"",""ScalarList"",""Scalar""]",1
aten::as_strided,"[[53,1],[],[],[]]","[""long int"",""ScalarList"",""ScalarList"",""""]",1
aten::as_strided,"[[53,248320],[],[],[]]","[""c10::BFloat16"",""ScalarList"",""ScalarList"",""Scalar""]",1
aten::as_strided,"[[53,32],[],[],[]]","[""int"",""ScalarList"",""ScalarList"",""Scalar""]",1
aten::as_strided,"[[54,1],[],[],[]]","[""bool"",""ScalarList"",""ScalarList"",""""]",1
aten::as_strided,"[[54,1],[],[],[]]","[""long int"",""ScalarList"",""ScalarList"",""""]",1
aten::as_strided,"[[54,248320],[],[],[]]","[""c10::BFloat16"",""ScalarList"",""ScalarList"",""Scalar""]",1
aten::as_strided,"[[55,1],[],[],[]]","[""long int"",""ScalarList"",""ScalarList"",""""]",1
aten::as_strided,"[[55,248320],[],[],[]]","[""c10::BFloat16"",""ScalarList"",""ScalarList"",""Scalar""]",1
aten::as_strided,"[[55,32],[],[],[]]","[""int"",""ScalarList"",""ScalarList"",""Scalar""]",1
aten::as_strided,"[[56,1],[],[],[]]","[""bool"",""ScalarList"",""ScalarList"",""""]",1
aten::as_strided,"[[56,1],[],[],[]]","[""long int"",""ScalarList"",""ScalarList"",""""]",1
aten::as_strided,"[[56,248320],[],[],[]]","[""c10::BFloat16"",""ScalarList"",""ScalarList"",""Scalar""]",1
aten::as_strided,"[[57,1],[],[],[]]","[""long int"",""ScalarList"",""ScalarList"",""""]",1
aten::as_strided,"[[57,248320],[],[],[]]","[""c10::BFloat16"",""ScalarList"",""ScalarList"",""Scalar""]",1
aten::as_strided,"[[57,32],[],[],[]]","[""int"",""ScalarList"",""ScalarList"",""Scalar""]",1
aten::as_strided,"[[58,1],[],[],[]]","[""bool"",""ScalarList"",""ScalarList"",""""]",1
aten::as_strided,"[[58,1],[],[],[]]","[""long int"",""ScalarList"",""ScalarList"",""""]",1
aten::as_strided,"[[58,248320],[],[],[]]","[""c10::BFloat16"",""ScalarList"",""ScalarList"",""Scalar""]",1
aten::as_strided,"[[59,1],[],[],[]]","[""long int"",""ScalarList"",""ScalarList"",""""]",1
aten::as_strided,"[[59,248320],[],[],[]]","[""c10::BFloat16"",""ScalarList"",""ScalarList"",""Scalar""]",1
aten::as_strided,"[[59,32],[],[],[]]","[""int"",""ScalarList"",""ScalarList"",""Scalar""]",1
aten::as_strided,"[[6,1],[],[],[]]","[""bool"",""ScalarList"",""ScalarList"",""""]",1
aten::as_strided,"[[6,1],[],[],[]]","[""long int"",""ScalarList"",""ScalarList"",""""]",1
aten::as_strided,"[[6,248320],[],[],[]]","[""c10::BFloat16"",""ScalarList"",""ScalarList"",""Scalar""]",1
aten::as_strided,"[[60,1],[],[],[]]","[""bool"",""ScalarList"",""ScalarList"",""""]",1
aten::as_strided,"[[60,1],[],[],[]]","[""long int"",""ScalarList"",""ScalarList"",""""]",1
aten::as_strided,"[[60,248320],[],[],[]]","[""c10::BFloat16"",""ScalarList"",""ScalarList"",""Scalar""]",1
aten::as_strided,"[[61,1],[],[],[]]","[""long int"",""ScalarList"",""ScalarList"",""""]",1
aten::as_strided,"[[61,248320],[],[],[]]","[""c10::BFloat16"",""ScalarList"",""ScalarList"",""Scalar""]",1
aten::as_strided,"[[61,32],[],[],[]]","[""int"",""ScalarList"",""ScalarList"",""Scalar""]",1
aten::as_strided,"[[62,1],[],[],[]]","[""bool"",""ScalarList"",""ScalarList"",""""]",1
aten::as_strided,"[[62,1],[],[],[]]","[""long int"",""ScalarList"",""ScalarList"",""""]",1
aten::as_strided,"[[62,248320],[],[],[]]","[""c10::BFloat16"",""ScalarList"",""ScalarList"",""Scalar""]",1
aten::as_strided,"[[63,32],[],[],[]]","[""int"",""ScalarList"",""ScalarList"",""Scalar""]",1
aten::as_strided,"[[64,2],[],[],[]]","[""long int"",""ScalarList"",""ScalarList"",""Scalar""]",1
aten::as_strided,"[[7,1],[],[],[]]","[""long int"",""ScalarList"",""ScalarList"",""""]",1
aten::as_strided,"[[7,248320],[],[],[]]","[""c10::BFloat16"",""ScalarList"",""ScalarList"",""Scalar""]",1
aten::as_strided,"[[7,32],[],[],[]]","[""int"",""ScalarList"",""ScalarList"",""Scalar""]",1
aten::as_strided,"[[8,1],[],[],[]]","[""bool"",""ScalarList"",""ScalarList"",""""]",1
aten::as_strided,"[[8,1],[],[],[]]","[""long int"",""ScalarList"",""ScalarList"",""""]",1
aten::as_strided,"[[8,248320],[],[],[]]","[""c10::BFloat16"",""ScalarList"",""ScalarList"",""Scalar""]",1
aten::as_strided,"[[9,1],[],[],[]]","[""long int"",""ScalarList"",""ScalarList"",""""]",1
aten::as_strided,"[[9,248320],[],[],[]]","[""c10::BFloat16"",""ScalarList"",""ScalarList"",""Scalar""]",1
aten::as_strided,"[[9,32],[],[],[]]","[""int"",""ScalarList"",""ScalarList"",""Scalar""]",1
aten::cat,"[[[1],[1]],[]]","[""TensorList"",""Scalar""]",1
aten::cat,"[[[64,1],[64,1]],[]]","[""TensorList"",""Scalar""]",1
aten::cat,"[[[64]],[]]","[""TensorList"",""Scalar""]",1
aten::clone,"[[10,2,124160],[]]","[""c10::BFloat16"",""Scalar""]",1
aten::clone,"[[11,2,124160],[]]","[""c10::BFloat16"",""Scalar""]",1
aten::clone,"[[12,2,124160],[]]","[""c10::BFloat16"",""Scalar""]",1
aten::clone,"[[13,2,124160],[]]","[""c10::BFloat16"",""Scalar""]",1
aten::clone,"[[14,2,124160],[]]","[""c10::BFloat16"",""Scalar""]",1
aten::clone,"[[15,2,124160],[]]","[""c10::BFloat16"",""Scalar""]",1
aten::clone,"[[16,2,124160],[]]","[""c10::BFloat16"",""Scalar""]",1
aten::clone,"[[17,2,124160],[]]","[""c10::BFloat16"",""Scalar""]",1
aten::clone,"[[18,2,124160],[]]","[""c10::BFloat16"",""Scalar""]",1
aten::clone,"[[19,2,124160],[]]","[""c10::BFloat16"",""Scalar""]",1
aten::clone,"[[2,2,124160],[]]","[""c10::BFloat16"",""Scalar""]",1
aten::clone,"[[20,2,124160],[]]","[""c10::BFloat16"",""Scalar""]",1
aten::clone,"[[21,2,124160],[]]","[""c10::BFloat16"",""Scalar""]",1
aten::clone,"[[22,2,124160],[]]","[""c10::BFloat16"",""Scalar""]",1
aten::clone,"[[23,2,124160],[]]","[""c10::BFloat16"",""Scalar""]",1
aten::clone,"[[24,2,124160],[]]","[""c10::BFloat16"",""Scalar""]",1
aten::clone,"[[25,2,124160],[]]","[""c10::BFloat16"",""Scalar""]",1
aten::clone,"[[26,2,124160],[]]","[""c10::BFloat16"",""Scalar""]",1
aten::clone,"[[27,2,124160],[]]","[""c10::BFloat16"",""Scalar""]",1
aten::clone,"[[28,2,124160],[]]","[""c10::BFloat16"",""Scalar""]",1
aten::clone,"[[29,2,124160],[]]","[""c10::BFloat16"",""Scalar""]",1
aten::clone,"[[3,10],[]]","[""long int"",""Scalar""]",1
aten::clone,"[[3,12],[]]","[""long int"",""Scalar""]",1
aten::clone,"[[3,14],[]]","[""long int"",""Scalar""]",1
aten::clone,"[[3,16],[]]","[""long int"",""Scalar""]",1
aten::clone,"[[3,18],[]]","[""long int"",""Scalar""]",1
aten::clone,"[[3,1],[]]","[""long int"",""Scalar""]",1
aten::clone,"[[3,2,124160],[]]","[""c10::BFloat16"",""Scalar""]",1
aten::clone,"[[3,20],[]]","[""long int"",""Scalar""]",1
aten::clone,"[[3,22],[]]","[""long int"",""Scalar""]",1
aten::clone,"[[3,24],[]]","[""long int"",""Scalar""]",1
aten::clone,"[[3,26],[]]","[""long int"",""Scalar""]",1
aten::clone,"[[3,28],[]]","[""long int"",""Scalar""]",1
aten::clone,"[[3,2],[]]","[""long int"",""Scalar""]",1
aten::clone,"[[3,30],[]]","[""long int"",""Scalar""]",1
aten::clone,"[[3,32],[]]","[""long int"",""Scalar""]",1
aten::clone,"[[3,34],[]]","[""long int"",""Scalar""]",1
aten::clone,"[[3,36],[]]","[""long int"",""Scalar""]",1
aten::clone,"[[3,38],[]]","[""long int"",""Scalar""]",1
aten::clone,"[[3,4096],[]]","[""long int"",""Scalar""]",1
aten::clone,"[[3,40],[]]","[""long int"",""Scalar""]",1
aten::clone,"[[3,42],[]]","[""long int"",""Scalar""]",1
aten::clone,"[[3,44],[]]","[""long int"",""Scalar""]",1
aten::clone,"[[3,46],[]]","[""long int"",""Scalar""]",1
aten::clone,"[[3,48],[]]","[""long int"",""Scalar""]",1
aten::clone,"[[3,4],[]]","[""long int"",""Scalar""]",1
aten::clone,"[[3,5089],[]]","[""long int"",""Scalar""]",1
aten::clone,"[[3,50],[]]","[""long int"",""Scalar""]",1
aten::clone,"[[3,52],[]]","[""long int"",""Scalar""]",1
aten::clone,"[[3,54],[]]","[""long int"",""Scalar""]",1
aten::clone,"[[3,56],[]]","[""long int"",""Scalar""]",1
aten::clone,"[[3,58],[]]","[""long int"",""Scalar""]",1
aten::clone,"[[3,60],[]]","[""long int"",""Scalar""]",1
aten::clone,"[[3,62],[]]","[""long int"",""Scalar""]",1
aten::clone,"[[3,6],[]]","[""long int"",""Scalar""]",1
aten::clone,"[[3,8],[]]","[""long int"",""Scalar""]",1
aten::clone,"[[30,2,124160],[]]","[""c10::BFloat16"",""Scalar""]",1
aten::clone,"[[31,2,124160],[]]","[""c10::BFloat16"",""Scalar""]",1
aten::clone,"[[32,2,124160],[]]","[""c10::BFloat16"",""Scalar""]",1
aten::clone,"[[33,2,124160],[]]","[""c10::BFloat16"",""Scalar""]",1
aten::clone,"[[34,2,124160],[]]","[""c10::BFloat16"",""Scalar""]",1
aten::clone,"[[35,2,124160],[]]","[""c10::BFloat16"",""Scalar""]",1
aten::clone,"[[36,2,124160],[]]","[""c10::BFloat16"",""Scalar""]",1
aten::clone,"[[37,2,124160],[]]","[""c10::BFloat16"",""Scalar""]",1
aten::clone,"[[38,2,124160],[]]","[""c10::BFloat16"",""Scalar""]",1
aten::clone,"[[39,2,124160],[]]","[""c10::BFloat16"",""Scalar""]",1
aten::clone,"[[4,2,124160],[]]","[""c10::BFloat16"",""Scalar""]",1
aten::clone,"[[40,2,124160],[]]","[""c10::BFloat16"",""Scalar""]",1
aten::clone,"[[41,2,124160],[]]","[""c10::BFloat16"",""Scalar""]",1
aten::clone,"[[42,2,124160],[]]","[""c10::BFloat16"",""Scalar""]",1
aten::clone,"[[43,2,124160],[]]","[""c10::BFloat16"",""Scalar""]",1
aten::clone,"[[44,2,124160],[]]","[""c10::BFloat16"",""Scalar""]",1
aten::clone,"[[45,2,124160],[]]","[""c10::BFloat16"",""Scalar""]",1
aten::clone,"[[46,2,124160],[]]","[""c10::BFloat16"",""Scalar""]",1
aten::clone,"[[47,2,124160],[]]","[""c10::BFloat16"",""Scalar""]",1
aten::clone,"[[48,2,124160],[]]","[""c10::BFloat16"",""Scalar""]",1
aten::clone,"[[49,2,124160],[]]","[""c10::BFloat16"",""Scalar""]",1
aten::clone,"[[5,2,124160],[]]","[""c10::BFloat16"",""Scalar""]",1
aten::clone,"[[50,2,124160],[]]","[""c10::BFloat16"",""Scalar""]",1
aten::clone,"[[51,2,124160],[]]","[""c10::BFloat16"",""Scalar""]",1
aten::clone,"[[52,2,124160],[]]","[""c10::BFloat16"",""Scalar""]",1
aten::clone,"[[53,2,124160],[]]","[""c10::BFloat16"",""Scalar""]",1
aten::clone,"[[54,2,124160],[]]","[""c10::BFloat16"",""Scalar""]",1
aten::clone,"[[55,2,124160],[]]","[""c10::BFloat16"",""Scalar""]",1
aten::clone,"[[56,2,124160],[]]","[""c10::BFloat16"",""Scalar""]",1
aten::clone,"[[57,2,124160],[]]","[""c10::BFloat16"",""Scalar""]",1
aten::clone,"[[58,2,124160],[]]","[""c10::BFloat16"",""Scalar""]",1
aten::clone,"[[59,2,124160],[]]","[""c10::BFloat16"",""Scalar""]",1
aten::clone,"[[6,2,124160],[]]","[""c10::BFloat16"",""Scalar""]",1
aten::clone,"[[60,2,124160],[]]","[""c10::BFloat16"",""Scalar""]",1
aten::clone,"[[61,2,124160],[]]","[""c10::BFloat16"",""Scalar""]",1
aten::clone,"[[62,2,124160],[]]","[""c10::BFloat16"",""Scalar""]",1
aten::clone,"[[7,2,124160],[]]","[""c10::BFloat16"",""Scalar""]",1
aten::clone,"[[8,2,124160],[]]","[""c10::BFloat16"",""Scalar""]",1
aten::clone,"[[9,2,124160],[]]","[""c10::BFloat16"",""Scalar""]",1
aten::contiguous,"[[3,10],[]]","[""long int"",""Scalar""]",1
aten::contiguous,"[[3,12],[]]","[""long int"",""Scalar""]",1
aten::contiguous,"[[3,14],[]]","[""long int"",""Scalar""]",1
aten::contiguous,"[[3,16],[]]","[""long int"",""Scalar""]",1
aten::contiguous,"[[3,18],[]]","[""long int"",""Scalar""]",1
aten::contiguous,"[[3,1],[]]","[""long int"",""Scalar""]",1
aten::contiguous,"[[3,20],[]]","[""long int"",""Scalar""]",1
aten::contiguous,"[[3,22],[]]","[""long int"",""Scalar""]",1
aten::contiguous,"[[3,24],[]]","[""long int"",""Scalar""]",1
aten::contiguous,"[[3,26],[]]","[""long int"",""Scalar""]",1
aten::contiguous,"[[3,28],[]]","[""long int"",""Scalar""]",1
aten::contiguous,"[[3,2],[]]","[""long int"",""Scalar""]",1
aten::contiguous,"[[3,30],[]]","[""long int"",""Scalar""]",1
aten::contiguous,"[[3,32],[]]","[""long int"",""Scalar""]",1
aten::contiguous,"[[3,34],[]]","[""long int"",""Scalar""]",1
aten::contiguous,"[[3,36],[]]","[""long int"",""Scalar""]",1
aten::contiguous,"[[3,38],[]]","[""long int"",""Scalar""]",1
aten::contiguous,"[[3,4096],[]]","[""long int"",""Scalar""]",1
aten::contiguous,"[[3,40],[]]","[""long int"",""Scalar""]",1
aten::contiguous,"[[3,42],[]]","[""long int"",""Scalar""]",1
aten::contiguous,"[[3,44],[]]","[""long int"",""Scalar""]",1
aten::contiguous,"[[3,46],[]]","[""long int"",""Scalar""]",1
aten::contiguous,"[[3,48],[]]","[""long int"",""Scalar""]",1
aten::contiguous,"[[3,4],[]]","[""long int"",""Scalar""]",1
aten::contiguous,"[[3,5089],[]]","[""long int"",""Scalar""]",1
aten::contiguous,"[[3,50],[]]","[""long int"",""Scalar""]",1
aten::contiguous,"[[3,52],[]]","[""long int"",""Scalar""]",1
aten::contiguous,"[[3,54],[]]","[""long int"",""Scalar""]",1
aten::contiguous,"[[3,56],[]]","[""long int"",""Scalar""]",1
aten::contiguous,"[[3,58],[]]","[""long int"",""Scalar""]",1
aten::contiguous,"[[3,60],[]]","[""long int"",""Scalar""]",1
aten::contiguous,"[[3,62],[]]","[""long int"",""Scalar""]",1
aten::contiguous,"[[3,6],[]]","[""long int"",""Scalar""]",1
aten::contiguous,"[[3,8],[]]","[""long int"",""Scalar""]",1
aten::copy_,"[[1,2048],[1,2048],[]]","[""c10::BFloat16"",""c10::BFloat16"",""Scalar""]",1
aten::copy_,"[[10,2,124160],[10,2,124160],[]]","[""c10::BFloat16"",""c10::BFloat16"",""Scalar""]",1
aten::copy_,"[[10,248320],[10,248320],[]]","[""float"",""c10::BFloat16"",""Scalar""]",1
aten::copy_,"[[10,32],[10,32],[]]","[""int"",""int"",""Scalar""]",1
aten::copy_,"[[10],[10],[]]","[""bool"",""bool"",""Scalar""]",1
aten::copy_,"[[10],[10],[]]","[""int"",""long int"",""Scalar""]",1
aten::copy_,"[[11,2,124160],[11,2,124160],[]]","[""c10::BFloat16"",""c10::BFloat16"",""Scalar""]",1
aten::copy_,"[[11,248320],[11,248320],[]]","[""float"",""c10::BFloat16"",""Scalar""]",1
aten::copy_,"[[11,32],[11,32],[]]","[""int"",""int"",""Scalar""]",1
aten::copy_,"[[11],[11],[]]","[""bool"",""bool"",""Scalar""]",1
aten::copy_,"[[11],[11],[]]","[""int"",""long int"",""Scalar""]",1
aten::copy_,"[[12,2,124160],[12,2,124160],[]]","[""c10::BFloat16"",""c10::BFloat16"",""Scalar""]",1
aten::copy_,"[[12,248320],[12,248320],[]]","[""float"",""c10::BFloat16"",""Scalar""]",1
aten::copy_,"[[12,32],[12,32],[]]","[""int"",""int"",""Scalar""]",1
aten::copy_,"[[12],[12],[]]","[""bool"",""bool"",""Scalar""]",1
aten::copy_,"[[12],[12],[]]","[""int"",""long int"",""Scalar""]",1
aten::copy_,"[[13,2,124160],[13,2,124160],[]]","[""c10::BFloat16"",""c10::BFloat16"",""Scalar""]",1
aten::copy_,"[[13,248320],[13,248320],[]]","[""float"",""c10::BFloat16"",""Scalar""]",1
aten::copy_,"[[13,32],[13,32],[]]","[""int"",""int"",""Scalar""]",1
aten::copy_,"[[13],[13],[]]","[""bool"",""bool"",""Scalar""]",1
aten::copy_,"[[13],[13],[]]","[""int"",""long int"",""Scalar""]",1
aten::copy_,"[[14,2,124160],[14,2,124160],[]]","[""c10::BFloat16"",""c10::BFloat16"",""Scalar""]",1
aten::copy_,"[[14,248320],[14,248320],[]]","[""float"",""c10::BFloat16"",""Scalar""]",1
aten::copy_,"[[14,32],[14,32],[]]","[""int"",""int"",""Scalar""]",1
aten::copy_,"[[14],[14],[]]","[""bool"",""bool"",""Scalar""]",1
aten::copy_,"[[14],[14],[]]","[""int"",""long int"",""Scalar""]",1
aten::copy_,"[[15,2,124160],[15,2,124160],[]]","[""c10::BFloat16"",""c10::BFloat16"",""Scalar""]",1
aten::copy_,"[[15,248320],[15,248320],[]]","[""float"",""c10::BFloat16"",""Scalar""]",1
aten::copy_,"[[15,32],[15,32],[]]","[""int"",""int"",""Scalar""]",1
aten::copy_,"[[15],[15],[]]","[""bool"",""bool"",""Scalar""]",1
aten::copy_,"[[15],[15],[]]","[""int"",""long int"",""Scalar""]",1
aten::copy_,"[[16,2,124160],[16,2,124160],[]]","[""c10::BFloat16"",""c10::BFloat16"",""Scalar""]",1
aten::copy_,"[[16,248320],[16,248320],[]]","[""float"",""c10::BFloat16"",""Scalar""]",1
aten::copy_,"[[16,32],[16,32],[]]","[""int"",""int"",""Scalar""]",1
aten::copy_,"[[16],[16],[]]","[""bool"",""bool"",""Scalar""]",1
aten::copy_,"[[16],[16],[]]","[""int"",""long int"",""Scalar""]",1
aten::copy_,"[[16],[],[]]","[""bool"",""bool"",""Scalar""]",1
aten::copy_,"[[17,2,124160],[17,2,124160],[]]","[""c10::BFloat16"",""c10::BFloat16"",""Scalar""]",1
aten::copy_,"[[17,248320],[17,248320],[]]","[""float"",""c10::BFloat16"",""Scalar""]",1
aten::copy_,"[[17,32],[17,32],[]]","[""int"",""int"",""Scalar""]",1
aten::copy_,"[[17],[17],[]]","[""bool"",""bool"",""Scalar""]",1
aten::copy_,"[[17],[17],[]]","[""int"",""long int"",""Scalar""]",1
aten::copy_,"[[18,2,124160],[18,2,124160],[]]","[""c10::BFloat16"",""c10::BFloat16"",""Scalar""]",1
aten::copy_,"[[18,248320],[18,248320],[]]","[""float"",""c10::BFloat16"",""Scalar""]",1
aten::copy_,"[[18,32],[18,32],[]]","[""int"",""int"",""Scalar""]",1
aten::copy_,"[[18],[18],[]]","[""bool"",""bool"",""Scalar""]",1
aten::copy_,"[[18],[18],[]]","[""int"",""long int"",""Scalar""]",1
aten::copy_,"[[18],[],[]]","[""bool"",""bool"",""Scalar""]",1
aten::copy_,"[[19,2,124160],[19,2,124160],[]]","[""c10::BFloat16"",""c10::BFloat16"",""Scalar""]",1
aten::copy_,"[[19,248320],[19,248320],[]]","[""float"",""c10::BFloat16"",""Scalar""]",1
aten::copy_,"[[19,32],[19,32],[]]","[""int"",""int"",""Scalar""]",1
aten::copy_,"[[19],[19],[]]","[""bool"",""bool"",""Scalar""]",1
aten::copy_,"[[19],[19],[]]","[""int"",""long int"",""Scalar""]",1
aten::copy_,"[[2,2,124160],[2,2,124160],[]]","[""c10::BFloat16"",""c10::BFloat16"",""Scalar""]",1
aten::copy_,"[[2,2048],[2,2048],[]]","[""c10::BFloat16"",""c10::BFloat16"",""Scalar""]",1
aten::copy_,"[[2,248320],[2,248320],[]]","[""float"",""c10::BFloat16"",""Scalar""]",1
aten::copy_,"[[2,32],[2,32],[]]","[""int"",""int"",""Scalar""]",1
aten::copy_,"[[20,2,124160],[20,2,124160],[]]","[""c10::BFloat16"",""c10::BFloat16"",""Scalar""]",1
aten::copy_,"[[20,248320],[20,248320],[]]","[""float"",""c10::BFloat16"",""Scalar""]",1
aten::copy_,"[[20,32],[20,32],[]]","[""int"",""int"",""Scalar""]",1
aten::copy_,"[[20],[20],[]]","[""bool"",""bool"",""Scalar""]",1
aten::copy_,"[[20],[20],[]]","[""int"",""long int"",""Scalar""]",1
aten::copy_,"[[20],[],[]]","[""bool"",""bool"",""Scalar""]",1
aten::copy_,"[[21,2,124160],[21,2,124160],[]]","[""c10::BFloat16"",""c10::BFloat16"",""Scalar""]",1
aten::copy_,"[[21,248320],[21,248320],[]]","[""float"",""c10::BFloat16"",""Scalar""]",1
aten::copy_,"[[21,32],[21,32],[]]","[""int"",""int"",""Scalar""]",1
aten::copy_,"[[21],[21],[]]","[""bool"",""bool"",""Scalar""]",1
aten::copy_,"[[21],[21],[]]","[""int"",""long int"",""Scalar""]",1
aten::copy_,"[[22,2,124160],[22,2,124160],[]]","[""c10::BFloat16"",""c10::BFloat16"",""Scalar""]",1
aten::copy_,"[[22,248320],[22,248320],[]]","[""float"",""c10::BFloat16"",""Scalar""]",1
aten::copy_,"[[22,32],[22,32],[]]","[""int"",""int"",""Scalar""]",1
aten::copy_,"[[22],[22],[]]","[""bool"",""bool"",""Scalar""]",1
aten::copy_,"[[22],[22],[]]","[""int"",""long int"",""Scalar""]",1
aten::copy_,"[[22],[],[]]","[""bool"",""bool"",""Scalar""]",1
aten::copy_,"[[23,2,124160],[23,2,124160],[]]","[""c10::BFloat16"",""c10::BFloat16"",""Scalar""]",1
aten::copy_,"[[23,248320],[23,248320],[]]","[""float"",""c10::BFloat16"",""Scalar""]",1
aten::copy_,"[[23,32],[23,32],[]]","[""int"",""int"",""Scalar""]",1
aten::copy_,"[[23],[23],[]]","[""bool"",""bool"",""Scalar""]",1
aten::copy_,"[[23],[23],[]]","[""int"",""long int"",""Scalar""]",1
aten::copy_,"[[24,2,124160],[24,2,124160],[]]","[""c10::BFloat16"",""c10::BFloat16"",""Scalar""]",1
aten::copy_,"[[24,248320],[24,248320],[]]","[""float"",""c10::BFloat16"",""Scalar""]",1
aten::copy_,"[[24,32],[24,32],[]]","[""int"",""int"",""Scalar""]",1
aten::copy_,"[[24],[24],[]]","[""bool"",""bool"",""Scalar""]",1
aten::copy_,"[[24],[24],[]]","[""int"",""long int"",""Scalar""]",1
aten::copy_,"[[24],[],[]]","[""bool"",""bool"",""Scalar""]",1
aten::copy_,"[[25,2,124160],[25,2,124160],[]]","[""c10::BFloat16"",""c10::BFloat16"",""Scalar""]",1
aten::copy_,"[[25,248320],[25,248320],[]]","[""float"",""c10::BFloat16"",""Scalar""]",1
aten::copy_,"[[25,32],[25,32],[]]","[""int"",""int"",""Scalar""]",1
aten::copy_,"[[25],[25],[]]","[""bool"",""bool"",""Scalar""]",1
aten::copy_,"[[25],[25],[]]","[""int"",""long int"",""Scalar""]",1
aten::copy_,"[[26,2,124160],[26,2,124160],[]]","[""c10::BFloat16"",""c10::BFloat16"",""Scalar""]",1
aten::copy_,"[[26,248320],[26,248320],[]]","[""float"",""c10::BFloat16"",""Scalar""]",1
aten::copy_,"[[26,32],[26,32],[]]","[""int"",""int"",""Scalar""]",1
aten::copy_,"[[26],[26],[]]","[""bool"",""bool"",""Scalar""]",1
aten::copy_,"[[26],[26],[]]","[""int"",""long int"",""Scalar""]",1
aten::copy_,"[[26],[],[]]","[""bool"",""bool"",""Scalar""]",1
aten::copy_,"[[27,2,124160],[27,2,124160],[]]","[""c10::BFloat16"",""c10::BFloat16"",""Scalar""]",1
aten::copy_,"[[27,248320],[27,248320],[]]","[""float"",""c10::BFloat16"",""Scalar""]",1
aten::copy_,"[[27,32],[27,32],[]]","[""int"",""int"",""Scalar""]",1
aten::copy_,"[[27],[27],[]]","[""bool"",""bool"",""Scalar""]",1
aten::copy_,"[[27],[27],[]]","[""int"",""long int"",""Scalar""]",1
aten::copy_,"[[28,2,124160],[28,2,124160],[]]","[""c10::BFloat16"",""c10::BFloat16"",""Scalar""]",1
aten::copy_,"[[28,248320],[28,248320],[]]","[""float"",""c10::BFloat16"",""Scalar""]",1
aten::copy_,"[[28,32],[28,32],[]]","[""int"",""int"",""Scalar""]",1
aten::copy_,"[[28],[28],[]]","[""bool"",""bool"",""Scalar""]",1
aten::copy_,"[[28],[28],[]]","[""int"",""long int"",""Scalar""]",1
aten::copy_,"[[28],[],[]]","[""bool"",""bool"",""Scalar""]",1
aten::copy_,"[[29,2,124160],[29,2,124160],[]]","[""c10::BFloat16"",""c10::BFloat16"",""Scalar""]",1
aten::copy_,"[[29,248320],[29,248320],[]]","[""float"",""c10::BFloat16"",""Scalar""]",1
aten::copy_,"[[29,32],[29,32],[]]","[""int"",""int"",""Scalar""]",1
aten::copy_,"[[29],[29],[]]","[""bool"",""bool"",""Scalar""]",1
aten::copy_,"[[29],[29],[]]","[""int"",""long int"",""Scalar""]",1
aten::copy_,"[[2],[2],[]]","[""bool"",""bool"",""Scalar""]",1
aten::copy_,"[[2],[2],[]]","[""int"",""long int"",""Scalar""]",1
aten::copy_,"[[3,111],[3,111],[]]","[""long int"",""long int"",""Scalar""]",1
aten::copy_,"[[3,133],[3,133],[]]","[""long int"",""long int"",""Scalar""]",1
aten::copy_,"[[3,13],[3,13],[]]","[""long int"",""long int"",""Scalar""]",1
aten::copy_,"[[3,157],[3,157],[]]","[""long int"",""long int"",""Scalar""]",1
aten::copy_,"[[3,183],[3,183],[]]","[""long int"",""long int"",""Scalar""]",1
aten::copy_,"[[3,2,124160],[3,2,124160],[]]","[""c10::BFloat16"",""c10::BFloat16"",""Scalar""]",1
aten::copy_,"[[3,211],[3,211],[]]","[""long int"",""long int"",""Scalar""]",1
aten::copy_,"[[3,21],[3,21],[]]","[""long int"",""long int"",""Scalar""]",1
aten::copy_,"[[3,241],[3,241],[]]","[""long int"",""long int"",""Scalar""]",1
aten::copy_,"[[3,248320],[3,248320],[]]","[""float"",""c10::BFloat16"",""Scalar""]",1
aten::copy_,"[[3,273],[3,273],[]]","[""long int"",""long int"",""Scalar""]",1
aten::copy_,"[[3,307],[3,307],[]]","[""long int"",""long int"",""Scalar""]",1
aten::copy_,"[[3,3165],[3,3165],[]]","[""long int"",""long int"",""Scalar""]",1
aten::copy_,"[[3,31],[3,31],[]]","[""long int"",""long int"",""Scalar""]",1
aten::copy_,"[[3,3225],[3,3225],[]]","[""long int"",""long int"",""Scalar""]",1
aten::copy_,"[[3,3283],[3,3283],[]]","[""long int"",""long int"",""Scalar""]",1
aten::copy_,"[[3,32],[3,32],[]]","[""int"",""int"",""Scalar""]",1
aten::copy_,"[[3,3339],[3,3339],[]]","[""long int"",""long int"",""Scalar""]",1
aten::copy_,"[[3,3393],[3,3393],[]]","[""long int"",""long int"",""Scalar""]",1
aten::copy_,"[[3,343],[3,343],[]]","[""long int"",""long int"",""Scalar""]",1
aten::copy_,"[[3,3445],[3,3445],[]]","[""long int"",""long int"",""Scalar""]",1
aten::copy_,"[[3,3495],[3,3495],[]]","[""long int"",""long int"",""Scalar""]",1
aten::copy_,"[[3,3543],[3,3543],[]]","[""long int"",""long int"",""Scalar""]",1
aten::copy_,"[[3,3589],[3,3589],[]]","[""long int"",""long int"",""Scalar""]",1
aten::copy_,"[[3,3633],[3,3633],[]]","[""long int"",""long int"",""Scalar""]",1
aten::copy_,"[[3,3675],[3,3675],[]]","[""long int"",""long int"",""Scalar""]",1
aten::copy_,"[[3,3715],[3,3715],[]]","[""long int"",""long int"",""Scalar""]",1
aten::copy_,"[[3,3753],[3,3753],[]]","[""long int"",""long int"",""Scalar""]",1
aten::copy_,"[[3,3789],[3,3789],[]]","[""long int"",""long int"",""Scalar""]",1
aten::copy_,"[[3,381],[3,381],[]]","[""long int"",""long int"",""Scalar""]",1
aten::copy_,"[[3,3823],[3,3823],[]]","[""long int"",""long int"",""Scalar""]",1
aten::copy_,"[[3,3855],[3,3855],[]]","[""long int"",""long int"",""Scalar""]",1
aten::copy_,"[[3,3885],[3,3885],[]]","[""long int"",""long int"",""Scalar""]",1
aten::copy_,"[[3,3913],[3,3913],[]]","[""long int"",""long int"",""Scalar""]",1
aten::copy_,"[[3,3939],[3,3939],[]]","[""long int"",""long int"",""Scalar""]",1
aten::copy_,"[[3,3963],[3,3963],[]]","[""long int"",""long int"",""Scalar""]",1
aten::copy_,"[[3,3985],[3,3985],[]]","[""long int"",""long int"",""Scalar""]",1
aten::copy_,"[[3,3],[3,3],[]]","[""long int"",""long int"",""Scalar""]",1
aten::copy_,"[[3,4005],[3,4005],[]]","[""long int"",""long int"",""Scalar""]",1
aten::copy_,"[[3,4023],[3,4023],[]]","[""long int"",""long int"",""Scalar""]",1
aten::copy_,"[[3,4039],[3,4039],[]]","[""long int"",""long int"",""Scalar""]",1
aten::copy_,"[[3,4053],[3,4053],[]]","[""long int"",""long int"",""Scalar""]",1
aten::copy_,"[[3,4065],[3,4065],[]]","[""long int"",""long int"",""Scalar""]",1
aten::copy_,"[[3,4075],[3,4075],[]]","[""long int"",""long int"",""Scalar""]",1
aten::copy_,"[[3,4083],[3,4083],[]]","[""long int"",""long int"",""Scalar""]",1
aten::copy_,"[[3,4089],[3,4089],[]]","[""long int"",""long int"",""Scalar""]",1
aten::copy_,"[[3,4093],[3,4093],[]]","[""long int"",""long int"",""Scalar""]",1
aten::copy_,"[[3,4095],[3,4095],[]]","[""long int"",""long int"",""Scalar""]",1
aten::copy_,"[[3,421],[3,421],[]]","[""long int"",""long int"",""Scalar""]",1
aten::copy_,"[[3,43],[3,43],[]]","[""long int"",""long int"",""Scalar""]",1
aten::copy_,"[[3,463],[3,463],[]]","[""long int"",""long int"",""Scalar""]",1
aten::copy_,"[[3,507],[3,507],[]]","[""long int"",""long int"",""Scalar""]",1
aten::copy_,"[[3,553],[3,553],[]]","[""long int"",""long int"",""Scalar""]",1
aten::copy_,"[[3,57],[3,57],[]]","[""long int"",""long int"",""Scalar""]",1
aten::copy_,"[[3,601],[3,601],[]]","[""long int"",""long int"",""Scalar""]",1
aten::copy_,"[[3,651],[3,651],[]]","[""long int"",""long int"",""Scalar""]",1
aten::copy_,"[[3,703],[3,703],[]]","[""long int"",""long int"",""Scalar""]",1
aten::copy_,"[[3,73],[3,73],[]]","[""long int"",""long int"",""Scalar""]",1
aten::copy_,"[[3,757],[3,757],[]]","[""long int"",""long int"",""Scalar""]",1
aten::copy_,"[[3,7],[3,7],[]]","[""long int"",""long int"",""Scalar""]",1
aten::copy_,"[[3,813],[3,813],[]]","[""long int"",""long int"",""Scalar""]",1
aten::copy_,"[[3,871],[3,871],[]]","[""long int"",""long int"",""Scalar""]",1
aten::copy_,"[[3,91],[3,91],[]]","[""long int"",""long int"",""Scalar""]",1
aten::copy_,"[[3,931],[3,931],[]]","[""long int"",""long int"",""Scalar""]",1
aten::copy_,"[[30,2,124160],[30,2,124160],[]]","[""c10::BFloat16"",""c10::BFloat16"",""Scalar""]",1
aten::copy_,"[[30,248320],[30,248320],[]]","[""float"",""c10::BFloat16"",""Scalar""]",1
aten::copy_,"[[30,32],[30,32],[]]","[""int"",""int"",""Scalar""]",1
aten::copy_,"[[30],[30],[]]","[""bool"",""bool"",""Scalar""]",1
aten::copy_,"[[30],[30],[]]","[""int"",""long int"",""Scalar""]",1
aten::copy_,"[[30],[],[]]","[""bool"",""bool"",""Scalar""]",1
aten::copy_,"[[31,2,124160],[31,2,124160],[]]","[""c10::BFloat16"",""c10::BFloat16"",""Scalar""]",1
aten::copy_,"[[31,248320],[31,248320],[]]","[""float"",""c10::BFloat16"",""Scalar""]",1
aten::copy_,"[[31,32],[31,32],[]]","[""int"",""int"",""Scalar""]",1
aten::copy_,"[[31],[31],[]]","[""bool"",""bool"",""Scalar""]",1
aten::copy_,"[[31],[31],[]]","[""int"",""long int"",""Scalar""]",1
aten::copy_,"[[32,2,124160],[32,2,124160],[]]","[""c10::BFloat16"",""c10::BFloat16"",""Scalar""]",1
aten::copy_,"[[32,248320],[32,248320],[]]","[""float"",""c10::BFloat16"",""Scalar""]",1
aten::copy_,"[[32,32],[32,32],[]]","[""int"",""int"",""Scalar""]",1
aten::copy_,"[[32],[32],[]]","[""bool"",""bool"",""Scalar""]",1
aten::copy_,"[[32],[32],[]]","[""int"",""long int"",""Scalar""]",1
aten::copy_,"[[33,2,124160],[33,2,124160],[]]","[""c10::BFloat16"",""c10::BFloat16"",""Scalar""]",1
aten::copy_,"[[33,248320],[33,248320],[]]","[""float"",""c10::BFloat16"",""Scalar""]",1
aten::copy_,"[[33,32],[33,32],[]]","[""int"",""int"",""Scalar""]",1
aten::copy_,"[[33],[33],[]]","[""bool"",""bool"",""Scalar""]",1
aten::copy_,"[[33],[33],[]]","[""int"",""long int"",""Scalar""]",1
aten::copy_,"[[34,2,124160],[34,2,124160],[]]","[""c10::BFloat16"",""c10::BFloat16"",""Scalar""]",1
aten::copy_,"[[34,248320],[34,248320],[]]","[""float"",""c10::BFloat16"",""Scalar""]",1
aten::copy_,"[[34,32],[34,32],[]]","[""int"",""int"",""Scalar""]",1
aten::copy_,"[[34],[34],[]]","[""bool"",""bool"",""Scalar""]",1
aten::copy_,"[[34],[34],[]]","[""int"",""long int"",""Scalar""]",1
aten::copy_,"[[35,2,124160],[35,2,124160],[]]","[""c10::BFloat16"",""c10::BFloat16"",""Scalar""]",1
aten::copy_,"[[35,248320],[35,248320],[]]","[""float"",""c10::BFloat16"",""Scalar""]",1
aten::copy_,"[[35,32],[35,32],[]]","[""int"",""int"",""Scalar""]",1
aten::copy_,"[[35],[35],[]]","[""bool"",""bool"",""Scalar""]",1
aten::copy_,"[[35],[35],[]]","[""int"",""long int"",""Scalar""]",1
aten::copy_,"[[36,2,124160],[36,2,124160],[]]","[""c10::BFloat16"",""c10::BFloat16"",""Scalar""]",1
aten::copy_,"[[36,248320],[36,248320],[]]","[""float"",""c10::BFloat16"",""Scalar""]",1
aten::copy_,"[[36,32],[36,32],[]]","[""int"",""int"",""Scalar""]",1
aten::copy_,"[[36],[36],[]]","[""bool"",""bool"",""Scalar""]",1
aten::copy_,"[[36],[36],[]]","[""int"",""long int"",""Scalar""]",1
aten::copy_,"[[37,2,124160],[37,2,124160],[]]","[""c10::BFloat16"",""c10::BFloat16"",""Scalar""]",1
aten::copy_,"[[37,248320],[37,248320],[]]","[""float"",""c10::BFloat16"",""Scalar""]",1
aten::copy_,"[[37,32],[37,32],[]]","[""int"",""int"",""Scalar""]",1
aten::copy_,"[[37],[37],[]]","[""bool"",""bool"",""Scalar""]",1
aten::copy_,"[[37],[37],[]]","[""int"",""long int"",""Scalar""]",1
aten::copy_,"[[38,2,124160],[38,2,124160],[]]","[""c10::BFloat16"",""c10::BFloat16"",""Scalar""]",1
aten::copy_,"[[38,248320],[38,248320],[]]","[""float"",""c10::BFloat16"",""Scalar""]",1
aten::copy_,"[[38,32],[38,32],[]]","[""int"",""int"",""Scalar""]",1
aten::copy_,"[[38],[38],[]]","[""bool"",""bool"",""Scalar""]",1
aten::copy_,"[[38],[38],[]]","[""int"",""long int"",""Scalar""]",1
aten::copy_,"[[39,2,124160],[39,2,124160],[]]","[""c10::BFloat16"",""c10::BFloat16"",""Scalar""]",1
aten::copy_,"[[39,248320],[39,248320],[]]","[""float"",""c10::BFloat16"",""Scalar""]",1
aten::copy_,"[[39,32],[39,32],[]]","[""int"",""int"",""Scalar""]",1
aten::copy_,"[[39],[39],[]]","[""bool"",""bool"",""Scalar""]",1
aten::copy_,"[[39],[39],[]]","[""int"",""long int"",""Scalar""]",1
aten::copy_,"[[3],[3],[]]","[""bool"",""bool"",""Scalar""]",1
aten::copy_,"[[3],[3],[]]","[""int"",""long int"",""Scalar""]",1
aten::copy_,"[[4,2,124160],[4,2,124160],[]]","[""c10::BFloat16"",""c10::BFloat16"",""Scalar""]",1
aten::copy_,"[[4,248320],[4,248320],[]]","[""float"",""c10::BFloat16"",""Scalar""]",1
aten::copy_,"[[4,32],[4,32],[]]","[""int"",""int"",""Scalar""]",1
aten::copy_,"[[40,2,124160],[40,2,124160],[]]","[""c10::BFloat16"",""c10::BFloat16"",""Scalar""]",1
aten::copy_,"[[40,248320],[40,248320],[]]","[""float"",""c10::BFloat16"",""Scalar""]",1
aten::copy_,"[[40,32],[40,32],[]]","[""int"",""int"",""Scalar""]",1
aten::copy_,"[[4096],[4096],[]]","[""int"",""int"",""Scalar""]",1
aten::copy_,"[[4096],[4096],[]]","[""long int"",""int"",""Scalar""]",1
aten::copy_,"[[40],[40],[]]","[""bool"",""bool"",""Scalar""]",1
aten::copy_,"[[40],[40],[]]","[""int"",""long int"",""Scalar""]",1
aten::copy_,"[[41,2,124160],[41,2,124160],[]]","[""c10::BFloat16"",""c10::BFloat16"",""Scalar""]",1
aten::copy_,"[[41,248320],[41,248320],[]]","[""float"",""c10::BFloat16"",""Scalar""]",1
aten::copy_,"[[41,32],[41,32],[]]","[""int"",""int"",""Scalar""]",1
aten::copy_,"[[41],[41],[]]","[""bool"",""bool"",""Scalar""]",1
aten::copy_,"[[41],[41],[]]","[""int"",""long int"",""Scalar""]",1
aten::copy_,"[[42,2,124160],[42,2,124160],[]]","[""c10::BFloat16"",""c10::BFloat16"",""Scalar""]",1
aten::copy_,"[[42,248320],[42,248320],[]]","[""float"",""c10::BFloat16"",""Scalar""]",1
aten::copy_,"[[42,32],[42,32],[]]","[""int"",""int"",""Scalar""]",1
aten::copy_,"[[42],[42],[]]","[""bool"",""bool"",""Scalar""]",1
aten::copy_,"[[42],[42],[]]","[""int"",""long int"",""Scalar""]",1
aten::copy_,"[[43,2,124160],[43,2,124160],[]]","[""c10::BFloat16"",""c10::BFloat16"",""Scalar""]",1
aten::copy_,"[[43,248320],[43,248320],[]]","[""float"",""c10::BFloat16"",""Scalar""]",1
aten::copy_,"[[43,32],[43,32],[]]","[""int"",""int"",""Scalar""]",1
aten::copy_,"[[43],[43],[]]","[""bool"",""bool"",""Scalar""]",1
aten::copy_,"[[43],[43],[]]","[""int"",""long int"",""Scalar""]",1
aten::copy_,"[[44,2,124160],[44,2,124160],[]]","[""c10::BFloat16"",""c10::BFloat16"",""Scalar""]",1
aten::copy_,"[[44,248320],[44,248320],[]]","[""float"",""c10::BFloat16"",""Scalar""]",1
aten::copy_,"[[44,32],[44,32],[]]","[""int"",""int"",""Scalar""]",1
aten::copy_,"[[44],[44],[]]","[""bool"",""bool"",""Scalar""]",1
aten::copy_,"[[44],[44],[]]","[""int"",""long int"",""Scalar""]",1
aten::copy_,"[[45,2,124160],[45,2,124160],[]]","[""c10::BFloat16"",""c10::BFloat16"",""Scalar""]",1
aten::copy_,"[[45,248320],[45,248320],[]]","[""float"",""c10::BFloat16"",""Scalar""]",1
aten::copy_,"[[45,32],[45,32],[]]","[""int"",""int"",""Scalar""]",1
aten::copy_,"[[45],[45],[]]","[""bool"",""bool"",""Scalar""]",1
aten::copy_,"[[45],[45],[]]","[""int"",""long int"",""Scalar""]",1
aten::copy_,"[[46,2,124160],[46,2,124160],[]]","[""c10::BFloat16"",""c10::BFloat16"",""Scalar""]",1
aten::copy_,"[[46,248320],[46,248320],[]]","[""float"",""c10::BFloat16"",""Scalar""]",1
aten::copy_,"[[46,32],[46,32],[]]","[""int"",""int"",""Scalar""]",1
aten::copy_,"[[46],[46],[]]","[""bool"",""bool"",""Scalar""]",1
aten::copy_,"[[46],[46],[]]","[""int"",""long int"",""Scalar""]",1
aten::copy_,"[[47,2,124160],[47,2,124160],[]]","[""c10::BFloat16"",""c10::BFloat16"",""Scalar""]",1
aten::copy_,"[[47,248320],[47,248320],[]]","[""float"",""c10::BFloat16"",""Scalar""]",1
aten::copy_,"[[47,32],[47,32],[]]","[""int"",""int"",""Scalar""]",1
aten::copy_,"[[47],[47],[]]","[""bool"",""bool"",""Scalar""]",1
aten::copy_,"[[47],[47],[]]","[""int"",""long int"",""Scalar""]",1
aten::copy_,"[[48,2,124160],[48,2,124160],[]]","[""c10::BFloat16"",""c10::BFloat16"",""Scalar""]",1
aten::copy_,"[[48,248320],[48,248320],[]]","[""float"",""c10::BFloat16"",""Scalar""]",1
aten::copy_,"[[48,32],[48,32],[]]","[""int"",""int"",""Scalar""]",1
aten::copy_,"[[48],[48],[]]","[""bool"",""bool"",""Scalar""]",1
aten::copy_,"[[48],[48],[]]","[""int"",""long int"",""Scalar""]",1
aten::copy_,"[[49,2,124160],[49,2,124160],[]]","[""c10::BFloat16"",""c10::BFloat16"",""Scalar""]",1
aten::copy_,"[[49,248320],[49,248320],[]]","[""float"",""c10::BFloat16"",""Scalar""]",1
aten::copy_,"[[49,32],[49,32],[]]","[""int"",""int"",""Scalar""]",1
aten::copy_,"[[49],[49],[]]","[""bool"",""bool"",""Scalar""]",1
aten::copy_,"[[49],[49],[]]","[""int"",""long int"",""Scalar""]",1
aten::copy_,"[[4],[4],[]]","[""bool"",""bool"",""Scalar""]",1
aten::copy_,"[[4],[4],[]]","[""int"",""long int"",""Scalar""]",1
aten::copy_,"[[5,2,124160],[5,2,124160],[]]","[""c10::BFloat16"",""c10::BFloat16"",""Scalar""]",1
aten::copy_,"[[5,248320],[5,248320],[]]","[""float"",""c10::BFloat16"",""Scalar""]",1
aten::copy_,"[[5,32],[5,32],[]]","[""int"",""int"",""Scalar""]",1
aten::copy_,"[[50,2,124160],[50,2,124160],[]]","[""c10::BFloat16"",""c10::BFloat16"",""Scalar""]",1
aten::copy_,"[[50,248320],[50,248320],[]]","[""float"",""c10::BFloat16"",""Scalar""]",1
aten::copy_,"[[50,32],[50,32],[]]","[""int"",""int"",""Scalar""]",1
aten::copy_,"[[5089],[5089],[]]","[""int"",""int"",""Scalar""]",1
aten::copy_,"[[5089],[5089],[]]","[""long int"",""int"",""Scalar""]",1
aten::copy_,"[[50],[50],[]]","[""bool"",""bool"",""Scalar""]",1
aten::copy_,"[[50],[50],[]]","[""int"",""long int"",""Scalar""]",1
aten::copy_,"[[51,2,124160],[51,2,124160],[]]","[""c10::BFloat16"",""c10::BFloat16"",""Scalar""]",1
aten::copy_,"[[51,248320],[51,248320],[]]","[""float"",""c10::BFloat16"",""Scalar""]",1
aten::copy_,"[[51,32],[51,32],[]]","[""int"",""int"",""Scalar""]",1
aten::copy_,"[[51],[51],[]]","[""bool"",""bool"",""Scalar""]",1
aten::copy_,"[[51],[51],[]]","[""int"",""long int"",""Scalar""]",1
aten::copy_,"[[52,2,124160],[52,2,124160],[]]","[""c10::BFloat16"",""c10::BFloat16"",""Scalar""]",1
aten::copy_,"[[52,248320],[52,248320],[]]","[""float"",""c10::BFloat16"",""Scalar""]",1
aten::copy_,"[[52,32],[52,32],[]]","[""int"",""int"",""Scalar""]",1
aten::copy_,"[[52],[52],[]]","[""bool"",""bool"",""Scalar""]",1
aten::copy_,"[[52],[52],[]]","[""int"",""long int"",""Scalar""]",1
aten::copy_,"[[53,2,124160],[53,2,124160],[]]","[""c10::BFloat16"",""c10::BFloat16"",""Scalar""]",1
aten::copy_,"[[53,248320],[53,248320],[]]","[""float"",""c10::BFloat16"",""Scalar""]",1
aten::copy_,"[[53,32],[53,32],[]]","[""int"",""int"",""Scalar""]",1
aten::copy_,"[[53],[53],[]]","[""bool"",""bool"",""Scalar""]",1
aten::copy_,"[[53],[53],[]]","[""int"",""long int"",""Scalar""]",1
aten::copy_,"[[54,2,124160],[54,2,124160],[]]","[""c10::BFloat16"",""c10::BFloat16"",""Scalar""]",1
aten::copy_,"[[54,248320],[54,248320],[]]","[""float"",""c10::BFloat16"",""Scalar""]",1
aten::copy_,"[[54,32],[54,32],[]]","[""int"",""int"",""Scalar""]",1
aten::copy_,"[[54],[54],[]]","[""bool"",""bool"",""Scalar""]",1
aten::copy_,"[[54],[54],[]]","[""int"",""long int"",""Scalar""]",1
aten::copy_,"[[55,2,124160],[55,2,124160],[]]","[""c10::BFloat16"",""c10::BFloat16"",""Scalar""]",1
aten::copy_,"[[55,248320],[55,248320],[]]","[""float"",""c10::BFloat16"",""Scalar""]",1
aten::copy_,"[[55,32],[55,32],[]]","[""int"",""int"",""Scalar""]",1
aten::copy_,"[[55],[55],[]]","[""bool"",""bool"",""Scalar""]",1
aten::copy_,"[[55],[55],[]]","[""int"",""long int"",""Scalar""]",1
aten::copy_,"[[56,2,124160],[56,2,124160],[]]","[""c10::BFloat16"",""c10::BFloat16"",""Scalar""]",1
aten::copy_,"[[56,248320],[56,248320],[]]","[""float"",""c10::BFloat16"",""Scalar""]",1
aten::copy_,"[[56,32],[56,32],[]]","[""int"",""int"",""Scalar""]",1
aten::copy_,"[[56],[56],[]]","[""bool"",""bool"",""Scalar""]",1
aten::copy_,"[[56],[56],[]]","[""int"",""long int"",""Scalar""]",1
aten::copy_,"[[57,2,124160],[57,2,124160],[]]","[""c10::BFloat16"",""c10::BFloat16"",""Scalar""]",1
aten::copy_,"[[57,248320],[57,248320],[]]","[""float"",""c10::BFloat16"",""Scalar""]",1
aten::copy_,"[[57,32],[57,32],[]]","[""int"",""int"",""Scalar""]",1
aten::copy_,"[[57],[57],[]]","[""bool"",""bool"",""Scalar""]",1
aten::copy_,"[[57],[57],[]]","[""int"",""long int"",""Scalar""]",1
aten::copy_,"[[58,2,124160],[58,2,124160],[]]","[""c10::BFloat16"",""c10::BFloat16"",""Scalar""]",1
aten::copy_,"[[58,248320],[58,248320],[]]","[""float"",""c10::BFloat16"",""Scalar""]",1
aten::copy_,"[[58,32],[58,32],[]]","[""int"",""int"",""Scalar""]",1
aten::copy_,"[[58],[58],[]]","[""bool"",""bool"",""Scalar""]",1
aten::copy_,"[[58],[58],[]]","[""int"",""long int"",""Scalar""]",1
aten::copy_,"[[59,2,124160],[59,2,124160],[]]","[""c10::BFloat16"",""c10::BFloat16"",""Scalar""]",1
aten::copy_,"[[59,248320],[59,248320],[]]","[""float"",""c10::BFloat16"",""Scalar""]",1
aten::copy_,"[[59,32],[59,32],[]]","[""int"",""int"",""Scalar""]",1
aten::copy_,"[[59],[59],[]]","[""bool"",""bool"",""Scalar""]",1
aten::copy_,"[[59],[59],[]]","[""int"",""long int"",""Scalar""]",1
aten::copy_,"[[5],[5],[]]","[""bool"",""bool"",""Scalar""]",1
aten::copy_,"[[5],[5],[]]","[""int"",""long int"",""Scalar""]",1
aten::copy_,"[[6,2,124160],[6,2,124160],[]]","[""c10::BFloat16"",""c10::BFloat16"",""Scalar""]",1
aten::copy_,"[[6,248320],[6,248320],[]]","[""float"",""c10::BFloat16"",""Scalar""]",1
aten::copy_,"[[6,32],[6,32],[]]","[""int"",""int"",""Scalar""]",1
aten::copy_,"[[60,2,124160],[60,2,124160],[]]","[""c10::BFloat16"",""c10::BFloat16"",""Scalar""]",1
aten::copy_,"[[60,248320],[60,248320],[]]","[""float"",""c10::BFloat16"",""Scalar""]",1
aten::copy_,"[[60,32],[60,32],[]]","[""int"",""int"",""Scalar""]",1
aten::copy_,"[[60],[60],[]]","[""bool"",""bool"",""Scalar""]",1
aten::copy_,"[[60],[60],[]]","[""int"",""long int"",""Scalar""]",1
aten::copy_,"[[61,2,124160],[61,2,124160],[]]","[""c10::BFloat16"",""c10::BFloat16"",""Scalar""]",1
aten::copy_,"[[61,248320],[61,248320],[]]","[""float"",""c10::BFloat16"",""Scalar""]",1
aten::copy_,"[[61,32],[61,32],[]]","[""int"",""int"",""Scalar""]",1
aten::copy_,"[[61],[61],[]]","[""bool"",""bool"",""Scalar""]",1
aten::copy_,"[[61],[61],[]]","[""int"",""long int"",""Scalar""]",1
aten::copy_,"[[62,2,124160],[62,2,124160],[]]","[""c10::BFloat16"",""c10::BFloat16"",""Scalar""]",1
aten::copy_,"[[62,248320],[62,248320],[]]","[""float"",""c10::BFloat16"",""Scalar""]",1
aten::copy_,"[[62,32],[62,32],[]]","[""int"",""int"",""Scalar""]",1
aten::copy_,"[[62],[62],[]]","[""bool"",""bool"",""Scalar""]",1
aten::copy_,"[[62],[62],[]]","[""int"",""long int"",""Scalar""]",1
aten::copy_,"[[64,2],[64,2],[]]","[""int"",""long int"",""Scalar""]",1
aten::copy_,"[[64],[64],[]]","[""long int"",""bool"",""Scalar""]",1
aten::copy_,"[[6],[6],[]]","[""bool"",""bool"",""Scalar""]",1
aten::copy_,"[[6],[6],[]]","[""int"",""long int"",""Scalar""]",1
aten::copy_,"[[7,2,124160],[7,2,124160],[]]","[""c10::BFloat16"",""c10::BFloat16"",""Scalar""]",1
aten::copy_,"[[7,248320],[7,248320],[]]","[""float"",""c10::BFloat16"",""Scalar""]",1
aten::copy_,"[[7,32],[7,32],[]]","[""int"",""int"",""Scalar""]",1
aten::copy_,"[[7],[7],[]]","[""bool"",""bool"",""Scalar""]",1
aten::copy_,"[[7],[7],[]]","[""int"",""long int"",""Scalar""]",1
aten::copy_,"[[8,2,124160],[8,2,124160],[]]","[""c10::BFloat16"",""c10::BFloat16"",""Scalar""]",1
aten::copy_,"[[8,248320],[8,248320],[]]","[""float"",""c10::BFloat16"",""Scalar""]",1
aten::copy_,"[[8,32],[8,32],[]]","[""int"",""int"",""Scalar""]",1
aten::copy_,"[[8],[8],[]]","[""bool"",""bool"",""Scalar""]",1
aten::copy_,"[[8],[8],[]]","[""int"",""long int"",""Scalar""]",1
aten::copy_,"[[9,2,124160],[9,2,124160],[]]","[""c10::BFloat16"",""c10::BFloat16"",""Scalar""]",1
aten::copy_,"[[9,248320],[9,248320],[]]","[""float"",""c10::BFloat16"",""Scalar""]",1
aten::copy_,"[[9,32],[9,32],[]]","[""int"",""int"",""Scalar""]",1
aten::copy_,"[[9],[9],[]]","[""bool"",""bool"",""Scalar""]",1
aten::copy_,"[[9],[9],[]]","[""int"",""long int"",""Scalar""]",1
aten::cumsum,"[[2],[],[]]","[""int"",""Scalar"",""""]",1
aten::cumsum,"[[64],[],[]]","[""bool"",""Scalar"",""""]",1
aten::detach,[[10]],"[""int""]",1
aten::detach,[[12]],"[""int""]",1
aten::detach,[[14]],"[""int""]",1
aten::detach,[[16]],"[""int""]",1
aten::detach,[[18]],"[""int""]",1
aten::detach,[[20]],"[""int""]",1
aten::detach,[[22]],"[""int""]",1
aten::detach,[[24]],"[""int""]",1
aten::detach,[[26]],"[""int""]",1
aten::detach,[[28]],"[""int""]",1
aten::detach,[[2]],"[""int""]",1
aten::detach,[[30]],"[""int""]",1
aten::detach,[[32]],"[""int""]",1
aten::detach,[[34]],"[""int""]",1
aten::detach,[[36]],"[""int""]",1
aten::detach,[[38]],"[""int""]",1
aten::detach,[[40]],"[""int""]",1
aten::detach,[[42]],"[""int""]",1
aten::detach,[[44]],"[""int""]",1
aten::detach,[[46]],"[""int""]",1
aten::detach,[[48]],"[""int""]",1
aten::detach,[[4]],"[""int""]",1
aten::detach,[[50]],"[""int""]",1
aten::detach,[[52]],"[""int""]",1
aten::detach,[[54]],"[""int""]",1
aten::detach,[[56]],"[""int""]",1
aten::detach,[[58]],"[""int""]",1
aten::detach,[[60]],"[""int""]",1
aten::detach,[[62]],"[""int""]",1
aten::detach,[[6]],"[""int""]",1
aten::detach,[[8]],"[""int""]",1
aten::embedding,"[[124160,2048],[10],[],[],[]]","[""c10::BFloat16"",""long int"",""Scalar"",""Scalar"",""Scalar""]",1
aten::embedding,"[[124160,2048],[12],[],[],[]]","[""c10::BFloat16"",""long int"",""Scalar"",""Scalar"",""Scalar""]",1
aten::embedding,"[[124160,2048],[14],[],[],[]]","[""c10::BFloat16"",""long int"",""Scalar"",""Scalar"",""Scalar""]",1
aten::embedding,"[[124160,2048],[16],[],[],[]]","[""c10::BFloat16"",""long int"",""Scalar"",""Scalar"",""Scalar""]",1
aten::embedding,"[[124160,2048],[18],[],[],[]]","[""c10::BFloat16"",""long int"",""Scalar"",""Scalar"",""Scalar""]",1
aten::embedding,"[[124160,2048],[1],[],[],[]]","[""c10::BFloat16"",""long int"",""Scalar"",""Scalar"",""Scalar""]",1
aten::embedding,"[[124160,2048],[20],[],[],[]]","[""c10::BFloat16"",""long int"",""Scalar"",""Scalar"",""Scalar""]",1
aten::embedding,"[[124160,2048],[22],[],[],[]]","[""c10::BFloat16"",""long int"",""Scalar"",""Scalar"",""Scalar""]",1
aten::embedding,"[[124160,2048],[24],[],[],[]]","[""c10::BFloat16"",""long int"",""Scalar"",""Scalar"",""Scalar""]",1
aten::embedding,"[[124160,2048],[26],[],[],[]]","[""c10::BFloat16"",""long int"",""Scalar"",""Scalar"",""Scalar""]",1
aten::embedding,"[[124160,2048],[28],[],[],[]]","[""c10::BFloat16"",""long int"",""Scalar"",""Scalar"",""Scalar""]",1
aten::embedding,"[[124160,2048],[2],[],[],[]]","[""c10::BFloat16"",""long int"",""Scalar"",""Scalar"",""Scalar""]",1
aten::embedding,"[[124160,2048],[30],[],[],[]]","[""c10::BFloat16"",""long int"",""Scalar"",""Scalar"",""Scalar""]",1
aten::embedding,"[[124160,2048],[32],[],[],[]]","[""c10::BFloat16"",""long int"",""Scalar"",""Scalar"",""Scalar""]",1
aten::embedding,"[[124160,2048],[34],[],[],[]]","[""c10::BFloat16"",""long int"",""Scalar"",""Scalar"",""Scalar""]",1
aten::embedding,"[[124160,2048],[36],[],[],[]]","[""c10::BFloat16"",""long int"",""Scalar"",""Scalar"",""Scalar""]",1
aten::embedding,"[[124160,2048],[38],[],[],[]]","[""c10::BFloat16"",""long int"",""Scalar"",""Scalar"",""Scalar""]",1
aten::embedding,"[[124160,2048],[4096],[],[],[]]","[""c10::BFloat16"",""long int"",""Scalar"",""Scalar"",""Scalar""]",1
aten::embedding,"[[124160,2048],[40],[],[],[]]","[""c10::BFloat16"",""long int"",""Scalar"",""Scalar"",""Scalar""]",1
aten::embedding,"[[124160,2048],[42],[],[],[]]","[""c10::BFloat16"",""long int"",""Scalar"",""Scalar"",""Scalar""]",1
aten::embedding,"[[124160,2048],[44],[],[],[]]","[""c10::BFloat16"",""long int"",""Scalar"",""Scalar"",""Scalar""]",1
aten::embedding,"[[124160,2048],[46],[],[],[]]","[""c10::BFloat16"",""long int"",""Scalar"",""Scalar"",""Scalar""]",1
aten::embedding,"[[124160,2048],[48],[],[],[]]","[""c10::BFloat16"",""long int"",""Scalar"",""Scalar"",""Scalar""]",1
aten::embedding,"[[124160,2048],[4],[],[],[]]","[""c10::BFloat16"",""long int"",""Scalar"",""Scalar"",""Scalar""]",1
aten::embedding,"[[124160,2048],[5089],[],[],[]]","[""c10::BFloat16"",""long int"",""Scalar"",""Scalar"",""Scalar""]",1
aten::embedding,"[[124160,2048],[50],[],[],[]]","[""c10::BFloat16"",""long int"",""Scalar"",""Scalar"",""Scalar""]",1
aten::embedding,"[[124160,2048],[52],[],[],[]]","[""c10::BFloat16"",""long int"",""Scalar"",""Scalar"",""Scalar""]",1
aten::embedding,"[[124160,2048],[54],[],[],[]]","[""c10::BFloat16"",""long int"",""Scalar"",""Scalar"",""Scalar""]",1
aten::embedding,"[[124160,2048],[56],[],[],[]]","[""c10::BFloat16"",""long int"",""Scalar"",""Scalar"",""Scalar""]",1
aten::embedding,"[[124160,2048],[58],[],[],[]]","[""c10::BFloat16"",""long int"",""Scalar"",""Scalar"",""Scalar""]",1
aten::embedding,"[[124160,2048],[60],[],[],[]]","[""c10::BFloat16"",""long int"",""Scalar"",""Scalar"",""Scalar""]",1
aten::embedding,"[[124160,2048],[62],[],[],[]]","[""c10::BFloat16"",""long int"",""Scalar"",""Scalar"",""Scalar""]",1
aten::embedding,"[[124160,2048],[6],[],[],[]]","[""c10::BFloat16"",""long int"",""Scalar"",""Scalar"",""Scalar""]",1
aten::embedding,"[[124160,2048],[8],[],[],[]]","[""c10::BFloat16"",""long int"",""Scalar"",""Scalar"",""Scalar""]",1
aten::empty_like,"[[1,2048],[],[],[],[],[]]","[""c10::BFloat16"","""","""","""",""Scalar"",""""]",1
aten::empty_like,"[[10,2,124160],[],[],[],[],[]]","[""c10::BFloat16"",""Scalar"",""Scalar"","""","""",""Scalar""]",1
aten::empty_like,"[[10,2048],[],[],[],[],[]]","[""c10::BFloat16"","""","""","""",""Scalar"",""""]",1
aten::empty_like,"[[10],[],[],[],[],[]]","[""long int"",""Scalar"","""","""",""Scalar"",""""]",1
aten::empty_like,"[[11,2,124160],[],[],[],[],[]]","[""c10::BFloat16"",""Scalar"",""Scalar"","""","""",""Scalar""]",1
aten::empty_like,"[[12,2,124160],[],[],[],[],[]]","[""c10::BFloat16"",""Scalar"",""Scalar"","""","""",""Scalar""]",1
aten::empty_like,"[[12,2048],[],[],[],[],[]]","[""c10::BFloat16"","""","""","""",""Scalar"",""""]",1
aten::empty_like,"[[12],[],[],[],[],[]]","[""long int"",""Scalar"","""","""",""Scalar"",""""]",1
aten::empty_like,"[[13,2,124160],[],[],[],[],[]]","[""c10::BFloat16"",""Scalar"",""Scalar"","""","""",""Scalar""]",1
aten::empty_like,"[[14,2,124160],[],[],[],[],[]]","[""c10::BFloat16"",""Scalar"",""Scalar"","""","""",""Scalar""]",1
aten::empty_like,"[[14,2048],[],[],[],[],[]]","[""c10::BFloat16"","""","""","""",""Scalar"",""""]",1
aten::empty_like,"[[14],[],[],[],[],[]]","[""long int"",""Scalar"","""","""",""Scalar"",""""]",1
aten::empty_like,"[[15,2,124160],[],[],[],[],[]]","[""c10::BFloat16"",""Scalar"",""Scalar"","""","""",""Scalar""]",1
aten::empty_like,"[[16,2,124160],[],[],[],[],[]]","[""c10::BFloat16"",""Scalar"",""Scalar"","""","""",""Scalar""]",1
aten::empty_like,"[[16,2048],[],[],[],[],[]]","[""c10::BFloat16"","""","""","""",""Scalar"",""""]",1
aten::empty_like,"[[16],[],[],[],[],[]]","[""long int"",""Scalar"","""","""",""Scalar"",""""]",1
aten::empty_like,"[[17,2,124160],[],[],[],[],[]]","[""c10::BFloat16"",""Scalar"",""Scalar"","""","""",""Scalar""]",1
aten::empty_like,"[[18,2,124160],[],[],[],[],[]]","[""c10::BFloat16"",""Scalar"",""Scalar"","""","""",""Scalar""]",1
aten::empty_like,"[[18,2048],[],[],[],[],[]]","[""c10::BFloat16"","""","""","""",""Scalar"",""""]",1
aten::empty_like,"[[18],[],[],[],[],[]]","[""long int"",""Scalar"","""","""",""Scalar"",""""]",1
aten::empty_like,"[[19,2,124160],[],[],[],[],[]]","[""c10::BFloat16"",""Scalar"",""Scalar"","""","""",""Scalar""]",1
aten::empty_like,"[[1],[],[],[],[],[]]","[""long int"",""Scalar"","""","""",""Scalar"",""""]",1
aten::empty_like,"[[2,2,124160],[],[],[],[],[]]","[""c10::BFloat16"",""Scalar"",""Scalar"","""","""",""Scalar""]",1
aten::empty_like,"[[2,2048],[],[],[],[],[]]","[""c10::BFloat16"","""","""","""",""Scalar"",""""]",1
aten::empty_like,"[[20,2,124160],[],[],[],[],[]]","[""c10::BFloat16"",""Scalar"",""Scalar"","""","""",""Scalar""]",1
aten::empty_like,"[[20,2048],[],[],[],[],[]]","[""c10::BFloat16"","""","""","""",""Scalar"",""""]",1
aten::empty_like,"[[20],[],[],[],[],[]]","[""long int"",""Scalar"","""","""",""Scalar"",""""]",1
aten::empty_like,"[[21,2,124160],[],[],[],[],[]]","[""c10::BFloat16"",""Scalar"",""Scalar"","""","""",""Scalar""]",1
aten::empty_like,"[[22,2,124160],[],[],[],[],[]]","[""c10::BFloat16"",""Scalar"",""Scalar"","""","""",""Scalar""]",1
aten::empty_like,"[[22,2048],[],[],[],[],[]]","[""c10::BFloat16"","""","""","""",""Scalar"",""""]",1
aten::empty_like,"[[22],[],[],[],[],[]]","[""long int"",""Scalar"","""","""",""Scalar"",""""]",1
aten::empty_like,"[[23,2,124160],[],[],[],[],[]]","[""c10::BFloat16"",""Scalar"",""Scalar"","""","""",""Scalar""]",1
aten::empty_like,"[[24,2,124160],[],[],[],[],[]]","[""c10::BFloat16"",""Scalar"",""Scalar"","""","""",""Scalar""]",1
aten::empty_like,"[[24,2048],[],[],[],[],[]]","[""c10::BFloat16"","""","""","""",""Scalar"",""""]",1
aten::empty_like,"[[24],[],[],[],[],[]]","[""long int"",""Scalar"","""","""",""Scalar"",""""]",1
aten::empty_like,"[[25,2,124160],[],[],[],[],[]]","[""c10::BFloat16"",""Scalar"",""Scalar"","""","""",""Scalar""]",1
aten::empty_like,"[[26,2,124160],[],[],[],[],[]]","[""c10::BFloat16"",""Scalar"",""Scalar"","""","""",""Scalar""]",1
aten::empty_like,"[[26,2048],[],[],[],[],[]]","[""c10::BFloat16"","""","""","""",""Scalar"",""""]",1
aten::empty_like,"[[26],[],[],[],[],[]]","[""long int"",""Scalar"","""","""",""Scalar"",""""]",1
aten::empty_like,"[[27,2,124160],[],[],[],[],[]]","[""c10::BFloat16"",""Scalar"",""Scalar"","""","""",""Scalar""]",1
aten::empty_like,"[[28,2,124160],[],[],[],[],[]]","[""c10::BFloat16"",""Scalar"",""Scalar"","""","""",""Scalar""]",1
aten::empty_like,"[[28,2048],[],[],[],[],[]]","[""c10::BFloat16"","""","""","""",""Scalar"",""""]",1
aten::empty_like,"[[28],[],[],[],[],[]]","[""long int"",""Scalar"","""","""",""Scalar"",""""]",1
aten::empty_like,"[[29,2,124160],[],[],[],[],[]]","[""c10::BFloat16"",""Scalar"",""Scalar"","""","""",""Scalar""]",1
aten::empty_like,"[[2],[],[],[],[],[]]","[""long int"",""Scalar"","""","""",""Scalar"",""""]",1
aten::empty_like,"[[3,10],[],[],[],[],[]]","[""long int"",""Scalar"","""","""","""",""Scalar""]",1
aten::empty_like,"[[3,10],[],[],[],[],[]]","[""long int"",""Scalar"",""Scalar"","""","""",""Scalar""]",1
aten::empty_like,"[[3,12],[],[],[],[],[]]","[""long int"",""Scalar"","""","""","""",""Scalar""]",1
aten::empty_like,"[[3,12],[],[],[],[],[]]","[""long int"",""Scalar"",""Scalar"","""","""",""Scalar""]",1
aten::empty_like,"[[3,14],[],[],[],[],[]]","[""long int"",""Scalar"","""","""","""",""Scalar""]",1
aten::empty_like,"[[3,14],[],[],[],[],[]]","[""long int"",""Scalar"",""Scalar"","""","""",""Scalar""]",1
aten::empty_like,"[[3,16],[],[],[],[],[]]","[""long int"",""Scalar"","""","""","""",""Scalar""]",1
aten::empty_like,"[[3,16],[],[],[],[],[]]","[""long int"",""Scalar"",""Scalar"","""","""",""Scalar""]",1
aten::empty_like,"[[3,18],[],[],[],[],[]]","[""long int"",""Scalar"","""","""","""",""Scalar""]",1
aten::empty_like,"[[3,18],[],[],[],[],[]]","[""long int"",""Scalar"",""Scalar"","""","""",""Scalar""]",1
aten::empty_like,"[[3,1],[],[],[],[],[]]","[""long int"",""Scalar"","""","""","""",""Scalar""]",1
aten::empty_like,"[[3,1],[],[],[],[],[]]","[""long int"",""Scalar"",""Scalar"","""","""",""Scalar""]",1
aten::empty_like,"[[3,2,124160],[],[],[],[],[]]","[""c10::BFloat16"",""Scalar"",""Scalar"","""","""",""Scalar""]",1
aten::empty_like,"[[3,20],[],[],[],[],[]]","[""long int"",""Scalar"","""","""","""",""Scalar""]",1
aten::empty_like,"[[3,20],[],[],[],[],[]]","[""long int"",""Scalar"",""Scalar"","""","""",""Scalar""]",1
aten::empty_like,"[[3,22],[],[],[],[],[]]","[""long int"",""Scalar"","""","""","""",""Scalar""]",1
aten::empty_like,"[[3,22],[],[],[],[],[]]","[""long int"",""Scalar"",""Scalar"","""","""",""Scalar""]",1
aten::empty_like,"[[3,24],[],[],[],[],[]]","[""long int"",""Scalar"","""","""","""",""Scalar""]",1
aten::empty_like,"[[3,24],[],[],[],[],[]]","[""long int"",""Scalar"",""Scalar"","""","""",""Scalar""]",1
aten::empty_like,"[[3,26],[],[],[],[],[]]","[""long int"",""Scalar"","""","""","""",""Scalar""]",1
aten::empty_like,"[[3,26],[],[],[],[],[]]","[""long int"",""Scalar"",""Scalar"","""","""",""Scalar""]",1
aten::empty_like,"[[3,28],[],[],[],[],[]]","[""long int"",""Scalar"","""","""","""",""Scalar""]",1
aten::empty_like,"[[3,28],[],[],[],[],[]]","[""long int"",""Scalar"",""Scalar"","""","""",""Scalar""]",1
aten::empty_like,"[[3,2],[],[],[],[],[]]","[""long int"",""Scalar"","""","""","""",""Scalar""]",1
aten::empty_like,"[[3,2],[],[],[],[],[]]","[""long int"",""Scalar"",""Scalar"","""","""",""Scalar""]",1
aten::empty_like,"[[3,30],[],[],[],[],[]]","[""long int"",""Scalar"","""","""","""",""Scalar""]",1
aten::empty_like,"[[3,30],[],[],[],[],[]]","[""long int"",""Scalar"",""Scalar"","""","""",""Scalar""]",1
aten::empty_like,"[[3,32],[],[],[],[],[]]","[""long int"",""Scalar"","""","""","""",""Scalar""]",1
aten::empty_like,"[[3,32],[],[],[],[],[]]","[""long int"",""Scalar"",""Scalar"","""","""",""Scalar""]",1
aten::empty_like,"[[3,34],[],[],[],[],[]]","[""long int"",""Scalar"","""","""","""",""Scalar""]",1
aten::empty_like,"[[3,34],[],[],[],[],[]]","[""long int"",""Scalar"",""Scalar"","""","""",""Scalar""]",1
aten::empty_like,"[[3,36],[],[],[],[],[]]","[""long int"",""Scalar"","""","""","""",""Scalar""]",1
aten::empty_like,"[[3,36],[],[],[],[],[]]","[""long int"",""Scalar"",""Scalar"","""","""",""Scalar""]",1
aten::empty_like,"[[3,38],[],[],[],[],[]]","[""long int"",""Scalar"","""","""","""",""Scalar""]",1
aten::empty_like,"[[3,38],[],[],[],[],[]]","[""long int"",""Scalar"",""Scalar"","""","""",""Scalar""]",1
aten::empty_like,"[[3,4096],[],[],[],[],[]]","[""long int"",""Scalar"","""","""","""",""Scalar""]",1
aten::empty_like,"[[3,4096],[],[],[],[],[]]","[""long int"",""Scalar"",""Scalar"","""","""",""Scalar""]",1
aten::empty_like,"[[3,40],[],[],[],[],[]]","[""long int"",""Scalar"","""","""","""",""Scalar""]",1
aten::empty_like,"[[3,40],[],[],[],[],[]]","[""long int"",""Scalar"",""Scalar"","""","""",""Scalar""]",1
aten::empty_like,"[[3,42],[],[],[],[],[]]","[""long int"",""Scalar"","""","""","""",""Scalar""]",1
aten::empty_like,"[[3,42],[],[],[],[],[]]","[""long int"",""Scalar"",""Scalar"","""","""",""Scalar""]",1
aten::empty_like,"[[3,44],[],[],[],[],[]]","[""long int"",""Scalar"","""","""","""",""Scalar""]",1
aten::empty_like,"[[3,44],[],[],[],[],[]]","[""long int"",""Scalar"",""Scalar"","""","""",""Scalar""]",1
aten::empty_like,"[[3,46],[],[],[],[],[]]","[""long int"",""Scalar"","""","""","""",""Scalar""]",1
aten::empty_like,"[[3,46],[],[],[],[],[]]","[""long int"",""Scalar"",""Scalar"","""","""",""Scalar""]",1
aten::empty_like,"[[3,48],[],[],[],[],[]]","[""long int"",""Scalar"","""","""","""",""Scalar""]",1
aten::empty_like,"[[3,48],[],[],[],[],[]]","[""long int"",""Scalar"",""Scalar"","""","""",""Scalar""]",1
aten::empty_like,"[[3,4],[],[],[],[],[]]","[""long int"",""Scalar"","""","""","""",""Scalar""]",1
aten::empty_like,"[[3,4],[],[],[],[],[]]","[""long int"",""Scalar"",""Scalar"","""","""",""Scalar""]",1
aten::empty_like,"[[3,5089],[],[],[],[],[]]","[""long int"",""Scalar"","""","""","""",""Scalar""]",1
aten::empty_like,"[[3,5089],[],[],[],[],[]]","[""long int"",""Scalar"",""Scalar"","""","""",""Scalar""]",1
aten::empty_like,"[[3,50],[],[],[],[],[]]","[""long int"",""Scalar"","""","""","""",""Scalar""]",1
aten::empty_like,"[[3,50],[],[],[],[],[]]","[""long int"",""Scalar"",""Scalar"","""","""",""Scalar""]",1
aten::empty_like,"[[3,52],[],[],[],[],[]]","[""long int"",""Scalar"","""","""","""",""Scalar""]",1
aten::empty_like,"[[3,52],[],[],[],[],[]]","[""long int"",""Scalar"",""Scalar"","""","""",""Scalar""]",1
aten::empty_like,"[[3,54],[],[],[],[],[]]","[""long int"",""Scalar"","""","""","""",""Scalar""]",1
aten::empty_like,"[[3,54],[],[],[],[],[]]","[""long int"",""Scalar"",""Scalar"","""","""",""Scalar""]",1
aten::empty_like,"[[3,56],[],[],[],[],[]]","[""long int"",""Scalar"","""","""","""",""Scalar""]",1
aten::empty_like,"[[3,56],[],[],[],[],[]]","[""long int"",""Scalar"",""Scalar"","""","""",""Scalar""]",1
aten::empty_like,"[[3,58],[],[],[],[],[]]","[""long int"",""Scalar"","""","""","""",""Scalar""]",1
aten::empty_like,"[[3,58],[],[],[],[],[]]","[""long int"",""Scalar"",""Scalar"","""","""",""Scalar""]",1
aten::empty_like,"[[3,60],[],[],[],[],[]]","[""long int"",""Scalar"","""","""","""",""Scalar""]",1
aten::empty_like,"[[3,60],[],[],[],[],[]]","[""long int"",""Scalar"",""Scalar"","""","""",""Scalar""]",1
aten::empty_like,"[[3,62],[],[],[],[],[]]","[""long int"",""Scalar"","""","""","""",""Scalar""]",1
aten::empty_like,"[[3,62],[],[],[],[],[]]","[""long int"",""Scalar"",""Scalar"","""","""",""Scalar""]",1
aten::empty_like,"[[3,6],[],[],[],[],[]]","[""long int"",""Scalar"","""","""","""",""Scalar""]",1
aten::empty_like,"[[3,6],[],[],[],[],[]]","[""long int"",""Scalar"",""Scalar"","""","""",""Scalar""]",1
aten::empty_like,"[[3,8],[],[],[],[],[]]","[""long int"",""Scalar"","""","""","""",""Scalar""]",1
aten::empty_like,"[[3,8],[],[],[],[],[]]","[""long int"",""Scalar"",""Scalar"","""","""",""Scalar""]",1
aten::empty_like,"[[30,2,124160],[],[],[],[],[]]","[""c10::BFloat16"",""Scalar"",""Scalar"","""","""",""Scalar""]",1
aten::empty_like,"[[30,2048],[],[],[],[],[]]","[""c10::BFloat16"","""","""","""",""Scalar"",""""]",1
aten::empty_like,"[[30],[],[],[],[],[]]","[""long int"",""Scalar"","""","""",""Scalar"",""""]",1
aten::empty_like,"[[31,2,124160],[],[],[],[],[]]","[""c10::BFloat16"",""Scalar"",""Scalar"","""","""",""Scalar""]",1
aten::empty_like,"[[32,2,124160],[],[],[],[],[]]","[""c10::BFloat16"",""Scalar"",""Scalar"","""","""",""Scalar""]",1
aten::empty_like,"[[32,2048],[],[],[],[],[]]","[""c10::BFloat16"","""","""","""",""Scalar"",""""]",1
aten::empty_like,"[[32],[],[],[],[],[]]","[""long int"",""Scalar"","""","""",""Scalar"",""""]",1
aten::empty_like,"[[33,2,124160],[],[],[],[],[]]","[""c10::BFloat16"",""Scalar"",""Scalar"","""","""",""Scalar""]",1
aten::empty_like,"[[34,2,124160],[],[],[],[],[]]","[""c10::BFloat16"",""Scalar"",""Scalar"","""","""",""Scalar""]",1
aten::empty_like,"[[34,2048],[],[],[],[],[]]","[""c10::BFloat16"","""","""","""",""Scalar"",""""]",1
aten::empty_like,"[[34],[],[],[],[],[]]","[""long int"",""Scalar"","""","""",""Scalar"",""""]",1
aten::empty_like,"[[35,2,124160],[],[],[],[],[]]","[""c10::BFloat16"",""Scalar"",""Scalar"","""","""",""Scalar""]",1
aten::empty_like,"[[36,2,124160],[],[],[],[],[]]","[""c10::BFloat16"",""Scalar"",""Scalar"","""","""",""Scalar""]",1
aten::empty_like,"[[36,2048],[],[],[],[],[]]","[""c10::BFloat16"","""","""","""",""Scalar"",""""]",1
aten::empty_like,"[[36],[],[],[],[],[]]","[""long int"",""Scalar"","""","""",""Scalar"",""""]",1
aten::empty_like,"[[37,2,124160],[],[],[],[],[]]","[""c10::BFloat16"",""Scalar"",""Scalar"","""","""",""Scalar""]",1
aten::empty_like,"[[38,2,124160],[],[],[],[],[]]","[""c10::BFloat16"",""Scalar"",""Scalar"","""","""",""Scalar""]",1
aten::empty_like,"[[38,2048],[],[],[],[],[]]","[""c10::BFloat16"","""","""","""",""Scalar"",""""]",1
aten::empty_like,"[[38],[],[],[],[],[]]","[""long int"",""Scalar"","""","""",""Scalar"",""""]",1
aten::empty_like,"[[39,2,124160],[],[],[],[],[]]","[""c10::BFloat16"",""Scalar"",""Scalar"","""","""",""Scalar""]",1
aten::empty_like,"[[4,2,124160],[],[],[],[],[]]","[""c10::BFloat16"",""Scalar"",""Scalar"","""","""",""Scalar""]",1
aten::empty_like,"[[4,2048],[],[],[],[],[]]","[""c10::BFloat16"","""","""","""",""Scalar"",""""]",1
aten::empty_like,"[[40,2,124160],[],[],[],[],[]]","[""c10::BFloat16"",""Scalar"",""Scalar"","""","""",""Scalar""]",1
aten::empty_like,"[[40,2048],[],[],[],[],[]]","[""c10::BFloat16"","""","""","""",""Scalar"",""""]",1
aten::empty_like,"[[4096],[],[],[],[],[]]","[""long int"",""Scalar"","""","""",""Scalar"",""""]",1
aten::empty_like,"[[40],[],[],[],[],[]]","[""long int"",""Scalar"","""","""",""Scalar"",""""]",1
aten::empty_like,"[[41,2,124160],[],[],[],[],[]]","[""c10::BFloat16"",""Scalar"",""Scalar"","""","""",""Scalar""]",1
aten::empty_like,"[[42,2,124160],[],[],[],[],[]]","[""c10::BFloat16"",""Scalar"",""Scalar"","""","""",""Scalar""]",1
aten::empty_like,"[[42,2048],[],[],[],[],[]]","[""c10::BFloat16"","""","""","""",""Scalar"",""""]",1
aten::empty_like,"[[42],[],[],[],[],[]]","[""long int"",""Scalar"","""","""",""Scalar"",""""]",1
aten::empty_like,"[[43,2,124160],[],[],[],[],[]]","[""c10::BFloat16"",""Scalar"",""Scalar"","""","""",""Scalar""]",1
aten::empty_like,"[[44,2,124160],[],[],[],[],[]]","[""c10::BFloat16"",""Scalar"",""Scalar"","""","""",""Scalar""]",1
aten::empty_like,"[[44,2048],[],[],[],[],[]]","[""c10::BFloat16"","""","""","""",""Scalar"",""""]",1
aten::empty_like,"[[44],[],[],[],[],[]]","[""long int"",""Scalar"","""","""",""Scalar"",""""]",1
aten::empty_like,"[[45,2,124160],[],[],[],[],[]]","[""c10::BFloat16"",""Scalar"",""Scalar"","""","""",""Scalar""]",1
aten::empty_like,"[[46,2,124160],[],[],[],[],[]]","[""c10::BFloat16"",""Scalar"",""Scalar"","""","""",""Scalar""]",1
aten::empty_like,"[[46,2048],[],[],[],[],[]]","[""c10::BFloat16"","""","""","""",""Scalar"",""""]",1
aten::empty_like,"[[46],[],[],[],[],[]]","[""long int"",""Scalar"","""","""",""Scalar"",""""]",1
aten::empty_like,"[[47,2,124160],[],[],[],[],[]]","[""c10::BFloat16"",""Scalar"",""Scalar"","""","""",""Scalar""]",1
aten::empty_like,"[[48,2,124160],[],[],[],[],[]]","[""c10::BFloat16"",""Scalar"",""Scalar"","""","""",""Scalar""]",1
aten::empty_like,"[[48,2048],[],[],[],[],[]]","[""c10::BFloat16"","""","""","""",""Scalar"",""""]",1
aten::empty_like,"[[48],[],[],[],[],[]]","[""long int"",""Scalar"","""","""",""Scalar"",""""]",1
aten::empty_like,"[[49,2,124160],[],[],[],[],[]]","[""c10::BFloat16"",""Scalar"",""Scalar"","""","""",""Scalar""]",1
aten::empty_like,"[[4],[],[],[],[],[]]","[""long int"",""Scalar"","""","""",""Scalar"",""""]",1
aten::empty_like,"[[5,2,124160],[],[],[],[],[]]","[""c10::BFloat16"",""Scalar"",""Scalar"","""","""",""Scalar""]",1
aten::empty_like,"[[50,2,124160],[],[],[],[],[]]","[""c10::BFloat16"",""Scalar"",""Scalar"","""","""",""Scalar""]",1
aten::empty_like,"[[50,2048],[],[],[],[],[]]","[""c10::BFloat16"","""","""","""",""Scalar"",""""]",1
aten::empty_like,"[[5089],[],[],[],[],[]]","[""long int"",""Scalar"","""","""",""Scalar"",""""]",1
aten::empty_like,"[[50],[],[],[],[],[]]","[""long int"",""Scalar"","""","""",""Scalar"",""""]",1
aten::empty_like,"[[51,2,124160],[],[],[],[],[]]","[""c10::BFloat16"",""Scalar"",""Scalar"","""","""",""Scalar""]",1
aten::empty_like,"[[52,2,124160],[],[],[],[],[]]","[""c10::BFloat16"",""Scalar"",""Scalar"","""","""",""Scalar""]",1
aten::empty_like,"[[52,2048],[],[],[],[],[]]","[""c10::BFloat16"","""","""","""",""Scalar"",""""]",1
aten::empty_like,"[[52],[],[],[],[],[]]","[""long int"",""Scalar"","""","""",""Scalar"",""""]",1
aten::empty_like,"[[53,2,124160],[],[],[],[],[]]","[""c10::BFloat16"",""Scalar"",""Scalar"","""","""",""Scalar""]",1
aten::empty_like,"[[54,2,124160],[],[],[],[],[]]","[""c10::BFloat16"",""Scalar"",""Scalar"","""","""",""Scalar""]",1
aten::empty_like,"[[54,2048],[],[],[],[],[]]","[""c10::BFloat16"","""","""","""",""Scalar"",""""]",1
aten::empty_like,"[[54],[],[],[],[],[]]","[""long int"",""Scalar"","""","""",""Scalar"",""""]",1
aten::empty_like,"[[55,2,124160],[],[],[],[],[]]","[""c10::BFloat16"",""Scalar"",""Scalar"","""","""",""Scalar""]",1
aten::empty_like,"[[56,2,124160],[],[],[],[],[]]","[""c10::BFloat16"",""Scalar"",""Scalar"","""","""",""Scalar""]",1
aten::empty_like,"[[56,2048],[],[],[],[],[]]","[""c10::BFloat16"","""","""","""",""Scalar"",""""]",1
aten::empty_like,"[[56],[],[],[],[],[]]","[""long int"",""Scalar"","""","""",""Scalar"",""""]",1
aten::empty_like,"[[57,2,124160],[],[],[],[],[]]","[""c10::BFloat16"",""Scalar"",""Scalar"","""","""",""Scalar""]",1
aten::empty_like,"[[58,2,124160],[],[],[],[],[]]","[""c10::BFloat16"",""Scalar"",""Scalar"","""","""",""Scalar""]",1
aten::empty_like,"[[58,2048],[],[],[],[],[]]","[""c10::BFloat16"","""","""","""",""Scalar"",""""]",1
aten::empty_like,"[[58],[],[],[],[],[]]","[""long int"",""Scalar"","""","""",""Scalar"",""""]",1
aten::empty_like,"[[59,2,124160],[],[],[],[],[]]","[""c10::BFloat16"",""Scalar"",""Scalar"","""","""",""Scalar""]",1
aten::empty_like,"[[6,2,124160],[],[],[],[],[]]","[""c10::BFloat16"",""Scalar"",""Scalar"","""","""",""Scalar""]",1
aten::empty_like,"[[6,2048],[],[],[],[],[]]","[""c10::BFloat16"","""","""","""",""Scalar"",""""]",1
aten::empty_like,"[[60,2,124160],[],[],[],[],[]]","[""c10::BFloat16"",""Scalar"",""Scalar"","""","""",""Scalar""]",1
aten::empty_like,"[[60,2048],[],[],[],[],[]]","[""c10::BFloat16"","""","""","""",""Scalar"",""""]",1
aten::empty_like,"[[60],[],[],[],[],[]]","[""long int"",""Scalar"","""","""",""Scalar"",""""]",1
aten::empty_like,"[[61,2,124160],[],[],[],[],[]]","[""c10::BFloat16"",""Scalar"",""Scalar"","""","""",""Scalar""]",1
aten::empty_like,"[[62,2,124160],[],[],[],[],[]]","[""c10::BFloat16"",""Scalar"",""Scalar"","""","""",""Scalar""]",1
aten::empty_like,"[[62,2048],[],[],[],[],[]]","[""c10::BFloat16"","""","""","""",""Scalar"",""""]",1
aten::empty_like,"[[62],[],[],[],[],[]]","[""long int"",""Scalar"","""","""",""Scalar"",""""]",1
aten::empty_like,"[[6],[],[],[],[],[]]","[""long int"",""Scalar"","""","""",""Scalar"",""""]",1
aten::empty_like,"[[7,2,124160],[],[],[],[],[]]","[""c10::BFloat16"",""Scalar"",""Scalar"","""","""",""Scalar""]",1
aten::empty_like,"[[8,2,124160],[],[],[],[],[]]","[""c10::BFloat16"",""Scalar"",""Scalar"","""","""",""Scalar""]",1
aten::empty_like,"[[8,2048],[],[],[],[],[]]","[""c10::BFloat16"","""","""","""",""Scalar"",""""]",1
aten::empty_like,"[[8],[],[],[],[],[]]","[""long int"",""Scalar"","""","""",""Scalar"",""""]",1
aten::empty_like,"[[9,2,124160],[],[],[],[],[]]","[""c10::BFloat16"",""Scalar"",""Scalar"","""","""",""Scalar""]",1
aten::eq,"[[64],[]]","[""long int"",""Scalar""]",1
aten::expand,"[[1,1],[],[]]","[""bool"",""ScalarList"",""Scalar""]",1
aten::expand,"[[10,1],[],[]]","[""bool"",""ScalarList"",""Scalar""]",1
aten::expand,"[[12,1],[],[]]","[""bool"",""ScalarList"",""Scalar""]",1
aten::expand,"[[14,1],[],[]]","[""bool"",""ScalarList"",""Scalar""]",1
aten::expand,"[[16,1],[],[]]","[""bool"",""ScalarList"",""Scalar""]",1
aten::expand,"[[18,1],[],[]]","[""bool"",""ScalarList"",""Scalar""]",1
aten::expand,"[[2,1],[],[]]","[""bool"",""ScalarList"",""Scalar""]",1
aten::expand,"[[20,1],[],[]]","[""bool"",""ScalarList"",""Scalar""]",1
aten::expand,"[[22,1],[],[]]","[""bool"",""ScalarList"",""Scalar""]",1
aten::expand,"[[24,1],[],[]]","[""bool"",""ScalarList"",""Scalar""]",1
aten::expand,"[[26,1],[],[]]","[""bool"",""ScalarList"",""Scalar""]",1
aten::expand,"[[28,1],[],[]]","[""bool"",""ScalarList"",""Scalar""]",1
aten::expand,"[[3,10],[],[]]","[""long int"",""ScalarList"",""Scalar""]",1
aten::expand,"[[3,12],[],[]]","[""long int"",""ScalarList"",""Scalar""]",1
aten::expand,"[[3,14],[],[]]","[""long int"",""ScalarList"",""Scalar""]",1
aten::expand,"[[3,16],[],[]]","[""long int"",""ScalarList"",""Scalar""]",1
aten::expand,"[[3,18],[],[]]","[""long int"",""ScalarList"",""Scalar""]",1
aten::expand,"[[3,1],[],[]]","[""long int"",""ScalarList"",""Scalar""]",1
aten::expand,"[[3,20],[],[]]","[""long int"",""ScalarList"",""Scalar""]",1
aten::expand,"[[3,22],[],[]]","[""long int"",""ScalarList"",""Scalar""]",1
aten::expand,"[[3,24],[],[]]","[""long int"",""ScalarList"",""Scalar""]",1
aten::expand,"[[3,26],[],[]]","[""long int"",""ScalarList"",""Scalar""]",1
aten::expand,"[[3,28],[],[]]","[""long int"",""ScalarList"",""Scalar""]",1
aten::expand,"[[3,2],[],[]]","[""long int"",""ScalarList"",""Scalar""]",1
aten::expand,"[[3,30],[],[]]","[""long int"",""ScalarList"",""Scalar""]",1
aten::expand,"[[3,32],[],[]]","[""long int"",""ScalarList"",""Scalar""]",1
aten::expand,"[[3,34],[],[]]","[""long int"",""ScalarList"",""Scalar""]",1
aten::expand,"[[3,36],[],[]]","[""long int"",""ScalarList"",""Scalar""]",1
aten::expand,"[[3,38],[],[]]","[""long int"",""ScalarList"",""Scalar""]",1
aten::expand,"[[3,4096],[],[]]","[""long int"",""ScalarList"",""Scalar""]",1
aten::expand,"[[3,40],[],[]]","[""long int"",""ScalarList"",""Scalar""]",1
aten::expand,"[[3,42],[],[]]","[""long int"",""ScalarList"",""Scalar""]",1
aten::expand,"[[3,44],[],[]]","[""long int"",""ScalarList"",""Scalar""]",1
aten::expand,"[[3,46],[],[]]","[""long int"",""ScalarList"",""Scalar""]",1
aten::expand,"[[3,48],[],[]]","[""long int"",""ScalarList"",""Scalar""]",1
aten::expand,"[[3,4],[],[]]","[""long int"",""ScalarList"",""Scalar""]",1
aten::expand,"[[3,5089],[],[]]","[""long int"",""ScalarList"",""Scalar""]",1
aten::expand,"[[3,50],[],[]]","[""long int"",""ScalarList"",""Scalar""]",1
aten::expand,"[[3,52],[],[]]","[""long int"",""ScalarList"",""Scalar""]",1
aten::expand,"[[3,54],[],[]]","[""long int"",""ScalarList"",""Scalar""]",1
aten::expand,"[[3,56],[],[]]","[""long int"",""ScalarList"",""Scalar""]",1
aten::expand,"[[3,58],[],[]]","[""long int"",""ScalarList"",""Scalar""]",1
aten::expand,"[[3,60],[],[]]","[""long int"",""ScalarList"",""Scalar""]",1
aten::expand,"[[3,62],[],[]]","[""long int"",""ScalarList"",""Scalar""]",1
aten::expand,"[[3,6],[],[]]","[""long int"",""ScalarList"",""Scalar""]",1
aten::expand,"[[3,8],[],[]]","[""long int"",""ScalarList"",""Scalar""]",1
aten::expand,"[[30,1],[],[]]","[""bool"",""ScalarList"",""Scalar""]",1
aten::expand,"[[32,1],[],[]]","[""bool"",""ScalarList"",""Scalar""]",1
aten::expand,"[[34,1],[],[]]","[""bool"",""ScalarList"",""Scalar""]",1
aten::expand,"[[36,1],[],[]]","[""bool"",""ScalarList"",""Scalar""]",1
aten::expand,"[[38,1],[],[]]","[""bool"",""ScalarList"",""Scalar""]",1
aten::expand,"[[4,1],[],[]]","[""bool"",""ScalarList"",""Scalar""]",1
aten::expand,"[[40,1],[],[]]","[""bool"",""ScalarList"",""Scalar""]",1
aten::expand,"[[4096,1],[],[]]","[""bool"",""ScalarList"",""Scalar""]",1
aten::expand,"[[42,1],[],[]]","[""bool"",""ScalarList"",""Scalar""]",1
aten::expand,"[[44,1],[],[]]","[""bool"",""ScalarList"",""Scalar""]",1
aten::expand,"[[46,1],[],[]]","[""bool"",""ScalarList"",""Scalar""]",1
aten::expand,"[[48,1],[],[]]","[""bool"",""ScalarList"",""Scalar""]",1
aten::expand,"[[50,1],[],[]]","[""bool"",""ScalarList"",""Scalar""]",1
aten::expand,"[[5089,1],[],[]]","[""bool"",""ScalarList"",""Scalar""]",1
aten::expand,"[[52,1],[],[]]","[""bool"",""ScalarList"",""Scalar""]",1
aten::expand,"[[54,1],[],[]]","[""bool"",""ScalarList"",""Scalar""]",1
aten::expand,"[[56,1],[],[]]","[""bool"",""ScalarList"",""Scalar""]",1
aten::expand,"[[58,1],[],[]]","[""bool"",""ScalarList"",""Scalar""]",1
aten::expand,"[[6,1],[],[]]","[""bool"",""ScalarList"",""Scalar""]",1
aten::expand,"[[60,1],[],[]]","[""bool"",""ScalarList"",""Scalar""]",1
aten::expand,"[[62,1],[],[]]","[""bool"",""ScalarList"",""Scalar""]",1
aten::expand,"[[8,1],[],[]]","[""bool"",""ScalarList"",""Scalar""]",1
aten::expand_as,"[[3,10],[3,10]]","[""long int"",""long int""]",1
aten::expand_as,"[[3,12],[3,12]]","[""long int"",""long int""]",1
aten::expand_as,"[[3,14],[3,14]]","[""long int"",""long int""]",1
aten::expand_as,"[[3,16],[3,16]]","[""long int"",""long int""]",1
aten::expand_as,"[[3,18],[3,18]]","[""long int"",""long int""]",1
aten::expand_as,"[[3,1],[3,1]]","[""long int"",""long int""]",1
aten::expand_as,"[[3,20],[3,20]]","[""long int"",""long int""]",1
aten::expand_as,"[[3,22],[3,22]]","[""long int"",""long int""]",1
aten::expand_as,"[[3,24],[3,24]]","[""long int"",""long int""]",1
aten::expand_as,"[[3,26],[3,26]]","[""long int"",""long int""]",1
aten::expand_as,"[[3,28],[3,28]]","[""long int"",""long int""]",1
aten::expand_as,"[[3,2],[3,2]]","[""long int"",""long int""]",1
aten::expand_as,"[[3,30],[3,30]]","[""long int"",""long int""]",1
aten::expand_as,"[[3,32],[3,32]]","[""long int"",""long int""]",1
aten::expand_as,"[[3,34],[3,34]]","[""long int"",""long int""]",1
aten::expand_as,"[[3,36],[3,36]]","[""long int"",""long int""]",1
aten::expand_as,"[[3,38],[3,38]]","[""long int"",""long int""]",1
aten::expand_as,"[[3,4096],[3,4096]]","[""long int"",""long int""]",1
aten::expand_as,"[[3,40],[3,40]]","[""long int"",""long int""]",1
aten::expand_as,"[[3,42],[3,42]]","[""long int"",""long int""]",1
aten::expand_as,"[[3,44],[3,44]]","[""long int"",""long int""]",1
aten::expand_as,"[[3,46],[3,46]]","[""long int"",""long int""]",1
aten::expand_as,"[[3,48],[3,48]]","[""long int"",""long int""]",1
aten::expand_as,"[[3,4],[3,4]]","[""long int"",""long int""]",1
aten::expand_as,"[[3,5089],[3,5089]]","[""long int"",""long int""]",1
aten::expand_as,"[[3,50],[3,50]]","[""long int"",""long int""]",1
aten::expand_as,"[[3,52],[3,52]]","[""long int"",""long int""]",1
aten::expand_as,"[[3,54],[3,54]]","[""long int"",""long int""]",1
aten::expand_as,"[[3,56],[3,56]]","[""long int"",""long int""]",1
aten::expand_as,"[[3,58],[3,58]]","[""long int"",""long int""]",1
aten::expand_as,"[[3,60],[3,60]]","[""long int"",""long int""]",1
aten::expand_as,"[[3,62],[3,62]]","[""long int"",""long int""]",1
aten::expand_as,"[[3,6],[3,6]]","[""long int"",""long int""]",1
aten::expand_as,"[[3,8],[3,8]]","[""long int"",""long int""]",1
aten::fill_,"[[16,32],[]]","[""int"",""Scalar""]",1
aten::fill_,"[[16],[]]","[""bool"",""bool""]",1
aten::fill_,"[[18,32],[]]","[""int"",""Scalar""]",1
aten::fill_,"[[18],[]]","[""bool"",""bool""]",1
aten::fill_,"[[20,32],[]]","[""int"",""Scalar""]",1
aten::fill_,"[[20],[]]","[""bool"",""bool""]",1
aten::fill_,"[[22,32],[]]","[""int"",""Scalar""]",1
aten::fill_,"[[22],[]]","[""bool"",""bool""]",1
aten::fill_,"[[24,32],[]]","[""int"",""Scalar""]",1
aten::fill_,"[[24],[]]","[""bool"",""bool""]",1
aten::fill_,"[[26,32],[]]","[""int"",""Scalar""]",1
aten::fill_,"[[26],[]]","[""bool"",""bool""]",1
aten::fill_,"[[28,32],[]]","[""int"",""Scalar""]",1
aten::fill_,"[[28],[]]","[""bool"",""bool""]",1
aten::fill_,"[[30,32],[]]","[""int"",""Scalar""]",1
aten::fill_,"[[30],[]]","[""bool"",""bool""]",1
aten::index,"[[1,2048],[]]","[""c10::BFloat16"",""""]",1
aten::index,"[[2,2048],[]]","[""c10::BFloat16"",""""]",1
aten::index,"[[34],[]]","[""int"",""""]",1
aten::index,"[[36],[]]","[""int"",""""]",1
aten::index,"[[38],[]]","[""int"",""""]",1
aten::index,"[[4,2048],[]]","[""c10::BFloat16"",""""]",1
aten::index,"[[4096,2048],[]]","[""c10::BFloat16"",""""]",1
aten::index,"[[40],[]]","[""int"",""""]",1
aten::index,"[[42],[]]","[""int"",""""]",1
aten::index,"[[44],[]]","[""int"",""""]",1
aten::index,"[[46],[]]","[""int"",""""]",1
aten::index,"[[48],[]]","[""int"",""""]",1
aten::index,"[[5089,2048],[]]","[""c10::BFloat16"",""""]",1
aten::index,"[[50],[]]","[""int"",""""]",1
aten::index,"[[52],[]]","[""int"",""""]",1
aten::index,"[[54],[]]","[""int"",""""]",1
aten::index,"[[56],[]]","[""int"",""""]",1
aten::index,"[[58],[]]","[""int"",""""]",1
aten::index,"[[60],[]]","[""int"",""""]",1
aten::index,"[[62],[]]","[""int"",""""]",1
aten::index,"[[63],[]]","[""int"",""""]",1
aten::index_select,"[[2097152],[],[10],[10]]","[""int"",""Scalar"",""long int"",""int""]",1
aten::index_select,"[[2097152],[],[12],[12]]","[""int"",""Scalar"",""long int"",""int""]",1
aten::index_select,"[[2097152],[],[14],[14]]","[""int"",""Scalar"",""long int"",""int""]",1
aten::index_select,"[[2097152],[],[16],[16]]","[""int"",""Scalar"",""long int"",""int""]",1
aten::index_select,"[[2097152],[],[18],[18]]","[""int"",""Scalar"",""long int"",""int""]",1
aten::index_select,"[[2097152],[],[1],[1]]","[""int"",""Scalar"",""long int"",""int""]",1
aten::index_select,"[[2097152],[],[20],[20]]","[""int"",""Scalar"",""long int"",""int""]",1
aten::index_select,"[[2097152],[],[22],[22]]","[""int"",""Scalar"",""long int"",""int""]",1
aten::index_select,"[[2097152],[],[24],[24]]","[""int"",""Scalar"",""long int"",""int""]",1
aten::index_select,"[[2097152],[],[26],[26]]","[""int"",""Scalar"",""long int"",""int""]",1
aten::index_select,"[[2097152],[],[28],[28]]","[""int"",""Scalar"",""long int"",""int""]",1
aten::index_select,"[[2097152],[],[2],[2]]","[""int"",""Scalar"",""long int"",""int""]",1
aten::index_select,"[[2097152],[],[30],[30]]","[""int"",""Scalar"",""long int"",""int""]",1
aten::index_select,"[[2097152],[],[32],[32]]","[""int"",""Scalar"",""long int"",""int""]",1
aten::index_select,"[[2097152],[],[34],[34]]","[""int"",""Scalar"",""long int"",""int""]",1
aten::index_select,"[[2097152],[],[36],[36]]","[""int"",""Scalar"",""long int"",""int""]",1
aten::index_select,"[[2097152],[],[38],[38]]","[""int"",""Scalar"",""long int"",""int""]",1
aten::index_select,"[[2097152],[],[4096],[4096]]","[""int"",""Scalar"",""long int"",""int""]",1
aten::index_select,"[[2097152],[],[40],[40]]","[""int"",""Scalar"",""long int"",""int""]",1
aten::index_select,"[[2097152],[],[42],[42]]","[""int"",""Scalar"",""long int"",""int""]",1
aten::index_select,"[[2097152],[],[44],[44]]","[""int"",""Scalar"",""long int"",""int""]",1
aten::index_select,"[[2097152],[],[46],[46]]","[""int"",""Scalar"",""long int"",""int""]",1
aten::index_select,"[[2097152],[],[48],[48]]","[""int"",""Scalar"",""long int"",""int""]",1
aten::index_select,"[[2097152],[],[4],[4]]","[""int"",""Scalar"",""long int"",""int""]",1
aten::index_select,"[[2097152],[],[5089],[5089]]","[""int"",""Scalar"",""long int"",""int""]",1
aten::index_select,"[[2097152],[],[50],[50]]","[""int"",""Scalar"",""long int"",""int""]",1
aten::index_select,"[[2097152],[],[52],[52]]","[""int"",""Scalar"",""long int"",""int""]",1
aten::index_select,"[[2097152],[],[54],[54]]","[""int"",""Scalar"",""long int"",""int""]",1
aten::index_select,"[[2097152],[],[56],[56]]","[""int"",""Scalar"",""long int"",""int""]",1
aten::index_select,"[[2097152],[],[58],[58]]","[""int"",""Scalar"",""long int"",""int""]",1
aten::index_select,"[[2097152],[],[60],[60]]","[""int"",""Scalar"",""long int"",""int""]",1
aten::index_select,"[[2097152],[],[62],[62]]","[""int"",""Scalar"",""long int"",""int""]",1
aten::index_select,"[[2097152],[],[6],[6]]","[""int"",""Scalar"",""long int"",""int""]",1
aten::index_select,"[[2097152],[],[8],[8]]","[""int"",""Scalar"",""long int"",""int""]",1
aten::lift_fresh,[[10]],"[""int""]",1
aten::lift_fresh,[[10]],"[""long int""]",1
aten::lift_fresh,[[11]],"[""int""]",1
aten::lift_fresh,[[12]],"[""int""]",1
aten::lift_fresh,[[12]],"[""long int""]",1
aten::lift_fresh,[[13]],"[""int""]",1
aten::lift_fresh,[[14]],"[""int""]",1
aten::lift_fresh,[[14]],"[""long int""]",1
aten::lift_fresh,[[15]],"[""int""]",1
aten::lift_fresh,[[16]],"[""int""]",1
aten::lift_fresh,[[16]],"[""long int""]",1
aten::lift_fresh,[[17]],"[""int""]",1
aten::lift_fresh,[[18]],"[""int""]",1
aten::lift_fresh,[[18]],"[""long int""]",1
aten::lift_fresh,[[19]],"[""int""]",1
aten::lift_fresh,[[1]],"[""long int""]",1
aten::lift_fresh,[[20]],"[""int""]",1
aten::lift_fresh,[[20]],"[""long int""]",1
aten::lift_fresh,[[21]],"[""int""]",1
aten::lift_fresh,[[22]],"[""int""]",1
aten::lift_fresh,[[22]],"[""long int""]",1
aten::lift_fresh,[[23]],"[""int""]",1
aten::lift_fresh,[[24]],"[""int""]",1
aten::lift_fresh,[[24]],"[""long int""]",1
aten::lift_fresh,[[25]],"[""int""]",1
aten::lift_fresh,[[26]],"[""int""]",1
aten::lift_fresh,[[26]],"[""long int""]",1
aten::lift_fresh,[[27]],"[""int""]",1
aten::lift_fresh,[[28]],"[""int""]",1
aten::lift_fresh,[[28]],"[""long int""]",1
aten::lift_fresh,[[29]],"[""int""]",1
aten::lift_fresh,[[2]],"[""int""]",1
aten::lift_fresh,[[2]],"[""long int""]",1
aten::lift_fresh,[[30]],"[""int""]",1
aten::lift_fresh,[[30]],"[""long int""]",1
aten::lift_fresh,[[31]],"[""int""]",1
aten::lift_fresh,[[32]],"[""int""]",1
aten::lift_fresh,[[33]],"[""int""]",1
aten::lift_fresh,[[34]],"[""int""]",1
aten::lift_fresh,[[35]],"[""int""]",1
aten::lift_fresh,[[36]],"[""int""]",1
aten::lift_fresh,[[37]],"[""int""]",1
aten::lift_fresh,[[38]],"[""int""]",1
aten::lift_fresh,[[39]],"[""int""]",1
aten::lift_fresh,[[3]],"[""int""]",1
aten::lift_fresh,[[4096]],"[""long int""]",1
aten::lift_fresh,[[40]],"[""int""]",1
aten::lift_fresh,[[41]],"[""int""]",1
aten::lift_fresh,[[42]],"[""int""]",1
aten::lift_fresh,[[43]],"[""int""]",1
aten::lift_fresh,[[44]],"[""int""]",1
aten::lift_fresh,[[45]],"[""int""]",1
aten::lift_fresh,[[46]],"[""int""]",1
aten::lift_fresh,[[47]],"[""int""]",1
aten::lift_fresh,[[48]],"[""int""]",1
aten::lift_fresh,[[49]],"[""int""]",1
aten::lift_fresh,[[4]],"[""int""]",1
aten::lift_fresh,[[4]],"[""long int""]",1
aten::lift_fresh,[[5089]],"[""long int""]",1
aten::lift_fresh,[[50]],"[""int""]",1
aten::lift_fresh,[[51]],"[""int""]",1
aten::lift_fresh,[[52]],"[""int""]",1
aten::lift_fresh,[[53]],"[""int""]",1
aten::lift_fresh,[[54]],"[""int""]",1
aten::lift_fresh,[[55]],"[""int""]",1
aten::lift_fresh,[[56]],"[""int""]",1
aten::lift_fresh,[[57]],"[""int""]",1
aten::lift_fresh,[[58]],"[""int""]",1
aten::lift_fresh,[[59]],"[""int""]",1
aten::lift_fresh,[[5]],"[""int""]",1
aten::lift_fresh,[[60]],"[""int""]",1
aten::lift_fresh,[[61]],"[""int""]",1
aten::lift_fresh,[[62]],"[""int""]",1
aten::lift_fresh,[[6]],"[""int""]",1
aten::lift_fresh,[[6]],"[""long int""]",1
aten::lift_fresh,[[7]],"[""int""]",1
aten::lift_fresh,[[8]],"[""int""]",1
aten::lift_fresh,[[8]],"[""long int""]",1
aten::lift_fresh,[[9]],"[""int""]",1
aten::linear,"[[10,2048],[124160,2048],[]]","[""c10::BFloat16"",""c10::BFloat16"",""""]",1
aten::linear,"[[11,2048],[124160,2048],[]]","[""c10::BFloat16"",""c10::BFloat16"",""""]",1
aten::linear,"[[12,2048],[124160,2048],[]]","[""c10::BFloat16"",""c10::BFloat16"",""""]",1
aten::linear,"[[13,2048],[124160,2048],[]]","[""c10::BFloat16"",""c10::BFloat16"",""""]",1
aten::linear,"[[14,2048],[124160,2048],[]]","[""c10::BFloat16"",""c10::BFloat16"",""""]",1
aten::linear,"[[15,2048],[124160,2048],[]]","[""c10::BFloat16"",""c10::BFloat16"",""""]",1
aten::linear,"[[16,2048],[124160,2048],[]]","[""c10::BFloat16"",""c10::BFloat16"",""""]",1
aten::linear,"[[17,2048],[124160,2048],[]]","[""c10::BFloat16"",""c10::BFloat16"",""""]",1
aten::linear,"[[18,2048],[124160,2048],[]]","[""c10::BFloat16"",""c10::BFloat16"",""""]",1
aten::linear,"[[19,2048],[124160,2048],[]]","[""c10::BFloat16"",""c10::BFloat16"",""""]",1
aten::linear,"[[2,2048],[124160,2048],[]]","[""c10::BFloat16"",""c10::BFloat16"",""""]",1
aten::linear,"[[20,2048],[124160,2048],[]]","[""c10::BFloat16"",""c10::BFloat16"",""""]",1
aten::linear,"[[21,2048],[124160,2048],[]]","[""c10::BFloat16"",""c10::BFloat16"",""""]",1
aten::linear,"[[22,2048],[124160,2048],[]]","[""c10::BFloat16"",""c10::BFloat16"",""""]",1
aten::linear,"[[23,2048],[124160,2048],[]]","[""c10::BFloat16"",""c10::BFloat16"",""""]",1
aten::linear,"[[24,2048],[124160,2048],[]]","[""c10::BFloat16"",""c10::BFloat16"",""""]",1
aten::linear,"[[25,2048],[124160,2048],[]]","[""c10::BFloat16"",""c10::BFloat16"",""""]",1
aten::linear,"[[26,2048],[124160,2048],[]]","[""c10::BFloat16"",""c10::BFloat16"",""""]",1
aten::linear,"[[27,2048],[124160,2048],[]]","[""c10::BFloat16"",""c10::BFloat16"",""""]",1
aten::linear,"[[28,2048],[124160,2048],[]]","[""c10::BFloat16"",""c10::BFloat16"",""""]",1
aten::linear,"[[29,2048],[124160,2048],[]]","[""c10::BFloat16"",""c10::BFloat16"",""""]",1
aten::linear,"[[3,2048],[124160,2048],[]]","[""c10::BFloat16"",""c10::BFloat16"",""""]",1
aten::linear,"[[30,2048],[124160,2048],[]]","[""c10::BFloat16"",""c10::BFloat16"",""""]",1
aten::linear,"[[31,2048],[124160,2048],[]]","[""c10::BFloat16"",""c10::BFloat16"",""""]",1
aten::linear,"[[32,2048],[124160,2048],[]]","[""c10::BFloat16"",""c10::BFloat16"",""""]",1
aten::linear,"[[33,2048],[124160,2048],[]]","[""c10::BFloat16"",""c10::BFloat16"",""""]",1
aten::linear,"[[34,2048],[124160,2048],[]]","[""c10::BFloat16"",""c10::BFloat16"",""""]",1
aten::linear,"[[35,2048],[124160,2048],[]]","[""c10::BFloat16"",""c10::BFloat16"",""""]",1
aten::linear,"[[36,2048],[124160,2048],[]]","[""c10::BFloat16"",""c10::BFloat16"",""""]",1
aten::linear,"[[37,2048],[124160,2048],[]]","[""c10::BFloat16"",""c10::BFloat16"",""""]",1
aten::linear,"[[38,2048],[124160,2048],[]]","[""c10::BFloat16"",""c10::BFloat16"",""""]",1
aten::linear,"[[39,2048],[124160,2048],[]]","[""c10::BFloat16"",""c10::BFloat16"",""""]",1
aten::linear,"[[4,2048],[124160,2048],[]]","[""c10::BFloat16"",""c10::BFloat16"",""""]",1
aten::linear,"[[40,2048],[124160,2048],[]]","[""c10::BFloat16"",""c10::BFloat16"",""""]",1
aten::linear,"[[41,2048],[124160,2048],[]]","[""c10::BFloat16"",""c10::BFloat16"",""""]",1
aten::linear,"[[42,2048],[124160,2048],[]]","[""c10::BFloat16"",""c10::BFloat16"",""""]",1
aten::linear,"[[43,2048],[124160,2048],[]]","[""c10::BFloat16"",""c10::BFloat16"",""""]",1
aten::linear,"[[44,2048],[124160,2048],[]]","[""c10::BFloat16"",""c10::BFloat16"",""""]",1
aten::linear,"[[45,2048],[124160,2048],[]]","[""c10::BFloat16"",""c10::BFloat16"",""""]",1
aten::linear,"[[46,2048],[124160,2048],[]]","[""c10::BFloat16"",""c10::BFloat16"",""""]",1
aten::linear,"[[47,2048],[124160,2048],[]]","[""c10::BFloat16"",""c10::BFloat16"",""""]",1
aten::linear,"[[48,2048],[124160,2048],[]]","[""c10::BFloat16"",""c10::BFloat16"",""""]",1
aten::linear,"[[49,2048],[124160,2048],[]]","[""c10::BFloat16"",""c10::BFloat16"",""""]",1
aten::linear,"[[5,2048],[124160,2048],[]]","[""c10::BFloat16"",""c10::BFloat16"",""""]",1
aten::linear,"[[50,2048],[124160,2048],[]]","[""c10::BFloat16"",""c10::BFloat16"",""""]",1
aten::linear,"[[51,2048],[124160,2048],[]]","[""c10::BFloat16"",""c10::BFloat16"",""""]",1
aten::linear,"[[52,2048],[124160,2048],[]]","[""c10::BFloat16"",""c10::BFloat16"",""""]",1
aten::linear,"[[53,2048],[124160,2048],[]]","[""c10::BFloat16"",""c10::BFloat16"",""""]",1
aten::linear,"[[54,2048],[124160,2048],[]]","[""c10::BFloat16"",""c10::BFloat16"",""""]",1
aten::linear,"[[55,2048],[124160,2048],[]]","[""c10::BFloat16"",""c10::BFloat16"",""""]",1
aten::linear,"[[56,2048],[124160,2048],[]]","[""c10::BFloat16"",""c10::BFloat16"",""""]",1
aten::linear,"[[57,2048],[124160,2048],[]]","[""c10::BFloat16"",""c10::BFloat16"",""""]",1
aten::linear,"[[58,2048],[124160,2048],[]]","[""c10::BFloat16"",""c10::BFloat16"",""""]",1
aten::linear,"[[59,2048],[124160,2048],[]]","[""c10::BFloat16"",""c10::BFloat16"",""""]",1
aten::linear,"[[6,2048],[124160,2048],[]]","[""c10::BFloat16"",""c10::BFloat16"",""""]",1
aten::linear,"[[60,2048],[124160,2048],[]]","[""c10::BFloat16"",""c10::BFloat16"",""""]",1
aten::linear,"[[61,2048],[124160,2048],[]]","[""c10::BFloat16"",""c10::BFloat16"",""""]",1
aten::linear,"[[62,2048],[124160,2048],[]]","[""c10::BFloat16"",""c10::BFloat16"",""""]",1
aten::linear,"[[7,2048],[124160,2048],[]]","[""c10::BFloat16"",""c10::BFloat16"",""""]",1
aten::linear,"[[8,2048],[124160,2048],[]]","[""c10::BFloat16"",""c10::BFloat16"",""""]",1
aten::linear,"[[9,2048],[124160,2048],[]]","[""c10::BFloat16"",""c10::BFloat16"",""""]",1
aten::lt,"[[11],[11]]","[""int"",""int""]",1
aten::lt,"[[13],[13]]","[""int"",""int""]",1
aten::lt,"[[15],[15]]","[""int"",""int""]",1
aten::lt,"[[17],[17]]","[""int"",""int""]",1
aten::lt,"[[19],[19]]","[""int"",""int""]",1
aten::lt,"[[21],[21]]","[""int"",""int""]",1
aten::lt,"[[23],[23]]","[""int"",""int""]",1
aten::lt,"[[25],[25]]","[""int"",""int""]",1
aten::lt,"[[27],[27]]","[""int"",""int""]",1
aten::lt,"[[29],[29]]","[""int"",""int""]",1
aten::lt,"[[2],[2]]","[""int"",""int""]",1
aten::lt,"[[31],[31]]","[""int"",""int""]",1
aten::lt,"[[33],[33]]","[""int"",""int""]",1
aten::lt,"[[35],[35]]","[""int"",""int""]",1
aten::lt,"[[37],[37]]","[""int"",""int""]",1
aten::lt,"[[39],[39]]","[""int"",""int""]",1
aten::lt,"[[3],[3]]","[""int"",""int""]",1
aten::lt,"[[41],[41]]","[""int"",""int""]",1
aten::lt,"[[43],[43]]","[""int"",""int""]",1
aten::lt,"[[45],[45]]","[""int"",""int""]",1
aten::lt,"[[47],[47]]","[""int"",""int""]",1
aten::lt,"[[49],[49]]","[""int"",""int""]",1
aten::lt,"[[4],[4]]","[""int"",""int""]",1
aten::lt,"[[51],[51]]","[""int"",""int""]",1
aten::lt,"[[53],[53]]","[""int"",""int""]",1
aten::lt,"[[55],[55]]","[""int"",""int""]",1
aten::lt,"[[57],[57]]","[""int"",""int""]",1
aten::lt,"[[59],[59]]","[""int"",""int""]",1
aten::lt,"[[5],[5]]","[""int"",""int""]",1
aten::lt,"[[61],[61]]","[""int"",""int""]",1
aten::lt,"[[63],[63]]","[""int"",""int""]",1
aten::lt,"[[7],[7]]","[""int"",""int""]",1
aten::lt,"[[9],[9]]","[""int"",""int""]",1
aten::masked_fill_,"[[1,2048],[1,1],[]]","[""c10::BFloat16"",""bool"",""Scalar""]",1
aten::masked_fill_,"[[10,2048],[10,1],[]]","[""c10::BFloat16"",""bool"",""Scalar""]",1
aten::masked_fill_,"[[12,2048],[12,1],[]]","[""c10::BFloat16"",""bool"",""Scalar""]",1
aten::masked_fill_,"[[14,2048],[14,1],[]]","[""c10::BFloat16"",""bool"",""Scalar""]",1
aten::masked_fill_,"[[16,2048],[16,1],[]]","[""c10::BFloat16"",""bool"",""Scalar""]",1
aten::masked_fill_,"[[18,2048],[18,1],[]]","[""c10::BFloat16"",""bool"",""Scalar""]",1
aten::masked_fill_,"[[2,2048],[2,1],[]]","[""c10::BFloat16"",""bool"",""Scalar""]",1
aten::masked_fill_,"[[20,2048],[20,1],[]]","[""c10::BFloat16"",""bool"",""Scalar""]",1
aten::masked_fill_,"[[22,2048],[22,1],[]]","[""c10::BFloat16"",""bool"",""Scalar""]",1
aten::masked_fill_,"[[24,2048],[24,1],[]]","[""c10::BFloat16"",""bool"",""Scalar""]",1
aten::masked_fill_,"[[26,2048],[26,1],[]]","[""c10::BFloat16"",""bool"",""Scalar""]",1
aten::masked_fill_,"[[28,2048],[28,1],[]]","[""c10::BFloat16"",""bool"",""Scalar""]",1
aten::masked_fill_,"[[30,2048],[30,1],[]]","[""c10::BFloat16"",""bool"",""Scalar""]",1
aten::masked_fill_,"[[32,2048],[32,1],[]]","[""c10::BFloat16"",""bool"",""Scalar""]",1
aten::masked_fill_,"[[34,2048],[34,1],[]]","[""c10::BFloat16"",""bool"",""Scalar""]",1
aten::masked_fill_,"[[36,2048],[36,1],[]]","[""c10::BFloat16"",""bool"",""Scalar""]",1
aten::masked_fill_,"[[38,2048],[38,1],[]]","[""c10::BFloat16"",""bool"",""Scalar""]",1
aten::masked_fill_,"[[4,2048],[4,1],[]]","[""c10::BFloat16"",""bool"",""Scalar""]",1
aten::masked_fill_,"[[40,2048],[40,1],[]]","[""c10::BFloat16"",""bool"",""Scalar""]",1
aten::masked_fill_,"[[4096,2048],[4096,1],[]]","[""c10::BFloat16"",""bool"",""Scalar""]",1
aten::masked_fill_,"[[42,2048],[42,1],[]]","[""c10::BFloat16"",""bool"",""Scalar""]",1
aten::masked_fill_,"[[44,2048],[44,1],[]]","[""c10::BFloat16"",""bool"",""Scalar""]",1
aten::masked_fill_,"[[46,2048],[46,1],[]]","[""c10::BFloat16"",""bool"",""Scalar""]",1
aten::masked_fill_,"[[48,2048],[48,1],[]]","[""c10::BFloat16"",""bool"",""Scalar""]",1
aten::masked_fill_,"[[50,2048],[50,1],[]]","[""c10::BFloat16"",""bool"",""Scalar""]",1
aten::masked_fill_,"[[5089,2048],[5089,1],[]]","[""c10::BFloat16"",""bool"",""Scalar""]",1
aten::masked_fill_,"[[52,2048],[52,1],[]]","[""c10::BFloat16"",""bool"",""Scalar""]",1
aten::masked_fill_,"[[54,2048],[54,1],[]]","[""c10::BFloat16"",""bool"",""Scalar""]",1
aten::masked_fill_,"[[56,2048],[56,1],[]]","[""c10::BFloat16"",""bool"",""Scalar""]",1
aten::masked_fill_,"[[58,2048],[58,1],[]]","[""c10::BFloat16"",""bool"",""Scalar""]",1
aten::masked_fill_,"[[6,2048],[6,1],[]]","[""c10::BFloat16"",""bool"",""Scalar""]",1
aten::masked_fill_,"[[60,2048],[60,1],[]]","[""c10::BFloat16"",""bool"",""Scalar""]",1
aten::masked_fill_,"[[62,2048],[62,1],[]]","[""c10::BFloat16"",""bool"",""Scalar""]",1
aten::masked_fill_,"[[8,2048],[8,1],[]]","[""c10::BFloat16"",""bool"",""Scalar""]",1
aten::movedim,"[[2,10,124160],[],[]]","[""c10::BFloat16"",""Scalar"",""Scalar""]",1
aten::movedim,"[[2,10,124160],[],[]]","[""c10::BFloat16"",""ScalarList"",""ScalarList""]",1
aten::movedim,"[[2,11,124160],[],[]]","[""c10::BFloat16"",""Scalar"",""Scalar""]",1
aten::movedim,"[[2,11,124160],[],[]]","[""c10::BFloat16"",""ScalarList"",""ScalarList""]",1
aten::movedim,"[[2,12,124160],[],[]]","[""c10::BFloat16"",""Scalar"",""Scalar""]",1
aten::movedim,"[[2,12,124160],[],[]]","[""c10::BFloat16"",""ScalarList"",""ScalarList""]",1
aten::movedim,"[[2,13,124160],[],[]]","[""c10::BFloat16"",""Scalar"",""Scalar""]",1
aten::movedim,"[[2,13,124160],[],[]]","[""c10::BFloat16"",""ScalarList"",""ScalarList""]",1
aten::movedim,"[[2,14,124160],[],[]]","[""c10::BFloat16"",""Scalar"",""Scalar""]",1
aten::movedim,"[[2,14,124160],[],[]]","[""c10::BFloat16"",""ScalarList"",""ScalarList""]",1
aten::movedim,"[[2,15,124160],[],[]]","[""c10::BFloat16"",""Scalar"",""Scalar""]",1
aten::movedim,"[[2,15,124160],[],[]]","[""c10::BFloat16"",""ScalarList"",""ScalarList""]",1
aten::movedim,"[[2,16,124160],[],[]]","[""c10::BFloat16"",""Scalar"",""Scalar""]",1
aten::movedim,"[[2,16,124160],[],[]]","[""c10::BFloat16"",""ScalarList"",""ScalarList""]",1
aten::movedim,"[[2,17,124160],[],[]]","[""c10::BFloat16"",""Scalar"",""Scalar""]",1
aten::movedim,"[[2,17,124160],[],[]]","[""c10::BFloat16"",""ScalarList"",""ScalarList""]",1
aten::movedim,"[[2,18,124160],[],[]]","[""c10::BFloat16"",""Scalar"",""Scalar""]",1
aten::movedim,"[[2,18,124160],[],[]]","[""c10::BFloat16"",""ScalarList"",""ScalarList""]",1
aten::movedim,"[[2,19,124160],[],[]]","[""c10::BFloat16"",""Scalar"",""Scalar""]",1
aten::movedim,"[[2,19,124160],[],[]]","[""c10::BFloat16"",""ScalarList"",""ScalarList""]",1
aten::movedim,"[[2,2,124160],[],[]]","[""c10::BFloat16"",""Scalar"",""Scalar""]",1
aten::movedim,"[[2,2,124160],[],[]]","[""c10::BFloat16"",""ScalarList"",""ScalarList""]",1
aten::movedim,"[[2,20,124160],[],[]]","[""c10::BFloat16"",""Scalar"",""Scalar""]",1
aten::movedim,"[[2,20,124160],[],[]]","[""c10::BFloat16"",""ScalarList"",""ScalarList""]",1
aten::movedim,"[[2,21,124160],[],[]]","[""c10::BFloat16"",""Scalar"",""Scalar""]",1
aten::movedim,"[[2,21,124160],[],[]]","[""c10::BFloat16"",""ScalarList"",""ScalarList""]",1
aten::movedim,"[[2,22,124160],[],[]]","[""c10::BFloat16"",""Scalar"",""Scalar""]",1
aten::movedim,"[[2,22,124160],[],[]]","[""c10::BFloat16"",""ScalarList"",""ScalarList""]",1
aten::movedim,"[[2,23,124160],[],[]]","[""c10::BFloat16"",""Scalar"",""Scalar""]",1
aten::movedim,"[[2,23,124160],[],[]]","[""c10::BFloat16"",""ScalarList"",""ScalarList""]",1
aten::movedim,"[[2,24,124160],[],[]]","[""c10::BFloat16"",""Scalar"",""Scalar""]",1
aten::movedim,"[[2,24,124160],[],[]]","[""c10::BFloat16"",""ScalarList"",""ScalarList""]",1
aten::movedim,"[[2,25,124160],[],[]]","[""c10::BFloat16"",""Scalar"",""Scalar""]",1
aten::movedim,"[[2,25,124160],[],[]]","[""c10::BFloat16"",""ScalarList"",""ScalarList""]",1
aten::movedim,"[[2,26,124160],[],[]]","[""c10::BFloat16"",""Scalar"",""Scalar""]",1
aten::movedim,"[[2,26,124160],[],[]]","[""c10::BFloat16"",""ScalarList"",""ScalarList""]",1
aten::movedim,"[[2,27,124160],[],[]]","[""c10::BFloat16"",""Scalar"",""Scalar""]",1
aten::movedim,"[[2,27,124160],[],[]]","[""c10::BFloat16"",""ScalarList"",""ScalarList""]",1
aten::movedim,"[[2,28,124160],[],[]]","[""c10::BFloat16"",""Scalar"",""Scalar""]",1
aten::movedim,"[[2,28,124160],[],[]]","[""c10::BFloat16"",""ScalarList"",""ScalarList""]",1
aten::movedim,"[[2,29,124160],[],[]]","[""c10::BFloat16"",""Scalar"",""Scalar""]",1
aten::movedim,"[[2,29,124160],[],[]]","[""c10::BFloat16"",""ScalarList"",""ScalarList""]",1
aten::movedim,"[[2,3,124160],[],[]]","[""c10::BFloat16"",""Scalar"",""Scalar""]",1
aten::movedim,"[[2,3,124160],[],[]]","[""c10::BFloat16"",""ScalarList"",""ScalarList""]",1
aten::movedim,"[[2,30,124160],[],[]]","[""c10::BFloat16"",""Scalar"",""Scalar""]",1
aten::movedim,"[[2,30,124160],[],[]]","[""c10::BFloat16"",""ScalarList"",""ScalarList""]",1
aten::movedim,"[[2,31,124160],[],[]]","[""c10::BFloat16"",""Scalar"",""Scalar""]",1
aten::movedim,"[[2,31,124160],[],[]]","[""c10::BFloat16"",""ScalarList"",""ScalarList""]",1
aten::movedim,"[[2,32,124160],[],[]]","[""c10::BFloat16"",""Scalar"",""Scalar""]",1
aten::movedim,"[[2,32,124160],[],[]]","[""c10::BFloat16"",""ScalarList"",""ScalarList""]",1
aten::movedim,"[[2,33,124160],[],[]]","[""c10::BFloat16"",""Scalar"",""Scalar""]",1
aten::movedim,"[[2,33,124160],[],[]]","[""c10::BFloat16"",""ScalarList"",""ScalarList""]",1
aten::movedim,"[[2,34,124160],[],[]]","[""c10::BFloat16"",""Scalar"",""Scalar""]",1
aten::movedim,"[[2,34,124160],[],[]]","[""c10::BFloat16"",""ScalarList"",""ScalarList""]",1
aten::movedim,"[[2,35,124160],[],[]]","[""c10::BFloat16"",""Scalar"",""Scalar""]",1
aten::movedim,"[[2,35,124160],[],[]]","[""c10::BFloat16"",""ScalarList"",""ScalarList""]",1
aten::movedim,"[[2,36,124160],[],[]]","[""c10::BFloat16"",""Scalar"",""Scalar""]",1
aten::movedim,"[[2,36,124160],[],[]]","[""c10::BFloat16"",""ScalarList"",""ScalarList""]",1
aten::movedim,"[[2,37,124160],[],[]]","[""c10::BFloat16"",""Scalar"",""Scalar""]",1
aten::movedim,"[[2,37,124160],[],[]]","[""c10::BFloat16"",""ScalarList"",""ScalarList""]",1
aten::movedim,"[[2,38,124160],[],[]]","[""c10::BFloat16"",""Scalar"",""Scalar""]",1
aten::movedim,"[[2,38,124160],[],[]]","[""c10::BFloat16"",""ScalarList"",""ScalarList""]",1
aten::movedim,"[[2,39,124160],[],[]]","[""c10::BFloat16"",""Scalar"",""Scalar""]",1
aten::movedim,"[[2,39,124160],[],[]]","[""c10::BFloat16"",""ScalarList"",""ScalarList""]",1
aten::movedim,"[[2,4,124160],[],[]]","[""c10::BFloat16"",""Scalar"",""Scalar""]",1
aten::movedim,"[[2,4,124160],[],[]]","[""c10::BFloat16"",""ScalarList"",""ScalarList""]",1
aten::movedim,"[[2,40,124160],[],[]]","[""c10::BFloat16"",""Scalar"",""Scalar""]",1
aten::movedim,"[[2,40,124160],[],[]]","[""c10::BFloat16"",""ScalarList"",""ScalarList""]",1
aten::movedim,"[[2,41,124160],[],[]]","[""c10::BFloat16"",""Scalar"",""Scalar""]",1
aten::movedim,"[[2,41,124160],[],[]]","[""c10::BFloat16"",""ScalarList"",""ScalarList""]",1
aten::movedim,"[[2,42,124160],[],[]]","[""c10::BFloat16"",""Scalar"",""Scalar""]",1
aten::movedim,"[[2,42,124160],[],[]]","[""c10::BFloat16"",""ScalarList"",""ScalarList""]",1
aten::movedim,"[[2,43,124160],[],[]]","[""c10::BFloat16"",""Scalar"",""Scalar""]",1
aten::movedim,"[[2,43,124160],[],[]]","[""c10::BFloat16"",""ScalarList"",""ScalarList""]",1
aten::movedim,"[[2,44,124160],[],[]]","[""c10::BFloat16"",""Scalar"",""Scalar""]",1
aten::movedim,"[[2,44,124160],[],[]]","[""c10::BFloat16"",""ScalarList"",""ScalarList""]",1
aten::movedim,"[[2,45,124160],[],[]]","[""c10::BFloat16"",""Scalar"",""Scalar""]",1
aten::movedim,"[[2,45,124160],[],[]]","[""c10::BFloat16"",""ScalarList"",""ScalarList""]",1
aten::movedim,"[[2,46,124160],[],[]]","[""c10::BFloat16"",""Scalar"",""Scalar""]",1
aten::movedim,"[[2,46,124160],[],[]]","[""c10::BFloat16"",""ScalarList"",""ScalarList""]",1
aten::movedim,"[[2,47,124160],[],[]]","[""c10::BFloat16"",""Scalar"",""Scalar""]",1
aten::movedim,"[[2,47,124160],[],[]]","[""c10::BFloat16"",""ScalarList"",""ScalarList""]",1
aten::movedim,"[[2,48,124160],[],[]]","[""c10::BFloat16"",""Scalar"",""Scalar""]",1
aten::movedim,"[[2,48,124160],[],[]]","[""c10::BFloat16"",""ScalarList"",""ScalarList""]",1
aten::movedim,"[[2,49,124160],[],[]]","[""c10::BFloat16"",""Scalar"",""Scalar""]",1
aten::movedim,"[[2,49,124160],[],[]]","[""c10::BFloat16"",""ScalarList"",""ScalarList""]",1
aten::movedim,"[[2,5,124160],[],[]]","[""c10::BFloat16"",""Scalar"",""Scalar""]",1
aten::movedim,"[[2,5,124160],[],[]]","[""c10::BFloat16"",""ScalarList"",""ScalarList""]",1
aten::movedim,"[[2,50,124160],[],[]]","[""c10::BFloat16"",""Scalar"",""Scalar""]",1
aten::movedim,"[[2,50,124160],[],[]]","[""c10::BFloat16"",""ScalarList"",""ScalarList""]",1
aten::movedim,"[[2,51,124160],[],[]]","[""c10::BFloat16"",""Scalar"",""Scalar""]",1
aten::movedim,"[[2,51,124160],[],[]]","[""c10::BFloat16"",""ScalarList"",""ScalarList""]",1
aten::movedim,"[[2,52,124160],[],[]]","[""c10::BFloat16"",""Scalar"",""Scalar""]",1
aten::movedim,"[[2,52,124160],[],[]]","[""c10::BFloat16"",""ScalarList"",""ScalarList""]",1
aten::movedim,"[[2,53,124160],[],[]]","[""c10::BFloat16"",""Scalar"",""Scalar""]",1
aten::movedim,"[[2,53,124160],[],[]]","[""c10::BFloat16"",""ScalarList"",""ScalarList""]",1
aten::movedim,"[[2,54,124160],[],[]]","[""c10::BFloat16"",""Scalar"",""Scalar""]",1
aten::movedim,"[[2,54,124160],[],[]]","[""c10::BFloat16"",""ScalarList"",""ScalarList""]",1
aten::movedim,"[[2,55,124160],[],[]]","[""c10::BFloat16"",""Scalar"",""Scalar""]",1
aten::movedim,"[[2,55,124160],[],[]]","[""c10::BFloat16"",""ScalarList"",""ScalarList""]",1
aten::movedim,"[[2,56,124160],[],[]]","[""c10::BFloat16"",""Scalar"",""Scalar""]",1
aten::movedim,"[[2,56,124160],[],[]]","[""c10::BFloat16"",""ScalarList"",""ScalarList""]",1
aten::movedim,"[[2,57,124160],[],[]]","[""c10::BFloat16"",""Scalar"",""Scalar""]",1
aten::movedim,"[[2,57,124160],[],[]]","[""c10::BFloat16"",""ScalarList"",""ScalarList""]",1
aten::movedim,"[[2,58,124160],[],[]]","[""c10::BFloat16"",""Scalar"",""Scalar""]",1
aten::movedim,"[[2,58,124160],[],[]]","[""c10::BFloat16"",""ScalarList"",""ScalarList""]",1
aten::movedim,"[[2,59,124160],[],[]]","[""c10::BFloat16"",""Scalar"",""Scalar""]",1
aten::movedim,"[[2,59,124160],[],[]]","[""c10::BFloat16"",""ScalarList"",""ScalarList""]",1
aten::movedim,"[[2,6,124160],[],[]]","[""c10::BFloat16"",""Scalar"",""Scalar""]",1
aten::movedim,"[[2,6,124160],[],[]]","[""c10::BFloat16"",""ScalarList"",""ScalarList""]",1
aten::movedim,"[[2,60,124160],[],[]]","[""c10::BFloat16"",""Scalar"",""Scalar""]",1
aten::movedim,"[[2,60,124160],[],[]]","[""c10::BFloat16"",""ScalarList"",""ScalarList""]",1
aten::movedim,"[[2,61,124160],[],[]]","[""c10::BFloat16"",""Scalar"",""Scalar""]",1
aten::movedim,"[[2,61,124160],[],[]]","[""c10::BFloat16"",""ScalarList"",""ScalarList""]",1
aten::movedim,"[[2,62,124160],[],[]]","[""c10::BFloat16"",""Scalar"",""Scalar""]",1
aten::movedim,"[[2,62,124160],[],[]]","[""c10::BFloat16"",""ScalarList"",""ScalarList""]",1
aten::movedim,"[[2,7,124160],[],[]]","[""c10::BFloat16"",""Scalar"",""Scalar""]",1
aten::movedim,"[[2,7,124160],[],[]]","[""c10::BFloat16"",""ScalarList"",""ScalarList""]",1
aten::movedim,"[[2,8,124160],[],[]]","[""c10::BFloat16"",""Scalar"",""Scalar""]",1
aten::movedim,"[[2,8,124160],[],[]]","[""c10::BFloat16"",""ScalarList"",""ScalarList""]",1
aten::movedim,"[[2,9,124160],[],[]]","[""c10::BFloat16"",""Scalar"",""Scalar""]",1
aten::movedim,"[[2,9,124160],[],[]]","[""c10::BFloat16"",""ScalarList"",""ScalarList""]",1
aten::narrow,"[[64,2],[],[],[]]","[""long int"",""Scalar"",""Scalar"",""Scalar""]",1
aten::permute,"[[2,10,124160],[]]","[""c10::BFloat16"",""ScalarList""]",1
aten::permute,"[[2,11,124160],[]]","[""c10::BFloat16"",""ScalarList""]",1
aten::permute,"[[2,12,124160],[]]","[""c10::BFloat16"",""ScalarList""]",1
aten::permute,"[[2,13,124160],[]]","[""c10::BFloat16"",""ScalarList""]",1
aten::permute,"[[2,14,124160],[]]","[""c10::BFloat16"",""ScalarList""]",1
aten::permute,"[[2,15,124160],[]]","[""c10::BFloat16"",""ScalarList""]",1
aten::permute,"[[2,16,124160],[]]","[""c10::BFloat16"",""ScalarList""]",1
aten::permute,"[[2,17,124160],[]]","[""c10::BFloat16"",""ScalarList""]",1
aten::permute,"[[2,18,124160],[]]","[""c10::BFloat16"",""ScalarList""]",1
aten::permute,"[[2,19,124160],[]]","[""c10::BFloat16"",""ScalarList""]",1
aten::permute,"[[2,2,124160],[]]","[""c10::BFloat16"",""ScalarList""]",1
aten::permute,"[[2,20,124160],[]]","[""c10::BFloat16"",""ScalarList""]",1
aten::permute,"[[2,21,124160],[]]","[""c10::BFloat16"",""ScalarList""]",1
aten::permute,"[[2,22,124160],[]]","[""c10::BFloat16"",""ScalarList""]",1
aten::permute,"[[2,23,124160],[]]","[""c10::BFloat16"",""ScalarList""]",1
aten::permute,"[[2,24,124160],[]]","[""c10::BFloat16"",""ScalarList""]",1
aten::permute,"[[2,25,124160],[]]","[""c10::BFloat16"",""ScalarList""]",1
aten::permute,"[[2,26,124160],[]]","[""c10::BFloat16"",""ScalarList""]",1
aten::permute,"[[2,27,124160],[]]","[""c10::BFloat16"",""ScalarList""]",1
aten::permute,"[[2,28,124160],[]]","[""c10::BFloat16"",""ScalarList""]",1
aten::permute,"[[2,29,124160],[]]","[""c10::BFloat16"",""ScalarList""]",1
aten::permute,"[[2,3,124160],[]]","[""c10::BFloat16"",""ScalarList""]",1
aten::permute,"[[2,30,124160],[]]","[""c10::BFloat16"",""ScalarList""]",1
aten::permute,"[[2,31,124160],[]]","[""c10::BFloat16"",""ScalarList""]",1
aten::permute,"[[2,32,124160],[]]","[""c10::BFloat16"",""ScalarList""]",1
aten::permute,"[[2,33,124160],[]]","[""c10::BFloat16"",""ScalarList""]",1
aten::permute,"[[2,34,124160],[]]","[""c10::BFloat16"",""ScalarList""]",1
aten::permute,"[[2,35,124160],[]]","[""c10::BFloat16"",""ScalarList""]",1
aten::permute,"[[2,36,124160],[]]","[""c10::BFloat16"",""ScalarList""]",1
aten::permute,"[[2,37,124160],[]]","[""c10::BFloat16"",""ScalarList""]",1
aten::permute,"[[2,38,124160],[]]","[""c10::BFloat16"",""ScalarList""]",1
aten::permute,"[[2,39,124160],[]]","[""c10::BFloat16"",""ScalarList""]",1
aten::permute,"[[2,4,124160],[]]","[""c10::BFloat16"",""ScalarList""]",1
aten::permute,"[[2,40,124160],[]]","[""c10::BFloat16"",""ScalarList""]",1
aten::permute,"[[2,41,124160],[]]","[""c10::BFloat16"",""ScalarList""]",1
aten::permute,"[[2,42,124160],[]]","[""c10::BFloat16"",""ScalarList""]",1
aten::permute,"[[2,43,124160],[]]","[""c10::BFloat16"",""ScalarList""]",1
aten::permute,"[[2,44,124160],[]]","[""c10::BFloat16"",""ScalarList""]",1
aten::permute,"[[2,45,124160],[]]","[""c10::BFloat16"",""ScalarList""]",1
aten::permute,"[[2,46,124160],[]]","[""c10::BFloat16"",""ScalarList""]",1
aten::permute,"[[2,47,124160],[]]","[""c10::BFloat16"",""ScalarList""]",1
aten::permute,"[[2,48,124160],[]]","[""c10::BFloat16"",""ScalarList""]",1
aten::permute,"[[2,49,124160],[]]","[""c10::BFloat16"",""ScalarList""]",1
aten::permute,"[[2,5,124160],[]]","[""c10::BFloat16"",""ScalarList""]",1
aten::permute,"[[2,50,124160],[]]","[""c10::BFloat16"",""ScalarList""]",1
aten::permute,"[[2,51,124160],[]]","[""c10::BFloat16"",""ScalarList""]",1
aten::permute,"[[2,52,124160],[]]","[""c10::BFloat16"",""ScalarList""]",1
aten::permute,"[[2,53,124160],[]]","[""c10::BFloat16"",""ScalarList""]",1
aten::permute,"[[2,54,124160],[]]","[""c10::BFloat16"",""ScalarList""]",1
aten::permute,"[[2,55,124160],[]]","[""c10::BFloat16"",""ScalarList""]",1
aten::permute,"[[2,56,124160],[]]","[""c10::BFloat16"",""ScalarList""]",1
aten::permute,"[[2,57,124160],[]]","[""c10::BFloat16"",""ScalarList""]",1
aten::permute,"[[2,58,124160],[]]","[""c10::BFloat16"",""ScalarList""]",1
aten::permute,"[[2,59,124160],[]]","[""c10::BFloat16"",""ScalarList""]",1
aten::permute,"[[2,6,124160],[]]","[""c10::BFloat16"",""ScalarList""]",1
aten::permute,"[[2,60,124160],[]]","[""c10::BFloat16"",""ScalarList""]",1
aten::permute,"[[2,61,124160],[]]","[""c10::BFloat16"",""ScalarList""]",1
aten::permute,"[[2,62,124160],[]]","[""c10::BFloat16"",""ScalarList""]",1
aten::permute,"[[2,7,124160],[]]","[""c10::BFloat16"",""ScalarList""]",1
aten::permute,"[[2,8,124160],[]]","[""c10::BFloat16"",""ScalarList""]",1
aten::permute,"[[2,9,124160],[]]","[""c10::BFloat16"",""ScalarList""]",1
aten::reshape,"[[10,124160],[]]","[""c10::BFloat16"",""ScalarList""]",1
aten::reshape,"[[100,124160],[]]","[""c10::BFloat16"",""ScalarList""]",1
aten::reshape,"[[102,124160],[]]","[""c10::BFloat16"",""ScalarList""]",1
aten::reshape,"[[104,124160],[]]","[""c10::BFloat16"",""ScalarList""]",1
aten::reshape,"[[106,124160],[]]","[""c10::BFloat16"",""ScalarList""]",1
aten::reshape,"[[108,124160],[]]","[""c10::BFloat16"",""ScalarList""]",1
aten::reshape,"[[10],[]]","[""bool"",""ScalarList""]",1
aten::reshape,"[[10],[]]","[""int"",""ScalarList""]",1
aten::reshape,"[[110,124160],[]]","[""c10::BFloat16"",""ScalarList""]",1
aten::reshape,"[[112,124160],[]]","[""c10::BFloat16"",""ScalarList""]",1
aten::reshape,"[[114,124160],[]]","[""c10::BFloat16"",""ScalarList""]",1
aten::reshape,"[[116,124160],[]]","[""c10::BFloat16"",""ScalarList""]",1
aten::reshape,"[[118,124160],[]]","[""c10::BFloat16"",""ScalarList""]",1
aten::reshape,"[[11],[]]","[""int"",""ScalarList""]",1
aten::reshape,"[[11],[]]","[""long int"",""ScalarList""]",1
aten::reshape,"[[12,124160],[]]","[""c10::BFloat16"",""ScalarList""]",1
aten::reshape,"[[120,124160],[]]","[""c10::BFloat16"",""ScalarList""]",1
aten::reshape,"[[122,124160],[]]","[""c10::BFloat16"",""ScalarList""]",1
aten::reshape,"[[124,124160],[]]","[""c10::BFloat16"",""ScalarList""]",1
aten::reshape,"[[12],[]]","[""bool"",""ScalarList""]",1
aten::reshape,"[[12],[]]","[""int"",""ScalarList""]",1
aten::reshape,"[[13],[]]","[""int"",""ScalarList""]",1
aten::reshape,"[[13],[]]","[""long int"",""ScalarList""]",1
aten::reshape,"[[14,124160],[]]","[""c10::BFloat16"",""ScalarList""]",1
aten::reshape,"[[14],[]]","[""bool"",""ScalarList""]",1
aten::reshape,"[[14],[]]","[""int"",""ScalarList""]",1
aten::reshape,"[[15],[]]","[""int"",""ScalarList""]",1
aten::reshape,"[[15],[]]","[""long int"",""ScalarList""]",1
aten::reshape,"[[16,124160],[]]","[""c10::BFloat16"",""ScalarList""]",1
aten::reshape,"[[16],[]]","[""bool"",""ScalarList""]",1
aten::reshape,"[[16],[]]","[""int"",""ScalarList""]",1
aten::reshape,"[[17],[]]","[""int"",""ScalarList""]",1
aten::reshape,"[[17],[]]","[""long int"",""ScalarList""]",1
aten::reshape,"[[18,124160],[]]","[""c10::BFloat16"",""ScalarList""]",1
aten::reshape,"[[18],[]]","[""bool"",""ScalarList""]",1
aten::reshape,"[[18],[]]","[""int"",""ScalarList""]",1
aten::reshape,"[[19],[]]","[""int"",""ScalarList""]",1
aten::reshape,"[[19],[]]","[""long int"",""ScalarList""]",1
aten::reshape,"[[20,124160],[]]","[""c10::BFloat16"",""ScalarList""]",1
aten::reshape,"[[20],[]]","[""bool"",""ScalarList""]",1
aten::reshape,"[[20],[]]","[""int"",""ScalarList""]",1
aten::reshape,"[[21],[]]","[""int"",""ScalarList""]",1
aten::reshape,"[[21],[]]","[""long int"",""ScalarList""]",1
aten::reshape,"[[22,124160],[]]","[""c10::BFloat16"",""ScalarList""]",1
aten::reshape,"[[22],[]]","[""bool"",""ScalarList""]",1
aten::reshape,"[[22],[]]","[""int"",""ScalarList""]",1
aten::reshape,"[[23],[]]","[""int"",""ScalarList""]",1
aten::reshape,"[[23],[]]","[""long int"",""ScalarList""]",1
aten::reshape,"[[24,124160],[]]","[""c10::BFloat16"",""ScalarList""]",1
aten::reshape,"[[24],[]]","[""bool"",""ScalarList""]",1
aten::reshape,"[[24],[]]","[""int"",""ScalarList""]",1
aten::reshape,"[[25],[]]","[""int"",""ScalarList""]",1
aten::reshape,"[[25],[]]","[""long int"",""ScalarList""]",1
aten::reshape,"[[26,124160],[]]","[""c10::BFloat16"",""ScalarList""]",1
aten::reshape,"[[26],[]]","[""bool"",""ScalarList""]",1
aten::reshape,"[[26],[]]","[""int"",""ScalarList""]",1
aten::reshape,"[[27],[]]","[""int"",""ScalarList""]",1
aten::reshape,"[[27],[]]","[""long int"",""ScalarList""]",1
aten::reshape,"[[28,124160],[]]","[""c10::BFloat16"",""ScalarList""]",1
aten::reshape,"[[28],[]]","[""bool"",""ScalarList""]",1
aten::reshape,"[[28],[]]","[""int"",""ScalarList""]",1
aten::reshape,"[[29],[]]","[""int"",""ScalarList""]",1
aten::reshape,"[[29],[]]","[""long int"",""ScalarList""]",1
aten::reshape,"[[2],[]]","[""int"",""ScalarList""]",1
aten::reshape,"[[30,124160],[]]","[""c10::BFloat16"",""ScalarList""]",1
aten::reshape,"[[30],[]]","[""bool"",""ScalarList""]",1
aten::reshape,"[[30],[]]","[""int"",""ScalarList""]",1
aten::reshape,"[[31],[]]","[""int"",""ScalarList""]",1
aten::reshape,"[[31],[]]","[""long int"",""ScalarList""]",1
aten::reshape,"[[32,124160],[]]","[""c10::BFloat16"",""ScalarList""]",1
aten::reshape,"[[32],[]]","[""bool"",""ScalarList""]",1
aten::reshape,"[[32],[]]","[""int"",""ScalarList""]",1
aten::reshape,"[[33],[]]","[""int"",""ScalarList""]",1
aten::reshape,"[[33],[]]","[""long int"",""ScalarList""]",1
aten::reshape,"[[34,124160],[]]","[""c10::BFloat16"",""ScalarList""]",1
aten::reshape,"[[34],[]]","[""bool"",""ScalarList""]",1
aten::reshape,"[[34],[]]","[""int"",""ScalarList""]",1
aten::reshape,"[[35],[]]","[""int"",""ScalarList""]",1
aten::reshape,"[[35],[]]","[""long int"",""ScalarList""]",1
aten::reshape,"[[36,124160],[]]","[""c10::BFloat16"",""ScalarList""]",1
aten::reshape,"[[36],[]]","[""bool"",""ScalarList""]",1
aten::reshape,"[[36],[]]","[""int"",""ScalarList""]",1
aten::reshape,"[[37],[]]","[""int"",""ScalarList""]",1
aten::reshape,"[[37],[]]","[""long int"",""ScalarList""]",1
aten::reshape,"[[38,124160],[]]","[""c10::BFloat16"",""ScalarList""]",1
aten::reshape,"[[38],[]]","[""bool"",""ScalarList""]",1
aten::reshape,"[[38],[]]","[""int"",""ScalarList""]",1
aten::reshape,"[[39],[]]","[""int"",""ScalarList""]",1
aten::reshape,"[[39],[]]","[""long int"",""ScalarList""]",1
aten::reshape,"[[3],[]]","[""int"",""ScalarList""]",1
aten::reshape,"[[4,124160],[]]","[""c10::BFloat16"",""ScalarList""]",1
aten::reshape,"[[40,124160],[]]","[""c10::BFloat16"",""ScalarList""]",1
aten::reshape,"[[4096],[]]","[""bool"",""ScalarList""]",1
aten::reshape,"[[4096],[]]","[""long int"",""ScalarList""]",1
aten::reshape,"[[40],[]]","[""bool"",""ScalarList""]",1
aten::reshape,"[[40],[]]","[""int"",""ScalarList""]",1
aten::reshape,"[[41],[]]","[""int"",""ScalarList""]",1
aten::reshape,"[[41],[]]","[""long int"",""ScalarList""]",1
aten::reshape,"[[42,124160],[]]","[""c10::BFloat16"",""ScalarList""]",1
aten::reshape,"[[42],[]]","[""bool"",""ScalarList""]",1
aten::reshape,"[[42],[]]","[""int"",""ScalarList""]",1
aten::reshape,"[[43],[]]","[""int"",""ScalarList""]",1
aten::reshape,"[[43],[]]","[""long int"",""ScalarList""]",1
aten::reshape,"[[44,124160],[]]","[""c10::BFloat16"",""ScalarList""]",1
aten::reshape,"[[44],[]]","[""bool"",""ScalarList""]",1
aten::reshape,"[[44],[]]","[""int"",""ScalarList""]",1
aten::reshape,"[[45],[]]","[""int"",""ScalarList""]",1
aten::reshape,"[[45],[]]","[""long int"",""ScalarList""]",1
aten::reshape,"[[46,124160],[]]","[""c10::BFloat16"",""ScalarList""]",1
aten::reshape,"[[46],[]]","[""bool"",""ScalarList""]",1
aten::reshape,"[[46],[]]","[""int"",""ScalarList""]",1
aten::reshape,"[[47],[]]","[""int"",""ScalarList""]",1
aten::reshape,"[[47],[]]","[""long int"",""ScalarList""]",1
aten::reshape,"[[48,124160],[]]","[""c10::BFloat16"",""ScalarList""]",1
aten::reshape,"[[48],[]]","[""bool"",""ScalarList""]",1
aten::reshape,"[[48],[]]","[""int"",""ScalarList""]",1
aten::reshape,"[[49],[]]","[""int"",""ScalarList""]",1
aten::reshape,"[[49],[]]","[""long int"",""ScalarList""]",1
aten::reshape,"[[4],[]]","[""bool"",""ScalarList""]",1
aten::reshape,"[[4],[]]","[""int"",""ScalarList""]",1
aten::reshape,"[[50,124160],[]]","[""c10::BFloat16"",""ScalarList""]",1
aten::reshape,"[[5089],[]]","[""bool"",""ScalarList""]",1
aten::reshape,"[[5089],[]]","[""long int"",""ScalarList""]",1
aten::reshape,"[[50],[]]","[""bool"",""ScalarList""]",1
aten::reshape,"[[50],[]]","[""int"",""ScalarList""]",1
aten::reshape,"[[51],[]]","[""int"",""ScalarList""]",1
aten::reshape,"[[51],[]]","[""long int"",""ScalarList""]",1
aten::reshape,"[[52,124160],[]]","[""c10::BFloat16"",""ScalarList""]",1
aten::reshape,"[[52],[]]","[""bool"",""ScalarList""]",1
aten::reshape,"[[52],[]]","[""int"",""ScalarList""]",1
aten::reshape,"[[53],[]]","[""int"",""ScalarList""]",1
aten::reshape,"[[53],[]]","[""long int"",""ScalarList""]",1
aten::reshape,"[[54,124160],[]]","[""c10::BFloat16"",""ScalarList""]",1
aten::reshape,"[[54],[]]","[""bool"",""ScalarList""]",1
aten::reshape,"[[54],[]]","[""int"",""ScalarList""]",1
aten::reshape,"[[55],[]]","[""int"",""ScalarList""]",1
aten::reshape,"[[55],[]]","[""long int"",""ScalarList""]",1
aten::reshape,"[[56,124160],[]]","[""c10::BFloat16"",""ScalarList""]",1
aten::reshape,"[[56],[]]","[""bool"",""ScalarList""]",1
aten::reshape,"[[56],[]]","[""int"",""ScalarList""]",1
aten::reshape,"[[57],[]]","[""int"",""ScalarList""]",1
aten::reshape,"[[57],[]]","[""long int"",""ScalarList""]",1
aten::reshape,"[[58,124160],[]]","[""c10::BFloat16"",""ScalarList""]",1
aten::reshape,"[[58],[]]","[""bool"",""ScalarList""]",1
aten::reshape,"[[58],[]]","[""int"",""ScalarList""]",1
aten::reshape,"[[59],[]]","[""int"",""ScalarList""]",1
aten::reshape,"[[59],[]]","[""long int"",""ScalarList""]",1
aten::reshape,"[[5],[]]","[""int"",""ScalarList""]",1
aten::reshape,"[[5],[]]","[""long int"",""ScalarList""]",1
aten::reshape,"[[6,124160],[]]","[""c10::BFloat16"",""ScalarList""]",1
aten::reshape,"[[60,124160],[]]","[""c10::BFloat16"",""ScalarList""]",1
aten::reshape,"[[60],[]]","[""bool"",""ScalarList""]",1
aten::reshape,"[[60],[]]","[""int"",""ScalarList""]",1
aten::reshape,"[[61],[]]","[""int"",""ScalarList""]",1
aten::reshape,"[[61],[]]","[""long int"",""ScalarList""]",1
aten::reshape,"[[62,124160],[]]","[""c10::BFloat16"",""ScalarList""]",1
aten::reshape,"[[62],[]]","[""bool"",""ScalarList""]",1
aten::reshape,"[[62],[]]","[""int"",""ScalarList""]",1
aten::reshape,"[[64,124160],[]]","[""c10::BFloat16"",""ScalarList""]",1
aten::reshape,"[[66,124160],[]]","[""c10::BFloat16"",""ScalarList""]",1
aten::reshape,"[[68,124160],[]]","[""c10::BFloat16"",""ScalarList""]",1
aten::reshape,"[[6],[]]","[""bool"",""ScalarList""]",1
aten::reshape,"[[6],[]]","[""int"",""ScalarList""]",1
aten::reshape,"[[70,124160],[]]","[""c10::BFloat16"",""ScalarList""]",1
aten::reshape,"[[72,124160],[]]","[""c10::BFloat16"",""ScalarList""]",1
aten::reshape,"[[74,124160],[]]","[""c10::BFloat16"",""ScalarList""]",1
aten::reshape,"[[76,124160],[]]","[""c10::BFloat16"",""ScalarList""]",1
aten::reshape,"[[78,124160],[]]","[""c10::BFloat16"",""ScalarList""]",1
aten::reshape,"[[7],[]]","[""int"",""ScalarList""]",1
aten::reshape,"[[7],[]]","[""long int"",""ScalarList""]",1
aten::reshape,"[[8,124160],[]]","[""c10::BFloat16"",""ScalarList""]",1
aten::reshape,"[[80,124160],[]]","[""c10::BFloat16"",""ScalarList""]",1
aten::reshape,"[[82,124160],[]]","[""c10::BFloat16"",""ScalarList""]",1
aten::reshape,"[[84,124160],[]]","[""c10::BFloat16"",""ScalarList""]",1
aten::reshape,"[[86,124160],[]]","[""c10::BFloat16"",""ScalarList""]",1
aten::reshape,"[[88,124160],[]]","[""c10::BFloat16"",""ScalarList""]",1
aten::reshape,"[[8],[]]","[""bool"",""ScalarList""]",1
aten::reshape,"[[8],[]]","[""int"",""ScalarList""]",1
aten::reshape,"[[90,124160],[]]","[""c10::BFloat16"",""ScalarList""]",1
aten::reshape,"[[92,124160],[]]","[""c10::BFloat16"",""ScalarList""]",1
aten::reshape,"[[94,124160],[]]","[""c10::BFloat16"",""ScalarList""]",1
aten::reshape,"[[96,124160],[]]","[""c10::BFloat16"",""ScalarList""]",1
aten::reshape,"[[98,124160],[]]","[""c10::BFloat16"",""ScalarList""]",1
aten::reshape,"[[9],[]]","[""int"",""ScalarList""]",1
aten::reshape,"[[9],[]]","[""long int"",""ScalarList""]",1
aten::resolve_conj,[[10]],"[""int""]",1
aten::resolve_conj,[[12]],"[""int""]",1
aten::resolve_conj,[[14]],"[""int""]",1
aten::resolve_conj,[[16]],"[""int""]",1
aten::resolve_conj,[[18]],"[""int""]",1
aten::resolve_conj,[[20]],"[""int""]",1
aten::resolve_conj,[[22]],"[""int""]",1
aten::resolve_conj,[[24]],"[""int""]",1
aten::resolve_conj,[[26]],"[""int""]",1
aten::resolve_conj,[[28]],"[""int""]",1
aten::resolve_conj,[[30]],"[""int""]",1
aten::resolve_conj,[[32]],"[""int""]",1
aten::resolve_conj,[[34]],"[""int""]",1
aten::resolve_conj,[[36]],"[""int""]",1
aten::resolve_conj,[[38]],"[""int""]",1
aten::resolve_conj,[[40]],"[""int""]",1
aten::resolve_conj,[[42]],"[""int""]",1
aten::resolve_conj,[[44]],"[""int""]",1
aten::resolve_conj,[[46]],"[""int""]",1
aten::resolve_conj,[[48]],"[""int""]",1
aten::resolve_conj,[[4]],"[""int""]",1
aten::resolve_conj,[[50]],"[""int""]",1
aten::resolve_conj,[[52]],"[""int""]",1
aten::resolve_conj,[[54]],"[""int""]",1
aten::resolve_conj,[[56]],"[""int""]",1
aten::resolve_conj,[[58]],"[""int""]",1
aten::resolve_conj,[[60]],"[""int""]",1
aten::resolve_conj,[[62]],"[""int""]",1
aten::resolve_conj,[[6]],"[""int""]",1
aten::resolve_conj,[[8]],"[""int""]",1
aten::resolve_neg,[[10]],"[""int""]",1
aten::resolve_neg,[[12]],"[""int""]",1
aten::resolve_neg,[[14]],"[""int""]",1
aten::resolve_neg,[[16]],"[""int""]",1
aten::resolve_neg,[[18]],"[""int""]",1
aten::resolve_neg,[[20]],"[""int""]",1
aten::resolve_neg,[[22]],"[""int""]",1
aten::resolve_neg,[[24]],"[""int""]",1
aten::resolve_neg,[[26]],"[""int""]",1
aten::resolve_neg,[[28]],"[""int""]",1
aten::resolve_neg,[[30]],"[""int""]",1
aten::resolve_neg,[[32]],"[""int""]",1
aten::resolve_neg,[[34]],"[""int""]",1
aten::resolve_neg,[[36]],"[""int""]",1
aten::resolve_neg,[[38]],"[""int""]",1
aten::resolve_neg,[[40]],"[""int""]",1
aten::resolve_neg,[[42]],"[""int""]",1
aten::resolve_neg,[[44]],"[""int""]",1
aten::resolve_neg,[[46]],"[""int""]",1
aten::resolve_neg,[[48]],"[""int""]",1
aten::resolve_neg,[[4]],"[""int""]",1
aten::resolve_neg,[[50]],"[""int""]",1
aten::resolve_neg,[[52]],"[""int""]",1
aten::resolve_neg,[[54]],"[""int""]",1
aten::resolve_neg,[[56]],"[""int""]",1
aten::resolve_neg,[[58]],"[""int""]",1
aten::resolve_neg,[[60]],"[""int""]",1
aten::resolve_neg,[[62]],"[""int""]",1
aten::resolve_neg,[[6]],"[""int""]",1
aten::resolve_neg,[[8]],"[""int""]",1
aten::scatter_,"[[8192],[],[32],[32]]","[""int"",""Scalar"",""long int"",""int""]",1
aten::scatter_,"[[8192],[],[34],[34]]","[""int"",""Scalar"",""long int"",""int""]",1
aten::scatter_,"[[8192],[],[36],[36]]","[""int"",""Scalar"",""long int"",""int""]",1
aten::scatter_,"[[8192],[],[38],[38]]","[""int"",""Scalar"",""long int"",""int""]",1
aten::scatter_,"[[8192],[],[40],[40]]","[""int"",""Scalar"",""long int"",""int""]",1
aten::scatter_,"[[8192],[],[42],[42]]","[""int"",""Scalar"",""long int"",""int""]",1
aten::scatter_,"[[8192],[],[44],[44]]","[""int"",""Scalar"",""long int"",""int""]",1
aten::scatter_,"[[8192],[],[46],[46]]","[""int"",""Scalar"",""long int"",""int""]",1
aten::scatter_,"[[8192],[],[48],[48]]","[""int"",""Scalar"",""long int"",""int""]",1
aten::scatter_,"[[8192],[],[50],[50]]","[""int"",""Scalar"",""long int"",""int""]",1
aten::scatter_,"[[8192],[],[52],[52]]","[""int"",""Scalar"",""long int"",""int""]",1
aten::scatter_,"[[8192],[],[54],[54]]","[""int"",""Scalar"",""long int"",""int""]",1
aten::scatter_,"[[8192],[],[56],[56]]","[""int"",""Scalar"",""long int"",""int""]",1
aten::scatter_,"[[8192],[],[58],[58]]","[""int"",""Scalar"",""long int"",""int""]",1
aten::scatter_,"[[8192],[],[60],[60]]","[""int"",""Scalar"",""long int"",""int""]",1
aten::scatter_,"[[8192],[],[62],[62]]","[""int"",""Scalar"",""long int"",""int""]",1
aten::scatter_,"[[8192],[],[63],[63]]","[""int"",""Scalar"",""long int"",""int""]",1
aten::slice,"[[1,2048],[],[],[],[]]","[""c10::BFloat16"",""Scalar"",""Scalar"",""Scalar"",""Scalar""]",1
aten::slice,"[[10,1],[],[],[],[]]","[""int"",""Scalar"",""Scalar"",""Scalar"",""Scalar""]",1
aten::slice,"[[11,32],[],[],[],[]]","[""int"",""Scalar"",""Scalar"",""Scalar"",""Scalar""]",1
aten::slice,"[[12,1],[],[],[],[]]","[""int"",""Scalar"",""Scalar"",""Scalar"",""Scalar""]",1
aten::slice,"[[13,32],[],[],[],[]]","[""int"",""Scalar"",""Scalar"",""Scalar"",""Scalar""]",1
aten::slice,"[[14,1],[],[],[],[]]","[""int"",""Scalar"",""Scalar"",""Scalar"",""Scalar""]",1
aten::slice,"[[15,32],[],[],[],[]]","[""int"",""Scalar"",""Scalar"",""Scalar"",""Scalar""]",1
aten::slice,"[[17,32],[],[],[],[]]","[""int"",""Scalar"",""Scalar"",""Scalar"",""Scalar""]",1
aten::slice,"[[18,1],[],[],[],[]]","[""int"",""Scalar"",""Scalar"",""Scalar"",""Scalar""]",1
aten::slice,"[[19,32],[],[],[],[]]","[""int"",""Scalar"",""Scalar"",""Scalar"",""Scalar""]",1
aten::slice,"[[2,2048],[],[],[],[]]","[""c10::BFloat16"",""Scalar"",""Scalar"",""Scalar"",""Scalar""]",1
aten::slice,"[[2,32],[],[],[],[]]","[""int"",""Scalar"",""Scalar"",""Scalar"",""Scalar""]",1
aten::slice,"[[20,1],[],[],[],[]]","[""int"",""Scalar"",""Scalar"",""Scalar"",""Scalar""]",1
aten::slice,"[[21,32],[],[],[],[]]","[""int"",""Scalar"",""Scalar"",""Scalar"",""Scalar""]",1
aten::slice,"[[22,1],[],[],[],[]]","[""int"",""Scalar"",""Scalar"",""Scalar"",""Scalar""]",1
aten::slice,"[[23,32],[],[],[],[]]","[""int"",""Scalar"",""Scalar"",""Scalar"",""Scalar""]",1
aten::slice,"[[24,1],[],[],[],[]]","[""int"",""Scalar"",""Scalar"",""Scalar"",""Scalar""]",1
aten::slice,"[[25,32],[],[],[],[]]","[""int"",""Scalar"",""Scalar"",""Scalar"",""Scalar""]",1
aten::slice,"[[26,1],[],[],[],[]]","[""int"",""Scalar"",""Scalar"",""Scalar"",""Scalar""]",1
aten::slice,"[[27,32],[],[],[],[]]","[""int"",""Scalar"",""Scalar"",""Scalar"",""Scalar""]",1
aten::slice,"[[28,1],[],[],[],[]]","[""int"",""Scalar"",""Scalar"",""Scalar"",""Scalar""]",1
aten::slice,"[[29,32],[],[],[],[]]","[""int"",""Scalar"",""Scalar"",""Scalar"",""Scalar""]",1
aten::slice,"[[2],[],[],[],[]]","[""bool"",""Scalar"",""Scalar"",""Scalar"",""Scalar""]",1
aten::slice,"[[3,32],[],[],[],[]]","[""int"",""Scalar"",""Scalar"",""Scalar"",""Scalar""]",1
aten::slice,"[[30,1],[],[],[],[]]","[""int"",""Scalar"",""Scalar"",""Scalar"",""Scalar""]",1
aten::slice,"[[31,32],[],[],[],[]]","[""int"",""Scalar"",""Scalar"",""Scalar"",""Scalar""]",1
aten::slice,"[[33,32],[],[],[],[]]","[""int"",""Scalar"",""Scalar"",""Scalar"",""Scalar""]",1
aten::slice,"[[35,32],[],[],[],[]]","[""int"",""Scalar"",""Scalar"",""Scalar"",""Scalar""]",1
aten::slice,"[[37,32],[],[],[],[]]","[""int"",""Scalar"",""Scalar"",""Scalar"",""Scalar""]",1
aten::slice,"[[39,32],[],[],[],[]]","[""int"",""Scalar"",""Scalar"",""Scalar"",""Scalar""]",1
aten::slice,"[[4,2048],[],[],[],[]]","[""c10::BFloat16"",""Scalar"",""Scalar"",""Scalar"",""Scalar""]",1
aten::slice,"[[4,32],[],[],[],[]]","[""int"",""Scalar"",""Scalar"",""Scalar"",""Scalar""]",1
aten::slice,"[[41,32],[],[],[],[]]","[""int"",""Scalar"",""Scalar"",""Scalar"",""Scalar""]",1
aten::slice,"[[43,32],[],[],[],[]]","[""int"",""Scalar"",""Scalar"",""Scalar"",""Scalar""]",1
aten::slice,"[[45,32],[],[],[],[]]","[""int"",""Scalar"",""Scalar"",""Scalar"",""Scalar""]",1
aten::slice,"[[47,32],[],[],[],[]]","[""int"",""Scalar"",""Scalar"",""Scalar"",""Scalar""]",1
aten::slice,"[[49,32],[],[],[],[]]","[""int"",""Scalar"",""Scalar"",""Scalar"",""Scalar""]",1
aten::slice,"[[4],[],[],[],[]]","[""bool"",""Scalar"",""Scalar"",""Scalar"",""Scalar""]",1
aten::slice,"[[5,32],[],[],[],[]]","[""int"",""Scalar"",""Scalar"",""Scalar"",""Scalar""]",1
aten::slice,"[[51,32],[],[],[],[]]","[""int"",""Scalar"",""Scalar"",""Scalar"",""Scalar""]",1
aten::slice,"[[53,32],[],[],[],[]]","[""int"",""Scalar"",""Scalar"",""Scalar"",""Scalar""]",1
aten::slice,"[[55,32],[],[],[],[]]","[""int"",""Scalar"",""Scalar"",""Scalar"",""Scalar""]",1
aten::slice,"[[57,32],[],[],[],[]]","[""int"",""Scalar"",""Scalar"",""Scalar"",""Scalar""]",1
aten::slice,"[[59,32],[],[],[],[]]","[""int"",""Scalar"",""Scalar"",""Scalar"",""Scalar""]",1
aten::slice,"[[6,1],[],[],[],[]]","[""int"",""Scalar"",""Scalar"",""Scalar"",""Scalar""]",1
aten::slice,"[[61,32],[],[],[],[]]","[""int"",""Scalar"",""Scalar"",""Scalar"",""Scalar""]",1
aten::slice,"[[63,32],[],[],[],[]]","[""int"",""Scalar"",""Scalar"",""Scalar"",""Scalar""]",1
aten::slice,"[[64,2],[],[],[],[]]","[""long int"",""Scalar"",""Scalar"",""Scalar"",""Scalar""]",1
aten::slice,"[[7,32],[],[],[],[]]","[""int"",""Scalar"",""Scalar"",""Scalar"",""Scalar""]",1
aten::slice,"[[9,32],[],[],[],[]]","[""int"",""Scalar"",""Scalar"",""Scalar"",""Scalar""]",1
aten::squeeze,"[[10,1],[]]","[""long int"",""Scalar""]",1
aten::squeeze,"[[11,1],[]]","[""long int"",""Scalar""]",1
aten::squeeze,"[[12,1],[]]","[""long int"",""Scalar""]",1
aten::squeeze,"[[13,1],[]]","[""long int"",""Scalar""]",1
aten::squeeze,"[[14,1],[]]","[""long int"",""Scalar""]",1
aten::squeeze,"[[15,1],[]]","[""long int"",""Scalar""]",1
aten::squeeze,"[[16,1],[]]","[""long int"",""Scalar""]",1
aten::squeeze,"[[17,1],[]]","[""long int"",""Scalar""]",1
aten::squeeze,"[[18,1],[]]","[""long int"",""Scalar""]",1
aten::squeeze,"[[19,1],[]]","[""long int"",""Scalar""]",1
aten::squeeze,"[[2,1],[]]","[""long int"",""Scalar""]",1
aten::squeeze,"[[20,1],[]]","[""long int"",""Scalar""]",1
aten::squeeze,"[[21,1],[]]","[""long int"",""Scalar""]",1
aten::squeeze,"[[22,1],[]]","[""long int"",""Scalar""]",1
aten::squeeze,"[[23,1],[]]","[""long int"",""Scalar""]",1
aten::squeeze,"[[24,1],[]]","[""long int"",""Scalar""]",1
aten::squeeze,"[[25,1],[]]","[""long int"",""Scalar""]",1
aten::squeeze,"[[26,1],[]]","[""long int"",""Scalar""]",1
aten::squeeze,"[[27,1],[]]","[""long int"",""Scalar""]",1
aten::squeeze,"[[28,1],[]]","[""long int"",""Scalar""]",1
aten::squeeze,"[[29,1],[]]","[""long int"",""Scalar""]",1
aten::squeeze,"[[3,1],[]]","[""long int"",""Scalar""]",1
aten::squeeze,"[[30,1],[]]","[""long int"",""Scalar""]",1
aten::squeeze,"[[31,1],[]]","[""long int"",""Scalar""]",1
aten::squeeze,"[[32,1],[]]","[""long int"",""Scalar""]",1
aten::squeeze,"[[33,1],[]]","[""long int"",""Scalar""]",1
aten::squeeze,"[[34,1],[]]","[""long int"",""Scalar""]",1
aten::squeeze,"[[35,1],[]]","[""long int"",""Scalar""]",1
aten::squeeze,"[[36,1],[]]","[""long int"",""Scalar""]",1
aten::squeeze,"[[37,1],[]]","[""long int"",""Scalar""]",1
aten::squeeze,"[[38,1],[]]","[""long int"",""Scalar""]",1
aten::squeeze,"[[39,1],[]]","[""long int"",""Scalar""]",1
aten::squeeze,"[[4,1],[]]","[""long int"",""Scalar""]",1
aten::squeeze,"[[40,1],[]]","[""long int"",""Scalar""]",1
aten::squeeze,"[[41,1],[]]","[""long int"",""Scalar""]",1
aten::squeeze,"[[42,1],[]]","[""long int"",""Scalar""]",1
aten::squeeze,"[[43,1],[]]","[""long int"",""Scalar""]",1
aten::squeeze,"[[44,1],[]]","[""long int"",""Scalar""]",1
aten::squeeze,"[[45,1],[]]","[""long int"",""Scalar""]",1
aten::squeeze,"[[46,1],[]]","[""long int"",""Scalar""]",1
aten::squeeze,"[[47,1],[]]","[""long int"",""Scalar""]",1
aten::squeeze,"[[48,1],[]]","[""long int"",""Scalar""]",1
aten::squeeze,"[[49,1],[]]","[""long int"",""Scalar""]",1
aten::squeeze,"[[5,1],[]]","[""long int"",""Scalar""]",1
aten::squeeze,"[[50,1],[]]","[""long int"",""Scalar""]",1
aten::squeeze,"[[51,1],[]]","[""long int"",""Scalar""]",1
aten::squeeze,"[[52,1],[]]","[""long int"",""Scalar""]",1
aten::squeeze,"[[53,1],[]]","[""long int"",""Scalar""]",1
aten::squeeze,"[[54,1],[]]","[""long int"",""Scalar""]",1
aten::squeeze,"[[55,1],[]]","[""long int"",""Scalar""]",1
aten::squeeze,"[[56,1],[]]","[""long int"",""Scalar""]",1
aten::squeeze,"[[57,1],[]]","[""long int"",""Scalar""]",1
aten::squeeze,"[[58,1],[]]","[""long int"",""Scalar""]",1
aten::squeeze,"[[59,1],[]]","[""long int"",""Scalar""]",1
aten::squeeze,"[[6,1],[]]","[""long int"",""Scalar""]",1
aten::squeeze,"[[60,1],[]]","[""long int"",""Scalar""]",1
aten::squeeze,"[[61,1],[]]","[""long int"",""Scalar""]",1
aten::squeeze,"[[62,1],[]]","[""long int"",""Scalar""]",1
aten::squeeze,"[[7,1],[]]","[""long int"",""Scalar""]",1
aten::squeeze,"[[8,1],[]]","[""long int"",""Scalar""]",1
aten::squeeze,"[[9,1],[]]","[""long int"",""Scalar""]",1
aten::stack,"[[[64],[64]],[]]","[""TensorList"",""Scalar""]",1
aten::sub,"[[10],[],[]]","[""int"",""long int"",""Scalar""]",1
aten::sub,"[[11],[],[]]","[""int"",""long int"",""Scalar""]",1
aten::sub,"[[12],[],[]]","[""int"",""long int"",""Scalar""]",1
aten::sub,"[[13],[],[]]","[""int"",""long int"",""Scalar""]",1
aten::sub,"[[14],[],[]]","[""int"",""long int"",""Scalar""]",1
aten::sub,"[[15],[],[]]","[""int"",""long int"",""Scalar""]",1
aten::sub,"[[16],[],[]]","[""int"",""long int"",""Scalar""]",1
aten::sub,"[[17],[],[]]","[""int"",""long int"",""Scalar""]",1
aten::sub,"[[18],[],[]]","[""int"",""long int"",""Scalar""]",1
aten::sub,"[[19],[],[]]","[""int"",""long int"",""Scalar""]",1
aten::sub,"[[20],[],[]]","[""int"",""long int"",""Scalar""]",1
aten::sub,"[[21],[],[]]","[""int"",""long int"",""Scalar""]",1
aten::sub,"[[22],[],[]]","[""int"",""long int"",""Scalar""]",1
aten::sub,"[[23],[],[]]","[""int"",""long int"",""Scalar""]",1
aten::sub,"[[24],[],[]]","[""int"",""long int"",""Scalar""]",1
aten::sub,"[[25],[],[]]","[""int"",""long int"",""Scalar""]",1
aten::sub,"[[26],[],[]]","[""int"",""long int"",""Scalar""]",1
aten::sub,"[[27],[],[]]","[""int"",""long int"",""Scalar""]",1
aten::sub,"[[28],[],[]]","[""int"",""long int"",""Scalar""]",1
aten::sub,"[[29],[],[]]","[""int"",""long int"",""Scalar""]",1
aten::sub,"[[30],[],[]]","[""int"",""long int"",""Scalar""]",1
aten::sub,"[[31],[],[]]","[""int"",""long int"",""Scalar""]",1
aten::sub,"[[32],[],[]]","[""int"",""long int"",""Scalar""]",1
aten::sub,"[[33],[],[]]","[""int"",""long int"",""Scalar""]",1
aten::sub,"[[34],[],[]]","[""int"",""long int"",""Scalar""]",1
aten::sub,"[[35],[],[]]","[""int"",""long int"",""Scalar""]",1
aten::sub,"[[36],[],[]]","[""int"",""long int"",""Scalar""]",1
aten::sub,"[[37],[],[]]","[""int"",""long int"",""Scalar""]",1
aten::sub,"[[38],[],[]]","[""int"",""long int"",""Scalar""]",1
aten::sub,"[[39],[],[]]","[""int"",""long int"",""Scalar""]",1
aten::sub,"[[40],[],[]]","[""int"",""long int"",""Scalar""]",1
aten::sub,"[[41],[],[]]","[""int"",""long int"",""Scalar""]",1
aten::sub,"[[42],[],[]]","[""int"",""long int"",""Scalar""]",1
aten::sub,"[[43],[],[]]","[""int"",""long int"",""Scalar""]",1
aten::sub,"[[44],[],[]]","[""int"",""long int"",""Scalar""]",1
aten::sub,"[[45],[],[]]","[""int"",""long int"",""Scalar""]",1
aten::sub,"[[46],[],[]]","[""int"",""long int"",""Scalar""]",1
aten::sub,"[[47],[],[]]","[""int"",""long int"",""Scalar""]",1
aten::sub,"[[48],[],[]]","[""int"",""long int"",""Scalar""]",1
aten::sub,"[[49],[],[]]","[""int"",""long int"",""Scalar""]",1
aten::sub,"[[50],[],[]]","[""int"",""long int"",""Scalar""]",1
aten::sub,"[[51],[],[]]","[""int"",""long int"",""Scalar""]",1
aten::sub,"[[52],[],[]]","[""int"",""long int"",""Scalar""]",1
aten::sub,"[[53],[],[]]","[""int"",""long int"",""Scalar""]",1
aten::sub,"[[54],[],[]]","[""int"",""long int"",""Scalar""]",1
aten::sub,"[[55],[],[]]","[""int"",""long int"",""Scalar""]",1
aten::sub,"[[56],[],[]]","[""int"",""long int"",""Scalar""]",1
aten::sub,"[[57],[],[]]","[""int"",""long int"",""Scalar""]",1
aten::sub,"[[58],[],[]]","[""int"",""long int"",""Scalar""]",1
aten::sub,"[[59],[],[]]","[""int"",""long int"",""Scalar""]",1
aten::sub,"[[5],[],[]]","[""int"",""long int"",""Scalar""]",1
aten::sub,"[[60],[],[]]","[""int"",""long int"",""Scalar""]",1
aten::sub,"[[61],[],[]]","[""int"",""long int"",""Scalar""]",1
aten::sub,"[[62],[],[]]","[""int"",""long int"",""Scalar""]",1
aten::sub,"[[64],[],[]]","[""long int"",""long int"",""Scalar""]",1
aten::sub,"[[6],[],[]]","[""int"",""long int"",""Scalar""]",1
aten::sub,"[[7],[],[]]","[""int"",""long int"",""Scalar""]",1
aten::sub,"[[8],[],[]]","[""int"",""long int"",""Scalar""]",1
aten::sub,"[[9],[],[]]","[""int"",""long int"",""Scalar""]",1
aten::to,"[[10,1],[],[],[],[],[],[],[]]","[""int"",""Scalar"",""Scalar"","""","""",""Scalar"",""Scalar"",""""]",1
aten::to,"[[10,248320],[],[],[],[]]","[""c10::BFloat16"",""Scalar"",""Scalar"",""Scalar"",""""]",1
aten::to,"[[10],[],[],[],[],[],[],[]]","[""int"",""Scalar"",""Scalar"","""","""",""Scalar"",""Scalar"",""""]",1
aten::to,"[[11,1],[],[],[],[],[],[],[]]","[""int"",""Scalar"",""Scalar"","""","""",""Scalar"",""Scalar"",""""]",1
aten::to,"[[11,248320],[],[],[],[]]","[""c10::BFloat16"",""Scalar"",""Scalar"",""Scalar"",""""]",1
aten::to,"[[12,1],[],[],[],[],[],[],[]]","[""int"",""Scalar"",""Scalar"","""","""",""Scalar"",""Scalar"",""""]",1
aten::to,"[[12,248320],[],[],[],[]]","[""c10::BFloat16"",""Scalar"",""Scalar"",""Scalar"",""""]",1
aten::to,"[[12],[],[],[],[],[],[],[]]","[""int"",""Scalar"",""Scalar"","""","""",""Scalar"",""Scalar"",""""]",1
aten::to,"[[13,1],[],[],[],[],[],[],[]]","[""int"",""Scalar"",""Scalar"","""","""",""Scalar"",""Scalar"",""""]",1
aten::to,"[[13,248320],[],[],[],[]]","[""c10::BFloat16"",""Scalar"",""Scalar"",""Scalar"",""""]",1
aten::to,"[[14,1],[],[],[],[],[],[],[]]","[""int"",""Scalar"",""Scalar"","""","""",""Scalar"",""Scalar"",""""]",1
aten::to,"[[14,248320],[],[],[],[]]","[""c10::BFloat16"",""Scalar"",""Scalar"",""Scalar"",""""]",1
aten::to,"[[14],[],[],[],[],[],[],[]]","[""int"",""Scalar"",""Scalar"","""","""",""Scalar"",""Scalar"",""""]",1
aten::to,"[[15,1],[],[],[],[],[],[],[]]","[""int"",""Scalar"",""Scalar"","""","""",""Scalar"",""Scalar"",""""]",1
aten::to,"[[15,248320],[],[],[],[]]","[""c10::BFloat16"",""Scalar"",""Scalar"",""Scalar"",""""]",1
aten::to,"[[16,1],[],[],[],[],[],[],[]]","[""int"",""Scalar"",""Scalar"","""","""",""Scalar"",""Scalar"",""""]",1
aten::to,"[[16,248320],[],[],[],[]]","[""c10::BFloat16"",""Scalar"",""Scalar"",""Scalar"",""""]",1
aten::to,"[[16],[],[],[],[],[],[],[]]","[""int"",""Scalar"",""Scalar"","""","""",""Scalar"",""Scalar"",""""]",1
aten::to,"[[17,1],[],[],[],[],[],[],[]]","[""int"",""Scalar"",""Scalar"","""","""",""Scalar"",""Scalar"",""""]",1
aten::to,"[[17,248320],[],[],[],[]]","[""c10::BFloat16"",""Scalar"",""Scalar"",""Scalar"",""""]",1
aten::to,"[[18,1],[],[],[],[],[],[],[]]","[""int"",""Scalar"",""Scalar"","""","""",""Scalar"",""Scalar"",""""]",1
aten::to,"[[18,248320],[],[],[],[]]","[""c10::BFloat16"",""Scalar"",""Scalar"",""Scalar"",""""]",1
aten::to,"[[18],[],[],[],[],[],[],[]]","[""int"",""Scalar"",""Scalar"","""","""",""Scalar"",""Scalar"",""""]",1
aten::to,"[[19,1],[],[],[],[],[],[],[]]","[""int"",""Scalar"",""Scalar"","""","""",""Scalar"",""Scalar"",""""]",1
aten::to,"[[19,248320],[],[],[],[]]","[""c10::BFloat16"",""Scalar"",""Scalar"",""Scalar"",""""]",1
aten::to,"[[2,1],[],[],[],[],[],[],[]]","[""int"",""Scalar"",""Scalar"","""","""",""Scalar"",""Scalar"",""""]",1
aten::to,"[[2,248320],[],[],[],[]]","[""c10::BFloat16"",""Scalar"",""Scalar"",""Scalar"",""""]",1
aten::to,"[[20,1],[],[],[],[],[],[],[]]","[""int"",""Scalar"",""Scalar"","""","""",""Scalar"",""Scalar"",""""]",1
aten::to,"[[20,248320],[],[],[],[]]","[""c10::BFloat16"",""Scalar"",""Scalar"",""Scalar"",""""]",1
aten::to,"[[20],[],[],[],[],[],[],[]]","[""int"",""Scalar"",""Scalar"","""","""",""Scalar"",""Scalar"",""""]",1
aten::to,"[[21,1],[],[],[],[],[],[],[]]","[""int"",""Scalar"",""Scalar"","""","""",""Scalar"",""Scalar"",""""]",1
aten::to,"[[21,248320],[],[],[],[]]","[""c10::BFloat16"",""Scalar"",""Scalar"",""Scalar"",""""]",1
aten::to,"[[22,1],[],[],[],[],[],[],[]]","[""int"",""Scalar"",""Scalar"","""","""",""Scalar"",""Scalar"",""""]",1
aten::to,"[[22,248320],[],[],[],[]]","[""c10::BFloat16"",""Scalar"",""Scalar"",""Scalar"",""""]",1
aten::to,"[[22],[],[],[],[],[],[],[]]","[""int"",""Scalar"",""Scalar"","""","""",""Scalar"",""Scalar"",""""]",1
aten::to,"[[23,1],[],[],[],[],[],[],[]]","[""int"",""Scalar"",""Scalar"","""","""",""Scalar"",""Scalar"",""""]",1
aten::to,"[[23,248320],[],[],[],[]]","[""c10::BFloat16"",""Scalar"",""Scalar"",""Scalar"",""""]",1
aten::to,"[[24,1],[],[],[],[],[],[],[]]","[""int"",""Scalar"",""Scalar"","""","""",""Scalar"",""Scalar"",""""]",1
aten::to,"[[24,248320],[],[],[],[]]","[""c10::BFloat16"",""Scalar"",""Scalar"",""Scalar"",""""]",1
aten::to,"[[24],[],[],[],[],[],[],[]]","[""int"",""Scalar"",""Scalar"","""","""",""Scalar"",""Scalar"",""""]",1
aten::to,"[[25,1],[],[],[],[],[],[],[]]","[""int"",""Scalar"",""Scalar"","""","""",""Scalar"",""Scalar"",""""]",1
aten::to,"[[25,248320],[],[],[],[]]","[""c10::BFloat16"",""Scalar"",""Scalar"",""Scalar"",""""]",1
aten::to,"[[26,1],[],[],[],[],[],[],[]]","[""int"",""Scalar"",""Scalar"","""","""",""Scalar"",""Scalar"",""""]",1
aten::to,"[[26,248320],[],[],[],[]]","[""c10::BFloat16"",""Scalar"",""Scalar"",""Scalar"",""""]",1
aten::to,"[[26],[],[],[],[],[],[],[]]","[""int"",""Scalar"",""Scalar"","""","""",""Scalar"",""Scalar"",""""]",1
aten::to,"[[27,1],[],[],[],[],[],[],[]]","[""int"",""Scalar"",""Scalar"","""","""",""Scalar"",""Scalar"",""""]",1
aten::to,"[[27,248320],[],[],[],[]]","[""c10::BFloat16"",""Scalar"",""Scalar"",""Scalar"",""""]",1
aten::to,"[[28,1],[],[],[],[],[],[],[]]","[""int"",""Scalar"",""Scalar"","""","""",""Scalar"",""Scalar"",""""]",1
aten::to,"[[28,248320],[],[],[],[]]","[""c10::BFloat16"",""Scalar"",""Scalar"",""Scalar"",""""]",1
aten::to,"[[28],[],[],[],[],[],[],[]]","[""int"",""Scalar"",""Scalar"","""","""",""Scalar"",""Scalar"",""""]",1
aten::to,"[[29,1],[],[],[],[],[],[],[]]","[""int"",""Scalar"",""Scalar"","""","""",""Scalar"",""Scalar"",""""]",1
aten::to,"[[29,248320],[],[],[],[]]","[""c10::BFloat16"",""Scalar"",""Scalar"",""Scalar"",""""]",1
aten::to,"[[2],[],[],[],[],[],[],[]]","[""int"",""Scalar"",""Scalar"","""","""",""Scalar"",""Scalar"",""""]",1
aten::to,"[[3,1],[],[],[],[],[],[],[]]","[""int"",""Scalar"",""Scalar"","""","""",""Scalar"",""Scalar"",""""]",1
aten::to,"[[3,248320],[],[],[],[]]","[""c10::BFloat16"",""Scalar"",""Scalar"",""Scalar"",""""]",1
aten::to,"[[30,1],[],[],[],[],[],[],[]]","[""int"",""Scalar"",""Scalar"","""","""",""Scalar"",""Scalar"",""""]",1
aten::to,"[[30,248320],[],[],[],[]]","[""c10::BFloat16"",""Scalar"",""Scalar"",""Scalar"",""""]",1
aten::to,"[[30],[],[],[],[],[],[],[]]","[""int"",""Scalar"",""Scalar"","""","""",""Scalar"",""Scalar"",""""]",1
aten::to,"[[31,1],[],[],[],[],[],[],[]]","[""int"",""Scalar"",""Scalar"","""","""",""Scalar"",""Scalar"",""""]",1
aten::to,"[[31,248320],[],[],[],[]]","[""c10::BFloat16"",""Scalar"",""Scalar"",""Scalar"",""""]",1
aten::to,"[[32,1],[],[],[],[],[],[],[]]","[""int"",""Scalar"",""Scalar"","""","""",""Scalar"",""Scalar"",""""]",1
aten::to,"[[32,248320],[],[],[],[]]","[""c10::BFloat16"",""Scalar"",""Scalar"",""Scalar"",""""]",1
aten::to,"[[32],[],[],[],[],[],[],[]]","[""int"",""Scalar"",""Scalar"","""","""",""Scalar"",""Scalar"",""""]",1
aten::to,"[[33,1],[],[],[],[],[],[],[]]","[""int"",""Scalar"",""Scalar"","""","""",""Scalar"",""Scalar"",""""]",1
aten::to,"[[33,248320],[],[],[],[]]","[""c10::BFloat16"",""Scalar"",""Scalar"",""Scalar"",""""]",1
aten::to,"[[34,1],[],[],[],[],[],[],[]]","[""int"",""Scalar"",""Scalar"","""","""",""Scalar"",""Scalar"",""""]",1
aten::to,"[[34,248320],[],[],[],[]]","[""c10::BFloat16"",""Scalar"",""Scalar"",""Scalar"",""""]",1
aten::to,"[[34],[],[],[],[],[],[],[]]","[""int"",""Scalar"",""Scalar"","""","""",""Scalar"",""Scalar"",""""]",1
aten::to,"[[35,1],[],[],[],[],[],[],[]]","[""int"",""Scalar"",""Scalar"","""","""",""Scalar"",""Scalar"",""""]",1
aten::to,"[[35,248320],[],[],[],[]]","[""c10::BFloat16"",""Scalar"",""Scalar"",""Scalar"",""""]",1
aten::to,"[[36,1],[],[],[],[],[],[],[]]","[""int"",""Scalar"",""Scalar"","""","""",""Scalar"",""Scalar"",""""]",1
aten::to,"[[36,248320],[],[],[],[]]","[""c10::BFloat16"",""Scalar"",""Scalar"",""Scalar"",""""]",1
aten::to,"[[36],[],[],[],[],[],[],[]]","[""int"",""Scalar"",""Scalar"","""","""",""Scalar"",""Scalar"",""""]",1
aten::to,"[[37,1],[],[],[],[],[],[],[]]","[""int"",""Scalar"",""Scalar"","""","""",""Scalar"",""Scalar"",""""]",1
aten::to,"[[37,248320],[],[],[],[]]","[""c10::BFloat16"",""Scalar"",""Scalar"",""Scalar"",""""]",1
aten::to,"[[38,1],[],[],[],[],[],[],[]]","[""int"",""Scalar"",""Scalar"","""","""",""Scalar"",""Scalar"",""""]",1
aten::to,"[[38,248320],[],[],[],[]]","[""c10::BFloat16"",""Scalar"",""Scalar"",""Scalar"",""""]",1
aten::to,"[[38],[],[],[],[],[],[],[]]","[""int"",""Scalar"",""Scalar"","""","""",""Scalar"",""Scalar"",""""]",1
aten::to,"[[39,1],[],[],[],[],[],[],[]]","[""int"",""Scalar"",""Scalar"","""","""",""Scalar"",""Scalar"",""""]",1
aten::to,"[[39,248320],[],[],[],[]]","[""c10::BFloat16"",""Scalar"",""Scalar"",""Scalar"",""""]",1
aten::to,"[[4,1],[],[],[],[],[],[],[]]","[""int"",""Scalar"",""Scalar"","""","""",""Scalar"",""Scalar"",""""]",1
aten::to,"[[4,248320],[],[],[],[]]","[""c10::BFloat16"",""Scalar"",""Scalar"",""Scalar"",""""]",1
aten::to,"[[40,1],[],[],[],[],[],[],[]]","[""int"",""Scalar"",""Scalar"","""","""",""Scalar"",""Scalar"",""""]",1
aten::to,"[[40,248320],[],[],[],[]]","[""c10::BFloat16"",""Scalar"",""Scalar"",""Scalar"",""""]",1
aten::to,"[[4096],[],[],[],[]]","[""int"",""Scalar"",""Scalar"",""Scalar"",""""]",1
aten::to,"[[4096],[],[],[],[]]","[""long int"",""Scalar"",""Scalar"",""Scalar"",""""]",1
aten::to,"[[40],[],[],[],[],[],[],[]]","[""int"",""Scalar"",""Scalar"","""","""",""Scalar"",""Scalar"",""""]",1
aten::to,"[[41,1],[],[],[],[],[],[],[]]","[""int"",""Scalar"",""Scalar"","""","""",""Scalar"",""Scalar"",""""]",1
aten::to,"[[41,248320],[],[],[],[]]","[""c10::BFloat16"",""Scalar"",""Scalar"",""Scalar"",""""]",1
aten::to,"[[42,1],[],[],[],[],[],[],[]]","[""int"",""Scalar"",""Scalar"","""","""",""Scalar"",""Scalar"",""""]",1
aten::to,"[[42,248320],[],[],[],[]]","[""c10::BFloat16"",""Scalar"",""Scalar"",""Scalar"",""""]",1
aten::to,"[[42],[],[],[],[],[],[],[]]","[""int"",""Scalar"",""Scalar"","""","""",""Scalar"",""Scalar"",""""]",1
aten::to,"[[43,1],[],[],[],[],[],[],[]]","[""int"",""Scalar"",""Scalar"","""","""",""Scalar"",""Scalar"",""""]",1
aten::to,"[[43,248320],[],[],[],[]]","[""c10::BFloat16"",""Scalar"",""Scalar"",""Scalar"",""""]",1
aten::to,"[[44,1],[],[],[],[],[],[],[]]","[""int"",""Scalar"",""Scalar"","""","""",""Scalar"",""Scalar"",""""]",1
aten::to,"[[44,248320],[],[],[],[]]","[""c10::BFloat16"",""Scalar"",""Scalar"",""Scalar"",""""]",1
aten::to,"[[44],[],[],[],[],[],[],[]]","[""int"",""Scalar"",""Scalar"","""","""",""Scalar"",""Scalar"",""""]",1
aten::to,"[[45,1],[],[],[],[],[],[],[]]","[""int"",""Scalar"",""Scalar"","""","""",""Scalar"",""Scalar"",""""]",1
aten::to,"[[45,248320],[],[],[],[]]","[""c10::BFloat16"",""Scalar"",""Scalar"",""Scalar"",""""]",1
aten::to,"[[46,1],[],[],[],[],[],[],[]]","[""int"",""Scalar"",""Scalar"","""","""",""Scalar"",""Scalar"",""""]",1
aten::to,"[[46,248320],[],[],[],[]]","[""c10::BFloat16"",""Scalar"",""Scalar"",""Scalar"",""""]",1
aten::to,"[[46],[],[],[],[],[],[],[]]","[""int"",""Scalar"",""Scalar"","""","""",""Scalar"",""Scalar"",""""]",1
aten::to,"[[47,1],[],[],[],[],[],[],[]]","[""int"",""Scalar"",""Scalar"","""","""",""Scalar"",""Scalar"",""""]",1
aten::to,"[[47,248320],[],[],[],[]]","[""c10::BFloat16"",""Scalar"",""Scalar"",""Scalar"",""""]",1
aten::to,"[[48,1],[],[],[],[],[],[],[]]","[""int"",""Scalar"",""Scalar"","""","""",""Scalar"",""Scalar"",""""]",1
aten::to,"[[48,248320],[],[],[],[]]","[""c10::BFloat16"",""Scalar"",""Scalar"",""Scalar"",""""]",1
aten::to,"[[48],[],[],[],[],[],[],[]]","[""int"",""Scalar"",""Scalar"","""","""",""Scalar"",""Scalar"",""""]",1
aten::to,"[[49,1],[],[],[],[],[],[],[]]","[""int"",""Scalar"",""Scalar"","""","""",""Scalar"",""Scalar"",""""]",1
aten::to,"[[49,248320],[],[],[],[]]","[""c10::BFloat16"",""Scalar"",""Scalar"",""Scalar"",""""]",1
aten::to,"[[4],[],[],[],[],[],[],[]]","[""int"",""Scalar"",""Scalar"","""","""",""Scalar"",""Scalar"",""""]",1
aten::to,"[[5,1],[],[],[],[],[],[],[]]","[""int"",""Scalar"",""Scalar"","""","""",""Scalar"",""Scalar"",""""]",1
aten::to,"[[5,248320],[],[],[],[]]","[""c10::BFloat16"",""Scalar"",""Scalar"",""Scalar"",""""]",1
aten::to,"[[50,1],[],[],[],[],[],[],[]]","[""int"",""Scalar"",""Scalar"","""","""",""Scalar"",""Scalar"",""""]",1
aten::to,"[[50,248320],[],[],[],[]]","[""c10::BFloat16"",""Scalar"",""Scalar"",""Scalar"",""""]",1
aten::to,"[[5089],[],[],[],[]]","[""int"",""Scalar"",""Scalar"",""Scalar"",""""]",1
aten::to,"[[5089],[],[],[],[]]","[""long int"",""Scalar"",""Scalar"",""Scalar"",""""]",1
aten::to,"[[50],[],[],[],[],[],[],[]]","[""int"",""Scalar"",""Scalar"","""","""",""Scalar"",""Scalar"",""""]",1
aten::to,"[[51,1],[],[],[],[],[],[],[]]","[""int"",""Scalar"",""Scalar"","""","""",""Scalar"",""Scalar"",""""]",1
aten::to,"[[51,248320],[],[],[],[]]","[""c10::BFloat16"",""Scalar"",""Scalar"",""Scalar"",""""]",1
aten::to,"[[52,1],[],[],[],[],[],[],[]]","[""int"",""Scalar"",""Scalar"","""","""",""Scalar"",""Scalar"",""""]",1
aten::to,"[[52,248320],[],[],[],[]]","[""c10::BFloat16"",""Scalar"",""Scalar"",""Scalar"",""""]",1
aten::to,"[[52],[],[],[],[],[],[],[]]","[""int"",""Scalar"",""Scalar"","""","""",""Scalar"",""Scalar"",""""]",1
aten::to,"[[53,1],[],[],[],[],[],[],[]]","[""int"",""Scalar"",""Scalar"","""","""",""Scalar"",""Scalar"",""""]",1
aten::to,"[[53,248320],[],[],[],[]]","[""c10::BFloat16"",""Scalar"",""Scalar"",""Scalar"",""""]",1
aten::to,"[[54,1],[],[],[],[],[],[],[]]","[""int"",""Scalar"",""Scalar"","""","""",""Scalar"",""Scalar"",""""]",1
aten::to,"[[54,248320],[],[],[],[]]","[""c10::BFloat16"",""Scalar"",""Scalar"",""Scalar"",""""]",1
aten::to,"[[54],[],[],[],[],[],[],[]]","[""int"",""Scalar"",""Scalar"","""","""",""Scalar"",""Scalar"",""""]",1
aten::to,"[[55,1],[],[],[],[],[],[],[]]","[""int"",""Scalar"",""Scalar"","""","""",""Scalar"",""Scalar"",""""]",1
aten::to,"[[55,248320],[],[],[],[]]","[""c10::BFloat16"",""Scalar"",""Scalar"",""Scalar"",""""]",1
aten::to,"[[56,1],[],[],[],[],[],[],[]]","[""int"",""Scalar"",""Scalar"","""","""",""Scalar"",""Scalar"",""""]",1
aten::to,"[[56,248320],[],[],[],[]]","[""c10::BFloat16"",""Scalar"",""Scalar"",""Scalar"",""""]",1
aten::to,"[[56],[],[],[],[],[],[],[]]","[""int"",""Scalar"",""Scalar"","""","""",""Scalar"",""Scalar"",""""]",1
aten::to,"[[57,1],[],[],[],[],[],[],[]]","[""int"",""Scalar"",""Scalar"","""","""",""Scalar"",""Scalar"",""""]",1
aten::to,"[[57,248320],[],[],[],[]]","[""c10::BFloat16"",""Scalar"",""Scalar"",""Scalar"",""""]",1
aten::to,"[[58,1],[],[],[],[],[],[],[]]","[""int"",""Scalar"",""Scalar"","""","""",""Scalar"",""Scalar"",""""]",1
aten::to,"[[58,248320],[],[],[],[]]","[""c10::BFloat16"",""Scalar"",""Scalar"",""Scalar"",""""]",1
aten::to,"[[58],[],[],[],[],[],[],[]]","[""int"",""Scalar"",""Scalar"","""","""",""Scalar"",""Scalar"",""""]",1
aten::to,"[[59,1],[],[],[],[],[],[],[]]","[""int"",""Scalar"",""Scalar"","""","""",""Scalar"",""Scalar"",""""]",1
aten::to,"[[59,248320],[],[],[],[]]","[""c10::BFloat16"",""Scalar"",""Scalar"",""Scalar"",""""]",1
aten::to,"[[6,1],[],[],[],[],[],[],[]]","[""int"",""Scalar"",""Scalar"","""","""",""Scalar"",""Scalar"",""""]",1
aten::to,"[[6,248320],[],[],[],[]]","[""c10::BFloat16"",""Scalar"",""Scalar"",""Scalar"",""""]",1
aten::to,"[[60,1],[],[],[],[],[],[],[]]","[""int"",""Scalar"",""Scalar"","""","""",""Scalar"",""Scalar"",""""]",1
aten::to,"[[60,248320],[],[],[],[]]","[""c10::BFloat16"",""Scalar"",""Scalar"",""Scalar"",""""]",1
aten::to,"[[60],[],[],[],[],[],[],[]]","[""int"",""Scalar"",""Scalar"","""","""",""Scalar"",""Scalar"",""""]",1
aten::to,"[[61,1],[],[],[],[],[],[],[]]","[""int"",""Scalar"",""Scalar"","""","""",""Scalar"",""Scalar"",""""]",1
aten::to,"[[61,248320],[],[],[],[]]","[""c10::BFloat16"",""Scalar"",""Scalar"",""Scalar"",""""]",1
aten::to,"[[62,1],[],[],[],[],[],[],[]]","[""int"",""Scalar"",""Scalar"","""","""",""Scalar"",""Scalar"",""""]",1
aten::to,"[[62,248320],[],[],[],[]]","[""c10::BFloat16"",""Scalar"",""Scalar"",""Scalar"",""""]",1
aten::to,"[[62],[],[],[],[],[],[],[]]","[""int"",""Scalar"",""Scalar"","""","""",""Scalar"",""Scalar"",""""]",1
aten::to,"[[64,2],[],[],[],[],[]]","[""long int"","""",""Scalar"",""Scalar"",""Scalar"",""""]",1
aten::to,"[[6],[],[],[],[],[],[],[]]","[""int"",""Scalar"",""Scalar"","""","""",""Scalar"",""Scalar"",""""]",1
aten::to,"[[7,1],[],[],[],[],[],[],[]]","[""int"",""Scalar"",""Scalar"","""","""",""Scalar"",""Scalar"",""""]",1
aten::to,"[[7,248320],[],[],[],[]]","[""c10::BFloat16"",""Scalar"",""Scalar"",""Scalar"",""""]",1
aten::to,"[[8,1],[],[],[],[],[],[],[]]","[""int"",""Scalar"",""Scalar"","""","""",""Scalar"",""Scalar"",""""]",1
aten::to,"[[8,248320],[],[],[],[]]","[""c10::BFloat16"",""Scalar"",""Scalar"",""Scalar"",""""]",1
aten::to,"[[8],[],[],[],[],[],[],[]]","[""int"",""Scalar"",""Scalar"","""","""",""Scalar"",""Scalar"",""""]",1
aten::to,"[[9,1],[],[],[],[],[],[],[]]","[""int"",""Scalar"",""Scalar"","""","""",""Scalar"",""Scalar"",""""]",1
aten::to,"[[9,248320],[],[],[],[]]","[""c10::BFloat16"",""Scalar"",""Scalar"",""Scalar"",""""]",1
aten::unsqueeze,"[[10],[]]","[""bool"",""Scalar""]",1
aten::unsqueeze,"[[10],[]]","[""int"",""Scalar""]",1
aten::unsqueeze,"[[11],[]]","[""int"",""Scalar""]",1
aten::unsqueeze,"[[12],[]]","[""bool"",""Scalar""]",1
aten::unsqueeze,"[[12],[]]","[""int"",""Scalar""]",1
aten::unsqueeze,"[[13],[]]","[""int"",""Scalar""]",1
aten::unsqueeze,"[[14],[]]","[""bool"",""Scalar""]",1
aten::unsqueeze,"[[14],[]]","[""int"",""Scalar""]",1
aten::unsqueeze,"[[15],[]]","[""int"",""Scalar""]",1
aten::unsqueeze,"[[16],[]]","[""bool"",""Scalar""]",1
aten::unsqueeze,"[[16],[]]","[""int"",""Scalar""]",1
aten::unsqueeze,"[[17],[]]","[""int"",""Scalar""]",1
aten::unsqueeze,"[[18],[]]","[""bool"",""Scalar""]",1
aten::unsqueeze,"[[18],[]]","[""int"",""Scalar""]",1
aten::unsqueeze,"[[19],[]]","[""int"",""Scalar""]",1
aten::unsqueeze,"[[20],[]]","[""bool"",""Scalar""]",1
aten::unsqueeze,"[[20],[]]","[""int"",""Scalar""]",1
aten::unsqueeze,"[[21],[]]","[""int"",""Scalar""]",1
aten::unsqueeze,"[[22],[]]","[""bool"",""Scalar""]",1
aten::unsqueeze,"[[22],[]]","[""int"",""Scalar""]",1
aten::unsqueeze,"[[23],[]]","[""int"",""Scalar""]",1
aten::unsqueeze,"[[24],[]]","[""bool"",""Scalar""]",1
aten::unsqueeze,"[[24],[]]","[""int"",""Scalar""]",1
aten::unsqueeze,"[[25],[]]","[""int"",""Scalar""]",1
aten::unsqueeze,"[[26],[]]","[""bool"",""Scalar""]",1
aten::unsqueeze,"[[26],[]]","[""int"",""Scalar""]",1
aten::unsqueeze,"[[27],[]]","[""int"",""Scalar""]",1
aten::unsqueeze,"[[28],[]]","[""bool"",""Scalar""]",1
aten::unsqueeze,"[[28],[]]","[""int"",""Scalar""]",1
aten::unsqueeze,"[[29],[]]","[""int"",""Scalar""]",1
aten::unsqueeze,"[[2],[]]","[""int"",""Scalar""]",1
aten::unsqueeze,"[[30],[]]","[""bool"",""Scalar""]",1
aten::unsqueeze,"[[30],[]]","[""int"",""Scalar""]",1
aten::unsqueeze,"[[31],[]]","[""int"",""Scalar""]",1
aten::unsqueeze,"[[32],[]]","[""bool"",""Scalar""]",1
aten::unsqueeze,"[[32],[]]","[""int"",""Scalar""]",1
aten::unsqueeze,"[[33],[]]","[""int"",""Scalar""]",1
aten::unsqueeze,"[[34],[]]","[""bool"",""Scalar""]",1
aten::unsqueeze,"[[34],[]]","[""int"",""Scalar""]",1
aten::unsqueeze,"[[35],[]]","[""int"",""Scalar""]",1
aten::unsqueeze,"[[36],[]]","[""bool"",""Scalar""]",1
aten::unsqueeze,"[[36],[]]","[""int"",""Scalar""]",1
aten::unsqueeze,"[[37],[]]","[""int"",""Scalar""]",1
aten::unsqueeze,"[[38],[]]","[""bool"",""Scalar""]",1
aten::unsqueeze,"[[38],[]]","[""int"",""Scalar""]",1
aten::unsqueeze,"[[39],[]]","[""int"",""Scalar""]",1
aten::unsqueeze,"[[3],[]]","[""int"",""Scalar""]",1
aten::unsqueeze,"[[4096],[]]","[""bool"",""Scalar""]",1
aten::unsqueeze,"[[40],[]]","[""bool"",""Scalar""]",1
aten::unsqueeze,"[[40],[]]","[""int"",""Scalar""]",1
aten::unsqueeze,"[[41],[]]","[""int"",""Scalar""]",1
aten::unsqueeze,"[[42],[]]","[""bool"",""Scalar""]",1
aten::unsqueeze,"[[42],[]]","[""int"",""Scalar""]",1
aten::unsqueeze,"[[43],[]]","[""int"",""Scalar""]",1
aten::unsqueeze,"[[44],[]]","[""bool"",""Scalar""]",1
aten::unsqueeze,"[[44],[]]","[""int"",""Scalar""]",1
aten::unsqueeze,"[[45],[]]","[""int"",""Scalar""]",1
aten::unsqueeze,"[[46],[]]","[""bool"",""Scalar""]",1
aten::unsqueeze,"[[46],[]]","[""int"",""Scalar""]",1
aten::unsqueeze,"[[47],[]]","[""int"",""Scalar""]",1
aten::unsqueeze,"[[48],[]]","[""bool"",""Scalar""]",1
aten::unsqueeze,"[[48],[]]","[""int"",""Scalar""]",1
aten::unsqueeze,"[[49],[]]","[""int"",""Scalar""]",1
aten::unsqueeze,"[[4],[]]","[""bool"",""Scalar""]",1
aten::unsqueeze,"[[4],[]]","[""int"",""Scalar""]",1
aten::unsqueeze,"[[5089],[]]","[""bool"",""Scalar""]",1
aten::unsqueeze,"[[50],[]]","[""bool"",""Scalar""]",1
aten::unsqueeze,"[[50],[]]","[""int"",""Scalar""]",1
aten::unsqueeze,"[[51],[]]","[""int"",""Scalar""]",1
aten::unsqueeze,"[[52],[]]","[""bool"",""Scalar""]",1
aten::unsqueeze,"[[52],[]]","[""int"",""Scalar""]",1
aten::unsqueeze,"[[53],[]]","[""int"",""Scalar""]",1
aten::unsqueeze,"[[54],[]]","[""bool"",""Scalar""]",1
aten::unsqueeze,"[[54],[]]","[""int"",""Scalar""]",1
aten::unsqueeze,"[[55],[]]","[""int"",""Scalar""]",1
aten::unsqueeze,"[[56],[]]","[""bool"",""Scalar""]",1
aten::unsqueeze,"[[56],[]]","[""int"",""Scalar""]",1
aten::unsqueeze,"[[57],[]]","[""int"",""Scalar""]",1
aten::unsqueeze,"[[58],[]]","[""bool"",""Scalar""]",1
aten::unsqueeze,"[[58],[]]","[""int"",""Scalar""]",1
aten::unsqueeze,"[[59],[]]","[""int"",""Scalar""]",1
aten::unsqueeze,"[[5],[]]","[""int"",""Scalar""]",1
aten::unsqueeze,"[[60],[]]","[""bool"",""Scalar""]",1
aten::unsqueeze,"[[60],[]]","[""int"",""Scalar""]",1
aten::unsqueeze,"[[61],[]]","[""int"",""Scalar""]",1
aten::unsqueeze,"[[62],[]]","[""bool"",""Scalar""]",1
aten::unsqueeze,"[[62],[]]","[""int"",""Scalar""]",1
aten::unsqueeze,"[[6],[]]","[""bool"",""Scalar""]",1
aten::unsqueeze,"[[6],[]]","[""int"",""Scalar""]",1
aten::unsqueeze,"[[7],[]]","[""int"",""Scalar""]",1
aten::unsqueeze,"[[8],[]]","[""bool"",""Scalar""]",1
aten::unsqueeze,"[[8],[]]","[""int"",""Scalar""]",1
aten::unsqueeze,"[[9],[]]","[""int"",""Scalar""]",1
aten::view,"[[10,2,124160],[]]","[""c10::BFloat16"",""ScalarList""]",1
aten::view,"[[100,124160],[]]","[""c10::BFloat16"",""ScalarList""]",1
aten::view,"[[102,124160],[]]","[""c10::BFloat16"",""ScalarList""]",1
aten::view,"[[104,124160],[]]","[""c10::BFloat16"",""ScalarList""]",1
aten::view,"[[106,124160],[]]","[""c10::BFloat16"",""ScalarList""]",1
aten::view,"[[108,124160],[]]","[""c10::BFloat16"",""ScalarList""]",1
aten::view,"[[10],[]]","[""bool"",""ScalarList""]",1
aten::view,"[[10],[]]","[""int"",""ScalarList""]",1
aten::view,"[[11,124160],[]]","[""c10::BFloat16"",""ScalarList""]",1
aten::view,"[[11,2,124160],[]]","[""c10::BFloat16"",""ScalarList""]",1
aten::view,"[[11,2048],[]]","[""c10::BFloat16"",""ScalarList""]",1
aten::view,"[[110,124160],[]]","[""c10::BFloat16"",""ScalarList""]",1
aten::view,"[[112,124160],[]]","[""c10::BFloat16"",""ScalarList""]",1
aten::view,"[[114,124160],[]]","[""c10::BFloat16"",""ScalarList""]",1
aten::view,"[[116,124160],[]]","[""c10::BFloat16"",""ScalarList""]",1
aten::view,"[[118,124160],[]]","[""c10::BFloat16"",""ScalarList""]",1
aten::view,"[[11],[]]","[""int"",""ScalarList""]",1
aten::view,"[[12,2,124160],[]]","[""c10::BFloat16"",""ScalarList""]",1
aten::view,"[[120,124160],[]]","[""c10::BFloat16"",""ScalarList""]",1
aten::view,"[[122,124160],[]]","[""c10::BFloat16"",""ScalarList""]",1
aten::view,"[[124,124160],[]]","[""c10::BFloat16"",""ScalarList""]",1
aten::view,"[[12],[]]","[""bool"",""ScalarList""]",1
aten::view,"[[12],[]]","[""int"",""ScalarList""]",1
aten::view,"[[13,124160],[]]","[""c10::BFloat16"",""ScalarList""]",1
aten::view,"[[13,2,124160],[]]","[""c10::BFloat16"",""ScalarList""]",1
aten::view,"[[13,2048],[]]","[""c10::BFloat16"",""ScalarList""]",1
aten::view,"[[13],[]]","[""int"",""ScalarList""]",1
aten::view,"[[14,2,124160],[]]","[""c10::BFloat16"",""ScalarList""]",1
aten::view,"[[14],[]]","[""bool"",""ScalarList""]",1
aten::view,"[[14],[]]","[""int"",""ScalarList""]",1
aten::view,"[[15,124160],[]]","[""c10::BFloat16"",""ScalarList""]",1
aten::view,"[[15,2,124160],[]]","[""c10::BFloat16"",""ScalarList""]",1
aten::view,"[[15,2048],[]]","[""c10::BFloat16"",""ScalarList""]",1
aten::view,"[[15],[]]","[""int"",""ScalarList""]",1
aten::view,"[[16,2,124160],[]]","[""c10::BFloat16"",""ScalarList""]",1
aten::view,"[[16],[]]","[""bool"",""ScalarList""]",1
aten::view,"[[16],[]]","[""int"",""ScalarList""]",1
aten::view,"[[17,124160],[]]","[""c10::BFloat16"",""ScalarList""]",1
aten::view,"[[17,2,124160],[]]","[""c10::BFloat16"",""ScalarList""]",1
aten::view,"[[17,2048],[]]","[""c10::BFloat16"",""ScalarList""]",1
aten::view,"[[17],[]]","[""int"",""ScalarList""]",1
aten::view,"[[18,2,124160],[]]","[""c10::BFloat16"",""ScalarList""]",1
aten::view,"[[18],[]]","[""bool"",""ScalarList""]",1
aten::view,"[[18],[]]","[""int"",""ScalarList""]",1
aten::view,"[[19,124160],[]]","[""c10::BFloat16"",""ScalarList""]",1
aten::view,"[[19,2,124160],[]]","[""c10::BFloat16"",""ScalarList""]",1
aten::view,"[[19,2048],[]]","[""c10::BFloat16"",""ScalarList""]",1
aten::view,"[[19],[]]","[""int"",""ScalarList""]",1
aten::view,"[[2,2,124160],[]]","[""c10::BFloat16"",""ScalarList""]",1
aten::view,"[[2,2048],[]]","[""c10::BFloat16"",""ScalarList""]",1
aten::view,"[[20,2,124160],[]]","[""c10::BFloat16"",""ScalarList""]",1
aten::view,"[[20],[]]","[""bool"",""ScalarList""]",1
aten::view,"[[20],[]]","[""int"",""ScalarList""]",1
aten::view,"[[21,124160],[]]","[""c10::BFloat16"",""ScalarList""]",1
aten::view,"[[21,2,124160],[]]","[""c10::BFloat16"",""ScalarList""]",1
aten::view,"[[21,2048],[]]","[""c10::BFloat16"",""ScalarList""]",1
aten::view,"[[21],[]]","[""int"",""ScalarList""]",1
aten::view,"[[22,2,124160],[]]","[""c10::BFloat16"",""ScalarList""]",1
aten::view,"[[22],[]]","[""bool"",""ScalarList""]",1
aten::view,"[[22],[]]","[""int"",""ScalarList""]",1
aten::view,"[[23,124160],[]]","[""c10::BFloat16"",""ScalarList""]",1
aten::view,"[[23,2,124160],[]]","[""c10::BFloat16"",""ScalarList""]",1
aten::view,"[[23,2048],[]]","[""c10::BFloat16"",""ScalarList""]",1
aten::view,"[[23],[]]","[""int"",""ScalarList""]",1
aten::view,"[[24,2,124160],[]]","[""c10::BFloat16"",""ScalarList""]",1
aten::view,"[[24],[]]","[""bool"",""ScalarList""]",1
aten::view,"[[24],[]]","[""int"",""ScalarList""]",1
aten::view,"[[25,124160],[]]","[""c10::BFloat16"",""ScalarList""]",1
aten::view,"[[25,2,124160],[]]","[""c10::BFloat16"",""ScalarList""]",1
aten::view,"[[25,2048],[]]","[""c10::BFloat16"",""ScalarList""]",1
aten::view,"[[25],[]]","[""int"",""ScalarList""]",1
aten::view,"[[26,2,124160],[]]","[""c10::BFloat16"",""ScalarList""]",1
aten::view,"[[26],[]]","[""bool"",""ScalarList""]",1
aten::view,"[[26],[]]","[""int"",""ScalarList""]",1
aten::view,"[[27,124160],[]]","[""c10::BFloat16"",""ScalarList""]",1
aten::view,"[[27,2,124160],[]]","[""c10::BFloat16"",""ScalarList""]",1
aten::view,"[[27,2048],[]]","[""c10::BFloat16"",""ScalarList""]",1
aten::view,"[[27],[]]","[""int"",""ScalarList""]",1
aten::view,"[[28,2,124160],[]]","[""c10::BFloat16"",""ScalarList""]",1
aten::view,"[[28],[]]","[""bool"",""ScalarList""]",1
aten::view,"[[28],[]]","[""int"",""ScalarList""]",1
aten::view,"[[29,124160],[]]","[""c10::BFloat16"",""ScalarList""]",1
aten::view,"[[29,2,124160],[]]","[""c10::BFloat16"",""ScalarList""]",1
aten::view,"[[29,2048],[]]","[""c10::BFloat16"",""ScalarList""]",1
aten::view,"[[29],[]]","[""int"",""ScalarList""]",1
aten::view,"[[2],[]]","[""int"",""ScalarList""]",1
aten::view,"[[3,124160],[]]","[""c10::BFloat16"",""ScalarList""]",1
aten::view,"[[3,2,124160],[]]","[""c10::BFloat16"",""ScalarList""]",1
aten::view,"[[30,2,124160],[]]","[""c10::BFloat16"",""ScalarList""]",1
aten::view,"[[30],[]]","[""bool"",""ScalarList""]",1
aten::view,"[[30],[]]","[""int"",""ScalarList""]",1
aten::view,"[[31,124160],[]]","[""c10::BFloat16"",""ScalarList""]",1
aten::view,"[[31,2,124160],[]]","[""c10::BFloat16"",""ScalarList""]",1
aten::view,"[[31,2048],[]]","[""c10::BFloat16"",""ScalarList""]",1
aten::view,"[[31],[]]","[""int"",""ScalarList""]",1
aten::view,"[[32,2,124160],[]]","[""c10::BFloat16"",""ScalarList""]",1
aten::view,"[[32],[]]","[""bool"",""ScalarList""]",1
aten::view,"[[32],[]]","[""int"",""ScalarList""]",1
aten::view,"[[33,124160],[]]","[""c10::BFloat16"",""ScalarList""]",1
aten::view,"[[33,2,124160],[]]","[""c10::BFloat16"",""ScalarList""]",1
aten::view,"[[33,2048],[]]","[""c10::BFloat16"",""ScalarList""]",1
aten::view,"[[33],[]]","[""int"",""ScalarList""]",1
aten::view,"[[34,2,124160],[]]","[""c10::BFloat16"",""ScalarList""]",1
aten::view,"[[34],[]]","[""bool"",""ScalarList""]",1
aten::view,"[[34],[]]","[""int"",""ScalarList""]",1
aten::view,"[[35,124160],[]]","[""c10::BFloat16"",""ScalarList""]",1
aten::view,"[[35,2,124160],[]]","[""c10::BFloat16"",""ScalarList""]",1
aten::view,"[[35,2048],[]]","[""c10::BFloat16"",""ScalarList""]",1
aten::view,"[[35],[]]","[""int"",""ScalarList""]",1
aten::view,"[[36,2,124160],[]]","[""c10::BFloat16"",""ScalarList""]",1
aten::view,"[[36],[]]","[""bool"",""ScalarList""]",1
aten::view,"[[36],[]]","[""int"",""ScalarList""]",1
aten::view,"[[37,124160],[]]","[""c10::BFloat16"",""ScalarList""]",1
aten::view,"[[37,2,124160],[]]","[""c10::BFloat16"",""ScalarList""]",1
aten::view,"[[37,2048],[]]","[""c10::BFloat16"",""ScalarList""]",1
aten::view,"[[37],[]]","[""int"",""ScalarList""]",1
aten::view,"[[38,2,124160],[]]","[""c10::BFloat16"",""ScalarList""]",1
aten::view,"[[38],[]]","[""bool"",""ScalarList""]",1
aten::view,"[[38],[]]","[""int"",""ScalarList""]",1
aten::view,"[[39,124160],[]]","[""c10::BFloat16"",""ScalarList""]",1
aten::view,"[[39,2,124160],[]]","[""c10::BFloat16"",""ScalarList""]",1
aten::view,"[[39,2048],[]]","[""c10::BFloat16"",""ScalarList""]",1
aten::view,"[[39],[]]","[""int"",""ScalarList""]",1
aten::view,"[[3],[]]","[""int"",""ScalarList""]",1
aten::view,"[[4,2,124160],[]]","[""c10::BFloat16"",""ScalarList""]",1
aten::view,"[[40,2,124160],[]]","[""c10::BFloat16"",""ScalarList""]",1
aten::view,"[[4096],[]]","[""bool"",""ScalarList""]",1
aten::view,"[[4096],[]]","[""long int"",""ScalarList""]",1
aten::view,"[[40],[]]","[""bool"",""ScalarList""]",1
aten::view,"[[40],[]]","[""int"",""ScalarList""]",1
aten::view,"[[41,124160],[]]","[""c10::BFloat16"",""ScalarList""]",1
aten::view,"[[41,2,124160],[]]","[""c10::BFloat16"",""ScalarList""]",1
aten::view,"[[41,2048],[]]","[""c10::BFloat16"",""ScalarList""]",1
aten::view,"[[41],[]]","[""int"",""ScalarList""]",1
aten::view,"[[42,2,124160],[]]","[""c10::BFloat16"",""ScalarList""]",1
aten::view,"[[42],[]]","[""bool"",""ScalarList""]",1
aten::view,"[[42],[]]","[""int"",""ScalarList""]",1
aten::view,"[[43,124160],[]]","[""c10::BFloat16"",""ScalarList""]",1
aten::view,"[[43,2,124160],[]]","[""c10::BFloat16"",""ScalarList""]",1
aten::view,"[[43,2048],[]]","[""c10::BFloat16"",""ScalarList""]",1
aten::view,"[[43],[]]","[""int"",""ScalarList""]",1
aten::view,"[[44,2,124160],[]]","[""c10::BFloat16"",""ScalarList""]",1
aten::view,"[[44],[]]","[""bool"",""ScalarList""]",1
aten::view,"[[44],[]]","[""int"",""ScalarList""]",1
aten::view,"[[45,124160],[]]","[""c10::BFloat16"",""ScalarList""]",1
aten::view,"[[45,2,124160],[]]","[""c10::BFloat16"",""ScalarList""]",1
aten::view,"[[45,2048],[]]","[""c10::BFloat16"",""ScalarList""]",1
aten::view,"[[45],[]]","[""int"",""ScalarList""]",1
aten::view,"[[46,2,124160],[]]","[""c10::BFloat16"",""ScalarList""]",1
aten::view,"[[46],[]]","[""bool"",""ScalarList""]",1
aten::view,"[[46],[]]","[""int"",""ScalarList""]",1
aten::view,"[[47,124160],[]]","[""c10::BFloat16"",""ScalarList""]",1
aten::view,"[[47,2,124160],[]]","[""c10::BFloat16"",""ScalarList""]",1
aten::view,"[[47,2048],[]]","[""c10::BFloat16"",""ScalarList""]",1
aten::view,"[[47],[]]","[""int"",""ScalarList""]",1
aten::view,"[[48,2,124160],[]]","[""c10::BFloat16"",""ScalarList""]",1
aten::view,"[[48],[]]","[""bool"",""ScalarList""]",1
aten::view,"[[48],[]]","[""int"",""ScalarList""]",1
aten::view,"[[49,124160],[]]","[""c10::BFloat16"",""ScalarList""]",1
aten::view,"[[49,2,124160],[]]","[""c10::BFloat16"",""ScalarList""]",1
aten::view,"[[49,2048],[]]","[""c10::BFloat16"",""ScalarList""]",1
aten::view,"[[49],[]]","[""int"",""ScalarList""]",1
aten::view,"[[4],[]]","[""bool"",""ScalarList""]",1
aten::view,"[[4],[]]","[""int"",""ScalarList""]",1
aten::view,"[[5,124160],[]]","[""c10::BFloat16"",""ScalarList""]",1
aten::view,"[[5,2,124160],[]]","[""c10::BFloat16"",""ScalarList""]",1
aten::view,"[[5,2048],[]]","[""c10::BFloat16"",""ScalarList""]",1
aten::view,"[[50,2,124160],[]]","[""c10::BFloat16"",""ScalarList""]",1
aten::view,"[[5089],[]]","[""bool"",""ScalarList""]",1
aten::view,"[[5089],[]]","[""long int"",""ScalarList""]",1
aten::view,"[[50],[]]","[""bool"",""ScalarList""]",1
aten::view,"[[50],[]]","[""int"",""ScalarList""]",1
aten::view,"[[51,124160],[]]","[""c10::BFloat16"",""ScalarList""]",1
aten::view,"[[51,2,124160],[]]","[""c10::BFloat16"",""ScalarList""]",1
aten::view,"[[51,2048],[]]","[""c10::BFloat16"",""ScalarList""]",1
aten::view,"[[51],[]]","[""int"",""ScalarList""]",1
aten::view,"[[52,2,124160],[]]","[""c10::BFloat16"",""ScalarList""]",1
aten::view,"[[52],[]]","[""bool"",""ScalarList""]",1
aten::view,"[[52],[]]","[""int"",""ScalarList""]",1
aten::view,"[[53,124160],[]]","[""c10::BFloat16"",""ScalarList""]",1
aten::view,"[[53,2,124160],[]]","[""c10::BFloat16"",""ScalarList""]",1
aten::view,"[[53,2048],[]]","[""c10::BFloat16"",""ScalarList""]",1
aten::view,"[[53],[]]","[""int"",""ScalarList""]",1
aten::view,"[[54,2,124160],[]]","[""c10::BFloat16"",""ScalarList""]",1
aten::view,"[[54],[]]","[""bool"",""ScalarList""]",1
aten::view,"[[54],[]]","[""int"",""ScalarList""]",1
aten::view,"[[55,124160],[]]","[""c10::BFloat16"",""ScalarList""]",1
aten::view,"[[55,2,124160],[]]","[""c10::BFloat16"",""ScalarList""]",1
aten::view,"[[55,2048],[]]","[""c10::BFloat16"",""ScalarList""]",1
aten::view,"[[55],[]]","[""int"",""ScalarList""]",1
aten::view,"[[56,2,124160],[]]","[""c10::BFloat16"",""ScalarList""]",1
aten::view,"[[56],[]]","[""bool"",""ScalarList""]",1
aten::view,"[[56],[]]","[""int"",""ScalarList""]",1
aten::view,"[[57,124160],[]]","[""c10::BFloat16"",""ScalarList""]",1
aten::view,"[[57,2,124160],[]]","[""c10::BFloat16"",""ScalarList""]",1
aten::view,"[[57,2048],[]]","[""c10::BFloat16"",""ScalarList""]",1
aten::view,"[[57],[]]","[""int"",""ScalarList""]",1
aten::view,"[[58,2,124160],[]]","[""c10::BFloat16"",""ScalarList""]",1
aten::view,"[[58],[]]","[""bool"",""ScalarList""]",1
aten::view,"[[58],[]]","[""int"",""ScalarList""]",1
aten::view,"[[59,124160],[]]","[""c10::BFloat16"",""ScalarList""]",1
aten::view,"[[59,2,124160],[]]","[""c10::BFloat16"",""ScalarList""]",1
aten::view,"[[59,2048],[]]","[""c10::BFloat16"",""ScalarList""]",1
aten::view,"[[59],[]]","[""int"",""ScalarList""]",1
aten::view,"[[5],[]]","[""int"",""ScalarList""]",1
aten::view,"[[6,2,124160],[]]","[""c10::BFloat16"",""ScalarList""]",1
aten::view,"[[60,2,124160],[]]","[""c10::BFloat16"",""ScalarList""]",1
aten::view,"[[60],[]]","[""bool"",""ScalarList""]",1
aten::view,"[[60],[]]","[""int"",""ScalarList""]",1
aten::view,"[[61,124160],[]]","[""c10::BFloat16"",""ScalarList""]",1
aten::view,"[[61,2,124160],[]]","[""c10::BFloat16"",""ScalarList""]",1
aten::view,"[[61,2048],[]]","[""c10::BFloat16"",""ScalarList""]",1
aten::view,"[[61],[]]","[""int"",""ScalarList""]",1
aten::view,"[[62,2,124160],[]]","[""c10::BFloat16"",""ScalarList""]",1
aten::view,"[[62],[]]","[""bool"",""ScalarList""]",1
aten::view,"[[62],[]]","[""int"",""ScalarList""]",1
aten::view,"[[66,124160],[]]","[""c10::BFloat16"",""ScalarList""]",1
aten::view,"[[68,124160],[]]","[""c10::BFloat16"",""ScalarList""]",1
aten::view,"[[6],[]]","[""bool"",""ScalarList""]",1
aten::view,"[[6],[]]","[""int"",""ScalarList""]",1
aten::view,"[[7,124160],[]]","[""c10::BFloat16"",""ScalarList""]",1
aten::view,"[[7,2,124160],[]]","[""c10::BFloat16"",""ScalarList""]",1
aten::view,"[[7,2048],[]]","[""c10::BFloat16"",""ScalarList""]",1
aten::view,"[[70,124160],[]]","[""c10::BFloat16"",""ScalarList""]",1
aten::view,"[[72,124160],[]]","[""c10::BFloat16"",""ScalarList""]",1
aten::view,"[[74,124160],[]]","[""c10::BFloat16"",""ScalarList""]",1
aten::view,"[[76,124160],[]]","[""c10::BFloat16"",""ScalarList""]",1
aten::view,"[[78,124160],[]]","[""c10::BFloat16"",""ScalarList""]",1
aten::view,"[[7],[]]","[""int"",""ScalarList""]",1
aten::view,"[[8,2,124160],[]]","[""c10::BFloat16"",""ScalarList""]",1
aten::view,"[[80,124160],[]]","[""c10::BFloat16"",""ScalarList""]",1
aten::view,"[[82,124160],[]]","[""c10::BFloat16"",""ScalarList""]",1
aten::view,"[[84,124160],[]]","[""c10::BFloat16"",""ScalarList""]",1
aten::view,"[[86,124160],[]]","[""c10::BFloat16"",""ScalarList""]",1
aten::view,"[[88,124160],[]]","[""c10::BFloat16"",""ScalarList""]",1
aten::view,"[[8],[]]","[""bool"",""ScalarList""]",1
aten::view,"[[8],[]]","[""int"",""ScalarList""]",1
aten::view,"[[9,124160],[]]","[""c10::BFloat16"",""ScalarList""]",1
aten::view,"[[9,2,124160],[]]","[""c10::BFloat16"",""ScalarList""]",1
aten::view,"[[9,2048],[]]","[""c10::BFloat16"",""ScalarList""]",1
aten::view,"[[90,124160],[]]","[""c10::BFloat16"",""ScalarList""]",1
aten::view,"[[92,124160],[]]","[""c10::BFloat16"",""ScalarList""]",1
aten::view,"[[94,124160],[]]","[""c10::BFloat16"",""ScalarList""]",1
aten::view,"[[96,124160],[]]","[""c10::BFloat16"",""ScalarList""]",1
aten::view,"[[98,124160],[]]","[""c10::BFloat16"",""ScalarList""]",1
aten::view,"[[9],[]]","[""int"",""ScalarList""]",1
aten::zero_,[[10]],"[""bool""]",1
aten::zero_,[[12]],"[""bool""]",1
aten::zero_,[[14]],"[""bool""]",1
aten::zero_,[[16]],"[""bool""]",1
aten::zero_,[[18]],"[""bool""]",1
aten::zero_,[[1]],"[""bool""]",1
aten::zero_,[[20]],"[""bool""]",1
aten::zero_,[[22]],"[""bool""]",1
aten::zero_,[[24]],"[""bool""]",1
aten::zero_,[[26]],"[""bool""]",1
aten::zero_,[[28]],"[""bool""]",1
aten::zero_,[[2]],"[""bool""]",1
aten::zero_,[[30]],"[""bool""]",1
aten::zero_,[[32]],"[""bool""]",1
aten::zero_,[[34]],"[""bool""]",1
aten::zero_,[[36]],"[""bool""]",1
aten::zero_,[[38]],"[""bool""]",1
aten::zero_,[[4096]],"[""bool""]",1
aten::zero_,[[40]],"[""bool""]",1
aten::zero_,[[42]],"[""bool""]",1
aten::zero_,[[44]],"[""bool""]",1
aten::zero_,[[46]],"[""bool""]",1
aten::zero_,[[48]],"[""bool""]",1
aten::zero_,[[4]],"[""bool""]",1
aten::zero_,[[5089]],"[""bool""]",1
aten::zero_,[[50]],"[""bool""]",1
aten::zero_,[[52]],"[""bool""]",1
aten::zero_,[[54]],"[""bool""]",1
aten::zero_,[[56]],"[""bool""]",1
aten::zero_,[[58]],"[""bool""]",1
aten::zero_,[[60]],"[""bool""]",1
aten::zero_,[[62]],"[""bool""]",1
aten::zero_,[[6]],"[""bool""]",1
aten::zero_,[[8]],"[""bool""]",1
c10d::_allgather_base_,"[[10,124160],[5,124160],[],[],[]]","[""c10::BFloat16"",""c10::BFloat16"","""",""Scalar"",""Scalar""]",1
c10d::_allgather_base_,"[[100,124160],[50,124160],[],[],[]]","[""c10::BFloat16"",""c10::BFloat16"","""",""Scalar"",""Scalar""]",1
c10d::_allgather_base_,"[[102,124160],[51,124160],[],[],[]]","[""c10::BFloat16"",""c10::BFloat16"","""",""Scalar"",""Scalar""]",1
c10d::_allgather_base_,"[[104,124160],[52,124160],[],[],[]]","[""c10::BFloat16"",""c10::BFloat16"","""",""Scalar"",""Scalar""]",1
c10d::_allgather_base_,"[[106,124160],[53,124160],[],[],[]]","[""c10::BFloat16"",""c10::BFloat16"","""",""Scalar"",""Scalar""]",1
c10d::_allgather_base_,"[[108,124160],[54,124160],[],[],[]]","[""c10::BFloat16"",""c10::BFloat16"","""",""Scalar"",""Scalar""]",1
c10d::_allgather_base_,"[[110,124160],[55,124160],[],[],[]]","[""c10::BFloat16"",""c10::BFloat16"","""",""Scalar"",""Scalar""]",1
c10d::_allgather_base_,"[[112,124160],[56,124160],[],[],[]]","[""c10::BFloat16"",""c10::BFloat16"","""",""Scalar"",""Scalar""]",1
c10d::_allgather_base_,"[[114,124160],[57,124160],[],[],[]]","[""c10::BFloat16"",""c10::BFloat16"","""",""Scalar"",""Scalar""]",1
c10d::_allgather_base_,"[[116,124160],[58,124160],[],[],[]]","[""c10::BFloat16"",""c10::BFloat16"","""",""Scalar"",""Scalar""]",1
c10d::_allgather_base_,"[[118,124160],[59,124160],[],[],[]]","[""c10::BFloat16"",""c10::BFloat16"","""",""Scalar"",""Scalar""]",1
c10d::_allgather_base_,"[[12,124160],[6,124160],[],[],[]]","[""c10::BFloat16"",""c10::BFloat16"","""",""Scalar"",""Scalar""]",1
c10d::_allgather_base_,"[[120,124160],[60,124160],[],[],[]]","[""c10::BFloat16"",""c10::BFloat16"","""",""Scalar"",""Scalar""]",1
c10d::_allgather_base_,"[[122,124160],[61,124160],[],[],[]]","[""c10::BFloat16"",""c10::BFloat16"","""",""Scalar"",""Scalar""]",1
c10d::_allgather_base_,"[[124,124160],[62,124160],[],[],[]]","[""c10::BFloat16"",""c10::BFloat16"","""",""Scalar"",""Scalar""]",1
c10d::_allgather_base_,"[[14,124160],[7,124160],[],[],[]]","[""c10::BFloat16"",""c10::BFloat16"","""",""Scalar"",""Scalar""]",1
c10d::_allgather_base_,"[[16,124160],[8,124160],[],[],[]]","[""c10::BFloat16"",""c10::BFloat16"","""",""Scalar"",""Scalar""]",1
c10d::_allgather_base_,"[[18,124160],[9,124160],[],[],[]]","[""c10::BFloat16"",""c10::BFloat16"","""",""Scalar"",""Scalar""]",1
c10d::_allgather_base_,"[[20,124160],[10,124160],[],[],[]]","[""c10::BFloat16"",""c10::BFloat16"","""",""Scalar"",""Scalar""]",1
c10d::_allgather_base_,"[[22,124160],[11,124160],[],[],[]]","[""c10::BFloat16"",""c10::BFloat16"","""",""Scalar"",""Scalar""]",1
c10d::_allgather_base_,"[[24,124160],[12,124160],[],[],[]]","[""c10::BFloat16"",""c10::BFloat16"","""",""Scalar"",""Scalar""]",1
c10d::_allgather_base_,"[[26,124160],[13,124160],[],[],[]]","[""c10::BFloat16"",""c10::BFloat16"","""",""Scalar"",""Scalar""]",1
c10d::_allgather_base_,"[[28,124160],[14,124160],[],[],[]]","[""c10::BFloat16"",""c10::BFloat16"","""",""Scalar"",""Scalar""]",1
c10d::_allgather_base_,"[[30,124160],[15,124160],[],[],[]]","[""c10::BFloat16"",""c10::BFloat16"","""",""Scalar"",""Scalar""]",1
c10d::_allgather_base_,"[[32,124160],[16,124160],[],[],[]]","[""c10::BFloat16"",""c10::BFloat16"","""",""Scalar"",""Scalar""]",1
c10d::_allgather_base_,"[[34,124160],[17,124160],[],[],[]]","[""c10::BFloat16"",""c10::BFloat16"","""",""Scalar"",""Scalar""]",1
c10d::_allgather_base_,"[[36,124160],[18,124160],[],[],[]]","[""c10::BFloat16"",""c10::BFloat16"","""",""Scalar"",""Scalar""]",1
c10d::_allgather_base_,"[[38,124160],[19,124160],[],[],[]]","[""c10::BFloat16"",""c10::BFloat16"","""",""Scalar"",""Scalar""]",1
c10d::_allgather_base_,"[[4,124160],[2,124160],[],[],[]]","[""c10::BFloat16"",""c10::BFloat16"","""",""Scalar"",""Scalar""]",1
c10d::_allgather_base_,"[[40,124160],[20,124160],[],[],[]]","[""c10::BFloat16"",""c10::BFloat16"","""",""Scalar"",""Scalar""]",1
c10d::_allgather_base_,"[[42,124160],[21,124160],[],[],[]]","[""c10::BFloat16"",""c10::BFloat16"","""",""Scalar"",""Scalar""]",1
c10d::_allgather_base_,"[[44,124160],[22,124160],[],[],[]]","[""c10::BFloat16"",""c10::BFloat16"","""",""Scalar"",""Scalar""]",1
c10d::_allgather_base_,"[[46,124160],[23,124160],[],[],[]]","[""c10::BFloat16"",""c10::BFloat16"","""",""Scalar"",""Scalar""]",1
c10d::_allgather_base_,"[[48,124160],[24,124160],[],[],[]]","[""c10::BFloat16"",""c10::BFloat16"","""",""Scalar"",""Scalar""]",1
c10d::_allgather_base_,"[[50,124160],[25,124160],[],[],[]]","[""c10::BFloat16"",""c10::BFloat16"","""",""Scalar"",""Scalar""]",1
c10d::_allgather_base_,"[[52,124160],[26,124160],[],[],[]]","[""c10::BFloat16"",""c10::BFloat16"","""",""Scalar"",""Scalar""]",1
c10d::_allgather_base_,"[[54,124160],[27,124160],[],[],[]]","[""c10::BFloat16"",""c10::BFloat16"","""",""Scalar"",""Scalar""]",1
c10d::_allgather_base_,"[[56,124160],[28,124160],[],[],[]]","[""c10::BFloat16"",""c10::BFloat16"","""",""Scalar"",""Scalar""]",1
c10d::_allgather_base_,"[[58,124160],[29,124160],[],[],[]]","[""c10::BFloat16"",""c10::BFloat16"","""",""Scalar"",""Scalar""]",1
c10d::_allgather_base_,"[[6,124160],[3,124160],[],[],[]]","[""c10::BFloat16"",""c10::BFloat16"","""",""Scalar"",""Scalar""]",1
c10d::_allgather_base_,"[[60,124160],[30,124160],[],[],[]]","[""c10::BFloat16"",""c10::BFloat16"","""",""Scalar"",""Scalar""]",1
c10d::_allgather_base_,"[[62,124160],[31,124160],[],[],[]]","[""c10::BFloat16"",""c10::BFloat16"","""",""Scalar"",""Scalar""]",1
c10d::_allgather_base_,"[[64,124160],[32,124160],[],[],[]]","[""c10::BFloat16"",""c10::BFloat16"","""",""Scalar"",""Scalar""]",1
c10d::_allgather_base_,"[[66,124160],[33,124160],[],[],[]]","[""c10::BFloat16"",""c10::BFloat16"","""",""Scalar"",""Scalar""]",1
c10d::_allgather_base_,"[[68,124160],[34,124160],[],[],[]]","[""c10::BFloat16"",""c10::BFloat16"","""",""Scalar"",""Scalar""]",1
c10d::_allgather_base_,"[[70,124160],[35,124160],[],[],[]]","[""c10::BFloat16"",""c10::BFloat16"","""",""Scalar"",""Scalar""]",1
c10d::_allgather_base_,"[[72,124160],[36,124160],[],[],[]]","[""c10::BFloat16"",""c10::BFloat16"","""",""Scalar"",""Scalar""]",1
c10d::_allgather_base_,"[[74,124160],[37,124160],[],[],[]]","[""c10::BFloat16"",""c10::BFloat16"","""",""Scalar"",""Scalar""]",1
c10d::_allgather_base_,"[[76,124160],[38,124160],[],[],[]]","[""c10::BFloat16"",""c10::BFloat16"","""",""Scalar"",""Scalar""]",1
c10d::_allgather_base_,"[[78,124160],[39,124160],[],[],[]]","[""c10::BFloat16"",""c10::BFloat16"","""",""Scalar"",""Scalar""]",1
c10d::_allgather_base_,"[[8,124160],[4,124160],[],[],[]]","[""c10::BFloat16"",""c10::BFloat16"","""",""Scalar"",""Scalar""]",1
c10d::_allgather_base_,"[[80,124160],[40,124160],[],[],[]]","[""c10::BFloat16"",""c10::BFloat16"","""",""Scalar"",""Scalar""]",1
c10d::_allgather_base_,"[[82,124160],[41,124160],[],[],[]]","[""c10::BFloat16"",""c10::BFloat16"","""",""Scalar"",""Scalar""]",1
c10d::_allgather_base_,"[[84,124160],[42,124160],[],[],[]]","[""c10::BFloat16"",""c10::BFloat16"","""",""Scalar"",""Scalar""]",1
c10d::_allgather_base_,"[[86,124160],[43,124160],[],[],[]]","[""c10::BFloat16"",""c10::BFloat16"","""",""Scalar"",""Scalar""]",1
c10d::_allgather_base_,"[[88,124160],[44,124160],[],[],[]]","[""c10::BFloat16"",""c10::BFloat16"","""",""Scalar"",""Scalar""]",1
c10d::_allgather_base_,"[[90,124160],[45,124160],[],[],[]]","[""c10::BFloat16"",""c10::BFloat16"","""",""Scalar"",""Scalar""]",1
c10d::_allgather_base_,"[[92,124160],[46,124160],[],[],[]]","[""c10::BFloat16"",""c10::BFloat16"","""",""Scalar"",""Scalar""]",1
c10d::_allgather_base_,"[[94,124160],[47,124160],[],[],[]]","[""c10::BFloat16"",""c10::BFloat16"","""",""Scalar"",""Scalar""]",1
c10d::_allgather_base_,"[[96,124160],[48,124160],[],[],[]]","[""c10::BFloat16"",""c10::BFloat16"","""",""Scalar"",""Scalar""]",1
c10d::_allgather_base_,"[[98,124160],[49,124160],[],[],[]]","[""c10::BFloat16"",""c10::BFloat16"","""",""Scalar"",""Scalar""]",1
record_param_comms,"[[10,124160],[],[],[],[],[],[],[],[],[]]","[""c10::BFloat16"","""","""",""Scalar"","""",""ScalarList"",""ScalarList"",""Scalar"",""Scalar"",""Scalar""]",1
record_param_comms,"[[11,124160],[],[],[],[],[],[],[],[],[]]","[""c10::BFloat16"","""","""",""Scalar"","""",""ScalarList"",""ScalarList"",""Scalar"",""Scalar"",""Scalar""]",1
record_param_comms,"[[12,124160],[],[],[],[],[],[],[],[],[]]","[""c10::BFloat16"","""","""",""Scalar"","""",""ScalarList"",""ScalarList"",""Scalar"",""Scalar"",""Scalar""]",1
record_param_comms,"[[13,124160],[],[],[],[],[],[],[],[],[]]","[""c10::BFloat16"","""","""",""Scalar"","""",""ScalarList"",""ScalarList"",""Scalar"",""Scalar"",""Scalar""]",1
record_param_comms,"[[14,124160],[],[],[],[],[],[],[],[],[]]","[""c10::BFloat16"","""","""",""Scalar"","""",""ScalarList"",""ScalarList"",""Scalar"",""Scalar"",""Scalar""]",1
record_param_comms,"[[15,124160],[],[],[],[],[],[],[],[],[]]","[""c10::BFloat16"","""","""",""Scalar"","""",""ScalarList"",""ScalarList"",""Scalar"",""Scalar"",""Scalar""]",1
record_param_comms,"[[16,124160],[],[],[],[],[],[],[],[],[]]","[""c10::BFloat16"","""","""",""Scalar"","""",""ScalarList"",""ScalarList"",""Scalar"",""Scalar"",""Scalar""]",1
record_param_comms,"[[17,124160],[],[],[],[],[],[],[],[],[]]","[""c10::BFloat16"","""","""",""Scalar"","""",""ScalarList"",""ScalarList"",""Scalar"",""Scalar"",""Scalar""]",1
record_param_comms,"[[18,124160],[],[],[],[],[],[],[],[],[]]","[""c10::BFloat16"","""","""",""Scalar"","""",""ScalarList"",""ScalarList"",""Scalar"",""Scalar"",""Scalar""]",1
record_param_comms,"[[19,124160],[],[],[],[],[],[],[],[],[]]","[""c10::BFloat16"","""","""",""Scalar"","""",""ScalarList"",""ScalarList"",""Scalar"",""Scalar"",""Scalar""]",1
record_param_comms,"[[2,124160],[],[],[],[],[],[],[],[],[]]","[""c10::BFloat16"","""","""",""Scalar"","""",""ScalarList"",""ScalarList"",""Scalar"",""Scalar"",""Scalar""]",1
record_param_comms,"[[20,124160],[],[],[],[],[],[],[],[],[]]","[""c10::BFloat16"","""","""",""Scalar"","""",""ScalarList"",""ScalarList"",""Scalar"",""Scalar"",""Scalar""]",1
record_param_comms,"[[21,124160],[],[],[],[],[],[],[],[],[]]","[""c10::BFloat16"","""","""",""Scalar"","""",""ScalarList"",""ScalarList"",""Scalar"",""Scalar"",""Scalar""]",1
record_param_comms,"[[22,124160],[],[],[],[],[],[],[],[],[]]","[""c10::BFloat16"","""","""",""Scalar"","""",""ScalarList"",""ScalarList"",""Scalar"",""Scalar"",""Scalar""]",1
record_param_comms,"[[23,124160],[],[],[],[],[],[],[],[],[]]","[""c10::BFloat16"","""","""",""Scalar"","""",""ScalarList"",""ScalarList"",""Scalar"",""Scalar"",""Scalar""]",1
record_param_comms,"[[24,124160],[],[],[],[],[],[],[],[],[]]","[""c10::BFloat16"","""","""",""Scalar"","""",""ScalarList"",""ScalarList"",""Scalar"",""Scalar"",""Scalar""]",1
record_param_comms,"[[25,124160],[],[],[],[],[],[],[],[],[]]","[""c10::BFloat16"","""","""",""Scalar"","""",""ScalarList"",""ScalarList"",""Scalar"",""Scalar"",""Scalar""]",1
record_param_comms,"[[26,124160],[],[],[],[],[],[],[],[],[]]","[""c10::BFloat16"","""","""",""Scalar"","""",""ScalarList"",""ScalarList"",""Scalar"",""Scalar"",""Scalar""]",1
record_param_comms,"[[27,124160],[],[],[],[],[],[],[],[],[]]","[""c10::BFloat16"","""","""",""Scalar"","""",""ScalarList"",""ScalarList"",""Scalar"",""Scalar"",""Scalar""]",1
record_param_comms,"[[28,124160],[],[],[],[],[],[],[],[],[]]","[""c10::BFloat16"","""","""",""Scalar"","""",""ScalarList"",""ScalarList"",""Scalar"",""Scalar"",""Scalar""]",1
record_param_comms,"[[29,124160],[],[],[],[],[],[],[],[],[]]","[""c10::BFloat16"","""","""",""Scalar"","""",""ScalarList"",""ScalarList"",""Scalar"",""Scalar"",""Scalar""]",1
record_param_comms,"[[3,124160],[],[],[],[],[],[],[],[],[]]","[""c10::BFloat16"","""","""",""Scalar"","""",""ScalarList"",""ScalarList"",""Scalar"",""Scalar"",""Scalar""]",1
record_param_comms,"[[30,124160],[],[],[],[],[],[],[],[],[]]","[""c10::BFloat16"","""","""",""Scalar"","""",""ScalarList"",""ScalarList"",""Scalar"",""Scalar"",""Scalar""]",1
record_param_comms,"[[31,124160],[],[],[],[],[],[],[],[],[]]","[""c10::BFloat16"","""","""",""Scalar"","""",""ScalarList"",""ScalarList"",""Scalar"",""Scalar"",""Scalar""]",1
record_param_comms,"[[32,124160],[],[],[],[],[],[],[],[],[]]","[""c10::BFloat16"","""","""",""Scalar"","""",""ScalarList"",""ScalarList"",""Scalar"",""Scalar"",""Scalar""]",1
record_param_comms,"[[33,124160],[],[],[],[],[],[],[],[],[]]","[""c10::BFloat16"","""","""",""Scalar"","""",""ScalarList"",""ScalarList"",""Scalar"",""Scalar"",""Scalar""]",1
record_param_comms,"[[34,124160],[],[],[],[],[],[],[],[],[]]","[""c10::BFloat16"","""","""",""Scalar"","""",""ScalarList"",""ScalarList"",""Scalar"",""Scalar"",""Scalar""]",1
record_param_comms,"[[35,124160],[],[],[],[],[],[],[],[],[]]","[""c10::BFloat16"","""","""",""Scalar"","""",""ScalarList"",""ScalarList"",""Scalar"",""Scalar"",""Scalar""]",1
record_param_comms,"[[36,124160],[],[],[],[],[],[],[],[],[]]","[""c10::BFloat16"","""","""",""Scalar"","""",""ScalarList"",""ScalarList"",""Scalar"",""Scalar"",""Scalar""]",1
record_param_comms,"[[37,124160],[],[],[],[],[],[],[],[],[]]","[""c10::BFloat16"","""","""",""Scalar"","""",""ScalarList"",""ScalarList"",""Scalar"",""Scalar"",""Scalar""]",1
record_param_comms,"[[38,124160],[],[],[],[],[],[],[],[],[]]","[""c10::BFloat16"","""","""",""Scalar"","""",""ScalarList"",""ScalarList"",""Scalar"",""Scalar"",""Scalar""]",1
record_param_comms,"[[39,124160],[],[],[],[],[],[],[],[],[]]","[""c10::BFloat16"","""","""",""Scalar"","""",""ScalarList"",""ScalarList"",""Scalar"",""Scalar"",""Scalar""]",1
record_param_comms,"[[4,124160],[],[],[],[],[],[],[],[],[]]","[""c10::BFloat16"","""","""",""Scalar"","""",""ScalarList"",""ScalarList"",""Scalar"",""Scalar"",""Scalar""]",1
record_param_comms,"[[40,124160],[],[],[],[],[],[],[],[],[]]","[""c10::BFloat16"","""","""",""Scalar"","""",""ScalarList"",""ScalarList"",""Scalar"",""Scalar"",""Scalar""]",1
record_param_comms,"[[41,124160],[],[],[],[],[],[],[],[],[]]","[""c10::BFloat16"","""","""",""Scalar"","""",""ScalarList"",""ScalarList"",""Scalar"",""Scalar"",""Scalar""]",1
record_param_comms,"[[42,124160],[],[],[],[],[],[],[],[],[]]","[""c10::BFloat16"","""","""",""Scalar"","""",""ScalarList"",""ScalarList"",""Scalar"",""Scalar"",""Scalar""]",1
record_param_comms,"[[43,124160],[],[],[],[],[],[],[],[],[]]","[""c10::BFloat16"","""","""",""Scalar"","""",""ScalarList"",""ScalarList"",""Scalar"",""Scalar"",""Scalar""]",1
record_param_comms,"[[44,124160],[],[],[],[],[],[],[],[],[]]","[""c10::BFloat16"","""","""",""Scalar"","""",""ScalarList"",""ScalarList"",""Scalar"",""Scalar"",""Scalar""]",1
record_param_comms,"[[45,124160],[],[],[],[],[],[],[],[],[]]","[""c10::BFloat16"","""","""",""Scalar"","""",""ScalarList"",""ScalarList"",""Scalar"",""Scalar"",""Scalar""]",1
record_param_comms,"[[46,124160],[],[],[],[],[],[],[],[],[]]","[""c10::BFloat16"","""","""",""Scalar"","""",""ScalarList"",""ScalarList"",""Scalar"",""Scalar"",""Scalar""]",1
record_param_comms,"[[47,124160],[],[],[],[],[],[],[],[],[]]","[""c10::BFloat16"","""","""",""Scalar"","""",""ScalarList"",""ScalarList"",""Scalar"",""Scalar"",""Scalar""]",1
record_param_comms,"[[48,124160],[],[],[],[],[],[],[],[],[]]","[""c10::BFloat16"","""","""",""Scalar"","""",""ScalarList"",""ScalarList"",""Scalar"",""Scalar"",""Scalar""]",1
record_param_comms,"[[49,124160],[],[],[],[],[],[],[],[],[]]","[""c10::BFloat16"","""","""",""Scalar"","""",""ScalarList"",""ScalarList"",""Scalar"",""Scalar"",""Scalar""]",1
record_param_comms,"[[5,124160],[],[],[],[],[],[],[],[],[]]","[""c10::BFloat16"","""","""",""Scalar"","""",""ScalarList"",""ScalarList"",""Scalar"",""Scalar"",""Scalar""]",1
record_param_comms,"[[50,124160],[],[],[],[],[],[],[],[],[]]","[""c10::BFloat16"","""","""",""Scalar"","""",""ScalarList"",""ScalarList"",""Scalar"",""Scalar"",""Scalar""]",1
record_param_comms,"[[51,124160],[],[],[],[],[],[],[],[],[]]","[""c10::BFloat16"","""","""",""Scalar"","""",""ScalarList"",""ScalarList"",""Scalar"",""Scalar"",""Scalar""]",1
record_param_comms,"[[52,124160],[],[],[],[],[],[],[],[],[]]","[""c10::BFloat16"","""","""",""Scalar"","""",""ScalarList"",""ScalarList"",""Scalar"",""Scalar"",""Scalar""]",1
record_param_comms,"[[53,124160],[],[],[],[],[],[],[],[],[]]","[""c10::BFloat16"","""","""",""Scalar"","""",""ScalarList"",""ScalarList"",""Scalar"",""Scalar"",""Scalar""]",1
record_param_comms,"[[54,124160],[],[],[],[],[],[],[],[],[]]","[""c10::BFloat16"","""","""",""Scalar"","""",""ScalarList"",""ScalarList"",""Scalar"",""Scalar"",""Scalar""]",1
record_param_comms,"[[55,124160],[],[],[],[],[],[],[],[],[]]","[""c10::BFloat16"","""","""",""Scalar"","""",""ScalarList"",""ScalarList"",""Scalar"",""Scalar"",""Scalar""]",1
record_param_comms,"[[56,124160],[],[],[],[],[],[],[],[],[]]","[""c10::BFloat16"","""","""",""Scalar"","""",""ScalarList"",""ScalarList"",""Scalar"",""Scalar"",""Scalar""]",1
record_param_comms,"[[57,124160],[],[],[],[],[],[],[],[],[]]","[""c10::BFloat16"","""","""",""Scalar"","""",""ScalarList"",""ScalarList"",""Scalar"",""Scalar"",""Scalar""]",1
record_param_comms,"[[58,124160],[],[],[],[],[],[],[],[],[]]","[""c10::BFloat16"","""","""",""Scalar"","""",""ScalarList"",""ScalarList"",""Scalar"",""Scalar"",""Scalar""]",1
record_param_comms,"[[59,124160],[],[],[],[],[],[],[],[],[]]","[""c10::BFloat16"","""","""",""Scalar"","""",""ScalarList"",""ScalarList"",""Scalar"",""Scalar"",""Scalar""]",1
record_param_comms,"[[6,124160],[],[],[],[],[],[],[],[],[]]","[""c10::BFloat16"","""","""",""Scalar"","""",""ScalarList"",""ScalarList"",""Scalar"",""Scalar"",""Scalar""]",1
record_param_comms,"[[60,124160],[],[],[],[],[],[],[],[],[]]","[""c10::BFloat16"","""","""",""Scalar"","""",""ScalarList"",""ScalarList"",""Scalar"",""Scalar"",""Scalar""]",1
record_param_comms,"[[61,124160],[],[],[],[],[],[],[],[],[]]","[""c10::BFloat16"","""","""",""Scalar"","""",""ScalarList"",""ScalarList"",""Scalar"",""Scalar"",""Scalar""]",1
record_param_comms,"[[62,124160],[],[],[],[],[],[],[],[],[]]","[""c10::BFloat16"","""","""",""Scalar"","""",""ScalarList"",""ScalarList"",""Scalar"",""Scalar"",""Scalar""]",1
record_param_comms,"[[7,124160],[],[],[],[],[],[],[],[],[]]","[""c10::BFloat16"","""","""",""Scalar"","""",""ScalarList"",""ScalarList"",""Scalar"",""Scalar"",""Scalar""]",1
record_param_comms,"[[8,124160],[],[],[],[],[],[],[],[],[]]","[""c10::BFloat16"","""","""",""Scalar"","""",""ScalarList"",""ScalarList"",""Scalar"",""Scalar"",""Scalar""]",1
record_param_comms,"[[9,124160],[],[],[],[],[],[],[],[],[]]","[""c10::BFloat16"","""","""",""Scalar"","""",""ScalarList"",""ScalarList"",""Scalar"",""Scalar"",""Scalar""]",1
triton_poi_fused_2,"[[4096,32],[4096,16],[4096,16],[],[]]","[""c10::BFloat16"",""c10::BFloat16"",""c10::BFloat16"",""Scalar"",""Scalar""]",1
triton_poi_fused_2,"[[5089,32],[5089,16],[5089,16],[],[]]","[""c10::BFloat16"",""c10::BFloat16"",""c10::BFloat16"",""Scalar"",""Scalar""]",1
triton_poi_fused___and_____or___add_bitwise_not_ge_lt_mul_sub_0,"[[10],[10],[10],[],[],[],[],[],[]]","[""int"",""long int"",""bool"",""Scalar"",""Scalar"",""Scalar"",""Scalar"",""Scalar"",""Scalar""]",1
triton_poi_fused___and_____or___add_bitwise_not_ge_lt_mul_sub_0,"[[12],[12],[12],[],[],[],[],[],[]]","[""int"",""long int"",""bool"",""Scalar"",""Scalar"",""Scalar"",""Scalar"",""Scalar"",""Scalar""]",1
triton_poi_fused___and_____or___add_bitwise_not_ge_lt_mul_sub_0,"[[14],[14],[14],[],[],[],[],[],[]]","[""int"",""long int"",""bool"",""Scalar"",""Scalar"",""Scalar"",""Scalar"",""Scalar"",""Scalar""]",1
triton_poi_fused___and_____or___add_bitwise_not_ge_lt_mul_sub_0,"[[16],[16],[16],[],[],[],[],[],[]]","[""int"",""long int"",""bool"",""Scalar"",""Scalar"",""Scalar"",""Scalar"",""Scalar"",""Scalar""]",1
triton_poi_fused___and_____or___add_bitwise_not_ge_lt_mul_sub_0,"[[18],[18],[18],[],[],[],[],[],[]]","[""int"",""long int"",""bool"",""Scalar"",""Scalar"",""Scalar"",""Scalar"",""Scalar"",""Scalar""]",1
triton_poi_fused___and_____or___add_bitwise_not_ge_lt_mul_sub_0,"[[20],[20],[20],[],[],[],[],[],[]]","[""int"",""long int"",""bool"",""Scalar"",""Scalar"",""Scalar"",""Scalar"",""Scalar"",""Scalar""]",1
triton_poi_fused___and_____or___add_bitwise_not_ge_lt_mul_sub_0,"[[22],[22],[22],[],[],[],[],[],[]]","[""int"",""long int"",""bool"",""Scalar"",""Scalar"",""Scalar"",""Scalar"",""Scalar"",""Scalar""]",1
triton_poi_fused___and_____or___add_bitwise_not_ge_lt_mul_sub_0,"[[24],[24],[24],[],[],[],[],[],[]]","[""int"",""long int"",""bool"",""Scalar"",""Scalar"",""Scalar"",""Scalar"",""Scalar"",""Scalar""]",1
triton_poi_fused___and_____or___add_bitwise_not_ge_lt_mul_sub_0,"[[26],[26],[26],[],[],[],[],[],[]]","[""int"",""long int"",""bool"",""Scalar"",""Scalar"",""Scalar"",""Scalar"",""Scalar"",""Scalar""]",1
triton_poi_fused___and_____or___add_bitwise_not_ge_lt_mul_sub_0,"[[28],[28],[28],[],[],[],[],[],[]]","[""int"",""long int"",""bool"",""Scalar"",""Scalar"",""Scalar"",""Scalar"",""Scalar"",""Scalar""]",1
triton_poi_fused___and_____or___add_bitwise_not_ge_lt_mul_sub_0,"[[2],[2],[2],[],[],[],[],[],[]]","[""int"",""long int"",""bool"",""Scalar"",""Scalar"",""Scalar"",""Scalar"",""Scalar"",""Scalar""]",1
triton_poi_fused___and_____or___add_bitwise_not_ge_lt_mul_sub_0,"[[30],[30],[30],[],[],[],[],[],[]]","[""int"",""long int"",""bool"",""Scalar"",""Scalar"",""Scalar"",""Scalar"",""Scalar"",""Scalar""]",1
triton_poi_fused___and_____or___add_bitwise_not_ge_lt_mul_sub_0,"[[32],[32],[32],[],[],[],[],[],[]]","[""int"",""long int"",""bool"",""Scalar"",""Scalar"",""Scalar"",""Scalar"",""Scalar"",""Scalar""]",1
triton_poi_fused___and_____or___add_bitwise_not_ge_lt_mul_sub_0,"[[34],[34],[34],[],[],[],[],[],[]]","[""int"",""long int"",""bool"",""Scalar"",""Scalar"",""Scalar"",""Scalar"",""Scalar"",""Scalar""]",1
triton_poi_fused___and_____or___add_bitwise_not_ge_lt_mul_sub_0,"[[36],[36],[36],[],[],[],[],[],[]]","[""int"",""long int"",""bool"",""Scalar"",""Scalar"",""Scalar"",""Scalar"",""Scalar"",""Scalar""]",1
triton_poi_fused___and_____or___add_bitwise_not_ge_lt_mul_sub_0,"[[38],[38],[38],[],[],[],[],[],[]]","[""int"",""long int"",""bool"",""Scalar"",""Scalar"",""Scalar"",""Scalar"",""Scalar"",""Scalar""]",1
triton_poi_fused___and_____or___add_bitwise_not_ge_lt_mul_sub_0,"[[4096],[4096],[4096],[],[],[],[],[],[]]","[""int"",""long int"",""bool"",""Scalar"",""Scalar"",""Scalar"",""Scalar"",""Scalar"",""Scalar""]",1
triton_poi_fused___and_____or___add_bitwise_not_ge_lt_mul_sub_0,"[[40],[40],[40],[],[],[],[],[],[]]","[""int"",""long int"",""bool"",""Scalar"",""Scalar"",""Scalar"",""Scalar"",""Scalar"",""Scalar""]",1
triton_poi_fused___and_____or___add_bitwise_not_ge_lt_mul_sub_0,"[[42],[42],[42],[],[],[],[],[],[]]","[""int"",""long int"",""bool"",""Scalar"",""Scalar"",""Scalar"",""Scalar"",""Scalar"",""Scalar""]",1
triton_poi_fused___and_____or___add_bitwise_not_ge_lt_mul_sub_0,"[[44],[44],[44],[],[],[],[],[],[]]","[""int"",""long int"",""bool"",""Scalar"",""Scalar"",""Scalar"",""Scalar"",""Scalar"",""Scalar""]",1
triton_poi_fused___and_____or___add_bitwise_not_ge_lt_mul_sub_0,"[[46],[46],[46],[],[],[],[],[],[]]","[""int"",""long int"",""bool"",""Scalar"",""Scalar"",""Scalar"",""Scalar"",""Scalar"",""Scalar""]",1
triton_poi_fused___and_____or___add_bitwise_not_ge_lt_mul_sub_0,"[[48],[48],[48],[],[],[],[],[],[]]","[""int"",""long int"",""bool"",""Scalar"",""Scalar"",""Scalar"",""Scalar"",""Scalar"",""Scalar""]",1
triton_poi_fused___and_____or___add_bitwise_not_ge_lt_mul_sub_0,"[[4],[4],[4],[],[],[],[],[],[]]","[""int"",""long int"",""bool"",""Scalar"",""Scalar"",""Scalar"",""Scalar"",""Scalar"",""Scalar""]",1
triton_poi_fused___and_____or___add_bitwise_not_ge_lt_mul_sub_0,"[[5089],[5089],[5089],[],[],[],[],[],[]]","[""int"",""long int"",""bool"",""Scalar"",""Scalar"",""Scalar"",""Scalar"",""Scalar"",""Scalar""]",1
triton_poi_fused___and_____or___add_bitwise_not_ge_lt_mul_sub_0,"[[50],[50],[50],[],[],[],[],[],[]]","[""int"",""long int"",""bool"",""Scalar"",""Scalar"",""Scalar"",""Scalar"",""Scalar"",""Scalar""]",1
triton_poi_fused___and_____or___add_bitwise_not_ge_lt_mul_sub_0,"[[52],[52],[52],[],[],[],[],[],[]]","[""int"",""long int"",""bool"",""Scalar"",""Scalar"",""Scalar"",""Scalar"",""Scalar"",""Scalar""]",1
triton_poi_fused___and_____or___add_bitwise_not_ge_lt_mul_sub_0,"[[54],[54],[54],[],[],[],[],[],[]]","[""int"",""long int"",""bool"",""Scalar"",""Scalar"",""Scalar"",""Scalar"",""Scalar"",""Scalar""]",1
triton_poi_fused___and_____or___add_bitwise_not_ge_lt_mul_sub_0,"[[56],[56],[56],[],[],[],[],[],[]]","[""int"",""long int"",""bool"",""Scalar"",""Scalar"",""Scalar"",""Scalar"",""Scalar"",""Scalar""]",1
triton_poi_fused___and_____or___add_bitwise_not_ge_lt_mul_sub_0,"[[58],[58],[58],[],[],[],[],[],[]]","[""int"",""long int"",""bool"",""Scalar"",""Scalar"",""Scalar"",""Scalar"",""Scalar"",""Scalar""]",1
triton_poi_fused___and_____or___add_bitwise_not_ge_lt_mul_sub_0,"[[60],[60],[60],[],[],[],[],[],[]]","[""int"",""long int"",""bool"",""Scalar"",""Scalar"",""Scalar"",""Scalar"",""Scalar"",""Scalar""]",1
triton_poi_fused___and_____or___add_bitwise_not_ge_lt_mul_sub_0,"[[62],[62],[62],[],[],[],[],[],[]]","[""int"",""long int"",""bool"",""Scalar"",""Scalar"",""Scalar"",""Scalar"",""Scalar"",""Scalar""]",1
triton_poi_fused___and_____or___add_bitwise_not_ge_lt_mul_sub_0,"[[6],[6],[6],[],[],[],[],[],[]]","[""int"",""long int"",""bool"",""Scalar"",""Scalar"",""Scalar"",""Scalar"",""Scalar"",""Scalar""]",1
triton_poi_fused___and_____or___add_bitwise_not_ge_lt_mul_sub_0,"[[8],[8],[8],[],[],[],[],[],[]]","[""int"",""long int"",""bool"",""Scalar"",""Scalar"",""Scalar"",""Scalar"",""Scalar"",""Scalar""]",1
triton_poi_fused___and_____or___add_ge_lt_mul_sub_0,"[[1],[1],[],[],[],[],[],[]]","[""int"",""long int"",""Scalar"",""Scalar"",""Scalar"",""Scalar"",""Scalar"",""Scalar""]",1
triton_poi_fused___and_____or___bitwise_not_ge_lt_1,"[[1],[1],[],[],[],[],[]]","[""int"",""bool"",""Scalar"",""Scalar"",""Scalar"",""Scalar"",""Scalar""]",1
triton_poi_fused_mul_sigmoid_view_0,"[[4096,8,256],[4096,2048],[4096,2048],[]]","[""c10::BFloat16"",""c10::BFloat16"",""c10::BFloat16"",""Scalar""]",1
triton_poi_fused_mul_sigmoid_view_0,"[[5089,8,256],[5089,2048],[5089,2048],[]]","[""c10::BFloat16"",""c10::BFloat16"",""c10::BFloat16"",""Scalar""]",1
triton_red_fused_1,"[[4096,2048],[2048],[4096,2048],[],[]]","[""c10::BFloat16"",""c10::BFloat16"",""c10::BFloat16"",""Scalar"",""Scalar""]",1
triton_red_fused_1,"[[5089,2048],[2048],[5089,2048],[],[]]","[""c10::BFloat16"",""c10::BFloat16"",""c10::BFloat16"",""Scalar"",""Scalar""]",1
vllm::all_gather,"[[10,124160],[],[],[]]","[""c10::BFloat16"",""Scalar"",""Scalar"",""""]",1
vllm::all_gather,"[[11,124160],[],[],[]]","[""c10::BFloat16"",""Scalar"",""Scalar"",""""]",1
vllm::all_gather,"[[12,124160],[],[],[]]","[""c10::BFloat16"",""Scalar"",""Scalar"",""""]",1
vllm::all_gather,"[[13,124160],[],[],[]]","[""c10::BFloat16"",""Scalar"",""Scalar"",""""]",1
vllm::all_gather,"[[14,124160],[],[],[]]","[""c10::BFloat16"",""Scalar"",""Scalar"",""""]",1
vllm::all_gather,"[[15,124160],[],[],[]]","[""c10::BFloat16"",""Scalar"",""Scalar"",""""]",1
vllm::all_gather,"[[16,124160],[],[],[]]","[""c10::BFloat16"",""Scalar"",""Scalar"",""""]",1
vllm::all_gather,"[[17,124160],[],[],[]]","[""c10::BFloat16"",""Scalar"",""Scalar"",""""]",1
vllm::all_gather,"[[18,124160],[],[],[]]","[""c10::BFloat16"",""Scalar"",""Scalar"",""""]",1
vllm::all_gather,"[[19,124160],[],[],[]]","[""c10::BFloat16"",""Scalar"",""Scalar"",""""]",1
vllm::all_gather,"[[2,124160],[],[],[]]","[""c10::BFloat16"",""Scalar"",""Scalar"",""""]",1
vllm::all_gather,"[[20,124160],[],[],[]]","[""c10::BFloat16"",""Scalar"",""Scalar"",""""]",1
vllm::all_gather,"[[21,124160],[],[],[]]","[""c10::BFloat16"",""Scalar"",""Scalar"",""""]",1
vllm::all_gather,"[[22,124160],[],[],[]]","[""c10::BFloat16"",""Scalar"",""Scalar"",""""]",1
vllm::all_gather,"[[23,124160],[],[],[]]","[""c10::BFloat16"",""Scalar"",""Scalar"",""""]",1
vllm::all_gather,"[[24,124160],[],[],[]]","[""c10::BFloat16"",""Scalar"",""Scalar"",""""]",1
vllm::all_gather,"[[25,124160],[],[],[]]","[""c10::BFloat16"",""Scalar"",""Scalar"",""""]",1
vllm::all_gather,"[[26,124160],[],[],[]]","[""c10::BFloat16"",""Scalar"",""Scalar"",""""]",1
vllm::all_gather,"[[27,124160],[],[],[]]","[""c10::BFloat16"",""Scalar"",""Scalar"",""""]",1
vllm::all_gather,"[[28,124160],[],[],[]]","[""c10::BFloat16"",""Scalar"",""Scalar"",""""]",1
vllm::all_gather,"[[29,124160],[],[],[]]","[""c10::BFloat16"",""Scalar"",""Scalar"",""""]",1
vllm::all_gather,"[[3,124160],[],[],[]]","[""c10::BFloat16"",""Scalar"",""Scalar"",""""]",1
vllm::all_gather,"[[30,124160],[],[],[]]","[""c10::BFloat16"",""Scalar"",""Scalar"",""""]",1
vllm::all_gather,"[[31,124160],[],[],[]]","[""c10::BFloat16"",""Scalar"",""Scalar"",""""]",1
vllm::all_gather,"[[32,124160],[],[],[]]","[""c10::BFloat16"",""Scalar"",""Scalar"",""""]",1
vllm::all_gather,"[[33,124160],[],[],[]]","[""c10::BFloat16"",""Scalar"",""Scalar"",""""]",1
vllm::all_gather,"[[34,124160],[],[],[]]","[""c10::BFloat16"",""Scalar"",""Scalar"",""""]",1
vllm::all_gather,"[[35,124160],[],[],[]]","[""c10::BFloat16"",""Scalar"",""Scalar"",""""]",1
vllm::all_gather,"[[36,124160],[],[],[]]","[""c10::BFloat16"",""Scalar"",""Scalar"",""""]",1
vllm::all_gather,"[[37,124160],[],[],[]]","[""c10::BFloat16"",""Scalar"",""Scalar"",""""]",1
vllm::all_gather,"[[38,124160],[],[],[]]","[""c10::BFloat16"",""Scalar"",""Scalar"",""""]",1
vllm::all_gather,"[[39,124160],[],[],[]]","[""c10::BFloat16"",""Scalar"",""Scalar"",""""]",1
vllm::all_gather,"[[4,124160],[],[],[]]","[""c10::BFloat16"",""Scalar"",""Scalar"",""""]",1
vllm::all_gather,"[[40,124160],[],[],[]]","[""c10::BFloat16"",""Scalar"",""Scalar"",""""]",1
vllm::all_gather,"[[41,124160],[],[],[]]","[""c10::BFloat16"",""Scalar"",""Scalar"",""""]",1
vllm::all_gather,"[[42,124160],[],[],[]]","[""c10::BFloat16"",""Scalar"",""Scalar"",""""]",1
vllm::all_gather,"[[43,124160],[],[],[]]","[""c10::BFloat16"",""Scalar"",""Scalar"",""""]",1
vllm::all_gather,"[[44,124160],[],[],[]]","[""c10::BFloat16"",""Scalar"",""Scalar"",""""]",1
vllm::all_gather,"[[45,124160],[],[],[]]","[""c10::BFloat16"",""Scalar"",""Scalar"",""""]",1
vllm::all_gather,"[[46,124160],[],[],[]]","[""c10::BFloat16"",""Scalar"",""Scalar"",""""]",1
vllm::all_gather,"[[47,124160],[],[],[]]","[""c10::BFloat16"",""Scalar"",""Scalar"",""""]",1
vllm::all_gather,"[[48,124160],[],[],[]]","[""c10::BFloat16"",""Scalar"",""Scalar"",""""]",1
vllm::all_gather,"[[49,124160],[],[],[]]","[""c10::BFloat16"",""Scalar"",""Scalar"",""""]",1
vllm::all_gather,"[[5,124160],[],[],[]]","[""c10::BFloat16"",""Scalar"",""Scalar"",""""]",1
vllm::all_gather,"[[50,124160],[],[],[]]","[""c10::BFloat16"",""Scalar"",""Scalar"",""""]",1
vllm::all_gather,"[[51,124160],[],[],[]]","[""c10::BFloat16"",""Scalar"",""Scalar"",""""]",1
vllm::all_gather,"[[52,124160],[],[],[]]","[""c10::BFloat16"",""Scalar"",""Scalar"",""""]",1
vllm::all_gather,"[[53,124160],[],[],[]]","[""c10::BFloat16"",""Scalar"",""Scalar"",""""]",1
vllm::all_gather,"[[54,124160],[],[],[]]","[""c10::BFloat16"",""Scalar"",""Scalar"",""""]",1
vllm::all_gather,"[[55,124160],[],[],[]]","[""c10::BFloat16"",""Scalar"",""Scalar"",""""]",1
vllm::all_gather,"[[56,124160],[],[],[]]","[""c10::BFloat16"",""Scalar"",""Scalar"",""""]",1
vllm::all_gather,"[[57,124160],[],[],[]]","[""c10::BFloat16"",""Scalar"",""Scalar"",""""]",1
vllm::all_gather,"[[58,124160],[],[],[]]","[""c10::BFloat16"",""Scalar"",""Scalar"",""""]",1
vllm::all_gather,"[[59,124160],[],[],[]]","[""c10::BFloat16"",""Scalar"",""Scalar"",""""]",1
vllm::all_gather,"[[6,124160],[],[],[]]","[""c10::BFloat16"",""Scalar"",""Scalar"",""""]",1
vllm::all_gather,"[[60,124160],[],[],[]]","[""c10::BFloat16"",""Scalar"",""Scalar"",""""]",1
vllm::all_gather,"[[61,124160],[],[],[]]","[""c10::BFloat16"",""Scalar"",""Scalar"",""""]",1
vllm::all_gather,"[[62,124160],[],[],[]]","[""c10::BFloat16"",""Scalar"",""Scalar"",""""]",1
vllm::all_gather,"[[7,124160],[],[],[]]","[""c10::BFloat16"",""Scalar"",""Scalar"",""""]",1
vllm::all_gather,"[[8,124160],[],[],[]]","[""c10::BFloat16"",""Scalar"",""Scalar"",""""]",1
vllm::all_gather,"[[9,124160],[],[],[]]","[""c10::BFloat16"",""Scalar"",""Scalar"",""""]",1
vllm::all_reduce,"[[1,2048],[]]","[""c10::BFloat16"",""""]",1
vllm::all_reduce,"[[10,2048],[]]","[""c10::BFloat16"",""""]",1
vllm::all_reduce,"[[12,2048],[]]","[""c10::BFloat16"",""""]",1
vllm::all_reduce,"[[14,2048],[]]","[""c10::BFloat16"",""""]",1
vllm::all_reduce,"[[16,2048],[]]","[""c10::BFloat16"",""""]",1
vllm::all_reduce,"[[18,2048],[]]","[""c10::BFloat16"",""""]",1
vllm::all_reduce,"[[2,2048],[]]","[""c10::BFloat16"",""""]",1
vllm::all_reduce,"[[20,2048],[]]","[""c10::BFloat16"",""""]",1
vllm::all_reduce,"[[22,2048],[]]","[""c10::BFloat16"",""""]",1
vllm::all_reduce,"[[24,2048],[]]","[""c10::BFloat16"",""""]",1
vllm::all_reduce,"[[26,2048],[]]","[""c10::BFloat16"",""""]",1
vllm::all_reduce,"[[28,2048],[]]","[""c10::BFloat16"",""""]",1
vllm::all_reduce,"[[30,2048],[]]","[""c10::BFloat16"",""""]",1
vllm::all_reduce,"[[32,2048],[]]","[""c10::BFloat16"",""""]",1
vllm::all_reduce,"[[34,2048],[]]","[""c10::BFloat16"",""""]",1
vllm::all_reduce,"[[36,2048],[]]","[""c10::BFloat16"",""""]",1
vllm::all_reduce,"[[38,2048],[]]","[""c10::BFloat16"",""""]",1
vllm::all_reduce,"[[4,2048],[]]","[""c10::BFloat16"",""""]",1
vllm::all_reduce,"[[40,2048],[]]","[""c10::BFloat16"",""""]",1
vllm::all_reduce,"[[42,2048],[]]","[""c10::BFloat16"",""""]",1
vllm::all_reduce,"[[44,2048],[]]","[""c10::BFloat16"",""""]",1
vllm::all_reduce,"[[46,2048],[]]","[""c10::BFloat16"",""""]",1
vllm::all_reduce,"[[48,2048],[]]","[""c10::BFloat16"",""""]",1
vllm::all_reduce,"[[50,2048],[]]","[""c10::BFloat16"",""""]",1
vllm::all_reduce,"[[52,2048],[]]","[""c10::BFloat16"",""""]",1
vllm::all_reduce,"[[54,2048],[]]","[""c10::BFloat16"",""""]",1
vllm::all_reduce,"[[56,2048],[]]","[""c10::BFloat16"",""""]",1
vllm::all_reduce,"[[58,2048],[]]","[""c10::BFloat16"",""""]",1
vllm::all_reduce,"[[6,2048],[]]","[""c10::BFloat16"",""""]",1
vllm::all_reduce,"[[60,2048],[]]","[""c10::BFloat16"",""""]",1
vllm::all_reduce,"[[62,2048],[]]","[""c10::BFloat16"",""""]",1
vllm::all_reduce,"[[8,2048],[]]","[""c10::BFloat16"",""""]",1
